5260.87825 12.003 0.005
5261.80922 11.975 0.005
5262.84681 11.897 0.005
5265.86364 11.914 0.005
5266.81005 11.887 0.005
5267.83727 11.884 0.005
5268.83970 11.898 0.005
5269.80339 11.888 0.005
5270.80907 11.917 0.005
5271.80389 11.885 0.005
5272.80976 11.871 0.005
5273.79475 11.874 0.005
5274.81322 11.890 0.005
5275.79957 11.899 0.005
5276.77774 11.901 0.005
5276.90522 11.925 0.005
5277.81428 11.899 0.005
5278.80985 11.925 0.005
5279.81112 11.937 0.005
5280.81773 11.991 0.005
5281.79765 12.014 0.005
5282.82037 12.097 0.005
5283.78049 12.031 0.005
5283.87179 12.067 0.005
5284.78608 12.037 0.005
5285.77693 12.058 0.005
5285.90692 12.071 0.005
5286.79253 12.085 0.005
5287.84571 12.245 0.005
5288.77110 12.169 0.005
5289.82296 12.186 0.005
5293.85091 12.367 0.005
5294.75870 12.388 0.005
5294.79578 12.431 0.005
5294.83317 12.446 0.005
5294.86327 12.546 0.005
5294.90429 12.434 0.005
5295.76018 12.416 0.005
5295.79865 12.411 0.005
5295.83661 12.419 0.005
5295.87476 12.538 0.005
5295.91378 12.467 0.005
5296.80377 12.512 0.005
5296.83824 12.578 0.005
5296.87602 12.594 0.005
5297.75708 12.510 0.005
5297.79708 12.520 0.005
5297.83498 12.554 0.005
5297.87301 12.549 0.005
5297.91195 12.491 0.005
5298.79790 12.535 0.005
5298.83565 12.532 0.005
5298.87386 12.682 0.005
5298.91336 12.597 0.005
5300.85350 12.648 0.005
5300.89413 12.615 0.005
5301.74918 12.618 0.005
5301.78685 12.628 0.005
5301.82415 12.625 0.005
5301.86240 12.614 0.005
5301.90261 12.609 0.005
5304.74716 12.699 0.005
5306.68279 12.787 0.005
5306.71988 12.808 0.005
5306.78422 12.815 0.005
5306.84748 12.820 0.005
5306.88739 12.874 0.005
5306.92540 12.851 0.005
5307.73328 12.826 0.005
5307.79690 12.905 0.005
5307.83490 12.845 0.005
5307.87610 12.917 0.005
5307.91372 12.862 0.005
5308.72573 12.859 0.005
5308.78701 12.937 0.005
5308.82447 12.881 0.005
5308.86485 12.886 0.005
5309.69919 12.890 0.005
5309.79213 12.928 0.005
5309.83464 12.925 0.005
5309.87935 12.935 0.005
5309.91680 12.937 0.005
5310.68415 12.927 0.005
5310.76801 12.930 0.005
5310.83039 12.937 0.005
5310.87665 12.931 0.005
5310.91416 12.978 0.005
5311.80443 12.978 0.005
5311.86282 12.990 0.005
5311.90765 12.989 0.005
5312.73325 13.002 0.005
5312.77435 13.004 0.005
5312.81348 13.016 0.005
5312.85803 13.022 0.005
5312.89761 13.020 0.005
5313.80703 13.041 0.005
5313.84709 13.049 0.005
5313.88638 13.049 0.005
5313.92390 13.046 0.005
5314.69675 13.072 0.005
5314.73712 13.078 0.005
5314.77711 13.082 0.005
5314.82064 13.104 0.005
5314.87207 13.088 0.005
5314.90946 13.095 0.005
5315.67498 13.103 0.005
5315.71825 13.107 0.005
5315.76025 13.111 0.005
5315.79765 13.128 0.005
5315.83691 13.112 0.005
5315.87855 13.121 0.005
5315.91783 13.116 0.005
5316.71331 13.143 0.005
5316.75639 13.142 0.005
5316.79339 13.145 0.005
5316.83725 13.149 0.005
5319.93507 13.272 0.005
5320.67300 13.287 0.005
5320.71538 13.299 0.005
5320.75407 13.303 0.005
5320.79176 13.310 0.005
5320.83245 13.315 0.005
5320.87328 13.307 0.005
5320.91278 13.310 0.005
5321.73853 13.337 0.005
5321.77827 13.344 0.005
5321.81626 13.332 0.005
5321.85799 13.347 0.005
5321.89535 13.347 0.005
5321.93246 13.339 0.005
5323.71613 13.398 0.005
5323.75617 13.405 0.005
5323.79551 13.415 0.005
5323.83748 13.413 0.005
5323.87638 13.416 0.005
5323.91384 13.409 0.005
5324.65494 13.420 0.005
5324.71982 13.433 0.005
5324.75719 13.433 0.005
5324.79564 13.424 0.005
5324.83633 13.439 0.005
5324.87371 13.441 0.005
5324.91436 13.450 0.005
5325.65024 13.472 0.005
5325.71024 13.470 0.005
5325.74821 13.472 0.005
5325.78541 13.474 0.005
5325.82726 13.476 0.005
5325.87236 13.475 0.005
5325.91116 13.467 0.005
5326.62165 13.473 0.005
5326.68530 13.490 0.005
5326.74613 13.498 0.005
5326.78378 13.523 0.005
5326.82346 13.505 0.005
5326.86115 13.497 0.005
5326.89957 13.501 0.005
5327.62525 13.529 0.005
5327.69963 13.523 0.005
5327.77083 13.524 0.005
5327.80982 13.526 0.005
5327.84800 13.538 0.005
5327.88707 13.530 0.005
5327.92491 13.535 0.005
5328.62151 13.546 0.005
5328.72662 13.566 0.005
5328.76530 13.574 0.005
5328.80275 13.556 0.005
5328.84358 13.562 0.005
5328.88132 13.564 0.005
5328.91896 13.554 0.005
5329.71920 13.556 0.005
5334.67032 13.704 0.005
5334.75038 13.721 0.005
5334.80713 13.727 0.005
5334.84856 13.725 0.005
5334.88901 13.728 0.005
5334.92679 13.731 0.005
5335.73213 13.790 0.005
5335.77139 13.744 0.005
5335.81210 13.752 0.005
5335.85054 13.761 0.005
5335.88816 13.743 0.005
5335.92717 13.757 0.005
5336.80546 13.762 0.005
5336.89712 13.776 0.005
5336.93471 13.785 0.005
5337.78152 13.810 0.005
5337.82130 13.814 0.005
5337.85970 13.809 0.005
5337.89752 13.819 0.005
5337.93594 13.801 0.005
5338.77915 13.828 0.005
5338.82178 13.822 0.005
5338.87848 13.822 0.005
5339.65632 13.853 0.005
5339.69427 13.861 0.005
5339.76090 13.835 0.005
5339.85364 13.870 0.005
5339.89374 13.852 0.005
5339.93168 13.863 0.005
5340.64033 13.884 0.005
5340.67970 13.876 0.005
5340.76598 13.889 0.005
5340.82233 13.883 0.005
5340.86097 13.894 0.005
5340.89877 13.890 0.005
5340.93644 13.887 0.005
5341.61087 13.910 0.005
5341.68407 13.922 0.005
5341.79166 13.930 0.005
5341.83013 13.937 0.005
5341.86791 13.934 0.005
5341.90821 13.926 0.005
5342.58240 13.932 0.005
5342.61980 13.918 0.005
5342.65749 13.935 0.005
5342.69488 13.945 0.005
5342.73306 13.954 0.005
5342.77638 13.947 0.005
5342.81558 13.946 0.005
5342.85370 13.946 0.005
5342.89133 13.946 0.005
5342.92921 13.942 0.005
5343.60063 13.949 0.005
5343.63826 13.958 0.005
5343.67592 13.967 0.005
5343.71371 13.972 0.005
5343.75170 13.981 0.005
5343.79240 13.970 0.005
5343.83137 13.971 0.005
5343.88218 13.973 0.005
5343.92005 13.975 0.005
5348.61837 14.072 0.005
5348.71314 14.082 0.005
5348.77866 14.086 0.005
5348.81659 14.089 0.005
5348.86076 14.100 0.005
5348.89906 14.081 0.005
5348.93874 14.084 0.005
5349.61572 14.075 0.005
5349.72658 14.117 0.005
5349.79212 14.117 0.005
5349.82969 14.118 0.005
5350.62951 14.118 0.005
5350.66749 14.117 0.005
5350.70485 14.130 0.005
5350.74577 14.132 0.005
5351.61103 14.144 0.005
5351.67625 14.167 0.005
5351.75942 14.162 0.005
5351.84384 14.133 0.005
5351.90218 14.158 0.005
5352.62487 14.159 0.005
5352.68773 14.169 0.005
5352.77368 14.160 0.005
5352.85640 14.164 0.005
5352.89855 14.165 0.005
5353.57903 14.166 0.005
5353.66185 14.201 0.005
5353.74197 14.203 0.005
5353.79341 14.204 0.005
5353.83114 14.188 0.005
5353.88115 14.193 0.005
5354.59705 14.193 0.005
5354.68687 14.213 0.005
5354.78387 14.210 0.005
5354.84291 14.208 0.005
5354.88310 14.206 0.005
5354.92159 14.213 0.005
5355.62738 14.240 0.005
5355.71172 14.260 0.005
5355.79893 14.250 0.005
5355.83956 14.246 0.005
5355.88487 14.224 0.005
5357.62603 14.280 0.005
5357.71100 14.299 0.005
5357.80357 14.263 0.005
5357.88496 14.288 0.005
5358.68008 14.296 0.005
5358.77318 14.300 0.005
5359.59453 14.303 0.005
5359.63563 14.323 0.005
5359.69053 14.320 0.005
5359.73881 14.338 0.005
5359.78751 14.340 0.005
5359.83156 14.341 0.005
5359.87131 14.319 0.005
5361.63739 14.340 0.005
5361.68339 14.349 0.005
5362.59800 14.386 0.005
5362.69729 14.400 0.005
5362.79915 14.397 0.005
5362.89285 14.387 0.005
5364.53669 14.413 0.005
5364.58113 14.425 0.005
5364.66841 14.438 0.005
5364.76383 14.420 0.005
5364.80498 14.432 0.005
5364.84445 14.433 0.005
5364.88441 14.420 0.005
5365.55395 14.420 0.005
5365.60132 14.433 0.005
5365.69181 14.453 0.005
5365.78650 14.436 0.005
5365.84286 14.446 0.005
5365.88146 14.439 0.005
5368.62884 14.483 0.005
5369.71358 14.467 0.005
5369.75935 14.486 0.005
5369.79802 14.473 0.005
5369.83715 14.493 0.005
5376.64342 14.550 0.005
5376.68434 14.545 0.005
5376.72327 14.538 0.005
5376.76164 14.554 0.005
5376.79979 14.562 0.005
5376.83780 14.550 0.005
5376.87570 14.492 0.005
5377.53253 14.542 0.005
5377.61531 14.533 0.005
5377.68338 14.551 0.005
5377.73228 14.558 0.005
5377.77532 14.553 0.005
5377.81304 14.586 0.005
5377.85124 14.559 0.005
5378.50743 14.567 0.005
5378.59115 14.557 0.005
5378.67974 14.552 0.005
5378.73717 14.557 0.005
5378.77521 14.578 0.005
5378.81371 14.557 0.005
5378.85363 14.582 0.005
5379.49253 14.509 0.005
5379.54292 14.545 0.005
5379.62778 14.576 0.005
5379.71475 14.575 0.005
5379.76800 14.583 0.005
5379.80587 14.585 0.005
5379.84395 14.600 0.005
5380.50396 14.584 0.005
5380.54183 14.592 0.005
5380.60997 14.568 0.005
5380.69704 14.611 0.005
5380.73772 14.610 0.005
5380.77570 14.598 0.005
5380.81381 14.540 0.005
5380.85182 14.505 0.005
5381.55133 14.586 0.005
5381.58882 14.514 0.005
5381.64761 14.519 0.005
5381.68883 14.581 0.005
5381.72684 14.477 0.005
5381.76510 14.523 0.005
5381.81191 14.528 0.005
5381.85004 14.561 0.005
5382.54006 14.564 0.005
5382.58445 14.553 0.005
5382.62738 14.558 0.005
5382.66870 14.574 0.005
5382.70870 14.581 0.005
5382.74672 14.585 0.005
5382.79147 14.568 0.005
5382.83524 14.554 0.005
5384.77655 14.579 0.005
5384.83042 14.539 0.005
5385.48602 14.579 0.005
5385.56783 14.602 0.005
5385.82457 14.586 0.005
5386.47137 14.566 0.005
5386.51232 14.568 0.005
5386.59441 14.575 0.005
5386.67881 14.559 0.005
5386.69340 14.551 0.005
5386.75774 14.578 0.005
5386.79717 14.577 0.005
5386.83912 14.586 0.005
5387.54229 14.573 0.005
5387.70166 14.581 0.005
5387.74007 14.593 0.005
5387.78094 14.572 0.005
5387.82430 14.575 0.005
5388.48187 14.515 0.005
5388.51975 14.534 0.005
5388.60697 14.586 0.005
5388.71428 14.549 0.005
5388.77874 14.545 0.005
5388.82186 14.550 0.005
5389.48092 14.515 0.005
5389.51901 14.543 0.005
5389.58280 14.588 0.005
5389.68797 14.567 0.005
5389.76995 14.587 0.005
5389.80914 14.592 0.005
5389.84885 14.588 0.005
5390.55224 14.551 0.005
5390.59805 14.545 0.005
5390.68362 14.554 0.005
5390.73374 14.586 0.005
5390.77159 14.597 0.005
5390.80932 14.580 0.005
5391.50341 14.524 0.005
5391.54329 14.501 0.005
5391.58069 14.549 0.005
5391.68997 14.578 0.005
5391.79519 14.577 0.005
5391.83291 14.566 0.005
5392.48054 14.526 0.005
5392.51843 14.540 0.005
5392.55840 14.528 0.005
5392.66483 14.544 0.005
5392.77277 14.563 0.005
5392.81045 14.549 0.005
5393.62584 14.501 0.005
5393.66530 14.506 0.005
5393.70364 14.500 0.005
5393.74395 14.471 0.005
5393.78714 14.513 0.005
5393.82489 14.521 0.005
5395.81959 14.496 0.005
5396.53925 14.461 0.005
5396.61444 14.501 0.005
5396.67674 14.516 0.005
5396.71131 14.520 0.005
5396.78392 14.517 0.005
5397.58911 14.411 0.005
5397.63894 14.406 0.005
5397.67716 14.449 0.005
5397.75945 14.432 0.005
5402.65377 14.342 0.005
5403.46858 14.342 0.005
5403.50605 14.348 0.005
5403.54329 14.335 0.005
5403.58119 14.327 0.005
5403.62248 14.322 0.005
5403.66107 14.326 0.005
5403.69886 14.317 0.005
5403.73969 14.293 0.005
5403.77763 14.297 0.005
5404.48139 14.283 0.005
5404.51927 14.286 0.005
5404.55706 14.273 0.005
5404.59546 14.267 0.005
5404.63807 14.280 0.005
5404.67763 14.265 0.005
5404.71652 14.260 0.005
5404.75603 14.269 0.005
5405.61518 14.207 0.005
5405.65446 14.219 0.005
5405.69439 14.226 0.005
5405.73214 14.229 0.005
5405.76964 14.238 0.005
5407.46912 14.134 0.005
5407.50893 14.148 0.005
5407.54698 14.160 0.005
5407.58557 14.135 0.005
5407.62598 14.145 0.005
5407.66428 14.151 0.005
5407.70320 14.139 0.005
5407.74126 14.161 0.005
5407.77912 14.157 0.005
5408.53345 14.117 0.005
5408.58081 14.134 0.005
5408.62107 14.137 0.005
5408.65885 14.137 0.005
5408.69756 14.142 0.005
5408.73548 14.128 0.005
5408.77316 14.129 0.005
5409.48339 14.106 0.005
5409.52464 14.117 0.005
5409.63052 14.131 0.005
5409.73753 14.111 0.005
5409.77530 14.108 0.005
5410.48760 14.061 0.005
5410.52575 14.072 0.005
5410.63405 14.063 0.005
5410.74121 14.055 0.005
5410.77966 14.060 0.005
5411.50219 14.035 0.005
5411.56261 14.044 0.005
5411.67075 14.036 0.005
5411.75471 14.011 0.005
5412.52585 13.979 0.005
5412.56424 13.971 0.005
5412.60429 13.971 0.005
5412.64250 13.963 0.005
5412.68572 13.971 0.005
5412.75993 13.957 0.005
5413.50550 13.922 0.005
5413.58947 13.932 0.005
5413.69734 13.927 0.005
5413.75771 13.913 0.005
5414.48593 13.884 0.005
5414.52371 13.857 0.005
5414.63346 13.874 0.005
5414.74429 13.869 0.005
5416.60258 13.765 0.005
5416.64851 13.761 0.005
5416.71133 13.764 0.005
5418.56710 13.668 0.005
5418.61134 13.676 0.005
5418.66636 13.665 0.005
5418.71298 13.678 0.005
5421.51990 13.540 0.005
5421.57924 13.569 0.005
5421.62530 13.525 0.005
5421.66812 13.528 0.005
5421.71387 13.516 0.005
5422.50305 13.526 0.005
5422.54714 13.542 0.005
5422.67101 13.526 0.005
5423.48481 13.502 0.005
5423.52671 13.500 0.005
5423.63145 13.482 0.005
5425.49374 13.424 0.005
5425.53490 13.423 0.005
5426.50217 13.377 0.005
5426.54122 13.381 0.005
5426.69245 13.362 0.005
5430.48809 13.236 0.005
5430.52796 13.239 0.005
5430.57277 13.229 0.005
5430.61196 13.233 0.005
5430.64998 13.232 0.005
5431.48913 13.201 0.005
5431.52859 13.203 0.005
5431.56791 13.201 0.005
5431.60942 13.200 0.005
5431.64702 13.190 0.005
5431.68796 13.185 0.005
5432.62497 13.160 0.005
5432.66786 13.157 0.005
5433.64261 13.128 0.005
5433.68790 13.124 0.005
5434.51978 13.100 0.005
5434.56411 13.102 0.005
5434.60709 13.108 0.005
5434.64957 13.105 0.005
5434.69192 13.093 0.005
5435.49130 13.070 0.005
5435.53426 13.072 0.005
5435.60094 13.081 0.005
5435.65450 13.076 0.005
5435.69515 13.064 0.005
5436.48905 13.039 0.005
5436.58794 13.033 0.005
5436.70222 13.023 0.005
5437.54348 13.010 0.005
5437.67453 13.001 0.005
5438.52437 12.965 0.005
5438.58967 12.958 0.005
5438.66411 12.975 0.005
5438.70172 12.965 0.005
5439.53852 12.934 0.005
5439.57994 12.932 0.005
5439.61773 12.930 0.005
5439.65574 12.930 0.005
5443.51020 12.810 0.005
5443.54815 12.807 0.005
5443.59418 12.807 0.005
5443.63190 12.809 0.005
5443.67557 12.806 0.005
5444.50522 12.792 0.005
5444.55674 12.790 0.005
5444.60840 12.785 0.005
5444.64649 12.783 0.005
5445.47994 12.777 0.005
5445.57781 12.761 0.005
5445.65392 12.759 0.005
5446.48436 12.731 0.005
5446.53549 12.741 0.005
5446.57596 12.734 0.005
5446.61466 12.745 0.005
5446.65451 12.735 0.005
5447.50309 12.748 0.005
5447.54567 12.704 0.005
5447.60957 12.693 0.005
5448.47688 12.681 0.005
5448.52169 12.683 0.005
5448.57578 12.673 0.005
5449.47806 12.641 0.005
5449.51640 12.644 0.005
5449.54740 12.641 0.005
5449.63100 12.637 0.005
5450.51916 12.606 0.005
5450.55667 12.598 0.005
5450.60533 12.596 0.005
5450.64524 12.590 0.005
5451.64653 12.572 0.005
5453.47936 12.482 0.005
5453.57908 12.489 0.005
5457.49756 12.414 0.005
5457.55542 12.357 0.005
5457.60267 12.330 0.005
5458.48793 12.287 0.005
5458.54409 12.288 0.005
5458.58704 12.283 0.005
5459.50555 12.266 0.005
5459.55310 12.290 0.005
5459.60220 12.283 0.005
5460.49357 12.241 0.005
5462.48145 12.193 0.005
5462.56161 12.197 0.005
5463.51429 12.184 0.005
5463.58864 12.171 0.005
5464.50646 12.167 0.005
5464.54845 12.155 0.005
5465.51157 12.137 0.005
5467.48474 12.122 0.005
5468.55428 12.095 0.005
5469.60908 12.100 0.005
5471.51898 12.093 0.005
5471.58741 12.086 0.005
5472.55311 12.078 0.005
5473.50276 12.080 0.005
5476.49398 12.087 0.005
5477.54097 12.112 0.005
5479.51016 12.093 0.005
5480.50540 12.098 0.005
5480.56912 12.097 0.005
5481.54163 12.112 0.005
5485.52189 12.162 0.005
5486.50831 12.174 0.005
5487.48807 12.207 0.005
5487.55171 12.173 0.005
5488.54165 12.196 0.005
5489.52979 12.215 0.005
5490.52818 12.245 0.005
5492.52986 12.276 0.005
5494.53507 12.311 0.005
5495.53897 12.341 0.005
5497.53649 12.399 0.005
5502.50494 12.575 0.005
5596.88300 14.865 0.005
5598.86658 14.859 0.005
5599.88228 14.824 0.005
5600.87289 14.811 0.005
5602.86580 14.798 0.005
5604.87399 14.770 0.005
5605.87209 14.750 0.005
5606.86981 14.749 0.005
5607.87413 14.690 0.005
5608.86902 14.688 0.005
5611.85343 14.595 0.005
5612.86865 14.573 0.005
5614.85410 14.500 0.005
5615.86239 14.437 0.005
5616.85545 14.435 0.005
5617.89305 14.393 0.005
5620.84350 14.319 0.005
5621.84632 14.317 0.005
5622.88386 14.286 0.005
5624.83899 14.239 0.005
5625.81814 14.170 0.005
5626.81397 14.117 0.005
5627.84239 14.145 0.005
5628.85312 14.101 0.005
5629.82132 14.070 0.005
5630.79875 14.046 0.005
5631.82599 13.995 0.005
5632.83379 13.975 0.005
5633.79102 13.917 0.005
5634.84588 13.890 0.005
5635.85443 13.862 0.005
5637.81433 13.764 0.005
5638.79322 13.721 0.005
5639.79236 13.671 0.005
5639.86791 13.706 0.005
5640.75719 13.641 0.005
5640.80005 13.637 0.005
5640.83847 13.627 0.005
5640.88704 13.664 0.005
5641.75339 13.610 0.005
5641.79393 13.602 0.005
5641.87350 13.621 0.005
5642.75971 13.562 0.005
5642.79525 13.581 0.005
5642.85426 13.576 0.005
5642.87555 13.539 0.005
5642.91762 13.563 0.005
5643.76977 13.528 0.005
5643.80805 13.527 0.005
5643.86780 13.542 0.005
5643.90903 13.532 0.005
5644.77749 13.481 0.005
5644.81820 13.477 0.005
5644.88878 13.487 0.005
5647.85410 13.337 0.005
5647.87432 13.335 0.005
5647.89028 13.332 0.005
5647.90867 13.323 0.005
5648.75937 13.284 0.005
5648.82479 13.300 0.005
5648.86693 13.295 0.005
5648.91234 13.280 0.005
5649.76579 13.229 0.005
5649.80777 13.250 0.005
5649.87219 13.243 0.005
5649.91051 13.242 0.005
5650.75758 13.190 0.005
5650.82012 13.201 0.005
5650.86416 13.204 0.005
5650.91304 13.186 0.005
5651.77820 13.159 0.005
5651.82124 13.156 0.005
5651.89761 13.150 0.005
5652.75827 13.110 0.005
5652.82156 13.120 0.005
5652.86347 13.118 0.005
5653.78688 13.076 0.005
5653.91731 13.085 0.005
5654.79207 13.019 0.005
5654.83832 13.014 0.005
5654.88247 13.021 0.005
5655.74053 12.969 0.005
5655.77963 12.973 0.005
5655.81757 12.977 0.005
5655.85848 12.971 0.005
5655.90874 12.979 0.005
5656.80003 12.931 0.005
5656.84090 12.951 0.005
5656.92754 12.937 0.005
5657.78882 12.881 0.005
5657.82978 12.899 0.005
5657.87526 12.889 0.005
5657.91965 12.888 0.005
5658.78567 12.826 0.005
5658.84269 12.836 0.005
5658.88113 12.825 0.005
5658.92222 12.827 0.005
5659.73734 12.797 0.005
5659.77496 12.792 0.005
5659.81425 12.785 0.005
5659.85707 12.792 0.005
5659.90471 12.793 0.005
5660.74125 12.743 0.005
5660.78577 12.742 0.005
5660.82747 12.754 0.005
5660.89911 12.744 0.005
5662.73635 12.659 0.005
5662.77677 12.663 0.005
5662.83782 12.668 0.005
5662.87652 12.676 0.005
5662.91790 12.675 0.005
5664.73775 12.600 0.005
5664.78313 12.598 0.005
5664.84330 12.604 0.005
5664.88352 12.603 0.005
5664.92618 12.603 0.005
5665.75020 12.573 0.005
5665.79590 12.584 0.005
5665.86011 12.586 0.005
5665.90778 12.594 0.005
5667.73539 12.536 0.005
5667.74696 12.542 0.005
5667.78800 12.546 0.005
5667.83973 12.549 0.005
5667.89424 12.551 0.005
5668.72180 12.515 0.005
5668.77893 12.529 0.005
5668.84545 12.531 0.005
5668.90042 12.536 0.005
5669.74088 12.505 0.005
5669.78899 12.532 0.005
5669.83802 12.553 0.005
5669.88983 12.529 0.005
5670.72300 12.494 0.005
5670.76346 12.500 0.005
5670.82667 12.486 0.005
5670.86753 12.519 0.005
5670.90893 12.500 0.005
5671.74492 12.483 0.005
5675.70877 12.490 0.005
5675.74723 12.469 0.005
5675.78510 12.477 0.005
5675.82592 12.463 0.005
5675.89535 12.466 0.005
5676.67328 12.453 0.005
5676.71178 12.458 0.005
5676.75092 12.465 0.005
5676.79053 12.465 0.005
5676.85509 12.478 0.005
5676.90116 12.487 0.005
5677.70266 12.456 0.005
5677.74804 12.487 0.005
5677.78940 12.462 0.005
5677.83956 12.453 0.005
5677.89192 12.484 0.005
5679.67054 12.450 0.005
5679.71117 12.480 0.005
5679.75260 12.494 0.005
5679.80469 12.464 0.005
5679.85574 12.481 0.005
5679.89604 12.476 0.005
5680.65814 12.458 0.005
5680.69716 12.457 0.005
5680.73589 12.466 0.005
5680.78538 12.466 0.005
5680.83828 12.480 0.005
5680.88220 12.479 0.005
5680.92247 12.461 0.005
5681.68763 12.463 0.005
5681.72579 12.465 0.005
5681.76555 12.475 0.005
5681.82817 12.477 0.005
5681.87284 12.471 0.005
5681.91280 12.484 0.005
5682.67483 12.472 0.005
5682.71667 12.478 0.005
5682.76427 12.491 0.005
5682.81605 12.487 0.005
5682.89627 12.495 0.005
5682.93526 12.478 0.005
5683.69740 12.494 0.005
5683.76810 12.501 0.005
5683.81659 12.558 0.005
5683.87736 12.533 0.005
5683.91920 12.514 0.005
5684.67954 12.519 0.005
5684.72990 12.521 0.005
5684.78077 12.518 0.005
5684.83288 12.529 0.005
5684.89143 12.524 0.005
5684.93169 12.508 0.005
5685.76721 12.541 0.005
5685.80617 12.569 0.005
5685.85845 12.573 0.005
5685.90251 12.538 0.005
5686.65492 12.512 0.005
5686.71689 12.555 0.005
5686.76227 12.556 0.005
5686.81312 12.561 0.005
5686.86332 12.544 0.005
5686.90259 12.544 0.005
5687.65627 12.528 0.005
5687.70054 12.546 0.005
5687.75239 12.553 0.005
5687.79439 12.555 0.005
5687.84665 12.556 0.005
5688.87015 12.563 0.005
5688.92715 12.562 0.005
5689.69914 12.566 0.005
5689.77396 12.590 0.005
5689.81392 12.593 0.005
5690.64204 12.582 0.005
5690.69222 12.598 0.005
5690.74899 12.592 0.005
5690.79350 12.591 0.005
5690.83973 12.597 0.005
5690.90565 12.595 0.005
5691.66042 12.601 0.005
5691.73135 12.621 0.005
5691.77440 12.613 0.005
5691.82390 12.628 0.005
5691.86388 12.613 0.005
5691.93170 12.606 0.005
5692.66330 12.625 0.005
5692.71875 12.635 0.005
5692.76599 12.650 0.005
5692.80577 12.635 0.005
5692.84470 12.652 0.005
5692.88312 12.640 0.005
5692.92071 12.634 0.005
5693.63375 12.646 0.005
5693.68232 12.673 0.005
5693.75176 12.671 0.005
5693.78953 12.686 0.005
5693.82878 12.686 0.005
5693.86640 12.667 0.005
5693.90433 12.652 0.005
5694.61526 12.665 0.005
5694.64583 12.665 0.005
5694.68375 12.677 0.005
5694.75001 12.684 0.005
5694.79820 12.688 0.005
5694.83701 12.693 0.005
5694.87435 12.676 0.005
5694.91202 12.673 0.005
5695.61911 12.671 0.005
5695.65752 12.680 0.005
5695.73846 12.690 0.005
5695.79419 12.718 0.005
5695.83846 12.710 0.005
5695.87643 12.698 0.005
5695.91398 12.695 0.005
5696.61066 12.713 0.005
5696.64395 12.713 0.005
5696.69353 12.713 0.005
5696.74110 12.730 0.005
5696.78060 12.709 0.005
5696.82454 12.738 0.005
5696.86597 12.722 0.005
5696.92448 12.720 0.005
5697.61397 12.730 0.005
5697.66135 12.742 0.005
5697.70891 12.749 0.005
5697.74758 12.746 0.005
5697.78979 12.753 0.005
5697.82885 12.772 0.005
5697.86913 12.750 0.005
5697.91112 12.743 0.005
5698.60653 12.743 0.005
5698.64388 12.742 0.005
5698.69456 12.756 0.005
5698.73456 12.759 0.005
5698.77272 12.750 0.005
5698.81504 12.783 0.005
5698.85335 12.774 0.005
5698.89326 12.746 0.005
5698.93771 12.741 0.005
5702.91628 12.834 0.005
5703.68423 12.863 0.005
5703.71540 12.863 0.005
5703.76306 12.867 0.005
5703.83290 12.866 0.005
5705.71109 12.913 0.005
5705.75341 12.920 0.005
5705.79784 12.921 0.005
5705.85517 12.922 0.005
5705.90186 12.916 0.005
5706.64490 12.933 0.005
5706.74042 12.940 0.005
5706.79215 12.940 0.005
5706.85788 12.939 0.005
5707.59019 12.962 0.005
5707.62834 12.962 0.005
5707.68487 12.969 0.005
5707.72301 12.967 0.005
5707.76219 12.984 0.005
5707.80259 12.982 0.005
5707.84201 12.982 0.005
5707.88177 12.972 0.005
5707.92873 12.966 0.005
5708.60774 12.983 0.005
5708.66375 12.993 0.005
5708.71415 12.994 0.005
5708.75227 12.994 0.005
5708.80310 12.997 0.005
5708.84675 12.994 0.005
5708.89773 12.992 0.005
5709.58293 13.009 0.005
5709.63589 13.014 0.005
5709.79148 13.025 0.005
5712.59558 13.099 0.005
5712.67030 13.110 0.005
5712.68291 13.108 0.005
5712.72204 13.118 0.005
5712.76370 13.132 0.005
5712.80459 13.118 0.005
5712.84401 13.109 0.005
5712.91972 13.115 0.005
5713.77267 13.157 0.005
5713.81935 13.146 0.005
5713.85994 13.135 0.005
5714.59972 13.159 0.005
5714.61414 13.164 0.005
5714.69041 13.160 0.005
5715.56849 13.183 0.005
5715.61986 13.199 0.005
5715.67189 13.209 0.005
5715.71371 13.204 0.005
5715.76330 13.209 0.005
5715.80490 13.210 0.005
5715.84708 13.196 0.005
5715.90333 13.199 0.005
5716.59011 13.214 0.005
5716.60278 13.214 0.005
5716.61750 13.219 0.005
5716.63012 13.218 0.005
5716.69053 13.224 0.005
5716.74396 13.235 0.005
5716.78764 13.232 0.005
5716.82674 13.237 0.005
5716.86750 13.231 0.005
5716.91458 13.229 0.005
5721.63287 13.395 0.005
5721.71115 13.397 0.005
5721.77948 13.400 0.005
5721.81865 13.395 0.005
5721.87072 13.398 0.005
5721.91186 13.397 0.005
5722.60419 13.422 0.005
5722.61779 13.429 0.005
5722.65860 13.434 0.005
5722.67219 13.438 0.005
5722.71336 13.438 0.005
5722.77840 13.437 0.005
5722.81794 13.433 0.005
5723.56043 13.452 0.005
5723.60845 13.462 0.005
5723.65587 13.459 0.005
5723.69651 13.461 0.005
5723.73755 13.471 0.005
5723.77598 13.467 0.005
5723.81497 13.469 0.005
5723.85464 13.459 0.005
5724.55529 13.474 0.005
5724.55801 13.476 0.005
5724.62411 13.479 0.005
5724.63661 13.480 0.005
5724.67469 13.484 0.005
5724.68875 13.486 0.005
5724.73769 13.493 0.005
5724.78625 13.494 0.005
5724.82695 13.494 0.005
5725.57789 13.530 0.005
5725.59134 13.535 0.005
5725.60480 13.532 0.005
5725.64540 13.525 0.005
5725.65968 13.535 0.005
5725.71214 13.547 0.005
5725.75180 13.534 0.005
5725.79156 13.526 0.005
5726.55577 13.539 0.005
5726.60062 13.529 0.005
5726.63848 13.534 0.005
5726.68598 13.562 0.005
5726.72702 13.543 0.005
5726.76633 13.532 0.005
5726.81124 13.556 0.005
5734.65989 13.797 0.005
5734.70281 13.802 0.005
5734.75098 13.795 0.005
5734.79412 13.802 0.005
5734.84283 13.804 0.005
5734.88749 13.804 0.005
5735.67794 13.830 0.005
5735.74273 13.844 0.005
5735.78952 13.844 0.005
5735.83592 13.844 0.005
5735.88057 13.836 0.005
5736.53867 13.856 0.005
5736.57665 13.864 0.005
5736.61881 13.847 0.005
5736.66244 13.854 0.005
5736.70412 13.853 0.005
5736.78418 13.881 0.005
5736.83121 13.883 0.005
5736.87935 13.868 0.005
5737.52189 13.885 0.005
5737.55998 13.896 0.005
5737.61327 13.915 0.005
5737.65583 13.911 0.005
5737.70995 13.912 0.005
5737.75077 13.913 0.005
5737.78991 13.904 0.005
5737.83704 13.907 0.005
5737.87789 13.904 0.005
5738.58936 13.928 0.005
5738.63017 13.943 0.005
5738.69745 13.937 0.005
5738.73697 13.935 0.005
5739.50291 13.935 0.005
5739.52815 13.945 0.005
5739.56641 13.942 0.005
5739.60700 13.959 0.005
5739.65571 13.980 0.005
5739.71364 13.961 0.005
5739.75201 13.971 0.005
5739.79077 13.970 0.005
5739.84561 13.971 0.005
5740.49851 13.967 0.005
5740.54605 13.962 0.005
5740.58714 13.963 0.005
5740.64695 13.979 0.005
5740.71061 13.987 0.005
5740.75014 13.993 0.005
5740.79500 13.992 0.005
5740.83405 13.987 0.005
5740.88147 13.993 0.005
5741.52090 13.997 0.005
5741.56014 13.995 0.005
5741.60432 14.017 0.005
5741.64218 14.016 0.005
5741.70324 14.014 0.005
5741.74230 14.022 0.005
5741.78325 14.028 0.005
5741.82151 14.031 0.005
5741.85949 14.036 0.005
5742.49241 14.005 0.005
5742.53507 14.044 0.005
5742.57743 14.038 0.005
5742.61540 14.064 0.005
5742.67719 14.071 0.005
5742.71602 14.065 0.005
5742.75457 14.072 0.005
5742.79283 14.066 0.005
5742.83084 14.070 0.005
5742.87111 14.066 0.005
5743.62700 14.047 0.005
5743.66677 14.074 0.005
5743.72777 14.072 0.005
5743.76595 14.083 0.005
5743.80401 14.078 0.005
5743.84162 14.063 0.005
5743.87955 14.064 0.005
5744.52367 14.071 0.005
5744.56204 14.069 0.005
5744.60022 14.085 0.005
5744.64869 14.105 0.005
5744.72702 14.100 0.005
5744.77703 14.111 0.005
5744.81875 14.103 0.005
5744.86393 14.083 0.005
5745.51240 14.107 0.005
5745.55858 14.109 0.005
5745.59933 14.103 0.005
5745.63849 14.125 0.005
5745.69903 14.144 0.005
5745.73706 14.142 0.005
5745.77524 14.131 0.005
5745.81315 14.130 0.005
5745.86620 14.122 0.005
5746.56985 14.161 0.005
5746.60960 14.149 0.005
5746.65031 14.145 0.005
5746.71630 14.153 0.005
5746.75409 14.158 0.005
5746.79646 14.155 0.005
5746.84220 14.150 0.005
5747.61270 14.160 0.005
5747.65754 14.172 0.005
5747.70282 14.171 0.005
5747.74655 14.169 0.005
5747.81288 14.154 0.005
5748.63036 14.219 0.005
5748.68773 14.200 0.005
5749.52556 14.205 0.005
5749.56352 14.228 0.005
5749.60290 14.230 0.005
5749.65221 14.220 0.005
5749.69186 14.206 0.005
5749.73014 14.213 0.005
5749.76853 14.236 0.005
5749.80781 14.225 0.005
5752.56992 14.258 0.005
5752.61384 14.263 0.005
5752.66483 14.274 0.005
5752.72103 14.298 0.005
5752.76045 14.293 0.005
5754.59632 14.327 0.005
5759.83090 14.438 0.005
5760.49079 14.426 0.005
5760.53242 14.450 0.005
5760.58501 14.457 0.005
5760.64122 14.468 0.005
5760.68460 14.460 0.005
5760.73586 14.482 0.005
5760.77413 14.475 0.005
5760.81180 14.463 0.005
5762.51181 14.444 0.005
5762.55010 14.447 0.005
5762.59176 14.491 0.005
5762.63012 14.470 0.005
5762.66987 14.483 0.005
5762.70609 14.481 0.005
5762.74796 14.444 0.005
5762.76747 14.444 0.005
5763.50213 14.499 0.005
5763.54613 14.537 0.005
5763.58777 14.535 0.005
5763.64468 14.509 0.005
5763.68653 14.507 0.005
5763.73411 14.510 0.005
5763.77207 14.493 0.005
5763.81093 14.510 0.005
5764.50997 14.536 0.005
5764.54980 14.528 0.005
5764.59039 14.536 0.005
5764.63860 14.524 0.005
5764.68762 14.530 0.005
5764.73324 14.548 0.005
5765.46895 14.532 0.005
5765.50895 14.543 0.005
5765.55186 14.553 0.005
5765.61589 14.564 0.005
5765.66089 14.549 0.005
5765.70511 14.549 0.005
5765.75101 14.544 0.005
5766.48134 14.561 0.005
5766.52026 14.564 0.005
5766.58469 14.550 0.005
5766.62454 14.579 0.005
5766.66525 14.593 0.005
5766.70645 14.582 0.005
5766.75013 14.567 0.005
5767.49850 14.526 0.005
5767.54409 14.567 0.005
5767.58743 14.605 0.005
5767.65534 14.577 0.005
5767.71128 14.574 0.005
5767.75201 14.553 0.005
5767.79360 14.586 0.005
5768.48818 14.614 0.005
5768.52804 14.603 0.005
5768.58856 14.601 0.005
5768.63540 14.596 0.005
5768.68002 14.620 0.005
5768.72693 14.610 0.005
5768.76770 14.589 0.005
5769.47238 14.596 0.005
5769.51182 14.599 0.005
5769.56577 14.616 0.005
5769.62357 14.581 0.005
5769.67672 14.601 0.005
5769.72564 14.602 0.005
5769.76783 14.628 0.005
5770.66880 14.599 0.005
5770.75276 14.628 0.005
5775.59508 14.644 0.005
5775.63783 14.658 0.005
5776.53895 14.655 0.005
5776.60617 14.643 0.005
5776.64721 14.701 0.005
5776.72187 14.662 0.005
5777.47873 14.716 0.005
5777.52324 14.741 0.005
5777.57529 14.724 0.005
5777.65570 14.712 0.005
5777.70580 14.733 0.005
5777.77061 14.718 0.005
5778.50347 14.676 0.005
5778.55991 14.688 0.005
5778.60823 14.698 0.005
5779.59828 14.727 0.005
5779.64221 14.758 0.005
5779.69674 14.758 0.005
5779.74132 14.748 0.005
5784.51576 14.696 0.005
5784.60166 14.707 0.005
5784.71899 14.683 0.005
5785.51857 14.716 0.005
5785.57893 14.694 0.005
5785.62547 14.704 0.005
5785.66781 14.731 0.005
5785.70968 14.750 0.005
5786.49204 14.696 0.005
5786.56907 14.714 0.005
5786.61350 14.730 0.005
5786.65613 14.733 0.005
5786.71147 14.770 0.005
5787.47664 14.755 0.005
5787.54777 14.787 0.005
5787.58987 14.790 0.005
5787.63530 14.759 0.005
5787.67424 14.779 0.005
5787.71993 14.766 0.005
5788.49179 14.743 0.005
5788.55544 14.757 0.005
5788.59501 14.767 0.005
5788.63580 14.767 0.005
5788.67656 14.754 0.005
5788.72032 14.753 0.005
5790.47339 14.757 0.005
5790.52083 14.758 0.005
5790.57293 14.761 0.005
5790.61463 14.765 0.005
5790.65532 14.781 0.005
5790.69550 14.789 0.005
5790.73371 14.782 0.005
5791.51159 14.757 0.005
5791.61361 14.755 0.005
5793.51488 14.775 0.005
5793.56800 14.760 0.005
5793.61028 14.756 0.005
5793.64884 14.754 0.005
5793.68782 14.773 0.005
5793.73204 14.741 0.005
5794.50655 14.738 0.005
5794.57380 14.743 0.005
5794.61493 14.741 0.005
5794.65684 14.758 0.005
5794.70368 14.752 0.005
5795.56710 14.688 0.005
5795.62848 14.687 0.005
5795.71021 14.701 0.005
5796.47671 14.744 0.005
5796.52798 14.745 0.005
5796.59666 14.724 0.005
5796.63561 14.768 0.005
5796.67693 14.738 0.005
5796.71892 14.727 0.005
5799.49139 14.721 0.005
5801.53186 14.661 0.005
5801.57112 14.682 0.005
5801.60924 14.673 0.005
5801.65050 14.678 0.005
5801.69056 14.676 0.005
5802.56221 14.647 0.005
5802.64196 14.636 0.005
5803.53585 14.618 0.005
5804.47911 14.644 0.005
5804.54326 14.631 0.005
5804.58374 14.627 0.005
5804.62153 14.627 0.005
5804.66078 14.601 0.005
5805.49072 14.614 0.005
5805.54398 14.600 0.005
5805.58197 14.609 0.005
5805.62533 14.614 0.005
5805.68106 14.623 0.005
5806.53929 14.565 0.005
5806.62422 14.555 0.005
5807.57912 14.510 0.005
5807.62172 14.551 0.005
5807.65949 14.469 0.005
5812.52308 14.391 0.005
5812.56324 14.385 0.005
5812.60391 14.378 0.005
5812.64504 14.396 0.005
5813.47445 14.391 0.005
5813.53634 14.393 0.005
5813.57655 14.397 0.005
5813.61442 14.411 0.005
5813.65226 14.396 0.005
5815.51759 14.348 0.005
5815.55600 14.347 0.005
5815.60325 14.313 0.005
5815.64101 14.343 0.005
5816.47785 14.313 0.005
5816.53619 14.298 0.005
5816.57436 14.306 0.005
5816.61271 14.320 0.005
5817.48059 14.268 0.005
5817.53743 14.268 0.005
5817.57537 14.257 0.005
5817.61444 14.249 0.005
5817.65518 14.239 0.005
5818.51889 14.212 0.005
5818.55697 14.227 0.005
5818.59533 14.201 0.005
5818.63702 14.208 0.005
5819.51848 14.205 0.005
5819.56532 14.183 0.005
5819.60302 14.180 0.005
5819.64289 14.189 0.005
5820.49619 14.118 0.005
5820.54329 14.143 0.005
5820.58098 14.151 0.005
5820.61886 14.141 0.005
5820.65515 14.110 0.005
5822.53829 14.042 0.005
5822.58328 14.055 0.005
5822.62693 14.047 0.005
5823.51499 13.978 0.005
5823.55834 13.992 0.005
5823.60195 14.007 0.005
5824.48243 13.947 0.005
5824.53890 13.981 0.005
5824.57947 13.973 0.005
5824.61942 13.955 0.005
5825.49896 13.909 0.005
5825.55693 13.907 0.005
5825.59542 13.916 0.005
5826.47982 13.859 0.005
5826.51969 13.860 0.005
5826.56719 13.863 0.005
5826.60633 13.843 0.005
5827.50616 13.803 0.005
5827.54414 13.813 0.005
5827.58662 13.814 0.005
5827.62418 13.808 0.005
5828.51939 13.783 0.005
5828.55737 13.777 0.005
5828.59493 13.773 0.005
5829.48130 13.721 0.005
5829.53033 13.732 0.005
5829.56801 13.733 0.005
5829.60629 13.720 0.005
5830.50525 13.663 0.005
5830.54340 13.682 0.005
5830.58109 13.673 0.005
5831.48355 13.641 0.005
5831.54210 13.629 0.005
5831.57954 13.629 0.005
5831.61523 13.627 0.005
5832.52554 13.594 0.005
5832.56513 13.582 0.005
5832.60339 13.572 0.005
5833.52341 13.545 0.005
5833.56297 13.539 0.005
5833.60090 13.537 0.005
5834.52262 13.506 0.005
5834.56036 13.502 0.005
5834.59652 13.503 0.005
5835.54378 13.441 0.005
5836.50619 13.407 0.005
5836.53940 13.412 0.005
5836.57125 13.403 0.005
5839.49969 13.303 0.005
5839.53815 13.303 0.005
5839.57593 13.300 0.005
5840.48091 13.267 0.005
5840.52995 13.275 0.005
5840.58240 13.274 0.005
5841.48342 13.243 0.005
5841.52414 13.239 0.005
5841.56745 13.239 0.005
5841.60347 13.238 0.005
5842.52542 13.211 0.005
5842.57415 13.209 0.005
5843.48343 13.182 0.005
5843.52715 13.179 0.005
5843.56764 13.180 0.005
5843.60866 13.169 0.005
5844.51206 13.162 0.005
5844.55099 13.160 0.005
5844.59057 13.155 0.005
5845.51150 13.129 0.005
5845.55196 13.132 0.005
5845.59220 13.125 0.005
5846.51515 13.110 0.005
5846.55392 13.110 0.005
5847.54211 13.088 0.005
5850.52619 13.016 0.005
5850.56463 13.016 0.005
5851.51518 12.990 0.005
5851.55294 12.983 0.005
5852.50374 12.965 0.005
5852.54627 12.962 0.005
5854.50767 12.909 0.005
5854.54864 12.907 0.005
5856.49170 12.841 0.005
5856.53996 12.840 0.005
5858.50990 12.769 0.005
5859.50639 12.713 0.005
5859.54236 12.705 0.005
5860.52187 12.675 0.005
5861.51563 12.646 0.005
5862.52305 12.613 0.005
5866.50624 12.503 0.005
5866.53156 12.479 0.005
5867.50941 12.463 0.005
5868.50891 12.436 0.005
5868.51075 12.430 0.005
5870.50631 12.387 0.005
5872.50546 12.316 0.005
5873.50665 12.298 0.005
5875.50149 12.224 0.005
5970.87417 14.503 0.005
5971.87552 14.496 0.005
5972.89038 14.511 0.005
5976.87959 14.617 0.005
5977.84068 14.634 0.005
5977.87709 14.627 0.005
5978.84281 14.652 0.005
5978.88738 14.646 0.005
5979.84083 14.709 0.005
5979.87930 14.710 0.005
5980.86069 14.704 0.005
5982.82192 14.720 0.005
5982.86526 14.710 0.005
5983.82663 14.755 0.005
5983.85698 14.751 0.005
5983.90464 14.684 0.005
5984.83918 14.743 0.005
5984.88649 14.758 0.005
5985.82480 14.777 0.005
5985.86141 14.741 0.005
5986.81898 14.797 0.005
5986.83946 14.809 0.005
5986.88739 14.775 0.005
5987.81768 14.780 0.005
5987.85423 14.799 0.005
5987.90420 14.744 0.005
5988.83329 14.764 0.005
5988.88059 14.794 0.005
5989.81080 14.825 0.005
5989.84088 14.797 0.005
5989.88271 14.795 0.005
5990.80914 14.805 0.005
5990.84689 14.823 0.005
5990.88832 14.843 0.005
5991.82196 14.829 0.005
5991.86235 14.832 0.005
5992.81626 14.845 0.005
5992.83896 14.810 0.005
5992.88103 14.821 0.005
5993.80682 14.826 0.005
5993.84601 14.810 0.005
5993.88913 14.816 0.005
5994.80833 14.844 0.005
5994.84009 14.857 0.005
5994.89100 14.858 0.005
5995.80025 14.807 0.005
5995.81978 14.818 0.005
5995.86538 14.838 0.005
5995.90355 14.813 0.005
5996.80799 14.843 0.005
5996.84557 14.848 0.005
5996.89231 14.840 0.005
5997.80140 14.847 0.005
5997.84010 14.834 0.005
5997.88773 14.832 0.005
5998.78829 14.847 0.005
5998.81628 14.813 0.005
5998.86786 14.858 0.005
5998.90558 14.847 0.005
5999.80014 14.821 0.005
5999.84871 14.826 0.005
5999.88691 14.817 0.005
6002.90828 14.753 0.005
6003.86512 14.827 0.005
6004.76562 14.828 0.005
6004.79780 14.803 0.005
6004.85567 14.833 0.005
6004.89329 14.813 0.005
6005.76106 14.799 0.005
6005.80211 14.782 0.005
6005.85067 14.763 0.005
6005.90744 14.813 0.005
6006.77282 14.785 0.005
6006.82567 14.769 0.005
6006.87662 14.761 0.005
6006.91430 14.760 0.005
6007.77865 14.736 0.005
6007.82556 14.747 0.005
6007.87380 14.721 0.005
6007.91142 14.762 0.005
6008.77040 14.767 0.005
6008.81776 14.748 0.005
6008.86704 14.730 0.005
6008.90453 14.700 0.005
6009.76404 14.726 0.005
6009.80647 14.725 0.005
6009.85489 14.702 0.005
6009.89229 14.726 0.005
6010.74766 14.713 0.005
6010.77623 14.696 0.005
6010.82519 14.730 0.005
6010.87442 14.732 0.005
6010.91268 14.731 0.005
6011.76232 14.670 0.005
6011.82280 14.656 0.005
6011.88025 14.676 0.005
6011.91842 14.629 0.005
6012.76641 14.673 0.005
6012.80709 14.656 0.005
6012.86542 14.673 0.005
6012.90328 14.690 0.005
6013.76222 14.649 0.005
6013.80099 14.656 0.005
6013.86247 14.659 0.005
6013.90372 14.676 0.005
6014.73844 14.640 0.005
6014.77731 14.636 0.005
6014.83668 14.616 0.005
6014.87611 14.607 0.005
6014.91577 14.613 0.005
6015.75527 14.626 0.005
6015.79413 14.626 0.005
6015.83258 14.627 0.005
6015.88279 14.611 0.005
6015.92417 14.501 0.005
6016.73173 14.592 0.005
6016.74823 14.572 0.005
6016.76556 14.582 0.005
6016.78801 14.586 0.005
6016.80590 14.574 0.005
6016.82810 14.575 0.005
6016.86864 14.575 0.005
6016.89144 14.591 0.005
6016.90904 14.621 0.005
6017.74087 14.579 0.005
6017.77901 14.595 0.005
6017.81729 14.583 0.005
6017.87575 14.575 0.005
6017.91628 14.594 0.005
6018.76737 14.510 0.005
6018.80623 14.507 0.005
6018.84614 14.560 0.005
6018.91145 14.585 0.005
6019.74293 14.521 0.005
6019.78233 14.506 0.005
6019.83957 14.544 0.005
6019.87738 14.551 0.005
6019.91731 14.538 0.005
6020.72641 14.480 0.005
6020.76493 14.489 0.005
6020.82107 14.510 0.005
6020.85989 14.509 0.005
6020.89950 14.484 0.005
6021.71580 14.458 0.005
6021.74769 14.464 0.005
6021.78668 14.469 0.005
6021.82534 14.496 0.005
6021.88371 14.488 0.005
6021.92413 14.459 0.005
6022.73524 14.424 0.005
6022.77350 14.443 0.005
6022.81176 14.445 0.005
6022.86925 14.438 0.005
6022.91150 14.428 0.005
6023.72925 14.415 0.005
6023.76915 14.397 0.005
6023.80975 14.395 0.005
6023.84988 14.397 0.005
6023.91438 14.397 0.005
6024.72276 14.370 0.005
6024.76373 14.380 0.005
6024.82430 14.372 0.005
6024.86486 14.364 0.005
6024.91513 14.341 0.005
6025.71246 14.344 0.005
6025.75294 14.356 0.005
6025.79276 14.337 0.005
6025.84599 14.327 0.005
6025.89826 14.335 0.005
6031.76593 14.185 0.005
6031.80537 14.197 0.005
6031.84633 14.196 0.005
6031.88712 14.179 0.005
6032.68226 14.166 0.005
6032.72227 14.156 0.005
6032.77012 14.161 0.005
6032.81855 14.155 0.005
6032.85888 14.156 0.005
6032.90264 14.163 0.005
6033.69432 14.135 0.005
6033.74105 14.124 0.005
6033.78266 14.120 0.005
6033.85370 14.130 0.005
6033.89528 14.121 0.005
6034.69016 14.084 0.005
6034.73683 14.065 0.005
6034.78258 14.099 0.005
6034.83670 14.090 0.005
6034.92494 14.069 0.005
6035.86873 14.016 0.005
6035.93324 14.017 0.005
6036.72726 14.018 0.005
6036.77127 14.037 0.005
6036.84763 14.045 0.005
6036.90208 14.035 0.005
6037.71314 13.999 0.005
6037.75375 13.985 0.005
6037.79745 14.005 0.005
6037.86857 14.018 0.005
6037.90907 13.998 0.005
6038.72205 13.975 0.005
6038.76365 13.984 0.005
6038.82889 13.987 0.005
6038.87399 13.989 0.005
6038.92461 13.975 0.005
6039.74515 13.933 0.005
6039.79139 13.945 0.005
6039.85155 13.958 0.005
6039.89597 13.957 0.005
6039.93423 13.932 0.005
6040.76246 13.917 0.005
6040.80438 13.920 0.005
6040.86744 13.924 0.005
6040.90860 13.922 0.005
6041.71043 13.903 0.005
6041.75518 13.900 0.005
6041.79937 13.898 0.005
6041.86114 13.911 0.005
6041.90146 13.906 0.005
6045.89599 13.763 0.005
6045.93363 13.783 0.005
6046.90722 13.739 0.005
6047.68024 13.725 0.005
6047.71939 13.730 0.005
6047.75889 13.701 0.005
6047.79846 13.709 0.005
6047.87159 13.689 0.005
6047.91292 13.734 0.005
6048.69668 13.697 0.005
6048.73697 13.702 0.005
6048.79804 13.691 0.005
6048.84251 13.696 0.005
6048.88578 13.701 0.005
6048.92687 13.699 0.005
6049.70535 13.643 0.005
6049.75900 13.683 0.005
6049.81760 13.686 0.005
6049.85826 13.672 0.005
6049.89941 13.678 0.005
6050.65752 13.626 0.005
6050.69470 13.618 0.005
6050.73381 13.620 0.005
6050.80417 13.617 0.005
6050.84407 13.641 0.005
6050.88294 13.642 0.005
6050.92167 13.612 0.005
6051.66384 13.603 0.005
6051.75317 13.627 0.005
6052.67908 13.566 0.005
6052.72702 13.560 0.005
6052.77522 13.594 0.005
6052.81431 13.591 0.005
6052.85526 13.594 0.005
6052.89405 13.597 0.005
6052.93259 13.593 0.005
6053.67070 13.562 0.005
6053.71074 13.567 0.005
6053.75822 13.566 0.005
6053.80612 13.582 0.005
6053.86151 13.577 0.005
6053.90247 13.567 0.005
6054.86568 13.551 0.005
6054.89883 13.541 0.005
6057.87757 13.463 0.005
6057.92556 13.460 0.005
6058.67735 13.429 0.005
6058.71736 13.433 0.005
6058.75670 13.440 0.005
6058.80075 13.441 0.005
6058.84740 13.435 0.005
6058.88903 13.436 0.005
6058.92752 13.423 0.005
6059.69487 13.393 0.005
6059.73350 13.397 0.005
6059.77195 13.403 0.005
6059.83210 13.410 0.005
6059.87092 13.409 0.005
6059.90980 13.402 0.005
6060.77757 13.372 0.005
6061.67136 13.327 0.005
6061.71025 13.317 0.005
6061.76032 13.340 0.005
6061.81087 13.333 0.005
6061.84978 13.337 0.005
6061.88803 13.317 0.005
6061.92659 13.320 0.005
6062.66592 13.277 0.005
6062.70876 13.271 0.005
6062.74778 13.267 0.005
6062.79739 13.278 0.005
6062.84857 13.285 0.005
6062.88687 13.282 0.005
6062.92486 13.274 0.005
6063.77661 13.215 0.005
6063.81772 13.221 0.005
6063.86631 13.214 0.005
6063.91355 13.217 0.005
6064.66419 13.166 0.005
6064.74033 13.191 0.005
6064.80205 13.189 0.005
6064.84377 13.183 0.005
6064.88627 13.173 0.005
6064.92472 13.171 0.005
6065.63522 13.116 0.005
6065.67336 13.119 0.005
6065.71186 13.125 0.005
6065.77260 13.151 0.005
6065.81399 13.122 0.005
6065.86111 13.113 0.005
6066.63767 13.060 0.005
6066.67561 13.068 0.005
6066.71363 13.070 0.005
6066.76403 13.089 0.005
6066.81805 13.063 0.005
6066.85866 13.068 0.005
6066.89887 13.068 0.005
6066.93706 13.073 0.005
6067.62193 13.010 0.005
6067.66257 13.011 0.005
6067.70065 13.022 0.005
6067.74958 13.044 0.005
6067.80084 13.022 0.005
6067.83976 13.034 0.005
6067.87862 13.012 0.005
6067.91644 13.015 0.005
6068.61679 12.952 0.005
6068.66578 12.966 0.005
6068.71252 12.965 0.005
6068.76468 12.965 0.005
6068.84041 12.973 0.005
6068.88516 12.971 0.005
6068.93185 12.943 0.005
6069.60450 12.891 0.005
6069.66499 12.891 0.005
6069.70488 12.889 0.005
6069.74437 12.901 0.005
6069.81155 12.896 0.005
6069.85323 12.910 0.005
6069.89378 12.901 0.005
6069.93190 12.880 0.005
6070.61413 12.833 0.005
6070.65228 12.828 0.005
6070.69204 12.836 0.005
6070.73029 12.838 0.005
6070.77909 12.834 0.005
6070.82911 12.836 0.005
6070.86901 12.830 0.005
6070.90750 12.817 0.005
6070.94666 12.811 0.005
6071.61412 12.776 0.005
6071.65333 12.768 0.005
6071.69296 12.773 0.005
6071.73171 12.786 0.005
6071.79508 12.764 0.005
6071.83492 12.771 0.005
6071.87300 12.773 0.005
6071.91097 12.759 0.005
6075.60812 12.599 0.005
6075.64625 12.611 0.005
6075.68452 12.619 0.005
6075.73533 12.612 0.005
6075.79012 12.625 0.005
6075.82963 12.607 0.005
6075.87408 12.600 0.005
6076.59924 12.540 0.005
6076.64087 12.537 0.005
6076.68764 12.539 0.005
6076.73487 12.559 0.005
6076.78388 12.542 0.005
6076.82261 12.535 0.005
6076.87193 12.517 0.005
6076.91763 12.522 0.005
6077.69976 12.504 0.005
6077.75887 12.500 0.005
6077.81785 12.506 0.005
6077.85887 12.516 0.005
6077.90025 12.507 0.005
6077.93889 12.497 0.005
6078.62078 12.497 0.005
6078.65888 12.478 0.005
6078.69735 12.498 0.005
6078.76016 12.496 0.005
6078.80130 12.504 0.005
6078.83950 12.478 0.005
6078.88366 12.499 0.005
6078.92316 12.478 0.005
6079.58600 12.472 0.005
6079.62525 12.470 0.005
6079.66321 12.476 0.005
6079.71658 12.475 0.005
6079.77685 12.462 0.005
6079.81601 12.463 0.005
6079.86665 12.496 0.005
6079.90653 12.438 0.005
6079.94529 12.420 0.005
6080.59570 12.415 0.005
6080.63382 12.421 0.005
6080.67683 12.433 0.005
6080.72215 12.442 0.005
6080.76224 12.420 0.005
6080.80155 12.433 0.005
6080.85886 12.412 0.005
6080.89979 12.405 0.005
6080.94159 12.405 0.005
6081.59143 12.393 0.005
6081.62922 12.405 0.005
6081.67027 12.404 0.005
6081.71565 12.421 0.005
6081.75495 12.431 0.005
6081.80967 12.419 0.005
6081.85291 12.393 0.005
6081.89155 12.376 0.005
6081.93955 12.369 0.005
6082.62322 12.381 0.005
6082.66236 12.383 0.005
6082.71309 12.379 0.005
6082.78439 12.380 0.005
6082.82876 12.372 0.005
6082.86577 12.378 0.005
6082.91045 12.370 0.005
6085.58653 12.331 0.005
6085.63643 12.344 0.005
6085.67270 12.349 0.005
6085.71662 12.358 0.005
6085.75953 12.346 0.005
6085.79833 12.350 0.005
6085.83717 12.344 0.005
6085.87700 12.335 0.005
6085.91735 12.331 0.005
6086.56991 12.323 0.005
6086.61032 12.331 0.005
6086.65346 12.345 0.005
6086.69243 12.360 0.005
6086.75554 12.358 0.005
6086.79383 12.331 0.005
6086.83923 12.345 0.005
6086.88572 12.326 0.005
6086.92710 12.311 0.005
6087.72640 12.323 0.005
6087.78275 12.347 0.005
6087.83377 12.325 0.005
6088.56163 12.315 0.005
6088.59946 12.320 0.005
6088.63785 12.326 0.005
6088.67565 12.371 0.005
6089.64169 12.333 0.005
6089.68048 12.325 0.005
6089.74162 12.334 0.005
6089.79200 12.330 0.005
6089.85314 12.326 0.005
6089.92818 12.316 0.005
6092.59782 12.342 0.005
6092.63590 12.353 0.005
6092.67625 12.341 0.005
6092.80568 12.342 0.005
6092.87525 12.345 0.005
6093.55061 12.350 0.005
6093.59217 12.352 0.005
6093.63023 12.362 0.005
6093.66823 12.354 0.005
6093.72870 12.383 0.005
6093.79067 12.360 0.005
6093.83066 12.358 0.005
6093.87116 12.360 0.005
6094.60416 12.367 0.005
6094.64165 12.371 0.005
6094.67915 12.377 0.005
6094.72897 12.381 0.005
6094.77617 12.378 0.005
6094.81518 12.377 0.005
6094.85444 12.373 0.005
6094.90441 12.371 0.005
6096.60290 12.398 0.005
6096.64848 12.407 0.005
6096.68780 12.404 0.005
6096.76243 12.406 0.005
6096.80176 12.404 0.005
6096.84265 12.405 0.005
6096.88475 12.401 0.005
6097.67659 12.422 0.005
6097.74925 12.431 0.005
6097.78798 12.428 0.005
6097.82562 12.432 0.005
6097.86528 12.430 0.005
6097.90396 12.426 0.005
6098.58302 12.434 0.005
6098.62271 12.432 0.005
6098.66030 12.441 0.005
6098.71191 12.441 0.005
6098.76196 12.461 0.005
6098.80246 12.447 0.005
6098.84120 12.452 0.005
6098.87914 12.439 0.005
6099.63923 12.458 0.005
6099.75011 12.455 0.005
6100.51400 12.464 0.005
6100.56995 12.477 0.005
6100.60988 12.479 0.005
6100.64753 12.481 0.005
6100.70750 12.503 0.005
6100.74675 12.498 0.005
6100.78452 12.485 0.005
6100.83495 12.490 0.005
6100.87266 12.472 0.005
6101.51096 12.489 0.005
6101.54900 12.493 0.005
6101.58656 12.505 0.005
6101.62470 12.515 0.005
6101.66433 12.531 0.005
6101.72609 12.526 0.005
6101.76504 12.518 0.005
6101.80403 12.507 0.005
6101.85156 12.500 0.005
6102.51191 12.520 0.005
6102.55085 12.517 0.005
6102.59929 12.528 0.005
6102.64651 12.533 0.005
6102.68607 12.537 0.005
6102.72615 12.563 0.005
6102.76508 12.561 0.005
6102.80488 12.541 0.005
6102.84482 12.532 0.005
6102.88409 12.529 0.005
6103.51697 12.543 0.005
6103.55631 12.564 0.005
6103.59746 12.555 0.005
6103.64685 12.606 0.005
6103.69586 12.558 0.005
6103.73670 12.554 0.005
6103.80218 12.546 0.005
6103.85038 12.539 0.005
6104.51834 12.564 0.005
6104.55625 12.584 0.005
6104.59384 12.588 0.005
6104.62987 12.595 0.005
6104.67935 12.623 0.005
6104.72140 12.596 0.005
6104.76017 12.579 0.005
6104.79981 12.571 0.005
6104.84583 12.568 0.005
6105.50070 12.571 0.005
6105.52869 12.575 0.005
6105.56633 12.580 0.005
6105.62444 12.590 0.005
6105.67944 12.593 0.005
6105.71847 12.594 0.005
6105.75831 12.585 0.005
6106.62427 12.607 0.005
6106.69266 12.609 0.005
6108.52845 12.649 0.005
6108.56733 12.663 0.005
6108.61994 12.656 0.005
6108.67096 12.676 0.005
6108.71358 12.688 0.005
6108.75315 12.691 0.005
6108.79201 12.666 0.005
6108.83395 12.681 0.005
6108.87058 12.651 0.005
6109.68201 12.708 0.005
6109.71840 12.695 0.005
6109.75628 12.690 0.005
6109.79913 12.686 0.005
6109.83929 12.677 0.005
6113.53552 12.772 0.005
6113.57778 12.776 0.005
6113.61542 12.786 0.005
6113.65657 12.786 0.005
6113.69733 12.796 0.005
6113.73627 12.783 0.005
6113.77402 12.792 0.005
6113.81188 12.789 0.005
6113.85050 12.776 0.005
6113.86145 12.776 0.005
6114.58608 12.807 0.005
6114.62209 12.811 0.005
6114.67149 12.811 0.005
6114.71989 12.825 0.005
6114.75750 12.811 0.005
6114.79654 12.819 0.005
6114.83805 12.814 0.005
6115.48331 12.821 0.005
6115.52253 12.827 0.005
6115.55983 12.837 0.005
6115.61002 12.852 0.005
6115.66658 12.839 0.005
6115.71047 12.833 0.005
6115.77564 12.842 0.005
6116.48141 12.851 0.005
6116.52300 12.863 0.005
6116.56308 12.865 0.005
6116.61122 12.878 0.005
6116.65983 12.874 0.005
6116.69784 12.875 0.005
6116.74510 12.871 0.005
6116.78385 12.867 0.005
6116.82584 12.865 0.005
6117.50334 12.887 0.005
6117.54079 12.882 0.005
6117.57813 12.894 0.005
6117.63006 12.899 0.005
6117.68082 12.908 0.005
6117.71966 12.902 0.005
6117.75883 12.901 0.005
6117.79633 12.897 0.005
6117.83433 12.895 0.005
6118.49337 12.907 0.005
6118.53162 12.914 0.005
6118.57192 12.924 0.005
6118.62224 12.934 0.005
6118.67785 12.935 0.005
6118.71983 12.933 0.005
6118.75861 12.925 0.005
6118.79583 12.920 0.005
6118.83349 12.916 0.005
6119.48165 12.922 0.005
6119.52083 12.928 0.005
6119.56103 12.937 0.005
6119.60835 12.935 0.005
6119.66038 12.938 0.005
6119.69914 12.949 0.005
6119.72650 12.944 0.005
6119.76605 12.942 0.005
6119.80433 12.936 0.005
6120.50974 12.963 0.005
6120.54925 12.963 0.005
6120.60424 12.964 0.005
6120.66531 12.971 0.005
6120.70451 12.963 0.005
6120.74593 12.970 0.005
6120.79165 12.966 0.005
6120.83139 12.969 0.005
6121.50157 12.990 0.005
6121.53931 12.987 0.005
6121.57688 13.013 0.005
6121.64419 13.003 0.005
6121.68225 13.008 0.005
6121.70841 12.998 0.005
6121.74648 13.005 0.005
6121.78600 12.995 0.005
6123.51425 13.033 0.005
6123.55266 13.032 0.005
6123.59977 13.035 0.005
6123.65068 13.041 0.005
6123.69023 13.040 0.005
6123.72797 13.039 0.005
6123.76921 13.038 0.005
6123.80820 13.034 0.005
6124.49816 13.048 0.005
6124.53786 13.060 0.005
6124.59886 13.063 0.005
6124.66884 13.070 0.005
6124.70857 13.066 0.005
6124.74918 13.062 0.005
6124.78947 13.066 0.005
6124.82933 13.061 0.005
6125.55334 13.077 0.005
6125.61512 13.077 0.005
6125.67016 13.083 0.005
6125.71271 13.087 0.005
6125.75800 13.086 0.005
6125.79864 13.084 0.005
6126.49092 13.101 0.005
6126.54229 13.106 0.005
6126.58766 13.105 0.005
6126.64678 13.106 0.005
6126.70548 13.108 0.005
6126.74982 13.107 0.005
6127.49123 13.120 0.005
6127.53316 13.124 0.005
6127.61774 13.131 0.005
6127.72000 13.138 0.005
6127.78819 13.125 0.005
6128.54232 13.158 0.005
6128.58174 13.155 0.005
6128.63066 13.161 0.005
6128.68117 13.155 0.005
6129.66050 13.189 0.005
6130.71633 13.209 0.005
6131.51731 13.218 0.005
6131.56503 13.224 0.005
6131.63117 13.230 0.005
6131.67643 13.231 0.005
6131.74593 13.225 0.005
6132.49787 13.244 0.005
6132.56758 13.257 0.005
6132.65418 13.250 0.005
6132.74059 13.262 0.005
6132.77712 13.255 0.005
6133.55127 13.271 0.005
6133.59972 13.277 0.005
6133.66180 13.285 0.005
6133.70493 13.284 0.005
6133.75358 13.282 0.005
6134.51983 13.295 0.005
6134.56294 13.296 0.005
6134.60641 13.296 0.005
6134.67326 13.305 0.005
6135.50371 13.321 0.005
6135.54542 13.320 0.005
6135.60574 13.325 0.005
6135.67267 13.325 0.005
6135.72523 13.336 0.005
6135.76718 13.332 0.005
6135.80867 13.325 0.005
6136.59524 13.350 0.005
6136.62140 13.350 0.005
6136.65188 13.349 0.005
6136.73010 13.355 0.005
6140.50600 13.454 0.005
6140.55434 13.458 0.005
6140.60735 13.454 0.005
6140.64521 13.461 0.005
6140.68436 13.459 0.005
6140.72752 13.455 0.005
6140.76729 13.454 0.005
6141.49363 13.491 0.005
6141.53130 13.488 0.005
6141.57957 13.487 0.005
6141.62913 13.487 0.005
6141.66679 13.491 0.005
6141.70771 13.493 0.005
6141.74625 13.493 0.005
6141.78272 13.492 0.005
6142.53487 13.503 0.005
6142.57738 13.504 0.005
6142.68402 13.496 0.005
6143.71781 13.518 0.005
6147.50472 13.632 0.005
6147.56518 13.623 0.005
6147.60739 13.632 0.005
6147.64868 13.635 0.005
6147.70253 13.641 0.005
6148.49671 13.626 0.005
6148.53490 13.685 0.005
6148.59490 13.655 0.005
6148.63871 13.684 0.005
6148.68062 13.653 0.005
6149.55993 13.688 0.005
6149.60523 13.688 0.005
6150.48298 13.709 0.005
6150.53595 13.708 0.005
6150.58829 13.716 0.005
6150.63848 13.723 0.005
6150.67839 13.726 0.005
6151.53980 13.737 0.005
6151.58089 13.740 0.005
6151.62131 13.746 0.005
6151.66081 13.744 0.005
6151.70221 13.742 0.005
6151.74030 13.747 0.005
6152.51151 13.774 0.005
6152.54985 13.777 0.005
6152.60450 13.779 0.005
6152.65448 13.779 0.005
6153.69330 13.799 0.005
6154.50008 13.827 0.005
6154.54008 13.830 0.005
6154.60938 13.831 0.005
6154.69280 13.826 0.005
6157.64766 13.899 0.005
6157.69099 13.904 0.005
6158.48786 13.936 0.005
6158.53829 13.935 0.005
6158.58877 13.924 0.005
6158.63061 13.940 0.005
6158.67004 13.931 0.005
6158.70949 13.931 0.005
6159.49534 13.943 0.005
6159.55035 13.952 0.005
6159.59126 13.952 0.005
6159.66231 13.957 0.005
6159.71853 13.939 0.005
6160.51911 13.995 0.005
6160.59091 13.998 0.005
6160.63246 13.985 0.005
6160.67257 13.988 0.005
6160.72541 13.984 0.005
6161.51495 13.980 0.005
6161.55642 13.985 0.005
6161.60709 13.999 0.005
6161.67958 13.987 0.005
6164.49238 14.091 0.005
6164.55538 14.082 0.005
6164.59410 14.073 0.005
6164.65118 14.069 0.005
6167.53673 14.136 0.005
6167.58686 14.109 0.005
6167.63933 14.119 0.005
6167.68178 14.127 0.005
6168.53884 14.194 0.005
6168.60346 14.184 0.005
6168.65981 14.190 0.005
6168.69722 14.175 0.005
6168.70440 14.177 0.005
6169.53094 14.211 0.005
6169.58134 14.190 0.005
6169.62179 14.196 0.005
6169.66164 14.194 0.005
6169.69941 14.195 0.005
6171.53515 14.248 0.005
6171.58418 14.243 0.005
6171.62583 14.255 0.005
6171.67292 14.270 0.005
6172.49410 14.321 0.005
6172.54541 14.267 0.005
6172.59445 14.280 0.005
6172.63435 14.278 0.005
6172.67636 14.261 0.005
6174.60012 14.290 0.005
6174.63398 14.298 0.005
6175.49723 14.341 0.005
6175.54558 14.339 0.005
6175.58385 14.333 0.005
6175.62220 14.332 0.005
6175.66870 14.322 0.005
6179.50000 14.391 0.005
6179.55892 14.392 0.005
6179.60067 14.382 0.005
6179.64149 14.375 0.005
6180.48740 14.342 0.005
6180.54684 14.395 0.005
6180.58469 14.399 0.005
6180.62584 14.425 0.005
6180.66122 14.414 0.005
6181.49182 14.405 0.005
6181.54584 14.429 0.005
6181.58754 14.434 0.005
6181.62661 14.443 0.005
6182.49220 14.434 0.005
6182.54709 14.463 0.005
6182.59529 14.462 0.005
6182.64041 14.453 0.005
6183.48932 14.432 0.005
6183.59232 14.466 0.005
6183.63141 14.454 0.005
6184.52719 14.486 0.005
6184.58566 14.503 0.005
6184.63147 14.501 0.005
6185.49404 14.499 0.005
6185.55288 14.499 0.005
6185.59221 14.511 0.005
6185.64254 14.521 0.005
6186.50685 14.494 0.005
6186.56390 14.476 0.005
6186.60959 14.508 0.005
6190.50386 14.557 0.005
6190.56077 14.580 0.005
6190.60125 14.575 0.005
6191.50080 14.550 0.005
6191.55657 14.558 0.005
6191.59929 14.552 0.005
6191.64253 14.572 0.005
6195.51789 14.591 0.005
6195.55853 14.600 0.005
6195.59721 14.598 0.005
6195.63505 14.607 0.005
6196.51698 14.575 0.005
6196.55555 14.606 0.005
6196.59631 14.602 0.005
6196.63212 14.601 0.005
6197.51866 14.623 0.005
6197.55730 14.584 0.005
6197.59805 14.614 0.005
6198.56370 14.631 0.005
6199.52771 14.624 0.005
6200.59710 14.593 0.005
6200.62024 14.621 0.005
6201.54457 14.569 0.005
6202.57682 14.582 0.005
6203.51642 14.618 0.005
6203.56720 14.617 0.005
6203.60787 14.597 0.005
6204.52068 14.613 0.005
6204.55931 14.607 0.005
6204.59713 14.617 0.005
6205.50061 14.623 0.005
6205.54355 14.634 0.005
6205.58162 14.624 0.005
6208.51319 14.622 0.005
6209.57699 14.579 0.005
6210.51454 14.613 0.005
6210.55271 14.620 0.005
6210.59184 14.608 0.005
6211.51611 14.588 0.005
6211.55831 14.599 0.005
6211.59674 14.564 0.005
6212.51550 14.578 0.005
6212.55430 14.576 0.005
6213.49052 14.544 0.005
6213.53067 14.569 0.005
6213.56917 14.558 0.005
6214.52352 14.543 0.005
6214.55914 14.541 0.005
6215.53499 14.476 0.005
6216.52626 14.527 0.005
6216.56512 14.522 0.005
6217.52084 14.504 0.005
6217.55892 14.505 0.005
6218.49579 14.493 0.005
6218.53426 14.454 0.005
6218.57244 14.489 0.005
6219.52861 14.468 0.005
6219.56727 14.445 0.005
6223.50915 14.361 0.005
6223.56015 14.391 0.005
6224.49617 14.288 0.005
6226.49933 14.306 0.005
6227.51558 14.286 0.005
6231.51852 14.099 0.005
6233.49943 14.008 0.005
6233.54899 14.017 0.005
6234.53673 13.970 0.005
6238.53404 13.757 0.005
6242.51164 13.542 0.005
6326.88207 12.478 0.005
6329.88112 12.589 0.005
6334.87640 12.771 0.005
6335.85670 12.804 0.005
6337.86779 12.881 0.005
6338.84630 12.913 0.005
6338.88989 12.929 0.005
6339.87262 12.963 0.005
6340.85244 12.993 0.005
6340.88276 13.007 0.005
6341.89118 13.032 0.005
6343.85548 13.096 0.005
6343.89102 13.097 0.005
6344.85473 13.151 0.005
6344.89828 13.132 0.005
6345.86348 13.167 0.005
6347.82677 13.220 0.005
6347.86673 13.245 0.005
6348.81880 13.259 0.005
6348.86031 13.276 0.005
6349.83020 13.292 0.005
6349.86576 13.291 0.005
6350.81937 13.325 0.005
6350.86585 13.329 0.005
6351.81797 13.346 0.005
6351.86628 13.365 0.005
6352.81573 13.393 0.005
6352.86215 13.415 0.005
6353.79693 13.426 0.005
6353.83753 13.435 0.005
6353.89357 13.441 0.005
6354.87025 13.464 0.005
6355.85539 13.490 0.005
6358.82579 13.590 0.005
6358.87022 13.591 0.005
6360.79223 13.655 0.005
6360.82962 13.664 0.005
6360.87722 13.653 0.005
6361.81525 13.640 0.005
6361.85258 13.644 0.005
6361.89571 13.643 0.005
6362.80063 13.675 0.005
6362.83803 13.699 0.005
6362.88936 13.665 0.005
6363.80698 13.696 0.005
6363.86195 13.696 0.005
6367.81721 13.807 0.005
6367.86557 13.796 0.005
6367.90400 13.855 0.005
6368.80228 13.831 0.005
6368.85539 13.845 0.005
6368.89544 13.830 0.005
6369.78295 13.868 0.005
6369.82254 13.858 0.005
6369.87745 13.875 0.005
6370.76782 13.893 0.005
6370.81260 13.903 0.005
6370.85592 13.900 0.005
6370.89520 13.914 0.005
6371.77725 13.928 0.005
6371.82625 13.940 0.005
6371.86502 13.945 0.005
6371.90845 13.944 0.005
6372.76999 13.946 0.005
6372.81871 13.969 0.005
6372.85856 13.978 0.005
6372.90118 13.962 0.005
6373.77009 13.975 0.005
6373.82428 13.996 0.005
6373.86373 13.979 0.005
6373.90333 13.992 0.005
6374.76914 13.992 0.005
6374.81867 14.023 0.005
6374.85905 14.027 0.005
6374.89992 14.020 0.005
6375.76680 14.023 0.005
6375.81565 14.042 0.005
6375.83392 14.037 0.005
6375.87396 14.052 0.005
6375.91464 14.049 0.005
6376.77759 14.043 0.005
6376.82997 14.074 0.005
6376.86912 14.058 0.005
6376.91171 14.080 0.005
6377.79213 14.095 0.005
6377.84187 14.093 0.005
6377.88269 14.134 0.005
6378.74929 14.101 0.005
6378.78843 14.115 0.005
6378.83714 14.125 0.005
6378.87848 14.125 0.005
6378.91825 14.117 0.005
6379.77306 14.140 0.005
6379.82224 14.142 0.005
6379.86176 14.136 0.005
6379.90757 14.175 0.005
6380.76272 14.140 0.005
6380.80116 14.173 0.005
6380.82475 14.175 0.005
6380.86547 14.174 0.005
6380.91148 14.196 0.005
6381.77038 14.168 0.005
6381.81949 14.188 0.005
6381.85826 14.212 0.005
6381.89816 14.213 0.005
6382.76480 14.201 0.005
6382.80319 14.202 0.005
6382.84239 14.208 0.005
6382.88307 14.210 0.005
6386.75791 14.303 0.005
6386.80891 14.304 0.005
6386.85521 14.304 0.005
6386.90641 14.298 0.005
6387.72871 14.314 0.005
6387.77084 14.330 0.005
6387.81517 14.319 0.005
6387.85414 14.327 0.005
6387.89589 14.319 0.005
6388.73076 14.347 0.005
6388.79325 14.350 0.005
6388.83240 14.353 0.005
6388.90639 14.358 0.005
6389.72908 14.386 0.005
6389.77008 14.377 0.005
6389.81131 14.374 0.005
6389.84978 14.362 0.005
6389.88931 14.369 0.005
6390.71406 14.397 0.005
6390.75416 14.384 0.005
6390.79600 14.379 0.005
6390.84045 14.388 0.005
6390.88534 14.392 0.005
6390.92589 14.345 0.005
6391.73049 14.404 0.005
6391.78150 14.387 0.005
6391.82141 14.390 0.005
6391.87432 14.405 0.005
6393.71878 14.401 0.005
6393.76464 14.401 0.005
6393.80390 14.444 0.005
6393.85627 14.444 0.005
6393.89957 14.461 0.005
6394.71910 14.470 0.005
6394.77173 14.453 0.005
6394.81919 14.463 0.005
6394.85827 14.449 0.005
6394.92292 14.454 0.005
6395.72280 14.486 0.005
6395.77141 14.472 0.005
6395.82107 14.485 0.005
6395.86008 14.511 0.005
6395.90412 14.480 0.005
6396.70828 14.500 0.005
6396.75516 14.508 0.005
6396.80495 14.505 0.005
6396.84765 14.509 0.005
6396.88864 14.474 0.005
6396.92821 14.430 0.005
6397.72131 14.489 0.005
6397.77213 14.501 0.005
6397.82103 14.496 0.005
6397.85890 14.503 0.005
6397.89762 14.479 0.005
6398.68980 14.494 0.005
6398.72874 14.511 0.005
6398.79055 14.470 0.005
6398.82856 14.483 0.005
6398.86890 14.477 0.005
6398.90955 14.490 0.005
6399.69562 14.518 0.005
6399.73443 14.498 0.005
6399.78327 14.530 0.005
6399.83111 14.514 0.005
6399.86968 14.507 0.005
6400.68184 14.512 0.005
6400.73050 14.509 0.005
6400.79509 14.536 0.005
6400.85095 14.530 0.005
6400.89889 14.512 0.005
6401.69969 14.542 0.005
6401.74381 14.559 0.005
6401.78542 14.536 0.005
6401.83271 14.562 0.005
6401.87441 14.546 0.005
6401.91276 14.539 0.005
6402.70603 14.548 0.005
6402.74389 14.561 0.005
6402.79106 14.563 0.005
6402.83977 14.554 0.005
6402.87981 14.542 0.005
6402.92149 14.483 0.005
6403.70943 14.588 0.005
6403.74701 14.575 0.005
6403.78631 14.585 0.005
6403.83326 14.576 0.005
6403.87317 14.576 0.005
6403.92987 14.523 0.005
6404.72910 14.547 0.005
6404.76853 14.551 0.005
6404.81776 14.543 0.005
6404.85691 14.555 0.005
6404.90574 14.543 0.005
6405.81317 14.514 0.005
6405.86074 14.565 0.005
6405.90282 14.567 0.005
6406.76030 14.553 0.005
6406.82118 14.531 0.005
6406.87644 14.536 0.005
6406.92263 14.602 0.005
6407.70035 14.570 0.005
6407.73817 14.545 0.005
6407.77637 14.594 0.005
6407.81584 14.568 0.005
6407.86574 14.572 0.005
6407.91392 14.560 0.005
6408.72815 14.548 0.005
6408.76902 14.568 0.005
6408.80888 14.575 0.005
6409.78406 14.576 0.005
6409.82785 14.603 0.005
6409.88364 14.589 0.005
6409.92178 14.578 0.005
6415.70707 14.593 0.005
6415.76210 14.587 0.005
6415.80274 14.579 0.005
6415.84614 14.550 0.005
6415.90405 14.603 0.005
6416.64436 14.568 0.005
6416.68910 14.564 0.005
6416.75239 14.588 0.005
6416.79055 14.589 0.005
6416.84089 14.584 0.005
6416.90604 14.585 0.005
6417.67732 14.568 0.005
6417.71480 14.564 0.005
6417.75300 14.566 0.005
6417.79988 14.569 0.005
6417.84067 14.550 0.005
6417.88865 14.542 0.005
6417.92805 14.558 0.005
6418.66050 14.542 0.005
6418.69806 14.530 0.005
6418.73556 14.536 0.005
6418.77315 14.552 0.005
6418.82178 14.548 0.005
6418.86219 14.555 0.005
6418.90953 14.578 0.005
6419.65866 14.532 0.005
6419.70938 14.546 0.005
6419.74744 14.541 0.005
6419.78632 14.527 0.005
6419.83752 14.523 0.005
6419.88514 14.524 0.005
6419.92316 14.523 0.005
6420.65157 14.534 0.005
6420.68917 14.540 0.005
6420.72702 14.552 0.005
6420.76290 14.552 0.005
6420.82250 14.535 0.005
6420.86137 14.551 0.005
6420.91034 14.539 0.005
6421.79077 14.543 0.005
6421.83148 14.565 0.005
6421.89005 14.518 0.005
6422.68292 14.523 0.005
6422.73514 14.559 0.005
6422.77299 14.559 0.005
6422.88457 14.482 0.005
6423.64514 14.520 0.005
6423.69284 14.517 0.005
6423.75005 14.498 0.005
6423.81413 14.511 0.005
6423.85265 14.507 0.005
6423.89133 14.511 0.005
6423.92934 14.498 0.005
6424.65287 14.500 0.005
6424.69334 14.500 0.005
6424.75268 14.519 0.005
6424.80294 14.529 0.005
6424.84701 14.504 0.005
6424.88849 14.497 0.005
6424.94135 14.474 0.005
6426.64089 14.495 0.005
6426.68156 14.479 0.005
6426.77678 14.479 0.005
6426.84008 14.484 0.005
6426.88119 14.463 0.005
6426.92195 14.487 0.005
6427.72391 14.423 0.005
6427.88464 14.453 0.005
6428.64315 14.435 0.005
6428.69260 14.444 0.005
6428.73410 14.443 0.005
6428.78466 14.450 0.005
6428.83861 14.438 0.005
6428.88118 14.446 0.005
6428.92153 14.414 0.005
6431.63499 14.338 0.005
6431.68169 14.356 0.005
6431.73222 14.375 0.005
6431.78379 14.394 0.005
6431.82599 14.382 0.005
6431.86629 14.376 0.005
6431.90700 14.343 0.005
6432.64118 14.342 0.005
6432.66336 14.347 0.005
6432.70631 14.353 0.005
6432.76566 14.356 0.005
6432.80754 14.348 0.005
6432.84758 14.344 0.005
6432.88831 14.317 0.005
6432.92881 14.347 0.005
6433.61183 14.313 0.005
6433.65229 14.309 0.005
6433.69292 14.309 0.005
6433.74281 14.316 0.005
6433.79439 14.286 0.005
6433.84695 14.310 0.005
6434.60344 14.276 0.005
6434.64222 14.275 0.005
6434.68427 14.287 0.005
6434.73371 14.284 0.005
6434.78459 14.296 0.005
6434.82682 14.282 0.005
6434.86703 14.286 0.005
6434.94068 14.232 0.005
6435.63077 14.231 0.005
6435.67283 14.252 0.005
6435.71504 14.258 0.005
6435.77487 14.264 0.005
6435.81729 14.250 0.005
6435.86073 14.247 0.005
6435.90399 14.243 0.005
6435.94410 14.229 0.005
6436.61682 14.199 0.005
6436.65971 14.192 0.005
6436.70175 14.219 0.005
6436.75401 14.215 0.005
6436.80782 14.204 0.005
6436.84921 14.199 0.005
6436.89101 14.202 0.005
6436.93295 14.201 0.005
6437.72341 14.163 0.005
6437.74871 14.162 0.005
6437.82760 14.164 0.005
6437.86339 14.158 0.005
6437.90534 14.160 0.005
6437.94582 14.143 0.005
6441.64061 14.018 0.005
6441.72437 14.015 0.005
6441.77636 14.009 0.005
6441.82925 14.010 0.005
6441.87270 14.011 0.005
6441.91424 14.003 0.005
6442.57247 13.990 0.005
6442.60931 13.987 0.005
6442.64934 14.000 0.005
6442.68941 13.998 0.005
6442.75093 14.002 0.005
6442.79323 13.988 0.005
6442.83361 13.988 0.005
6442.87344 13.985 0.005
6442.91325 13.979 0.005
6443.59150 13.924 0.005
6443.67045 13.925 0.005
6443.75269 13.934 0.005
6443.82147 13.916 0.005
6444.68970 13.881 0.005
6444.75933 13.900 0.005
6444.81249 13.896 0.005
6444.85336 13.897 0.005
6444.89516 13.896 0.005
6444.94556 13.882 0.005
6445.61391 13.851 0.005
6445.65852 13.863 0.005
6445.71558 13.864 0.005
6445.76293 13.856 0.005
6445.81993 13.858 0.005
6445.86520 13.833 0.005
6445.91278 13.839 0.005
6446.56078 13.763 0.005
6446.60359 13.797 0.005
6446.64598 13.768 0.005
6446.69562 13.786 0.005
6446.75097 13.787 0.005
6446.79362 13.795 0.005
6446.83574 13.817 0.005
6446.90182 13.806 0.005
6446.94235 13.787 0.005
6447.58088 13.742 0.005
6447.62014 13.736 0.005
6447.65988 13.756 0.005
6447.71014 13.749 0.005
6447.76533 13.739 0.005
6447.80715 13.763 0.005
6447.84722 13.746 0.005
6447.88774 13.765 0.005
6447.92838 13.754 0.005
6448.56812 13.710 0.005
6448.60992 13.689 0.005
6448.65027 13.707 0.005
6448.69141 13.701 0.005
6448.75164 13.743 0.005
6448.79430 13.699 0.005
6448.83618 13.716 0.005
6448.87682 13.707 0.005
6448.91909 13.702 0.005
6449.56660 13.672 0.005
6449.60995 13.652 0.005
6449.65320 13.657 0.005
6449.69348 13.698 0.005
6449.74537 13.666 0.005
6449.79559 13.648 0.005
6449.83690 13.676 0.005
6449.87740 13.652 0.005
6449.92034 13.654 0.005
6450.56046 13.620 0.005
6450.60317 13.608 0.005
6450.64580 13.648 0.005
6450.69556 13.661 0.005
6450.74589 13.661 0.005
6450.78695 13.644 0.005
6450.82800 13.646 0.005
6450.87365 13.636 0.005
6450.91747 13.615 0.005
6451.56320 13.586 0.005
6451.60865 13.579 0.005
6451.64909 13.608 0.005
6451.69159 13.615 0.005
6451.75301 13.570 0.005
6451.79379 13.598 0.005
6451.83453 13.558 0.005
6451.87524 13.573 0.005
6451.91763 13.578 0.005
6452.57032 13.566 0.005
6452.61302 13.584 0.005
6452.65378 13.578 0.005
6452.70885 13.580 0.005
6452.80565 13.575 0.005
6452.84820 13.570 0.005
6452.88948 13.554 0.005
6454.54950 13.494 0.005
6454.58022 13.479 0.005
6454.62278 13.478 0.005
6454.66326 13.475 0.005
6454.71402 13.486 0.005
6454.76648 13.474 0.005
6454.80762 13.469 0.005
6454.84809 13.465 0.005
6454.88915 13.462 0.005
6455.54391 13.430 0.005
6455.57997 13.430 0.005
6455.68619 13.426 0.005
6455.78516 13.421 0.005
6456.54796 13.395 0.005
6456.58889 13.421 0.005
6456.63003 13.407 0.005
6456.68122 13.428 0.005
6456.73370 13.412 0.005
6456.77519 13.387 0.005
6456.81584 13.383 0.005
6456.89175 13.379 0.005
6457.69922 13.344 0.005
6457.76208 13.342 0.005
6457.80321 13.338 0.005
6457.84461 13.334 0.005
6457.88510 13.322 0.005
6458.54649 13.283 0.005
6458.58657 13.284 0.005
6458.62827 13.281 0.005
6458.66888 13.293 0.005
6458.72030 13.283 0.005
6458.77159 13.295 0.005
6458.81266 13.296 0.005
6458.85346 13.282 0.005
6458.89803 13.272 0.005
6459.54051 13.233 0.005
6459.57992 13.243 0.005
6459.62283 13.240 0.005
6459.66489 13.253 0.005
6459.72977 13.261 0.005
6459.77165 13.254 0.005
6459.81263 13.252 0.005
6459.85374 13.234 0.005
6459.89442 13.222 0.005
6460.59263 13.182 0.005
6460.64342 13.189 0.005
6460.71777 13.191 0.005
6460.79238 13.177 0.005
6460.88889 13.181 0.005
6461.56870 13.142 0.005
6461.61041 13.137 0.005
6461.65197 13.136 0.005
6461.70085 13.130 0.005
6461.76933 13.135 0.005
6461.82220 13.127 0.005
6461.87346 13.129 0.005
6462.60849 13.079 0.005
6462.65056 13.084 0.005
6462.70235 13.072 0.005
6462.82958 13.071 0.005
6462.87053 13.066 0.005
6463.52297 13.015 0.005
6463.56446 13.017 0.005
6463.60360 13.016 0.005
6463.64482 13.026 0.005
6463.69935 13.031 0.005
6463.75360 13.027 0.005
6463.79494 13.021 0.005
6463.83612 13.018 0.005
6463.88033 13.012 0.005
6464.57287 12.974 0.005
6464.61238 12.974 0.005
6464.65280 12.972 0.005
6464.69964 12.979 0.005
6464.75263 12.972 0.005
6464.80349 12.968 0.005
6464.84515 12.964 0.005
6464.88759 12.956 0.005
6468.55921 12.780 0.005
6468.60020 12.787 0.005
6468.64116 12.780 0.005
6468.71034 12.772 0.005
6468.75430 12.776 0.005
6468.81409 12.779 0.005
6469.54198 12.727 0.005
6469.58241 12.736 0.005
6469.62251 12.742 0.005
6469.68595 12.729 0.005
6469.72956 12.739 0.005
6469.76988 12.746 0.005
6469.84276 12.720 0.005
6471.60645 12.648 0.005
6471.64800 12.643 0.005
6472.60489 12.602 0.005
6472.64391 12.603 0.005
6472.69650 12.604 0.005
6472.74830 12.601 0.005
6472.78889 12.597 0.005
6472.82952 12.591 0.005
6473.54923 12.559 0.005
6473.59150 12.565 0.005
6473.63184 12.583 0.005
6473.68373 12.566 0.005
6473.73477 12.567 0.005
6473.77581 12.557 0.005
6473.81622 12.552 0.005
6473.85684 12.543 0.005
6474.49382 12.502 0.005
6474.53834 12.512 0.005
6474.57853 12.507 0.005
6474.62386 12.505 0.005
6474.66457 12.509 0.005
6474.71941 12.512 0.005
6474.76921 12.509 0.005
6474.80954 12.492 0.005
6474.84976 12.489 0.005
6475.48550 12.455 0.005
6475.52736 12.460 0.005
6475.57042 12.455 0.005
6475.63161 12.472 0.005
6475.68267 12.466 0.005
6475.73185 12.475 0.005
6475.77216 12.468 0.005
6475.81424 12.457 0.005
6475.85711 12.435 0.005
6476.49836 12.420 0.005
6476.53908 12.421 0.005
6476.57990 12.409 0.005
6476.62131 12.420 0.005
6476.68677 12.417 0.005
6476.72761 12.416 0.005
6476.76839 12.412 0.005
6476.80891 12.406 0.005
6477.53242 12.351 0.005
6477.57357 12.352 0.005
6477.61427 12.352 0.005
6477.68011 12.357 0.005
6477.72086 12.360 0.005
6477.76139 12.347 0.005
6477.80250 12.351 0.005
6478.52994 12.302 0.005
6478.57022 12.308 0.005
6478.61042 12.316 0.005
6478.66601 12.302 0.005
6479.56472 12.257 0.005
6479.60564 12.256 0.005
6479.64733 12.255 0.005
6479.70179 12.250 0.005
6479.75969 12.244 0.005
6479.82435 12.249 0.005
6479.85174 12.246 0.005
6480.56177 12.210 0.005
6480.60237 12.211 0.005
6480.65329 12.226 0.005
6480.70523 12.217 0.005
6480.74566 12.206 0.005
6480.78613 12.203 0.005
6480.82787 12.203 0.005
6481.49918 12.170 0.005
6481.54049 12.178 0.005
6481.58407 12.170 0.005
6481.64191 12.168 0.005
6481.74259 12.177 0.005
6481.78513 12.168 0.005
6481.82755 12.166 0.005
6482.80207 12.151 0.005
6483.61136 12.093 0.005
6484.49352 12.076 0.005
6484.53400 12.070 0.005
6485.46698 12.044 0.005
6485.51270 12.044 0.005
6485.55947 12.056 0.005
6485.63814 12.071 0.005
6485.70127 12.080 0.005
6485.74408 12.087 0.005
6485.79015 12.047 0.005
6486.47058 12.036 0.005
6486.51306 12.052 0.005
6486.55939 12.040 0.005
6486.60469 12.040 0.005
6486.67052 12.066 0.005
6486.72339 12.047 0.005
6486.76777 12.051 0.005
6486.81050 12.051 0.005
6487.46879 12.051 0.005
6487.51292 12.041 0.005
6487.55905 12.041 0.005
6487.60021 12.097 0.005
6487.67296 12.065 0.005
6487.71377 12.062 0.005
6487.75746 12.053 0.005
6487.80275 12.042 0.005
6490.48218 11.996 0.005
6490.52312 12.001 0.005
6490.56377 12.003 0.005
6490.62178 11.989 0.005
6490.66904 12.017 0.005
6490.70974 12.023 0.005
6490.75047 12.002 0.005
6491.46999 11.992 0.005
6491.51303 11.978 0.005
6491.55800 11.985 0.005
6491.61827 11.985 0.005
6491.68996 12.016 0.005
6491.73189 12.023 0.005
6491.77419 11.998 0.005
6491.81807 11.976 0.005
6492.50201 11.974 0.005
6492.54850 11.983 0.005
6492.59880 11.983 0.005
6492.66371 11.969 0.005
6492.70252 11.979 0.005
6492.73560 11.980 0.005
6492.77937 11.957 0.005
6496.48724 11.935 0.005
6496.52771 11.947 0.005
6496.56769 11.953 0.005
6496.62828 11.941 0.005
6497.58222 11.940 0.005
6497.63467 11.940 0.005
6497.68523 11.933 0.005
6497.72637 11.939 0.005
6497.76711 11.945 0.005
6498.46793 12.007 0.005
6498.51151 11.998 0.005
6498.55642 12.045 0.005
6498.60055 12.023 0.005
6498.64805 11.952 0.005
6498.69095 11.958 0.005
6498.73428 11.974 0.005
6498.77983 11.960 0.005
6499.48215 11.951 0.005
6499.52584 11.968 0.005
6499.56870 11.977 0.005
6500.53798 11.946 0.005
6500.60190 11.961 0.005
6500.67941 11.959 0.005
6500.73045 11.945 0.005
6501.55802 11.960 0.005
6501.61865 11.972 0.005
6501.66409 11.976 0.005
6501.70649 11.979 0.005
6501.74943 11.971 0.005
6501.78787 11.963 0.005
6504.63930 12.020 0.005
6504.68156 12.003 0.005
6504.72403 11.995 0.005
6505.47556 11.996 0.005
6505.53534 12.008 0.005
6505.57990 12.015 0.005
6505.65129 12.021 0.005
6505.69221 12.024 0.005
6505.73510 11.999 0.005
6505.77746 12.011 0.005
6506.56871 12.021 0.005
6506.64911 12.021 0.005
6506.70995 12.025 0.005
6506.75183 12.027 0.005
6507.63999 12.042 0.005
6507.70897 12.058 0.005
6507.75997 12.057 0.005
6508.51837 12.040 0.005
6508.56972 12.052 0.005
6508.61785 12.080 0.005
6508.65996 12.074 0.005
6508.70158 12.057 0.005
6508.76148 12.075 0.005
6509.52297 12.083 0.005
6509.58369 12.116 0.005
6509.62543 12.116 0.005
6509.66711 12.075 0.005
6509.70843 12.067 0.005
6509.75104 12.051 0.005
6510.48945 12.088 0.005
6510.55221 12.107 0.005
6510.59914 12.128 0.005
6510.64172 12.108 0.005
6510.71162 12.069 0.005
6510.75559 12.074 0.005
6511.52176 12.084 0.005
6511.60024 12.102 0.005
6511.65495 12.100 0.005
6511.70469 12.097 0.005
6511.75747 12.093 0.005
6512.75046 12.107 0.005
6514.52050 12.136 0.005
6514.59319 12.165 0.005
6514.65869 12.158 0.005
6514.71386 12.146 0.005
6515.47734 12.185 0.005
6515.54518 12.169 0.005
6515.61086 12.177 0.005
6515.67472 12.174 0.005
6515.75390 12.147 0.005
6516.52039 12.172 0.005
6516.60272 12.184 0.005
6516.65458 12.176 0.005
6518.49018 12.218 0.005
6518.56212 12.274 0.005
6518.61541 12.244 0.005
6518.66233 12.251 0.005
6518.71050 12.226 0.005
6519.49592 12.254 0.005
6519.56828 12.273 0.005
6519.61676 12.282 0.005
6519.66827 12.269 0.005
6519.71567 12.248 0.005
6523.50405 12.387 0.005
6523.54237 12.396 0.005
6523.57837 12.405 0.005
6523.61745 12.386 0.005
6523.65809 12.381 0.005
6523.69948 12.371 0.005
6524.52092 12.421 0.005
6524.56961 12.429 0.005
6524.61776 12.421 0.005
6524.66635 12.422 0.005
6525.52370 12.432 0.005
6525.57162 12.444 0.005
6525.62375 12.442 0.005
6525.67396 12.443 0.005
6526.66539 12.471 0.005
6526.69613 12.465 0.005
6527.62682 12.504 0.005
6529.55415 12.570 0.005
6529.59729 12.571 0.005
6529.63987 12.571 0.005
6530.67729 12.625 0.005
6531.50681 12.641 0.005
6531.58275 12.657 0.005
6531.63030 12.649 0.005
6531.67834 12.650 0.005
6532.50839 12.678 0.005
6532.61240 12.686 0.005
6532.67377 12.681 0.005
6533.52390 12.725 0.005
6533.59443 12.725 0.005
6533.65553 12.707 0.005
6534.54755 12.758 0.005
6534.59840 12.752 0.005
6534.63865 12.746 0.005
6535.53282 12.791 0.005
6536.47775 12.822 0.005
6536.56959 12.846 0.005
6536.62008 12.827 0.005
6538.51603 12.908 0.005
6538.56870 12.907 0.005
6538.61111 12.905 0.005
6539.51816 12.949 0.005
6539.56403 12.952 0.005
6539.62190 12.952 0.005
6541.51399 13.024 0.005
6541.57378 13.031 0.005
6541.61945 13.034 0.005
6543.53160 13.092 0.005
6543.58308 13.098 0.005
6543.62742 13.093 0.005
6544.51894 13.125 0.005
6544.56954 13.127 0.005
6545.48143 13.163 0.005
6545.52696 13.172 0.005
6545.57205 13.160 0.005
6545.61795 13.167 0.005
6546.48938 13.201 0.005
6546.55710 13.202 0.005
6546.60931 13.208 0.005
6547.56858 13.244 0.005
6547.61571 13.240 0.005
6551.56283 13.388 0.005
6552.55465 13.430 0.005
6553.58756 13.467 0.005
6555.58594 13.541 0.005
6555.63751 13.522 0.005
6556.64852 13.570 0.005
6558.52624 13.666 0.005
6558.56680 13.628 0.005
6558.61974 13.641 0.005
6559.51210 13.676 0.005
6559.56589 13.658 0.005
6559.61897 13.682 0.005
6560.52653 13.692 0.005
6560.57019 13.697 0.005
6560.62601 13.708 0.005
6561.53060 13.741 0.005
6561.57099 13.738 0.005
6562.52944 13.780 0.005
6562.57655 13.780 0.005
6562.62003 13.777 0.005
6563.54525 13.790 0.005
6563.59122 13.799 0.005
6563.62875 13.794 0.005
6564.52416 13.832 0.005
6564.56569 13.845 0.005
6565.49281 13.858 0.005
6565.53691 13.865 0.005
6565.59091 13.873 0.005
6568.52987 13.927 0.005
6568.57067 13.940 0.005
6568.61355 13.943 0.005
6569.52109 13.997 0.005
6569.56206 13.991 0.005
6569.60319 13.971 0.005
6570.53961 14.013 0.005
6571.48623 14.023 0.005
6571.54693 14.030 0.005
6571.59613 14.039 0.005
6572.51945 14.055 0.005
6572.57809 14.059 0.005
6573.50000 14.098 0.005
6573.54070 14.100 0.005
6573.58738 14.104 0.005
6578.50645 14.204 0.005
6578.56144 14.202 0.005
6579.48619 14.223 0.005
6579.54544 14.250 0.005
6580.50343 14.252 0.005
6581.50492 14.282 0.005
6581.56179 14.295 0.005
6582.51659 14.302 0.005
6582.56899 14.300 0.005
6583.52747 14.310 0.005
6583.56480 14.337 0.005
6584.52150 14.329 0.005
6584.56663 14.338 0.005
6585.52352 14.325 0.005
6585.56138 14.327 0.005
6590.52246 14.412 0.005
6590.54360 14.508 0.005
6593.49825 14.514 0.005
6593.51114 14.533 0.005
6595.52026 14.589 0.005
6600.50156 14.646 0.005
6690.88458 12.467 0.005
6691.88019 12.435 0.005
6692.88146 12.410 0.005
6693.87356 12.358 0.005
6694.87489 12.359 0.005
6694.88957 12.368 0.005
6695.87975 12.353 0.005
6696.87274 12.324 0.005
6697.86922 12.296 0.005
6698.89117 12.283 0.005
6699.87604 12.322 0.005
6700.86175 12.282 0.005
6701.86711 12.308 0.005
6702.87318 12.294 0.005
6703.85726 12.283 0.005
6704.87872 12.325 0.005
6705.84980 12.300 0.005
6706.85043 12.319 0.005
6707.87539 12.335 0.005
6708.84818 12.386 0.005
6708.89769 12.374 0.005
6709.86137 12.383 0.005
6710.83777 12.400 0.005
6710.87761 12.438 0.005
6711.89820 12.427 0.005
6714.90208 12.443 0.005
6715.84798 12.479 0.005
6715.89116 12.479 0.005
6716.83793 12.474 0.005
6716.89240 12.516 0.005
6717.84033 12.489 0.005
6717.89574 12.499 0.005
6718.86277 12.520 0.005
6719.80886 12.525 0.005
6719.85783 12.552 0.005
6719.90361 12.560 0.005
6720.83335 12.559 0.005
6720.88024 12.576 0.005
6721.81511 12.568 0.005
6721.85907 12.582 0.005
6721.90385 12.591 0.005
6722.84078 12.606 0.005
6722.88794 12.625 0.005
6723.81186 12.624 0.005
6723.86620 12.645 0.005
6724.79587 12.642 0.005
6724.84668 12.649 0.005
6724.89176 12.649 0.005
6725.82122 12.667 0.005
6725.87102 12.670 0.005
6726.78578 12.679 0.005
6726.83366 12.694 0.005
6726.88286 12.695 0.005
6727.79068 12.714 0.005
6727.83896 12.738 0.005
6727.88636 12.726 0.005
6728.80460 12.726 0.005
6728.85698 12.748 0.005
6728.90028 12.738 0.005
6729.80935 12.759 0.005
6729.85974 12.758 0.005
6729.90351 12.770 0.005
6730.81072 12.764 0.005
6730.85915 12.771 0.005
6731.85440 12.783 0.005
6731.90323 12.791 0.005
6732.81876 12.806 0.005
6732.86594 12.811 0.005
6732.90912 12.820 0.005
6733.80439 12.838 0.005
6733.85122 12.848 0.005
6733.89471 12.861 0.005
6734.78593 12.851 0.005
6734.83756 12.862 0.005
6734.88165 12.869 0.005
6735.76295 12.872 0.005
6735.82947 12.876 0.005
6735.87453 12.879 0.005
6735.91784 12.884 0.005
6736.79329 12.880 0.005
6736.84953 12.892 0.005
6736.89499 12.912 0.005
6737.80115 12.931 0.005
6737.85023 12.947 0.005
6737.88102 12.934 0.005
6738.79228 12.943 0.005
6742.76589 13.048 0.005
6742.80745 13.064 0.005
6742.85228 13.068 0.005
6742.89534 13.062 0.005
6744.76241 13.096 0.005
6744.76718 13.092 0.005
6744.81614 13.102 0.005
6744.86148 13.111 0.005
6744.90545 13.117 0.005
6745.79847 13.138 0.005
6745.84183 13.134 0.005
6745.88505 13.146 0.005
6746.74194 13.155 0.005
6746.79033 13.160 0.005
6746.83529 13.172 0.005
6746.87844 13.164 0.005
6747.84450 13.206 0.005
6747.89204 13.204 0.005
6748.78956 13.222 0.005
6748.84687 13.226 0.005
6748.90090 13.233 0.005
6749.76631 13.253 0.005
6749.81280 13.271 0.005
6749.85577 13.281 0.005
6749.90851 13.268 0.005
6750.79083 13.281 0.005
6750.84848 13.301 0.005
6750.89525 13.321 0.005
6751.80520 13.350 0.005
6751.85567 13.347 0.005
6751.90145 13.338 0.005
6752.73451 13.342 0.005
6752.79668 13.367 0.005
6752.84196 13.368 0.005
6752.91676 13.369 0.005
6753.84416 13.392 0.005
6754.74896 13.423 0.005
6754.80117 13.425 0.005
6754.85759 13.434 0.005
6754.90895 13.431 0.005
6755.78841 13.459 0.005
6755.83837 13.467 0.005
6755.89259 13.474 0.005
6756.75845 13.512 0.005
6756.81715 13.513 0.005
6756.86126 13.507 0.005
6756.91576 13.503 0.005
6757.73613 13.528 0.005
6757.78522 13.530 0.005
6757.84284 13.518 0.005
6757.89206 13.541 0.005
6758.72541 13.551 0.005
6758.83266 13.544 0.005
6758.88887 13.547 0.005
6759.70121 13.576 0.005
6759.73884 13.615 0.005
6759.79794 13.615 0.005
6759.85315 13.637 0.005
6759.89898 13.639 0.005
6760.69641 13.639 0.005
6760.74405 13.648 0.005
6760.80293 13.640 0.005
6760.84857 13.651 0.005
6761.70652 13.629 0.005
6761.75668 13.626 0.005
6761.80013 13.668 0.005
6761.84428 13.668 0.005
6761.89555 13.645 0.005
6762.71633 13.690 0.005
6762.76424 13.704 0.005
6762.86021 13.720 0.005
6762.90565 13.697 0.005
6763.70453 13.701 0.005
6763.75233 13.733 0.005
6763.79885 13.729 0.005
6763.85604 13.691 0.005
6763.90169 13.729 0.005
6764.69994 13.709 0.005
6764.75318 13.764 0.005
6764.80122 13.714 0.005
6764.84424 13.780 0.005
6764.88977 13.746 0.005
6765.70910 13.777 0.005
6765.76129 13.765 0.005
6765.81179 13.805 0.005
6765.83932 13.771 0.005
6765.90391 13.784 0.005
6768.75575 13.891 0.005
6768.80659 13.872 0.005
6768.85961 13.842 0.005
6768.91113 13.855 0.005
6769.68682 13.886 0.005
6769.73407 13.862 0.005
6769.77987 13.901 0.005
6769.82382 13.888 0.005
6769.86772 13.909 0.005
6769.91142 13.903 0.005
6770.68812 13.900 0.005
6770.73963 13.916 0.005
6770.78330 13.923 0.005
6770.82718 13.903 0.005
6770.87283 13.925 0.005
6770.91840 13.921 0.005
6771.71831 13.944 0.005
6771.76770 13.932 0.005
6771.83803 13.943 0.005
6771.88457 13.953 0.005
6771.92834 13.936 0.005
6772.70362 13.987 0.005
6772.76866 13.989 0.005
6772.81203 13.999 0.005
6772.87002 13.988 0.005
6772.91477 13.989 0.005
6773.69781 13.980 0.005
6773.74778 13.985 0.005
6773.80334 14.000 0.005
6773.84834 14.009 0.005
6773.90275 14.017 0.005
6774.68370 14.007 0.005
6774.72956 14.021 0.005
6774.77698 14.013 0.005
6774.82039 14.019 0.005
6775.66411 14.057 0.005
6775.71030 14.068 0.005
6775.77290 14.079 0.005
6775.82637 14.066 0.005
6775.88387 14.064 0.005
6775.92763 14.062 0.005
6776.69872 14.052 0.005
6776.75992 14.076 0.005
6776.81293 14.087 0.005
6776.87290 14.084 0.005
6776.93427 14.077 0.005
6777.76141 14.106 0.005
6777.80907 14.104 0.005
6777.88407 14.094 0.005
6777.93844 14.091 0.005
6784.69032 14.198 0.005
6784.73607 14.252 0.005
6784.79441 14.252 0.005
6784.84557 14.234 0.005
6784.89091 14.238 0.005
6784.93542 14.222 0.005
6785.66796 14.265 0.005
6785.71673 14.259 0.005
6785.77162 14.259 0.005
6785.82899 14.242 0.005
6785.88299 14.248 0.005
6785.93002 14.241 0.005
6786.67626 14.275 0.005
6786.72559 14.288 0.005
6786.78082 14.293 0.005
6786.86173 14.271 0.005
6786.90827 14.271 0.005
6787.72907 14.296 0.005
6787.79282 14.296 0.005
6787.83838 14.299 0.005
6788.81288 14.316 0.005
6789.63408 14.334 0.005
6789.67809 14.337 0.005
6789.72188 14.343 0.005
6789.76517 14.353 0.005
6789.81282 14.353 0.005
6789.86720 14.338 0.005
6789.92492 14.336 0.005
6790.63579 14.355 0.005
6790.67959 14.352 0.005
6790.72308 14.349 0.005
6790.76715 14.348 0.005
6790.81970 14.350 0.005
6790.86538 14.346 0.005
6790.91896 14.349 0.005
6791.62826 14.361 0.005
6791.67227 14.350 0.005
6791.72133 14.353 0.005
6791.76550 14.380 0.005
6791.81468 14.352 0.005
6791.86126 14.364 0.005
6791.90681 14.363 0.005
6792.61156 14.353 0.005
6792.65724 14.383 0.005
6792.70035 14.387 0.005
6792.72864 14.387 0.005
6792.75194 14.385 0.005
6792.78994 14.394 0.005
6792.82972 14.371 0.005
6792.87273 14.380 0.005
6792.90993 14.388 0.005
6792.93768 14.383 0.005
6796.63558 14.431 0.005
6796.68229 14.430 0.005
6796.72738 14.426 0.005
6796.77330 14.454 0.005
6796.82395 14.438 0.005
6796.86892 14.443 0.005
6796.91338 14.449 0.005
6797.62163 14.449 0.005
6797.64275 14.431 0.005
6797.70334 14.434 0.005
6797.75105 14.453 0.005
6797.79772 14.439 0.005
6797.84266 14.458 0.005
6797.88385 14.479 0.005
6797.92154 14.474 0.005
6798.68168 14.437 0.005
6798.75927 14.452 0.005
6798.79315 14.425 0.005
6798.84939 14.454 0.005
6798.91505 14.464 0.005
6799.82936 14.430 0.005
6799.90396 14.456 0.005
6803.63763 14.580 0.005
6803.67618 14.584 0.005
6803.72464 14.607 0.005
6803.77484 14.583 0.005
6803.81918 14.591 0.005
6803.86667 14.595 0.005
6803.90566 14.591 0.005
6803.94340 14.578 0.005
6804.60215 14.585 0.005
6804.64914 14.587 0.005
6804.70364 14.601 0.005
6804.75143 14.586 0.005
6804.80808 14.602 0.005
6804.85167 14.574 0.005
6804.89639 14.578 0.005
6804.93397 14.554 0.005
6805.60542 14.592 0.005
6805.65314 14.596 0.005
6805.70173 14.591 0.005
6805.75820 14.617 0.005
6805.81354 14.599 0.005
6805.85702 14.575 0.005
6805.90002 14.585 0.005
6805.94207 14.620 0.005
6806.88330 14.597 0.005
6807.62784 14.611 0.005
6807.68273 14.617 0.005
6807.73364 14.619 0.005
6807.78050 14.590 0.005
6807.82571 14.623 0.005
6807.87054 14.616 0.005
6807.91282 14.622 0.005
6808.58364 14.633 0.005
6808.62847 14.637 0.005
6808.67667 14.628 0.005
6808.73205 14.656 0.005
6808.78895 14.635 0.005
6808.83451 14.658 0.005
6808.87916 14.649 0.005
6808.92073 14.646 0.005
6809.57301 14.665 0.005
6809.63120 14.677 0.005
6809.68015 14.691 0.005
6809.74558 14.672 0.005
6809.79305 14.669 0.005
6809.85764 14.670 0.005
6809.90207 14.666 0.005
6810.57028 14.609 0.005
6810.61592 14.644 0.005
6810.66347 14.656 0.005
6810.70768 14.659 0.005
6810.77525 14.665 0.005
6810.81992 14.687 0.005
6810.87417 14.672 0.005
6810.91703 14.672 0.005
6811.57468 14.669 0.005
6811.61348 14.669 0.005
6811.65909 14.661 0.005
6811.71633 14.678 0.005
6811.77913 14.690 0.005
6811.82534 14.677 0.005
6811.87366 14.690 0.005
6811.91708 14.690 0.005
6813.62392 14.677 0.005
6813.65807 14.685 0.005
6813.70450 14.694 0.005
6813.76475 14.697 0.005
6813.82174 14.718 0.005
6813.87231 14.726 0.005
6813.91663 14.708 0.005
6814.60163 14.719 0.005
6814.64778 14.701 0.005
6814.73445 14.746 0.005
6814.78288 14.714 0.005
6814.82747 14.712 0.005
6814.87303 14.742 0.005
6814.91815 14.730 0.005
6815.58236 14.705 0.005
6815.62783 14.681 0.005
6815.67616 14.717 0.005
6815.74544 14.729 0.005
6815.79999 14.725 0.005
6815.85675 14.723 0.005
6815.90428 14.735 0.005
6815.94028 14.738 0.005
6816.62687 14.726 0.005
6816.69759 14.717 0.005
6816.75471 14.716 0.005
6816.80898 14.736 0.005
6816.85900 14.741 0.005
6817.57377 14.751 0.005
6817.61958 14.762 0.005
6817.66811 14.748 0.005
6817.71873 14.767 0.005
6817.76521 14.739 0.005
6817.80928 14.753 0.005
6817.87279 14.751 0.005
6817.91270 14.748 0.005
6818.55769 14.709 0.005
6818.67885 14.683 0.005
6819.55552 14.737 0.005
6819.59276 14.741 0.005
6819.63021 14.736 0.005
6819.66988 14.735 0.005
6819.71781 14.773 0.005
6819.75785 14.767 0.005
6819.80008 14.748 0.005
6819.84734 14.756 0.005
6823.70519 14.715 0.005
6823.73753 14.725 0.005
6823.78175 14.701 0.005
6823.82849 14.712 0.005
6823.86947 14.722 0.005
6823.91600 14.721 0.005
6824.57889 14.692 0.005
6824.62971 14.754 0.005
6824.67836 14.744 0.005
6824.74233 14.776 0.005
6824.79721 14.771 0.005
6824.84147 14.761 0.005
6824.88628 14.770 0.005
6825.54746 14.725 0.005
6825.59310 14.741 0.005
6825.63751 14.723 0.005
6825.69253 14.679 0.005
6825.74982 14.726 0.005
6825.79470 14.722 0.005
6825.83919 14.685 0.005
6825.88911 14.729 0.005
6826.52784 14.745 0.005
6826.57302 14.740 0.005
6826.61667 14.725 0.005
6826.66108 14.755 0.005
6826.72854 14.729 0.005
6826.77355 14.769 0.005
6826.83084 14.746 0.005
6826.88352 14.733 0.005
6827.54318 14.720 0.005
6827.58809 14.741 0.005
6827.63315 14.754 0.005
6827.70055 14.773 0.005
6827.76773 14.766 0.005
6827.81272 14.759 0.005
6827.85731 14.744 0.005
6827.89581 14.752 0.005
6828.57555 14.757 0.005
6828.62259 14.764 0.005
6828.67620 14.783 0.005
6828.73603 14.758 0.005
6828.80049 14.761 0.005
6828.84612 14.757 0.005
6828.88446 14.744 0.005
6829.53062 14.700 0.005
6829.57559 14.699 0.005
6829.61900 14.717 0.005
6829.68415 14.746 0.005
6829.73120 14.724 0.005
6829.77467 14.732 0.005
6829.81859 14.752 0.005
6829.86079 14.751 0.005
6830.53584 14.738 0.005
6830.58287 14.728 0.005
6830.62707 14.738 0.005
6830.69381 14.745 0.005
6830.73961 14.743 0.005
6830.78395 14.730 0.005
6830.83430 14.747 0.005
6830.87944 14.750 0.005
6831.60809 14.734 0.005
6831.64493 14.755 0.005
6831.71467 14.739 0.005
6831.75951 14.736 0.005
6831.80649 14.732 0.005
6831.85256 14.745 0.005
6832.50501 14.710 0.005
6832.55635 14.721 0.005
6832.60396 14.711 0.005
6832.66934 14.713 0.005
6832.71709 14.689 0.005
6832.76215 14.710 0.005
6832.80786 14.734 0.005
6833.51207 14.703 0.005
6833.55617 14.702 0.005
6833.60789 14.736 0.005
6833.66075 14.724 0.005
6833.72109 14.725 0.005
6833.76497 14.731 0.005
6833.80868 14.708 0.005
6833.85081 14.699 0.005
6834.51069 14.660 0.005
6834.55558 14.665 0.005
6834.59914 14.687 0.005
6834.64235 14.674 0.005
6834.70874 14.683 0.005
6834.75339 14.702 0.005
6834.79778 14.631 0.005
6834.84018 14.663 0.005
6835.53277 14.639 0.005
6835.57828 14.646 0.005
6835.62157 14.647 0.005
6835.68665 14.654 0.005
6835.73155 14.653 0.005
6835.77584 14.649 0.005
6835.81992 14.659 0.005
6835.86154 14.650 0.005
6836.53086 14.614 0.005
6836.58791 14.619 0.005
6836.62826 14.606 0.005
6836.68811 14.608 0.005
6836.73524 14.598 0.005
6836.77965 14.622 0.005
6836.82373 14.629 0.005
6836.86344 14.621 0.005
6837.52318 14.634 0.005
6837.56676 14.645 0.005
6837.61000 14.653 0.005
6837.66369 14.655 0.005
6837.71872 14.639 0.005
6837.76290 14.627 0.005
6837.80704 14.627 0.005
6837.84616 14.627 0.005
6838.50415 14.606 0.005
6838.54853 14.600 0.005
6838.59541 14.598 0.005
6838.63866 14.608 0.005
6838.70482 14.609 0.005
6838.74839 14.621 0.005
6838.79267 14.614 0.005
6838.83502 14.609 0.005
6839.50034 14.592 0.005
6839.54833 14.591 0.005
6839.59226 14.599 0.005
6839.63685 14.598 0.005
6839.70571 14.574 0.005
6839.74946 14.604 0.005
6839.79394 14.596 0.005
6839.83368 14.597 0.005
6840.52657 14.556 0.005
6840.57772 14.530 0.005
6840.63212 14.561 0.005
6840.68740 14.558 0.005
6840.74028 14.583 0.005
6840.78352 14.580 0.005
6841.51805 14.527 0.005
6841.57945 14.532 0.005
6841.63297 14.547 0.005
6841.68802 14.546 0.005
6841.73262 14.549 0.005
6841.77702 14.534 0.005
6841.81886 14.536 0.005
6842.50753 14.520 0.005
6842.54983 14.517 0.005
6842.59297 14.506 0.005
6842.64727 14.525 0.005
6842.70149 14.536 0.005
6842.74731 14.528 0.005
6842.79106 14.537 0.005
6842.83561 14.499 0.005
6844.50427 14.459 0.005
6844.54923 14.465 0.005
6844.59288 14.469 0.005
6844.64795 14.458 0.005
6844.70683 14.461 0.005
6844.75106 14.460 0.005
6844.79602 14.457 0.005
6844.83494 14.456 0.005
6845.47904 14.434 0.005
6845.52231 14.437 0.005
6845.56537 14.437 0.005
6845.60850 14.433 0.005
6845.66254 14.422 0.005
6845.71630 14.419 0.005
6845.76019 14.407 0.005
6845.80449 14.420 0.005
6846.80745 14.378 0.005
6847.48439 14.359 0.005
6847.52159 14.354 0.005
6847.55891 14.355 0.005
6847.59746 14.343 0.005
6847.63666 14.354 0.005
6847.67786 14.351 0.005
6847.71537 14.342 0.005
6847.75274 14.344 0.005
6847.78992 14.343 0.005
6847.82731 14.345 0.005
6848.73478 14.308 0.005
6848.76499 14.307 0.005
6848.78089 14.290 0.005
6848.79949 14.297 0.005
6848.81646 14.295 0.005
6849.66802 14.275 0.005
6850.55318 14.252 0.005
6850.56430 14.263 0.005
6850.58651 14.253 0.005
6850.61031 14.251 0.005
6850.63701 14.256 0.005
6850.64782 14.251 0.005
6850.68410 14.239 0.005
6850.70919 14.253 0.005
6850.76304 14.256 0.005
6850.78767 14.259 0.005
6851.48834 14.231 0.005
6851.53684 14.238 0.005
6851.58343 14.233 0.005
6851.63060 14.212 0.005
6851.67862 14.231 0.005
6851.72525 14.234 0.005
6851.77169 14.224 0.005
6851.81933 14.219 0.005
6852.51014 14.204 0.005
6852.55557 14.194 0.005
6852.61412 14.193 0.005
6852.68105 14.186 0.005
6852.72708 14.177 0.005
6852.80012 14.185 0.005
6853.61131 14.174 0.005
6854.49052 14.149 0.005
6854.51827 14.145 0.005
6854.53431 14.145 0.005
6854.55363 14.154 0.005
6854.67932 14.154 0.005
6855.46882 14.088 0.005
6855.51481 14.118 0.005
6855.56228 14.108 0.005
6855.60638 14.116 0.005
6855.67355 14.109 0.005
6855.71803 14.103 0.005
6855.76426 14.091 0.005
6855.80789 14.095 0.005
6856.48421 14.094 0.005
6856.52950 14.095 0.005
6856.57346 14.089 0.005
6856.64007 14.070 0.005
6856.68422 14.076 0.005
6856.72763 14.070 0.005
6856.77427 14.053 0.005
6857.46886 14.057 0.005
6857.51280 14.052 0.005
6857.55738 14.037 0.005
6857.61170 14.072 0.005
6857.67044 14.044 0.005
6857.71423 14.043 0.005
6857.76579 14.030 0.005
6858.46873 14.025 0.005
6858.51303 14.021 0.005
6858.55765 14.026 0.005
6858.62303 14.037 0.005
6858.66884 14.018 0.005
6858.71316 14.010 0.005
6858.75946 14.009 0.005
6859.57153 13.989 0.005
6859.63147 13.990 0.005
6859.68604 13.985 0.005
6859.73582 13.986 0.005
6859.78274 13.968 0.005
6862.61197 13.904 0.005
6862.65806 13.904 0.005
6862.70197 13.900 0.005
6862.74883 13.896 0.005
6863.47132 13.881 0.005
6863.51621 13.861 0.005
6863.57461 13.866 0.005
6863.63160 13.881 0.005
6863.67662 13.873 0.005
6863.72334 13.865 0.005
6863.76882 13.872 0.005
6864.48695 13.828 0.005
6864.53364 13.838 0.005
6864.59000 13.834 0.005
6864.64482 13.839 0.005
6864.68936 13.845 0.005
6864.74235 13.836 0.005
6865.53782 13.794 0.005
6865.67372 13.805 0.005
6865.69227 13.807 0.005
6866.71453 13.762 0.005
6866.75399 13.756 0.005
6866.78817 13.760 0.005
6867.64179 13.719 0.005
6870.52631 13.546 0.005
6870.57906 13.531 0.005
6870.67038 13.552 0.005
6870.72193 13.538 0.005
6871.53592 13.514 0.005
6871.60617 13.505 0.005
6872.58943 13.444 0.005
6872.64657 13.447 0.005
6873.49643 13.392 0.005
6873.57190 13.393 0.005
6874.55125 13.334 0.005
6874.63998 13.331 0.005
6874.70433 13.321 0.005
6879.51762 13.071 0.005
6879.57703 13.069 0.005
6879.64597 13.075 0.005
6879.70814 13.062 0.005
6879.75502 13.052 0.005
6880.55932 13.024 0.005
6880.61990 13.029 0.005
6880.67417 13.021 0.005
6880.72022 13.012 0.005
6881.48210 12.985 0.005
6881.55355 12.987 0.005
6881.62369 12.982 0.005
6881.69276 12.977 0.005
6882.47539 12.951 0.005
6882.53074 12.948 0.005
6882.57884 12.952 0.005
6882.62435 12.957 0.005
6882.67279 12.941 0.005
6882.71963 12.929 0.005
6883.48005 12.908 0.005
6883.50801 12.910 0.005
6883.55186 12.914 0.005
6883.59614 12.901 0.005
6883.63174 12.896 0.005
6883.65409 12.886 0.005
6883.67052 12.895 0.005
6883.68801 12.892 0.005
6883.73285 12.890 0.005
6884.67617 12.855 0.005
6884.71846 12.848 0.005
6885.48843 12.834 0.005
6885.55648 12.836 0.005
6885.60211 12.837 0.005
6885.65035 12.817 0.005
6885.69802 12.815 0.005
6886.47388 12.791 0.005
6886.53241 12.799 0.005
6886.59044 12.799 0.005
6886.63670 12.791 0.005
6886.68277 12.781 0.005
6886.72456 12.776 0.005
6887.51617 12.764 0.005
6887.57734 12.773 0.005
6887.62410 12.761 0.005
6887.67441 12.741 0.005
6887.71586 12.727 0.005
6888.51595 12.729 0.005
6888.57329 12.725 0.005
6888.62472 12.713 0.005
6888.67609 12.718 0.005
6889.47732 12.678 0.005
6889.54355 12.673 0.005
6889.59088 12.685 0.005
6889.63788 12.672 0.005
6889.68555 12.653 0.005
6890.47767 12.653 0.005
6890.54428 12.645 0.005
6890.59413 12.637 0.005
6890.63878 12.630 0.005
6890.68303 12.632 0.005
6891.47778 12.603 0.005
6891.54933 12.619 0.005
6891.59462 12.611 0.005
6891.64391 12.594 0.005
6891.68875 12.587 0.005
6895.49744 12.481 0.005
6895.56709 12.484 0.005
6895.61173 12.475 0.005
6895.65943 12.464 0.005
6896.47700 12.440 0.005
6896.55030 12.440 0.005
6896.59481 12.444 0.005
6896.63880 12.439 0.005
6898.51226 12.397 0.005
6898.61552 12.385 0.005
6900.49441 12.362 0.005
6900.53865 12.399 0.005
6907.51268 12.345 0.005
6907.55657 12.325 0.005
6907.59987 12.325 0.005
6907.64365 12.310 0.005
6908.48466 12.328 0.005
6908.51212 12.327 0.005
6908.55008 12.331 0.005
6908.60202 12.330 0.005
6909.50279 12.334 0.005
6909.55866 12.330 0.005
6909.61288 12.329 0.005
6910.58118 12.339 0.005
6912.48293 12.341 0.005
6912.49409 12.334 0.005
6912.54697 12.333 0.005
6912.59736 12.341 0.005
6912.64058 12.328 0.005
6915.49803 12.365 0.005
6915.54887 12.367 0.005
6915.59228 12.365 0.005
6916.50982 12.394 0.005
6916.53056 12.394 0.005
6918.53073 12.416 0.005
6918.57472 12.413 0.005
6918.62047 12.418 0.005
6919.49995 12.434 0.005
6919.55902 12.432 0.005
6919.60417 12.427 0.005
6921.61660 12.455 0.005
6922.49562 12.480 0.005
6922.53895 12.481 0.005
6922.58428 12.482 0.005
6923.48215 12.495 0.005
6923.53142 12.496 0.005
6923.58171 12.498 0.005
6924.49785 12.507 0.005
6924.54114 12.508 0.005
6924.58666 12.499 0.005
6925.50736 12.534 0.005
6925.55246 12.522 0.005
6925.59812 12.518 0.005
6926.49685 12.545 0.005
6926.54766 12.544 0.005
6926.59113 12.534 0.005
6927.52387 12.551 0.005
6927.56774 12.543 0.005
6927.61133 12.539 0.005
6928.52824 12.589 0.005
6928.57319 12.565 0.005
6929.50547 12.575 0.005
6929.56156 12.577 0.005
6929.60464 12.576 0.005
6930.52080 12.614 0.005
6930.57527 12.601 0.005
6935.51279 12.692 0.005
6936.51914 12.715 0.005
6936.56410 12.702 0.005
6937.51667 12.744 0.005
6937.56099 12.752 0.005
6938.50161 12.781 0.005
6938.54590 12.771 0.005
6939.52505 12.797 0.005
6940.50569 12.818 0.005
6940.55052 12.811 0.005
6941.52388 12.835 0.005
6942.52022 12.856 0.005
6942.56372 12.857 0.005
6943.52580 12.885 0.005
6944.50826 12.898 0.005
6946.49906 12.944 0.005
6947.51576 12.960 0.005
6948.51669 12.981 0.005
6950.50256 13.024 0.005
6951.50734 13.038 0.005
6952.50561 13.061 0.005
6953.53646 13.051 0.005
6955.49287 13.093 0.005
6955.53559 13.094 0.005
6959.52779 13.149 0.005
7060.87973 13.195 0.005
7061.87393 13.145 0.005
7062.87146 13.105 0.005
7062.88712 13.099 0.005
7063.88931 13.037 0.005
7064.88770 12.992 0.005
7065.87798 12.932 0.005
7066.87130 12.872 0.005
7069.85544 12.720 0.005
7069.89374 12.722 0.005
7070.86744 12.678 0.005
7071.84166 12.633 0.005
7071.87974 12.636 0.005
7072.84950 12.573 0.005
7072.88755 12.587 0.005
7074.86575 12.490 0.005
7075.84190 12.448 0.005
7075.88090 12.446 0.005
7076.84314 12.421 0.005
7076.88117 12.445 0.005
7077.84108 12.358 0.005
7077.87841 12.365 0.005
7078.83484 12.308 0.005
7078.86960 12.348 0.005
7079.83353 12.262 0.005
7080.83667 12.206 0.005
7080.85280 12.205 0.005
7080.90283 12.222 0.005
7081.90386 12.164 0.005
7082.83367 12.136 0.005
7082.87180 12.155 0.005
7083.82830 12.077 0.005
7083.85161 12.076 0.005
7083.89583 12.118 0.005
7084.83182 12.111 0.005
7084.87589 12.108 0.005
7085.81609 12.047 0.005
7085.84870 12.065 0.005
7085.89457 12.103 0.005
7086.82627 12.001 0.005
7086.87123 12.028 0.005
7087.81618 11.973 0.005
7087.83872 11.955 0.005
7087.88229 11.991 0.005
7088.81320 11.970 0.005
7088.85359 11.989 0.005
7088.89824 11.946 0.005
7089.81813 11.905 0.005
7089.86379 11.919 0.005
7090.80823 11.873 0.005
7090.82893 11.887 0.005
7090.87312 11.879 0.005
7091.80743 11.882 0.005
7091.82653 11.870 0.005
7091.87162 11.900 0.005
7092.79559 11.903 0.005
7092.81933 11.889 0.005
7092.85940 11.872 0.005
7092.89748 11.887 0.005
7093.86892 11.849 0.005
7097.78960 11.745 0.005
7097.81003 11.749 0.005
7097.85411 11.702 0.005
7097.89803 11.808 0.005
7098.80340 11.703 0.005
7098.85767 11.724 0.005
7098.90246 11.705 0.005
7099.79933 11.702 0.005
7099.84552 11.690 0.005
7099.90544 11.715 0.005
7100.77886 11.667 0.005
7100.81018 11.697 0.005
7100.85587 11.690 0.005
7100.90381 11.675 0.005
7101.81928 11.661 0.005
7101.88366 11.670 0.005
7102.77791 11.611 0.005
7102.83108 11.625 0.005
7102.89300 11.638 0.005
7104.82437 11.659 0.005
7108.82382 11.626 0.005
7108.86865 11.629 0.005
7109.77178 11.640 0.005
7109.81808 11.643 0.005
7109.87507 11.659 0.005
7110.75364 11.669 0.005
7110.78210 11.631 0.005
7110.82697 11.639 0.005
7110.89346 11.649 0.005
7111.76149 11.694 0.005
7111.80289 11.685 0.005
7111.86848 11.695 0.005
7111.91592 11.685 0.005
7112.76594 11.678 0.005
7112.82006 11.687 0.005
7112.87541 11.686 0.005
7113.74015 11.708 0.005
7113.77925 11.701 0.005
7113.82335 11.707 0.005
7113.87877 11.724 0.005
7114.75072 11.705 0.005
7114.78986 11.730 0.005
7114.84578 11.753 0.005
7114.89174 11.778 0.005
7115.76110 11.727 0.005
7115.80440 11.744 0.005
7115.88617 11.771 0.005
7115.91524 11.721 0.005
7116.75185 11.751 0.005
7116.79979 11.758 0.005
7116.85325 11.769 0.005
7116.90622 11.766 0.005
7117.73091 11.768 0.005
7117.78164 11.795 0.005
7117.82784 11.778 0.005
7117.88105 11.798 0.005
7118.74152 11.806 0.005
7118.79129 11.807 0.005
7118.84736 11.818 0.005
7118.89436 11.881 0.005
7119.75998 11.805 0.005
7119.77114 11.811 0.005
7119.81474 11.814 0.005
7119.85866 11.819 0.005
7119.90523 11.841 0.005
7120.73306 11.855 0.005
7120.77417 11.856 0.005
7120.81225 11.859 0.005
7120.85118 11.867 0.005
7120.88851 11.876 0.005
7125.71645 11.959 0.005
7125.76360 11.940 0.005
7125.81258 12.010 0.005
7125.87030 12.033 0.005
7125.91840 12.011 0.005
7126.72674 11.984 0.005
7126.77928 12.027 0.005
7126.84408 12.053 0.005
7126.91102 12.044 0.005
7129.71846 12.054 0.005
7129.76281 12.077 0.005
7129.81582 12.124 0.005
7129.87067 12.146 0.005
7129.91528 12.097 0.005
7130.70007 12.085 0.005
7130.74368 12.103 0.005
7130.79659 12.149 0.005
7130.85099 12.122 0.005
7130.89692 12.113 0.005
7131.68677 12.110 0.005
7131.73034 12.136 0.005
7131.77384 12.184 0.005
7131.83075 12.264 0.005
7131.88764 12.215 0.005
7131.93232 12.192 0.005
7132.71124 12.132 0.005
7132.75450 12.164 0.005
7132.80696 12.187 0.005
7133.80730 12.172 0.005
7133.85291 12.189 0.005
7133.89958 12.176 0.005
7134.67174 12.158 0.005
7134.70945 12.179 0.005
7134.75400 12.188 0.005
7134.79799 12.196 0.005
7134.86469 12.206 0.005
7134.91011 12.219 0.005
7135.69662 12.233 0.005
7135.74073 12.272 0.005
7135.78481 12.282 0.005
7135.85014 12.311 0.005
7135.89756 12.321 0.005
7136.67406 12.219 0.005
7136.71811 12.231 0.005
7136.76143 12.247 0.005
7136.80490 12.264 0.005
7136.87064 12.274 0.005
7136.91575 12.264 0.005
7137.68307 12.256 0.005
7137.72723 12.304 0.005
7137.77166 12.388 0.005
7137.83594 12.290 0.005
7137.88364 12.271 0.005
7137.92744 12.267 0.005
7138.68499 12.269 0.005
7138.72695 12.287 0.005
7138.77236 12.312 0.005
7138.82634 12.323 0.005
7138.88413 12.328 0.005
7138.92852 12.324 0.005
7139.72514 12.308 0.005
7139.76556 12.320 0.005
7139.82965 12.330 0.005
7139.87614 12.332 0.005
7139.92162 12.321 0.005
7140.68409 12.334 0.005
7140.72410 12.330 0.005
7140.76741 12.339 0.005
7140.83094 12.328 0.005
7140.87586 12.349 0.005
7140.92009 12.361 0.005
7141.67180 12.381 0.005
7141.71584 12.422 0.005
7141.76061 12.477 0.005
7141.81438 12.448 0.005
7141.87333 12.437 0.005
7141.91830 12.422 0.005
7142.66897 12.437 0.005
7142.71207 12.480 0.005
7142.75710 12.460 0.005
7142.80125 12.478 0.005
7142.86772 12.457 0.005
7142.91185 12.410 0.005
7143.66410 12.404 0.005
7143.70951 12.416 0.005
7143.75336 12.442 0.005
7143.79811 12.442 0.005
7143.85322 12.453 0.005
7143.91689 12.446 0.005
7144.65998 12.438 0.005
7144.70023 12.430 0.005
7144.74851 12.431 0.005
7144.82368 12.429 0.005
7144.87212 12.442 0.005
7145.75076 12.469 0.005
7145.79559 12.479 0.005
7145.84248 12.474 0.005
7145.88795 12.477 0.005
7145.93165 12.459 0.005
7146.66468 12.479 0.005
7146.70216 12.518 0.005
7146.73917 12.505 0.005
7146.77622 12.525 0.005
7146.81535 12.606 0.005
7146.85557 12.523 0.005
7146.89330 12.522 0.005
7146.93070 12.498 0.005
7147.67110 12.501 0.005
7147.70907 12.512 0.005
7147.74659 12.511 0.005
7147.78388 12.518 0.005
7147.82320 12.538 0.005
7147.86336 12.538 0.005
7147.90283 12.584 0.005
7148.79799 12.521 0.005
7148.87242 12.530 0.005
7150.82081 12.593 0.005
7150.84131 12.594 0.005
7151.81556 12.617 0.005
7151.83668 12.621 0.005
7152.78407 12.671 0.005
7152.83094 12.667 0.005
7152.87611 12.661 0.005
7152.92017 12.651 0.005
7153.63926 12.674 0.005
7153.68351 12.693 0.005
7153.72806 12.711 0.005
7153.77173 12.725 0.005
7153.81745 12.847 0.005
7153.86258 12.728 0.005
7153.90811 12.701 0.005
7154.64819 12.720 0.005
7154.69428 12.730 0.005
7154.74354 12.736 0.005
7154.78932 12.731 0.005
7154.85996 12.746 0.005
7154.90370 12.738 0.005
7155.61927 12.721 0.005
7155.66543 12.725 0.005
7155.71130 12.747 0.005
7155.75547 12.758 0.005
7155.81416 12.765 0.005
7155.86842 12.755 0.005
7155.91207 12.762 0.005
7156.62153 12.772 0.005
7156.66069 12.790 0.005
7156.70733 12.790 0.005
7156.77344 12.793 0.005
7156.88665 12.785 0.005
7157.64502 12.797 0.005
7157.69454 12.808 0.005
7157.75258 12.805 0.005
7157.85614 12.822 0.005
7157.90088 12.811 0.005
7158.63649 12.815 0.005
7158.68057 12.825 0.005
7158.72439 12.817 0.005
7158.76792 12.828 0.005
7158.83586 12.823 0.005
7158.87903 12.838 0.005
7158.92330 12.828 0.005
7159.62278 12.852 0.005
7159.66684 12.871 0.005
7159.71047 12.861 0.005
7159.75533 12.846 0.005
7159.82164 12.869 0.005
7159.86563 12.849 0.005
7159.90961 12.866 0.005
7160.62849 12.864 0.005
7160.67508 12.878 0.005
7160.71863 12.890 0.005
7160.77277 12.895 0.005
7160.82978 12.898 0.005
7160.87328 12.896 0.005
7160.92106 12.896 0.005
7161.62523 12.909 0.005
7161.68791 12.920 0.005
7161.73169 12.965 0.005
7161.79696 12.949 0.005
7161.84180 12.923 0.005
7161.88563 12.921 0.005
7161.93204 12.927 0.005
7162.63099 12.928 0.005
7162.67559 12.937 0.005
7162.71910 12.943 0.005
7162.78469 12.944 0.005
7162.83019 12.948 0.005
7162.87337 12.940 0.005
7162.92067 12.945 0.005
7163.62525 12.956 0.005
7163.67002 12.959 0.005
7163.71421 12.961 0.005
7163.76859 12.973 0.005
7163.82340 12.969 0.005
7163.86771 12.963 0.005
7163.91139 12.962 0.005
7164.67757 12.981 0.005
7164.74026 12.992 0.005
7164.78757 13.010 0.005
7164.85035 12.999 0.005
7164.89365 13.001 0.005
7164.93725 12.998 0.005
7166.62882 13.047 0.005
7166.67212 13.047 0.005
7166.72546 13.052 0.005
7166.78362 13.062 0.005
7166.82793 13.062 0.005
7166.87209 13.053 0.005
7166.91616 13.060 0.005
7168.70174 13.106 0.005
7168.80578 13.114 0.005
7169.61554 13.136 0.005
7169.65990 13.153 0.005
7169.70461 13.159 0.005
7169.77004 13.171 0.005
7169.81520 13.163 0.005
7169.86977 13.160 0.005
7169.91310 13.144 0.005
7170.58863 13.164 0.005
7170.63255 13.161 0.005
7170.67659 13.169 0.005
7170.72094 13.165 0.005
7170.79047 13.177 0.005
7170.83738 13.185 0.005
7170.88046 13.182 0.005
7171.92698 13.210 0.005
7172.60691 13.215 0.005
7172.65117 13.226 0.005
7172.69523 13.246 0.005
7172.76138 13.232 0.005
7172.80555 13.244 0.005
7172.85671 13.228 0.005
7172.90023 13.238 0.005
7172.94284 13.233 0.005
7173.60513 13.255 0.005
7173.65720 13.262 0.005
7173.71112 13.267 0.005
7173.77680 13.275 0.005
7173.82396 13.278 0.005
7173.86753 13.272 0.005
7173.91186 13.273 0.005
7174.56792 13.274 0.005
7174.60740 13.292 0.005
7174.65137 13.303 0.005
7174.69528 13.298 0.005
7174.74088 13.316 0.005
7174.79401 13.304 0.005
7174.83793 13.301 0.005
7174.88433 13.302 0.005
7174.92798 13.299 0.005
7175.59066 13.314 0.005
7175.63245 13.322 0.005
7175.67987 13.331 0.005
7175.73083 13.338 0.005
7175.83247 13.332 0.005
7175.87524 13.323 0.005
7175.91527 13.334 0.005
7176.71073 13.354 0.005
7176.83042 13.353 0.005
7176.93441 13.348 0.005
7177.79161 13.392 0.005
7178.69061 13.418 0.005
7178.80877 13.426 0.005
7178.94140 13.418 0.005
7179.59069 13.437 0.005
7179.63476 13.439 0.005
7179.67812 13.447 0.005
7179.72245 13.443 0.005
7179.77042 13.450 0.005
7179.81906 13.448 0.005
7179.86303 13.455 0.005
7179.90780 13.454 0.005
7180.55828 13.471 0.005
7180.60151 13.466 0.005
7180.64454 13.475 0.005
7180.68807 13.485 0.005
7180.73344 13.487 0.005
7180.78692 13.487 0.005
7180.83411 13.489 0.005
7180.87867 13.487 0.005
7180.92232 13.481 0.005
7181.56794 13.510 0.005
7181.61116 13.523 0.005
7181.67042 13.526 0.005
7181.72498 13.517 0.005
7181.77256 13.517 0.005
7181.81703 13.520 0.005
7181.86446 13.521 0.005
7181.90901 13.517 0.005
7182.55663 13.534 0.005
7182.59987 13.529 0.005
7182.64308 13.547 0.005
7182.70588 13.550 0.005
7182.76264 13.548 0.005
7182.80635 13.518 0.005
7182.85351 13.548 0.005
7182.89832 13.550 0.005
7182.94200 13.545 0.005
7183.58208 13.572 0.005
7183.62589 13.555 0.005
7183.66967 13.557 0.005
7183.73647 13.547 0.005
7183.78096 13.558 0.005
7183.82438 13.552 0.005
7183.87194 13.557 0.005
7183.91786 13.547 0.005
7184.58932 13.586 0.005
7184.63239 13.584 0.005
7184.67598 13.583 0.005
7184.74340 13.580 0.005
7184.78709 13.591 0.005
7184.83411 13.578 0.005
7184.87727 13.571 0.005
7184.92164 13.597 0.005
7185.56836 13.610 0.005
7185.61117 13.614 0.005
7185.66357 13.622 0.005
7185.72023 13.608 0.005
7185.76529 13.620 0.005
7185.80827 13.619 0.005
7185.85230 13.636 0.005
7185.91090 13.630 0.005
7186.61623 13.650 0.005
7186.65972 13.657 0.005
7186.81479 13.654 0.005
7186.85848 13.658 0.005
7186.90149 13.666 0.005
7187.56651 13.675 0.005
7187.61047 13.661 0.005
7187.66313 13.673 0.005
7187.71949 13.715 0.005
7187.76473 13.686 0.005
7187.80807 13.683 0.005
7187.85718 13.691 0.005
7187.90021 13.680 0.005
7188.56017 13.697 0.005
7188.60937 13.714 0.005
7188.65222 13.713 0.005
7188.70649 13.706 0.005
7188.76743 13.722 0.005
7188.81331 13.725 0.005
7189.53937 13.736 0.005
7189.58489 13.738 0.005
7189.64024 13.749 0.005
7189.69434 13.740 0.005
7189.74236 13.744 0.005
7189.78673 13.753 0.005
7189.83537 13.751 0.005
7189.87919 13.765 0.005
7189.92174 13.755 0.005
7190.58754 13.765 0.005
7190.64206 13.772 0.005
7190.70109 13.806 0.005
7190.75774 13.798 0.005
7190.80902 13.790 0.005
7190.85358 13.785 0.005
7190.89953 13.788 0.005
7191.59295 13.801 0.005
7191.63729 13.813 0.005
7191.68286 13.816 0.005
7191.82303 13.810 0.005
7191.87053 13.813 0.005
7193.55670 13.861 0.005
7193.60639 13.868 0.005
7193.64067 13.844 0.005
7193.68395 13.911 0.005
7193.73330 13.889 0.005
7193.78434 13.888 0.005
7193.83659 13.891 0.005
7193.87734 13.896 0.005
7194.52081 13.902 0.005
7194.57069 13.907 0.005
7194.61369 13.920 0.005
7194.66982 13.898 0.005
7194.73161 13.921 0.005
7194.77562 13.918 0.005
7195.54863 13.905 0.005
7195.58197 13.910 0.005
7196.85711 13.975 0.005
7196.87185 13.979 0.005
7197.55627 13.996 0.005
7197.60244 14.005 0.005
7197.64716 14.008 0.005
7197.70274 14.011 0.005
7197.75657 14.009 0.005
7197.80114 14.006 0.005
7197.84871 13.999 0.005
7198.52444 14.016 0.005
7198.56736 14.026 0.005
7198.61018 14.030 0.005
7198.66558 14.034 0.005
7198.72423 14.039 0.005
7198.76777 14.042 0.005
7198.81266 14.040 0.005
7198.86590 14.033 0.005
7199.51515 14.046 0.005
7199.55835 14.057 0.005
7199.60164 14.057 0.005
7199.64554 14.082 0.005
7199.70265 14.064 0.005
7199.75536 14.066 0.005
7199.79867 14.058 0.005
7199.84346 14.060 0.005
7199.88874 14.056 0.005
7200.52523 14.087 0.005
7200.58339 14.090 0.005
7200.62734 14.101 0.005
7200.67296 14.121 0.005
7200.71983 14.091 0.005
7200.76740 14.081 0.005
7200.81216 14.077 0.005
7200.85833 14.073 0.005
7202.59351 14.126 0.005
7202.64295 14.119 0.005
7202.72524 14.128 0.005
7202.77416 14.135 0.005
7202.83610 14.113 0.005
7202.87895 14.135 0.005
7206.54405 14.216 0.005
7206.58957 14.221 0.005
7206.63456 14.221 0.005
7206.69326 14.226 0.005
7206.73451 14.235 0.005
7206.77778 14.233 0.005
7206.82208 14.245 0.005
7207.51011 14.223 0.005
7207.55782 14.257 0.005
7207.60112 14.268 0.005
7207.64532 14.263 0.005
7207.69259 14.254 0.005
7207.73698 14.254 0.005
7207.78026 14.250 0.005
7207.84912 14.254 0.005
7208.50637 14.280 0.005
7208.53163 14.292 0.005
7209.62911 14.291 0.005
7209.68246 14.302 0.005
7209.72666 14.301 0.005
7209.76979 14.312 0.005
7209.81362 14.311 0.005
7210.84542 14.326 0.005
7210.85862 14.347 0.005
7211.50481 14.332 0.005
7211.54763 14.347 0.005
7211.59047 14.370 0.005
7211.64661 14.375 0.005
7211.70149 14.360 0.005
7211.74500 14.370 0.005
7211.78874 14.362 0.005
7211.83235 14.341 0.005
7212.57238 14.352 0.005
7214.51265 14.402 0.005
7214.56426 14.399 0.005
7214.61150 14.407 0.005
7214.66534 14.403 0.005
7214.72763 14.401 0.005
7214.81290 14.393 0.005
7217.55082 14.386 0.005
7217.59771 14.435 0.005
7217.71292 14.414 0.005
7217.77749 14.442 0.005
7217.82503 14.462 0.005
7217.83017 14.438 0.005
7219.53703 14.483 0.005
7219.59286 14.509 0.005
7219.65963 14.479 0.005
7219.70381 14.485 0.005
7220.51389 14.484 0.005
7220.55659 14.519 0.005
7220.61023 14.525 0.005
7220.66790 14.501 0.005
7220.71187 14.497 0.005
7220.75610 14.504 0.005
7220.80455 14.495 0.005
7221.48464 14.494 0.005
7221.52871 14.504 0.005
7221.57186 14.510 0.005
7221.62660 14.500 0.005
7221.68154 14.489 0.005
7221.72521 14.495 0.005
7221.76872 14.504 0.005
7221.81237 14.509 0.005
7222.48698 14.500 0.005
7222.53979 14.488 0.005
7222.58985 14.499 0.005
7222.64422 14.497 0.005
7222.66049 14.491 0.005
7222.71980 14.490 0.005
7222.77206 14.502 0.005
7222.82028 14.482 0.005
7223.53286 14.499 0.005
7223.57594 14.502 0.005
7223.63095 14.527 0.005
7223.68489 14.517 0.005
7223.72785 14.523 0.005
7223.77791 14.499 0.005
7224.49687 14.522 0.005
7224.54086 14.533 0.005
7224.58757 14.512 0.005
7224.66138 14.491 0.005
7224.71654 14.493 0.005
7224.76035 14.507 0.005
7225.46800 14.510 0.005
7225.51273 14.510 0.005
7225.55624 14.513 0.005
7225.60998 14.529 0.005
7226.50056 14.514 0.005
7226.54450 14.506 0.005
7226.60152 14.540 0.005
7226.64719 14.534 0.005
7226.70023 14.520 0.005
7226.74337 14.539 0.005
7226.78607 14.522 0.005
7227.48393 14.518 0.005
7227.52724 14.526 0.005
7227.57061 14.553 0.005
7227.62612 14.539 0.005
7227.68236 14.536 0.005
7227.72528 14.541 0.005
7227.76948 14.526 0.005
7228.47092 14.506 0.005
7228.51537 14.517 0.005
7228.55879 14.536 0.005
7228.61410 14.529 0.005
7228.66948 14.526 0.005
7228.72214 14.530 0.005
7228.76694 14.541 0.005
7229.48508 14.503 0.005
7229.52806 14.534 0.005
7229.57146 14.525 0.005
7229.61611 14.532 0.005
7229.66406 14.524 0.005
7229.70729 14.527 0.005
7229.75067 14.508 0.005
7229.79349 14.524 0.005
7233.66509 14.461 0.005
7233.71278 14.457 0.005
7233.75836 14.451 0.005
7235.49933 14.476 0.005
7235.63512 14.484 0.005
7235.68431 14.481 0.005
7235.73273 14.471 0.005
7235.78405 14.467 0.005
7236.51125 14.428 0.005
7236.55860 14.418 0.005
7236.64234 14.446 0.005
7249.50814 14.140 0.005
7249.57245 14.119 0.005
7249.61176 14.124 0.005
7249.64977 14.121 0.005
7249.68886 14.110 0.005
7249.72933 14.113 0.005
7250.59040 14.055 0.005
7250.66412 14.078 0.005
7252.51894 13.972 0.005
7252.58399 13.957 0.005
7252.65084 13.959 0.005
7252.70145 13.958 0.005
7253.49032 13.911 0.005
7253.55605 13.907 0.005
7253.60399 13.909 0.005
7253.65267 13.906 0.005
7255.47740 13.785 0.005
7255.53095 13.793 0.005
7255.59133 13.790 0.005
7255.63561 13.789 0.005
7256.49542 13.723 0.005
7256.55446 13.715 0.005
7256.60922 13.719 0.005
7256.65321 13.719 0.005
7257.57079 13.657 0.005
7257.63907 13.676 0.005
7257.68136 13.659 0.005
7258.48201 13.592 0.005
7258.51057 13.580 0.005
7258.52552 13.617 0.005
7258.58651 13.603 0.005
7258.62007 13.594 0.005
7258.64474 13.596 0.005
7258.67779 13.591 0.005
7261.52410 13.441 0.005
7261.56619 13.437 0.005
7261.60638 13.428 0.005
7261.64640 13.429 0.005
7263.48004 13.358 0.005
7263.52820 13.358 0.005
7263.57319 13.354 0.005
7263.61740 13.341 0.005
7263.66214 13.335 0.005
7264.47799 13.293 0.005
7264.53506 13.298 0.005
7264.57988 13.296 0.005
7264.62425 13.294 0.005
7264.69371 13.289 0.005
7265.51195 13.271 0.005
7265.55816 13.272 0.005
7265.60325 13.268 0.005
7265.67511 13.259 0.005
7265.70876 13.250 0.005
7266.55869 13.215 0.005
7267.52150 13.187 0.005
7267.57850 13.181 0.005
7267.62304 13.188 0.005
7267.69300 13.170 0.005
7268.52104 13.160 0.005
7268.57464 13.176 0.005
7268.63787 13.164 0.005
7268.68342 13.152 0.005
7269.50110 13.115 0.005
7269.55562 13.115 0.005
7269.62260 13.112 0.005
7269.67177 13.107 0.005
7270.47691 13.090 0.005
7270.52319 13.097 0.005
7270.57700 13.086 0.005
7270.62424 13.082 0.005
7270.68698 13.080 0.005
7271.51441 13.060 0.005
7271.56228 13.058 0.005
7271.62914 13.049 0.005
7272.51468 13.025 0.005
7272.55832 13.023 0.005
7273.53310 12.997 0.005
7273.57893 12.995 0.005
7273.63369 12.993 0.005
7273.67700 12.993 0.005
7274.62657 12.963 0.005
7275.57910 12.939 0.005
7275.62318 12.939 0.005
7275.66621 12.937 0.005
7277.48050 12.896 0.005
7277.52863 12.892 0.005
7277.59453 12.891 0.005
7277.63763 12.891 0.005
7277.68142 12.887 0.005
7278.51211 12.878 0.005
7278.58385 12.866 0.005
7278.62675 12.861 0.005
7278.66998 12.858 0.005
7281.52486 12.800 0.005
7281.58450 12.787 0.005
7283.61466 12.729 0.005
7284.53280 12.707 0.005
7284.58659 12.703 0.005
7291.51371 12.526 0.005
7291.58006 12.515 0.005
7292.51899 12.485 0.005
7292.59080 12.482 0.005
7293.50356 12.462 0.005
7293.56192 12.471 0.005
7294.48126 12.426 0.005
7294.56785 12.418 0.005
7294.60550 12.414 0.005
7295.52921 12.406 0.005
7295.59283 12.401 0.005
7296.58523 12.420 0.005
7299.51330 12.314 0.005
7299.55812 12.315 0.005
7300.48293 12.307 0.005
7301.48787 12.292 0.005
7307.55196 12.207 0.005
7311.50303 12.229 0.005
7311.54810 12.205 0.005
7312.52405 12.183 0.005
7313.51780 12.200 0.005
7317.52398 12.215 0.005
7318.52325 12.235 0.005
7322.49675 12.293 0.005
7322.50199 12.270 0.005
7324.50922 12.326 0.005
7325.49830 12.313 0.005
7328.50701 12.375 0.005
7331.50031 12.400 0.005
7332.51343 12.434 0.005
7424.87541 14.334 0.005
7425.87143 14.366 0.005
7427.87876 14.369 0.005
7428.87069 14.358 0.005
7429.85673 14.341 0.005
7431.85645 14.333 0.005
7432.86224 14.315 0.005
7433.87050 14.314 0.005
7434.85551 14.292 0.005
7435.87400 14.312 0.005
7436.84753 14.281 0.005
7437.84680 14.254 0.005
7437.87362 14.252 0.005
7438.84629 14.248 0.005
7438.86078 14.239 0.005
7439.84526 14.216 0.005
7439.86108 14.226 0.005
7440.84999 14.238 0.005
7440.85945 14.233 0.005
7441.84039 14.217 0.005
7441.86145 14.216 0.005
7442.82958 14.189 0.005
7442.84143 14.175 0.005
7442.86029 14.198 0.005
7442.88417 14.196 0.005
7442.89829 14.188 0.005
7443.84539 14.157 0.005
7443.87208 14.186 0.005
7443.89532 14.179 0.005
7444.83203 14.143 0.005
7444.87824 14.153 0.005
7444.89612 14.142 0.005
7445.82373 14.126 0.005
7445.85885 14.143 0.005
7445.89401 14.145 0.005
7446.82147 14.121 0.005
7446.85845 14.124 0.005
7446.89700 14.111 0.005
7447.83172 14.076 0.005
7447.86943 14.086 0.005
7448.80287 14.034 0.005
7448.85144 14.054 0.005
7448.89396 14.063 0.005
7452.82760 13.914 0.005
7452.87293 13.946 0.005
7453.80124 13.884 0.005
7453.83929 13.903 0.005
7453.89318 13.879 0.005
7454.85474 13.855 0.005
7454.88501 13.839 0.005
7455.81329 13.819 0.005
7455.85826 13.812 0.005
7455.91237 13.801 0.005
7456.82253 13.766 0.005
7456.87771 13.763 0.005
7457.78803 13.712 0.005
7457.83378 13.716 0.005
7457.88882 13.719 0.005
7458.79535 13.680 0.005
7458.84290 13.686 0.005
7458.89792 13.664 0.005
7460.81235 13.592 0.005
7460.86797 13.580 0.005
7461.78005 13.583 0.005
7461.82481 13.588 0.005
7461.88859 13.581 0.005
7462.77794 13.533 0.005
7462.82648 13.531 0.005
7462.88595 13.553 0.005
7463.82383 13.492 0.005
7463.88575 13.487 0.005
7464.83593 13.436 0.005
7465.78078 13.402 0.005
7465.82552 13.400 0.005
7465.87959 13.406 0.005
7466.85093 13.361 0.005
7466.90124 13.365 0.005
7467.81532 13.306 0.005
7467.86074 13.320 0.005
7467.90567 13.315 0.005
7470.78701 13.185 0.005
7470.83196 13.183 0.005
7470.88505 13.187 0.005
7471.75306 13.141 0.005
7471.79746 13.148 0.005
7471.84296 13.148 0.005
7471.89944 13.148 0.005
7472.76303 13.097 0.005
7472.80766 13.109 0.005
7472.85324 13.106 0.005
7472.90995 13.114 0.005
7473.82689 13.066 0.005
7474.75657 13.017 0.005
7474.79572 13.020 0.005
7474.83341 13.021 0.005
7474.87216 13.028 0.005
7474.91155 13.026 0.005
7475.77589 12.974 0.005
7475.81406 12.977 0.005
7475.85405 12.971 0.005
7475.89252 12.982 0.005
7476.76961 12.946 0.005
7476.84887 12.939 0.005
7479.81456 12.811 0.005
7479.82856 12.811 0.005
7480.76443 12.784 0.005
7480.79186 12.776 0.005
7480.82037 12.778 0.005
7480.84512 12.777 0.005
7480.86377 12.774 0.005
7480.88166 12.773 0.005
7480.89641 12.779 0.005
7480.91181 12.770 0.005
7484.73420 12.643 0.005
7484.74817 12.651 0.005
7484.76207 12.651 0.005
7484.77603 12.645 0.005
7484.79558 12.648 0.005
7484.80955 12.650 0.005
7484.82353 12.645 0.005
7484.83760 12.645 0.005
7484.85169 12.653 0.005
7484.87578 12.647 0.005
7484.89000 12.651 0.005
7484.90499 12.656 0.005
7484.92034 12.663 0.005
7485.74011 12.617 0.005
7485.75408 12.618 0.005
7485.76811 12.623 0.005
7485.78214 12.622 0.005
7485.79605 12.620 0.005
7485.81004 12.623 0.005
7485.83067 12.620 0.005
7485.84477 12.620 0.005
7485.85904 12.627 0.005
7485.87373 12.639 0.005
7485.88881 12.637 0.005
7485.90313 12.647 0.005
7485.91761 12.649 0.005
7486.71240 12.584 0.005
7486.72827 12.584 0.005
7486.74652 12.584 0.005
7486.76049 12.585 0.005
7486.77456 12.588 0.005
7486.78847 12.578 0.005
7486.80242 12.585 0.005
7486.81680 12.586 0.005
7486.83083 12.591 0.005
7486.84508 12.589 0.005
7486.86936 12.586 0.005
7486.88367 12.587 0.005
7486.89997 12.586 0.005
7486.91446 12.581 0.005
7487.70931 12.541 0.005
7487.72350 12.553 0.005
7487.73754 12.549 0.005
7487.75194 12.556 0.005
7487.76821 12.550 0.005
7487.78443 12.556 0.005
7487.79970 12.558 0.005
7487.81373 12.549 0.005
7487.83970 12.548 0.005
7487.85429 12.550 0.005
7487.86844 12.564 0.005
7487.88290 12.559 0.005
7487.89846 12.572 0.005
7487.91252 12.581 0.005
7487.92663 12.561 0.005
7488.71650 12.517 0.005
7488.73049 12.522 0.005
7488.74513 12.527 0.005
7488.75922 12.520 0.005
7488.77362 12.518 0.005
7488.78918 12.533 0.005
7488.81487 12.534 0.005
7488.83844 12.550 0.005
7488.85283 12.581 0.005
7488.86796 12.585 0.005
7488.88273 12.613 0.005
7488.89808 12.571 0.005
7488.91266 12.551 0.005
7488.92670 12.545 0.005
7489.77502 12.482 0.005
7489.79553 12.487 0.005
7489.81743 12.492 0.005
7489.83850 12.487 0.005
7489.89821 12.493 0.005
7489.92081 12.496 0.005
7489.93507 12.473 0.005
7491.70117 12.385 0.005
7491.71507 12.388 0.005
7491.72908 12.383 0.005
7491.74296 12.384 0.005
7491.75724 12.382 0.005
7491.77150 12.388 0.005
7491.78564 12.393 0.005
7491.79991 12.398 0.005
7491.82368 12.390 0.005
7491.83778 12.407 0.005
7491.86204 12.417 0.005
7491.87635 12.450 0.005
7491.89140 12.448 0.005
7491.90657 12.443 0.005
7491.92074 12.426 0.005
7492.69568 12.339 0.005
7492.71175 12.342 0.005
7492.73726 12.358 0.005
7492.75684 12.382 0.005
7492.77253 12.372 0.005
7492.78833 12.387 0.005
7492.82156 12.409 0.005
7492.84661 12.429 0.005
7492.86262 12.438 0.005
7492.87939 12.420 0.005
7492.90482 12.384 0.005
7492.92061 12.391 0.005
7493.70362 12.309 0.005
7493.71926 12.312 0.005
7493.74306 12.316 0.005
7493.75866 12.307 0.005
7493.77429 12.314 0.005
7493.80001 12.321 0.005
7493.83311 12.332 0.005
7493.84896 12.321 0.005
7493.86497 12.380 0.005
7493.88180 12.341 0.005
7493.90618 12.338 0.005
7493.92182 12.329 0.005
7494.69899 12.281 0.005
7494.71474 12.286 0.005
7494.73874 12.268 0.005
7494.75501 12.293 0.005
7494.77358 12.271 0.005
7494.79922 12.284 0.005
7494.83258 12.296 0.005
7494.84901 12.297 0.005
7494.86552 12.332 0.005
7494.88226 12.335 0.005
7494.90721 12.304 0.005
7494.92286 12.303 0.005
7495.68444 12.214 0.005
7495.70014 12.205 0.005
7495.72407 12.220 0.005
7495.73975 12.227 0.005
7495.75529 12.217 0.005
7495.77105 12.224 0.005
7495.80382 12.218 0.005
7495.82880 12.211 0.005
7495.84542 12.207 0.005
7495.86177 12.217 0.005
7495.88712 12.216 0.005
7495.90355 12.215 0.005
7495.91920 12.218 0.005
7497.85164 12.138 0.005
7497.87011 12.120 0.005
7497.88713 12.120 0.005
7497.90294 12.102 0.005
7497.92676 12.102 0.005
7498.69881 12.055 0.005
7498.71454 12.054 0.005
7498.73021 12.056 0.005
7498.75410 12.082 0.005
7498.78044 12.083 0.005
7498.81108 12.065 0.005
7498.83857 12.065 0.005
7498.86405 12.067 0.005
7498.88047 12.069 0.005
7498.89660 12.084 0.005
7498.92177 12.056 0.005
7499.68798 12.010 0.005
7499.70376 12.012 0.005
7499.71985 12.005 0.005
7499.73563 12.019 0.005
7499.75917 12.019 0.005
7499.77478 12.024 0.005
7499.79117 12.050 0.005
7499.80687 12.025 0.005
7499.83055 12.020 0.005
7499.84658 12.034 0.005
7499.86287 12.029 0.005
7499.87936 12.022 0.005
7499.90358 12.042 0.005
7499.91948 12.031 0.005
7500.67106 11.964 0.005
7500.67769 11.960 0.005
7500.68869 11.974 0.005
7500.70428 11.974 0.005
7500.71976 11.972 0.005
7500.74343 11.965 0.005
7500.75917 11.962 0.005
7500.77483 11.957 0.005
7500.79041 11.965 0.005
7500.81437 11.975 0.005
7500.83000 11.975 0.005
7500.84591 11.962 0.005
7500.86450 11.965 0.005
7500.88842 11.962 0.005
7500.90423 11.959 0.005
7500.91981 11.965 0.005
7507.73876 11.738 0.005
7507.75272 11.722 0.005
7507.76668 11.733 0.005
7507.78115 11.744 0.005
7507.79509 11.752 0.005
7507.80913 11.737 0.005
7507.82341 11.732 0.005
7507.83807 11.734 0.005
7507.85829 11.749 0.005
7507.87236 11.739 0.005
7507.88638 11.711 0.005
7507.90065 11.736 0.005
7507.91929 11.752 0.005
7507.93362 11.748 0.005
7508.65145 11.711 0.005
7508.66558 11.705 0.005
7508.67973 11.711 0.005
7508.69385 11.721 0.005
7508.70780 11.711 0.005
7508.72183 11.737 0.005
7508.73267 11.737 0.005
7508.74669 11.741 0.005
7508.76058 11.757 0.005
7508.77453 11.720 0.005
7508.78867 11.754 0.005
7508.80274 11.708 0.005
7508.81690 11.705 0.005
7508.83168 11.755 0.005
7508.84693 11.730 0.005
7508.86140 11.740 0.005
7508.87595 11.731 0.005
7508.89009 11.711 0.005
7508.90546 11.707 0.005
7508.91964 11.734 0.005
7508.93353 11.720 0.005
7509.72586 11.678 0.005
7509.74003 11.679 0.005
7509.75413 11.674 0.005
7509.76843 11.679 0.005
7509.78249 11.702 0.005
7509.79738 11.682 0.005
7509.81234 11.658 0.005
7509.82703 11.691 0.005
7509.84254 11.694 0.005
7509.85691 11.676 0.005
7509.87102 11.693 0.005
7509.88545 11.679 0.005
7509.89965 11.684 0.005
7509.91383 11.682 0.005
7509.93072 11.659 0.005
7511.68008 11.681 0.005
7511.69448 11.656 0.005
7511.70850 11.683 0.005
7511.72247 11.687 0.005
7511.73651 11.676 0.005
7511.75058 11.636 0.005
7511.76473 11.657 0.005
7511.78886 11.664 0.005
7511.80306 11.666 0.005
7511.82817 11.662 0.005
7511.84309 11.679 0.005
7511.85785 11.683 0.005
7511.87210 11.691 0.005
7511.88674 11.662 0.005
7511.90077 11.667 0.005
7511.91484 11.707 0.005
7511.92879 11.696 0.005
7511.93821 11.669 0.005
7512.70633 11.675 0.005
7512.72196 11.670 0.005
7512.73355 11.638 0.005
7512.74514 11.676 0.005
7512.75560 11.704 0.005
7512.76610 11.735 0.005
7512.77546 11.692 0.005
7512.78486 11.695 0.005
7512.79519 11.677 0.005
7512.81880 11.697 0.005
7512.83401 11.693 0.005
7512.85747 11.653 0.005
7512.87187 11.646 0.005
7512.88584 11.667 0.005
7512.89996 11.667 0.005
7512.91394 11.663 0.005
7512.93219 11.638 0.005
7513.75156 11.624 0.005
7516.63750 11.639 0.005
7516.65223 11.640 0.005
7516.66958 11.624 0.005
7516.68769 11.631 0.005
7516.70972 11.626 0.005
7516.72613 11.651 0.005
7516.77301 11.656 0.005
7517.76341 11.657 0.005
7518.73572 11.649 0.005
7518.79167 11.664 0.005
7518.88388 11.663 0.005
7518.90457 11.658 0.005
7519.81185 11.677 0.005
7522.69839 11.689 0.005
7522.78652 11.704 0.005
7522.81316 11.689 0.005
7522.82770 11.678 0.005
7522.84600 11.680 0.005
7522.86016 11.682 0.005
7522.87414 11.686 0.005
7522.88891 11.689 0.005
7522.90297 11.685 0.005
7522.91712 11.684 0.005
7522.93282 11.682 0.005
7523.84351 11.691 0.005
7523.85874 11.704 0.005
7523.87294 11.715 0.005
7523.88708 11.707 0.005
7523.90111 11.708 0.005
7523.91517 11.709 0.005
7523.92925 11.707 0.005
7523.94322 11.689 0.005
7526.61216 11.709 0.005
7526.63183 11.728 0.005
7526.64702 11.740 0.005
7526.66224 11.741 0.005
7526.67698 11.743 0.005
7526.69177 11.722 0.005
7526.70759 11.724 0.005
7526.72216 11.732 0.005
7526.73653 11.761 0.005
7526.75912 11.737 0.005
7526.78743 11.764 0.005
7526.80308 11.740 0.005
7526.83389 11.732 0.005
7526.84859 11.748 0.005
7526.86270 11.746 0.005
7526.87776 11.736 0.005
7526.89182 11.731 0.005
7526.90594 11.730 0.005
7526.92013 11.726 0.005
7526.93416 11.716 0.005
7527.92352 11.760 0.005
7527.93450 11.747 0.005
7528.78877 11.773 0.005
7528.84676 11.783 0.005
7528.87006 11.781 0.005
7528.88484 11.770 0.005
7528.89906 11.771 0.005
7528.91339 11.767 0.005
7528.92747 11.762 0.005
7528.94148 11.765 0.005
7529.75369 11.780 0.005
7529.76865 11.801 0.005
7529.78402 11.779 0.005
7529.79931 11.782 0.005
7529.81372 11.773 0.005
7529.84504 11.782 0.005
7529.89316 11.787 0.005
7530.63731 11.798 0.005
7530.64996 11.796 0.005
7530.66611 11.814 0.005
7530.68073 11.804 0.005
7530.69770 11.823 0.005
7530.71726 11.822 0.005
7530.74281 11.830 0.005
7530.76389 11.829 0.005
7530.78061 11.823 0.005
7530.80165 11.816 0.005
7530.82070 11.822 0.005
7530.83750 11.817 0.005
7530.85964 11.805 0.005
7530.88198 11.815 0.005
7530.90624 11.806 0.005
7530.91813 11.803 0.005
7534.65185 11.894 0.005
7534.66051 11.885 0.005
7534.67994 11.908 0.005
7534.69459 11.890 0.005
7534.70896 11.886 0.005
7534.72291 11.892 0.005
7534.73774 11.893 0.005
7534.75676 11.941 0.005
7534.77750 11.942 0.005
7534.79157 11.950 0.005
7534.80564 11.948 0.005
7534.81960 11.924 0.005
7534.83674 11.905 0.005
7534.85082 11.915 0.005
7534.86528 11.925 0.005
7534.88004 11.919 0.005
7534.89722 11.941 0.005
7534.91192 11.919 0.005
7534.93381 11.914 0.005
7534.94369 11.914 0.005
7536.58817 11.933 0.005
7536.59157 11.929 0.005
7536.60570 11.946 0.005
7536.62106 11.942 0.005
7536.64105 11.944 0.005
7536.65684 11.941 0.005
7536.67097 11.943 0.005
7536.69410 11.959 0.005
7536.70806 11.964 0.005
7536.73124 11.977 0.005
7536.74624 11.978 0.005
7536.76080 11.963 0.005
7536.77518 11.990 0.005
7536.78928 11.965 0.005
7536.80340 11.963 0.005
7536.81747 11.968 0.005
7536.83174 11.977 0.005
7536.84578 11.973 0.005
7536.85987 11.972 0.005
7536.87395 11.962 0.005
7536.89149 11.964 0.005
7536.90620 11.982 0.005
7536.93243 11.983 0.005
7545.62449 12.195 0.005
7545.63434 12.202 0.005
7545.64364 12.199 0.005
7545.65528 12.202 0.005
7545.66734 12.200 0.005
7545.69298 12.192 0.005
7545.72783 12.224 0.005
7545.73936 12.205 0.005
7545.75163 12.202 0.005
7545.76331 12.201 0.005
7545.77438 12.201 0.005
7545.79846 12.218 0.005
7545.82146 12.219 0.005
7545.83539 12.202 0.005
7545.84977 12.213 0.005
7545.86371 12.202 0.005
7545.87764 12.209 0.005
7545.89321 12.197 0.005
7545.90713 12.207 0.005
7545.92154 12.205 0.005
7545.93568 12.208 0.005
7545.94536 12.211 0.005
7546.60399 12.212 0.005
7546.61524 12.228 0.005
7546.63452 12.224 0.005
7546.64841 12.217 0.005
7546.65692 12.223 0.005
7546.66817 12.227 0.005
7546.68240 12.223 0.005
7546.69998 12.227 0.005
7546.71392 12.233 0.005
7546.72868 12.234 0.005
7546.74622 12.244 0.005
7546.76038 12.249 0.005
7546.77436 12.244 0.005
7546.78842 12.252 0.005
7546.80279 12.261 0.005
7546.81711 12.247 0.005
7546.83116 12.246 0.005
7546.84528 12.240 0.005
7546.85939 12.243 0.005
7546.87338 12.247 0.005
7546.88735 12.238 0.005
7546.90137 12.245 0.005
7546.91548 12.252 0.005
7546.92947 12.237 0.005
7546.94036 12.239 0.005
7547.54572 12.253 0.005
7547.55578 12.255 0.005
7547.56977 12.250 0.005
7547.58378 12.256 0.005
7547.59792 12.250 0.005
7547.61181 12.251 0.005
7547.62615 12.260 0.005
7547.64043 12.254 0.005
7547.65471 12.257 0.005
7547.67208 12.276 0.005
7547.69045 12.270 0.005
7547.70786 12.261 0.005
7547.72187 12.263 0.005
7547.73630 12.280 0.005
7547.75429 12.283 0.005
7547.76826 12.270 0.005
7547.78228 12.273 0.005
7547.79635 12.265 0.005
7547.81050 12.271 0.005
7547.82466 12.265 0.005
7547.83884 12.269 0.005
7547.85293 12.275 0.005
7547.86698 12.267 0.005
7547.88089 12.270 0.005
7547.89491 12.268 0.005
7547.90883 12.269 0.005
7547.92720 12.268 0.005
7547.93649 12.269 0.005
7548.56823 12.289 0.005
7548.57690 12.283 0.005
7548.58985 12.285 0.005
7548.60481 12.294 0.005
7548.62200 12.291 0.005
7548.63735 12.297 0.005
7548.65377 12.306 0.005
7548.66678 12.309 0.005
7548.68020 12.306 0.005
7548.70049 12.319 0.005
7548.71562 12.402 0.005
7548.73107 12.320 0.005
7548.74397 12.347 0.005
7548.76046 12.334 0.005
7548.77333 12.338 0.005
7548.78868 12.316 0.005
7548.80233 12.291 0.005
7548.82375 12.308 0.005
7548.83811 12.307 0.005
7548.85178 12.307 0.005
7548.86684 12.313 0.005
7548.88082 12.305 0.005
7548.89504 12.303 0.005
7548.91016 12.303 0.005
7548.92553 12.305 0.005
7549.57215 12.322 0.005
7549.58572 12.322 0.005
7549.59707 12.325 0.005
7549.61228 12.339 0.005
7549.62358 12.341 0.005
7549.63750 12.336 0.005
7549.65156 12.336 0.005
7549.66953 12.362 0.005
7549.68407 12.341 0.005
7549.70117 12.361 0.005
7549.71550 12.350 0.005
7549.73039 12.351 0.005
7549.74539 12.359 0.005
7549.75975 12.350 0.005
7549.77371 12.341 0.005
7549.79349 12.341 0.005
7549.80744 12.346 0.005
7549.82149 12.342 0.005
7549.83549 12.355 0.005
7549.84951 12.337 0.005
7549.86348 12.338 0.005
7549.87748 12.338 0.005
7549.89144 12.335 0.005
7549.90552 12.345 0.005
7549.91951 12.340 0.005
7549.93201 12.344 0.005
7550.57147 12.360 0.005
7550.58032 12.362 0.005
7550.59338 12.362 0.005
7550.60659 12.376 0.005
7550.61761 12.380 0.005
7550.63171 12.370 0.005
7550.64588 12.368 0.005
7550.66006 12.368 0.005
7550.67443 12.369 0.005
7550.68857 12.389 0.005
7550.70765 12.393 0.005
7550.72369 12.427 0.005
7550.74207 12.397 0.005
7550.75757 12.383 0.005
7550.77161 12.398 0.005
7550.78609 12.392 0.005
7550.80001 12.397 0.005
7550.81404 12.383 0.005
7550.82801 12.386 0.005
7550.84210 12.383 0.005
7550.85641 12.384 0.005
7550.87037 12.381 0.005
7550.88435 12.375 0.005
7550.89897 12.377 0.005
7550.91301 12.374 0.005
7550.92692 12.377 0.005
7551.60557 12.419 0.005
7552.73642 12.455 0.005
7552.79525 12.467 0.005
7553.86073 12.495 0.005
7554.54820 12.531 0.005
7554.58812 12.533 0.005
7554.60581 12.541 0.005
7554.62205 12.533 0.005
7554.64380 12.544 0.005
7554.66125 12.547 0.005
7554.68634 12.544 0.005
7554.73332 12.546 0.005
7554.75214 12.537 0.005
7554.78935 12.553 0.005
7554.88264 12.539 0.005
7555.52733 12.572 0.005
7555.54386 12.569 0.005
7555.56006 12.568 0.005
7555.57870 12.576 0.005
7555.59474 12.579 0.005
7555.60944 12.581 0.005
7555.62432 12.572 0.005
7555.63951 12.585 0.005
7555.65476 12.583 0.005
7555.66996 12.588 0.005
7555.68529 12.593 0.005
7555.70141 12.594 0.005
7555.71792 12.588 0.005
7555.73299 12.583 0.005
7555.74805 12.600 0.005
7555.76225 12.600 0.005
7555.77633 12.605 0.005
7555.79092 12.593 0.005
7555.80504 12.596 0.005
7555.81956 12.593 0.005
7555.83370 12.590 0.005
7555.85955 12.596 0.005
7555.88257 12.598 0.005
7555.89672 12.599 0.005
7555.91077 12.597 0.005
7557.53222 12.656 0.005
7557.54692 12.662 0.005
7557.56312 12.661 0.005
7557.57775 12.666 0.005
7557.59405 12.666 0.005
7557.60915 12.670 0.005
7557.62200 12.670 0.005
7557.63775 12.673 0.005
7557.65738 12.681 0.005
7557.67418 12.693 0.005
7557.68719 12.693 0.005
7557.70650 12.680 0.005
7557.72385 12.670 0.005
7557.74225 12.674 0.005
7557.75884 12.676 0.005
7557.76494 12.689 0.005
7557.79155 12.675 0.005
7557.81832 12.688 0.005
7557.83448 12.683 0.005
7557.85196 12.680 0.005
7557.86865 12.671 0.005
7557.88414 12.675 0.005
7557.89980 12.674 0.005
7557.91300 12.667 0.005
7561.51660 12.834 0.005
7561.53147 12.832 0.005
7561.57471 12.843 0.005
7561.59248 12.852 0.005
7561.60859 12.845 0.005
7561.62321 12.858 0.005
7561.63824 12.863 0.005
7561.65258 12.867 0.005
7561.67293 12.876 0.005
7561.68889 12.877 0.005
7561.70388 12.866 0.005
7561.72542 12.866 0.005
7561.74059 12.858 0.005
7561.75559 12.869 0.005
7561.76980 12.856 0.005
7561.78440 12.853 0.005
7561.79599 12.865 0.005
7561.80869 12.855 0.005
7561.82427 12.854 0.005
7561.83858 12.859 0.005
7561.85531 12.860 0.005
7562.51976 12.884 0.005
7562.52980 12.880 0.005
7562.54401 12.884 0.005
7562.55794 12.884 0.005
7562.57250 12.894 0.005
7562.58927 12.892 0.005
7562.60529 12.897 0.005
7562.62353 12.899 0.005
7562.64538 12.897 0.005
7562.66360 12.900 0.005
7566.53054 13.078 0.005
7566.54585 13.075 0.005
7566.55987 13.083 0.005
7566.57416 13.085 0.005
7566.59733 13.081 0.005
7566.61154 13.078 0.005
7566.63617 13.086 0.005
7566.65040 13.087 0.005
7566.66466 13.097 0.005
7566.67898 13.096 0.005
7566.69378 13.093 0.005
7566.70839 13.090 0.005
7566.72390 13.084 0.005
7566.73808 13.086 0.005
7566.75215 13.089 0.005
7566.76626 13.088 0.005
7566.78080 13.091 0.005
7566.79489 13.093 0.005
7566.80899 13.087 0.005
7566.82312 13.097 0.005
7566.83723 13.091 0.005
7566.85136 13.088 0.005
7566.86545 13.090 0.005
7566.87818 13.100 0.005
7567.50277 13.111 0.005
7567.51739 13.114 0.005
7567.53143 13.106 0.005
7567.54558 13.117 0.005
7567.56037 13.122 0.005
7567.57435 13.118 0.005
7567.58862 13.123 0.005
7567.61195 13.122 0.005
7567.62749 13.133 0.005
7567.65068 13.141 0.005
7567.66546 13.148 0.005
7567.68050 13.139 0.005
7567.69520 13.138 0.005
7567.70977 13.145 0.005
7567.72384 13.144 0.005
7567.73905 13.132 0.005
7567.75301 13.140 0.005
7567.76704 13.136 0.005
7567.78112 13.140 0.005
7567.79535 13.140 0.005
7567.80928 13.139 0.005
7567.82325 13.140 0.005
7567.83731 13.142 0.005
7567.85132 13.134 0.005
7567.86545 13.136 0.005
7567.88118 13.137 0.005
7568.50169 13.161 0.005
7568.56846 13.168 0.005
7568.58225 13.175 0.005
7568.59621 13.173 0.005
7568.61146 13.176 0.005
7568.62543 13.177 0.005
7568.63960 13.178 0.005
7568.66507 13.178 0.005
7568.68021 13.175 0.005
7568.70553 13.177 0.005
7568.71957 13.178 0.005
7568.73405 13.181 0.005
7568.75182 13.176 0.005
7568.76593 13.183 0.005
7568.78008 13.177 0.005
7568.79407 13.180 0.005
7568.80947 13.179 0.005
7568.84515 13.181 0.005
7568.85936 13.179 0.005
7569.51515 13.213 0.005
7569.54295 13.217 0.005
7569.55697 13.223 0.005
7569.57086 13.220 0.005
7569.58571 13.222 0.005
7569.59972 13.222 0.005
7569.61396 13.233 0.005
7569.63924 13.241 0.005
7569.65344 13.232 0.005
7569.68009 13.227 0.005
7569.69443 13.233 0.005
7569.71124 13.228 0.005
7569.72538 13.230 0.005
7569.73972 13.227 0.005
7569.75389 13.228 0.005
7569.76933 13.226 0.005
7569.78351 13.228 0.005
7569.79754 13.231 0.005
7569.81161 13.232 0.005
7569.82677 13.232 0.005
7570.68299 13.272 0.005
7570.72409 13.271 0.005
7570.76777 13.277 0.005
7570.83390 13.277 0.005
7573.59345 13.403 0.005
7573.64173 13.404 0.005
7573.69505 13.407 0.005
7573.73785 13.407 0.005
7575.53563 13.486 0.005
7575.58488 13.491 0.005
7575.59887 13.487 0.005
7575.63751 13.489 0.005
7575.68760 13.506 0.005
7575.72702 13.504 0.005
7575.76565 13.508 0.005
7575.80399 13.503 0.005
7575.84247 13.478 0.005
7576.49408 13.522 0.005
7576.54578 13.536 0.005
7576.61012 13.541 0.005
7576.66107 13.547 0.005
7576.70011 13.520 0.005
7576.73867 13.520 0.005
7576.77625 13.523 0.005
7576.81502 13.549 0.005
7577.53049 13.562 0.005
7577.57555 13.561 0.005
7579.61520 13.646 0.005
7579.67021 13.657 0.005
7579.72424 13.663 0.005
7579.76499 13.662 0.005
7581.74929 13.739 0.005
7581.80520 13.739 0.005
7581.83831 13.725 0.005
7582.69585 13.768 0.005
7582.70892 13.782 0.005
7583.73027 13.810 0.005
7583.78473 13.814 0.005
7584.52808 13.834 0.005
7584.56668 13.835 0.005
7584.60487 13.845 0.005
7584.64530 13.848 0.005
7584.68355 13.846 0.005
7584.72174 13.847 0.005
7584.77195 13.854 0.005
7584.81576 13.850 0.005
7589.52835 14.006 0.005
7589.57157 14.009 0.005
7589.61279 14.013 0.005
7589.66199 14.017 0.005
7589.69963 14.016 0.005
7589.74608 14.014 0.005
7589.78435 14.013 0.005
7589.81587 14.012 0.005
7590.49887 14.039 0.005
7590.53665 14.044 0.005
7590.57470 14.050 0.005
7590.61476 14.053 0.005
7590.65913 14.048 0.005
7590.69707 14.051 0.005
7590.73475 14.053 0.005
7591.48674 14.063 0.005
7591.53970 14.048 0.005
7593.47407 14.133 0.005
7593.51185 14.142 0.005
7593.56869 14.155 0.005
7593.61232 14.149 0.005
7593.65240 14.146 0.005
7593.68992 14.152 0.005
7593.72770 14.151 0.005
7593.76598 14.163 0.005
7593.79882 14.147 0.005
7595.56274 14.183 0.005
7595.64707 14.180 0.005
7596.50435 14.223 0.005
7596.55130 14.244 0.005
7596.61363 14.229 0.005
7599.48622 14.260 0.005
7599.55364 14.252 0.005
7599.62494 14.282 0.005
7599.69001 14.284 0.005
7599.74795 14.289 0.005
7599.78543 14.285 0.005
7600.49548 14.296 0.005
7600.56285 14.312 0.005
7600.65788 14.312 0.005
7600.70465 14.318 0.005
7601.71679 14.368 0.005
7601.76803 14.372 0.005
7602.48671 14.372 0.005
7602.53248 14.365 0.005
7602.57041 14.375 0.005
7602.61892 14.392 0.005
7602.66629 14.393 0.005
7602.70393 14.395 0.005
7602.74384 14.380 0.005
7602.77981 14.361 0.005
7603.49947 14.423 0.005
7603.54594 14.422 0.005
7603.59385 14.394 0.005
7603.63202 14.421 0.005
7603.66953 14.423 0.005
7603.70671 14.428 0.005
7603.74697 14.427 0.005
7603.78425 14.425 0.005
7604.51032 14.433 0.005
7604.54765 14.442 0.005
7604.58729 14.451 0.005
7604.62548 14.450 0.005
7604.66413 14.447 0.005
7604.70154 14.450 0.005
7604.74003 14.421 0.005
7605.47672 14.449 0.005
7605.51890 14.451 0.005
7605.56610 14.471 0.005
7605.61758 14.440 0.005
7605.65539 14.460 0.005
7605.69305 14.457 0.005
7605.73021 14.462 0.005
7605.76735 14.447 0.005
7606.67643 14.481 0.005
7606.72954 14.454 0.005
7607.48923 14.501 0.005
7607.55280 14.515 0.005
7607.60068 14.498 0.005
7607.64456 14.513 0.005
7607.68806 14.511 0.005
7607.73166 14.513 0.005
7608.47599 14.503 0.005
7608.52403 14.526 0.005
7608.60318 14.533 0.005
7608.65121 14.539 0.005
7608.69563 14.538 0.005
7608.74075 14.528 0.005
7609.47684 14.513 0.005
7609.52107 14.512 0.005
7609.58736 14.538 0.005
7609.63189 14.535 0.005
7609.67917 14.538 0.005
7609.72445 14.557 0.005
7609.75289 14.555 0.005
7610.49057 14.544 0.005
7610.53595 14.528 0.005
7610.60581 14.555 0.005
7610.64976 14.555 0.005
7610.69397 14.563 0.005
7611.51064 14.578 0.005
7611.62040 14.571 0.005
7611.66540 14.588 0.005
7611.74707 14.556 0.005
7612.51089 14.615 0.005
7612.54852 14.603 0.005
7612.58926 14.618 0.005
7612.62705 14.607 0.005
7612.66466 14.622 0.005
7612.70233 14.617 0.005
7612.74022 14.599 0.005
7616.51528 14.683 0.005
7616.56391 14.661 0.005
7616.61062 14.673 0.005
7616.65882 14.698 0.005
7616.71773 14.658 0.005
7617.51163 14.652 0.005
7617.55952 14.621 0.005
7617.60372 14.626 0.005
7617.64746 14.643 0.005
7617.69125 14.615 0.005
7617.73173 14.596 0.005
7618.50621 14.647 0.005
7618.55346 14.676 0.005
7618.59684 14.653 0.005
7618.64065 14.652 0.005
7618.68433 14.654 0.005
7618.72205 14.672 0.005
7619.54281 14.683 0.005
7621.47556 14.743 0.005
7621.53920 14.727 0.005
7621.58717 14.699 0.005
7621.63926 14.705 0.005
7621.68590 14.732 0.005
7622.49003 14.727 0.005
7622.54310 14.718 0.005
7622.59159 14.680 0.005
7622.65440 14.692 0.005
7622.69682 14.714 0.005
7623.47507 14.703 0.005
7623.52164 14.752 0.005
7623.57626 14.745 0.005
7623.62993 14.746 0.005
7623.67408 14.720 0.005
7623.71561 14.749 0.005
7624.50733 14.773 0.005
7624.57334 14.754 0.005
7624.62179 14.744 0.005
7624.66859 14.749 0.005
7625.49442 14.803 0.005
7625.55792 14.753 0.005
7625.61157 14.751 0.005
7625.65576 14.773 0.005
7626.49722 14.772 0.005
7626.54458 14.734 0.005
7626.61917 14.732 0.005
7626.66362 14.767 0.005
7630.50791 14.793 0.005
7630.56341 14.758 0.005
7630.60784 14.777 0.005
7630.65254 14.773 0.005
7631.50055 14.777 0.005
7631.55576 14.789 0.005
7631.60043 14.793 0.005
7631.64410 14.813 0.005
7632.49995 14.793 0.005
7632.55542 14.740 0.005
7632.60026 14.762 0.005
7632.64387 14.752 0.005
7633.56752 14.694 0.005
7633.61297 14.743 0.005
7633.65498 14.765 0.005
7634.54368 14.724 0.005
7634.59765 14.699 0.005
7635.52026 14.750 0.005
7635.58106 14.726 0.005
7636.49709 14.727 0.005
7636.54911 14.768 0.005
7636.59424 14.762 0.005
7636.63620 14.762 0.005
7637.50601 14.771 0.005
7637.55471 14.820 0.005
7637.59857 14.812 0.005
7637.64053 14.785 0.005
7638.52125 14.718 0.005
7638.57918 14.719 0.005
7639.48012 14.656 0.005
7639.53427 14.717 0.005
7639.58971 14.726 0.005
7639.63363 14.751 0.005
7643.63384 14.620 0.005
7644.52963 14.640 0.005
7644.56783 14.644 0.005
7645.48144 14.637 0.005
7645.53142 14.643 0.005
7647.51812 14.612 0.005
7647.56381 14.631 0.005
7647.61450 14.609 0.005
7648.52891 14.563 0.005
7648.57295 14.602 0.005
7648.61624 14.586 0.005
7649.52354 14.596 0.005
7649.56847 14.594 0.005
7649.61248 14.601 0.005
7650.54372 14.616 0.005
7650.58777 14.598 0.005
7651.53535 14.549 0.005
7651.58795 14.572 0.005
7652.52304 14.530 0.005
7652.57904 14.538 0.005
7653.52443 14.530 0.005
7653.58590 14.521 0.005
7654.53802 14.463 0.005
7655.55480 14.430 0.005
7656.48277 14.397 0.005
7656.56786 14.382 0.005
7657.52243 14.373 0.005
7658.48571 14.314 0.005
7659.58573 14.301 0.005
7660.53815 14.286 0.005
7660.58175 14.287 0.005
7661.55368 14.271 0.005
7662.48607 14.225 0.005
7662.55467 14.232 0.005
7664.52390 14.204 0.005
7664.57082 14.184 0.005
7666.52452 14.201 0.005
7667.48941 14.189 0.005
7671.51230 14.094 0.005
7672.51388 14.103 0.005
7675.51931 14.027 0.005
7679.50098 13.915 0.005
7681.51235 13.852 0.005
7684.50748 13.719 0.005
7689.50641 13.486 0.005
7690.50701 13.434 0.005
7691.50815 13.387 0.005
7790.87974 14.341 0.005
7791.87484 14.358 0.005
7792.87182 14.369 0.005
7793.86852 14.390 0.005
7794.87346 14.417 0.005
7795.88144 14.439 0.005
7797.85968 14.480 0.005
7798.85787 14.454 0.005
7799.85497 14.488 0.005
7800.84712 14.526 0.005
7800.89212 14.522 0.005
7801.87259 14.534 0.005
7802.87010 14.540 0.005
7803.85308 14.550 0.005
7807.82387 14.644 0.005
7807.87045 14.630 0.005
7808.87588 14.658 0.005
7809.82071 14.681 0.005
7809.87067 14.669 0.005
7810.81978 14.675 0.005
7810.86561 14.662 0.005
7812.85248 14.684 0.005
7812.89728 14.699 0.005
7813.84187 14.688 0.005
7814.85182 14.733 0.005
7814.89943 14.685 0.005
7815.86546 14.737 0.005
7816.81008 14.736 0.005
7816.85530 14.735 0.005
7817.80647 14.725 0.005
7817.85177 14.747 0.005
7817.89696 14.730 0.005
7818.83797 14.680 0.005
7818.88308 14.644 0.005
7819.81776 14.719 0.005
7819.86955 14.726 0.005
7820.82644 14.744 0.005
7820.87225 14.727 0.005
7821.81080 14.697 0.005
7821.85516 14.715 0.005
7821.89976 14.726 0.005
7822.83762 14.734 0.005
7822.88234 14.607 0.005
7823.82312 14.722 0.005
7823.86745 14.734 0.005
7824.81762 14.705 0.005
7824.86347 14.712 0.005
7825.81064 14.737 0.005
7825.85526 14.753 0.005
7825.89983 14.739 0.005
7826.81368 14.747 0.005
7826.85872 14.747 0.005
7826.90369 14.761 0.005
7827.83261 14.755 0.005
7827.87693 14.742 0.005
7828.80173 14.751 0.005
7828.84631 14.773 0.005
7828.89107 14.779 0.005
7829.82840 14.700 0.005
7830.79704 14.722 0.005
7830.83806 14.755 0.005
7830.87642 14.772 0.005
7830.91599 14.721 0.005
7834.81924 14.740 0.005
7834.86638 14.747 0.005
7834.91344 14.762 0.005
7835.78648 14.695 0.005
7835.86494 14.728 0.005
7835.91178 14.741 0.005
7836.80181 14.719 0.005
7836.85072 14.742 0.005
7836.89775 14.717 0.005
7837.76935 14.751 0.005
7837.81570 14.742 0.005
7837.86221 14.732 0.005
7837.91017 14.710 0.005
7838.78453 14.730 0.005
7838.84007 14.728 0.005
7838.88739 14.760 0.005
7839.75746 14.722 0.005
7839.81683 14.708 0.005
7839.86599 14.699 0.005
7839.91668 14.692 0.005
7840.77476 14.699 0.005
7840.83189 14.722 0.005
7840.87748 14.694 0.005
7841.74657 14.653 0.005
7841.80206 14.655 0.005
7841.84835 14.657 0.005
7841.89716 14.628 0.005
7842.74996 14.704 0.005
7842.79629 14.683 0.005
7842.84274 14.678 0.005
7842.89031 14.681 0.005
7843.76506 14.685 0.005
7843.82042 14.686 0.005
7843.86731 14.681 0.005
7843.91328 14.692 0.005
7844.76160 14.690 0.005
7844.81703 14.602 0.005
7844.86269 14.655 0.005
7844.91343 14.656 0.005
7845.75487 14.656 0.005
7845.81018 14.639 0.005
7845.85688 14.641 0.005
7845.90301 14.662 0.005
7846.75657 14.617 0.005
7846.80274 14.613 0.005
7846.84818 14.612 0.005
7846.89433 14.645 0.005
7847.73626 14.596 0.005
7847.78229 14.601 0.005
7847.83835 14.598 0.005
7847.88482 14.597 0.005
7848.71975 14.592 0.005
7848.76522 14.587 0.005
7848.81110 14.597 0.005
7848.86788 14.612 0.005
7848.91671 14.597 0.005
7849.74757 14.573 0.005
7849.79390 14.582 0.005
7849.84960 14.583 0.005
7849.89823 14.602 0.005
7850.72914 14.523 0.005
7850.77562 14.511 0.005
7850.82169 14.558 0.005
7850.87951 14.556 0.005
7851.70751 14.530 0.005
7851.76225 14.538 0.005
7851.80867 14.547 0.005
7851.85542 14.550 0.005
7851.91563 14.527 0.005
7852.83657 14.520 0.005
7852.88524 14.513 0.005
7853.86987 14.470 0.005
7853.87940 14.480 0.005
7853.91133 14.463 0.005
7854.71589 14.455 0.005
7854.76223 14.468 0.005
7854.81772 14.461 0.005
7854.86663 14.432 0.005
7854.91514 14.442 0.005
7855.76091 14.451 0.005
7855.80798 14.434 0.005
7855.85637 14.435 0.005
7855.91482 14.425 0.005
7856.73915 14.388 0.005
7856.78740 14.397 0.005
7856.83424 14.363 0.005
7856.89467 14.374 0.005
7857.83793 14.300 0.005
7857.87627 14.345 0.005
7857.90440 14.391 0.005
7858.79892 14.369 0.005
7858.83428 14.347 0.005
7858.87553 14.367 0.005
7858.92264 14.351 0.005
7862.71802 14.232 0.005
7862.76466 14.232 0.005
7862.81202 14.231 0.005
7862.86049 14.224 0.005
7862.92055 14.220 0.005
7863.78985 14.189 0.005
7863.86142 14.217 0.005
7863.92175 14.208 0.005
7864.74825 14.179 0.005
7864.83179 14.172 0.005
7864.88321 14.173 0.005
7865.67467 14.132 0.005
7865.72034 14.144 0.005
7865.76630 14.134 0.005
7865.82455 14.204 0.005
7865.88965 14.133 0.005
7866.68548 14.109 0.005
7866.73209 14.103 0.005
7866.77848 14.104 0.005
7866.84579 14.116 0.005
7866.89607 14.106 0.005
7867.70431 14.082 0.005
7867.75112 14.099 0.005
7867.80702 14.083 0.005
7867.86646 14.064 0.005
7867.91372 14.069 0.005
7868.77665 14.019 0.005
7868.83669 14.022 0.005
7868.90040 14.015 0.005
7869.69699 13.999 0.005
7869.74473 14.021 0.005
7869.79092 14.019 0.005
7869.85897 14.017 0.005
7869.90743 14.002 0.005
7870.72425 13.981 0.005
7870.77163 14.005 0.005
7870.83828 13.979 0.005
7870.88706 13.978 0.005
7871.70485 13.942 0.005
7871.75161 13.940 0.005
7871.81731 13.954 0.005
7871.87387 13.949 0.005
7871.92626 13.952 0.005
7872.71342 13.902 0.005
7872.76714 13.921 0.005
7872.83695 13.940 0.005
7872.90007 13.929 0.005
7873.66942 13.929 0.005
7873.71585 13.888 0.005
7873.76225 13.902 0.005
7873.80918 13.908 0.005
7873.88054 13.915 0.005
7873.92768 13.911 0.005
7874.69134 13.889 0.005
7874.74644 13.883 0.005
7874.80341 13.895 0.005
7874.85364 13.898 0.005
7874.90086 13.889 0.005
7875.75832 13.862 0.005
7875.83905 13.863 0.005
7875.89635 13.872 0.005
7875.93132 13.875 0.005
7876.68704 13.855 0.005
7876.73406 13.856 0.005
7876.79457 13.859 0.005
7876.85677 13.862 0.005
7876.90380 13.865 0.005
7877.66522 13.829 0.005
7877.71132 13.821 0.005
7877.77772 13.882 0.005
7877.82721 13.824 0.005
7877.87593 13.842 0.005
7878.66061 13.806 0.005
7878.75348 13.856 0.005
7878.81170 13.816 0.005
7878.87225 13.816 0.005
7878.91830 13.838 0.005
7879.68107 13.808 0.005
7879.72742 13.795 0.005
7879.77347 13.804 0.005
7879.86467 13.803 0.005
7880.67931 13.794 0.005
7880.72533 13.801 0.005
7880.77166 13.798 0.005
7880.83175 13.795 0.005
7880.88629 13.796 0.005
7881.77030 13.792 0.005
7881.81976 13.790 0.005
7881.86934 13.776 0.005
7881.92408 13.777 0.005
7882.72553 13.762 0.005
7882.78233 13.763 0.005
7882.84098 13.770 0.005
7882.88806 13.762 0.005
7883.68422 13.735 0.005
7889.90241 13.520 0.005
7890.68968 13.490 0.005
7890.75073 13.497 0.005
7890.83516 13.499 0.005
7890.88283 13.484 0.005
7893.63908 13.304 0.005
7893.68673 13.303 0.005
7893.73321 13.298 0.005
7893.80024 13.297 0.005
7893.84726 13.313 0.005
7893.89460 13.298 0.005
7893.93748 13.285 0.005
7894.62471 13.234 0.005
7894.67090 13.255 0.005
7894.72596 13.249 0.005
7894.78287 13.248 0.005
7894.82992 13.237 0.005
7894.87645 13.231 0.005
7894.92279 13.227 0.005
7895.62128 13.172 0.005
7895.77396 13.173 0.005
7897.64317 13.026 0.005
7897.68074 13.027 0.005
7897.72856 13.016 0.005
7900.90215 12.763 0.005
7900.92388 12.763 0.005
7901.60227 12.708 0.005
7901.64884 12.707 0.005
7901.70276 12.700 0.005
7901.78895 12.716 0.005
7901.83683 12.703 0.005
7902.60496 12.643 0.005
7902.65497 12.628 0.005
7902.71018 12.632 0.005
7902.77070 12.624 0.005
7902.81677 12.626 0.005
7902.91323 12.619 0.005
7903.67639 12.554 0.005
7903.77579 12.555 0.005
7903.82316 12.559 0.005
7903.87876 12.542 0.005
7903.93482 12.529 0.005
7904.62230 12.479 0.005
7904.66531 12.499 0.005
7904.72161 12.528 0.005
7904.78107 12.521 0.005
7904.82911 12.499 0.005
7904.87528 12.472 0.005
7904.93110 12.466 0.005
7905.58755 12.423 0.005
7905.63473 12.427 0.005
7905.69045 12.438 0.005
7905.74609 12.481 0.005
7905.79579 12.442 0.005
7905.84320 12.430 0.005
7905.89046 12.430 0.005
7905.93992 12.400 0.005
7906.59847 12.362 0.005
7906.64533 12.390 0.005
7906.70140 12.442 0.005
7906.76058 12.409 0.005
7906.80839 12.391 0.005
7906.85536 12.365 0.005
7906.90207 12.358 0.005
7906.93895 12.337 0.005
7907.65535 12.314 0.005
7907.69596 12.324 0.005
7907.73959 12.363 0.005
7907.79616 12.305 0.005
7908.57374 12.233 0.005
7908.61449 12.250 0.005
7908.66083 12.262 0.005
7908.71647 12.301 0.005
7908.77475 12.268 0.005
7908.82203 12.282 0.005
7908.86850 12.262 0.005
7908.91730 12.229 0.005
7908.93952 12.225 0.005
7909.59294 12.212 0.005
7909.64116 12.237 0.005
7909.69789 12.264 0.005
7909.74641 12.279 0.005
7909.79340 12.244 0.005
7909.83833 12.231 0.005
7909.88250 12.217 0.005
7909.92187 12.186 0.005
7910.56211 12.159 0.005
7910.59492 12.152 0.005
7910.64102 12.185 0.005
7910.69757 12.203 0.005
7910.75773 12.171 0.005
7910.80445 12.215 0.005
7910.85872 12.199 0.005
7910.90683 12.153 0.005
7911.57285 12.118 0.005
7911.60806 12.113 0.005
7911.65487 12.147 0.005
7911.70090 12.139 0.005
7911.80899 12.129 0.005
7911.90265 12.106 0.005
7916.83461 12.087 0.005
7917.54159 12.014 0.005
7917.59064 12.020 0.005
7917.64070 12.041 0.005
7917.68834 12.057 0.005
7917.73904 12.077 0.005
7917.78632 12.054 0.005
7917.83239 12.039 0.005
7917.87815 12.042 0.005
7917.92168 12.019 0.005
7918.61747 12.019 0.005
7918.69667 12.029 0.005
7922.60199 12.006 0.005
7922.64819 12.043 0.005
7922.71478 12.027 0.005
7923.52571 12.009 0.005
7923.57093 12.023 0.005
7923.61679 12.011 0.005
7923.67993 12.025 0.005
7923.73858 12.030 0.005
7923.78667 12.038 0.005
7923.83186 12.039 0.005
7923.88671 12.023 0.005
7924.53813 12.052 0.005
7924.58409 12.054 0.005
7924.62985 12.058 0.005
7924.68365 12.067 0.005
7924.74147 12.097 0.005
7924.78773 12.100 0.005
7924.83358 12.098 0.005
7924.88274 12.049 0.005
7925.60783 12.037 0.005
7925.65408 12.073 0.005
7925.71876 12.037 0.005
7925.77478 12.054 0.005
7925.82838 12.039 0.005
7925.87803 12.018 0.005
7925.87985 12.023 0.005
7926.59355 12.019 0.005
7926.64880 12.038 0.005
7926.72454 12.030 0.005
7926.77503 12.039 0.005
7926.83150 12.039 0.005
7928.58950 12.062 0.005
7928.63849 12.063 0.005
7929.58246 12.048 0.005
7929.82261 12.058 0.005
7932.63770 12.125 0.005
7932.69617 12.114 0.005
7932.75613 12.116 0.005
7932.80180 12.108 0.005
7933.58072 12.114 0.005
7933.62695 12.111 0.005
7933.67608 12.116 0.005
7933.73386 12.120 0.005
7933.79063 12.125 0.005
7933.81927 12.124 0.005
7933.83621 12.118 0.005
7933.85016 12.120 0.005
7934.53156 12.134 0.005
7934.57713 12.148 0.005
7934.62294 12.140 0.005
7934.69842 12.188 0.005
7934.73055 12.170 0.005
7934.77731 12.141 0.005
7934.82310 12.145 0.005
7934.85670 12.141 0.005
7935.51621 12.149 0.005
7935.56322 12.173 0.005
7935.62961 12.192 0.005
7935.67870 12.189 0.005
7935.72668 12.200 0.005
7935.77324 12.184 0.005
7935.82025 12.195 0.005
7935.87172 12.163 0.005
7935.88327 12.169 0.005
7936.52447 12.164 0.005
7936.57184 12.184 0.005
7936.61979 12.157 0.005
7936.68242 12.192 0.005
7936.73930 12.174 0.005
7936.79668 12.180 0.005
7936.84288 12.154 0.005
7936.87315 12.174 0.005
7937.51321 12.173 0.005
7937.56091 12.182 0.005
7937.60834 12.209 0.005
7937.65572 12.205 0.005
7937.71397 12.184 0.005
7937.77170 12.174 0.005
7937.81844 12.174 0.005
7938.53653 12.206 0.005
7938.58481 12.197 0.005
7944.47827 12.319 0.005
7944.51871 12.329 0.005
7944.55858 12.340 0.005
7944.59754 12.357 0.005
7944.63708 12.343 0.005
7944.69525 12.338 0.005
7944.74231 12.339 0.005
7944.78221 12.339 0.005
7944.82149 12.331 0.005
7945.47220 12.333 0.005
7945.49737 12.338 0.005
7945.54494 12.358 0.005
7945.59254 12.365 0.005
7945.63939 12.424 0.005
7945.68831 12.420 0.005
7945.73608 12.388 0.005
7945.78281 12.359 0.005
7945.82962 12.353 0.005
7946.48023 12.365 0.005
7946.53575 12.396 0.005
7946.58369 12.404 0.005
7946.63140 12.384 0.005
7946.69695 12.393 0.005
7946.74502 12.385 0.005
7946.79353 12.378 0.005
7946.83703 12.379 0.005
7947.53428 12.398 0.005
7947.58292 12.400 0.005
7947.63150 12.412 0.005
7947.72845 12.409 0.005
7947.77583 12.409 0.005
7947.81265 12.403 0.005
7948.48904 12.423 0.005
7948.54631 12.437 0.005
7948.60381 12.450 0.005
7948.65582 12.448 0.005
7948.70245 12.448 0.005
7948.77254 12.444 0.005
7948.81922 12.430 0.005
7949.56344 12.465 0.005
7949.60907 12.456 0.005
7949.66929 12.467 0.005
7949.72596 12.462 0.005
7952.67168 12.572 0.005
7952.72462 12.560 0.005
7952.78011 12.554 0.005
7952.82688 12.554 0.005
7953.50510 12.575 0.005
7953.56516 12.579 0.005
7953.62740 12.576 0.005
7953.67964 12.578 0.005
7953.72962 12.590 0.005
7953.73172 12.586 0.005
7953.78056 12.578 0.005
7954.46869 12.597 0.005
7954.52166 12.614 0.005
7954.57146 12.646 0.005
7954.64729 12.648 0.005
7954.70018 12.628 0.005
7954.76617 12.625 0.005
7955.71913 12.664 0.005
7955.77385 12.650 0.005
7955.81584 12.639 0.005
7956.52884 12.677 0.005
7956.58448 12.690 0.005
7956.65211 12.707 0.005
7956.70165 12.690 0.005
7956.75077 12.678 0.005
7956.80173 12.659 0.005
7957.65936 12.707 0.005
7957.70986 12.699 0.005
7957.78928 12.699 0.005
7958.60540 12.735 0.005
7958.63822 12.736 0.005
7958.68306 12.742 0.005
7958.73413 12.742 0.005
7958.78285 12.740 0.005
7959.48646 12.766 0.005
7959.52814 12.773 0.005
7959.57682 12.781 0.005
7959.62900 12.799 0.005
7959.67757 12.788 0.005
7959.72688 12.782 0.005
7959.77820 12.767 0.005
7959.80667 12.775 0.005
7960.51692 12.798 0.005
7960.56473 12.807 0.005
7960.63656 12.823 0.005
7960.68453 12.814 0.005
7960.73783 12.807 0.005
7960.78799 12.798 0.005
7960.80894 12.800 0.005
7961.58013 12.839 0.005
7961.62266 12.845 0.005
7961.66283 12.847 0.005
7961.72283 12.840 0.005
7962.48489 12.873 0.005
7962.52533 12.877 0.005
7962.57512 12.896 0.005
7962.78254 12.873 0.005
7964.47310 12.932 0.005
7964.55779 12.952 0.005
7964.60829 12.948 0.005
7964.65704 12.953 0.005
7964.71896 12.952 0.005
7965.62803 12.998 0.005
7965.66486 12.993 0.005
7965.69458 12.994 0.005
7966.52254 13.020 0.005
7966.55730 13.012 0.005
7966.59630 13.024 0.005
7966.64471 13.029 0.005
7966.69316 13.027 0.005
7966.74356 13.026 0.005
7967.62430 13.064 0.005
7967.69845 13.065 0.005
7971.47038 13.192 0.005
7971.51158 13.196 0.005
7971.58910 13.204 0.005
7971.62587 13.210 0.005
7971.66302 13.210 0.005
7971.70401 13.196 0.005
7972.47101 13.230 0.005
7972.52336 13.232 0.005
7972.56016 13.225 0.005
7972.59995 13.236 0.005
7972.64281 13.239 0.005
7972.69403 13.236 0.005
7972.73302 13.238 0.005
7972.75688 13.236 0.005
7973.57404 13.269 0.005
7973.63208 13.273 0.005
7973.67948 13.272 0.005
7974.47198 13.295 0.005
7974.52688 13.312 0.005
7974.57704 13.315 0.005
7974.62683 13.316 0.005
7974.67581 13.313 0.005
7974.72502 13.310 0.005
7975.49186 13.329 0.005
7975.65509 13.344 0.005
7979.52271 13.489 0.005
7979.57289 13.489 0.005
7979.62422 13.489 0.005
7980.47392 13.497 0.005
7980.54168 13.501 0.005
7980.59223 13.508 0.005
7980.63848 13.516 0.005
7981.47462 13.526 0.005
7981.55554 13.554 0.005
7981.61272 13.553 0.005
7981.66011 13.548 0.005
7982.48784 13.578 0.005
7982.55400 13.580 0.005
7982.60264 13.559 0.005
7982.64889 13.586 0.005
7983.51185 13.590 0.005
7983.56118 13.612 0.005
7983.60755 13.619 0.005
7983.65740 13.620 0.005
7984.50263 13.619 0.005
7984.55466 13.628 0.005
7984.60318 13.615 0.005
7984.64975 13.634 0.005
7985.51717 13.653 0.005
7985.57058 13.667 0.005
7985.61680 13.667 0.005
7986.50629 13.693 0.005
7986.57870 13.727 0.005
7986.62861 13.708 0.005
7987.47405 13.723 0.005
7987.53949 13.722 0.005
7987.59123 13.728 0.005
7987.64328 13.758 0.005
7990.49035 13.842 0.005
7990.55772 13.839 0.005
7990.60709 13.842 0.005
7990.65248 13.837 0.005
7991.50878 13.870 0.005
7991.56720 13.865 0.005
7991.62500 13.863 0.005
7992.47547 13.904 0.005
7992.52548 13.909 0.005
7992.57197 13.900 0.005
7992.62722 13.902 0.005
7993.49209 13.937 0.005
7993.54070 13.937 0.005
7993.58843 13.934 0.005
7993.63498 13.933 0.005
7994.50491 13.961 0.005
7994.55307 13.962 0.005
7994.60198 13.961 0.005
7994.64883 13.959 0.005
7998.50385 14.059 0.005
8000.48861 14.125 0.005
8000.53058 14.125 0.005
8000.57059 14.115 0.005
8000.61557 14.129 0.005
8001.49312 14.162 0.005
8001.54089 14.162 0.005
8001.58777 14.170 0.005
8002.49481 14.139 0.005
8002.54229 14.158 0.005
8002.59061 14.170 0.005
8003.54805 14.170 0.005
8004.47597 14.237 0.005
8004.54311 14.242 0.005
8004.59050 14.246 0.005
8005.52414 14.201 0.005
8007.52737 14.331 0.005
8007.58900 14.319 0.005
8008.53142 14.362 0.005
8008.58811 14.347 0.005
8010.53854 14.391 0.005
8011.50607 14.376 0.005
8011.58330 14.389 0.005
8012.52110 14.468 0.005
8012.56878 14.457 0.005
8013.50038 14.470 0.005
8013.55685 14.477 0.005
8014.49405 14.506 0.005
8014.55011 14.495 0.005
8015.47641 14.506 0.005
8015.52548 14.453 0.005
8016.47843 14.533 0.005
8016.52509 14.521 0.005
8017.47860 14.545 0.005
8017.53471 14.572 0.005
8018.48590 14.564 0.005
8018.54506 14.595 0.005
8019.49873 14.574 0.005
8019.55661 14.598 0.005
8020.52799 14.601 0.005
8021.48225 14.596 0.005
8021.55355 14.627 0.005
8026.49535 14.690 0.005
8026.53557 14.709 0.005
8030.49943 14.792 0.005
8032.56054 14.784 0.005
8035.56047 14.761 0.005
8036.53768 14.746 0.005
8037.54189 14.707 0.005
8037.56229 14.695 0.005
8039.52855 14.769 0.005
8040.51150 14.764 0.005
8040.55941 14.775 0.005
8046.49475 14.699 0.005
8048.51216 14.732 0.005
8053.52578 14.589 0.005
8055.50661 14.531 0.005
8153.88182 12.683 0.005
8155.87945 12.703 0.005
8161.86157 12.807 0.005
8161.88643 12.809 0.005
8162.87290 12.859 0.005
8163.86627 12.854 0.005
8164.85951 12.885 0.005
8165.84473 12.905 0.005
8165.88361 12.918 0.005
8166.86479 12.926 0.005
8167.83809 12.958 0.005
8167.87648 12.959 0.005
8168.84608 12.977 0.005
8168.88415 12.982 0.005
8169.84629 13.004 0.005
8169.88349 13.011 0.005
8170.84292 13.048 0.005
8170.88069 13.057 0.005
8171.83989 13.069 0.005
8171.87723 13.083 0.005
8172.83770 13.088 0.005
8172.87523 13.111 0.005
8173.83501 13.117 0.005
8173.87238 13.139 0.005
8174.82235 13.139 0.005
8174.85988 13.168 0.005
8174.89720 13.178 0.005
8175.84585 13.202 0.005
8175.88361 13.181 0.005
8176.82621 13.210 0.005
8176.86403 13.228 0.005
8181.80326 13.379 0.005
8181.84458 13.392 0.005
8181.88474 13.373 0.005
8182.84881 13.415 0.005
8182.89503 13.435 0.005
8183.82092 13.460 0.005
8183.86944 13.452 0.005
8184.82347 13.476 0.005
8184.86552 13.484 0.005
8184.90455 13.481 0.005
8185.84787 13.510 0.005
8185.88635 13.522 0.005
8189.80040 13.631 0.005
8189.84856 13.644 0.005
8189.89495 13.646 0.005
8190.83833 13.683 0.005
8190.89489 13.685 0.005
8191.80993 13.674 0.005
8191.86641 13.670 0.005
8191.91368 13.680 0.005
8192.81617 13.709 0.005
8192.87349 13.699 0.005
8193.78697 13.725 0.005
8193.83429 13.726 0.005
8193.88233 13.739 0.005
8194.78012 13.758 0.005
8194.82835 13.766 0.005
8194.88353 13.766 0.005
8195.77112 13.792 0.005
8195.81675 13.789 0.005
8195.87443 13.791 0.005
8196.77075 13.817 0.005
8196.81660 13.808 0.005
8196.87258 13.822 0.005
8197.75820 13.847 0.005
8197.79777 13.849 0.005
8197.84396 13.849 0.005
8197.89886 13.913 0.005
8198.76949 13.875 0.005
8198.81546 13.866 0.005
8198.86991 13.889 0.005
8198.91747 13.868 0.005
8199.77937 13.901 0.005
8199.82488 13.915 0.005
8200.75363 13.928 0.005
8200.79606 13.946 0.005
8200.84258 13.950 0.005
8200.89789 13.952 0.005
8201.75527 13.956 0.005
8201.80740 13.959 0.005
8201.86213 13.978 0.005
8201.90811 13.977 0.005
8202.77450 13.992 0.005
8202.82001 14.019 0.005
8202.87503 14.018 0.005
8202.92201 13.980 0.005
8203.78048 14.009 0.005
8203.82629 14.036 0.005
8203.87249 14.026 0.005
8204.74437 14.035 0.005
8204.78906 14.045 0.005
8204.83443 14.049 0.005
8204.88942 14.036 0.005
8205.74450 14.046 0.005
8205.79002 14.062 0.005
8205.84803 14.048 0.005
8205.90285 14.070 0.005
8206.75467 14.083 0.005
8206.80036 14.104 0.005
8206.84587 14.111 0.005
8206.90147 14.132 0.005
8207.75074 14.107 0.005
8207.79622 14.116 0.005
8207.84237 14.120 0.005
8207.88841 14.139 0.005
8208.74713 14.130 0.005
8208.79257 14.137 0.005
8208.83840 14.133 0.005
8208.89392 14.143 0.005
8209.74533 14.143 0.005
8209.78998 14.168 0.005
8209.83602 14.169 0.005
8209.88170 14.173 0.005
8210.72474 14.175 0.005
8210.77061 14.182 0.005
8210.81699 14.180 0.005
8210.86269 14.184 0.005
8210.90873 14.209 0.005
8211.74024 14.192 0.005
8211.78616 14.186 0.005
8211.83198 14.204 0.005
8211.87824 14.229 0.005
8212.72102 14.211 0.005
8212.76114 14.222 0.005
8212.79511 14.222 0.005
8212.83837 14.223 0.005
8212.88432 14.240 0.005
8217.76244 14.323 0.005
8217.82244 14.316 0.005
8217.87489 14.331 0.005
8220.72766 14.382 0.005
8220.75840 14.398 0.005
8220.80603 14.388 0.005
8220.87720 14.386 0.005
8220.92574 14.362 0.005
8221.76014 14.387 0.005
8221.80012 14.392 0.005
8221.85503 14.380 0.005
8221.91081 14.385 0.005
8222.71675 14.388 0.005
8222.76355 14.393 0.005
8222.82587 14.367 0.005
8222.88823 14.392 0.005
8223.77802 14.397 0.005
8223.84555 14.376 0.005
8223.89853 14.374 0.005
8224.71069 14.388 0.005
8224.75713 14.394 0.005
8224.82963 14.408 0.005
8224.87886 14.417 0.005
8225.79474 14.417 0.005
8225.89175 14.386 0.005
8226.85326 14.434 0.005
8226.90190 14.433 0.005
8227.71215 14.452 0.005
8227.75840 14.452 0.005
8227.83697 14.469 0.005
8227.88520 14.453 0.005
8228.73249 14.453 0.005
8228.78204 14.462 0.005
8228.83039 14.486 0.005
8228.90672 14.459 0.005
8229.71141 14.465 0.005
8229.77652 14.490 0.005
8229.82538 14.495 0.005
8229.87674 14.498 0.005
8229.92340 14.476 0.005
8230.72903 14.505 0.005
8230.77735 14.484 0.005
8230.84622 14.511 0.005
8230.89782 14.506 0.005
8232.80122 14.460 0.005
8232.87085 14.479 0.005
8233.71123 14.476 0.005
8233.76260 14.494 0.005
8235.72259 14.473 0.005
8235.83105 14.544 0.005
8236.71420 14.477 0.005
8236.78424 14.486 0.005
8238.68899 14.467 0.005
8238.74294 14.490 0.005
8238.78946 14.491 0.005
8238.84735 14.485 0.005
8238.89959 14.482 0.005
8244.65089 14.432 0.005
8244.69856 14.438 0.005
8244.74501 14.423 0.005
8244.80217 14.445 0.005
8244.85151 14.445 0.005
8245.70863 14.389 0.005
8245.76783 14.374 0.005
8245.81468 14.417 0.005
8245.86386 14.407 0.005
8245.93510 14.402 0.005
8246.70480 14.417 0.005
8246.75142 14.406 0.005
8246.80257 14.421 0.005
8246.85483 14.420 0.005
8246.90876 14.421 0.005
8247.63405 14.393 0.005
8247.67837 14.410 0.005
8247.72428 14.422 0.005
8247.77086 14.424 0.005
8247.83070 14.405 0.005
8247.88585 14.405 0.005
8247.93539 14.352 0.005
8248.74101 14.362 0.005
8249.64538 14.360 0.005
8249.69187 14.370 0.005
8249.73856 14.391 0.005
8249.78522 14.392 0.005
8249.84492 14.379 0.005
8249.90054 14.369 0.005
8250.64693 14.356 0.005
8250.69968 14.383 0.005
8250.74613 14.390 0.005
8250.81345 14.371 0.005
8250.86046 14.351 0.005
8250.90947 14.346 0.005
8251.63677 14.316 0.005
8251.68242 14.339 0.005
8251.72911 14.326 0.005
8251.79329 14.326 0.005
8251.89657 14.316 0.005
8252.85246 14.300 0.005
8252.90667 14.300 0.005
8253.63030 14.289 0.005
8253.67813 14.285 0.005
8253.72487 14.298 0.005
8253.77902 14.310 0.005
8253.84982 14.295 0.005
8254.64151 14.271 0.005
8254.69984 14.279 0.005
8254.75707 14.300 0.005
8254.83398 14.263 0.005
8254.89246 14.272 0.005
8254.93825 14.267 0.005
8255.66810 14.219 0.005
8255.71603 14.221 0.005
8255.78601 14.266 0.005
8255.85483 14.245 0.005
8255.90140 14.238 0.005
8256.61253 14.209 0.005
8256.66483 14.224 0.005
8256.71072 14.190 0.005
8256.76947 14.211 0.005
8256.81937 14.204 0.005
8256.88356 14.212 0.005
8256.92971 14.204 0.005
8257.67656 14.166 0.005
8257.72384 14.170 0.005
8257.77330 14.167 0.005
8257.82215 14.179 0.005
8257.87133 14.178 0.005
8258.64616 14.152 0.005
8258.72039 14.154 0.005
8258.76970 14.152 0.005
8258.82969 14.150 0.005
8258.89250 14.153 0.005
8259.61525 14.111 0.005
8259.69977 14.108 0.005
8259.75738 14.118 0.005
8259.81331 14.104 0.005
8259.86435 14.107 0.005
8259.91951 14.109 0.005
8260.62978 14.111 0.005
8260.81055 14.097 0.005
8260.91200 14.086 0.005
8261.65029 14.060 0.005
8261.70816 14.063 0.005
8261.76072 14.061 0.005
8261.85174 14.053 0.005
8261.89881 14.052 0.005
8262.65595 14.019 0.005
8262.70494 14.044 0.005
8262.75378 14.037 0.005
8262.82753 14.028 0.005
8262.87361 14.037 0.005
8262.91227 14.015 0.005
8263.64206 14.011 0.005
8263.69764 14.004 0.005
8263.74748 14.016 0.005
8263.81284 14.011 0.005
8263.86507 14.010 0.005
8264.63580 13.960 0.005
8264.72763 13.970 0.005
8264.78245 13.962 0.005
8264.83165 13.962 0.005
8264.88260 13.953 0.005
8265.58606 13.906 0.005
8265.64039 13.923 0.005
8265.69263 13.904 0.005
8265.74183 13.929 0.005
8265.79637 13.917 0.005
8265.87001 13.907 0.005
8266.63802 13.877 0.005
8266.71320 13.874 0.005
8266.76507 13.879 0.005
8266.92125 13.865 0.005
8271.62271 13.685 0.005
8271.81392 13.674 0.005
8271.84173 13.678 0.005
8271.88816 13.678 0.005
8272.67661 13.634 0.005
8272.73443 13.628 0.005
8272.78432 13.660 0.005
8272.83525 13.653 0.005
8272.88541 13.629 0.005
8272.93277 13.625 0.005
8273.60416 13.599 0.005
8273.65187 13.630 0.005
8273.71886 13.632 0.005
8273.77239 13.623 0.005
8273.82403 13.573 0.005
8273.85924 13.588 0.005
8273.89868 13.606 0.005
8274.58330 13.572 0.005
8274.63157 13.564 0.005
8274.68052 13.564 0.005
8274.73192 13.584 0.005
8274.79188 13.554 0.005
8274.84326 13.540 0.005
8274.89167 13.539 0.005
8275.57685 13.547 0.005
8275.63475 13.546 0.005
8275.68329 13.560 0.005
8275.75089 13.546 0.005
8275.80193 13.549 0.005
8275.85606 13.540 0.005
8275.90329 13.532 0.005
8276.58447 13.511 0.005
8276.63217 13.502 0.005
8276.67947 13.506 0.005
8276.74100 13.498 0.005
8276.79088 13.518 0.005
8276.84086 13.493 0.005
8277.57716 13.464 0.005
8277.63118 13.469 0.005
8277.69313 13.476 0.005
8277.74716 13.459 0.005
8277.79598 13.466 0.005
8277.84565 13.470 0.005
8277.89862 13.460 0.005
8277.93263 13.452 0.005
8278.57976 13.445 0.005
8278.62657 13.437 0.005
8278.69834 13.438 0.005
8278.84248 13.432 0.005
8282.56479 13.321 0.005
8282.61294 13.333 0.005
8282.67190 13.337 0.005
8282.73399 13.323 0.005
8282.79564 13.319 0.005
8282.84537 13.335 0.005
8282.89376 13.318 0.005
8283.53851 13.280 0.005
8283.57721 13.284 0.005
8283.62362 13.296 0.005
8283.67938 13.305 0.005
8283.74169 13.296 0.005
8283.79059 13.304 0.005
8283.83947 13.291 0.005
8283.88775 13.283 0.005
8284.53129 13.256 0.005
8284.57766 13.274 0.005
8284.62537 13.275 0.005
8284.68136 13.266 0.005
8284.74403 13.278 0.005
8284.79124 13.275 0.005
8284.84022 13.263 0.005
8284.88754 13.258 0.005
8285.72654 13.240 0.005
8285.77424 13.239 0.005
8286.53006 13.198 0.005
8286.57677 13.209 0.005
8286.62458 13.206 0.005
8286.68232 13.218 0.005
8286.74559 13.214 0.005
8286.82058 13.209 0.005
8286.86763 13.200 0.005
8286.91256 13.195 0.005
8287.56447 13.183 0.005
8287.61926 13.191 0.005
8287.67523 13.192 0.005
8287.73650 13.192 0.005
8287.79872 13.173 0.005
8287.86076 13.186 0.005
8287.90083 13.166 0.005
8288.54049 13.138 0.005
8288.58632 13.141 0.005
8288.64198 13.155 0.005
8288.71088 13.153 0.005
8288.77219 13.142 0.005
8288.83350 13.137 0.005
8288.88047 13.130 0.005
8289.53525 13.107 0.005
8289.58255 13.116 0.005
8289.64604 13.130 0.005
8289.70592 13.146 0.005
8289.76599 13.114 0.005
8289.82356 13.096 0.005
8289.87025 13.102 0.005
8290.52816 13.066 0.005
8290.58157 13.076 0.005
8290.62986 13.081 0.005
8290.70298 13.069 0.005
8290.77243 13.061 0.005
8290.81932 13.056 0.005
8290.86776 13.057 0.005
8291.57011 13.036 0.005
8291.62470 13.035 0.005
8291.69148 13.038 0.005
8291.75072 13.027 0.005
8291.80849 13.027 0.005
8291.86925 13.014 0.005
8292.54202 12.981 0.005
8292.58245 12.984 0.005
8292.63045 12.978 0.005
8292.68552 12.972 0.005
8292.75485 12.973 0.005
8292.81544 12.975 0.005
8292.88270 12.963 0.005
8293.53787 12.926 0.005
8293.58885 12.929 0.005
8293.65377 12.933 0.005
8293.71683 12.925 0.005
8293.76679 12.918 0.005
8294.57423 12.875 0.005
8294.62987 12.869 0.005
8294.76804 12.868 0.005
8294.82306 12.863 0.005
8299.50002 12.611 0.005
8299.54424 12.614 0.005
8299.65322 12.612 0.005
8301.56940 12.509 0.005
8301.63153 12.505 0.005
8301.68179 12.507 0.005
8301.73551 12.502 0.005
8301.79183 12.508 0.005
8302.54445 12.457 0.005
8302.67534 12.462 0.005
8303.62886 12.404 0.005
8304.53536 12.357 0.005
8304.58026 12.352 0.005
8304.62568 12.353 0.005
8304.68216 12.347 0.005
8304.73787 12.347 0.005
8304.79909 12.341 0.005
8305.57328 12.313 0.005
8305.64190 12.301 0.005
8305.68018 12.304 0.005
8305.73971 12.302 0.005
8305.79357 12.298 0.005
8305.84426 12.296 0.005
8306.66734 12.255 0.005
8306.69518 12.262 0.005
8306.74651 12.244 0.005
8306.78184 12.252 0.005
8306.82168 12.250 0.005
8307.48130 12.212 0.005
8307.52829 12.245 0.005
8307.58583 12.250 0.005
8307.63534 12.242 0.005
8307.69536 12.274 0.005
8307.74211 12.253 0.005
8307.79886 12.226 0.005
8307.84355 12.201 0.005
8308.49851 12.171 0.005
8308.54648 12.178 0.005
8308.59243 12.192 0.005
8308.65030 12.241 0.005
8308.70749 12.178 0.005
8308.75592 12.172 0.005
8308.80202 12.164 0.005
8309.47455 12.141 0.005
8309.52090 12.163 0.005
8309.56833 12.223 0.005
8309.62665 12.175 0.005
8309.68557 12.177 0.005
8309.73380 12.175 0.005
8309.78071 12.158 0.005
8309.82689 12.127 0.005
8310.48551 12.097 0.005
8310.53490 12.108 0.005
8310.56588 12.112 0.005
8310.60346 12.139 0.005
8310.63786 12.152 0.005
8310.67714 12.120 0.005
8310.71180 12.111 0.005
8310.75937 12.086 0.005
8310.81292 12.090 0.005
8311.48338 12.071 0.005
8311.52979 12.067 0.005
8311.57936 12.085 0.005
8311.63679 12.104 0.005
8311.69529 12.110 0.005
8311.74280 12.088 0.005
8311.78913 12.075 0.005
8311.83230 12.083 0.005
8312.49935 12.069 0.005
8312.54700 12.052 0.005
8312.59758 12.062 0.005
8312.65614 12.064 0.005
8312.72207 12.082 0.005
8312.78050 12.085 0.005
8312.82807 12.055 0.005
8313.50032 12.066 0.005
8313.54820 12.110 0.005
8313.60145 12.110 0.005
8313.64698 12.117 0.005
8313.70239 12.093 0.005
8313.74909 12.067 0.005
8313.79586 12.049 0.005
8314.46717 11.994 0.005
8314.51571 12.037 0.005
8314.56325 12.030 0.005
8314.61078 12.036 0.005
8314.66866 12.046 0.005
8314.72482 12.039 0.005
8314.77126 12.028 0.005
8314.81695 11.973 0.005
8316.49857 11.956 0.005
8316.54610 11.954 0.005
8316.59533 11.976 0.005
8316.64627 11.952 0.005
8316.70824 11.954 0.005
8316.75940 11.956 0.005
8320.50160 11.936 0.005
8320.54871 11.918 0.005
8320.60556 11.946 0.005
8320.66492 11.990 0.005
8320.71217 11.952 0.005
8320.75849 11.989 0.005
8321.48895 11.939 0.005
8321.53474 11.924 0.005
8321.77056 11.925 0.005
8328.48380 11.921 0.005
8328.53303 11.944 0.005
8328.58016 11.964 0.005
8328.62932 11.950 0.005
8328.67823 11.935 0.005
8328.72463 11.957 0.005
8328.77154 11.932 0.005
8329.50814 11.942 0.005
8329.55492 11.950 0.005
8329.60288 11.954 0.005
8329.65126 11.958 0.005
8329.69763 12.001 0.005
8329.74361 11.982 0.005
8330.46926 11.951 0.005
8330.52336 11.974 0.005
8330.57986 11.947 0.005
8331.47030 11.929 0.005
8331.52640 11.991 0.005
8331.58402 12.012 0.005
8331.63337 11.961 0.005
8331.68038 11.981 0.005
8332.48686 11.953 0.005
8332.54300 11.981 0.005
8332.60337 11.943 0.005
8332.65105 11.984 0.005
8332.69756 11.968 0.005
8333.49220 11.965 0.005
8333.53968 12.024 0.005
8333.59958 12.004 0.005
8333.65784 12.011 0.005
8334.49387 11.993 0.005
8334.55116 12.050 0.005
8334.61105 12.020 0.005
8334.65850 11.997 0.005
8334.75893 11.962 0.005
8335.57100 11.975 0.005
8335.68647 11.967 0.005
8336.47240 11.990 0.005
8336.52603 12.000 0.005
8336.58738 11.996 0.005
8336.64821 12.011 0.005
8336.74355 12.021 0.005
8338.50414 11.995 0.005
8338.55548 11.995 0.005
8338.61597 12.012 0.005
8338.72992 12.025 0.005
8339.48881 12.061 0.005
8339.55357 12.113 0.005
8339.61254 12.068 0.005
8339.72582 12.056 0.005
8340.48847 12.045 0.005
8340.59802 12.056 0.005
8340.64554 12.103 0.005
8340.74565 12.031 0.005
8341.52816 12.115 0.005
8341.58572 12.103 0.005
8341.64481 12.111 0.005
8342.47388 12.066 0.005
8342.52870 12.086 0.005
8342.60339 12.064 0.005
8343.48445 12.079 0.005
8343.55508 12.089 0.005
8344.50584 12.114 0.005
8344.55816 12.125 0.005
8344.62057 12.128 0.005
8344.71466 12.110 0.005
8345.50556 12.128 0.005
8345.55517 12.138 0.005
8345.61720 12.143 0.005
8345.70496 12.157 0.005
8346.50169 12.144 0.005
8346.56080 12.189 0.005
8346.61838 12.170 0.005
8346.74236 12.165 0.005
8347.50620 12.186 0.005
8347.57038 12.178 0.005
8347.62718 12.210 0.005
8348.53161 12.192 0.005
8348.59056 12.199 0.005
8348.70677 12.229 0.005
8349.53368 12.226 0.005
8349.59436 12.223 0.005
8349.72428 12.227 0.005
8353.57954 12.338 0.005
8353.62911 12.334 0.005
8355.49181 12.395 0.005
8355.54331 12.404 0.005
8355.64374 12.471 0.005
8355.69052 12.413 0.005
8356.51700 12.447 0.005
8356.64257 12.512 0.005
8356.69022 12.455 0.005
8357.49675 12.461 0.005
8357.56508 12.507 0.005
8357.68818 12.471 0.005
8358.51766 12.512 0.005
8358.58552 12.512 0.005
8358.66131 12.499 0.005
8359.48100 12.527 0.005
8359.53319 12.542 0.005
8359.60022 12.552 0.005
8359.68127 12.526 0.005
8360.52898 12.565 0.005
8360.57612 12.565 0.005
8360.62366 12.564 0.005
8360.69260 12.561 0.005
8361.64140 12.593 0.005
8363.52735 12.666 0.005
8363.63392 12.673 0.005
8363.68373 12.662 0.005
8364.52716 12.713 0.005
8364.58355 12.722 0.005
8364.65784 12.731 0.005
8366.49700 12.760 0.005
8366.55775 12.765 0.005
8366.67866 12.759 0.005
8367.52094 12.797 0.005
8367.62638 12.805 0.005
8367.67323 12.820 0.005
8368.52196 12.841 0.005
8368.60786 12.849 0.005
8368.67125 12.847 0.005
8369.51526 12.874 0.005
8369.60852 12.879 0.005
8369.65590 12.865 0.005
8370.53268 12.912 0.005
8370.63440 12.906 0.005
8371.48127 12.947 0.005
8371.55448 12.952 0.005
8371.60155 12.932 0.005
8372.49891 12.963 0.005
8372.55671 12.974 0.005
8372.65408 12.966 0.005
8373.52035 13.002 0.005
8373.62503 13.009 0.005
8375.52487 13.069 0.005
8375.58283 13.070 0.005
8375.63127 13.067 0.005
8376.49810 13.099 0.005
8376.56378 13.097 0.005
8377.49237 13.124 0.005
8377.53054 13.123 0.005
8377.57459 13.125 0.005
8377.61447 13.129 0.005
8381.51646 13.255 0.005
8381.56790 13.266 0.005
8382.51487 13.316 0.005
8382.56545 13.311 0.005
8382.60983 13.306 0.005
8383.48452 13.329 0.005
8383.52964 13.331 0.005
8383.57717 13.328 0.005
8383.62208 13.320 0.005
8384.52793 13.379 0.005
8384.57719 13.370 0.005
8384.61661 13.363 0.005
8385.48303 13.401 0.005
8385.55037 13.440 0.005
8385.60035 13.424 0.005
8386.48341 13.428 0.005
8387.48050 13.465 0.005
8390.48501 13.538 0.005
8392.48542 13.618 0.005
8392.55626 13.621 0.005
8392.60933 13.624 0.005
8393.51713 13.646 0.005
8393.56367 13.641 0.005
8393.60817 13.648 0.005
8394.51706 13.669 0.005
8394.58361 13.693 0.005
8397.56563 13.776 0.005
8398.54696 13.803 0.005
8399.50334 13.815 0.005
8401.51583 13.897 0.005
8401.56691 13.901 0.005
8404.54982 13.977 0.005
8409.52253 14.087 0.005
8409.56822 14.075 0.005
8410.56035 14.130 0.005
8411.56123 14.132 0.005
8412.55505 14.140 0.005
8414.51090 14.142 0.005
8414.55442 14.141 0.005
8415.52600 14.177 0.005
8416.53725 14.205 0.005
8418.52903 14.209 0.005
8419.52530 14.275 0.005
8424.51622 14.248 0.005
8521.88176 12.001 0.005
8522.87632 11.982 0.005
8523.87988 11.989 0.005
8526.86916 11.948 0.005
8530.86794 12.030 0.005
8531.87086 12.009 0.005
8532.88206 12.004 0.005
8534.85189 12.079 0.005
8534.88186 12.061 0.005
8535.87153 12.069 0.005
8536.84855 12.106 0.005
8536.88868 12.114 0.005
8538.85791 12.131 0.005
8539.84577 12.153 0.005
8539.88679 12.156 0.005
8540.86789 12.181 0.005
8544.84769 12.326 0.005
8544.85407 12.297 0.005
8546.82378 12.300 0.005
8546.87269 12.321 0.005
8547.81874 12.344 0.005
8547.87247 12.356 0.005
8548.82864 12.383 0.005
8548.87468 12.402 0.005
8549.81225 12.368 0.005
8549.86079 12.395 0.005
8550.82447 12.423 0.005
8550.86364 12.439 0.005
8550.91108 12.417 0.005
8551.86135 12.424 0.005
8552.85097 12.448 0.005
8552.88081 12.452 0.005
8553.80429 12.472 0.005
8553.85707 12.484 0.005
8554.78417 12.506 0.005
8554.82090 12.519 0.005
8554.86233 12.536 0.005
8555.78547 12.552 0.005
8555.82198 12.570 0.005
8555.86946 12.584 0.005
8556.78360 12.585 0.005
8556.82079 12.592 0.005
8556.86887 12.604 0.005
8557.78473 12.594 0.005
8557.82484 12.615 0.005
8557.86497 12.633 0.005
8558.78426 12.645 0.005
8558.81642 12.641 0.005
8558.85604 12.663 0.005
8558.90589 12.657 0.005
8559.79865 12.666 0.005
8559.83889 12.698 0.005
8559.88734 12.724 0.005
8560.77754 12.731 0.005
8560.82432 12.757 0.005
8560.87190 12.771 0.005
8560.91181 12.762 0.005
8561.80367 12.756 0.005
8561.85453 12.772 0.005
8561.89418 12.755 0.005
8562.78942 12.782 0.005
8562.83888 12.787 0.005
8562.88522 12.802 0.005
8563.76976 12.827 0.005
8563.82369 12.840 0.005
8563.86360 12.843 0.005
8563.90311 12.855 0.005
8564.79662 12.875 0.005
8564.83850 12.880 0.005
8564.87870 12.897 0.005
8565.76789 12.913 0.005
8565.82304 12.919 0.005
8565.87526 12.942 0.005
8565.91563 12.922 0.005
8566.80914 12.984 0.005
8566.85843 12.973 0.005
8566.89827 12.971 0.005
8567.78877 12.992 0.005
8567.81943 13.004 0.005
8567.86015 13.000 0.005
8567.89676 12.985 0.005
8573.86954 13.230 0.005
8573.90848 13.236 0.005
8574.74873 13.264 0.005
8574.85818 13.275 0.005
8574.89851 13.287 0.005
8575.74082 13.299 0.005
8575.78876 13.309 0.005
8575.82755 13.309 0.005
8575.86661 13.312 0.005
8575.91527 13.334 0.005
8576.79116 13.362 0.005
8576.82994 13.361 0.005
8576.87684 13.362 0.005
8576.92007 13.348 0.005
8577.77112 13.393 0.005
8577.83788 13.400 0.005
8577.90019 13.399 0.005
8578.72556 13.431 0.005
8578.77109 13.448 0.005
8578.81060 13.448 0.005
8578.86796 13.453 0.005
8578.91880 13.449 0.005
8579.73794 13.482 0.005
8579.77751 13.487 0.005
8579.82121 13.485 0.005
8579.87389 13.488 0.005
8579.91562 13.488 0.005
8580.73688 13.520 0.005
8580.78848 13.522 0.005
8580.83080 13.518 0.005
8580.86688 13.526 0.005
8581.71058 13.555 0.005
8581.75312 13.567 0.005
8581.79999 13.563 0.005
8581.86546 13.577 0.005
8582.71147 13.597 0.005
8582.73902 13.572 0.005
8582.79001 13.601 0.005
8582.85802 13.568 0.005
8582.91007 13.613 0.005
8583.72517 13.607 0.005
8583.76933 13.642 0.005
8583.82077 13.646 0.005
8583.89549 13.648 0.005
8584.72032 13.630 0.005
8584.76451 13.649 0.005
8584.83082 13.684 0.005
8584.91447 13.694 0.005
8585.72468 13.671 0.005
8585.77938 13.677 0.005
8585.82717 13.724 0.005
8585.89222 13.734 0.005
8586.70804 13.705 0.005
8586.74825 13.708 0.005
8586.79566 13.753 0.005
8586.87443 13.761 0.005
8586.92426 13.750 0.005
8587.71675 13.765 0.005
8587.77214 13.755 0.005
8587.82233 13.753 0.005
8587.90260 13.758 0.005
8588.71390 13.791 0.005
8588.76727 13.831 0.005
8588.81483 13.794 0.005
8588.89725 13.799 0.005
8589.69661 13.806 0.005
8589.73282 13.814 0.005
8589.78797 13.810 0.005
8589.84668 13.827 0.005
8589.90660 13.838 0.005
8590.71219 13.844 0.005
8590.75836 13.828 0.005
8590.80652 13.871 0.005
8590.88504 13.878 0.005
8591.69164 13.884 0.005
8591.73967 13.901 0.005
8591.80360 13.886 0.005
8591.86850 13.897 0.005
8592.72758 13.924 0.005
8592.83210 13.937 0.005
8592.87769 13.929 0.005
8593.71662 13.959 0.005
8593.77564 13.957 0.005
8593.85863 13.973 0.005
8593.92514 13.962 0.005
8594.70116 13.984 0.005
8594.74654 13.999 0.005
8594.80797 14.010 0.005
8594.86052 14.005 0.005
8594.91399 13.997 0.005
8595.71787 14.012 0.005
8595.76282 14.009 0.005
8595.84860 14.020 0.005
8595.92551 14.030 0.005
8599.68920 14.131 0.005
8599.73012 14.143 0.005
8599.77355 14.145 0.005
8599.81457 14.147 0.005
8599.88236 14.158 0.005
8599.92029 14.144 0.005
8600.67496 14.167 0.005
8600.71546 14.167 0.005
8600.77311 14.189 0.005
8600.84088 14.195 0.005
8600.88952 14.171 0.005
8600.93350 14.157 0.005
8601.69194 14.197 0.005
8601.74196 14.189 0.005
8601.80705 14.207 0.005
8601.90597 14.204 0.005
8602.67508 14.223 0.005
8602.71525 14.220 0.005
8602.76296 14.227 0.005
8602.82598 14.217 0.005
8602.89937 14.220 0.005
8603.65756 14.232 0.005
8603.69691 14.243 0.005
8603.75325 14.250 0.005
8603.81393 14.245 0.005
8603.87184 14.239 0.005
8603.92048 14.244 0.005
8604.70152 14.252 0.005
8604.77669 14.250 0.005
8604.82349 14.286 0.005
8604.89405 14.239 0.005
8605.65370 14.265 0.005
8605.70377 14.253 0.005
8605.75213 14.265 0.005
8605.80812 14.265 0.005
8605.88501 14.267 0.005
8605.93219 14.277 0.005
8606.69313 14.309 0.005
8606.73965 14.323 0.005
8606.79947 14.326 0.005
8606.85955 14.324 0.005
8606.90642 14.318 0.005
8607.67008 14.336 0.005
8607.71066 14.333 0.005
8607.82069 14.360 0.005
8607.86922 14.347 0.005
8607.91514 14.346 0.005
8608.66301 14.332 0.005
8608.70983 14.355 0.005
8608.76585 14.365 0.005
8608.83125 14.375 0.005
8608.87925 14.359 0.005
8608.92641 14.369 0.005
8612.74046 14.416 0.005
8612.78886 14.443 0.005
8612.84979 14.410 0.005
8612.89673 14.428 0.005
8613.62972 14.476 0.005
8613.67059 14.476 0.005
8613.71776 14.459 0.005
8613.77747 14.480 0.005
8613.83878 14.482 0.005
8613.88567 14.479 0.005
8613.93172 14.489 0.005
8614.66375 14.476 0.005
8614.70647 14.491 0.005
8614.75377 14.471 0.005
8614.82232 14.491 0.005
8614.88037 14.474 0.005
8614.92597 14.494 0.005
8615.66510 14.513 0.005
8615.73958 14.478 0.005
8615.78567 14.522 0.005
8615.85566 14.517 0.005
8615.91556 14.513 0.005
8616.64846 14.536 0.005
8616.69580 14.547 0.005
8616.74253 14.546 0.005
8616.79939 14.586 0.005
8616.85960 14.519 0.005
8616.91764 14.515 0.005
8617.65203 14.544 0.005
8617.69232 14.559 0.005
8617.73870 14.571 0.005
8617.80166 14.576 0.005
8617.88918 14.537 0.005
8617.94112 14.476 0.005
8618.65752 14.561 0.005
8618.70553 14.545 0.005
8618.75245 14.580 0.005
8618.81306 14.587 0.005
8618.87270 14.590 0.005
8618.91959 14.584 0.005
8619.65458 14.585 0.005
8619.69832 14.598 0.005
8619.74452 14.589 0.005
8619.80246 14.599 0.005
8619.89479 14.613 0.005
8620.62585 14.612 0.005
8620.66352 14.610 0.005
8620.71020 14.615 0.005
8620.75647 14.646 0.005
8620.82658 14.631 0.005
8620.89749 14.622 0.005
8621.66877 14.591 0.005
8621.76533 14.616 0.005
8621.81771 14.636 0.005
8621.86541 14.631 0.005
8621.91153 14.633 0.005
8626.61740 14.673 0.005
8626.65452 14.710 0.005
8626.69161 14.665 0.005
8626.72965 14.687 0.005
8626.81991 14.725 0.005
8626.85723 14.672 0.005
8626.89500 14.682 0.005
8626.93236 14.694 0.005
8627.64338 14.727 0.005
8627.69607 14.762 0.005
8627.75632 14.757 0.005
8635.64188 14.857 0.005
8635.67910 14.840 0.005
8635.73466 14.842 0.005
8635.78560 14.816 0.005
8635.84249 14.822 0.005
8635.88800 14.799 0.005
8635.93226 14.802 0.005
8636.59335 14.820 0.005
8636.63885 14.804 0.005
8636.68476 14.799 0.005
8636.74039 14.798 0.005
8636.79947 14.808 0.005
8636.84514 14.809 0.005
8636.89068 14.790 0.005
8636.93529 14.786 0.005
8637.60117 14.811 0.005
8637.64394 14.840 0.005
8637.69895 14.850 0.005
8637.75770 14.804 0.005
8637.80732 14.808 0.005
8637.85372 14.812 0.005
8637.89991 14.818 0.005
8638.62853 14.812 0.005
8638.67739 14.827 0.005
8638.79335 14.853 0.005
8638.83992 14.819 0.005
8638.88725 14.824 0.005
8639.65095 14.822 0.005
8639.69436 14.831 0.005
8639.78537 14.782 0.005
8639.91513 14.776 0.005
8640.58790 14.792 0.005
8640.63082 14.810 0.005
8640.68690 14.814 0.005
8640.74821 14.810 0.005
8640.80042 14.782 0.005
8640.84707 14.767 0.005
8640.89238 14.779 0.005
8641.58151 14.793 0.005
8641.64778 14.841 0.005
8641.71293 14.848 0.005
8642.60279 14.786 0.005
8642.79911 14.763 0.005
8642.84836 14.770 0.005
8642.89522 14.776 0.005
8643.56241 14.817 0.005
8643.61064 14.842 0.005
8643.67101 14.842 0.005
8643.72701 14.861 0.005
8643.78018 14.836 0.005
8643.82757 14.802 0.005
8643.87348 14.832 0.005
8644.54541 14.824 0.005
8644.58121 14.817 0.005
8644.62668 14.815 0.005
8644.68273 14.844 0.005
8644.74327 14.845 0.005
8644.79249 14.848 0.005
8644.83976 14.834 0.005
8644.88540 14.761 0.005
8645.63567 14.852 0.005
8645.67444 14.803 0.005
8646.60344 14.799 0.005
8646.64868 14.804 0.005
8646.69626 14.822 0.005
8646.74576 14.797 0.005
8646.78638 14.817 0.005
8646.83157 14.826 0.005
8646.87923 14.820 0.005
8647.61424 14.814 0.005
8647.65737 14.798 0.005
8647.70515 14.794 0.005
8647.76293 14.833 0.005
8647.81466 14.781 0.005
8647.84525 14.792 0.005
8648.60632 14.826 0.005
8648.64790 14.828 0.005
8648.69561 14.831 0.005
8648.75067 14.827 0.005
8648.80162 14.813 0.005
8648.84827 14.817 0.005
8648.89404 14.792 0.005
8649.59961 14.772 0.005
8649.64575 14.729 0.005
8649.70157 14.744 0.005
8655.52567 14.710 0.005
8655.64590 14.723 0.005
8655.74820 14.701 0.005
8655.83731 14.721 0.005
8656.62399 14.762 0.005
8656.67133 14.777 0.005
8656.72917 14.749 0.005
8656.79341 14.729 0.005
8656.84597 14.731 0.005
8656.87830 14.697 0.005
8657.58395 14.698 0.005
8657.63371 14.701 0.005
8657.68050 14.709 0.005
8657.73689 14.700 0.005
8657.78643 14.731 0.005
8657.83305 14.713 0.005
8657.87925 14.700 0.005
8658.54911 14.671 0.005
8658.66502 14.711 0.005
8660.53008 14.675 0.005
8660.57403 14.699 0.005
8660.64008 14.702 0.005
8660.69230 14.712 0.005
8660.74459 14.703 0.005
8660.79836 14.665 0.005
8660.84618 14.672 0.005
8661.52008 14.670 0.005
8661.57449 14.653 0.005
8661.63546 14.674 0.005
8661.70293 14.695 0.005
8662.58134 14.637 0.005
8662.63054 14.639 0.005
8662.68145 14.576 0.005
8662.81066 14.574 0.005
8664.52929 14.621 0.005
8664.58976 14.632 0.005
8664.64007 14.632 0.005
8664.69036 14.621 0.005
8664.74081 14.603 0.005
8664.79490 14.587 0.005
8665.56544 14.565 0.005
8666.49208 14.547 0.005
8666.53232 14.549 0.005
8666.57821 14.538 0.005
8666.62535 14.563 0.005
8666.67792 14.530 0.005
8666.72756 14.561 0.005
8666.80585 14.506 0.005
8667.52042 14.487 0.005
8667.56078 14.460 0.005
8667.60726 14.491 0.005
8667.65493 14.521 0.005
8667.70612 14.507 0.005
8667.75467 14.506 0.005
8667.80092 14.506 0.005
8668.48508 14.480 0.005
8668.53892 14.485 0.005
8668.58479 14.446 0.005
8668.64409 14.502 0.005
8668.70425 14.496 0.005
8668.75326 14.489 0.005
8668.79961 14.494 0.005
8668.84645 14.471 0.005
8669.49740 14.461 0.005
8669.53773 14.482 0.005
8669.58628 14.480 0.005
8669.64372 14.483 0.005
8669.70515 14.486 0.005
8669.75355 14.469 0.005
8669.80091 14.466 0.005
8669.84720 14.461 0.005
8670.49775 14.429 0.005
8670.53803 14.430 0.005
8670.58422 14.451 0.005
8670.65045 14.469 0.005
8670.70287 14.441 0.005
8670.75104 14.435 0.005
8670.79827 14.424 0.005
8671.67009 14.391 0.005
8673.58413 14.351 0.005
8673.64570 14.365 0.005
8673.69391 14.361 0.005
8673.74828 14.358 0.005
8673.83129 14.351 0.005
8674.56660 14.312 0.005
8674.60646 14.316 0.005
8674.66161 14.327 0.005
8674.71251 14.312 0.005
8674.76311 14.322 0.005
8674.80374 14.314 0.005
8674.84518 14.312 0.005
8675.60880 14.286 0.005
8675.64794 14.307 0.005
8675.68766 14.289 0.005
8675.72673 14.294 0.005
8675.76368 14.301 0.005
8675.80971 14.280 0.005
8675.84661 14.292 0.005
8676.47628 14.265 0.005
8676.51451 14.261 0.005
8676.55379 14.273 0.005
8676.60088 14.281 0.005
8676.63819 14.280 0.005
8676.68964 14.274 0.005
8676.72689 14.269 0.005
8676.76505 14.249 0.005
8676.80317 14.243 0.005
8676.83967 14.244 0.005
8677.58595 14.226 0.005
8677.61941 14.226 0.005
8677.77276 14.229 0.005
8681.48148 14.097 0.005
8681.51998 14.077 0.005
8681.55817 14.097 0.005
8681.59340 14.104 0.005
8681.63952 14.100 0.005
8681.68224 14.092 0.005
8681.74137 14.073 0.005
8681.79594 14.092 0.005
8682.47554 14.079 0.005
8682.51517 14.082 0.005
8682.55315 14.083 0.005
8682.59419 14.071 0.005
8682.65869 14.067 0.005
8682.71347 14.068 0.005
8682.76628 14.070 0.005
8682.80479 14.076 0.005
8683.47671 14.064 0.005
8683.51918 14.054 0.005
8683.56209 14.050 0.005
8683.60158 14.072 0.005
8683.65149 14.058 0.005
8683.69380 14.041 0.005
8683.73721 14.055 0.005
8683.77806 14.053 0.005
8683.81835 14.050 0.005
8684.48395 14.018 0.005
8684.52454 14.031 0.005
8684.56283 14.009 0.005
8684.60632 14.033 0.005
8684.65132 14.018 0.005
8684.70946 14.024 0.005
8684.75822 14.022 0.005
8684.79924 14.027 0.005
8685.48773 14.005 0.005
8685.54363 14.000 0.005
8685.61192 14.008 0.005
8685.70399 13.996 0.005
8688.54178 13.910 0.005
8688.57969 13.914 0.005
8688.63814 13.910 0.005
8688.67806 13.925 0.005
8688.76171 13.917 0.005
8689.48904 13.889 0.005
8689.52700 13.905 0.005
8689.56570 13.899 0.005
8689.61563 13.901 0.005
8689.67236 13.898 0.005
8689.72435 13.906 0.005
8689.76955 13.895 0.005
8689.80574 13.895 0.005
8690.47753 13.871 0.005
8690.51559 13.879 0.005
8690.56225 13.855 0.005
8690.61197 13.877 0.005
8690.66665 13.877 0.005
8690.71275 13.898 0.005
8690.75079 13.880 0.005
8690.79516 13.873 0.005
8691.47538 13.860 0.005
8691.51353 13.877 0.005
8691.55154 13.877 0.005
8691.59119 13.863 0.005
8691.63770 13.850 0.005
8691.68823 13.857 0.005
8691.73911 13.836 0.005
8691.77704 13.844 0.005
8692.47574 13.824 0.005
8692.51655 13.832 0.005
8692.56214 13.835 0.005
8692.67618 13.826 0.005
8692.71683 13.819 0.005
8692.76285 13.819 0.005
8693.47638 13.778 0.005
8693.51770 13.781 0.005
8693.55588 13.792 0.005
8693.65098 13.786 0.005
8693.69189 13.798 0.005
8693.75755 13.789 0.005
8694.48009 13.739 0.005
8694.52032 13.736 0.005
8694.55893 13.756 0.005
8694.60032 13.751 0.005
8694.63856 13.750 0.005
8694.67851 13.740 0.005
8694.76837 13.754 0.005
8695.47989 13.699 0.005
8695.51864 13.701 0.005
8695.55898 13.690 0.005
8695.60318 13.741 0.005
8695.66021 13.700 0.005
8695.70640 13.696 0.005
8695.75510 13.728 0.005
8697.54841 13.589 0.005
8697.59174 13.589 0.005
8697.66396 13.574 0.005
8697.72193 13.574 0.005
8698.47960 13.536 0.005
8698.51779 13.564 0.005
8698.55799 13.569 0.005
8698.61197 13.564 0.005
8698.65461 13.558 0.005
8698.69841 13.549 0.005
8698.74902 13.546 0.005
8699.48242 13.505 0.005
8699.52163 13.497 0.005
8699.57716 13.518 0.005
8699.62683 13.494 0.005
8699.67043 13.496 0.005
8699.70874 13.489 0.005
8699.75402 13.489 0.005
8700.48160 13.451 0.005
8700.52059 13.446 0.005
8700.58192 13.435 0.005
8700.62165 13.425 0.005
8700.67599 13.426 0.005
8700.71954 13.421 0.005
8700.75897 13.417 0.005
8701.48208 13.371 0.005
8701.52222 13.371 0.005
8701.58210 13.359 0.005
8701.63882 13.361 0.005
8701.67711 13.357 0.005
8701.72834 13.348 0.005
8701.76652 13.346 0.005
8702.48155 13.285 0.005
8702.52212 13.298 0.005
8702.59571 13.293 0.005
8702.63434 13.296 0.005
8702.68202 13.287 0.005
8702.73781 13.281 0.005
8703.48272 13.216 0.005
8703.52349 13.218 0.005
8704.53824 13.148 0.005
8704.58360 13.144 0.005
8704.63943 13.141 0.005
8704.70237 13.131 0.005
8708.58895 12.907 0.005
8708.61852 12.906 0.005
8709.53995 12.844 0.005
8710.48168 12.768 0.005
8710.52253 12.768 0.005
8711.48069 12.723 0.005
8711.52059 12.737 0.005
8711.54679 12.719 0.005
8711.59358 12.711 0.005
8711.63303 12.706 0.005
8711.67399 12.704 0.005
8711.71760 12.706 0.005
8712.49749 12.667 0.005
8712.53766 12.678 0.005
8712.59027 12.663 0.005
8712.61374 12.660 0.005
8712.65420 12.662 0.005
8713.47969 12.631 0.005
8713.52221 12.639 0.005
8713.56630 12.634 0.005
8713.60760 12.627 0.005
8713.64694 12.626 0.005
8713.68776 12.627 0.005
8713.72606 12.616 0.005
8714.48420 12.592 0.005
8714.52747 12.591 0.005
8714.57390 12.587 0.005
8714.62027 12.595 0.005
8715.49970 12.554 0.005
8715.54338 12.558 0.005
8715.59786 12.572 0.005
8715.63967 12.582 0.005
8715.67930 12.581 0.005
8715.72069 12.558 0.005
8715.74018 12.547 0.005
8716.48855 12.542 0.005
8716.53898 12.545 0.005
8716.59075 12.563 0.005
8716.63551 12.573 0.005
8716.68036 12.562 0.005
8716.72005 12.557 0.005
8717.48172 12.502 0.005
8717.52368 12.501 0.005
8717.56755 12.505 0.005
8717.60889 12.500 0.005
8717.65869 12.500 0.005
8717.70009 12.500 0.005
8718.48918 12.496 0.005
8718.55310 12.491 0.005
8718.59324 12.519 0.005
8718.63442 12.519 0.005
8718.70218 12.504 0.005
8719.48049 12.447 0.005
8719.52478 12.442 0.005
8719.56625 12.458 0.005
8719.61693 12.441 0.005
8719.64075 12.446 0.005
8719.67996 12.436 0.005
8721.49022 12.411 0.005
8721.53331 12.416 0.005
8721.58243 12.416 0.005
8721.63363 12.412 0.005
8721.67755 12.401 0.005
8722.48255 12.410 0.005
8722.53826 12.394 0.005
8722.58829 12.411 0.005
8722.63502 12.383 0.005
8722.68539 12.376 0.005
8722.71938 12.363 0.005
8723.48652 12.356 0.005
8723.53839 12.368 0.005
8723.59088 12.370 0.005
8723.63113 12.378 0.005
8723.66976 12.357 0.005
8723.70815 12.352 0.005
8724.48314 12.359 0.005
8724.53630 12.353 0.005
8724.58978 12.348 0.005
8724.63159 12.382 0.005
8724.67146 12.348 0.005
8725.48860 12.338 0.005
8725.54015 12.334 0.005
8725.58161 12.334 0.005
8725.62787 12.343 0.005
8725.66883 12.339 0.005
8726.48255 12.322 0.005
8726.52770 12.326 0.005
8726.57243 12.328 0.005
8726.62538 12.339 0.005
8726.66447 12.343 0.005
8727.51089 12.308 0.005
8727.56495 12.325 0.005
8727.60107 12.325 0.005
8727.64621 12.333 0.005
8727.69089 12.322 0.005
8728.49010 12.319 0.005
8728.53317 12.324 0.005
8728.58438 12.338 0.005
8728.62738 12.328 0.005
8728.66585 12.329 0.005
8729.48232 12.313 0.005
8729.52904 12.324 0.005
8729.57169 12.322 0.005
8729.61645 12.332 0.005
8729.66461 12.323 0.005
8730.48564 12.317 0.005
8730.52966 12.320 0.005
8730.57318 12.316 0.005
8730.61302 12.321 0.005
8730.65155 12.316 0.005
8731.52019 12.328 0.005
8731.58856 12.329 0.005
8736.59862 12.392 0.005
8736.64254 12.392 0.005
8737.61018 12.417 0.005
8737.64963 12.417 0.005
8738.49341 12.425 0.005
8738.53995 12.431 0.005
8738.58032 12.436 0.005
8738.61859 12.436 0.005
8739.49381 12.448 0.005
8739.61516 12.455 0.005
8740.48808 12.473 0.005
8740.53835 12.476 0.005
8740.57694 12.474 0.005
8740.61313 12.467 0.005
8741.48847 12.496 0.005
8741.53438 12.493 0.005
8741.57620 12.499 0.005
8741.63060 12.501 0.005
8742.48777 12.524 0.005
8742.53612 12.523 0.005
8742.57658 12.522 0.005
8742.62962 12.534 0.005
8745.60065 12.619 0.005
8745.61488 12.623 0.005
8746.54405 12.628 0.005
8746.55787 12.632 0.005
8746.57194 12.627 0.005
8746.62181 12.631 0.005
8747.48757 12.658 0.005
8747.50629 12.650 0.005
8747.53475 12.652 0.005
8747.57350 12.652 0.005
8747.58814 12.659 0.005
8748.48985 12.683 0.005
8748.50384 12.679 0.005
8748.57766 12.692 0.005
8748.61619 12.686 0.005
8748.63003 12.684 0.005
8750.54442 12.749 0.005
8750.55837 12.751 0.005
8750.57229 12.752 0.005
8750.61501 12.748 0.005
8750.62889 12.751 0.005
8752.49086 12.820 0.005
8752.56458 12.816 0.005
8752.57833 12.812 0.005
8752.61650 12.826 0.005
8753.50342 12.845 0.005
8753.54789 12.845 0.005
8753.59362 12.850 0.005
8753.62314 12.847 0.005
8754.49255 12.883 0.005
8754.53245 12.879 0.005
8754.57697 12.880 0.005
8754.61591 12.877 0.005
8755.49013 12.918 0.005
8755.53884 12.941 0.005
8755.57971 12.934 0.005
8755.61563 12.942 0.005
8757.49828 12.973 0.005
8757.54162 12.981 0.005
8757.56187 12.981 0.005
8757.60620 12.983 0.005
8759.52628 13.043 0.005
8759.56375 13.049 0.005
8759.57765 13.048 0.005
8763.51498 13.159 0.005
8763.52903 13.158 0.005
8763.54290 13.159 0.005
8763.59093 13.163 0.005
8764.53680 13.175 0.005
8764.58054 13.180 0.005
8766.49334 13.229 0.005
8766.54246 13.235 0.005
8766.57500 13.230 0.005
8768.50084 13.290 0.005
8768.54844 13.293 0.005
8768.56643 13.284 0.005
8773.50216 13.438 0.005
8774.52786 13.462 0.005
8774.58029 13.473 0.005
8781.50644 13.680 0.005
8781.54933 13.682 0.005
8781.56244 13.677 0.005
8782.54263 13.697 0.005
8783.50380 13.744 0.005
8783.54734 13.741 0.005
8784.51942 13.757 0.005
8785.51248 13.770 0.005
8786.50986 13.815 0.005
8787.51634 13.865 0.005
