5260.85488 16.401 0.008
5260.90179 16.397 0.008
5261.79300 16.396 0.008
5262.83147 16.442 0.015
5264.81590 16.437 0.008
5264.86911 16.435 0.008
5264.88639 16.444 0.008
5265.79207 16.444 0.008
5266.78019 16.457 0.008
5267.82199 16.469 0.008
5268.79327 16.503 0.008
5269.78810 16.499 0.008
5270.83250 16.533 0.008
5271.78757 16.546 0.008
5272.79441 16.531 0.008
5273.84901 16.551 0.008
5274.79778 16.570 0.008
5275.78351 16.585 0.008
5275.91474 16.622 0.009
5276.81836 16.605 0.008
5277.78459 16.622 0.008
5277.91360 16.619 0.009
5278.79462 16.625 0.008
5279.79517 16.644 0.009
5279.91890 16.641 0.010
5280.84684 16.658 0.008
5281.78237 16.682 0.008
5281.91899 16.696 0.010
5282.76285 16.709 0.009
5282.90750 16.683 0.008
5283.76401 16.708 0.011
5284.76601 16.701 0.009
5285.76165 16.713 0.011
5285.89100 16.731 0.009
5286.75287 16.733 0.010
5287.82252 16.767 0.009
5288.75588 16.801 0.010
5292.82602 16.850 0.013
5293.83400 16.867 0.009
5294.72917 16.877 0.009
5294.74471 16.861 0.009
5294.76830 16.867 0.008
5294.78213 16.883 0.008
5294.80538 16.880 0.008
5294.81932 16.875 0.008
5294.84296 16.879 0.008
5294.84938 16.888 0.008
5294.87301 16.890 0.008
5294.88870 16.883 0.008
5294.91508 16.883 0.008
5295.74569 16.885 0.008
5295.76999 16.882 0.008
5295.78404 16.875 0.008
5295.80842 16.885 0.008
5295.82250 16.887 0.009
5295.84631 16.905 0.008
5295.86047 16.876 0.008
5295.88516 16.896 0.008
5295.89991 16.890 0.008
5296.77290 16.895 0.009
5296.78994 16.898 0.008
5296.81043 16.916 0.008
5296.82443 16.910 0.008
5296.84784 16.905 0.008
5296.86184 16.906 0.008
5296.88594 16.912 0.008
5296.90163 16.906 0.009
5297.76881 16.911 0.008
5297.78306 16.913 0.008
5297.80688 16.928 0.008
5297.82107 16.914 0.008
5297.84475 16.942 0.008
5297.85887 16.932 0.008
5297.88302 16.928 0.008
5297.89804 16.941 0.008
5298.76971 16.935 0.009
5298.78397 16.954 0.009
5298.80765 16.940 0.009
5298.82180 16.922 0.009
5298.84540 16.935 0.009
5298.85975 16.935 0.008
5298.88433 16.930 0.009
5298.89924 16.954 0.009
5298.91845 16.957 0.009
5299.90896 16.976 0.008
5300.83958 16.971 0.009
5300.86315 16.988 0.009
5300.87863 16.971 0.009
5300.90391 16.996 0.009
5300.91811 16.990 0.009
5301.75900 16.976 0.010
5301.77306 17.011 0.010
5301.79648 16.999 0.009
5301.81038 17.007 0.009
5301.83394 17.000 0.009
5301.84792 17.000 0.010
5301.87226 16.999 0.009
5301.88782 16.978 0.009
5301.91243 16.987 0.011
5304.73345 17.016 0.012
5304.75861 17.007 0.011
5304.77276 17.020 0.010
5306.69227 17.024 0.010
5306.70617 17.056 0.010
5306.75501 17.051 0.010
5306.77026 17.077 0.010
5306.79397 17.087 0.009
5306.83336 17.087 0.009
5306.85725 17.069 0.010
5306.87250 17.075 0.009
5306.89717 17.094 0.009
5306.91145 17.080 0.009
5307.68194 17.071 0.011
5307.69590 17.074 0.010
5307.74506 17.094 0.011
5307.75946 17.106 0.010
5307.80653 17.106 0.009
5307.82085 17.097 0.010
5307.84501 17.095 0.010
5307.85957 17.095 0.010
5307.88590 17.093 0.009
5307.89979 17.104 0.010
5307.92332 17.106 0.010
5308.68717 17.095 0.011
5308.73517 17.099 0.012
5308.74904 17.112 0.011
5308.79666 17.107 0.010
5308.81056 17.106 0.010
5308.83413 17.115 0.010
5308.84847 17.110 0.009
5308.87543 17.106 0.010
5309.68343 17.141 0.012
5309.69785 17.111 0.012
5309.74847 17.138 0.010
5309.79080 17.124 0.011
5309.81902 17.120 0.010
5309.83324 17.130 0.010
5309.86314 17.137 0.010
5309.87802 17.135 0.010
5309.90147 17.133 0.010
5309.91547 17.140 0.010
5310.66314 17.113 0.012
5310.68282 17.114 0.012
5310.72910 17.160 0.012
5310.76667 17.136 0.012
5310.78546 17.151 0.011
5310.82906 17.153 0.009
5310.86059 17.191 0.008
5310.87532 17.167 0.008
5310.89888 17.146 0.010
5310.91285 17.149 0.010
5311.78429 17.128 0.014
5311.80310 17.142 0.012
5311.84201 17.175 0.011
5311.86149 17.190 0.011
5311.89152 17.172 0.012
5311.90633 17.174 0.011
5311.93013 17.169 0.014
5312.73040 17.161 0.013
5312.74441 17.164 0.013
5312.77151 17.186 0.014
5312.78678 17.181 0.013
5312.81065 17.160 0.013
5312.82483 17.175 0.012
5312.85518 17.175 0.012
5312.86909 17.190 0.012
5312.89478 17.212 0.012
5312.90867 17.191 0.011
5312.93195 17.159 0.014
5313.89608 17.184 0.013
5313.91016 17.223 0.014
5314.66695 17.215 0.018
5314.68090 17.206 0.015
5314.70740 17.170 0.015
5314.72336 17.228 0.015
5314.74668 17.219 0.014
5314.76303 17.214 0.013
5314.78662 17.182 0.015
5314.80058 17.210 0.012
5314.83058 17.206 0.015
5314.85840 17.183 0.014
5314.88158 17.198 0.014
5314.89556 17.221 0.014
5314.91903 17.229 0.013
5314.93291 17.242 0.017
5315.66057 17.247 0.021
5315.68598 17.209 0.015
5315.71538 17.256 0.015
5315.73389 17.255 0.016
5315.75740 17.235 0.016
5315.77139 17.260 0.017
5315.79477 17.234 0.013
5315.80918 17.239 0.012
5315.83408 17.220 0.017
5315.84908 17.246 0.014
5315.87569 17.256 0.015
5315.89147 17.273 0.015
5315.91498 17.262 0.014
5316.67558 17.283 0.018
5316.69485 17.267 0.018
5316.72273 17.280 0.016
5316.73986 17.273 0.018
5316.76582 17.293 0.019
5316.77971 17.280 0.018
5316.80311 17.288 0.018
5316.81891 17.322 0.019
5316.86001 17.260 0.032
5316.87408 17.271 0.021
5320.63791 17.344 0.014
5320.65738 17.344 0.013
5320.68248 17.346 0.013
5320.69635 17.363 0.015
5320.72641 17.315 0.013
5320.74033 17.326 0.013
5320.76360 17.325 0.012
5320.77778 17.339 0.013
5320.80127 17.338 0.018
5320.81650 17.346 0.014
5320.84455 17.356 0.013
5320.85942 17.356 0.012
5320.88298 17.336 0.012
5320.89685 17.361 0.013
5320.92452 17.346 0.012
5321.65671 17.324 0.017
5321.71072 17.341 0.013
5321.72469 17.336 0.013
5321.74817 17.340 0.012
5321.76321 17.358 0.013
5321.78781 17.358 0.013
5321.80245 17.354 0.013
5321.82570 17.299 0.015
5321.84390 17.354 0.018
5321.86755 17.373 0.013
5321.88153 17.352 0.013
5321.90487 17.366 0.014
5321.91876 17.355 0.013
5322.69118 17.319 0.013
5323.66137 17.353 0.015
5323.67560 17.375 0.015
5323.72760 17.387 0.015
5323.74149 17.391 0.015
5323.76590 17.370 0.013
5323.77984 17.388 0.014
5323.80572 17.401 0.013
5323.82245 17.414 0.013
5323.84718 17.409 0.013
5323.86256 17.395 0.013
5323.88585 17.417 0.013
5323.89995 17.399 0.014
5323.92333 17.386 0.014
5323.93724 17.384 0.018
5324.66413 17.400 0.015
5324.70279 17.412 0.015
5324.72797 17.419 0.014
5324.74194 17.431 0.013
5324.76532 17.415 0.013
5324.77933 17.426 0.015
5324.80411 17.413 0.014
5324.81852 17.421 0.014
5324.84435 17.418 0.014
5324.85838 17.439 0.014
5324.88160 17.428 0.013
5324.89576 17.441 0.012
5324.92239 17.432 0.014
5324.93630 17.448 0.017
5325.64736 17.411 0.013
5325.68451 17.439 0.012
5325.70735 17.428 0.012
5325.72101 17.435 0.012
5325.74401 17.458 0.013
5325.75918 17.457 0.013
5325.78253 17.430 0.012
5325.79646 17.433 0.012
5325.82438 17.458 0.014
5325.84472 17.480 0.013
5325.86948 17.463 0.013
5325.88477 17.433 0.013
5325.90827 17.444 0.014
5325.92524 17.489 0.014
5326.61727 17.435 0.016
5326.63256 17.416 0.017
5326.68240 17.434 0.013
5326.71901 17.443 0.014
5326.74323 17.460 0.013
5326.75708 17.433 0.014
5326.78090 17.445 0.012
5326.79549 17.438 0.012
5326.82046 17.457 0.013
5326.83479 17.489 0.014
5326.85822 17.460 0.012
5326.87345 17.473 0.014
5326.89669 17.446 0.013
5326.91066 17.470 0.014
5326.93586 17.446 0.023
5327.62388 17.466 0.012
5327.68418 17.430 0.013
5327.69826 17.467 0.013
5327.75511 17.481 0.013
5327.76946 17.508 0.014
5327.79401 17.485 0.013
5327.80844 17.525 0.014
5327.83225 17.508 0.015
5327.84664 17.484 0.013
5327.87127 17.470 0.014
5327.88570 17.477 0.013
5327.90936 17.489 0.013
5327.92352 17.458 0.013
5328.60615 17.498 0.014
5328.62014 17.470 0.012
5328.68011 17.515 0.013
5328.72523 17.493 0.013
5328.74898 17.473 0.012
5328.76391 17.509 0.011
5328.78735 17.478 0.012
5328.80137 17.518 0.012
5328.82806 17.536 0.014
5328.84218 17.514 0.013
5328.86582 17.505 0.014
5328.87993 17.490 0.013
5328.90362 17.486 0.013
5328.91757 17.453 0.012
5329.70384 17.473 0.015
5329.71780 17.506 0.015
5334.62639 17.581 0.014
5334.66891 17.588 0.024
5334.69248 17.618 0.016
5334.74898 17.636 0.014
5334.77314 17.589 0.013
5334.78858 17.617 0.013
5334.83053 17.586 0.013
5334.84716 17.623 0.015
5334.87068 17.588 0.014
5334.88761 17.618 0.017
5334.91131 17.587 0.017
5334.92537 17.620 0.020
5335.71668 17.619 0.012
5335.73072 17.645 0.012
5335.75591 17.623 0.012
5335.76997 17.595 0.014
5335.79555 17.641 0.013
5335.81069 17.628 0.013
5335.83494 17.638 0.015
5335.84913 17.610 0.013
5335.87264 17.639 0.014
5335.88674 17.592 0.014
5335.91035 17.608 0.016
5335.92575 17.639 0.017
5336.78965 17.633 0.015
5336.80406 17.636 0.015
5336.85419 17.649 0.016
5336.89569 17.662 0.018
5336.91917 17.636 0.016
5336.93329 17.609 0.020
5337.75467 17.673 0.014
5337.77861 17.647 0.014
5337.79408 17.654 0.014
5337.81838 17.656 0.018
5337.83252 17.647 0.018
5337.85678 17.640 0.017
5337.87085 17.633 0.019
5337.89461 17.635 0.018
5337.90949 17.636 0.020
5337.93301 17.681 0.023
5338.75194 17.631 0.015
5338.77620 17.630 0.018
5338.79115 17.667 0.018
5338.81886 17.704 0.021
5338.83275 17.702 0.026
5338.87553 17.641 0.021
5338.89237 17.647 0.024
5339.65166 17.692 0.020
5339.66758 17.664 0.021
5339.69131 17.681 0.019
5339.70529 17.674 0.019
5339.75796 17.666 0.015
5339.79885 17.718 0.018
5339.85070 17.663 0.017
5339.86472 17.628 0.018
5339.89079 17.725 0.029
5339.90491 17.687 0.026
5339.92874 17.679 0.021
5339.94276 17.667 0.025
5340.63740 17.585 0.025
5340.65148 17.666 0.020
5340.67676 17.657 0.020
5340.69086 17.646 0.019
5340.76303 17.687 0.017
5340.77769 17.687 0.021
5340.81940 17.681 0.019
5340.83372 17.727 0.017
5340.85804 17.674 0.023
5340.87215 17.683 0.018
5340.89582 17.728 0.019
5340.90992 17.716 0.024
5340.93350 17.650 0.020
5341.58395 17.673 0.020
5341.60793 17.680 0.018
5341.62219 17.702 0.016
5341.68113 17.715 0.016
5341.72870 17.682 0.015
5341.78870 17.698 0.017
5341.80299 17.692 0.016
5341.82718 17.703 0.017
5341.84117 17.689 0.017
5341.86498 17.705 0.017
5341.87900 17.731 0.016
5341.90526 17.699 0.018
5341.91937 17.711 0.017
5342.57304 17.741 0.034
5342.59357 17.688 0.028
5342.61686 17.716 0.025
5342.63092 17.690 0.021
5342.65456 17.732 0.026
5342.66856 17.715 0.023
5342.69192 17.723 0.019
5342.70598 17.719 0.019
5342.73011 17.692 0.018
5342.74442 17.732 0.019
5342.77342 17.737 0.020
5342.78870 17.743 0.024
5342.81263 17.755 0.023
5342.82675 17.709 0.019
5342.85076 17.708 0.018
5342.86472 17.742 0.020
5342.88838 17.749 0.020
5342.90249 17.743 0.024
5342.92626 17.785 0.026
5342.94032 17.797 0.033
5343.59769 17.701 0.027
5343.61177 17.736 0.025
5343.63530 17.698 0.023
5343.64948 17.734 0.023
5343.67297 17.749 0.020
5343.68719 17.728 0.021
5343.71077 17.746 0.019
5343.72527 17.761 0.020
5343.74875 17.732 0.018
5343.76409 17.801 0.021
5343.78943 17.777 0.021
5343.80409 17.733 0.018
5343.82842 17.757 0.020
5343.84261 17.763 0.020
5343.87924 17.738 0.024
5343.89343 17.750 0.025
5343.91712 17.720 0.025
5343.93126 17.694 0.025
5348.60066 17.667 0.025
5348.61690 17.748 0.023
5348.67013 17.763 0.018
5348.71169 17.771 0.030
5348.76274 17.818 0.016
5348.77720 17.770 0.019
5348.80114 17.765 0.018
5348.81512 17.780 0.018
5348.83897 17.794 0.016
5348.85930 17.770 0.018
5348.88351 17.779 0.021
5349.59962 17.778 0.023
5349.61425 17.726 0.026
5349.68140 17.782 0.018
5350.62655 17.767 0.023
5350.63917 17.793 0.023
5350.65184 17.846 0.025
5350.66450 17.816 0.023
5350.67690 17.767 0.021
5350.68939 17.813 0.020
5350.70187 17.774 0.019
5350.71441 17.793 0.021
5350.72812 17.768 0.020
5350.74280 17.908 0.025
5351.57538 17.767 0.020
5351.59019 17.770 0.018
5351.60804 17.777 0.020
5351.62144 17.798 0.016
5351.63440 17.790 0.018
5351.64732 17.803 0.017
5351.66031 17.799 0.016
5351.67327 17.840 0.017
5351.68604 17.832 0.017
5351.69888 17.831 0.015
5351.71267 17.816 0.015
5351.72634 17.822 0.018
5351.74127 17.828 0.017
5351.75645 17.808 0.018
5351.76942 17.833 0.020
5351.78417 17.851 0.019
5351.79725 17.827 0.024
5351.81243 17.819 0.019
5351.82788 17.821 0.023
5351.84088 17.811 0.018
5351.86046 17.827 0.021
5351.87388 17.784 0.018
5351.88665 17.786 0.024
5351.89921 17.834 0.024
5351.91185 17.821 0.021
5352.60137 17.838 0.029
5352.62188 17.849 0.020
5352.63648 17.821 0.019
5352.64974 17.786 0.017
5352.67183 17.801 0.016
5352.68475 17.834 0.016
5352.69778 17.832 0.015
5352.71126 17.816 0.015
5352.72892 17.796 0.015
5352.74327 17.819 0.018
5352.75750 17.833 0.016
5352.77070 17.843 0.019
5352.78403 17.828 0.017
5352.79789 17.877 0.019
5352.81282 17.838 0.017
5352.82773 17.850 0.018
5352.84053 17.850 0.017
5352.85342 17.854 0.018
5352.86920 17.846 0.018
5352.88155 17.806 0.019
5352.89404 17.813 0.018
5352.90670 17.788 0.019
5352.91917 17.810 0.019
5353.56290 17.825 0.018
5353.57602 17.817 0.018
5353.58897 17.812 0.018
5353.60164 17.854 0.019
5353.61663 17.836 0.018
5353.63296 17.823 0.017
5353.64598 17.803 0.016
5353.65885 17.799 0.016
5353.67157 17.811 0.015
5353.68422 17.810 0.015
5353.69673 17.817 0.015
5353.70971 17.831 0.017
5353.72422 17.837 0.015
5353.73832 17.995 0.017
5353.75223 17.832 0.016
5353.76505 17.887 0.017
5353.77784 17.852 0.015
5353.79043 17.850 0.016
5353.80311 17.856 0.016
5353.81558 17.850 0.017
5353.82813 17.891 0.018
5353.84064 17.874 0.018
5353.86032 17.864 0.018
5354.57369 17.782 0.020
5354.59405 17.827 0.017
5354.60822 17.850 0.020
5354.62749 17.802 0.019
5354.64156 17.789 0.017
5354.65544 17.813 0.018
5354.66928 17.810 0.017
5354.68389 17.822 0.019
5354.69843 17.821 0.017
5354.71469 17.838 0.019
5354.72971 17.852 0.019
5354.75074 17.813 0.018
5354.76653 17.831 0.018
5354.78086 17.837 0.018
5354.79574 17.864 0.018
5354.81137 17.824 0.017
5354.82547 17.836 0.018
5354.83841 17.819 0.018
5354.85104 17.813 0.018
5354.86582 17.782 0.019
5354.87860 17.776 0.021
5354.89170 17.801 0.024
5354.90441 17.863 0.024
5354.91706 17.799 0.023
5355.56896 17.812 0.018
5355.58236 17.835 0.017
5355.59656 17.805 0.017
5355.61050 17.790 0.018
5355.62439 17.790 0.019
5355.63818 17.844 0.018
5355.65218 17.817 0.016
5355.66610 17.817 0.018
5355.68111 17.831 0.017
5355.69489 17.822 0.016
5355.70873 17.823 0.016
5355.72425 17.845 0.016
5355.73893 17.855 0.018
5355.75430 17.834 0.018
5355.76814 17.835 0.017
5355.78190 17.827 0.017
5355.79593 17.824 0.019
5355.80841 17.831 0.019
5355.82087 17.823 0.018
5355.83337 17.950 0.023
5355.85667 17.840 0.020
5355.86946 17.811 0.025
5355.88189 17.842 0.027
5355.89439 17.854 0.021
5357.60960 17.808 0.023
5357.62301 17.869 0.020
5357.63703 17.810 0.019
5357.65109 17.824 0.021
5357.66490 17.857 0.018
5357.67873 17.829 0.019
5357.69308 17.804 0.018
5357.70793 17.819 0.017
5357.72445 17.801 0.018
5357.74084 17.804 0.023
5357.75483 17.831 0.021
5357.76915 17.741 0.020
5357.78330 17.868 0.016
5357.80056 17.814 0.024
5357.81488 17.812 0.025
5357.82873 17.815 0.020
5357.86786 17.902 0.031
5357.88045 17.961 0.028
5357.89339 17.825 0.021
5358.63313 17.884 0.017
5358.64753 17.830 0.018
5358.66286 17.876 0.018
5358.67705 17.817 0.015
5358.69137 17.863 0.015
5358.71303 17.818 0.018
5358.72806 17.826 0.018
5358.74209 17.857 0.018
5358.75615 17.834 0.020
5358.77017 17.778 0.020
5358.79446 17.799 0.021
5358.81295 17.851 0.019
5358.82923 17.836 0.018
5358.85230 17.877 0.019
5358.87975 17.847 0.026
5359.57234 17.885 0.026
5359.58949 17.819 0.021
5359.60384 17.857 0.028
5359.61773 17.839 0.020
5359.63111 17.893 0.021
5359.67083 17.809 0.017
5359.68497 17.850 0.019
5359.70046 17.848 0.016
5359.71806 17.809 0.018
5359.73427 17.829 0.017
5359.75096 17.830 0.018
5359.76821 17.878 0.020
5359.78297 17.861 0.018
5359.79561 17.845 0.017
5359.80839 17.821 0.019
5359.82703 17.820 0.017
5359.84009 17.801 0.019
5359.85408 17.763 0.027
5359.86678 17.810 0.021
5359.88018 17.879 0.028
5359.89333 17.846 0.024
5361.57418 17.807 0.026
5361.64815 17.750 0.025
5361.66593 17.830 0.021
5361.67884 17.801 0.021
5362.56302 17.803 0.032
5362.58056 17.815 0.027
5362.59348 17.827 0.023
5362.60940 17.844 0.019
5362.62977 17.878 0.018
5362.64804 17.848 0.017
5362.66286 17.861 0.016
5362.67867 17.891 0.016
5362.69427 17.867 0.019
5362.71073 17.874 0.018
5362.72642 17.866 0.016
5362.74105 17.838 0.017
5362.75732 17.886 0.017
5362.77439 17.840 0.019
5362.79614 17.869 0.017
5362.81460 17.864 0.017
5362.82879 17.849 0.017
5362.84430 17.815 0.019
5362.85903 17.831 0.020
5362.87731 17.815 0.024
5362.88983 17.889 0.028
5362.90257 17.814 0.027
5364.51995 17.832 0.021
5364.53364 17.809 0.020
5364.54826 17.798 0.018
5364.56235 17.854 0.018
5364.57809 17.853 0.017
5364.59267 17.866 0.016
5364.60690 17.854 0.016
5364.62211 17.832 0.014
5364.63632 17.868 0.015
5364.65102 17.843 0.018
5364.66540 17.825 0.017
5364.68219 17.813 0.017
5364.70144 17.828 0.021
5364.71659 17.844 0.020
5364.73216 17.866 0.018
5364.74639 17.818 0.019
5364.76078 17.890 0.019
5364.77623 17.942 0.026
5364.78916 17.838 0.025
5364.80196 17.923 0.031
5364.81572 17.814 0.020
5364.82857 17.851 0.019
5364.84139 17.876 0.020
5364.85576 17.880 0.021
5364.86849 17.873 0.019
5364.88137 17.898 0.025
5364.89388 17.930 0.024
5365.53781 17.843 0.026
5365.55093 17.898 0.024
5365.56599 17.861 0.021
5365.58217 17.876 0.020
5365.59827 17.830 0.019
5365.61240 17.850 0.018
5365.62708 17.824 0.017
5365.64235 17.837 0.018
5365.65666 17.868 0.020
5365.67417 17.859 0.017
5365.68878 17.864 0.017
5365.70444 17.827 0.017
5365.72311 17.868 0.017
5365.73747 17.829 0.017
5365.75187 17.851 0.017
5365.76685 17.844 0.017
5365.78348 17.874 0.020
5365.79788 17.879 0.018
5365.81195 17.845 0.019
5365.82570 17.841 0.020
5365.83828 17.845 0.021
5365.85095 17.819 0.023
5365.86435 17.856 0.023
5365.87691 17.839 0.026
5365.88929 17.828 0.025
5365.90169 17.934 0.030
5368.61170 17.820 0.021
5368.62581 17.804 0.021
5368.64186 17.864 0.021
5368.78793 17.828 0.018
5369.70980 17.807 0.024
5369.72401 17.852 0.025
5369.73726 17.797 0.024
5369.75629 17.862 0.023
5369.76932 17.884 0.024
5369.78207 17.847 0.027
5369.79495 17.883 0.028
5369.80732 17.825 0.023
5369.82131 17.782 0.021
5369.83410 17.850 0.023
5369.84813 17.757 0.023
5376.62759 17.817 0.023
5376.64033 17.773 0.023
5376.65393 17.783 0.029
5376.66658 17.830 0.025
5376.68122 17.781 0.020
5376.69437 17.874 0.021
5376.70744 17.832 0.024
5376.72018 17.838 0.023
5376.73257 17.845 0.021
5376.74570 17.877 0.025
5376.75856 17.803 0.023
5376.77138 17.787 0.023
5376.78398 17.813 0.020
5376.79671 17.761 0.020
5376.80954 17.821 0.027
5376.82219 17.833 0.030
5376.83471 17.737 0.028
5376.84747 17.703 0.030
5376.86010 17.757 0.028
5376.87261 17.897 0.052
5377.51619 17.816 0.024
5377.52944 17.802 0.021
5377.54226 17.801 0.019
5377.55821 17.776 0.018
5377.57226 17.874 0.021
5377.58678 17.767 0.023
5377.59952 17.870 0.032
5377.61222 17.789 0.025
5377.62498 17.770 0.020
5377.64590 17.823 0.017
5377.66571 17.811 0.017
5377.68027 17.796 0.017
5377.69855 17.786 0.018
5377.71157 17.845 0.017
5377.72922 17.795 0.017
5377.74212 17.797 0.018
5377.75462 17.796 0.017
5377.77223 17.821 0.018
5377.78484 17.816 0.018
5377.79731 17.795 0.021
5377.80996 17.781 0.017
5377.82254 17.828 0.019
5377.83549 17.789 0.019
5377.84816 17.799 0.021
5377.86071 17.794 0.023
5378.48982 17.798 0.018
5378.50433 17.837 0.019
5378.51850 17.790 0.017
5378.53228 17.754 0.017
5378.54598 17.769 0.017
5378.56013 17.758 0.016
5378.57399 17.778 0.015
5378.58809 17.785 0.015
5378.60231 17.800 0.016
5378.61638 17.788 0.016
5378.63067 17.813 0.016
5378.64481 17.830 0.017
5378.66058 17.785 0.015
5378.67640 17.797 0.015
5378.69067 17.782 0.016
5378.70526 17.810 0.016
5378.71965 17.793 0.016
5378.73254 17.776 0.014
5378.74533 17.803 0.015
5378.75795 17.776 0.015
5378.77060 17.785 0.015
5378.78348 17.806 0.016
5378.79649 17.825 0.018
5378.80908 17.849 0.018
5378.82172 17.761 0.018
5378.83636 17.780 0.018
5378.84901 17.827 0.023
5378.86166 17.869 0.024
5378.87406 17.743 0.023
5379.48790 17.827 0.018
5379.50047 17.780 0.017
5379.51310 17.750 0.018
5379.52585 17.743 0.018
5379.53983 17.748 0.017
5379.55417 17.750 0.017
5379.56849 17.750 0.017
5379.58275 17.723 0.017
5379.59657 17.769 0.017
5379.61055 17.784 0.017
5379.62469 17.756 0.015
5379.63938 17.782 0.017
5379.65430 17.769 0.016
5379.66880 17.769 0.016
5379.68310 17.774 0.016
5379.69750 17.791 0.018
5379.71167 17.810 0.017
5379.72579 17.778 0.016
5379.73977 17.800 0.016
5379.75237 17.766 0.016
5379.76490 17.786 0.016
5379.77742 17.791 0.017
5379.78998 17.815 0.020
5379.80277 17.815 0.021
5379.81534 17.779 0.021
5379.84086 17.921 0.029
5379.85346 17.735 0.025
5379.86878 17.696 0.026
5380.49934 17.796 0.018
5380.51191 17.743 0.017
5380.52457 17.785 0.016
5380.53720 17.743 0.015
5380.55104 17.785 0.014
5380.56509 17.745 0.014
5380.57905 17.761 0.015
5380.59295 17.754 0.015
5380.60687 17.772 0.015
5380.62083 17.760 0.014
5380.63484 17.792 0.015
5380.64914 17.764 0.015
5380.66481 17.760 0.014
5380.67978 17.770 0.016
5380.69394 17.798 0.015
5380.70746 17.782 0.014
5380.72036 17.734 0.014
5380.73306 17.757 0.016
5380.74584 17.751 0.015
5380.75859 17.776 0.015
5380.77108 17.758 0.017
5380.78381 17.761 0.016
5380.79645 17.824 0.020
5380.80919 17.741 0.021
5380.82180 17.843 0.029
5380.83435 17.810 0.025
5380.84720 17.840 0.033
5381.52112 17.695 0.030
5381.53411 17.733 0.020
5381.54670 17.719 0.021
5381.55920 17.750 0.019
5381.57166 17.740 0.026
5381.58422 17.770 0.028
5381.59699 17.746 0.025
5381.61181 17.713 0.024
5381.64299 17.781 0.023
5381.65613 17.729 0.021
5381.67116 17.748 0.019
5381.68422 17.743 0.020
5381.69694 17.810 0.025
5381.70948 17.773 0.024
5381.72220 17.747 0.025
5381.73491 17.735 0.021
5381.74761 17.729 0.021
5381.76050 17.755 0.025
5381.77313 17.692 0.028
5381.79455 17.729 0.026
5381.80727 17.830 0.026
5381.81998 17.793 0.028
5381.83266 17.707 0.025
5381.84541 17.781 0.028
5381.85802 17.790 0.028
5382.52290 17.704 0.021
5382.53542 17.739 0.021
5382.54788 17.757 0.024
5382.56047 17.645 0.026
5382.57983 17.738 0.027
5382.59754 17.808 0.030
5382.60989 17.764 0.023
5382.62275 17.812 0.023
5382.63512 17.766 0.027
5382.64781 17.760 0.018
5382.66408 17.748 0.020
5382.67690 17.790 0.023
5382.68958 17.770 0.017
5382.70407 17.742 0.017
5382.71679 17.750 0.021
5382.72940 17.766 0.020
5382.74212 17.742 0.023
5382.75470 17.738 0.025
5382.76720 17.772 0.025
5382.78685 17.816 0.029
5382.80486 17.791 0.030
5382.81792 17.719 0.023
5382.83064 17.717 0.025
5383.68890 17.741 0.023
5383.74709 17.734 0.020
5383.77351 17.721 0.021
5384.77192 17.717 0.020
5384.78442 17.712 0.026
5384.79704 17.703 0.023
5384.81006 17.680 0.028
5384.84142 17.765 0.029
5384.85445 17.617 0.027
5385.46764 17.680 0.019
5385.48069 17.737 0.017
5385.49421 17.700 0.016
5385.50685 17.753 0.016
5385.56320 17.705 0.013
5385.70930 17.725 0.014
5385.80737 17.737 0.014
5385.81994 17.712 0.014
5385.83249 17.683 0.014
5385.84492 17.706 0.014
5385.85768 17.732 0.016
5386.46675 17.723 0.018
5386.48038 17.692 0.015
5386.52242 17.728 0.016
5386.56258 17.680 0.016
5386.60452 17.729 0.016
5386.64604 17.722 0.015
5386.68878 17.716 0.014
5386.72768 17.742 0.014
5386.74036 17.721 0.014
5386.75312 17.729 0.014
5387.46650 17.726 0.018
5387.50090 17.700 0.014
5387.53765 17.692 0.014
5387.57191 17.701 0.013
5387.60989 17.708 0.012
5387.64466 17.712 0.011
5387.68411 17.686 0.013
5387.69701 17.711 0.013
5387.71000 17.695 0.013
5387.72275 17.718 0.013
5387.73543 17.707 0.013
5387.74832 17.682 0.014
5387.76352 17.722 0.015
5387.77627 17.706 0.015
5388.46468 17.789 0.028
5388.47722 17.714 0.019
5388.48980 17.715 0.018
5388.50230 17.689 0.017
5388.51509 17.660 0.016
5388.52783 17.699 0.016
5388.56220 17.658 0.016
5388.60229 17.674 0.014
5388.63688 17.723 0.014
5388.67462 17.691 0.015
5388.70963 17.726 0.016
5388.74700 17.690 0.015
5388.76127 17.698 0.015
5388.77405 17.712 0.016
5388.78677 17.640 0.016
5388.81722 17.731 0.019
5388.83086 17.704 0.018
5388.84341 17.717 0.020
5389.46424 17.706 0.033
5389.47779 17.630 0.020
5389.49048 17.659 0.018
5389.50312 17.647 0.017
5389.51589 17.644 0.019
5389.52861 17.656 0.017
5389.54163 17.648 0.015
5389.57967 17.677 0.014
5389.61389 17.651 0.014
5389.64887 17.653 0.017
5389.68481 17.705 0.015
5389.71920 17.725 0.017
5389.75404 17.736 0.021
5389.76683 17.717 0.018
5389.77956 17.676 0.018
5389.79332 17.658 0.016
5389.80599 17.675 0.015
5389.82009 17.638 0.016
5389.83288 17.654 0.019
5389.84572 17.726 0.025
5390.46495 17.676 0.030
5390.51975 17.658 0.020
5390.53639 17.701 0.021
5390.54911 17.699 0.019
5390.56176 17.641 0.016
5390.58207 17.637 0.016
5390.59491 17.667 0.018
5390.60764 17.747 0.026
5390.64730 17.638 0.016
5390.66781 17.667 0.018
5390.68050 17.748 0.023
5390.69359 17.641 0.015
5390.71751 17.654 0.015
5390.73062 17.643 0.014
5390.74304 17.660 0.016
5390.75576 17.629 0.014
5390.76846 17.681 0.016
5390.78104 17.652 0.015
5390.79359 17.668 0.017
5390.80619 17.632 0.014
5390.81867 17.637 0.017
5391.46655 17.609 0.024
5391.49874 17.645 0.019
5391.51221 17.600 0.017
5391.52612 17.641 0.015
5391.53863 17.643 0.019
5391.55100 17.666 0.020
5391.56345 17.658 0.020
5391.57605 17.644 0.016
5391.61052 17.648 0.016
5391.64703 17.645 0.017
5391.68530 17.646 0.014
5391.71985 17.671 0.015
5391.75408 17.664 0.017
5391.79052 17.696 0.019
5391.80313 17.636 0.018
5391.81579 17.658 0.017
5391.82824 17.635 0.017
5391.84061 17.617 0.018
5392.46319 17.643 0.028
5392.47589 17.583 0.017
5392.48837 17.606 0.018
5392.50099 17.640 0.017
5392.51375 17.573 0.015
5392.52709 17.630 0.016
5392.53998 17.619 0.016
5392.55375 17.635 0.015
5392.58848 17.638 0.015
5392.62338 17.622 0.013
5392.66018 17.658 0.014
5392.69862 17.640 0.016
5392.73350 17.635 0.013
5392.76811 17.613 0.013
5392.78063 17.670 0.016
5392.79323 17.629 0.015
5392.80580 17.629 0.014
5392.81825 17.637 0.015
5392.83071 17.569 0.019
5393.62120 17.633 0.020
5393.63359 17.658 0.020
5393.64780 17.609 0.019
5393.66063 17.615 0.019
5393.67332 17.655 0.019
5393.68627 17.620 0.016
5393.69899 17.670 0.019
5393.71150 17.645 0.020
5393.72421 17.637 0.020
5393.73926 17.620 0.021
5393.75683 17.631 0.023
5393.76969 17.635 0.023
5393.78247 17.591 0.017
5393.79497 17.571 0.019
5393.80758 17.624 0.020
5393.82021 17.603 0.023
5393.83280 17.621 0.023
5395.80354 17.587 0.019
5395.81341 17.622 0.019
5395.82579 17.655 0.023
5396.52053 17.606 0.021
5396.53306 17.596 0.020
5396.56773 17.570 0.019
5396.59481 17.585 0.016
5396.60828 17.562 0.014
5396.62149 17.583 0.017
5396.65793 17.598 0.016
5396.67056 17.594 0.014
5396.70514 17.587 0.014
5396.71760 17.593 0.014
5396.75241 17.607 0.014
5396.76498 17.551 0.014
5396.77774 17.569 0.014
5396.79040 17.617 0.017
5396.80313 17.567 0.018
5397.58265 17.623 0.020
5397.59965 17.568 0.020
5397.61306 17.587 0.017
5397.63276 17.530 0.019
5397.64557 17.581 0.020
5397.65839 17.548 0.019
5397.67096 17.583 0.020
5397.68353 17.615 0.019
5397.69617 17.584 0.020
5397.70866 17.620 0.020
5402.51287 17.542 0.032
5402.52657 17.588 0.032
5402.64758 17.553 0.024
5402.67436 17.512 0.020
5403.46389 17.551 0.025
5403.47625 17.505 0.015
5403.48886 17.523 0.015
5403.50136 17.521 0.014
5403.51382 17.519 0.014
5403.52602 17.528 0.013
5403.53860 17.522 0.014
5403.55097 17.505 0.014
5403.56355 17.510 0.013
5403.57650 17.552 0.014
5403.58975 17.524 0.017
5403.60333 17.545 0.015
5403.61777 17.487 0.014
5403.63057 17.508 0.014
5403.64336 17.515 0.015
5403.65637 17.493 0.015
5403.66886 17.552 0.015
5403.68143 17.485 0.015
5403.69420 17.502 0.015
5403.70813 17.508 0.014
5403.72242 17.512 0.015
5403.73500 17.505 0.015
5403.74760 17.544 0.017
5403.76022 17.548 0.021
5403.77294 17.458 0.020
5403.78544 17.473 0.021
5404.46414 17.534 0.026
5404.47669 17.533 0.015
5404.48936 17.513 0.016
5404.50204 17.516 0.015
5404.51457 17.503 0.015
5404.52717 17.483 0.015
5404.53984 17.499 0.016
5404.55236 17.535 0.015
5404.56489 17.504 0.016
5404.57767 17.493 0.016
5404.59076 17.459 0.015
5404.60468 17.535 0.016
5404.61820 17.535 0.016
5404.63336 17.575 0.016
5404.64682 17.475 0.014
5404.66023 17.498 0.014
5404.67293 17.492 0.015
5404.68672 17.499 0.015
5404.69917 17.512 0.016
5404.71182 17.501 0.017
5404.72450 17.469 0.018
5404.73868 17.478 0.017
5404.75131 17.500 0.017
5404.76669 17.460 0.016
5404.78241 17.494 0.019
5405.61049 17.477 0.019
5405.62473 17.452 0.018
5405.63724 17.496 0.018
5405.64979 17.472 0.016
5405.66425 17.505 0.017
5405.67701 17.495 0.017
5405.68968 17.528 0.017
5405.70236 17.487 0.016
5405.71483 17.461 0.016
5405.72743 17.493 0.017
5405.73983 17.510 0.016
5405.75241 17.464 0.016
5405.76495 17.446 0.016
5405.77745 17.475 0.016
5405.78994 17.468 0.016
5407.46441 17.481 0.032
5407.47922 17.472 0.016
5407.49167 17.460 0.016
5407.50421 17.487 0.016
5407.51709 17.459 0.016
5407.52964 17.474 0.017
5407.54228 17.449 0.015
5407.55532 17.459 0.016
5407.56795 17.477 0.016
5407.58087 17.512 0.019
5407.59388 17.503 0.018
5407.60859 17.461 0.019
5407.62122 17.507 0.018
5407.63403 17.439 0.018
5407.64682 17.438 0.018
5407.65960 17.462 0.016
5407.67208 17.464 0.018
5407.68582 17.498 0.017
5407.69848 17.484 0.016
5407.71126 17.483 0.015
5407.72391 17.479 0.015
5407.73656 17.474 0.016
5407.74920 17.510 0.016
5407.76186 17.471 0.018
5407.77442 17.437 0.019
5408.49670 17.419 0.016
5408.50961 17.491 0.020
5408.52723 17.445 0.017
5408.53968 17.472 0.019
5408.55224 17.504 0.020
5408.57457 17.473 0.017
5408.58771 17.483 0.018
5408.60162 17.495 0.015
5408.61485 17.444 0.015
5408.62755 17.460 0.015
5408.64000 17.472 0.015
5408.65262 17.461 0.016
5408.66618 17.487 0.016
5408.67873 17.458 0.015
5408.69134 17.464 0.016
5408.70407 17.485 0.014
5408.71663 17.480 0.016
5408.72925 17.448 0.014
5408.74176 17.440 0.018
5408.75430 17.465 0.017
5408.76692 17.452 0.018
5408.77934 17.488 0.023
5409.46440 17.361 0.032
5409.47714 17.411 0.014
5409.48954 17.456 0.014
5409.50219 17.450 0.012
5409.51840 17.458 0.013
5409.55331 17.457 0.011
5409.58865 17.462 0.012
5409.62430 17.471 0.011
5409.66018 17.450 0.012
5409.69539 17.458 0.012
5409.73128 17.470 0.013
5409.74388 17.450 0.013
5409.75655 17.406 0.015
5409.76907 17.443 0.017
5409.78162 17.457 0.017
5410.46531 17.434 0.025
5410.48140 17.473 0.016
5410.49394 17.479 0.014
5410.50692 17.445 0.013
5410.51950 17.452 0.013
5410.55565 17.448 0.012
5410.59146 17.449 0.013
5410.62783 17.435 0.012
5410.66355 17.454 0.012
5410.69891 17.438 0.012
5410.73496 17.477 0.014
5410.74758 17.471 0.018
5410.76081 17.429 0.014
5410.77343 17.425 0.014
5411.47056 17.445 0.013
5411.48313 17.421 0.011
5411.49597 17.451 0.011
5411.50848 17.451 0.012
5411.52105 17.430 0.011
5411.55629 17.449 0.011
5411.59144 17.458 0.012
5411.62791 17.449 0.011
5411.66411 17.457 0.011
5411.69966 17.426 0.011
5411.73577 17.471 0.013
5411.74848 17.391 0.012
5411.76117 17.432 0.014
5411.77355 17.464 0.018
5412.50700 17.424 0.015
5412.51961 17.404 0.014
5412.53382 17.417 0.014
5412.54649 17.399 0.015
5412.55951 17.410 0.015
5412.57303 17.392 0.015
5412.58667 17.409 0.016
5412.59957 17.461 0.015
5412.61241 17.400 0.016
5412.62507 17.424 0.015
5412.63778 17.440 0.014
5412.65026 17.396 0.016
5412.66537 17.411 0.016
5412.68100 17.422 0.014
5412.69464 17.438 0.015
5412.72919 17.401 0.016
5412.75519 17.420 0.015
5413.47080 17.445 0.020
5413.48652 17.457 0.016
5413.50077 17.397 0.012
5413.51341 17.411 0.012
5413.54880 17.416 0.012
5413.58475 17.419 0.012
5413.62025 17.432 0.012
5413.65581 17.439 0.011
5413.69262 17.413 0.012
5413.72775 17.414 0.013
5413.74023 17.412 0.012
5413.75298 17.427 0.015
5413.76549 17.426 0.016
5414.46854 17.401 0.016
5414.48121 17.428 0.013
5414.49371 17.393 0.011
5414.50625 17.414 0.012
5414.51896 17.419 0.011
5414.55494 17.411 0.011
5414.59151 17.427 0.011
5414.62768 17.407 0.011
5414.66440 17.428 0.011
5414.70143 17.422 0.012
5414.73955 17.398 0.012
5414.75206 17.367 0.012
5414.76495 17.376 0.012
5416.59784 17.421 0.015
5416.61069 17.396 0.015
5416.62602 17.377 0.014
5416.64378 17.389 0.015
5416.66743 17.385 0.014
5416.68116 17.404 0.014
5416.70655 17.332 0.015
5418.52974 17.376 0.011
5418.54325 17.381 0.011
5418.56235 17.380 0.010
5418.57624 17.385 0.011
5418.59334 17.380 0.011
5418.60662 17.393 0.011
5418.62642 17.391 0.011
5418.64347 17.343 0.011
5418.66165 17.371 0.012
5418.67796 17.380 0.012
5418.69287 17.345 0.013
5418.70825 17.414 0.012
5421.48517 17.362 0.014
5421.50139 17.376 0.016
5421.51516 17.377 0.013
5421.52929 17.388 0.015
5421.54405 17.364 0.012
5421.56114 17.363 0.012
5421.57449 17.381 0.012
5421.58888 17.360 0.013
5421.60586 17.378 0.012
5421.62053 17.347 0.011
5421.63505 17.343 0.012
5421.64882 17.345 0.012
5421.66337 17.346 0.012
5421.67736 17.377 0.015
5421.69125 17.358 0.013
5421.70913 17.351 0.013
5421.72176 17.371 0.013
5422.48545 17.314 0.016
5422.49828 17.366 0.013
5422.51107 17.363 0.013
5422.52606 17.343 0.013
5422.54202 17.383 0.011
5422.55713 17.351 0.012
5422.62469 17.362 0.011
5422.66626 17.341 0.010
5422.71113 17.343 0.012
5422.75245 17.357 0.014
5423.48004 17.325 0.010
5423.49503 17.347 0.011
5423.50880 17.356 0.011
5423.52195 17.357 0.011
5423.53708 17.359 0.011
5423.58034 17.348 0.011
5423.62668 17.356 0.012
5423.67105 17.387 0.014
5423.68822 17.330 0.015
5425.48899 17.337 0.013
5425.50244 17.323 0.013
5425.51711 17.319 0.011
5425.53014 17.330 0.012
5425.54377 17.322 0.011
5426.48378 17.315 0.026
5426.49741 17.313 0.025
5426.51044 17.300 0.024
5426.52323 17.375 0.027
5426.53647 17.327 0.021
5426.58945 17.290 0.024
5426.63145 17.388 0.030
5426.68769 17.339 0.030
5426.72994 17.335 0.031
5430.47047 17.274 0.026
5430.48334 17.288 0.016
5430.49600 17.313 0.017
5430.50926 17.294 0.015
5430.52247 17.300 0.015
5430.54244 17.286 0.015
5430.55532 17.322 0.015
5430.56802 17.305 0.014
5430.58074 17.278 0.014
5430.59338 17.297 0.013
5430.60721 17.320 0.014
5430.61968 17.290 0.015
5430.63239 17.310 0.016
5430.64519 17.288 0.015
5430.66087 17.299 0.017
5431.47137 17.256 0.020
5431.48436 17.314 0.014
5431.49706 17.289 0.013
5431.51014 17.293 0.013
5431.52382 17.298 0.013
5431.53774 17.302 0.012
5431.55041 17.298 0.012
5431.56312 17.285 0.012
5431.57573 17.272 0.013
5431.58817 17.326 0.013
5431.60463 17.325 0.014
5431.61710 17.263 0.014
5431.62963 17.301 0.016
5431.64223 17.305 0.015
5431.65477 17.303 0.016
5431.66878 17.312 0.015
5431.68318 17.247 0.016
5432.52109 17.241 0.025
5432.53908 17.275 0.019
5432.60957 17.288 0.019
5432.63420 17.306 0.016
5432.64679 17.256 0.016
5432.66308 17.270 0.018
5433.62515 17.257 0.014
5433.63781 17.311 0.017
5433.65745 17.293 0.021
5433.67069 17.262 0.015
5433.68313 17.268 0.015
5434.48314 17.280 0.015
5434.50072 17.293 0.016
5434.51452 17.287 0.014
5434.52823 17.283 0.014
5434.54660 17.285 0.013
5434.55934 17.290 0.013
5434.57259 17.296 0.013
5434.58500 17.273 0.013
5434.59767 17.277 0.013
5434.61497 17.292 0.013
5434.63224 17.288 0.014
5434.64479 17.276 0.013
5434.65971 17.255 0.014
5434.67466 17.261 0.015
5434.68717 17.251 0.014
5434.69980 17.277 0.014
5435.47363 17.292 0.019
5435.48643 17.290 0.015
5435.49922 17.287 0.015
5435.51256 17.283 0.014
5435.52949 17.287 0.014
5435.54204 17.292 0.014
5435.55869 17.301 0.015
5435.59618 17.305 0.013
5435.61194 17.290 0.012
5435.62956 17.283 0.013
5435.64973 17.302 0.012
5435.66543 17.273 0.012
5435.67783 17.307 0.013
5435.69037 17.301 0.013
5435.70436 17.285 0.013
5436.47151 17.244 0.020
5436.48418 17.254 0.016
5436.49770 17.283 0.013
5436.53859 17.249 0.015
5436.58314 17.281 0.013
5436.64164 17.279 0.012
5436.65567 17.278 0.013
5436.69743 17.299 0.014
5437.48030 17.248 0.011
5437.49361 17.257 0.011
5437.53871 17.298 0.011
5437.57458 17.261 0.011
5437.61771 17.289 0.011
5437.66973 17.265 0.012
5438.49287 17.273 0.015
5438.50654 17.261 0.015
5438.51961 17.261 0.015
5438.53233 17.256 0.014
5438.56886 17.256 0.013
5438.58490 17.244 0.013
5438.63379 17.251 0.012
5438.64624 17.278 0.012
5438.65934 17.282 0.012
5438.67178 17.264 0.012
5438.68436 17.261 0.012
5438.69695 17.249 0.012
5439.48283 17.267 0.017
5439.51638 17.286 0.017
5439.53375 17.297 0.015
5439.55022 17.269 0.015
5439.56271 17.278 0.014
5439.57516 17.274 0.014
5439.58763 17.308 0.015
5439.60016 17.312 0.015
5439.61294 17.270 0.016
5439.62565 17.233 0.014
5439.63825 17.256 0.014
5439.65094 17.214 0.014
5439.67146 17.254 0.015
5439.68400 17.217 0.015
5443.49129 17.229 0.012
5443.50543 17.233 0.014
5443.51795 17.240 0.014
5443.53079 17.250 0.012
5443.54336 17.255 0.013
5443.56407 17.271 0.012
5443.57661 17.261 0.013
5443.58940 17.257 0.012
5443.60190 17.239 0.013
5443.61437 17.241 0.012
5443.62711 17.253 0.011
5443.64206 17.229 0.014
5443.65683 17.221 0.012
5443.67076 17.212 0.012
5443.68333 17.253 0.012
5444.47802 17.237 0.017
5444.49895 17.224 0.013
5444.51438 17.229 0.014
5444.52871 17.210 0.016
5444.55043 17.256 0.012
5444.56305 17.264 0.012
5444.58532 17.233 0.011
5444.60208 17.239 0.012
5444.61470 17.228 0.013
5444.62736 17.229 0.012
5444.64019 17.231 0.011
5444.65270 17.254 0.012
5444.66543 17.238 0.014
5445.47363 17.231 0.015
5445.49327 17.234 0.011
5445.53123 17.216 0.012
5445.57151 17.238 0.011
5445.62253 17.237 0.011
5445.63519 17.219 0.011
5445.64765 17.233 0.011
5445.66186 17.200 0.013
5445.67424 17.229 0.011
5446.47808 17.209 0.014
5446.49627 17.268 0.014
5446.50969 17.217 0.011
5446.52918 17.231 0.011
5446.54174 17.252 0.011
5446.55550 17.271 0.012
5446.56966 17.255 0.012
5446.58282 17.252 0.012
5446.59534 17.245 0.011
5446.60836 17.234 0.011
5446.62084 17.235 0.011
5446.63445 17.197 0.011
5446.64819 17.224 0.011
5446.66080 17.206 0.011
5447.46836 17.237 0.028
5447.48179 17.221 0.012
5447.49665 17.226 0.011
5447.51286 17.248 0.011
5447.52530 17.239 0.011
5447.53937 17.221 0.011
5447.55201 17.226 0.011
5447.56449 17.210 0.012
5447.60331 17.227 0.011
5447.61732 17.214 0.012
5447.62991 17.212 0.011
5448.47057 17.201 0.028
5448.48392 17.220 0.011
5448.50257 17.225 0.011
5448.51537 17.242 0.011
5448.52805 17.213 0.012
5448.54129 17.222 0.012
5448.55604 17.198 0.012
5448.56950 17.235 0.013
5448.61125 17.202 0.012
5448.65717 17.197 0.013
5449.47173 17.188 0.028
5449.48489 17.195 0.015
5449.49735 17.202 0.014
5449.51012 17.208 0.016
5449.52560 17.215 0.013
5449.54110 17.186 0.012
5449.55366 17.205 0.011
5449.61154 17.193 0.012
5449.62472 17.236 0.014
5450.48755 17.193 0.011
5450.50027 17.197 0.012
5450.51287 17.205 0.014
5450.52528 17.207 0.013
5450.53788 17.170 0.013
5450.55038 17.190 0.014
5450.56333 17.204 0.012
5450.57711 17.187 0.012
5450.59907 17.200 0.013
5450.61164 17.227 0.014
5450.62610 17.210 0.013
5450.63894 17.202 0.014
5450.65163 17.214 0.016
5451.62664 17.165 0.011
5451.64178 17.115 0.011
5451.65505 17.185 0.014
5453.49484 17.138 0.013
5453.61820 17.149 0.011
5457.51189 17.062 0.010
5457.57324 17.065 0.010
5457.61505 17.046 0.010
5458.50055 17.025 0.011
5458.55727 17.039 0.012
5458.62106 17.040 0.015
5459.47513 17.008 0.018
5459.52250 17.002 0.011
5459.56559 16.997 0.011
5459.61490 16.988 0.011
5462.49941 16.890 0.011
5462.62353 16.845 0.011
5463.52684 16.818 0.009
5463.62912 16.841 0.011
5464.51871 16.804 0.010
5464.59688 16.777 0.011
5465.55583 16.726 0.012
5467.57415 16.639 0.008
5469.53747 16.530 0.008
5470.55420 16.463 0.008
5471.56052 16.394 0.008
5472.51492 16.337 0.008
5472.59692 16.309 0.008
5473.56015 16.272 0.008
5476.54855 16.084 0.008
5478.52993 15.934 0.007
5480.53426 15.805 0.007
5481.50323 15.761 0.008
5485.55023 15.519 0.006
5486.53647 15.483 0.006
5487.51957 15.415 0.005
5488.50685 15.389 0.005
5489.49305 15.349 0.006
5490.49311 15.351 0.007
5491.49554 15.299 0.006
5493.53133 15.231 0.006
5495.51010 15.130 0.005
5497.50958 15.061 0.005
5499.51565 15.002 0.005
5504.50597 14.936 0.005
5595.86744 15.378 0.006
5596.86293 15.383 0.005
5597.86241 15.393 0.006
5598.85771 15.412 0.005
5599.86953 15.437 0.005
5600.86402 15.445 0.005
5600.88217 15.456 0.005
5601.88741 15.448 0.006
5602.85993 15.458 0.006
5604.86817 15.486 0.006
5605.86623 15.526 0.005
5606.86398 15.526 0.005
5607.86715 15.544 0.005
5608.86319 15.554 0.006
5610.88844 15.584 0.006
5611.85211 15.596 0.006
5612.86284 15.603 0.006
5614.84827 15.630 0.006
5615.85658 15.654 0.006
5616.84874 15.663 0.006
5617.88530 15.689 0.008
5620.83695 15.730 0.006
5621.84016 15.750 0.006
5622.87474 15.751 0.005
5624.83317 15.791 0.006
5625.81236 15.786 0.006
5626.80326 15.827 0.008
5627.83660 15.826 0.006
5628.84732 15.844 0.006
5629.81552 15.867 0.006
5630.79292 15.847 0.006
5631.81391 15.869 0.007
5632.82797 15.874 0.006
5633.78521 15.894 0.006
5634.84007 15.926 0.006
5635.84767 15.913 0.007
5637.80100 15.938 0.007
5638.78742 15.953 0.007
5639.76733 15.967 0.007
5639.84309 15.971 0.006
5640.77332 15.972 0.007
5640.81151 15.977 0.007
5640.84973 15.981 0.007
5640.89945 15.981 0.006
5641.76312 15.986 0.007
5641.80618 15.976 0.007
5641.88795 15.984 0.007
5642.76655 15.992 0.007
5642.82745 16.006 0.007
5642.88732 15.981 0.007
5643.74619 16.001 0.007
5643.78135 16.007 0.007
5643.81932 16.008 0.006
5643.87962 16.013 0.006
5644.74693 15.997 0.008
5644.78883 16.008 0.007
5644.85597 16.037 0.007
5644.90461 16.011 0.008
5647.78711 16.050 0.008
5647.84731 16.060 0.007
5647.86847 16.047 0.007
5647.88447 16.049 0.007
5647.90231 16.057 0.008
5648.73304 16.048 0.007
5648.77176 16.055 0.006
5648.83708 16.059 0.006
5648.87968 16.060 0.006
5649.74050 16.078 0.007
5649.77713 16.070 0.006
5649.84297 16.083 0.006
5649.88357 16.074 0.006
5650.72989 16.066 0.007
5650.76925 16.082 0.006
5650.83156 16.084 0.006
5650.87589 16.084 0.006
5651.75115 16.105 0.007
5651.79146 16.097 0.007
5651.86345 16.106 0.007
5651.91002 16.105 0.006
5652.79173 16.112 0.006
5652.83405 16.132 0.006
5653.87544 16.149 0.006
5653.88855 16.134 0.006
5654.75534 16.121 0.007
5654.81113 16.125 0.007
5654.85110 16.121 0.007
5655.75262 16.138 0.007
5655.79092 16.164 0.007
5655.82895 16.150 0.007
5655.87543 16.149 0.006
5656.76662 16.165 0.007
5656.81241 16.148 0.007
5656.85235 16.160 0.006
5657.76211 16.183 0.006
5657.80102 16.161 0.006
5657.84178 16.176 0.006
5657.88795 16.170 0.006
5658.75201 16.210 0.008
5658.79713 16.174 0.007
5658.85389 16.199 0.007
5658.89441 16.167 0.007
5659.71057 16.187 0.008
5659.74858 16.185 0.007
5659.78678 16.181 0.007
5659.82676 16.191 0.007
5659.91715 16.198 0.007
5660.74453 16.198 0.007
5660.78905 16.214 0.007
5660.83072 16.181 0.008
5660.90237 16.215 0.007
5662.73961 16.221 0.007
5662.78003 16.224 0.008
5662.84108 16.215 0.007
5662.87977 16.220 0.007
5662.92114 16.233 0.007
5664.74148 16.233 0.008
5664.78636 16.261 0.008
5664.84655 16.238 0.007
5664.88817 16.254 0.008
5664.92940 16.255 0.008
5665.75345 16.254 0.008
5665.79917 16.259 0.007
5665.91103 16.273 0.007
5667.71492 16.275 0.007
5667.72778 16.281 0.007
5667.75421 16.284 0.007
5667.76753 16.303 0.008
5667.78211 16.293 0.007
5667.80613 16.290 0.007
5667.81996 16.293 0.007
5667.83391 16.279 0.007
5667.88840 16.291 0.007
5667.90180 16.298 0.007
5667.91662 16.308 0.007
5667.93117 16.307 0.008
5668.71745 16.301 0.008
5668.73264 16.315 0.008
5668.75724 16.319 0.008
5668.77462 16.305 0.008
5668.78685 16.303 0.008
5668.82343 16.311 0.008
5668.84012 16.322 0.008
5668.88254 16.290 0.008
5668.89606 16.297 0.008
5668.90893 16.333 0.008
5668.92167 16.310 0.008
5669.73348 16.321 0.008
5669.74946 16.314 0.007
5669.77071 16.313 0.007
5669.78465 16.320 0.007
5669.79704 16.320 0.007
5669.81004 16.312 0.007
5669.88550 16.312 0.008
5669.89875 16.353 0.008
5669.91124 16.346 0.008
5670.71864 16.301 0.008
5670.73127 16.327 0.008
5670.74584 16.318 0.008
5670.75843 16.317 0.008
5670.77167 16.329 0.008
5670.79739 16.313 0.008
5670.82232 16.342 0.008
5670.83538 16.327 0.008
5670.87783 16.324 0.008
5670.89164 16.351 0.008
5670.90457 16.339 0.008
5670.91782 16.335 0.008
5671.72718 16.329 0.008
5671.74056 16.332 0.008
5671.75337 16.331 0.008
5671.76764 16.335 0.008
5675.70374 16.410 0.008
5675.71698 16.422 0.008
5675.72974 16.405 0.008
5675.74235 16.403 0.008
5675.75542 16.401 0.008
5675.76809 16.404 0.008
5675.78071 16.409 0.008
5675.79391 16.408 0.008
5675.80742 16.406 0.009
5675.82098 16.383 0.008
5675.85106 16.406 0.008
5675.86679 16.404 0.007
5675.89100 16.427 0.008
5675.90424 16.395 0.008
5675.91974 16.437 0.008
5676.66891 16.412 0.006
5676.68168 16.417 0.006
5676.69469 16.429 0.006
5676.70743 16.432 0.006
5676.72067 16.415 0.006
5676.73386 16.418 0.006
5676.74657 16.418 0.006
5676.75935 16.418 0.007
5676.77274 16.421 0.007
5676.78619 16.406 0.007
5676.79949 16.404 0.007
5676.81776 16.393 0.007
5676.85967 16.425 0.007
5676.87364 16.415 0.007
5676.89681 16.420 0.007
5676.90976 16.402 0.007
5676.92304 16.415 0.007
5677.69798 16.413 0.008
5677.71457 16.427 0.008
5677.72772 16.423 0.007
5677.74273 16.421 0.007
5677.75669 16.428 0.007
5677.77241 16.425 0.007
5677.78503 16.430 0.007
5677.79831 16.420 0.008
5677.82281 16.424 0.008
5677.83519 16.433 0.008
5677.85983 16.443 0.007
5677.87479 16.442 0.007
5677.88743 16.434 0.007
5677.90183 16.425 0.007
5677.91468 16.440 0.007
5679.66567 16.445 0.008
5679.67871 16.455 0.008
5679.69270 16.470 0.008
5679.70675 16.462 0.007
5679.72079 16.458 0.008
5679.73454 16.466 0.007
5679.74818 16.463 0.008
5679.77132 16.479 0.008
5679.78653 16.460 0.008
5679.79982 16.458 0.008
5679.81391 16.453 0.008
5679.83758 16.462 0.008
5679.85136 16.451 0.007
5679.86577 16.455 0.008
5679.87896 16.470 0.008
5679.89169 16.448 0.007
5679.90421 16.480 0.008
5679.91716 16.466 0.008
5680.65377 16.449 0.008
5680.66680 16.451 0.008
5680.67965 16.453 0.008
5680.69281 16.478 0.008
5680.70535 16.460 0.008
5680.71826 16.475 0.008
5680.73152 16.459 0.008
5680.74467 16.481 0.008
5680.76728 16.478 0.008
5680.78006 16.452 0.008
5680.79395 16.484 0.008
5680.81966 16.477 0.008
5680.83389 16.474 0.007
5680.84777 16.457 0.008
5680.86262 16.464 0.007
5680.87700 16.484 0.007
5680.89101 16.488 0.008
5680.90429 16.477 0.007
5680.91807 16.477 0.008
5681.65770 16.453 0.008
5681.67059 16.462 0.008
5681.68321 16.465 0.008
5681.69597 16.446 0.008
5681.70880 16.484 0.008
5681.72143 16.462 0.008
5681.73474 16.472 0.007
5681.74769 16.484 0.007
5681.76076 16.471 0.008
5681.78574 16.467 0.008
5681.79898 16.466 0.008
5681.82381 16.480 0.007
5681.83818 16.479 0.007
5681.85404 16.480 0.008
5681.86848 16.467 0.008
5681.88180 16.487 0.008
5681.89574 16.475 0.008
5681.90840 16.486 0.008
5681.92169 16.499 0.008
5682.65795 16.496 0.008
5682.67048 16.481 0.008
5682.68390 16.481 0.008
5682.69833 16.489 0.008
5682.71222 16.474 0.008
5682.72588 16.492 0.008
5682.74498 16.483 0.007
5682.75978 16.492 0.008
5682.77393 16.490 0.007
5682.78857 16.475 0.008
5682.81168 16.466 0.008
5682.82658 16.487 0.008
5682.85289 16.497 0.008
5682.87807 16.502 0.008
5682.89190 16.503 0.007
5682.90546 16.497 0.008
5682.91831 16.484 0.008
5682.93087 16.480 0.008
5683.65539 16.489 0.008
5683.67877 16.504 0.008
5683.69257 16.495 0.008
5683.70636 16.503 0.007
5683.72952 16.514 0.008
5683.76372 16.511 0.008
5683.78614 16.512 0.008
5683.79935 16.502 0.008
5683.82623 16.512 0.007
5683.85631 16.528 0.008
5683.87207 16.514 0.008
5683.88598 16.514 0.008
5683.89934 16.516 0.008
5683.91384 16.508 0.008
5683.92759 16.504 0.008
5684.64919 16.523 0.008
5684.67448 16.532 0.008
5684.68865 16.539 0.008
5684.70256 16.524 0.008
5684.72552 16.516 0.008
5684.73941 16.519 0.007
5684.76170 16.521 0.008
5684.77640 16.508 0.008
5684.78943 16.524 0.008
5684.81414 16.522 0.008
5684.82850 16.536 0.008
5684.85949 16.528 0.008
5684.87353 16.517 0.008
5684.88705 16.510 0.008
5684.90054 16.559 0.008
5684.91377 16.546 0.008
5684.92725 16.529 0.008
5684.93970 16.531 0.014
5685.65354 16.530 0.008
5685.74176 16.531 0.008
5685.76378 16.508 0.008
5685.77733 16.537 0.007
5685.79034 16.535 0.007
5685.80331 16.549 0.007
5685.81654 16.539 0.007
5685.84206 16.548 0.007
5685.85558 16.527 0.007
5685.87028 16.558 0.007
5685.88612 16.544 0.007
5685.89964 16.527 0.008
5685.91356 16.554 0.008
5685.92715 16.532 0.008
5686.65204 16.524 0.008
5686.66637 16.553 0.008
5686.69028 16.553 0.008
5686.71402 16.543 0.008
5686.72691 16.543 0.008
5686.73974 16.554 0.008
5686.75938 16.539 0.007
5686.79712 16.550 0.008
5686.81024 16.556 0.007
5686.83147 16.553 0.008
5686.84445 16.561 0.008
5686.86042 16.565 0.008
5686.87312 16.560 0.008
5686.88636 16.552 0.008
5686.89907 16.547 0.008
5686.91253 16.562 0.008
5686.92613 16.551 0.008
5687.65035 16.540 0.009
5687.66362 16.557 0.009
5687.67910 16.561 0.008
5687.69341 16.533 0.008
5687.70842 16.535 0.008
5687.72311 16.547 0.008
5687.74650 16.575 0.008
5687.75898 16.559 0.008
5687.77325 16.551 0.008
5687.78757 16.560 0.008
5687.81150 16.554 0.008
5687.82595 16.559 0.008
5687.84045 16.554 0.007
5688.81139 16.575 0.008
5688.84001 16.580 0.008
5688.86292 16.585 0.008
5688.87709 16.591 0.008
5688.90802 16.580 0.009
5688.92085 16.583 0.008
5688.93389 16.591 0.009
5689.66936 16.596 0.008
5689.68199 16.588 0.007
5689.69473 16.592 0.007
5689.73399 16.599 0.008
5689.74683 16.593 0.008
5689.76957 16.595 0.008
5689.78240 16.587 0.008
5689.79618 16.591 0.008
5689.80950 16.603 0.007
5689.82274 16.617 0.007
5690.62336 16.604 0.007
5690.63608 16.659 0.007
5690.64853 16.595 0.008
5690.66161 16.594 0.008
5690.68631 16.623 0.008
5690.69870 16.600 0.008
5690.71259 16.616 0.007
5690.74309 16.626 0.008
5690.75867 16.636 0.009
5690.77495 16.592 0.008
5690.78763 16.592 0.008
5690.80052 16.627 0.008
5690.81479 16.597 0.008
5690.83134 16.613 0.007
5690.85658 16.621 0.008
5690.87701 16.643 0.008
5690.89880 16.668 0.009
5690.91679 16.610 0.009
5691.62152 16.608 0.010
5691.63812 16.568 0.009
5691.78447 16.625 0.008
5691.79799 16.620 0.008
5691.81952 16.619 0.008
5691.83378 16.643 0.008
5691.84651 16.622 0.008
5691.85949 16.626 0.008
5691.87259 16.627 0.008
5691.88570 16.661 0.008
5691.92664 16.638 0.009
5692.63003 16.658 0.011
5692.64305 16.611 0.010
5692.65890 16.636 0.009
5692.67722 16.587 0.008
5692.70189 16.631 0.008
5692.71436 16.644 0.008
5692.80139 16.639 0.008
5692.81469 16.636 0.008
5692.82729 16.631 0.008
5692.84028 16.623 0.008
5692.85287 16.654 0.008
5692.86611 16.635 0.008
5692.87873 16.635 0.008
5692.89126 16.642 0.008
5692.90377 16.626 0.008
5692.91629 16.619 0.008
5692.93102 16.633 0.009
5693.61468 16.641 0.008
5693.62932 16.640 0.008
5693.64169 16.650 0.008
5693.65425 16.647 0.008
5693.67792 16.641 0.008
5693.70116 16.651 0.008
5693.72365 16.674 0.008
5693.74733 16.650 0.008
5693.76033 16.645 0.008
5693.77271 16.653 0.008
5693.78514 16.649 0.008
5693.79745 16.656 0.008
5693.81127 16.665 0.008
5693.82439 16.664 0.008
5693.83683 16.650 0.008
5693.84940 16.667 0.008
5693.86196 16.646 0.008
5693.87468 16.661 0.008
5693.88729 16.650 0.008
5693.89991 16.655 0.008
5693.91662 16.616 0.008
5693.92913 16.645 0.008
5694.60785 16.640 0.008
5694.61927 16.660 0.008
5694.63049 16.672 0.009
5694.64143 16.635 0.008
5694.65373 16.656 0.008
5694.66543 16.643 0.008
5694.67932 16.620 0.008
5694.70643 16.655 0.008
5694.73044 16.661 0.008
5694.82006 16.668 0.008
5694.83258 16.625 0.008
5694.84496 16.689 0.008
5694.85749 16.667 0.008
5694.86994 16.697 0.008
5694.88248 16.669 0.008
5694.89509 16.653 0.008
5694.90759 16.667 0.009
5694.91995 16.660 0.009
5694.93425 16.693 0.010
5695.60340 16.676 0.011
5695.60755 16.620 0.010
5695.62361 16.681 0.010
5695.64063 16.653 0.008
5695.65312 16.644 0.008
5695.67629 16.653 0.010
5695.68896 16.640 0.008
5695.83404 16.691 0.008
5695.84674 16.674 0.008
5695.85966 16.679 0.008
5695.87203 16.705 0.008
5695.88451 16.693 0.008
5695.89708 16.683 0.008
5695.90956 16.680 0.008
5695.92208 16.664 0.008
5695.93475 16.661 0.008
5696.60323 16.701 0.010
5696.61257 16.679 0.009
5696.62506 16.724 0.010
5696.63954 16.678 0.009
5696.65370 16.714 0.009
5696.67679 16.675 0.008
5696.68909 16.694 0.008
5696.71052 16.709 0.009
5696.72425 16.692 0.008
5696.73669 16.718 0.008
5696.74990 16.700 0.008
5696.76346 16.700 0.008
5696.80560 16.717 0.008
5696.82012 16.704 0.008
5696.83469 16.697 0.008
5696.84813 16.699 0.008
5696.86155 16.706 0.008
5696.87593 16.715 0.009
5696.89850 16.731 0.008
5696.93259 16.695 0.009
5697.60337 16.724 0.009
5697.60956 16.728 0.010
5697.62187 16.708 0.009
5697.63442 16.736 0.009
5697.65693 16.713 0.008
5697.66930 16.702 0.008
5697.69204 16.707 0.008
5697.70447 16.711 0.008
5697.71688 16.715 0.008
5697.72945 16.698 0.009
5697.74320 16.713 0.009
5697.75578 16.707 0.008
5697.79886 16.738 0.008
5697.81194 16.719 0.008
5697.82445 16.720 0.008
5697.83680 16.723 0.008
5697.85014 16.725 0.008
5697.86469 16.716 0.008
5697.87732 16.719 0.008
5697.89423 16.736 0.008
5697.90669 16.732 0.008
5697.92218 16.715 0.009
5697.93466 16.697 0.009
5698.60209 16.717 0.012
5698.61450 16.721 0.011
5698.62709 16.727 0.012
5698.63945 16.697 0.011
5698.66229 16.725 0.010
5698.67638 16.710 0.010
5698.69013 16.712 0.011
5698.70268 16.731 0.011
5698.71532 16.708 0.011
5698.73013 16.737 0.012
5698.74261 16.710 0.010
5698.75543 16.716 0.011
5698.78118 16.741 0.009
5698.79598 16.718 0.009
5698.81060 16.740 0.010
5698.82380 16.708 0.009
5698.83637 16.738 0.009
5698.84891 16.738 0.009
5698.86166 16.735 0.010
5698.87618 16.716 0.010
5698.88882 16.725 0.010
5698.90319 16.738 0.012
5698.91580 16.690 0.011
5698.93328 16.710 0.013
5702.62025 16.838 0.016
5702.65702 16.804 0.021
5702.69048 16.758 0.013
5702.74548 16.787 0.014
5702.77688 16.764 0.014
5702.87351 16.776 0.012
5702.91033 16.793 0.011
5703.64332 16.806 0.013
5703.70769 16.821 0.012
5703.72418 16.836 0.012
5703.73913 16.803 0.010
5703.75615 16.809 0.010
5703.77349 16.788 0.010
5703.79438 16.809 0.012
5703.82604 16.752 0.011
5703.84127 16.822 0.012
5703.85900 16.797 0.013
5705.70594 16.841 0.011
5705.72021 16.829 0.009
5705.73418 16.840 0.009
5705.74827 16.862 0.011
5705.76232 16.838 0.009
5705.77704 16.804 0.009
5705.79272 16.815 0.009
5705.81585 16.842 0.009
5705.82849 16.831 0.009
5705.85072 16.826 0.010
5705.86682 16.835 0.011
5705.88179 16.895 0.012
5705.89636 16.860 0.011
5705.91232 16.854 0.012
5705.93045 16.861 0.013
5706.58054 16.848 0.013
5706.65253 16.852 0.010
5706.70996 16.859 0.010
5706.73528 16.854 0.010
5706.74970 16.829 0.010
5706.76608 16.849 0.010
5706.78666 16.856 0.011
5706.80173 16.839 0.010
5706.83783 16.830 0.011
5706.85234 16.814 0.010
5706.86734 16.859 0.011
5706.88385 16.810 0.011
5707.57500 16.838 0.010
5707.58570 16.866 0.009
5707.59797 16.855 0.009
5707.61119 16.841 0.010
5707.62383 16.836 0.009
5707.64580 16.843 0.008
5707.65824 16.852 0.009
5707.68043 16.866 0.009
5707.69305 16.869 0.008
5707.71854 16.885 0.009
5707.73121 16.895 0.009
5707.77129 16.885 0.008
5707.78523 16.881 0.008
5707.79812 16.861 0.009
5707.81120 16.865 0.008
5707.82497 16.864 0.009
5707.83754 16.873 0.008
5707.85033 16.848 0.009
5707.86474 16.869 0.010
5707.87731 16.845 0.010
5707.89234 16.859 0.009
5707.90509 16.875 0.012
5707.92391 16.833 0.010
5707.94100 16.825 0.014
5708.57143 16.883 0.012
5708.59091 16.892 0.011
5708.60477 16.922 0.011
5708.61782 16.877 0.012
5708.63387 16.845 0.010
5708.66079 16.888 0.009
5708.67458 16.867 0.009
5708.68734 16.879 0.009
5708.71120 16.869 0.009
5708.72386 16.845 0.008
5708.73650 16.858 0.009
5708.74933 16.867 0.010
5708.76347 16.882 0.011
5708.77815 16.871 0.010
5708.79323 16.898 0.011
5708.81356 16.905 0.010
5708.82727 16.866 0.009
5708.84221 16.891 0.012
5708.85884 16.885 0.010
5708.87463 16.877 0.012
5708.89375 16.910 0.014
5708.91052 16.847 0.012
5709.56676 16.898 0.009
5709.57998 16.908 0.009
5709.59293 16.929 0.009
5709.60777 16.893 0.009
5709.62050 16.897 0.009
5709.63296 16.882 0.009
5709.64797 16.864 0.008
5709.66055 16.882 0.008
5709.78854 16.890 0.008
5709.82947 16.895 0.008
5712.56908 16.951 0.014
5712.57946 16.897 0.013
5712.60606 16.926 0.010
5712.62931 16.931 0.010
5712.64187 16.954 0.010
5712.66427 16.938 0.009
5712.67693 16.945 0.009
5712.68972 16.925 0.010
5712.70290 16.944 0.010
5712.75727 16.958 0.008
5712.77213 16.915 0.008
5712.78542 16.926 0.008
5712.79861 16.941 0.009
5712.81189 16.948 0.010
5712.82446 16.949 0.008
5712.83720 16.941 0.008
5712.85466 16.927 0.010
5712.87190 16.942 0.011
5712.88584 16.926 0.011
5712.92676 16.922 0.013
5713.73785 16.964 0.008
5713.75377 16.945 0.008
5713.76820 16.934 0.008
5713.78982 16.973 0.008
5713.80237 16.955 0.008
5713.81486 16.953 0.008
5713.82775 16.925 0.009
5713.84074 16.962 0.009
5713.85545 16.982 0.009
5713.86822 16.911 0.010
5714.57609 16.997 0.012
5714.59452 16.931 0.010
5714.60897 16.993 0.011
5714.62311 16.950 0.011
5714.63773 16.957 0.010
5714.65059 16.992 0.009
5714.66353 16.986 0.008
5714.68590 16.954 0.008
5714.69868 16.964 0.008
5714.86505 16.958 0.011
5715.56080 16.980 0.009
5715.57819 16.973 0.009
5715.58739 16.951 0.009
5715.61536 16.984 0.009
5715.62811 16.959 0.009
5715.65111 16.999 0.009
5715.66732 16.973 0.009
5715.68087 16.975 0.009
5715.69577 16.983 0.008
5715.70922 16.968 0.008
5715.72629 16.983 0.008
5715.74084 16.980 0.008
5715.75832 16.987 0.008
5715.77332 16.997 0.008
5715.78745 16.968 0.009
5715.80041 16.976 0.009
5715.81720 16.959 0.009
5715.83000 16.993 0.009
5715.84257 16.970 0.009
5715.85697 16.946 0.010
5715.88510 16.956 0.010
5715.89814 16.961 0.010
5715.91272 16.976 0.011
5716.57598 17.013 0.011
5716.58563 16.977 0.011
5716.59828 16.996 0.011
5716.61301 16.966 0.011
5716.62563 16.976 0.010
5716.64796 16.995 0.009
5716.66058 16.990 0.010
5716.67334 16.979 0.010
5716.68604 16.994 0.012
5716.71235 16.988 0.009
5716.72606 16.999 0.008
5716.73944 16.992 0.009
5716.75247 16.994 0.009
5716.76951 16.996 0.010
5716.78314 16.997 0.009
5716.79633 16.987 0.009
5716.80938 16.965 0.009
5716.82221 17.000 0.011
5716.83519 17.002 0.010
5716.84808 16.989 0.011
5716.86300 16.984 0.010
5716.87564 16.975 0.010
5716.88828 16.953 0.010
5716.90215 17.019 0.012
5721.55291 17.052 0.011
5721.57057 17.060 0.010
5721.59097 17.071 0.010
5721.60346 17.099 0.012
5721.61592 17.060 0.010
5721.62835 17.023 0.010
5721.64603 17.065 0.010
5721.66826 17.095 0.010
5721.68079 17.079 0.010
5721.69329 17.075 0.010
5721.70653 17.094 0.009
5721.72212 17.058 0.010
5721.73716 17.050 0.009
5721.76117 17.077 0.010
5721.77495 17.061 0.009
5721.78789 17.067 0.009
5721.80072 17.076 0.009
5721.81363 17.069 0.008
5721.82696 17.076 0.010
5721.84182 17.096 0.011
5721.86619 17.033 0.011
5721.87891 17.081 0.014
5721.89173 17.047 0.012
5721.90453 17.129 0.016
5721.92238 17.022 0.013
5722.54357 17.087 0.010
5722.56735 17.075 0.010
5722.59966 17.074 0.010
5722.61325 17.110 0.011
5722.62679 17.081 0.010
5722.64062 17.080 0.009
5722.65406 17.066 0.010
5722.66764 17.074 0.010
5722.68123 17.089 0.009
5722.72271 17.101 0.009
5722.73745 17.088 0.009
5722.76074 17.083 0.009
5722.77383 17.068 0.009
5722.78661 17.090 0.009
5722.80047 17.072 0.010
5722.81340 17.092 0.010
5722.82815 17.071 0.010
5723.54019 17.074 0.012
5723.55439 17.096 0.012
5723.56683 17.118 0.011
5723.57965 17.072 0.010
5723.60241 17.093 0.010
5723.61501 17.079 0.010
5723.62778 17.064 0.010
5723.64984 17.082 0.010
5723.66259 17.078 0.010
5723.67778 17.100 0.010
5723.69048 17.124 0.010
5723.73100 17.089 0.010
5723.74460 17.094 0.009
5723.75732 17.076 0.009
5723.76993 17.111 0.009
5723.78307 17.076 0.009
5723.79593 17.060 0.009
5723.80895 17.090 0.009
5723.82212 17.083 0.009
5723.83553 17.094 0.010
5723.84860 17.079 0.010
5723.86160 17.082 0.011
5724.53854 17.049 0.015
5724.54832 17.039 0.017
5724.56601 17.118 0.013
5724.57859 17.106 0.013
5724.59283 17.095 0.012
5724.60540 17.114 0.013
5724.61805 17.062 0.012
5724.63057 17.071 0.014
5724.64304 17.086 0.012
5724.65612 17.106 0.012
5724.66866 17.092 0.011
5724.68176 17.104 0.013
5724.73165 17.115 0.011
5724.74509 17.130 0.011
5724.76731 17.088 0.011
5724.78017 17.093 0.011
5724.79552 17.110 0.012
5724.80836 17.107 0.012
5724.82092 17.105 0.012
5725.53610 17.068 0.012
5725.55836 17.105 0.010
5725.57184 17.091 0.009
5725.58526 17.115 0.009
5725.59873 17.068 0.009
5725.61224 17.111 0.009
5725.62577 17.122 0.010
5725.63934 17.119 0.010
5725.71930 17.103 0.009
5725.73299 17.079 0.009
5725.74576 17.094 0.010
5725.75863 17.085 0.010
5725.77134 17.111 0.010
5725.78444 17.124 0.011
5725.79810 17.127 0.011
5726.53793 17.147 0.019
5726.54822 17.083 0.013
5726.56007 17.136 0.013
5726.57272 17.090 0.013
5726.59458 17.135 0.013
5726.60711 17.126 0.014
5726.61978 17.091 0.012
5726.63245 17.104 0.012
5726.64500 17.121 0.013
5726.66712 17.105 0.011
5726.76027 17.095 0.015
5726.77954 17.117 0.014
5726.79259 17.111 0.013
5726.80519 17.133 0.014
5726.82358 17.109 0.013
5734.58884 17.177 0.014
5734.60585 17.214 0.014
5734.65430 17.197 0.014
5734.67038 17.180 0.013
5734.68376 17.245 0.015
5734.69753 17.187 0.015
5734.71487 17.236 0.014
5734.73140 17.176 0.013
5734.74605 17.207 0.014
5734.76096 17.190 0.013
5734.77539 17.170 0.012
5734.78953 17.236 0.011
5734.80380 17.205 0.012
5734.82537 17.187 0.014
5734.83824 17.172 0.014
5734.85513 17.172 0.016
5734.86795 17.199 0.017
5734.88289 17.218 0.018
5734.89431 17.192 0.019
5735.64225 17.240 0.015
5735.65888 17.205 0.012
5735.67337 17.254 0.015
5735.68777 17.179 0.012
5735.70563 17.174 0.011
5735.72688 17.188 0.011
5735.73816 17.205 0.011
5735.75078 17.207 0.011
5735.76820 17.198 0.010
5735.78496 17.210 0.011
5735.79963 17.194 0.011
5735.81442 17.206 0.010
5735.83136 17.227 0.012
5735.84639 17.198 0.013
5735.86132 17.206 0.012
5735.87599 17.235 0.018
5735.89074 17.203 0.015
5736.50372 17.206 0.014
5736.51639 17.184 0.013
5736.52906 17.163 0.012
5736.54665 17.198 0.011
5736.55942 17.206 0.010
5736.57209 17.232 0.011
5736.58467 17.189 0.010
5736.59994 17.218 0.010
5736.61421 17.206 0.009
5736.62897 17.191 0.009
5736.64370 17.208 0.009
5736.65634 17.212 0.008
5736.66900 17.210 0.009
5736.68385 17.176 0.009
5736.69956 17.208 0.009
5736.72033 17.219 0.009
5736.75556 17.205 0.009
5736.77963 17.207 0.009
5736.79508 17.208 0.010
5736.81079 17.183 0.010
5736.82664 17.205 0.010
5736.84219 17.200 0.010
5736.85790 17.229 0.010
5736.87474 17.214 0.011
5736.88894 17.164 0.013
5737.50281 17.173 0.013
5737.51732 17.222 0.013
5737.52990 17.188 0.011
5737.54271 17.189 0.011
5737.55537 17.204 0.010
5737.56986 17.218 0.010
5737.59519 17.201 0.010
5737.60867 17.215 0.010
5737.62258 17.208 0.009
5737.63758 17.242 0.009
5737.65125 17.208 0.009
5737.66491 17.204 0.009
5737.69181 17.216 0.008
5737.70536 17.212 0.009
5737.71945 17.228 0.009
5737.73197 17.213 0.009
5737.74616 17.216 0.009
5737.75884 17.211 0.010
5737.77258 17.212 0.010
5737.78534 17.226 0.010
5737.79950 17.192 0.010
5737.88580 17.198 0.011
5738.53271 17.217 0.012
5738.57217 17.186 0.010
5738.58478 17.188 0.011
5738.59813 17.203 0.011
5738.61285 17.234 0.011
5738.62561 17.237 0.010
5738.65127 17.233 0.009
5738.66430 17.245 0.009
5738.69286 17.217 0.009
5738.70571 17.242 0.009
5738.71851 17.206 0.009
5738.73240 17.206 0.009
5738.74526 17.232 0.009
5738.75821 17.199 0.009
5739.49832 17.248 0.014
5739.51105 17.218 0.013
5739.52357 17.206 0.012
5739.53631 17.211 0.012
5739.54907 17.202 0.011
5739.56181 17.213 0.011
5739.57454 17.209 0.011
5739.58737 17.208 0.012
5739.60240 17.219 0.011
5739.61514 17.218 0.010
5739.63835 17.200 0.010
5739.65112 17.218 0.010
5739.68230 17.220 0.011
5739.69644 17.199 0.012
5739.70903 17.227 0.011
5739.72177 17.243 0.010
5739.73453 17.234 0.010
5739.74735 17.231 0.010
5739.76076 17.224 0.011
5739.77359 17.228 0.011
5739.78617 17.204 0.011
5739.80315 17.207 0.012
5739.84101 17.240 0.012
5739.85659 17.237 0.014
5739.87014 17.148 0.014
5740.49389 17.253 0.014
5740.51046 17.192 0.013
5740.52611 17.220 0.012
5740.54148 17.250 0.015
5740.55518 17.245 0.014
5740.56830 17.256 0.015
5740.58256 17.249 0.013
5740.61691 17.191 0.014
5740.62963 17.250 0.013
5740.64233 17.209 0.013
5740.73299 17.238 0.011
5740.74551 17.235 0.011
5740.75925 17.248 0.012
5740.77187 17.242 0.012
5740.79040 17.223 0.011
5740.80396 17.221 0.013
5740.81681 17.196 0.013
5740.82947 17.230 0.013
5740.84208 17.229 0.013
5740.85561 17.245 0.014
5740.87689 17.192 0.014
5741.49092 17.258 0.014
5741.50364 17.243 0.013
5741.51629 17.217 0.013
5741.52914 17.239 0.011
5741.54187 17.216 0.011
5741.55555 17.259 0.011
5741.57441 17.238 0.013
5741.58705 17.252 0.012
5741.59971 17.254 0.011
5741.61222 17.228 0.011
5741.62494 17.234 0.010
5741.63756 17.226 0.011
5741.65028 17.274 0.013
5741.67443 17.240 0.010
5741.69866 17.279 0.011
5741.71147 17.273 0.010
5741.72458 17.239 0.010
5741.73769 17.255 0.011
5741.75300 17.227 0.010
5741.76568 17.238 0.010
5741.77862 17.247 0.011
5741.79141 17.221 0.010
5741.80427 17.270 0.010
5741.81692 17.289 0.011
5741.82948 17.265 0.013
5741.84226 17.240 0.011
5741.85486 17.233 0.011
5741.86765 17.260 0.010
5741.88104 17.245 0.012
5742.48781 17.271 0.015
5742.50130 17.212 0.013
5742.51669 17.288 0.014
5742.53049 17.278 0.012
5742.54428 17.306 0.014
5742.55988 17.251 0.011
5742.57285 17.258 0.012
5742.58540 17.235 0.011
5742.59813 17.183 0.011
5742.61079 17.262 0.011
5742.63389 17.249 0.010
5742.65722 17.232 0.009
5742.67261 17.243 0.010
5742.68574 17.237 0.010
5742.69876 17.245 0.010
5742.71143 17.252 0.009
5742.72473 17.258 0.010
5742.73745 17.284 0.010
5742.74997 17.258 0.010
5742.76273 17.266 0.010
5742.77571 17.258 0.009
5742.78822 17.240 0.010
5742.80107 17.238 0.010
5742.81380 17.252 0.010
5742.82623 17.264 0.010
5742.84123 17.236 0.010
5742.85394 17.249 0.011
5742.86651 17.220 0.011
5742.87895 17.227 0.011
5743.59555 17.212 0.014
5743.60993 17.239 0.013
5743.62238 17.222 0.013
5743.63502 17.255 0.013
5743.64783 17.308 0.013
5743.66187 17.260 0.013
5743.67564 17.249 0.012
5743.70125 17.262 0.011
5743.72319 17.256 0.012
5743.73577 17.246 0.012
5743.74880 17.229 0.012
5743.76134 17.251 0.012
5743.77392 17.240 0.012
5743.78660 17.205 0.011
5743.79940 17.247 0.012
5743.81193 17.241 0.012
5743.82451 17.274 0.012
5743.83699 17.282 0.013
5743.84968 17.257 0.015
5743.86233 17.150 0.014
5743.87495 17.219 0.019
5744.49355 17.290 0.018
5744.50638 17.225 0.016
5744.51904 17.218 0.014
5744.53161 17.225 0.012
5744.54425 17.270 0.013
5744.55744 17.264 0.013
5744.57010 17.264 0.012
5744.58281 17.220 0.012
5744.59561 17.235 0.013
5744.60828 17.224 0.014
5744.62100 17.263 0.013
5744.63269 17.245 0.011
5744.63428 17.256 0.011
5744.63592 17.228 0.010
5744.63759 17.221 0.010
5744.63928 17.244 0.010
5744.64411 17.244 0.011
5744.65033 17.259 0.011
5744.65193 17.251 0.011
5744.65355 17.271 0.011
5744.65520 17.248 0.010
5744.65688 17.235 0.010
5744.65858 17.216 0.011
5744.66849 17.232 0.011
5744.68290 17.259 0.011
5744.69629 17.244 0.010
5744.70932 17.256 0.011
5744.72067 17.227 0.011
5744.72541 17.242 0.011
5744.72996 17.243 0.011
5744.73460 17.255 0.011
5744.73803 17.225 0.011
5744.74105 17.249 0.010
5744.74409 17.242 0.011
5744.74716 17.226 0.011
5744.75014 17.276 0.010
5744.75755 17.284 0.011
5744.76547 17.237 0.011
5744.77242 17.219 0.010
5744.77849 17.233 0.010
5744.78713 17.236 0.010
5744.79323 17.240 0.010
5744.80129 17.265 0.012
5744.81414 17.219 0.011
5744.83349 17.211 0.013
5744.84680 17.273 0.016
5744.85931 17.219 0.013
5744.87187 17.235 0.018
5744.87672 17.214 0.016
5745.51080 17.228 0.013
5745.52421 17.282 0.015
5745.53758 17.264 0.012
5745.55699 17.268 0.012
5745.57095 17.267 0.014
5745.58435 17.233 0.014
5745.59774 17.212 0.013
5745.61117 17.213 0.014
5745.62409 17.288 0.013
5745.63689 17.277 0.013
5745.65995 17.267 0.010
5745.68441 17.273 0.011
5745.69743 17.253 0.010
5745.71024 17.257 0.011
5745.72288 17.275 0.011
5745.73546 17.256 0.010
5745.74820 17.239 0.011
5745.76106 17.259 0.012
5745.77365 17.215 0.014
5745.78628 17.252 0.013
5745.79899 17.248 0.014
5745.81155 17.236 0.013
5745.86461 17.263 0.015
5745.87470 17.231 0.015
5746.53927 17.279 0.011
5746.55661 17.253 0.011
5746.56560 17.259 0.012
5746.58156 17.284 0.011
5746.59405 17.238 0.011
5746.60653 17.267 0.011
5746.61920 17.256 0.012
5746.63195 17.237 0.012
5746.64719 17.271 0.011
5746.67470 17.268 0.012
5746.70061 17.287 0.013
5746.71316 17.234 0.012
5746.72572 17.229 0.013
5746.73838 17.256 0.011
5746.75099 17.284 0.013
5746.76345 17.238 0.012
5746.77598 17.238 0.013
5746.79335 17.291 0.015
5746.80574 17.239 0.014
5746.81839 17.259 0.013
5746.83340 17.306 0.016
5746.85153 17.255 0.015
5747.58273 17.283 0.016
5747.59690 17.237 0.015
5747.61110 17.302 0.018
5747.62610 17.239 0.014
5747.64034 17.255 0.014
5747.65594 17.244 0.014
5747.67214 17.243 0.014
5747.68682 17.272 0.017
5747.70121 17.270 0.014
5747.71537 17.274 0.014
5747.73001 17.299 0.019
5747.74494 17.245 0.014
5747.75950 17.258 0.012
5747.77417 17.254 0.014
5747.81128 17.309 0.017
5748.60171 17.240 0.013
5748.61447 17.282 0.014
5748.62724 17.245 0.011
5748.65089 17.239 0.011
5748.66563 17.235 0.011
5748.68460 17.282 0.013
5748.73756 17.390 0.018
5749.49870 17.257 0.016
5749.51148 17.268 0.015
5749.52394 17.245 0.015
5749.53655 17.272 0.013
5749.54908 17.243 0.012
5749.56191 17.254 0.012
5749.57442 17.246 0.013
5749.58689 17.256 0.011
5749.60128 17.266 0.012
5749.61390 17.267 0.011
5749.62692 17.271 0.011
5749.65060 17.246 0.012
5749.66399 17.261 0.013
5749.69026 17.322 0.017
5749.70308 17.224 0.012
5749.71579 17.278 0.012
5749.72852 17.305 0.014
5749.74131 17.268 0.013
5749.75400 17.249 0.013
5749.76691 17.247 0.013
5749.77983 16.949 0.010
5749.79354 17.320 0.016
5749.80619 17.266 0.015
5749.81960 17.223 0.014
5752.54302 17.239 0.016
5752.59964 17.215 0.016
5752.61221 17.309 0.023
5752.63335 17.272 0.014
5752.64989 17.281 0.013
5752.66321 17.303 0.013
5752.68132 17.318 0.015
5759.79880 17.269 0.015
5759.80404 17.228 0.017
5759.81653 17.263 0.020
5759.82776 17.233 0.017
5760.46213 17.272 0.027
5760.47491 17.255 0.016
5760.48764 17.254 0.015
5760.50003 17.241 0.015
5760.51258 17.185 0.015
5760.52927 17.246 0.014
5760.55636 17.199 0.015
5760.56902 17.258 0.013
5760.58185 17.248 0.014
5760.59450 17.260 0.018
5760.62005 17.223 0.012
5760.63805 17.202 0.013
5760.65077 17.280 0.013
5760.66865 17.301 0.013
5760.68142 17.252 0.012
5760.69619 17.200 0.012
5760.72013 17.243 0.012
5760.73271 17.264 0.012
5760.74550 17.289 0.012
5760.75839 17.259 0.012
5760.77096 17.216 0.012
5760.78353 17.225 0.012
5760.79605 17.261 0.015
5760.80865 17.248 0.012
5760.82109 17.230 0.014
5762.48069 17.285 0.013
5762.49610 17.273 0.013
5762.50867 17.261 0.012
5762.52133 17.308 0.013
5762.53436 17.252 0.012
5762.54695 17.257 0.012
5762.55952 17.234 0.013
5762.57229 17.248 0.012
5762.58859 17.258 0.011
5762.60135 17.266 0.011
5762.61391 17.239 0.013
5762.62696 17.228 0.013
5762.64030 17.254 0.013
5762.65316 17.296 0.012
5762.66672 17.278 0.012
5762.69040 17.252 0.012
5762.70293 17.261 0.012
5762.71586 17.241 0.012
5762.72862 17.236 0.013
5762.74477 17.252 0.015
5762.76430 17.267 0.018
5763.46826 17.255 0.013
5763.47161 17.255 0.013
5763.48422 17.242 0.012
5763.49377 17.257 0.012
5763.49898 17.241 0.011
5763.50501 17.225 0.011
5763.51371 17.250 0.011
5763.52198 17.241 0.010
5763.52883 17.259 0.010
5763.53642 17.236 0.010
5763.54297 17.234 0.009
5763.55594 17.240 0.009
5763.56208 17.239 0.009
5763.57028 17.245 0.009
5763.57796 17.231 0.009
5763.58462 17.251 0.009
5763.60792 17.260 0.010
5763.61793 17.250 0.011
5763.64151 17.235 0.011
5763.64762 17.223 0.010
5763.65816 17.267 0.011
5763.67068 17.221 0.012
5763.68336 17.241 0.011
5763.69851 17.243 0.012
5763.71837 17.264 0.011
5763.73095 17.241 0.013
5763.74346 17.236 0.011
5763.75607 17.210 0.012
5763.76890 17.229 0.014
5763.78147 17.179 0.013
5763.79417 17.218 0.013
5763.80776 17.229 0.015
5763.82038 17.208 0.014
5764.47605 17.265 0.012
5764.49387 17.267 0.012
5764.50680 17.229 0.011
5764.52010 17.241 0.011
5764.53347 17.237 0.010
5764.54662 17.269 0.010
5764.55985 17.263 0.011
5764.57341 17.193 0.011
5764.58720 17.245 0.010
5764.60225 17.227 0.010
5764.62265 17.256 0.010
5764.63543 17.230 0.010
5764.65016 17.260 0.010
5764.66416 17.232 0.009
5764.68323 17.252 0.010
5764.69832 17.254 0.010
5764.71211 17.261 0.010
5764.72649 17.246 0.010
5764.74436 17.258 0.010
5764.77997 17.236 0.012
5765.46577 17.208 0.015
5765.47872 17.207 0.011
5765.49209 17.211 0.011
5765.50579 17.194 0.012
5765.62913 17.259 0.014
5765.64427 17.251 0.010
5765.65774 17.213 0.010
5765.67254 17.247 0.011
5765.68740 17.232 0.011
5765.70196 17.216 0.012
5765.71755 17.226 0.012
5765.73508 17.198 0.012
5765.74784 17.191 0.013
5765.76076 17.244 0.013
5766.46532 17.212 0.016
5766.47817 17.219 0.012
5766.49114 17.227 0.012
5766.50402 17.220 0.010
5766.51709 17.206 0.011
5766.53072 17.216 0.010
5766.55838 17.235 0.012
5766.67517 17.208 0.010
5767.46829 17.292 0.021
5767.48095 17.190 0.013
5767.49531 17.189 0.013
5767.51208 17.188 0.012
5767.52558 17.159 0.012
5767.54089 17.226 0.013
5767.55517 17.223 0.012
5767.56850 17.213 0.010
5767.58426 17.190 0.010
5767.59885 17.206 0.012
5767.65213 17.203 0.011
5767.66705 17.211 0.011
5767.69301 17.206 0.011
5767.70810 17.216 0.012
5767.72087 17.250 0.012
5767.73538 17.188 0.012
5767.74884 17.258 0.016
5767.76294 17.192 0.015
5767.77664 17.192 0.014
5767.79044 17.215 0.014
5767.80409 17.215 0.014
5768.46902 17.218 0.013
5768.48348 17.202 0.011
5768.49608 17.213 0.011
5768.50933 17.201 0.011
5768.52331 17.228 0.011
5769.46919 17.201 0.013
5769.48241 17.226 0.012
5769.49601 17.161 0.011
5769.50864 17.205 0.011
5769.52458 17.191 0.009
5769.53719 17.167 0.010
5769.56259 17.180 0.009
5769.65963 17.217 0.009
5769.67354 17.220 0.009
5769.70913 17.225 0.010
5769.72244 17.227 0.011
5769.73718 17.204 0.011
5769.75150 17.178 0.011
5769.76463 17.160 0.011
5769.78233 17.165 0.012
5770.65205 17.245 0.014
5770.66562 17.174 0.012
5770.72216 17.197 0.011
5770.73676 17.188 0.011
5770.74956 17.182 0.011
5770.76362 17.175 0.011
5775.55120 17.187 0.014
5775.59189 17.147 0.012
5775.60483 17.122 0.012
5775.61804 17.157 0.013
5775.63462 17.200 0.013
5775.67019 17.127 0.010
5775.69524 17.147 0.011
5776.52477 17.172 0.015
5776.53725 17.131 0.014
5776.55566 17.133 0.015
5776.58606 17.203 0.015
5776.60448 17.175 0.014
5776.61972 17.177 0.013
5776.63261 17.160 0.012
5776.64550 17.154 0.011
5776.68552 17.122 0.012
5776.70079 17.107 0.010
5776.72019 17.248 0.017
5776.73490 17.137 0.014
5776.74904 17.129 0.013
5777.47553 17.121 0.010
5777.48957 17.107 0.010
5777.50353 17.114 0.009
5777.52003 17.139 0.009
5777.53973 17.117 0.009
5777.55350 17.133 0.009
5777.57209 17.103 0.009
5777.58622 17.122 0.010
5777.62965 17.142 0.010
5777.65250 17.111 0.009
5777.66641 17.111 0.009
5777.68999 17.120 0.009
5778.47307 17.074 0.014
5778.48721 17.145 0.016
5778.50025 17.171 0.015
5778.52460 17.128 0.013
5778.53924 17.130 0.014
5778.55671 17.175 0.016
5778.57047 17.117 0.011
5778.59144 17.087 0.012
5778.60501 17.103 0.012
5778.61924 17.122 0.011
5779.57959 17.090 0.009
5779.59506 17.110 0.009
5779.60865 17.097 0.009
5779.62513 17.092 0.009
5779.63899 17.085 0.009
5779.65490 17.105 0.010
5779.67937 17.073 0.011
5779.69354 17.065 0.010
5779.70743 17.070 0.010
5779.72034 17.109 0.011
5779.73811 17.081 0.011
5779.75180 17.078 0.011
5784.49996 17.015 0.018
5784.58973 17.056 0.010
5784.70422 17.065 0.019
5785.46958 16.981 0.016
5785.48337 17.021 0.014
5785.51382 17.008 0.014
5785.53351 17.042 0.013
5785.55441 17.045 0.015
5785.57417 17.039 0.013
5785.58601 16.996 0.012
5785.60545 17.023 0.013
5785.62070 17.007 0.012
5785.63515 17.031 0.012
5785.64989 17.033 0.015
5785.66307 17.040 0.013
5785.67616 17.043 0.013
5785.69216 17.049 0.013
5785.70494 17.014 0.014
5785.71795 17.066 0.016
5786.47257 17.026 0.017
5786.48728 17.006 0.018
5786.51686 16.968 0.014
5786.54938 17.064 0.013
5786.56420 17.027 0.013
5786.57905 17.021 0.013
5786.59369 17.031 0.011
5786.60872 17.014 0.011
5786.62331 16.993 0.011
5786.63677 17.009 0.011
5786.65138 16.996 0.010
5786.66587 16.979 0.011
5786.69066 17.013 0.013
5786.70670 17.003 0.013
5786.72277 16.955 0.013
5786.73768 16.972 0.013
5787.47189 16.969 0.012
5787.48496 16.959 0.010
5787.51399 17.004 0.010
5787.54276 17.006 0.010
5787.55605 16.990 0.009
5787.57249 16.986 0.009
5787.58512 16.990 0.009
5787.60033 16.990 0.009
5787.61526 16.987 0.010
5787.63053 16.980 0.009
5787.64302 16.985 0.009
5787.65603 16.987 0.010
5787.66950 16.980 0.010
5787.68436 16.955 0.010
5787.69889 16.952 0.010
5787.71521 16.955 0.011
5787.73302 16.948 0.012
5787.74313 16.951 0.013
5788.47071 16.972 0.015
5788.49005 16.981 0.011
5788.50285 16.979 0.011
5788.52611 16.987 0.011
5788.55333 16.977 0.012
5788.56706 16.971 0.010
5788.58030 16.984 0.010
5788.59328 16.968 0.010
5788.60581 16.972 0.010
5788.61861 16.951 0.010
5788.63408 16.979 0.010
5788.64758 16.960 0.010
5788.66127 16.963 0.010
5788.67482 16.978 0.012
5788.68849 17.013 0.014
5788.70494 17.066 0.018
5788.71857 17.014 0.017
5788.73159 16.980 0.015
5788.74268 16.960 0.014
5790.47166 16.965 0.014
5790.48444 16.942 0.010
5790.50644 16.952 0.011
5790.51909 16.948 0.011
5790.53286 16.949 0.010
5790.55824 16.949 0.011
5790.57119 16.955 0.011
5790.58622 16.918 0.010
5790.59907 16.945 0.011
5790.61290 16.923 0.010
5790.62544 16.945 0.012
5790.63799 16.928 0.010
5790.65359 16.986 0.010
5790.66634 16.953 0.010
5790.67907 16.952 0.010
5790.69376 16.963 0.009
5790.70661 16.999 0.011
5790.71924 16.940 0.010
5790.73196 16.929 0.010
5791.47283 16.891 0.014
5791.48697 16.965 0.011
5791.50985 16.956 0.011
5791.52288 16.972 0.012
5791.56303 16.972 0.009
5791.61187 16.963 0.010
5793.47296 16.913 0.014
5793.48793 16.900 0.010
5793.51313 16.902 0.009
5793.53715 16.909 0.009
5793.55332 16.913 0.009
5793.56627 16.931 0.009
5793.58029 16.927 0.010
5793.59302 16.908 0.009
5793.60852 16.900 0.009
5793.62108 16.910 0.009
5793.63419 16.921 0.009
5793.64707 16.910 0.010
5793.65980 16.910 0.008
5793.67341 16.896 0.009
5793.68608 16.902 0.010
5793.70114 16.903 0.009
5793.71372 16.912 0.010
5793.72787 16.921 0.013
5794.47195 16.954 0.012
5794.48776 16.937 0.011
5794.50179 16.918 0.010
5794.53108 16.937 0.010
5794.55573 16.920 0.009
5794.56902 16.935 0.010
5794.58431 16.901 0.009
5794.59735 16.898 0.011
5794.61017 16.911 0.009
5794.62296 16.908 0.009
5794.63843 16.901 0.009
5794.65207 16.890 0.010
5794.67054 16.912 0.009
5794.68395 16.921 0.009
5794.69891 16.911 0.009
5794.71934 16.930 0.010
5795.52391 16.964 0.012
5795.53833 16.918 0.011
5795.56534 16.942 0.012
5795.58279 16.927 0.012
5795.60821 16.967 0.014
5795.62672 16.915 0.011
5795.63911 16.928 0.011
5795.69510 16.885 0.010
5795.70847 16.905 0.011
5795.72239 16.913 0.011
5795.73217 16.917 0.011
5796.47497 16.868 0.009
5796.49898 16.903 0.010
5796.51242 16.878 0.008
5796.52623 16.896 0.009
5796.56439 16.862 0.010
5796.58199 16.894 0.011
5796.59492 16.896 0.009
5796.60773 16.899 0.009
5796.62105 16.880 0.009
5796.63385 16.890 0.008
5796.64782 16.869 0.009
5796.66235 16.875 0.009
5796.67520 16.907 0.011
5796.69088 16.866 0.010
5796.70385 16.903 0.012
5796.71718 16.922 0.016
5798.67222 16.887 0.013
5798.68484 16.869 0.013
5799.48515 16.874 0.009
5801.47833 16.831 0.010
5801.50286 16.845 0.009
5801.53010 16.794 0.009
5801.54297 16.819 0.010
5801.55580 16.856 0.010
5801.56937 16.829 0.010
5801.58192 16.832 0.009
5801.59486 16.819 0.009
5801.60750 16.839 0.010
5801.62004 16.831 0.010
5801.63283 16.831 0.011
5801.64875 16.833 0.009
5801.66143 16.825 0.010
5801.67439 16.881 0.013
5801.68882 16.819 0.013
5801.70165 16.915 0.016
5802.51898 16.891 0.011
5802.54483 16.797 0.010
5802.56046 16.813 0.009
5802.57581 16.827 0.009
5802.58855 16.812 0.010
5802.64021 16.792 0.010
5803.50572 16.812 0.009
5803.52124 16.817 0.010
5803.53410 16.801 0.010
5803.58795 16.806 0.010
5803.60547 16.794 0.010
5804.47584 16.782 0.009
5804.50080 16.800 0.008
5804.52721 16.796 0.008
5804.54000 16.809 0.008
5804.55269 16.803 0.009
5804.56548 16.805 0.008
5804.58048 16.810 0.008
5804.59320 16.801 0.008
5804.60583 16.808 0.009
5804.61824 16.799 0.008
5804.63106 16.791 0.009
5804.64376 16.779 0.010
5804.65751 16.821 0.012
5804.67521 16.779 0.009
5804.68772 16.789 0.009
5805.48595 16.770 0.008
5805.49851 16.779 0.008
5805.52624 16.786 0.008
5805.53920 16.792 0.008
5805.55184 16.805 0.008
5805.56459 16.770 0.008
5805.57718 16.783 0.008
5805.58973 16.785 0.008
5805.60563 16.794 0.009
5805.62056 16.787 0.009
5805.63603 16.788 0.010
5805.65402 16.806 0.010
5805.67591 16.782 0.011
5806.49167 16.793 0.010
5806.51983 16.803 0.010
5806.53449 16.809 0.010
5806.54903 16.798 0.010
5806.59024 16.809 0.011
5806.61945 16.816 0.009
5807.54569 16.773 0.009
5807.56015 16.765 0.009
5807.57436 16.752 0.010
5807.58727 16.810 0.012
5807.60241 16.782 0.010
5807.61691 16.801 0.011
5807.62956 16.785 0.010
5807.64221 16.788 0.010
5807.65469 16.814 0.012
5812.49250 16.758 0.014
5812.50529 16.766 0.012
5812.51830 16.721 0.011
5812.53277 16.730 0.011
5812.54562 16.720 0.011
5812.55845 16.736 0.012
5812.57202 16.739 0.011
5812.58497 16.702 0.010
5812.59911 16.723 0.011
5812.61195 16.729 0.012
5812.62748 16.706 0.011
5812.64026 16.727 0.011
5812.65321 16.727 0.011
5812.66307 16.734 0.024
5813.46815 16.707 0.019
5813.49847 16.716 0.008
5813.51540 16.720 0.008
5813.53006 16.734 0.009
5813.54463 16.725 0.008
5813.55746 16.716 0.008
5813.57025 16.706 0.008
5813.58293 16.716 0.008
5813.59565 16.706 0.008
5813.60809 16.727 0.008
5813.62072 16.713 0.008
5813.63344 16.699 0.008
5813.64596 16.708 0.008
5813.65759 16.721 0.008
5815.47179 16.707 0.014
5815.49506 16.704 0.009
5815.51275 16.721 0.008
5815.52542 16.708 0.008
5815.53826 16.702 0.008
5815.55120 16.685 0.008
5815.56385 16.718 0.008
5815.58575 16.703 0.008
5815.59846 16.711 0.008
5815.61104 16.724 0.008
5815.62362 16.713 0.008
5815.63622 16.702 0.008
5815.64893 16.718 0.008
5815.66002 16.712 0.008
5816.47308 16.670 0.011
5816.49676 16.675 0.008
5816.50951 16.683 0.008
5816.53140 16.708 0.009
5816.54422 16.671 0.008
5816.55696 16.685 0.009
5816.56958 16.684 0.008
5816.58255 16.668 0.008
5816.59518 16.692 0.008
5816.60791 16.687 0.009
5816.62056 16.682 0.009
5816.63544 16.700 0.011
5817.47580 16.678 0.011
5817.49796 16.690 0.008
5817.51071 16.686 0.008
5817.53262 16.688 0.008
5817.54522 16.716 0.008
5817.55798 16.698 0.008
5817.57057 16.690 0.009
5817.58442 16.680 0.009
5817.59714 16.707 0.010
5817.60964 16.666 0.009
5817.62225 16.697 0.010
5817.63613 16.683 0.010
5817.65041 16.674 0.010
5818.47715 16.738 0.014
5818.50154 16.684 0.008
5818.51408 16.690 0.009
5818.52664 16.691 0.009
5818.53941 16.651 0.009
5818.55216 16.696 0.009
5818.56471 16.672 0.009
5818.57739 16.660 0.009
5818.59054 16.655 0.010
5818.60399 16.700 0.011
5818.61787 16.652 0.011
5818.63222 16.669 0.013
5819.47720 16.644 0.011
5819.48978 16.680 0.009
5819.51369 16.687 0.008
5819.53534 16.673 0.008
5819.54808 16.676 0.008
5819.56055 16.658 0.008
5819.57299 16.686 0.008
5819.58557 16.686 0.008
5819.59823 16.668 0.008
5819.61228 16.651 0.008
5819.62486 16.666 0.008
5819.63812 16.662 0.009
5819.65077 16.675 0.010
5820.47784 16.686 0.013
5820.49139 16.684 0.011
5820.50404 16.673 0.010
5820.51666 16.688 0.009
5820.53847 16.644 0.009
5820.55103 16.668 0.008
5820.56370 16.673 0.009
5820.57618 16.665 0.008
5820.58881 16.655 0.008
5820.60156 16.662 0.009
5820.61410 16.685 0.009
5820.62662 16.669 0.010
5820.63945 16.662 0.010
5820.65035 16.653 0.010
5822.50056 16.710 0.011
5822.55086 16.665 0.009
5822.59625 16.665 0.008
5823.47776 16.650 0.015
5823.52770 16.674 0.010
5823.57107 16.687 0.009
5823.61483 16.696 0.010
5824.49527 16.687 0.009
5824.55116 16.671 0.008
5824.59027 16.654 0.008
5824.62881 16.633 0.009
5825.50984 16.661 0.009
5825.56771 16.683 0.008
5826.49083 16.684 0.009
5826.53960 16.671 0.009
5826.57821 16.662 0.009
5827.47921 16.729 0.015
5827.51688 16.700 0.011
5827.55497 16.692 0.010
5827.59730 16.655 0.010
5828.47886 16.667 0.010
5828.53041 16.673 0.008
5828.56819 16.662 0.008
5828.60570 16.649 0.008
5829.49416 16.669 0.009
5829.54107 16.670 0.008
5829.57905 16.656 0.008
5829.61718 16.625 0.008
5830.51615 16.648 0.008
5830.55411 16.678 0.008
5830.59225 16.647 0.009
5831.51524 16.671 0.008
5831.55287 16.672 0.008
5831.59019 16.666 0.008
5832.48027 16.666 0.009
5832.53625 16.661 0.008
5832.57753 16.652 0.009
5833.48267 16.656 0.010
5833.53420 16.670 0.008
5833.57388 16.663 0.008
5834.48302 16.670 0.009
5834.53340 16.662 0.008
5834.57125 16.661 0.008
5835.51437 16.705 0.011
5835.55812 16.705 0.011
5836.51697 16.685 0.011
5839.51164 16.661 0.010
5839.54901 16.659 0.010
5839.58523 16.686 0.011
5840.49480 16.664 0.010
5840.54712 16.670 0.008
5840.59574 16.657 0.010
5841.49596 16.658 0.011
5841.53543 16.675 0.010
5841.57913 16.666 0.010
5842.54200 16.709 0.011
5842.58413 16.681 0.011
5843.49441 16.651 0.009
5843.53693 16.648 0.010
5843.58189 16.662 0.012
5844.48192 16.720 0.017
5844.52324 16.660 0.009
5844.56291 16.698 0.012
5845.48424 16.639 0.012
5845.52398 16.649 0.011
5845.56394 16.657 0.010
5846.48409 16.688 0.020
5846.52597 16.672 0.011
5846.56493 16.635 0.013
5847.55354 16.640 0.013
5850.53713 16.589 0.008
5851.48566 16.571 0.011
5851.52603 16.580 0.009
5851.56367 16.523 0.009
5852.51509 16.540 0.010
5852.55580 16.582 0.011
5854.52022 16.515 0.010
5856.49452 16.470 0.010
5856.54318 16.374 0.011
5858.52097 16.427 0.012
5859.51723 16.337 0.008
5860.49262 16.305 0.011
5860.53035 16.303 0.008
5862.49374 16.235 0.008
5866.50000 16.022 0.009
5866.52461 16.008 0.008
5867.49956 15.900 0.007
5868.50268 15.834 0.008
5870.49799 15.691 0.007
5871.49795 15.615 0.007
5871.51024 15.579 0.006
5872.49776 15.537 0.007
5873.49894 15.462 0.007
5874.50236 15.364 0.008
5959.88221 14.940 0.005
5960.87688 14.976 0.005
5961.87205 14.970 0.005
5962.87670 14.980 0.005
5963.87737 14.986 0.005
5964.87243 14.991 0.005
5965.87980 15.037 0.005
5967.88485 15.050 0.005
5968.87784 15.051 0.005
5969.87141 15.065 0.005
5970.88795 15.080 0.005
5971.88777 15.095 0.005
5976.85065 15.149 0.005
5976.89432 15.152 0.005
5977.84269 15.158 0.005
5977.88842 15.167 0.005
5978.86087 15.167 0.005
5978.89862 15.182 0.005
5979.85242 15.164 0.005
5979.89057 15.178 0.005
5981.82352 15.189 0.005
5982.82857 15.198 0.005
5982.88601 15.216 0.005
5983.83024 15.218 0.005
5983.87766 15.221 0.005
5984.81627 15.224 0.005
5984.85073 15.244 0.005
5984.89833 15.251 0.005
5985.83462 15.244 0.005
5985.87306 15.267 0.005
5986.81198 15.227 0.005
5986.84323 15.258 0.005
5986.89063 15.263 0.005
5987.82097 15.274 0.005
5987.85751 15.283 0.005
5988.80672 15.283 0.005
5988.84440 15.280 0.005
5988.89172 15.298 0.005
5989.81435 15.287 0.005
5989.85584 15.296 0.005
5989.89409 15.307 0.005
5990.81882 15.302 0.005
5990.86026 15.300 0.005
5991.80005 15.316 0.005
5991.83478 15.322 0.005
5991.88642 15.310 0.005
5992.80428 15.330 0.005
5992.85191 15.334 0.005
5992.90702 15.348 0.005
5993.81008 15.337 0.005
5993.84929 15.345 0.005
5993.89241 15.356 0.005
5994.79682 15.328 0.005
5994.84338 15.352 0.005
5994.89429 15.355 0.005
5995.79250 15.361 0.005
5995.82307 15.374 0.005
5995.86863 15.373 0.005
5995.90683 15.365 0.005
5996.81127 15.381 0.005
5996.84886 15.365 0.005
5996.89560 15.381 0.005
5997.80468 15.368 0.005
5997.84336 15.383 0.005
5997.89102 15.388 0.005
5998.78091 15.373 0.005
5998.81956 15.404 0.005
5998.87117 15.390 0.005
5998.90886 15.401 0.005
5999.80341 15.414 0.005
5999.85198 15.427 0.005
5999.89017 15.425 0.005
6002.80003 15.444 0.006
6002.83289 15.446 0.006
6002.87363 15.461 0.006
6003.81209 15.468 0.006
6003.88561 15.446 0.005
6004.77072 15.456 0.005
6004.81853 15.472 0.005
6004.86710 15.466 0.005
6004.90471 15.486 0.005
6005.77220 15.475 0.005
6005.81553 15.483 0.005
6005.87102 15.493 0.005
6005.91849 15.496 0.005
6006.78999 15.513 0.005
6006.83896 15.519 0.005
6006.88797 15.528 0.005
6007.75604 15.489 0.005
6007.78977 15.507 0.005
6007.84690 15.517 0.005
6007.88493 15.494 0.005
6007.92258 15.512 0.006
6008.77372 15.505 0.005
6008.82108 15.524 0.005
6008.87037 15.531 0.005
6008.90871 15.534 0.005
6009.75974 15.538 0.005
6009.80975 15.547 0.005
6009.85816 15.552 0.005
6009.89558 15.530 0.005
6010.74328 15.535 0.005
6010.77950 15.535 0.005
6010.82846 15.530 0.005
6010.87767 15.558 0.005
6010.91594 15.559 0.005
6011.76559 15.560 0.005
6011.82609 15.561 0.005
6011.88351 15.567 0.006
6011.92173 15.565 0.006
6012.76974 15.555 0.005
6012.81035 15.567 0.005
6012.86868 15.582 0.005
6012.90657 15.579 0.005
6013.76547 15.556 0.005
6013.80425 15.556 0.005
6013.86574 15.571 0.005
6013.90702 15.550 0.005
6014.74172 15.579 0.005
6014.78058 15.585 0.005
6014.83997 15.578 0.005
6014.87937 15.592 0.005
6015.75853 15.591 0.005
6015.79741 15.599 0.005
6015.88693 15.623 0.005
6016.73615 15.605 0.005
6016.77694 15.641 0.005
6016.81721 15.630 0.005
6016.87995 15.634 0.005
6016.92175 15.619 0.005
6017.75231 15.628 0.005
6017.79044 15.618 0.005
6017.82974 15.628 0.005
6017.88728 15.626 0.005
6018.72050 15.629 0.005
6018.77930 15.632 0.005
6018.81809 15.616 0.005
6018.85844 15.620 0.005
6018.92420 15.635 0.006
6019.74621 15.611 0.005
6019.78560 15.642 0.005
6019.84285 15.648 0.005
6019.88062 15.646 0.005
6019.92055 15.634 0.005
6020.73857 15.644 0.005
6020.77649 15.646 0.005
6020.83244 15.650 0.005
6020.87147 15.664 0.005
6020.91208 15.661 0.005
6021.72100 15.655 0.006
6021.75978 15.661 0.005
6021.79801 15.643 0.005
6021.83755 15.660 0.005
6021.89494 15.671 0.005
6022.70810 15.642 0.006
6022.74658 15.669 0.005
6022.78480 15.688 0.005
6022.82383 15.686 0.006
6022.88093 15.672 0.005
6022.92292 15.689 0.006
6023.74077 15.680 0.005
6023.78074 15.692 0.005
6023.82103 15.699 0.005
6023.86273 15.689 0.005
6023.92919 15.695 0.007
6024.72603 15.690 0.006
6024.76700 15.696 0.006
6024.82757 15.706 0.005
6024.86811 15.712 0.005
6024.91838 15.713 0.006
6025.72382 15.724 0.006
6025.76568 15.720 0.006
6025.80430 15.747 0.007
6025.85922 15.729 0.006
6031.74869 15.769 0.006
6031.76311 15.770 0.006
6031.77596 15.779 0.006
6031.78856 15.764 0.006
6031.80255 15.765 0.005
6031.81535 15.776 0.005
6031.82810 15.776 0.006
6031.84351 15.775 0.005
6031.85659 15.772 0.006
6031.86940 15.796 0.006
6031.88430 15.857 0.007
6031.90784 15.796 0.007
6031.93022 15.801 0.007
6032.67949 15.777 0.006
6032.69202 15.793 0.006
6032.70683 15.764 0.006
6032.71947 15.775 0.006
6032.73232 15.786 0.005
6032.74487 15.788 0.005
6032.76731 15.782 0.005
6032.78033 15.802 0.005
6032.80291 15.784 0.005
6032.81574 15.799 0.005
6032.82857 15.790 0.006
6032.84380 15.796 0.005
6032.85607 15.804 0.005
6032.87177 15.794 0.005
6032.88492 15.794 0.005
6032.89960 15.795 0.005
6032.91260 15.809 0.005
6032.92545 15.794 0.006
6033.69151 15.786 0.006
6033.70487 15.791 0.006
6033.72184 15.775 0.006
6033.73823 15.806 0.006
6033.75333 15.793 0.006
6033.76692 15.791 0.006
6033.77984 15.803 0.006
6033.80985 15.802 0.006
6033.83797 15.802 0.006
6033.85087 15.814 0.006
6033.86397 15.818 0.005
6033.87693 15.800 0.005
6033.89244 15.815 0.006
6033.90582 15.804 0.006
6033.91840 15.804 0.006
6033.93101 15.830 0.008
6034.68732 15.815 0.006
6034.70128 15.820 0.005
6034.71686 15.810 0.005
6034.73401 15.824 0.005
6034.74974 15.811 0.005
6034.76460 15.832 0.005
6034.77975 15.826 0.005
6034.79361 15.838 0.005
6034.82003 15.836 0.005
6034.89425 15.849 0.006
6034.90959 15.839 0.006
6034.92211 15.833 0.006
6035.83547 15.838 0.005
6035.84845 15.846 0.005
6035.86590 15.845 0.005
6035.89303 15.829 0.006
6035.91777 15.850 0.006
6035.93041 15.831 0.006
6036.69526 15.819 0.006
6036.70833 15.830 0.006
6036.72293 15.835 0.005
6036.73759 15.843 0.005
6036.75248 15.841 0.005
6036.76694 15.827 0.005
6036.78947 15.855 0.005
6036.81459 15.870 0.005
6036.82864 15.864 0.005
6036.84327 15.846 0.005
6036.85862 15.852 0.005
6036.87455 15.858 0.005
6036.89772 15.860 0.005
6036.91085 15.845 0.005
6036.93032 15.858 0.006
6037.70879 15.846 0.006
6037.72213 15.837 0.006
6037.73681 15.853 0.006
6037.74940 15.854 0.006
6037.76347 15.864 0.006
6037.77760 15.853 0.006
6037.79311 15.861 0.006
6037.81713 15.859 0.006
6038.70477 15.851 0.007
6038.71771 15.866 0.006
6038.73237 15.855 0.006
6038.74671 15.863 0.006
6038.75932 15.852 0.006
6038.77258 15.865 0.006
6038.79623 15.866 0.006
6038.92023 15.884 0.006
6038.93417 15.877 0.008
6039.70755 15.885 0.007
6039.72715 15.865 0.006
6039.74079 15.859 0.006
6039.75338 15.870 0.006
6039.77038 15.877 0.006
6039.78705 15.875 0.006
6039.80002 15.880 0.006
6039.82457 15.885 0.006
6039.89163 15.875 0.006
6039.90475 15.890 0.006
6039.91739 15.904 0.006
6039.92990 15.890 0.006
6040.73253 15.893 0.006
6040.74510 15.901 0.006
6040.75812 15.896 0.006
6040.77351 15.893 0.006
6040.78708 15.899 0.006
6040.80002 15.904 0.006
6040.81359 15.899 0.006
6040.83822 15.900 0.006
6040.86269 15.898 0.006
6040.87823 15.888 0.006
6040.89149 15.897 0.006
6040.90423 15.901 0.006
6040.91671 15.892 0.006
6040.92955 15.895 0.006
6041.70454 15.896 0.006
6041.72021 15.894 0.006
6041.73667 15.912 0.007
6041.75084 15.900 0.006
6041.76547 15.902 0.006
6041.78212 15.910 0.006
6041.79505 15.911 0.006
6041.81726 15.911 0.006
6041.83110 15.907 0.006
6041.85585 15.924 0.006
6041.86999 15.923 0.006
6041.88460 15.921 0.006
6041.89712 15.915 0.006
6041.91019 15.923 0.006
6041.92288 15.906 0.006
6045.89160 15.967 0.006
6045.90427 15.966 0.006
6045.91687 15.975 0.006
6045.92928 15.950 0.006
6046.87315 15.979 0.006
6046.88737 15.985 0.006
6046.90134 15.986 0.006
6046.91375 15.973 0.006
6046.92630 15.970 0.006
6046.93882 15.973 0.008
6047.67588 15.991 0.006
6047.68984 15.975 0.006
6047.70232 15.988 0.007
6047.71502 15.977 0.006
6047.72748 15.996 0.006
6047.74122 15.978 0.006
6047.75452 15.990 0.006
6047.76784 15.982 0.006
6047.78028 15.982 0.006
6047.79408 15.997 0.006
6047.84092 16.001 0.006
6047.86721 16.006 0.006
6047.88088 16.009 0.006
6047.89373 16.013 0.006
6047.90856 16.018 0.006
6047.92152 15.997 0.006
6047.93418 15.997 0.007
6048.68108 16.014 0.006
6048.69379 15.987 0.006
6048.70760 15.978 0.006
6048.72019 16.002 0.006
6048.73411 16.002 0.006
6048.75980 16.001 0.006
6048.77236 16.019 0.006
6049.67643 15.992 0.006
6049.69007 16.016 0.006
6049.70251 16.009 0.006
6049.72935 16.024 0.006
6049.74289 16.021 0.006
6049.75616 16.013 0.006
6049.77987 16.016 0.006
6049.87087 16.037 0.006
6049.88370 16.028 0.006
6049.89655 16.041 0.006
6049.90996 16.034 0.006
6049.92292 16.046 0.006
6049.93571 16.032 0.007
6050.65161 16.023 0.007
6050.66625 16.045 0.007
6050.67888 16.034 0.006
6050.69183 16.027 0.007
6050.70455 16.023 0.006
6050.71813 16.016 0.006
6050.73090 16.037 0.006
6051.64930 16.013 0.007
6051.66097 16.038 0.006
6051.67388 16.039 0.006
6051.72476 16.064 0.006
6051.73748 16.023 0.006
6051.75029 16.039 0.006
6052.64928 16.028 0.007
6052.66207 16.046 0.007
6052.67474 16.059 0.007
6052.68749 16.064 0.006
6052.70013 16.056 0.007
6052.72265 16.058 0.007
6052.74507 16.057 0.006
6052.75775 16.040 0.006
6052.77084 16.064 0.006
6052.78389 16.072 0.006
6052.79690 16.057 0.006
6052.80993 16.063 0.006
6052.82443 16.050 0.006
6052.83736 16.061 0.006
6052.85090 16.045 0.006
6052.86373 16.066 0.006
6052.87701 16.063 0.006
6052.88968 16.065 0.006
6052.90259 16.062 0.006
6052.91538 16.061 0.006
6052.92823 16.054 0.006
6052.94100 16.090 0.009
6053.64791 16.060 0.008
6053.65634 16.083 0.007
6053.66934 16.063 0.007
6053.68404 16.061 0.007
6053.69670 16.068 0.007
6053.70937 16.075 0.007
6053.72192 16.073 0.006
6053.73443 16.056 0.006
6053.75684 16.072 0.006
6053.77881 16.071 0.006
6053.79182 16.049 0.006
6053.87442 16.059 0.007
6053.88847 16.089 0.007
6053.90111 16.080 0.007
6053.91422 16.059 0.008
6053.92754 16.087 0.007
6054.86431 16.079 0.006
6054.87607 16.079 0.007
6054.88591 16.107 0.007
6054.89746 16.091 0.007
6054.90748 16.067 0.007
6056.86877 16.095 0.008
6057.67264 16.114 0.008
6057.73463 16.127 0.008
6057.76573 16.119 0.008
6057.80562 16.115 0.007
6057.83296 16.140 0.007
6057.86585 16.133 0.007
6057.89729 16.135 0.007
6057.91192 16.131 0.007
6057.93057 16.125 0.007
6058.66324 16.142 0.007
6058.68593 16.133 0.007
6058.69972 16.136 0.007
6058.71251 16.120 0.007
6058.72717 16.109 0.008
6058.73962 16.117 0.007
6058.75229 16.144 0.006
6058.76483 16.144 0.006
6058.84297 16.137 0.007
6058.87027 16.157 0.007
6058.88464 16.144 0.006
6058.89724 16.138 0.006
6058.91020 16.139 0.007
6058.92311 16.154 0.007
6058.93720 16.114 0.008
6059.65909 16.140 0.006
6059.67939 16.141 0.007
6059.69198 16.148 0.007
6059.70535 16.143 0.006
6059.71781 16.144 0.007
6059.73064 16.140 0.007
6059.74332 16.163 0.007
6059.75606 16.157 0.007
6059.76905 16.154 0.006
6059.78217 16.151 0.006
6059.80545 16.153 0.006
6059.82921 16.167 0.006
6059.84221 16.143 0.006
6059.85520 16.143 0.006
6059.86801 16.154 0.006
6059.88122 16.147 0.006
6059.89416 16.152 0.006
6059.90690 16.148 0.007
6059.92010 16.137 0.006
6059.93322 16.154 0.007
6060.77308 16.183 0.006
6060.78945 16.174 0.006
6060.80613 16.196 0.006
6061.66844 16.187 0.007
6061.68154 16.166 0.007
6061.69455 16.188 0.007
6061.70737 16.181 0.007
6061.72027 16.181 0.007
6061.73336 16.189 0.007
6061.75699 16.191 0.006
6061.77985 16.193 0.006
6061.79430 16.179 0.006
6061.80796 16.192 0.007
6061.82163 16.168 0.006
6061.83432 16.183 0.006
6061.84688 16.191 0.006
6061.85972 16.178 0.007
6061.87221 16.182 0.007
6061.88514 16.193 0.007
6061.89801 16.180 0.007
6061.91101 16.205 0.007
6061.92367 16.174 0.006
6061.93680 16.180 0.007
6062.64739 16.159 0.007
6062.66152 16.187 0.007
6062.67619 16.179 0.007
6062.69089 16.181 0.007
6062.70402 16.193 0.007
6062.71734 16.194 0.007
6062.73039 16.193 0.007
6062.74335 16.184 0.007
6062.75619 16.196 0.007
6062.76887 16.197 0.007
6062.79297 16.189 0.007
6062.81708 16.214 0.007
6062.83107 16.191 0.007
6062.84414 16.208 0.006
6062.85704 16.198 0.007
6062.86976 16.185 0.007
6062.88247 16.207 0.007
6062.89509 16.181 0.007
6062.90779 16.211 0.007
6062.92044 16.192 0.008
6062.93295 16.199 0.007
6063.73515 16.228 0.008
6063.77218 16.212 0.008
6063.78534 16.230 0.008
6063.80034 16.211 0.007
6063.81330 16.201 0.007
6063.82592 16.207 0.008
6063.83885 16.232 0.008
6063.86164 16.215 0.007
6063.87464 16.207 0.007
6063.89656 16.217 0.007
6063.90913 16.214 0.007
6063.92180 16.201 0.007
6063.93511 16.217 0.007
6064.65976 16.217 0.007
6064.71024 16.222 0.006
6064.72301 16.229 0.006
6064.73591 16.228 0.006
6064.74873 16.211 0.006
6064.77150 16.224 0.006
6064.79729 16.236 0.006
6064.81315 16.217 0.006
6064.82587 16.229 0.006
6064.83934 16.226 0.006
6064.85278 16.222 0.006
6064.86588 16.221 0.007
6064.88182 16.208 0.006
6064.89452 16.232 0.007
6064.90784 16.230 0.006
6064.92031 16.220 0.007
6064.93303 16.221 0.007
6065.61577 16.249 0.008
6065.63078 16.220 0.007
6065.64349 16.229 0.007
6065.65604 16.228 0.007
6065.66894 16.235 0.007
6065.68195 16.226 0.007
6065.69466 16.234 0.006
6065.70743 16.233 0.006
6065.72988 16.216 0.006
6065.74272 16.248 0.006
6065.76817 16.242 0.007
6065.78114 16.251 0.006
6065.79622 16.233 0.007
6065.80955 16.247 0.007
6065.82237 16.236 0.007
6065.83559 16.254 0.007
6065.84862 16.244 0.006
6066.60625 16.229 0.007
6066.62068 16.226 0.007
6066.63325 16.247 0.007
6066.64580 16.238 0.006
6066.65848 16.243 0.007
6066.67118 16.235 0.006
6066.68389 16.242 0.006
6066.69658 16.247 0.006
6066.70918 16.248 0.007
6066.72196 16.249 0.007
6066.74665 16.248 0.006
6066.75960 16.256 0.006
6066.78643 16.228 0.006
6066.80037 16.239 0.007
6066.81360 16.262 0.007
6066.82652 16.250 0.006
6066.84157 16.264 0.006
6066.85426 16.251 0.006
6066.86891 16.264 0.006
6066.88190 16.254 0.006
6066.89446 16.241 0.006
6066.90720 16.255 0.007
6066.92010 16.265 0.006
6066.93262 16.252 0.007
6066.94524 16.248 0.008
6067.59244 16.252 0.008
6067.60636 16.255 0.007
6067.61902 16.274 0.007
6067.63161 16.246 0.006
6067.64678 16.260 0.007
6067.65963 16.261 0.007
6067.67243 16.257 0.007
6067.68499 16.256 0.007
6067.69772 16.263 0.007
6067.71074 16.271 0.006
6067.72348 16.254 0.006
6067.74665 16.271 0.006
6067.75972 16.269 0.006
6067.77328 16.271 0.007
6067.79794 16.246 0.007
6067.82408 16.262 0.006
6067.83682 16.277 0.006
6067.85044 16.265 0.006
6067.86302 16.281 0.007
6067.87569 16.280 0.007
6067.88828 16.265 0.007
6067.90102 16.265 0.006
6067.91352 16.260 0.006
6067.92614 16.247 0.008
6067.93877 16.278 0.007
6068.60618 16.278 0.007
6068.62783 16.273 0.007
6068.64233 16.310 0.007
6068.66286 16.286 0.007
6068.67849 16.288 0.007
6068.69559 16.282 0.007
6068.70958 16.300 0.007
6068.72534 16.291 0.007
6068.73980 16.288 0.006
6068.76175 16.292 0.006
6068.78203 16.280 0.006
6068.82326 16.298 0.006
6068.83745 16.297 0.006
6068.85175 16.289 0.006
6068.86619 16.282 0.006
6068.88221 16.281 0.006
6068.89647 16.292 0.007
6068.91225 16.277 0.007
6068.92623 16.283 0.007
6069.60003 16.272 0.007
6069.61444 16.283 0.007
6069.62924 16.294 0.007
6069.66055 16.284 0.007
6069.67299 16.302 0.006
6069.68569 16.304 0.006
6069.70044 16.289 0.005
6069.71472 16.290 0.006
6069.72746 16.297 0.006
6069.73992 16.288 0.006
6069.76480 16.315 0.006
6069.77982 16.302 0.006
6069.80712 16.300 0.007
6069.82142 16.294 0.006
6069.83605 16.309 0.006
6069.84880 16.296 0.006
6069.86392 16.277 0.006
6069.87664 16.315 0.006
6069.88934 16.305 0.007
6069.90210 16.321 0.006
6069.91489 16.304 0.006
6069.92746 16.302 0.006
6069.94027 16.312 0.007
6070.58385 16.321 0.008
6070.59683 16.302 0.008
6070.60969 16.321 0.008
6070.62242 16.329 0.008
6070.63507 16.310 0.008
6070.64780 16.293 0.007
6070.66053 16.314 0.007
6070.67490 16.307 0.007
6070.68762 16.304 0.007
6070.70041 16.297 0.007
6070.71327 16.285 0.007
6070.72587 16.298 0.007
6070.73835 16.299 0.007
6070.76157 16.289 0.007
6070.77463 16.307 0.007
6070.79888 16.310 0.007
6070.81195 16.299 0.007
6070.82468 16.290 0.007
6070.83713 16.297 0.007
6070.85173 16.301 0.007
6070.86456 16.326 0.007
6070.87728 16.301 0.007
6070.89029 16.324 0.007
6070.90304 16.298 0.007
6070.91674 16.297 0.007
6070.92941 16.300 0.007
6070.94223 16.290 0.008
6071.58262 16.318 0.008
6071.59708 16.302 0.007
6071.60966 16.312 0.007
6071.62240 16.310 0.007
6071.64888 16.299 0.007
6071.66339 16.335 0.007
6071.67597 16.307 0.007
6071.68853 16.322 0.007
6071.70107 16.312 0.006
6071.71463 16.316 0.007
6071.72724 16.336 0.007
6071.74891 16.330 0.007
6071.76252 16.313 0.007
6071.79062 16.314 0.007
6071.80346 16.322 0.007
6071.81633 16.317 0.007
6071.83044 16.306 0.007
6071.84296 16.312 0.007
6071.85562 16.314 0.007
6071.86856 16.312 0.007
6071.88115 16.336 0.007
6071.89398 16.325 0.007
6071.90651 16.333 0.008
6071.91893 16.344 0.008
6071.93147 16.313 0.008
6071.94382 16.339 0.010
6072.61801 16.308 0.007
6075.59248 16.396 0.007
6075.60665 16.381 0.007
6075.61925 16.378 0.007
6075.63185 16.377 0.007
6075.64479 16.396 0.006
6075.65766 16.385 0.007
6075.67030 16.397 0.007
6075.68308 16.385 0.007
6075.69909 16.381 0.007
6075.71175 16.393 0.007
6075.73388 16.387 0.007
6075.75231 16.393 0.007
6075.77593 16.378 0.007
6075.78865 16.391 0.007
6075.80163 16.391 0.006
6075.81440 16.400 0.006
6075.82818 16.384 0.007
6075.84083 16.389 0.007
6075.85348 16.386 0.007
6075.87264 16.407 0.007
6076.57101 16.379 0.008
6076.58371 16.414 0.008
6076.59627 16.383 0.007
6076.60916 16.394 0.007
6076.62196 16.374 0.007
6076.63789 16.377 0.008
6076.65081 16.385 0.007
6076.67215 16.394 0.007
6076.68469 16.373 0.007
6076.69746 16.397 0.007
6076.71927 16.399 0.007
6076.73190 16.395 0.007
6076.75453 16.403 0.007
6076.76786 16.382 0.007
6076.78093 16.392 0.007
6076.79401 16.384 0.007
6076.80689 16.383 0.007
6076.81964 16.371 0.007
6076.83239 16.390 0.007
6076.84906 16.395 0.007
6076.86897 16.392 0.007
6076.88176 16.378 0.007
6076.89553 16.388 0.008
6076.91465 16.389 0.007
6076.92733 16.410 0.008
6076.93971 16.390 0.009
6077.68381 16.405 0.006
6077.70822 16.434 0.007
6077.72285 16.383 0.007
6077.75592 16.431 0.007
6077.77077 16.417 0.007
6077.79364 16.428 0.006
6077.81487 16.401 0.006
6077.82839 16.429 0.007
6077.84116 16.414 0.007
6077.85591 16.411 0.007
6077.86858 16.412 0.007
6077.88472 16.412 0.007
6077.89728 16.418 0.007
6077.91002 16.420 0.007
6077.92262 16.395 0.007
6077.93594 16.403 0.008
6078.59268 16.416 0.008
6078.60545 16.434 0.008
6078.61780 16.430 0.007
6078.63030 16.426 0.008
6078.64323 16.434 0.007
6078.65591 16.447 0.008
6078.66882 16.424 0.007
6078.68162 16.430 0.007
6078.71854 16.439 0.007
6078.77127 16.428 0.007
6078.81125 16.431 0.007
6078.82393 16.429 0.007
6078.83652 16.420 0.007
6078.85152 16.423 0.007
6078.86804 16.417 0.007
6078.88069 16.424 0.007
6078.89345 16.412 0.007
6078.90620 16.424 0.007
6078.92021 16.444 0.008
6079.55638 16.417 0.008
6079.56890 16.415 0.008
6079.58151 16.432 0.007
6079.59565 16.455 0.007
6079.60822 16.437 0.007
6079.62077 16.441 0.007
6079.63337 16.436 0.007
6079.64609 16.453 0.007
6079.65873 16.439 0.007
6079.67152 16.431 0.007
6079.69201 16.449 0.007
6079.71212 16.448 0.007
6079.75765 16.459 0.007
6079.77236 16.456 0.007
6079.78559 16.443 0.007
6079.81151 16.443 0.007
6079.83671 16.436 0.007
6079.84957 16.458 0.007
6079.86219 16.458 0.007
6079.87478 16.446 0.007
6079.88738 16.454 0.007
6079.90204 16.428 0.007
6079.91458 16.425 0.007
6079.92718 16.418 0.007
6079.94081 16.436 0.008
6080.56585 16.433 0.008
6080.57853 16.477 0.008
6080.59118 16.455 0.008
6080.60383 16.459 0.008
6080.61657 16.457 0.008
6080.62934 16.470 0.008
6080.64207 16.462 0.008
6080.65478 16.434 0.008
6080.67233 16.450 0.008
6080.68615 16.463 0.007
6080.70299 16.467 0.007
6080.71770 16.450 0.007
6080.73050 16.452 0.008
6080.74435 16.450 0.007
6080.75774 16.447 0.007
6080.77121 16.453 0.007
6080.78404 16.453 0.008
6080.79705 16.437 0.007
6080.81941 16.452 0.007
6080.83234 16.438 0.007
6080.85438 16.449 0.008
6080.89529 16.455 0.008
6080.91190 16.450 0.007
6080.93710 16.434 0.008
6080.94960 16.442 0.011
6081.56111 16.467 0.009
6081.57576 16.463 0.008
6081.58846 16.462 0.008
6081.60093 16.463 0.008
6081.61356 16.449 0.009
6081.62625 16.459 0.008
6081.64037 16.482 0.009
6081.65445 16.471 0.008
6081.66731 16.474 0.008
6081.67976 16.465 0.008
6081.69990 16.453 0.007
6081.71268 16.475 0.007
6081.72531 16.472 0.008
6081.73829 16.465 0.008
6081.75194 16.462 0.008
6081.77430 16.469 0.007
6081.78688 16.473 0.007
6081.80670 16.479 0.008
6081.82268 16.459 0.008
6081.83563 16.467 0.007
6081.84995 16.469 0.008
6081.86286 16.451 0.008
6081.87576 16.465 0.008
6081.88857 16.461 0.009
6081.91098 16.482 0.009
6081.92391 16.481 0.010
6081.93657 16.455 0.009
6081.94885 16.380 0.014
6082.59459 16.503 0.009
6082.60753 16.515 0.010
6082.62025 16.487 0.009
6082.63332 16.504 0.011
6082.64624 16.539 0.011
6082.65936 16.546 0.012
6082.67295 16.498 0.011
6082.69732 16.483 0.010
6082.71010 16.511 0.010
6082.72309 16.471 0.010
6082.73457 16.498 0.011
6082.78140 16.500 0.011
6082.80043 16.497 0.010
6082.81194 16.494 0.010
6082.82577 16.490 0.009
6082.83849 16.502 0.009
6082.84987 16.488 0.010
6082.86277 16.491 0.010
6082.87546 16.471 0.011
6082.89152 16.478 0.012
6082.90745 16.486 0.012
6085.55744 16.470 0.009
6085.57078 16.517 0.008
6085.58353 16.494 0.009
6085.59639 16.494 0.011
6085.62233 16.520 0.008
6085.63344 16.511 0.008
6085.64607 16.524 0.008
6085.65865 16.514 0.008
6085.66969 16.503 0.008
6085.68091 16.525 0.008
6085.69209 16.522 0.008
6085.71125 16.523 0.009
6085.74272 16.542 0.012
6085.75654 16.518 0.008
6085.76987 16.542 0.008
6085.78264 16.529 0.008
6085.79532 16.521 0.008
6085.80826 16.527 0.008
6085.82153 16.522 0.010
6085.83419 16.516 0.009
6085.84702 16.504 0.012
6085.86126 16.518 0.011
6085.87399 16.531 0.012
6085.88663 16.518 0.010
6085.91435 16.517 0.010
6085.92691 16.510 0.010
6086.55040 16.520 0.008
6086.56390 16.521 0.008
6086.57656 16.538 0.008
6086.59128 16.538 0.008
6086.60428 16.541 0.008
6086.61701 16.547 0.008
6086.63371 16.550 0.008
6086.64738 16.526 0.007
6086.66006 16.528 0.007
6086.67371 16.525 0.008
6086.68638 16.530 0.007
6086.70892 16.543 0.007
6086.72303 16.555 0.007
6086.74949 16.546 0.007
6086.76239 16.550 0.008
6086.77512 16.547 0.007
6086.78780 16.554 0.008
6086.80055 16.562 0.008
6086.81531 16.518 0.008
6086.83261 16.560 0.008
6086.85081 16.566 0.008
6086.86485 16.556 0.008
6086.87742 16.551 0.008
6086.89223 16.527 0.008
6086.90740 16.545 0.009
6086.92107 16.542 0.010
6087.80076 16.543 0.008
6087.84045 16.539 0.008
6088.55325 16.548 0.008
6088.56824 16.575 0.008
6088.58083 16.561 0.008
6088.59341 16.564 0.008
6088.60593 16.563 0.007
6088.61914 16.581 0.007
6088.63180 16.573 0.007
6088.64438 16.583 0.008
6088.65701 16.578 0.007
6088.66957 16.574 0.007
6088.68248 16.555 0.007
6089.62300 16.581 0.007
6089.63566 16.601 0.007
6089.64865 16.592 0.007
6089.66208 16.605 0.007
6089.67446 16.615 0.007
6089.68698 16.602 0.007
6089.72163 16.591 0.007
6089.73530 16.608 0.008
6089.75754 16.587 0.007
6089.77107 16.579 0.007
6089.78593 16.608 0.007
6089.79859 16.613 0.008
6089.81128 16.606 0.007
6089.84706 16.599 0.008
6089.86000 16.593 0.008
6089.91021 16.608 0.008
6089.92169 16.612 0.009
6092.56661 16.643 0.008
6092.57917 16.635 0.008
6092.59176 16.635 0.008
6092.60463 16.631 0.008
6092.61722 16.659 0.008
6092.62984 16.684 0.008
6092.64244 16.627 0.007
6092.65757 16.619 0.007
6092.67017 16.647 0.007
6092.75921 16.658 0.007
6092.77536 16.664 0.007
6092.79963 16.642 0.008
6092.85545 16.667 0.008
6092.86918 16.657 0.009
6092.88942 16.662 0.009
6092.90226 16.642 0.009
6093.54455 16.638 0.008
6093.55701 16.639 0.008
6093.57229 16.656 0.008
6093.58612 16.649 0.008
6093.59883 16.660 0.008
6093.61162 16.652 0.008
6093.62417 16.645 0.008
6093.63666 16.667 0.008
6093.64949 16.641 0.008
6093.66214 16.656 0.008
6093.68467 16.659 0.008
6093.69725 16.667 0.008
6093.72263 16.663 0.008
6093.75899 16.664 0.008
6093.77216 16.653 0.009
6093.78458 16.654 0.009
6093.79728 16.662 0.008
6093.80983 16.685 0.010
6093.82459 16.684 0.008
6093.83708 16.682 0.008
6093.85062 16.678 0.009
6093.86316 16.666 0.009
6093.88171 16.668 0.008
6094.54668 16.663 0.009
6094.56102 16.685 0.010
6094.58416 16.680 0.009
6094.61046 16.707 0.009
6094.62300 16.670 0.009
6094.63558 16.679 0.009
6094.64808 16.672 0.008
6094.66058 16.685 0.008
6094.67309 16.658 0.008
6094.68588 16.682 0.008
6094.70871 16.679 0.008
6094.72290 16.681 0.009
6094.74511 16.692 0.008
6094.75749 16.692 0.008
6094.77011 16.675 0.008
6094.78264 16.690 0.008
6094.79582 16.671 0.008
6094.80912 16.674 0.008
6094.82266 16.681 0.008
6094.83543 16.680 0.008
6094.84836 16.706 0.010
6094.86118 16.676 0.008
6094.88541 16.665 0.010
6094.89836 16.671 0.010
6094.90984 16.681 0.010
6096.56860 16.756 0.010
6096.58345 16.704 0.008
6096.59626 16.717 0.008
6096.60990 16.709 0.008
6096.62632 16.706 0.008
6096.64242 16.737 0.008
6096.65507 16.712 0.008
6096.66835 16.701 0.008
6096.68175 16.698 0.008
6096.71688 16.692 0.009
6096.72966 16.709 0.008
6096.74370 16.712 0.009
6096.75635 16.728 0.008
6096.76892 16.689 0.008
6096.78158 16.728 0.008
6096.79568 16.711 0.008
6096.80825 16.690 0.009
6096.82322 16.731 0.009
6096.83656 16.711 0.008
6096.84907 16.725 0.009
6096.86375 16.705 0.010
6096.87639 16.703 0.010
6096.89151 16.709 0.010
6096.90158 16.739 0.012
6097.65860 16.716 0.009
6097.67202 16.716 0.008
6097.70463 16.732 0.009
6097.72248 16.729 0.009
6097.74471 16.738 0.009
6097.75831 16.755 0.009
6097.77082 16.727 0.009
6097.78345 16.715 0.008
6097.79614 16.728 0.008
6097.80864 16.739 0.008
6097.82111 16.741 0.008
6097.83370 16.722 0.009
6097.84626 16.719 0.008
6097.86074 16.721 0.008
6097.87412 16.732 0.009
6097.88667 16.738 0.010
6097.89942 16.711 0.010
6098.54061 16.740 0.009
6098.55526 16.763 0.010
6098.57275 16.768 0.010
6098.58945 16.747 0.008
6098.60405 16.794 0.009
6098.61661 16.765 0.010
6098.62908 16.758 0.008
6098.64166 16.778 0.009
6098.65423 16.764 0.008
6098.66702 16.740 0.008
6098.68017 16.754 0.009
6098.70516 16.749 0.009
6098.72883 16.762 0.008
6098.74320 16.754 0.008
6098.75584 16.760 0.008
6098.76870 16.770 0.008
6098.78359 16.769 0.008
6098.79640 16.758 0.008
6098.80922 16.740 0.008
6098.82246 16.720 0.010
6098.83511 16.726 0.008
6098.84783 16.765 0.008
6098.86046 16.756 0.009
6098.87303 16.743 0.010
6098.88611 16.748 0.010
6098.89580 16.670 0.011
6099.59735 16.740 0.011
6099.63467 16.759 0.009
6099.70542 16.781 0.011
6099.72029 16.814 0.011
6099.74331 16.769 0.010
6099.77444 16.774 0.009
6099.78713 16.755 0.010
6100.50899 16.782 0.010
6100.52233 16.742 0.009
6100.53485 16.793 0.010
6100.56541 16.802 0.010
6100.57797 16.783 0.009
6100.59294 16.764 0.009
6100.60533 16.786 0.009
6100.61784 16.792 0.009
6100.63029 16.762 0.008
6100.64297 16.802 0.008
6100.66496 16.786 0.008
6100.67841 16.779 0.008
6100.70293 16.791 0.008
6100.71633 16.786 0.008
6100.72915 16.784 0.008
6100.74219 16.808 0.008
6100.75474 16.797 0.008
6100.76731 16.809 0.009
6100.77996 16.776 0.010
6100.80246 16.831 0.010
6100.81566 16.816 0.010
6100.83041 16.791 0.009
6100.84310 16.772 0.009
6100.85557 16.808 0.011
6100.86810 16.803 0.011
6100.88070 16.806 0.009
6101.50591 16.804 0.009
6101.51905 16.794 0.009
6101.53172 16.776 0.008
6101.54443 16.801 0.009
6101.55704 16.820 0.009
6101.56952 16.792 0.008
6101.58199 16.796 0.008
6101.59456 16.773 0.008
6101.60756 16.796 0.008
6101.62014 16.794 0.008
6101.63289 16.788 0.008
6101.64709 16.806 0.008
6101.65978 16.796 0.008
6101.67268 16.792 0.008
6101.69938 16.803 0.008
6101.72151 16.792 0.008
6101.73459 16.800 0.008
6101.74723 16.789 0.008
6101.76001 16.817 0.008
6101.77338 16.821 0.008
6101.78595 16.836 0.008
6101.79947 16.821 0.008
6101.81665 16.805 0.009
6101.82985 16.810 0.009
6101.84698 16.799 0.009
6101.85962 16.802 0.010
6102.49792 16.841 0.013
6102.50732 16.874 0.013
6102.52140 16.812 0.011
6102.53385 16.798 0.010
6102.54631 16.826 0.009
6102.55881 16.822 0.009
6102.58179 16.814 0.009
6102.59471 16.807 0.008
6102.61635 16.795 0.008
6102.62945 16.830 0.008
6102.64196 16.830 0.008
6102.65570 16.798 0.008
6102.66846 16.821 0.008
6102.68151 16.811 0.008
6102.69624 16.843 0.008
6102.70897 16.819 0.008
6102.72158 16.819 0.008
6102.73440 16.813 0.008
6102.74690 16.834 0.008
6102.76051 16.823 0.008
6102.77320 16.840 0.008
6102.78704 16.850 0.008
6102.80033 16.801 0.008
6102.81374 16.835 0.008
6102.82750 16.840 0.008
6102.84026 16.793 0.010
6102.85391 16.809 0.009
6102.86809 16.788 0.009
6102.87924 16.792 0.010
6103.48569 16.809 0.011
6103.49544 16.812 0.010
6103.51089 16.777 0.009
6103.52406 16.826 0.009
6103.53781 16.842 0.009
6103.55022 16.850 0.009
6103.56419 16.834 0.008
6103.57739 16.838 0.009
6103.58987 16.838 0.008
6103.60430 16.815 0.008
6103.62810 16.839 0.008
6103.64075 16.850 0.008
6103.66268 16.849 0.008
6103.67524 16.832 0.008
6103.68975 16.847 0.009
6103.70303 16.846 0.008
6103.71589 16.860 0.008
6103.73064 16.873 0.008
6103.74319 16.838 0.008
6103.75576 16.865 0.008
6103.77613 16.822 0.008
6103.79607 16.832 0.008
6103.80930 16.838 0.008
6103.82521 16.829 0.009
6103.84306 16.845 0.009
6104.48651 16.829 0.009
6104.49279 16.854 0.010
6104.51225 16.834 0.008
6104.52472 16.854 0.008
6104.53766 16.853 0.008
6104.55015 16.870 0.008
6104.56276 16.872 0.008
6104.57522 16.871 0.008
6104.58774 16.851 0.008
6104.61137 16.883 0.008
6104.62379 16.862 0.008
6104.64713 16.849 0.008
6104.66047 16.870 0.008
6104.67307 16.865 0.008
6104.68745 16.869 0.008
6104.70059 16.854 0.008
6104.71530 16.854 0.008
6104.72782 16.859 0.008
6104.74171 16.859 0.008
6104.75407 16.855 0.008
6104.76643 16.857 0.008
6104.78121 16.849 0.008
6104.79371 16.847 0.008
6104.80775 16.839 0.008
6104.82079 16.858 0.008
6104.83973 16.848 0.009
6104.85212 16.840 0.008
6104.86784 16.812 0.008
6104.87919 16.808 0.009
6105.48545 16.856 0.013
6105.50218 16.845 0.010
6105.51296 16.873 0.010
6105.52561 16.841 0.011
6105.53826 16.882 0.009
6105.55089 16.966 0.013
6105.56326 16.870 0.009
6105.57856 16.848 0.009
6105.59926 16.924 0.009
6105.62136 16.869 0.008
6105.64809 16.894 0.008
6105.66266 16.867 0.008
6105.67636 16.883 0.010
6105.69023 16.876 0.009
6105.70299 16.874 0.008
6105.71540 16.887 0.008
6105.72986 16.848 0.008
6105.74262 16.868 0.009
6105.75524 16.873 0.010
6105.76953 16.846 0.010
6106.54800 16.968 0.012
6106.62120 16.890 0.010
6106.63385 16.884 0.010
6106.64646 16.902 0.010
6106.68959 16.911 0.011
6108.49814 16.933 0.013
6108.51139 16.927 0.012
6108.52385 16.909 0.010
6108.53634 16.935 0.010
6108.55011 16.925 0.010
6108.56274 16.948 0.009
6108.57537 16.918 0.010
6108.59993 16.928 0.009
6108.61537 16.915 0.009
6108.62890 16.915 0.009
6108.64154 16.927 0.008
6108.66636 16.921 0.008
6108.68216 16.942 0.009
6108.69652 16.928 0.008
6108.70900 16.935 0.008
6108.72166 16.924 0.008
6108.73439 16.934 0.008
6108.74857 16.903 0.008
6108.76117 16.920 0.008
6108.77494 16.932 0.008
6108.78741 16.904 0.008
6108.80436 16.929 0.009
6108.81691 16.942 0.009
6108.82934 16.952 0.009
6108.84194 16.930 0.008
6108.85583 16.909 0.008
6108.86752 16.938 0.010
6109.66220 16.944 0.014
6109.67891 16.976 0.013
6109.69127 16.964 0.010
6109.70220 16.968 0.009
6109.71531 16.939 0.009
6109.72793 16.943 0.010
6109.73952 16.966 0.010
6109.75317 16.956 0.010
6109.76560 16.908 0.012
6109.78308 16.968 0.012
6109.79603 16.994 0.014
6109.80883 16.950 0.011
6109.81997 16.982 0.013
6109.83617 16.841 0.011
6109.84863 16.941 0.011
6109.86009 16.938 0.011
6113.52936 16.992 0.013
6113.54192 17.014 0.012
6113.55896 16.994 0.012
6113.57164 17.013 0.013
6113.58429 17.022 0.012
6113.59689 17.011 0.010
6113.60929 17.027 0.010
6113.62210 17.013 0.010
6113.63510 16.989 0.010
6113.65043 17.036 0.011
6113.66412 17.041 0.011
6113.67755 17.035 0.011
6113.69121 17.016 0.011
6113.70396 17.007 0.010
6113.71654 17.046 0.010
6113.73014 17.011 0.010
6113.74256 17.027 0.010
6113.75501 17.008 0.010
6113.76745 17.006 0.009
6113.78031 16.993 0.010
6113.79275 16.982 0.010
6113.80572 17.023 0.010
6113.81931 17.021 0.011
6113.83345 16.998 0.011
6113.84434 16.997 0.011
6114.54022 17.178 0.019
6114.56743 17.045 0.013
6114.57993 17.063 0.013
6114.59242 17.027 0.012
6114.60507 16.998 0.010
6114.61595 17.006 0.011
6114.62940 17.059 0.011
6114.64370 17.017 0.010
6114.66535 17.042 0.010
6114.67881 17.035 0.011
6114.70084 17.034 0.009
6114.71376 16.997 0.009
6114.72626 17.053 0.009
6114.73899 17.022 0.010
6114.75135 17.070 0.010
6114.76400 17.020 0.009
6114.77734 17.020 0.010
6114.79040 17.052 0.010
6114.80291 17.045 0.010
6114.81553 17.013 0.010
6114.83192 16.984 0.011
6114.84435 16.997 0.013
6115.47717 17.051 0.011
6115.49038 17.032 0.010
6115.50390 17.046 0.010
6115.51638 17.054 0.010
6115.52881 17.062 0.010
6115.54133 17.029 0.009
6115.55368 17.050 0.009
6115.56646 17.043 0.010
6115.59136 17.027 0.009
6115.60392 17.056 0.009
6115.62619 17.049 0.010
6115.63941 17.049 0.010
6115.66044 17.052 0.010
6115.67895 17.049 0.010
6115.69160 17.072 0.011
6115.70433 17.061 0.011
6115.74411 17.061 0.010
6115.75697 17.053 0.010
6115.76949 17.040 0.013
6115.79615 17.041 0.012
6115.80908 17.063 0.013
6116.47526 17.087 0.011
6116.48793 17.051 0.009
6116.50422 17.044 0.009
6116.51685 17.072 0.009
6116.52937 17.047 0.009
6116.54441 17.023 0.009
6116.55691 17.036 0.008
6116.57027 17.054 0.008
6116.58326 17.048 0.008
6116.60508 17.053 0.008
6116.61753 17.077 0.009
6116.63983 17.068 0.008
6116.65326 17.064 0.009
6116.66662 17.075 0.009
6116.67922 17.076 0.009
6116.69171 17.057 0.008
6116.70411 17.069 0.009
6116.70711 16.925 0.008
6116.72483 17.092 0.009
6116.73896 17.093 0.010
6116.75129 17.074 0.009
6116.76385 17.075 0.009
6116.77771 17.098 0.009
6116.79083 17.092 0.009
6116.80687 17.056 0.010
6116.81777 17.056 0.010
6116.83221 17.053 0.010
6117.48441 17.087 0.014
6117.49721 17.043 0.011
6117.50959 17.087 0.010
6117.52209 17.078 0.010
6117.53463 17.074 0.010
6117.54715 17.137 0.011
6117.55958 17.091 0.010
6117.57199 17.059 0.009
6117.58564 17.095 0.009
6117.60945 17.072 0.008
6117.62386 17.094 0.009
6117.64770 17.105 0.009
6117.66112 17.089 0.009
6117.67460 17.062 0.009
6117.68746 17.089 0.009
6117.70000 17.087 0.009
6117.71353 17.060 0.009
6117.72593 17.058 0.009
6117.73959 17.075 0.010
6117.75269 17.083 0.010
6117.76515 17.074 0.009
6117.77772 17.114 0.010
6117.79017 17.087 0.010
6117.80267 17.065 0.010
6117.81536 17.103 0.011
6117.82967 17.066 0.012
6117.84214 17.079 0.011
6118.47678 17.116 0.011
6118.48722 17.119 0.010
6118.49985 17.085 0.010
6118.51241 17.082 0.010
6118.52550 17.093 0.009
6118.53882 17.111 0.009
6118.55134 17.105 0.009
6118.56575 17.104 0.009
6118.57852 17.091 0.009
6118.59168 17.108 0.008
6118.61610 17.084 0.008
6118.63059 17.084 0.008
6118.65821 17.115 0.009
6118.67143 17.076 0.009
6118.68839 17.129 0.009
6118.70101 17.106 0.009
6118.71367 17.099 0.009
6118.72696 17.080 0.008
6118.73999 17.095 0.008
6118.75245 17.095 0.009
6118.76478 17.082 0.009
6118.77736 17.086 0.009
6118.78968 17.089 0.009
6118.80226 17.128 0.011
6118.81482 17.103 0.009
6118.82734 17.099 0.010
6118.84138 17.082 0.010
6119.47546 17.096 0.012
6119.48799 17.122 0.013
6119.50064 17.118 0.013
6119.51469 17.118 0.012
6119.52726 17.106 0.011
6119.54189 17.093 0.010
6119.55489 17.126 0.011
6119.56814 17.093 0.010
6119.58981 17.096 0.009
6119.60218 17.090 0.009
6119.62427 17.117 0.009
6119.64084 17.110 0.009
6119.65421 17.128 0.009
6119.66753 17.129 0.009
6119.68020 17.123 0.009
6119.69297 17.106 0.009
6119.70553 17.106 0.009
6119.72034 17.117 0.010
6119.73271 17.098 0.009
6119.74537 17.114 0.010
6119.75990 17.150 0.011
6119.77232 17.147 0.010
6119.78497 17.122 0.012
6119.79816 17.127 0.011
6119.81068 17.157 0.011
6120.50513 17.183 0.013
6120.51759 17.171 0.013
6120.53032 17.128 0.012
6120.54268 17.124 0.012
6120.55710 17.173 0.012
6120.58654 17.107 0.010
6120.59960 17.109 0.009
6120.62304 17.127 0.010
6120.64909 17.131 0.009
6120.66067 17.133 0.009
6120.67345 17.141 0.009
6120.68712 17.111 0.009
6120.69990 17.105 0.010
6120.71249 17.115 0.009
6120.72674 17.118 0.009
6120.74132 17.122 0.010
6120.75489 17.136 0.010
6120.76750 17.174 0.013
6120.78698 17.119 0.011
6120.79960 17.155 0.010
6120.81428 17.153 0.011
6120.82519 17.104 0.012
6121.47057 17.145 0.010
6121.48305 17.123 0.009
6121.49540 17.168 0.009
6121.50790 17.149 0.009
6121.52049 17.150 0.011
6121.53316 17.114 0.009
6121.54569 17.145 0.009
6121.55822 17.145 0.008
6121.57074 17.135 0.008
6121.59790 17.144 0.008
6121.61540 17.139 0.008
6121.63800 17.178 0.008
6121.65069 17.128 0.009
6121.66350 17.155 0.008
6121.67607 17.154 0.008
6121.68895 17.127 0.008
6121.70221 17.152 0.008
6121.71479 17.174 0.008
6121.72765 17.142 0.008
6121.74031 17.165 0.008
6121.75294 17.126 0.008
6121.76733 17.145 0.008
6121.77985 17.163 0.008
6121.79245 17.174 0.008
6123.51108 17.244 0.015
6123.52355 17.163 0.012
6123.53705 17.160 0.012
6123.54952 17.195 0.011
6123.56199 17.183 0.011
6123.57441 17.153 0.010
6123.59662 17.190 0.010
6123.60928 17.164 0.010
6123.63289 17.182 0.010
6123.64754 17.194 0.009
6123.66094 17.169 0.009
6123.67443 17.164 0.009
6123.68709 17.196 0.009
6123.69982 17.172 0.011
6123.71231 17.198 0.011
6123.72484 17.180 0.010
6123.73803 17.208 0.011
6123.75058 17.173 0.010
6123.76607 17.180 0.012
6123.77857 17.153 0.009
6123.79264 17.151 0.009
6123.80505 17.150 0.010
6123.81801 17.174 0.010
6123.82449 17.158 0.010
6124.47949 17.174 0.012
6124.49351 17.184 0.013
6124.50668 17.226 0.013
6124.51988 17.191 0.012
6124.53321 17.182 0.011
6124.55295 17.192 0.009
6124.57913 17.188 0.010
6124.59423 17.174 0.010
6124.63596 17.194 0.010
6124.65023 17.212 0.010
6124.66419 17.202 0.010
6124.67767 17.222 0.010
6124.69097 17.171 0.009
6124.70394 17.193 0.009
6124.71697 17.201 0.009
6124.73042 17.186 0.009
6124.74452 17.212 0.011
6124.75906 17.221 0.010
6124.77173 17.166 0.011
6124.78482 17.207 0.012
6124.79806 17.206 0.011
6124.81219 17.202 0.011
6124.82468 17.181 0.013
6125.50639 17.219 0.012
6125.51929 17.170 0.010
6125.53388 17.185 0.011
6125.54866 17.190 0.010
6125.56606 17.223 0.010
6125.58385 17.235 0.010
6125.61029 17.215 0.011
6125.63531 17.254 0.011
6125.65110 17.200 0.010
6125.66551 17.245 0.011
6125.67986 17.228 0.010
6125.69375 17.200 0.010
6125.70803 17.213 0.010
6125.72150 17.198 0.011
6125.73780 17.234 0.010
6125.75333 17.229 0.010
6125.76710 17.225 0.010
6125.77964 17.200 0.011
6125.79399 17.186 0.011
6125.80852 17.238 0.011
6125.82188 17.214 0.012
6126.48625 17.248 0.011
6126.50367 17.225 0.011
6126.51940 17.238 0.011
6126.53766 17.211 0.011
6126.55236 17.234 0.011
6126.56879 17.270 0.012
6126.58300 17.271 0.013
6126.59864 17.200 0.011
6126.61463 17.280 0.012
6126.64211 17.273 0.011
6126.67080 17.232 0.011
6126.68453 17.222 0.011
6126.70081 17.236 0.012
6126.71473 17.236 0.011
6126.72939 17.243 0.010
6126.74513 17.236 0.010
6126.76098 17.244 0.010
6126.79720 17.264 0.013
6127.47147 17.249 0.014
6127.48657 17.238 0.012
6127.49959 17.241 0.011
6127.51435 17.219 0.011
6127.52850 17.264 0.012
6127.54164 17.240 0.014
6127.55824 17.264 0.011
6127.62939 17.197 0.012
6127.78355 17.235 0.010
6128.49339 17.259 0.010
6128.52319 17.262 0.009
6128.53615 17.269 0.009
6128.54950 17.225 0.009
6128.56230 17.261 0.009
6128.57550 17.273 0.010
6128.67498 17.265 0.011
6128.69513 17.257 0.009
6128.71083 17.288 0.011
6129.56145 17.270 0.010
6130.54429 17.359 0.014
6130.57496 17.332 0.015
6130.65417 17.357 0.013
6130.71013 17.285 0.013
6130.72532 17.238 0.012
6130.73508 17.296 0.014
6130.74964 17.300 0.010
6131.49966 17.302 0.013
6131.51413 17.287 0.013
6131.52924 17.336 0.012
6131.54674 17.292 0.012
6131.56185 17.266 0.010
6131.58226 17.264 0.008
6131.61187 17.280 0.009
6131.62799 17.326 0.010
6131.64405 17.306 0.009
6131.65826 17.305 0.010
6131.67326 17.362 0.009
6131.69033 17.306 0.009
6131.70985 17.299 0.010
6131.74277 17.364 0.011
6131.76362 17.299 0.011
6131.77701 17.261 0.010
6132.49469 17.371 0.014
6132.53624 17.272 0.012
6132.54895 17.312 0.012
6132.56441 17.278 0.016
6132.63486 17.346 0.013
6132.65100 17.333 0.013
6132.66929 17.355 0.014
6132.68255 17.335 0.013
6132.71397 17.281 0.012
6132.73740 17.299 0.011
6132.75703 17.325 0.011
6132.77395 17.324 0.012
6133.53290 17.343 0.014
6133.54809 17.313 0.014
6133.56161 17.325 0.013
6133.57866 17.333 0.011
6133.59653 17.280 0.012
6133.61212 17.306 0.011
6133.63488 17.348 0.013
6133.65863 17.336 0.011
6133.67345 17.312 0.012
6133.68663 17.360 0.015
6133.70177 17.301 0.011
6133.71885 17.313 0.011
6133.73588 17.325 0.012
6133.75042 17.264 0.012
6133.76793 17.322 0.013
6134.49978 17.331 0.016
6134.51517 17.326 0.014
6134.53111 17.306 0.014
6134.54455 17.359 0.015
6134.55823 17.381 0.016
6134.57146 17.379 0.015
6134.58585 17.336 0.015
6134.60172 17.324 0.014
6134.62489 17.320 0.012
6134.65412 17.307 0.014
6134.66856 17.319 0.013
6134.68242 17.336 0.014
6134.70599 17.313 0.015
6135.48405 17.338 0.018
6135.49904 17.350 0.014
6135.51325 17.329 0.014
6135.52702 17.357 0.013
6135.54074 17.365 0.014
6135.55731 17.360 0.013
6135.58632 17.328 0.012
6135.60106 17.338 0.013
6135.63343 17.390 0.018
6135.65352 17.382 0.017
6135.66798 17.382 0.015
6135.68457 17.360 0.012
6135.70254 17.366 0.011
6135.72053 17.365 0.012
6135.73618 17.400 0.012
6135.74995 17.339 0.013
6135.76250 17.355 0.013
6135.77518 17.350 0.012
6135.79081 17.316 0.013
6135.80397 17.370 0.015
6136.48090 17.395 0.017
6136.49658 17.370 0.017
6136.56303 17.469 0.021
6136.60484 17.436 0.018
6136.63153 17.474 0.019
6136.66391 17.355 0.013
6136.69909 17.377 0.012
6136.72541 17.347 0.016
6140.47459 17.418 0.019
6140.48716 17.403 0.017
6140.50128 17.387 0.019
6140.51403 17.412 0.016
6140.52659 17.373 0.017
6140.54964 17.385 0.015
6140.56218 17.368 0.016
6140.57587 17.406 0.040
6140.60267 17.425 0.016
6140.61517 17.389 0.018
6140.62788 17.393 0.014
6140.64049 17.409 0.015
6140.65435 17.403 0.016
6140.66708 17.403 0.016
6140.67966 17.417 0.015
6140.69374 17.373 0.020
6140.71026 17.376 0.019
6140.72279 17.465 0.023
6140.73558 17.357 0.020
6140.74999 17.366 0.020
6140.76259 17.405 0.028
6140.77351 17.457 0.036
6141.47481 17.380 0.019
6141.48892 17.404 0.014
6141.50161 17.383 0.013
6141.51399 17.426 0.014
6141.52659 17.427 0.013
6141.53923 17.377 0.014
6141.55203 17.399 0.014
6141.57486 17.461 0.016
6141.58989 17.445 0.017
6141.60249 17.389 0.015
6141.62441 17.446 0.016
6141.63709 17.372 0.014
6141.64964 17.399 0.014
6141.66206 17.408 0.014
6141.67475 17.434 0.013
6141.68872 17.387 0.013
6141.70300 17.395 0.014
6141.71578 17.390 0.013
6141.72874 17.416 0.015
6141.74153 17.427 0.016
6141.75600 17.384 0.014
6141.76705 17.411 0.016
6141.77803 17.423 0.017
6142.47666 17.463 0.021
6142.50964 17.526 0.023
6142.52864 17.389 0.017
6142.54133 17.456 0.017
6142.55708 17.510 0.017
6142.57113 17.452 0.019
6142.59222 17.428 0.021
6142.60470 17.431 0.020
6142.63557 17.496 0.020
6142.67781 17.398 0.019
6142.71420 17.433 0.019
6143.53137 17.447 0.014
6143.63282 17.488 0.019
6143.70865 17.496 0.020
6147.48495 17.646 0.024
6147.52030 17.450 0.012
6147.53442 17.453 0.012
6147.55855 17.465 0.013
6147.57244 17.453 0.013
6147.58564 17.485 0.014
6147.60111 17.466 0.014
6147.61368 17.545 0.015
6147.62830 17.473 0.013
6147.64243 17.494 0.016
6147.66686 17.540 0.017
6147.68377 17.431 0.015
6147.69625 17.490 0.016
6147.70901 17.482 0.016
6148.47614 17.446 0.010
6148.49046 17.533 0.011
6148.50311 17.466 0.011
6148.51587 17.458 0.010
6148.52864 17.489 0.011
6148.55085 17.463 0.010
6148.56604 17.524 0.010
6148.58864 17.479 0.010
6148.60184 17.481 0.011
6148.61981 17.466 0.011
6148.63246 17.445 0.011
6148.64502 17.473 0.010
6148.65879 17.466 0.011
6148.67435 17.473 0.011
6148.68707 17.469 0.012
6148.70456 17.476 0.011
6149.54965 17.512 0.013
6149.56955 17.464 0.012
6149.58621 17.515 0.014
6149.59899 17.492 0.014
6149.61168 17.467 0.013
6149.62671 17.493 0.012
6150.47632 17.510 0.017
6150.49324 17.547 0.019
6150.51702 17.456 0.015
6150.52971 17.524 0.015
6150.54247 17.486 0.014
6150.55622 17.568 0.014
6150.58194 17.512 0.015
6150.59476 17.491 0.015
6150.60758 17.477 0.015
6150.63217 17.494 0.013
6150.64521 17.493 0.011
6150.65926 17.495 0.013
6150.67213 17.485 0.016
6150.68655 17.525 0.023
6151.48071 17.482 0.018
6151.52238 17.505 0.017
6151.53505 17.580 0.020
6151.54879 17.495 0.016
6151.56316 17.529 0.016
6151.57614 17.494 0.014
6151.59054 17.506 0.014
6151.60348 17.519 0.014
6151.61659 17.507 0.014
6151.62939 17.491 0.015
6151.64197 17.426 0.014
6151.65605 17.525 0.014
6151.67032 17.525 0.014
6151.68476 17.460 0.015
6151.69745 17.546 0.015
6151.71033 17.498 0.015
6151.72292 17.520 0.014
6151.73556 17.510 0.014
6151.74829 17.482 0.016
6152.47998 17.460 0.013
6152.49403 17.490 0.013
6152.50676 17.508 0.014
6152.51959 17.541 0.014
6152.53269 17.520 0.016
6152.54512 17.489 0.012
6152.56005 17.557 0.018
6152.58590 17.555 0.013
6152.59921 17.514 0.012
6152.62445 17.483 0.012
6152.63702 17.497 0.012
6152.64973 17.524 0.013
6152.66388 17.488 0.012
6152.67699 17.496 0.012
6153.68836 17.559 0.016
6153.70299 17.543 0.015
6154.48100 17.512 0.014
6154.49532 17.512 0.013
6154.50817 17.491 0.013
6154.52106 17.599 0.016
6154.53533 17.484 0.013
6154.54916 17.496 0.015
6154.57425 17.494 0.013
6154.60462 17.478 0.014
6154.62869 17.542 0.014
6154.67283 17.531 0.014
6154.68805 17.538 0.015
6154.70073 17.520 0.013
6154.71669 17.522 0.015
6157.64286 17.510 0.014
6157.65677 17.539 0.014
6157.67163 17.528 0.014
6157.68623 17.514 0.015
6157.69915 17.580 0.020
6157.71206 17.537 0.019
6158.48159 17.529 0.013
6158.49583 17.535 0.012
6158.50883 17.515 0.012
6158.53203 17.504 0.012
6158.54591 17.535 0.013
6158.56833 17.534 0.012
6158.58248 17.502 0.013
6158.59689 17.525 0.012
6158.61040 17.519 0.013
6158.62434 17.559 0.012
6158.63810 17.547 0.013
6158.65078 17.498 0.013
6158.66377 17.561 0.014
6158.67790 17.559 0.014
6158.69066 17.549 0.014
6158.70323 17.483 0.012
6158.71619 17.528 0.013
6158.72738 17.543 0.015
6159.48907 17.530 0.016
6159.50210 17.620 0.020
6159.51717 17.696 0.020
6159.54296 17.549 0.016
6159.55708 17.571 0.015
6159.57143 17.553 0.014
6159.58448 17.542 0.014
6159.60934 17.527 0.013
6159.62214 17.563 0.015
6159.63472 17.536 0.014
6159.67072 17.535 0.017
6159.69433 17.554 0.019
6159.70685 17.502 0.021
6160.48362 17.492 0.014
6160.49830 17.523 0.014
6160.51284 17.521 0.013
6160.53914 17.497 0.014
6160.55284 17.544 0.013
6160.58463 17.509 0.011
6160.59902 17.525 0.012
6160.61313 17.500 0.012
6160.62618 17.521 0.013
6160.64056 17.496 0.012
6160.65351 17.549 0.014
6160.66627 17.578 0.013
6160.67902 17.527 0.015
6160.69181 17.541 0.013
6160.70777 17.490 0.013
6160.71913 17.495 0.014
6160.72900 17.472 0.015
6161.48274 17.559 0.019
6161.49563 17.536 0.016
6161.50868 17.547 0.016
6161.52170 17.550 0.016
6161.53639 17.535 0.015
6161.54908 17.463 0.016
6161.56283 17.665 0.020
6161.58517 17.528 0.018
6161.60077 17.498 0.015
6161.62269 17.555 0.013
6161.64354 17.552 0.015
6161.65779 17.554 0.015
6161.67235 17.529 0.014
6161.68609 17.462 0.014
6161.70041 17.531 0.018
6161.71250 17.610 0.021
6164.48912 17.539 0.017
6164.50359 17.484 0.014
6164.52636 17.461 0.017
6164.55211 17.478 0.016
6164.56732 17.574 0.018
6164.57851 17.505 0.017
6164.59084 17.499 0.019
6164.60196 17.508 0.020
6164.63280 17.509 0.023
6164.64792 17.531 0.016
6166.52426 17.532 0.019
6166.55092 17.514 0.018
6166.58316 17.562 0.016
6166.60155 17.510 0.015
6166.61957 17.556 0.016
6166.64755 17.434 0.014
6166.67319 17.490 0.015
6166.70086 17.526 0.019
6167.48963 17.487 0.026
6167.49336 17.428 0.027
6167.50764 17.558 0.014
6167.51944 17.517 0.014
6167.53195 17.548 0.015
6167.54641 17.526 0.014
6167.56901 17.501 0.013
6167.58211 17.511 0.013
6167.60011 17.528 0.021
6167.61275 17.566 0.019
6167.63456 17.462 0.029
6167.64988 17.466 0.028
6167.66123 17.525 0.025
6167.67699 17.567 0.025
6167.69880 17.470 0.018
6168.48889 17.524 0.016
6168.50905 17.501 0.012
6168.52922 17.552 0.016
6168.55887 17.523 0.012
6168.57216 17.489 0.011
6168.59712 17.544 0.012
6168.61160 17.464 0.013
6168.64255 17.478 0.013
6168.65502 17.535 0.014
6168.66772 17.505 0.013
6168.68221 17.485 0.014
6168.69205 17.519 0.013
6168.69930 17.464 0.014
6169.48621 17.494 0.019
6169.50079 17.540 0.016
6169.52464 17.566 0.017
6169.53731 17.510 0.014
6169.56089 17.498 0.013
6169.57503 17.569 0.014
6169.58790 17.511 0.013
6169.60221 17.522 0.014
6169.61547 17.486 0.014
6169.62807 17.526 0.015
6169.64236 17.540 0.017
6169.65498 17.573 0.016
6169.66949 17.513 0.016
6169.68089 17.490 0.017
6169.69236 17.458 0.019
6171.48829 17.504 0.013
6171.50293 17.560 0.012
6171.52858 17.566 0.012
6171.54297 17.498 0.013
6171.55558 17.482 0.014
6171.57788 17.562 0.015
6171.59238 17.465 0.013
6171.60673 17.502 0.013
6171.61954 17.532 0.015
6171.63231 17.522 0.016
6171.64927 17.511 0.015
6171.66663 17.508 0.015
6171.68212 17.465 0.014
6171.69209 17.526 0.015
6172.48777 17.505 0.010
6172.50116 17.498 0.010
6172.51461 17.504 0.011
6172.53911 17.530 0.012
6172.55173 17.534 0.012
6172.56443 17.537 0.012
6172.58812 17.504 0.011
6172.60220 17.502 0.011
6172.61552 17.530 0.011
6172.62807 17.492 0.012
6172.64060 17.535 0.013
6172.65371 17.517 0.013
6172.67004 17.515 0.015
6174.56179 17.506 0.017
6174.58383 17.502 0.018
6174.59380 17.543 0.019
6174.60389 17.566 0.024
6174.61818 17.550 0.020
6174.62766 17.489 0.016
6174.64025 17.579 0.023
6174.65142 17.505 0.018
6175.47757 17.502 0.016
6175.49243 17.484 0.012
6175.51532 17.499 0.012
6175.52803 17.515 0.013
6175.54079 17.488 0.012
6175.55340 17.497 0.015
6175.56626 17.520 0.017
6175.57908 17.522 0.014
6175.59201 17.522 0.014
6175.60474 17.534 0.013
6175.61741 17.496 0.014
6175.63339 17.478 0.014
6175.64918 17.508 0.015
6175.66391 17.560 0.019
6175.67334 17.437 0.018
6179.47567 17.492 0.027
6179.49370 17.517 0.016
6179.51892 17.464 0.014
6179.54004 17.454 0.016
6179.55262 17.497 0.015
6179.56513 17.456 0.016
6179.58191 17.639 0.021
6179.59435 17.444 0.017
6179.60851 17.466 0.018
6179.62280 17.501 0.018
6179.63520 17.520 0.017
6179.64752 17.597 0.020
6179.66021 17.482 0.016
6180.48259 17.464 0.019
6180.50109 17.443 0.015
6180.51377 17.501 0.014
6180.54207 17.423 0.015
6180.55516 17.456 0.014
6180.56756 17.497 0.014
6180.57990 17.483 0.018
6180.59593 17.409 0.016
6180.60846 17.485 0.016
6180.62108 17.457 0.015
6180.63403 17.426 0.016
6180.64526 17.488 0.017
6180.65646 17.444 0.016
6180.66572 17.457 0.018
6181.47373 17.484 0.023
6181.48705 17.445 0.014
6181.51577 17.442 0.012
6181.52827 17.447 0.012
6181.54107 17.440 0.011
6181.55378 17.476 0.013
6181.56667 17.449 0.012
6181.58276 17.448 0.012
6181.59622 17.455 0.011
6181.60909 17.435 0.012
6181.62184 17.445 0.012
6181.63447 17.479 0.013
6182.47464 17.438 0.021
6182.48743 17.388 0.013
6182.51724 17.402 0.012
6182.52967 17.424 0.012
6182.54232 17.396 0.013
6182.56178 17.409 0.011
6182.57800 17.437 0.012
6182.59053 17.420 0.012
6182.60598 17.469 0.013
6182.62260 17.396 0.012
6182.63564 17.413 0.014
6182.64825 17.447 0.015
6183.48456 17.454 0.015
6183.49734 17.471 0.015
6183.51154 17.426 0.011
6183.56236 17.414 0.010
6183.58755 17.431 0.011
6183.60018 17.401 0.012
6183.61270 17.443 0.012
6183.62661 17.433 0.013
6184.47929 17.452 0.014
6184.49220 17.418 0.012
6184.50662 17.392 0.011
6184.52240 17.419 0.011
6184.55197 17.402 0.011
6184.56638 17.422 0.010
6184.58088 17.441 0.011
6184.60104 17.390 0.011
6184.61371 17.419 0.013
6184.62669 17.382 0.011
6184.64167 17.377 0.013
6185.47650 17.446 0.014
6185.48924 17.415 0.010
6185.50219 17.477 0.011
6185.53410 17.444 0.010
6185.54809 17.415 0.010
6185.56092 17.434 0.010
6185.57456 17.380 0.011
6185.58743 17.389 0.011
6185.60372 17.353 0.011
6185.62083 17.407 0.012
6185.63777 17.456 0.013
6186.47477 17.422 0.026
6186.48744 17.446 0.015
6186.50053 17.409 0.014
6186.53171 17.385 0.013
6186.54464 17.427 0.017
6186.55757 17.359 0.013
6186.57042 17.388 0.013
6186.58430 17.464 0.015
6186.60329 17.383 0.014
6187.53115 17.417 0.018
6187.57511 17.480 0.019
6190.48316 17.373 0.016
6190.49758 17.333 0.014
6190.51050 17.381 0.014
6190.52385 17.362 0.011
6190.55447 17.336 0.012
6190.56805 17.361 0.011
6190.58249 17.339 0.010
6190.59497 17.375 0.011
6190.60795 17.352 0.012
6191.48198 17.486 0.021
6191.49447 17.293 0.017
6191.51149 17.394 0.015
6191.53768 17.319 0.013
6191.55030 17.371 0.013
6191.56340 17.347 0.013
6191.57612 17.348 0.014
6191.59297 17.291 0.012
6191.60560 17.334 0.014
6191.61862 17.315 0.011
6191.63622 17.339 0.012
6195.47747 17.387 0.021
6195.53035 17.277 0.011
6195.56970 17.319 0.012
6195.60833 17.280 0.013
6196.48016 17.274 0.015
6196.52824 17.252 0.015
6196.56720 17.280 0.013
6196.60840 17.266 0.014
6197.48061 17.244 0.017
6197.52960 17.287 0.012
6197.56860 17.282 0.013
6198.49777 17.305 0.018
6198.58815 17.293 0.020
6199.55763 17.231 0.016
6200.60680 17.249 0.018
6201.50200 17.257 0.018
6202.51903 17.231 0.018
6202.58788 17.266 0.020
6203.53985 17.153 0.012
6203.57799 17.171 0.015
6204.48680 17.227 0.016
6204.53165 17.149 0.011
6204.57012 17.127 0.011
6204.60839 17.194 0.016
6205.51304 17.173 0.010
6205.55448 17.162 0.010
6205.59318 17.160 0.010
6208.52524 17.126 0.011
6209.56203 17.089 0.013
6210.48737 17.042 0.014
6210.52539 17.041 0.011
6210.56450 17.064 0.011
6211.48835 17.041 0.011
6211.52717 17.040 0.009
6211.56918 17.051 0.010
6212.48842 17.061 0.011
6212.52649 17.030 0.009
6212.56534 17.024 0.010
6213.49332 17.040 0.012
6213.53348 17.074 0.011
6213.57202 17.048 0.012
6214.52632 16.991 0.012
6214.56195 16.992 0.010
6216.49893 16.988 0.010
6216.53711 16.979 0.011
6217.49382 16.993 0.009
6217.53179 17.000 0.008
6217.56983 16.975 0.009
6218.50673 16.983 0.011
6218.54516 16.972 0.010
6219.50001 17.002 0.011
6219.51265 16.973 0.009
6219.52537 16.965 0.009
6219.53814 16.956 0.010
6219.55106 16.944 0.009
6219.56403 16.944 0.013
6221.50808 16.931 0.016
6221.52871 16.922 0.018
6223.51197 16.882 0.012
6223.55690 16.876 0.012
6224.49898 16.935 0.013
6226.50219 16.924 0.013
6227.51841 16.861 0.011
6231.52957 16.827 0.014
6233.50229 16.836 0.013
6233.54419 16.833 0.012
6234.50366 16.837 0.012
6238.50821 16.874 0.014
6239.51025 16.865 0.013
6326.87226 14.984 0.005
6329.86849 14.968 0.005
6329.88548 14.958 0.005
6334.85648 14.966 0.005
6335.84245 14.980 0.005
6338.87497 15.006 0.005
6339.84404 15.028 0.005
6340.86379 15.030 0.005
6341.84427 15.054 0.005
6342.83106 15.015 0.005
6343.85876 15.067 0.005
6344.85797 15.058 0.005
6345.83117 15.066 0.005
6347.83992 15.083 0.005
6348.82206 15.097 0.005
6349.83345 15.125 0.005
6349.86901 15.100 0.005
6350.82262 15.133 0.005
6351.82123 15.124 0.005
6352.82009 15.128 0.005
6352.86541 15.146 0.005
6353.80018 15.170 0.005
6353.84080 15.143 0.005
6353.89684 15.160 0.005
6354.78071 15.150 0.005
6354.87350 15.171 0.005
6355.85866 15.171 0.005
6358.82907 15.191 0.005
6358.87348 15.196 0.005
6360.79551 15.216 0.005
6360.83288 15.224 0.005
6361.81854 15.235 0.005
6361.85587 15.239 0.005
6362.80390 15.235 0.005
6363.81026 15.264 0.005
6363.86524 15.230 0.005
6367.82056 15.278 0.005
6367.86891 15.267 0.005
6368.80562 15.279 0.005
6369.78631 15.281 0.005
6369.82592 15.299 0.005
6370.76491 15.282 0.005
6370.81595 15.290 0.005
6371.78062 15.291 0.005
6371.82958 15.309 0.005
6371.91183 15.307 0.005
6372.77336 15.301 0.005
6372.82206 15.307 0.005
6373.78685 15.314 0.005
6373.83596 15.309 0.005
6374.77945 15.331 0.005
6374.83076 15.327 0.005
6375.77855 15.333 0.005
6376.75097 15.337 0.005
6376.78913 15.359 0.005
6376.88401 15.363 0.005
6377.75024 15.360 0.005
6377.89442 15.388 0.005
6378.76052 15.355 0.005
6378.89013 15.378 0.005
6379.74704 15.373 0.005
6379.78471 15.393 0.005
6379.87530 15.411 0.005
6379.91943 15.403 0.005
6380.77425 15.400 0.005
6380.92367 15.381 0.005
6381.78246 15.414 0.005
6382.77624 15.409 0.005
6382.81555 15.418 0.005
6382.85563 15.418 0.005
6382.89675 15.407 0.005
6386.74216 15.454 0.005
6386.76931 15.459 0.005
6386.82278 15.464 0.005
6386.87042 15.470 0.005
6386.92563 15.470 0.006
6387.74389 15.478 0.005
6387.78714 15.471 0.005
6387.82668 15.487 0.005
6387.86574 15.468 0.005
6387.90984 15.477 0.005
6388.74220 15.475 0.005
6388.80673 15.485 0.005
6388.85337 15.483 0.005
6388.86945 15.478 0.005
6388.92093 15.490 0.005
6389.71693 15.483 0.005
6389.78155 15.503 0.005
6389.82275 15.501 0.005
6389.86130 15.517 0.005
6389.90516 15.503 0.005
6390.72564 15.513 0.005
6390.76584 15.496 0.005
6390.80763 15.559 0.005
6390.85209 15.528 0.005
6390.89871 15.524 0.005
6391.69821 15.534 0.006
6391.70832 15.533 0.006
6391.72449 15.534 0.006
6391.73731 15.515 0.005
6391.75969 15.520 0.005
6391.77549 15.524 0.005
6391.78831 15.529 0.005
6391.80139 15.524 0.005
6391.81542 15.529 0.005
6391.82847 15.524 0.005
6391.85510 15.533 0.005
6391.86829 15.532 0.005
6391.88177 15.532 0.005
6391.89779 15.510 0.006
6391.90352 15.532 0.006
6393.69612 15.577 0.005
6393.70931 15.554 0.005
6393.72078 15.564 0.005
6393.73360 15.565 0.005
6393.76021 15.577 0.005
6393.77343 15.585 0.005
6393.78622 15.579 0.005
6393.79914 15.565 0.005
6393.82433 15.565 0.005
6393.83895 15.550 0.005
6394.69995 15.570 0.006
6394.71623 15.575 0.005
6394.72902 15.570 0.005
6394.74222 15.562 0.005
6394.76884 15.577 0.005
6394.78174 15.580 0.005
6394.80357 15.575 0.005
6394.81630 15.584 0.005
6394.82918 15.589 0.005
6394.84222 15.575 0.005
6394.85537 15.567 0.005
6394.86851 15.575 0.005
6394.88286 15.577 0.005
6394.92001 15.593 0.005
6394.93301 15.579 0.006
6395.69446 15.573 0.006
6395.70876 15.558 0.005
6395.72147 15.587 0.005
6395.73494 15.581 0.005
6395.90277 15.609 0.005
6395.91723 15.599 0.005
6396.69133 15.595 0.005
6396.70394 15.587 0.005
6396.71660 15.605 0.005
6396.73833 15.602 0.005
6396.75082 15.608 0.005
6396.80039 15.638 0.005
6396.81349 15.615 0.005
6396.82779 15.622 0.005
6396.84334 15.622 0.005
6396.85622 15.639 0.005
6396.86976 15.609 0.005
6396.88390 15.639 0.005
6396.89812 15.623 0.005
6396.91084 15.617 0.005
6396.92363 15.627 0.005
6397.69191 15.618 0.005
6397.70442 15.615 0.005
6397.71696 15.618 0.005
6397.72969 15.621 0.005
6397.75513 15.645 0.005
6397.76778 15.625 0.005
6397.78056 15.626 0.005
6397.80215 15.643 0.005
6397.81477 15.622 0.005
6397.82929 15.643 0.005
6397.89305 15.652 0.005
6397.90630 15.647 0.005
6397.91901 15.632 0.005
6397.93194 15.633 0.006
6398.68848 15.643 0.005
6398.70163 15.645 0.005
6398.71419 15.642 0.005
6398.72743 15.626 0.005
6398.74999 15.653 0.005
6398.76507 15.644 0.005
6398.78923 15.657 0.005
6398.80188 15.658 0.005
6398.81458 15.655 0.005
6398.82722 15.658 0.005
6398.84010 15.662 0.005
6398.85427 15.673 0.005
6398.86758 15.646 0.005
6398.88231 15.672 0.005
6398.89523 15.657 0.005
6398.90823 15.651 0.005
6398.92078 15.641 0.005
6399.68025 15.640 0.006
6399.69278 15.633 0.005
6399.70671 15.649 0.005
6399.71918 15.651 0.005
6399.73161 15.655 0.005
6400.67899 15.643 0.005
6400.69928 15.652 0.005
6400.71350 15.660 0.005
6400.72764 15.669 0.005
6400.79047 15.657 0.005
6400.80842 15.661 0.005
6400.82271 15.664 0.005
6400.84811 15.674 0.005
6400.86324 15.670 0.005
6400.88192 15.677 0.005
6400.89608 15.681 0.005
6400.91043 15.677 0.005
6400.92521 15.691 0.005
6401.69381 15.672 0.005
6401.70637 15.645 0.006
6401.78256 15.684 0.005
6401.80442 15.681 0.005
6401.81702 15.678 0.005
6401.82986 15.688 0.005
6401.84289 15.681 0.005
6401.85770 15.693 0.005
6401.87158 15.687 0.005
6401.88467 15.692 0.005
6401.89744 15.700 0.005
6401.90990 15.702 0.005
6401.92255 15.691 0.005
6402.69053 15.679 0.005
6402.70317 15.675 0.006
6402.71578 15.689 0.005
6402.72843 15.683 0.005
6402.74106 15.703 0.006
6402.76304 15.687 0.005
6402.77556 15.675 0.005
6402.91647 15.677 0.006
6403.68157 15.695 0.005
6403.69408 15.705 0.005
6403.70659 15.698 0.005
6403.71919 15.699 0.005
6403.74416 15.702 0.005
6403.75670 15.703 0.005
6403.76943 15.724 0.005
6403.91310 15.730 0.005
6403.92704 15.714 0.005
6404.69087 15.719 0.005
6404.71162 15.725 0.005
6404.72621 15.727 0.005
6404.74025 15.715 0.005
6404.75300 15.724 0.005
6405.87010 15.723 0.005
6405.88553 15.737 0.005
6405.89844 15.729 0.005
6405.91118 15.753 0.005
6405.92376 15.743 0.005
6406.76998 15.734 0.006
6406.79715 15.754 0.006
6406.81508 15.772 0.006
6406.83254 15.747 0.006
6406.85045 15.753 0.005
6406.87036 15.748 0.005
6406.88840 15.747 0.005
6406.90553 15.744 0.005
6406.91828 15.739 0.005
6406.92953 15.762 0.005
6407.65528 15.762 0.006
6407.68786 15.767 0.007
6407.70851 15.755 0.006
6407.81146 15.768 0.005
6407.83355 15.768 0.005
6407.84695 15.778 0.005
6407.86081 15.764 0.005
6407.87403 15.762 0.005
6407.89632 15.761 0.005
6407.90956 15.757 0.006
6407.92215 15.774 0.006
6408.68611 15.752 0.007
6408.72221 15.802 0.008
6408.73751 15.767 0.008
6408.75014 15.757 0.007
6408.80295 15.772 0.006
6408.81571 15.777 0.006
6408.83056 15.781 0.006
6409.74730 15.832 0.008
6409.86460 15.793 0.006
6409.87727 15.776 0.006
6409.89053 15.797 0.006
6409.90315 15.788 0.006
6409.91586 15.778 0.006
6409.92840 15.787 0.006
6415.70115 15.847 0.007
6415.71762 15.874 0.007
6415.74356 15.866 0.006
6415.75619 15.877 0.006
6415.76893 15.844 0.006
6415.78150 15.886 0.007
6415.79680 15.848 0.006
6415.80947 15.850 0.007
6415.84020 15.871 0.006
6415.86181 15.857 0.006
6415.87456 15.864 0.006
6415.89809 15.858 0.006
6415.91061 15.845 0.006
6415.92338 15.845 0.006
6415.93586 15.861 0.007
6416.64147 15.875 0.006
6416.65408 15.893 0.006
6416.67337 15.873 0.006
6416.68622 15.886 0.006
6416.69921 15.888 0.006
6416.73684 15.875 0.006
6416.86597 15.894 0.005
6416.88808 15.867 0.005
6416.90311 15.880 0.005
6416.91561 15.882 0.005
6417.65691 15.908 0.007
6417.67136 15.867 0.006
6417.68394 15.881 0.007
6417.93501 15.907 0.007
6418.63047 15.899 0.006
6418.64362 15.919 0.006
6418.65614 15.916 0.006
6418.66865 15.913 0.006
6418.68122 15.900 0.006
6419.65426 15.912 0.007
6419.66972 15.908 0.006
6419.69227 15.919 0.006
6419.70497 15.911 0.006
6419.71764 15.924 0.006
6419.73040 15.918 0.006
6419.88074 15.922 0.006
6419.89347 15.938 0.006
6419.90616 15.917 0.006
6419.91874 15.913 0.006
6419.93139 15.927 0.006
6420.62500 15.928 0.006
6420.63746 15.914 0.006
6420.65018 15.937 0.005
6420.66273 15.931 0.005
6420.80733 15.952 0.005
6420.82112 15.953 0.005
6420.83439 15.951 0.005
6420.84723 15.951 0.005
6420.86000 15.944 0.005
6420.87331 15.937 0.005
6420.89587 15.940 0.005
6420.90895 15.958 0.005
6420.92178 15.940 0.005
6420.93514 15.929 0.006
6421.78937 15.947 0.006
6421.80252 15.932 0.006
6421.81594 15.935 0.006
6421.83009 15.951 0.006
6421.84279 15.942 0.006
6421.87618 15.947 0.006
6421.88866 15.935 0.006
6421.91661 15.936 0.006
6421.92916 15.929 0.006
6422.68153 15.940 0.006
6422.70209 15.941 0.006
6422.72110 15.950 0.006
6422.73376 15.956 0.005
6422.74649 15.945 0.006
6422.75885 15.950 0.005
6422.77159 15.957 0.006
6422.78428 15.958 0.006
6422.82705 15.958 0.007
6422.86247 15.983 0.007
6422.90911 15.972 0.007
6422.92405 15.985 0.008
6423.64001 15.969 0.006
6423.66029 15.961 0.006
6423.67859 15.979 0.006
6423.69143 15.960 0.006
6423.70587 15.951 0.006
6423.73589 15.953 0.007
6423.74865 15.958 0.006
6423.77653 15.964 0.006
6423.79789 15.974 0.006
6423.81223 15.973 0.006
6423.82585 15.980 0.006
6423.83847 15.974 0.006
6423.85127 15.983 0.006
6423.86415 15.977 0.006
6423.87709 15.979 0.006
6423.88993 15.973 0.006
6423.90274 15.960 0.006
6423.91545 15.967 0.006
6423.92794 15.957 0.006
6423.94052 15.984 0.007
6424.62343 15.971 0.006
6424.63786 15.960 0.006
6424.65138 15.969 0.006
6424.66490 15.977 0.006
6424.67840 15.977 0.006
6424.69184 15.981 0.006
6424.78725 15.996 0.005
6424.80145 16.002 0.005
6424.81783 15.994 0.006
6424.83166 15.987 0.005
6424.84551 15.996 0.006
6424.85942 15.992 0.005
6424.87318 15.999 0.005
6424.88699 15.990 0.005
6424.91359 15.975 0.005
6424.92908 15.986 0.005
6424.93985 15.975 0.006
6426.61045 15.988 0.005
6426.62443 16.015 0.005
6426.63776 15.971 0.006
6426.65114 15.984 0.006
6426.66484 16.002 0.005
6426.67844 16.003 0.005
6426.75973 15.993 0.005
6426.77364 16.008 0.006
6426.79818 16.003 0.006
6426.82319 16.010 0.006
6426.83695 16.020 0.006
6426.85050 16.011 0.005
6426.86470 16.009 0.006
6426.87806 16.010 0.006
6426.89164 16.005 0.006
6426.90527 16.003 0.006
6426.91881 16.029 0.006
6426.93227 16.007 0.006
6427.79123 16.029 0.005
6427.87180 16.053 0.005
6427.92109 16.025 0.005
6428.61397 16.009 0.006
6428.62764 16.005 0.006
6428.64164 16.034 0.007
6428.65517 16.032 0.007
6428.67092 16.026 0.007
6428.69107 16.033 0.006
6428.70488 16.042 0.006
6428.80865 16.032 0.006
6428.82300 16.024 0.006
6428.83710 16.015 0.006
6428.85197 16.027 0.006
6428.86600 16.019 0.006
6428.87967 16.038 0.006
6428.89309 16.039 0.006
6428.90651 16.029 0.006
6428.92003 16.030 0.007
6428.93392 16.035 0.007
6429.60986 16.033 0.006
6431.59208 16.076 0.008
6431.60876 16.064 0.008
6431.63324 16.076 0.007
6431.65345 16.051 0.007
6431.68016 16.042 0.007
6431.69362 16.076 0.006
6431.72977 16.064 0.006
6431.74468 16.068 0.006
6431.76761 16.063 0.006
6431.78226 16.063 0.006
6431.79753 16.060 0.006
6431.81106 16.051 0.006
6431.82446 16.060 0.006
6431.83796 16.080 0.006
6431.85144 16.061 0.006
6431.86477 16.066 0.006
6431.87822 16.080 0.006
6431.89200 16.059 0.006
6431.90546 16.054 0.007
6431.91875 16.061 0.007
6431.93314 16.079 0.007
6432.59318 16.082 0.008
6432.61568 16.072 0.007
6432.64640 16.042 0.007
6432.74004 16.083 0.006
6432.76250 16.069 0.006
6432.77633 16.065 0.006
6432.79005 16.077 0.006
6432.80440 16.092 0.006
6432.81773 16.082 0.006
6432.83109 16.093 0.007
6432.84442 16.081 0.006
6432.85831 16.092 0.006
6432.87157 16.082 0.006
6432.88515 16.083 0.007
6432.89879 16.071 0.006
6432.91213 16.091 0.006
6432.92565 16.093 0.006
6432.94107 16.079 0.007
6433.59677 16.092 0.007
6433.60870 16.087 0.007
6433.62215 16.105 0.007
6433.66255 16.076 0.007
6433.67652 16.071 0.007
6433.68976 16.093 0.006
6433.70327 16.082 0.006
6433.72616 16.092 0.006
6433.73965 16.092 0.007
6433.76372 16.089 0.006
6433.77759 16.091 0.006
6433.79124 16.116 0.007
6433.80648 16.114 0.007
6433.82812 16.096 0.005
6433.84381 16.089 0.005
6433.86103 16.107 0.006
6434.59493 16.095 0.008
6434.61058 16.087 0.007
6434.62402 16.085 0.007
6434.63744 16.088 0.007
6434.65079 16.027 0.007
6434.66448 16.089 0.007
6434.67787 16.089 0.006
6434.69309 16.100 0.007
6434.70649 16.086 0.006
6434.72893 16.110 0.006
6434.74259 16.117 0.006
6434.76568 16.096 0.006
6434.77980 16.098 0.006
6434.79418 16.097 0.006
6434.80798 16.100 0.006
6434.82158 16.115 0.006
6434.83544 16.109 0.006
6434.84892 16.101 0.006
6434.86225 16.106 0.006
6434.88342 16.126 0.006
6434.89791 16.120 0.006
6434.91121 16.117 0.006
6434.92900 16.104 0.007
6434.94912 16.113 0.008
6435.59221 16.087 0.008
6435.61173 16.142 0.008
6435.62598 16.094 0.007
6435.64118 16.114 0.006
6435.65451 16.098 0.006
6435.66802 16.108 0.006
6435.69556 16.106 0.006
6435.71025 16.119 0.006
6435.73366 16.132 0.006
6435.74705 16.122 0.006
6435.77008 16.109 0.006
6435.78451 16.144 0.006
6435.79914 16.144 0.006
6435.81251 16.129 0.006
6435.82677 16.118 0.006
6435.84135 16.120 0.006
6435.85595 16.136 0.006
6435.87054 16.134 0.006
6435.88433 16.127 0.006
6435.89920 16.119 0.006
6435.91245 16.128 0.006
6435.92596 16.108 0.006
6435.93931 16.107 0.007
6436.58548 16.099 0.007
6436.59877 16.125 0.007
6436.61206 16.113 0.007
6436.62720 16.129 0.006
6436.64096 16.127 0.007
6436.66892 16.117 0.006
6436.68364 16.140 0.006
6436.69694 16.129 0.006
6436.71194 16.120 0.006
6436.73460 16.143 0.006
6436.77504 16.128 0.006
6436.78947 16.147 0.006
6436.80301 16.127 0.006
6436.81637 16.140 0.006
6436.83103 16.136 0.006
6436.84442 16.144 0.006
6436.85818 16.151 0.006
6436.87295 16.150 0.006
6436.88619 16.128 0.006
6436.89957 16.129 0.006
6436.91310 16.152 0.007
6436.92817 16.142 0.007
6436.94153 16.118 0.007
6437.71292 16.147 0.008
6437.73029 16.136 0.008
6437.74393 16.167 0.008
6437.77289 16.152 0.007
6437.80859 16.137 0.008
6437.82281 16.143 0.008
6437.83688 16.143 0.008
6437.84737 16.145 0.008
6437.85861 16.148 0.008
6437.87302 16.144 0.008
6437.88536 16.123 0.008
6437.90054 16.150 0.008
6437.91402 16.153 0.008
6437.92778 16.155 0.008
6437.94103 16.149 0.009
6441.63255 16.219 0.008
6441.64881 16.169 0.008
6441.68396 16.246 0.008
6441.72119 16.188 0.007
6441.73456 16.197 0.008
6441.75826 16.192 0.007
6441.77317 16.205 0.007
6441.78759 16.191 0.007
6441.81175 16.191 0.007
6441.82515 16.182 0.007
6441.83956 16.225 0.007
6441.85353 16.196 0.007
6441.86950 16.193 0.007
6441.88328 16.197 0.008
6441.89669 16.195 0.007
6441.91059 16.177 0.008
6441.92584 16.176 0.007
6441.94137 16.186 0.008
6441.95126 16.241 0.015
6442.56399 16.194 0.006
6442.58087 16.191 0.006
6442.59420 16.195 0.006
6442.60775 16.219 0.006
6442.62108 16.205 0.006
6442.74937 16.234 0.006
6442.76421 16.212 0.006
6442.77816 16.211 0.006
6442.79168 16.211 0.006
6442.80540 16.213 0.006
6442.81886 16.226 0.006
6442.83205 16.219 0.006
6442.84538 16.225 0.006
6442.85858 16.214 0.006
6442.87187 16.199 0.006
6442.88529 16.215 0.006
6442.89844 16.219 0.006
6442.91167 16.217 0.007
6442.92506 16.196 0.007
6442.93853 16.194 0.007
6443.57175 16.211 0.006
6443.61390 16.219 0.006
6443.63719 16.200 0.006
6443.66806 16.210 0.006
6443.77262 16.220 0.006
6443.79284 16.219 0.006
6443.81908 16.230 0.006
6443.86673 16.214 0.006
6444.60236 16.228 0.008
6444.75646 16.233 0.007
6444.77430 16.230 0.006
6444.79736 16.233 0.006
6444.81090 16.238 0.007
6444.82444 16.245 0.007
6444.83843 16.238 0.006
6444.85180 16.245 0.006
6444.86520 16.216 0.007
6444.87850 16.234 0.007
6444.89358 16.237 0.007
6444.90707 16.226 0.007
6444.92929 16.225 0.007
6444.94392 16.202 0.008
6445.56686 16.236 0.007
6445.59327 16.242 0.008
6445.60829 16.238 0.007
6445.62247 16.223 0.007
6445.63888 16.227 0.006
6445.65371 16.239 0.006
6445.74136 16.242 0.007
6445.75811 16.259 0.006
6445.78458 16.252 0.006
6445.79973 16.242 0.006
6445.81510 16.250 0.006
6445.83021 16.256 0.007
6445.84525 16.246 0.007
6445.86037 16.231 0.007
6445.87535 16.227 0.007
6445.89048 16.243 0.007
6445.90795 16.230 0.008
6445.92289 16.257 0.007
6445.93800 16.235 0.008
6446.55421 16.253 0.007
6446.56766 16.256 0.006
6446.58275 16.252 0.006
6446.59878 16.272 0.006
6446.61333 16.236 0.006
6446.62667 16.249 0.006
6446.74583 16.264 0.006
6446.76177 16.276 0.006
6446.77530 16.259 0.006
6446.78881 16.256 0.006
6446.80212 16.266 0.006
6446.81726 16.283 0.006
6446.83090 16.270 0.006
6446.84445 16.266 0.006
6446.85830 16.278 0.006
6446.89519 16.269 0.006
6446.91025 16.274 0.007
6446.92541 16.245 0.007
6446.93756 16.226 0.007
6447.55012 16.281 0.007
6447.55913 16.264 0.007
6447.57442 16.283 0.007
6447.58786 16.261 0.007
6447.60155 16.243 0.007
6447.69053 16.284 0.007
6447.70368 16.292 0.006
6447.72745 16.278 0.006
6447.74160 16.290 0.007
6447.75886 16.272 0.006
6447.77239 16.287 0.006
6447.78579 16.290 0.006
6447.80026 16.306 0.006
6447.81409 16.294 0.006
6447.82749 16.275 0.006
6447.84077 16.274 0.006
6447.85423 16.284 0.006
6447.86790 16.271 0.006
6447.88128 16.271 0.006
6447.89476 16.298 0.007
6447.90861 16.263 0.006
6447.92194 16.282 0.007
6447.93520 16.267 0.007
6448.54923 16.272 0.008
6448.56331 16.300 0.008
6448.57667 16.279 0.007
6448.59015 16.305 0.007
6448.60346 16.289 0.007
6448.70796 16.303 0.007
6448.73169 16.301 0.007
6448.74516 16.292 0.007
6448.76030 16.292 0.006
6448.77407 16.295 0.006
6448.78783 16.292 0.006
6448.80188 16.285 0.006
6448.81602 16.286 0.006
6448.82973 16.296 0.007
6448.84327 16.286 0.006
6448.85688 16.306 0.007
6448.87035 16.282 0.007
6448.88387 16.272 0.007
6448.89739 16.273 0.008
6448.91260 16.288 0.008
6448.92619 16.281 0.009
6449.54790 16.303 0.007
6449.56178 16.305 0.007
6449.57542 16.280 0.007
6449.58950 16.299 0.007
6449.60293 16.290 0.007
6449.64675 16.288 0.007
6449.66019 16.281 0.007
6449.67365 16.298 0.007
6449.68700 16.290 0.006
6449.70050 16.292 0.006
6449.72397 16.324 0.006
6449.73787 16.299 0.007
6449.76203 16.306 0.007
6449.77557 16.323 0.007
6449.78912 16.315 0.007
6449.80315 16.300 0.007
6449.81691 16.338 0.007
6449.83043 16.301 0.007
6449.84400 16.312 0.007
6449.85744 16.304 0.007
6449.87094 16.299 0.007
6449.88444 16.308 0.007
6449.89840 16.332 0.008
6449.91386 16.258 0.008
6449.92558 16.296 0.007
6450.54347 16.303 0.007
6450.55717 16.292 0.007
6450.57077 16.297 0.007
6450.58277 16.305 0.007
6450.65325 16.293 0.006
6450.66658 16.312 0.006
6450.68908 16.316 0.006
6450.70235 16.314 0.006
6450.72506 16.307 0.006
6450.73847 16.309 0.006
6450.75292 16.316 0.006
6450.76664 16.309 0.006
6450.78049 16.304 0.006
6450.79456 16.317 0.006
6450.80808 16.332 0.006
6450.82151 16.317 0.006
6450.83540 16.320 0.006
6450.85108 16.322 0.007
6450.86720 16.316 0.007
6450.88064 16.314 0.007
6450.89431 16.312 0.007
6450.91100 16.305 0.007
6450.92608 16.301 0.007
6451.54208 16.310 0.008
6451.55998 16.286 0.008
6451.57349 16.314 0.008
6451.58879 16.316 0.007
6451.60219 16.331 0.007
6451.61547 16.331 0.007
6451.62892 16.302 0.007
6451.64263 16.308 0.007
6451.65596 16.320 0.007
6451.66939 16.306 0.007
6451.68511 16.330 0.007
6451.70792 16.310 0.007
6451.72151 16.328 0.007
6451.74655 16.320 0.006
6451.76033 16.308 0.006
6451.77390 16.319 0.006
6451.78729 16.310 0.007
6451.80056 16.312 0.007
6451.81426 16.315 0.007
6451.82804 16.316 0.007
6451.84153 16.323 0.007
6451.85518 16.325 0.007
6451.86873 16.308 0.007
6451.88422 16.320 0.007
6451.89941 16.303 0.008
6451.91116 16.317 0.008
6452.53985 16.328 0.006
6452.55508 16.336 0.006
6452.56547 16.330 0.006
6452.57769 16.321 0.006
6452.58969 16.329 0.006
6452.60654 16.319 0.006
6452.62009 16.338 0.006
6452.63370 16.343 0.006
6452.64732 16.335 0.006
6452.66078 16.324 0.006
6452.67462 16.345 0.006
6452.69715 16.335 0.006
6452.74703 16.336 0.006
6452.77532 16.341 0.006
6452.79258 16.339 0.006
6452.81289 16.343 0.006
6452.82771 16.332 0.006
6452.84172 16.337 0.006
6452.85519 16.363 0.006
6452.86909 16.340 0.006
6452.88262 16.337 0.006
6452.89815 16.334 0.006
6452.91032 16.322 0.007
6452.92193 16.320 0.007
6454.53414 16.398 0.008
6454.54789 16.380 0.008
6454.56149 16.364 0.007
6454.57501 16.337 0.007
6454.58885 16.360 0.007
6454.60243 16.336 0.007
6454.61629 16.349 0.007
6454.62968 16.351 0.007
6454.64333 16.367 0.007
6454.65677 16.358 0.007
6454.67038 16.359 0.006
6454.69341 16.362 0.006
6454.70751 16.359 0.006
6454.73189 16.365 0.006
6454.74641 16.364 0.006
6454.76001 16.385 0.007
6454.77353 16.354 0.006
6454.78708 16.370 0.007
6454.80111 16.362 0.007
6454.81465 16.370 0.007
6454.82823 16.372 0.007
6454.84159 16.360 0.007
6454.85524 16.362 0.007
6454.86875 16.343 0.007
6454.88263 16.358 0.007
6454.89610 16.332 0.007
6454.90950 16.360 0.007
6455.53379 16.365 0.008
6455.54555 16.380 0.007
6455.55966 16.383 0.006
6455.57348 16.373 0.007
6455.58698 16.359 0.006
6455.60914 16.372 0.006
6455.63016 16.380 0.007
6455.69540 16.401 0.006
6455.71345 16.376 0.006
6455.74646 16.385 0.007
6455.79564 16.372 0.006
6455.81309 16.379 0.007
6456.53074 16.373 0.006
6456.54311 16.373 0.007
6456.55508 16.399 0.006
6456.56862 16.386 0.006
6456.58239 16.390 0.006
6456.59584 16.392 0.006
6456.60971 16.374 0.006
6456.62352 16.392 0.006
6456.63701 16.386 0.006
6456.65065 16.387 0.006
6456.67382 16.382 0.006
6456.68863 16.393 0.006
6456.71328 16.385 0.006
6456.72720 16.382 0.006
6456.74091 16.396 0.006
6456.75501 16.394 0.006
6456.76868 16.394 0.006
6456.78221 16.404 0.006
6456.79579 16.398 0.007
6456.80931 16.418 0.006
6456.82318 16.381 0.007
6456.83684 16.401 0.006
6456.88528 16.366 0.007
6456.90037 16.399 0.007
6456.91214 16.390 0.007
6457.65989 16.404 0.007
6457.69272 16.396 0.007
6457.71617 16.398 0.006
6457.73268 16.393 0.006
6457.75555 16.398 0.006
6457.76926 16.397 0.006
6457.78309 16.390 0.006
6457.79671 16.395 0.006
6457.81066 16.401 0.006
6457.82414 16.424 0.007
6457.83809 16.399 0.007
6457.85165 16.395 0.007
6457.86511 16.399 0.007
6457.87861 16.374 0.007
6457.89388 16.392 0.007
6457.90591 16.360 0.007
6458.53532 16.434 0.008
6458.55277 16.410 0.008
6458.56646 16.408 0.008
6458.58005 16.407 0.007
6458.59351 16.428 0.008
6458.60770 16.414 0.007
6458.62174 16.425 0.007
6458.63523 16.416 0.007
6458.64902 16.407 0.007
6458.66234 16.407 0.007
6458.67585 16.411 0.007
6458.69948 16.402 0.007
6458.71335 16.380 0.007
6458.72845 16.431 0.007
6458.75144 16.412 0.007
6458.76508 16.427 0.007
6458.77912 16.432 0.007
6458.79265 16.436 0.007
6458.80612 16.424 0.007
6458.81959 16.437 0.007
6458.83351 16.423 0.007
6458.84697 16.413 0.007
6458.86096 16.415 0.007
6458.87456 16.388 0.007
6458.88982 16.411 0.008
6458.90485 16.378 0.008
6459.52153 16.421 0.008
6459.53565 16.438 0.008
6459.54774 16.433 0.008
6459.56124 16.415 0.007
6459.57507 16.433 0.007
6459.58870 16.439 0.007
6459.60277 16.425 0.007
6459.61633 16.442 0.007
6459.62992 16.433 0.007
6459.64353 16.426 0.007
6459.65795 16.413 0.007
6459.68178 16.432 0.006
6459.70611 16.430 0.006
6459.72302 16.438 0.006
6459.73777 16.447 0.006
6459.75181 16.442 0.006
6459.76517 16.421 0.007
6459.77864 16.443 0.006
6459.79266 16.430 0.007
6459.80612 16.424 0.007
6459.81968 16.436 0.007
6459.83373 16.447 0.007
6459.84724 16.407 0.007
6459.86061 16.397 0.007
6459.87616 16.418 0.007
6459.88792 16.430 0.007
6459.90133 16.443 0.008
6460.54034 16.447 0.008
6460.58171 16.432 0.007
6460.60351 16.439 0.007
6460.61822 16.441 0.007
6460.63506 16.461 0.007
6460.65962 16.429 0.007
6460.68876 16.450 0.007
6460.70572 16.442 0.007
6460.73785 16.448 0.007
6460.76565 16.421 0.007
6460.78305 16.461 0.007
6460.80400 16.442 0.006
6460.85491 16.435 0.006
6460.87764 16.433 0.007
6460.89601 16.429 0.007
6461.53033 16.456 0.008
6461.54953 16.434 0.007
6461.56380 16.452 0.007
6461.57593 16.446 0.007
6461.59019 16.445 0.007
6461.60389 16.464 0.008
6461.61735 16.442 0.007
6461.63083 16.445 0.007
6461.64470 16.445 0.007
6461.66151 16.444 0.007
6461.67839 16.459 0.007
6461.69595 16.443 0.008
6461.71141 16.437 0.008
6461.74614 16.435 0.007
6461.76208 16.436 0.007
6461.78001 16.457 0.007
6461.79816 16.461 0.007
6461.81451 16.455 0.007
6461.83345 16.455 0.007
6461.84962 16.443 0.007
6461.86668 16.452 0.007
6461.88218 16.427 0.007
6461.89765 16.429 0.008
6462.57311 16.434 0.008
6462.60430 16.458 0.008
6462.62029 16.470 0.008
6462.63390 16.455 0.007
6462.64729 16.474 0.007
6462.66134 16.471 0.007
6462.68477 16.446 0.007
6462.69910 16.454 0.007
6462.79771 16.469 0.008
6462.81293 16.468 0.008
6462.82632 16.447 0.007
6462.83988 16.447 0.007
6462.85383 16.461 0.007
6462.86727 16.436 0.008
6462.88073 16.427 0.008
6462.89404 16.448 0.008
6463.50950 16.465 0.010
6463.53248 16.447 0.008
6463.54697 16.467 0.008
6463.56088 16.477 0.008
6463.57316 16.466 0.008
6463.58685 16.480 0.008
6463.60032 16.488 0.008
6463.61440 16.465 0.008
6463.62779 16.462 0.008
6463.64154 16.467 0.008
6463.65518 16.475 0.008
6463.67937 16.479 0.007
6463.69563 16.459 0.007
6463.72320 16.474 0.008
6463.73671 16.503 0.008
6463.75033 16.466 0.007
6463.76451 16.482 0.007
6463.77791 16.493 0.007
6463.79127 16.467 0.007
6463.80553 16.479 0.007
6463.81943 16.482 0.008
6463.83283 16.480 0.007
6463.84641 16.460 0.008
6463.85996 16.469 0.007
6463.87704 16.460 0.008
6463.89040 16.450 0.008
6464.54266 16.513 0.011
6464.58142 16.487 0.008
6464.59524 16.471 0.008
6464.60909 16.534 0.008
6464.62260 16.496 0.008
6464.63607 16.490 0.008
6464.64953 16.468 0.008
6464.66327 16.504 0.008
6464.67706 16.491 0.008
6464.69635 16.476 0.008
6464.72128 16.487 0.008
6464.73520 16.507 0.008
6464.74936 16.490 0.008
6464.77260 16.507 0.008
6464.78667 16.472 0.008
6464.80023 16.495 0.008
6464.81402 16.479 0.008
6464.82819 16.501 0.008
6464.84186 16.500 0.008
6464.85547 16.475 0.008
6464.87097 16.479 0.008
6464.88431 16.447 0.008
6468.52561 16.501 0.009
6468.54058 16.531 0.008
6468.55428 16.503 0.008
6468.56862 16.523 0.008
6468.58190 16.546 0.008
6468.59526 16.540 0.008
6468.60868 16.516 0.008
6468.62231 16.536 0.008
6468.63625 16.532 0.008
6468.64987 16.529 0.008
6468.67578 16.537 0.008
6468.69274 16.527 0.008
6468.70500 16.524 0.008
6468.72195 16.503 0.008
6468.73589 16.524 0.008
6468.74939 16.510 0.008
6468.77239 16.528 0.008
6468.79559 16.529 0.008
6468.80916 16.510 0.008
6468.82270 16.520 0.008
6469.50118 16.563 0.008
6469.52362 16.523 0.008
6469.53704 16.544 0.008
6469.55062 16.522 0.008
6469.56420 16.539 0.008
6469.57749 16.511 0.008
6469.59083 16.543 0.008
6469.60429 16.557 0.008
6469.61758 16.568 0.008
6469.63098 16.540 0.007
6469.65658 16.542 0.008
6469.68102 16.572 0.007
6469.69635 16.549 0.008
6469.71102 16.566 0.008
6469.72462 16.529 0.008
6469.73800 16.534 0.008
6469.75159 16.534 0.008
6469.76496 16.532 0.008
6469.77842 16.552 0.008
6469.82442 16.536 0.008
6469.83783 16.503 0.010
6469.85111 16.543 0.009
6469.86804 16.501 0.010
6469.87769 16.530 0.011
6471.56347 16.635 0.009
6471.60312 16.557 0.008
6471.61712 16.582 0.009
6471.63051 16.586 0.008
6471.64442 16.577 0.008
6472.69123 16.563 0.008
6472.70528 16.594 0.008
6472.72922 16.563 0.008
6472.74334 16.579 0.008
6472.75689 16.587 0.008
6472.77042 16.598 0.008
6472.78396 16.592 0.008
6472.79747 16.554 0.008
6472.81091 16.604 0.009
6472.82456 16.587 0.008
6472.83807 16.580 0.009
6472.85448 16.553 0.009
6473.53001 16.628 0.009
6473.54431 16.595 0.008
6473.55795 16.635 0.008
6473.57119 16.591 0.008
6473.58656 16.586 0.008
6473.59991 16.584 0.007
6473.61329 16.601 0.007
6473.62691 16.606 0.007
6473.64041 16.604 0.007
6473.65380 16.586 0.007
6473.67883 16.618 0.008
6473.69301 16.615 0.007
6473.71639 16.597 0.007
6473.72985 16.591 0.008
6473.74356 16.619 0.007
6473.75708 16.589 0.007
6473.77088 16.603 0.007
6473.78460 16.618 0.008
6473.79794 16.572 0.008
6473.81129 16.580 0.008
6473.82484 16.579 0.008
6473.83833 16.616 0.008
6473.85191 16.593 0.008
6473.86370 16.582 0.009
6473.87368 16.573 0.008
6474.48887 16.609 0.009
6474.50245 16.602 0.009
6474.51680 16.602 0.009
6474.53340 16.600 0.009
6474.54692 16.611 0.008
6474.56025 16.617 0.008
6474.57361 16.611 0.008
6474.58704 16.636 0.009
6474.60561 16.608 0.008
6474.61893 16.600 0.008
6474.63251 16.620 0.008
6474.64586 16.617 0.008
6474.65944 16.598 0.008
6474.67643 16.614 0.008
6474.69010 16.612 0.008
6474.71445 16.638 0.008
6474.72823 16.600 0.008
6474.75099 16.576 0.008
6474.76427 16.601 0.008
6474.77779 16.597 0.008
6474.79128 16.622 0.009
6474.80461 16.586 0.008
6474.81817 16.608 0.009
6474.83146 16.566 0.008
6474.84481 16.577 0.009
6474.85853 16.587 0.009
6474.87059 16.577 0.010
6475.48058 16.642 0.009
6475.49395 16.613 0.009
6475.50895 16.602 0.009
6475.52241 16.608 0.008
6475.53679 16.622 0.008
6475.55208 16.624 0.008
6475.56550 16.638 0.009
6475.58246 16.634 0.008
6475.62666 16.640 0.008
6475.67773 16.645 0.008
6475.69544 16.637 0.008
6475.71335 16.629 0.008
6475.72689 16.628 0.008
6475.74035 16.626 0.008
6475.75379 16.640 0.008
6475.76724 16.644 0.008
6475.78086 16.634 0.008
6475.79583 16.613 0.008
6475.80929 16.614 0.008
6475.82267 16.616 0.009
6475.83619 16.579 0.009
6475.85034 16.616 0.009
6475.86392 16.588 0.010
6476.47898 16.674 0.010
6476.49344 16.674 0.010
6476.50728 16.694 0.008
6476.52064 16.667 0.008
6476.53415 16.622 0.008
6476.54784 16.658 0.008
6476.56132 16.661 0.008
6476.57494 16.630 0.008
6476.68183 16.662 0.008
6476.69574 16.645 0.008
6476.70932 16.620 0.008
6476.72264 16.651 0.008
6476.73641 16.648 0.008
6476.74992 16.644 0.008
6476.76346 16.628 0.008
6476.77702 16.629 0.008
6476.79049 16.630 0.007
6476.80400 16.623 0.008
6476.81772 16.603 0.008
6476.83129 16.627 0.009
6476.84539 16.625 0.009
6477.48150 16.665 0.009
6477.50154 16.647 0.008
6477.51562 16.653 0.008
6477.52909 16.664 0.008
6477.54258 16.647 0.008
6477.55646 16.630 0.008
6477.57023 16.628 0.008
6477.58388 16.657 0.008
6477.59733 16.647 0.008
6477.61093 16.649 0.008
6477.62477 16.648 0.008
6477.64927 16.670 0.008
6477.67440 16.646 0.008
6477.69035 16.651 0.008
6477.70400 16.640 0.008
6477.71753 16.657 0.008
6477.73134 16.669 0.008
6477.74471 16.651 0.008
6477.75806 16.648 0.008
6477.77174 16.649 0.008
6477.78532 16.660 0.009
6477.79916 16.670 0.009
6478.50861 16.657 0.008
6478.52476 16.693 0.009
6478.53832 16.629 0.008
6478.55192 16.651 0.008
6478.56527 16.633 0.008
6478.57862 16.695 0.008
6478.59198 16.671 0.008
6478.60546 16.679 0.008
6478.62924 16.651 0.007
6478.64457 16.661 0.008
6478.65956 16.661 0.008
6478.67695 16.633 0.008
6478.78910 16.677 0.009
6479.55977 16.668 0.008
6479.57333 16.660 0.008
6479.58715 16.678 0.008
6479.60070 16.673 0.008
6479.61412 16.653 0.008
6479.62759 16.673 0.008
6479.64238 16.674 0.008
6479.66784 16.672 0.008
6479.68269 16.650 0.008
6479.69642 16.663 0.008
6479.71771 16.662 0.008
6479.72784 16.648 0.008
6479.75472 16.664 0.008
6479.76846 16.651 0.008
6479.78785 16.631 0.008
6479.80571 16.656 0.008
6479.81940 16.672 0.009
6479.83341 16.679 0.009
6479.84397 16.656 0.009
6480.49707 16.721 0.010
6480.53965 16.698 0.009
6480.55306 16.688 0.008
6480.56877 16.688 0.008
6480.58232 16.725 0.009
6480.59579 16.678 0.008
6480.60931 16.689 0.008
6480.62295 16.685 0.008
6480.67180 16.661 0.008
6480.68520 16.659 0.008
6480.69861 16.679 0.008
6480.71196 16.648 0.008
6480.72559 16.701 0.008
6480.73905 16.676 0.008
6480.75269 16.661 0.008
6480.76616 16.698 0.008
6480.77951 16.678 0.008
6480.79423 16.698 0.008
6480.80775 16.713 0.008
6480.82127 16.711 0.009
6480.83364 16.664 0.009
6481.46542 16.682 0.008
6481.48241 16.669 0.008
6481.49583 16.686 0.008
6481.50973 16.712 0.009
6481.52357 16.688 0.008
6481.53715 16.693 0.008
6481.55281 16.711 0.008
6481.71194 16.693 0.009
6481.72540 16.656 0.008
6481.73925 16.669 0.008
6481.75293 16.703 0.008
6481.76774 16.708 0.008
6481.78179 16.691 0.008
6481.79669 16.710 0.008
6481.81020 16.703 0.008
6481.82422 16.680 0.009
6482.65838 16.733 0.010
6482.73209 16.740 0.009
6482.75614 16.682 0.009
6482.77002 16.695 0.008
6482.78354 16.711 0.010
6482.79546 16.718 0.011
6483.57789 16.736 0.008
6483.59146 16.670 0.007
6483.60472 16.745 0.007
6483.63087 16.742 0.007
6484.46108 16.737 0.012
6484.47515 16.761 0.008
6484.48854 16.746 0.008
6484.50206 16.779 0.009
6484.51553 16.726 0.008
6484.52906 16.732 0.008
6484.54284 16.748 0.008
6484.55627 16.733 0.008
6484.56981 16.740 0.008
6485.46364 16.761 0.011
6485.47888 16.750 0.008
6485.49370 16.764 0.008
6485.50930 16.772 0.008
6485.52474 16.744 0.008
6485.55607 16.742 0.008
6485.57042 16.749 0.008
6485.59372 16.731 0.008
6485.63477 16.783 0.008
6485.65991 16.785 0.008
6485.68438 16.775 0.008
6485.69791 16.769 0.008
6485.71152 16.765 0.007
6485.72559 16.772 0.008
6485.73905 16.757 0.008
6485.75784 16.763 0.008
6485.77128 16.748 0.008
6485.78680 16.784 0.008
6485.80327 16.777 0.008
6485.81687 16.739 0.008
6485.82855 16.774 0.008
6486.46561 16.775 0.011
6486.48067 16.772 0.009
6486.49446 16.786 0.008
6486.50807 16.794 0.008
6486.52201 16.790 0.009
6486.53584 16.745 0.009
6486.55438 16.769 0.008
6486.56825 16.779 0.008
6486.58209 16.787 0.008
6486.59651 16.794 0.008
6486.61939 16.773 0.008
6486.65963 16.786 0.008
6486.66554 16.803 0.008
6486.68866 16.795 0.008
6486.70322 16.784 0.008
6486.71840 16.774 0.008
6486.73188 16.793 0.008
6486.74616 16.778 0.008
6486.76280 16.781 0.008
6486.77871 16.791 0.008
6486.79221 16.758 0.008
6486.80554 16.780 0.008
6486.81900 16.778 0.008
6487.46542 16.816 0.009
6487.48073 16.782 0.008
6487.50957 16.774 0.008
6487.55570 16.789 0.008
6487.56945 16.798 0.008
6487.58300 16.791 0.008
6487.59679 16.796 0.008
6487.62172 16.794 0.008
6487.64622 16.792 0.008
6487.66960 16.822 0.007
6487.68321 16.805 0.007
6487.69673 16.804 0.007
6487.71039 16.776 0.007
6487.72467 16.796 0.008
6487.74041 16.796 0.008
6487.75409 16.785 0.007
6487.76786 16.786 0.007
6487.78292 16.804 0.007
6487.79938 16.782 0.008
6487.81293 16.763 0.008
6487.82456 16.766 0.008
6490.46345 16.851 0.011
6490.47691 16.857 0.009
6490.49081 16.854 0.008
6490.50466 16.835 0.008
6490.51810 16.834 0.008
6490.61676 16.840 0.008
6490.63261 16.842 0.008
6490.64681 16.837 0.008
6490.66403 16.856 0.008
6490.67785 16.855 0.008
6490.69148 16.832 0.008
6490.70479 16.840 0.008
6490.71847 16.835 0.008
6490.73190 16.855 0.008
6490.74546 16.828 0.008
6490.76254 16.812 0.008
6490.79112 16.823 0.008
6491.46333 16.872 0.014
6491.47670 16.835 0.010
6491.49053 16.833 0.010
6491.50600 16.853 0.010
6491.52007 16.845 0.009
6491.53610 16.878 0.009
6491.58175 16.840 0.008
6491.59600 16.856 0.009
6491.61161 16.850 0.008
6491.63907 16.856 0.008
6491.66239 16.835 0.009
6491.68294 16.837 0.008
6491.69678 16.843 0.008
6491.71021 16.857 0.008
6491.72521 16.860 0.008
6491.73864 16.875 0.008
6491.75222 16.848 0.008
6491.76752 16.817 0.008
6491.78108 16.838 0.008
6491.79726 16.850 0.009
6491.81064 16.807 0.009
6492.46514 16.878 0.014
6492.47943 16.878 0.011
6492.49535 16.900 0.011
6492.51239 16.836 0.009
6492.52657 16.883 0.009
6492.57464 16.855 0.008
6492.63552 16.855 0.010
6492.65707 16.887 0.010
6492.67070 16.853 0.010
6492.68543 16.861 0.009
6492.69423 16.897 0.009
6492.70829 16.835 0.009
6492.71684 16.865 0.008
6492.72897 16.859 0.009
6492.74418 16.891 0.011
6492.75363 16.876 0.009
6492.77272 16.912 0.012
6492.78810 16.879 0.012
6496.46422 17.041 0.023
6496.48056 16.917 0.012
6496.49419 16.927 0.011
6496.50781 16.931 0.013
6496.52107 16.942 0.011
6496.53428 16.907 0.012
6496.54761 16.873 0.010
6496.56101 16.954 0.013
6496.57460 16.937 0.012
6496.58842 16.930 0.012
6496.62161 16.911 0.011
6496.63937 16.898 0.012
6496.77130 16.870 0.012
6496.78607 16.850 0.013
6497.55201 16.934 0.011
6497.56544 16.997 0.012
6497.57884 16.950 0.012
6497.59271 16.914 0.011
6497.60625 16.965 0.011
6497.62262 16.944 0.011
6497.63128 16.958 0.011
6497.64486 16.916 0.009
6497.66153 16.882 0.010
6497.68183 16.924 0.010
6497.69546 16.935 0.010
6497.70917 16.938 0.010
6497.72297 16.897 0.010
6497.73677 16.917 0.010
6497.75033 16.938 0.012
6497.76370 16.934 0.010
6497.77749 16.894 0.009
6497.78921 16.939 0.012
6498.46259 16.963 0.011
6498.47695 16.895 0.008
6498.49169 16.957 0.008
6498.50610 16.942 0.008
6498.52092 16.940 0.008
6498.53464 16.967 0.008
6498.55120 16.957 0.008
6498.56558 16.953 0.008
6498.57941 16.974 0.008
6498.59518 16.929 0.008
6498.61138 16.975 0.008
6498.62847 16.950 0.008
6498.64281 16.976 0.009
6498.65737 16.929 0.008
6498.67143 16.966 0.008
6498.68560 16.939 0.008
6498.70012 16.953 0.008
6498.71491 16.944 0.009
6498.72894 16.987 0.008
6498.74322 16.960 0.008
6498.75697 16.944 0.009
6498.77469 16.926 0.010
6498.78513 16.907 0.009
6499.46274 16.989 0.012
6499.47665 16.948 0.009
6499.49097 16.943 0.009
6499.50553 16.961 0.008
6499.52051 16.968 0.008
6499.53490 16.984 0.008
6499.54877 16.925 0.008
6499.56341 16.949 0.008
6500.51835 16.998 0.012
6500.53276 16.991 0.011
6500.54722 16.970 0.012
6500.56222 17.005 0.011
6500.58741 16.993 0.011
6500.64308 17.047 0.012
6500.65957 16.964 0.010
6500.67420 16.974 0.010
6500.68985 17.030 0.011
6500.70368 16.995 0.012
6500.71785 16.965 0.011
6500.75567 16.996 0.010
6501.51636 16.992 0.010
6501.52999 17.012 0.010
6501.55302 16.971 0.010
6501.56655 17.007 0.009
6501.59090 16.981 0.008
6501.61362 16.974 0.008
6501.63147 16.999 0.008
6501.64514 16.985 0.008
6501.65898 16.983 0.008
6501.67291 17.015 0.008
6501.68665 16.988 0.008
6501.70149 16.998 0.008
6501.71536 16.970 0.008
6501.73017 16.977 0.009
6501.74441 16.959 0.010
6501.75818 16.984 0.011
6501.77291 16.976 0.012
6502.64008 17.005 0.009
6504.61306 17.010 0.008
6504.64348 17.036 0.009
6504.66144 17.002 0.009
6504.67488 16.991 0.008
6504.68832 17.020 0.009
6504.70276 17.041 0.010
6504.71735 17.001 0.010
6504.73109 16.993 0.009
6504.74507 16.975 0.010
6505.46886 17.060 0.014
6505.48245 17.025 0.010
6505.50581 17.065 0.010
6505.52863 17.077 0.011
6505.54348 17.017 0.009
6505.55725 17.034 0.009
6505.57322 17.067 0.010
6505.58821 17.072 0.010
6505.61685 17.057 0.010
6505.63103 17.040 0.011
6505.64461 17.057 0.010
6505.65822 17.064 0.009
6505.67176 17.044 0.009
6505.68555 17.059 0.010
6505.69991 17.041 0.010
6505.71347 17.102 0.010
6505.72786 17.056 0.010
6505.74205 17.034 0.010
6505.75630 17.014 0.010
6505.76912 17.036 0.013
6505.78141 16.965 0.013
6506.47245 17.226 0.016
6506.49463 17.084 0.013
6506.54721 17.104 0.013
6506.56199 17.073 0.011
6506.57997 17.064 0.011
6506.59581 17.038 0.011
6506.61011 17.094 0.013
6506.64242 17.060 0.011
6506.65613 17.077 0.011
6506.67948 17.038 0.010
6506.70324 17.032 0.011
6506.71780 17.068 0.011
6506.73151 17.034 0.011
6506.74515 17.037 0.012
6506.75890 17.073 0.011
6507.61960 17.128 0.012
6507.63331 17.108 0.010
6507.64741 17.119 0.014
6507.67827 17.098 0.012
6507.70228 17.083 0.014
6507.71667 17.067 0.013
6507.73023 17.045 0.013
6507.75328 17.083 0.013
6508.47069 17.118 0.015
6508.48895 17.103 0.011
6508.51165 17.143 0.012
6508.53443 17.118 0.011
6508.54808 17.120 0.009
6508.56304 17.103 0.010
6508.57837 17.119 0.009
6508.59749 17.076 0.008
6508.61117 17.089 0.009
6508.62473 17.121 0.008
6508.63929 17.094 0.008
6508.65328 17.089 0.008
6508.66740 17.099 0.008
6508.68122 17.107 0.009
6508.69489 17.101 0.008
6508.70950 17.098 0.009
6508.74139 17.100 0.008
6508.75482 17.109 0.009
6508.76923 17.059 0.010
6509.47993 17.144 0.010
6509.50190 17.125 0.008
6509.51630 17.119 0.008
6509.53909 17.136 0.009
6509.56287 17.123 0.008
6509.57679 17.156 0.008
6509.59095 17.135 0.008
6509.60497 17.120 0.008
6509.61872 17.118 0.008
6509.63295 17.120 0.008
6509.64671 17.109 0.008
6509.66041 17.119 0.008
6509.67429 17.144 0.008
6509.68814 17.100 0.008
6509.70174 17.114 0.009
6509.71682 17.094 0.009
6509.73070 17.064 0.010
6509.74436 17.085 0.010
6509.75823 17.057 0.011
6510.46922 17.127 0.010
6510.48275 17.131 0.008
6510.50855 17.117 0.008
6510.53174 17.128 0.008
6510.54551 17.135 0.008
6510.56042 17.120 0.008
6510.57695 17.118 0.008
6510.59235 17.138 0.008
6510.60693 17.145 0.008
6510.62093 17.123 0.008
6510.63505 17.126 0.008
6510.64899 17.123 0.008
6510.69019 17.121 0.008
6510.70494 17.143 0.010
6510.71916 17.117 0.010
6510.73292 17.114 0.011
6510.74723 17.112 0.012
6510.75979 17.114 0.013
6511.47398 17.146 0.011
6511.48761 17.169 0.010
6511.51832 17.185 0.011
6511.56706 17.207 0.011
6511.59679 17.165 0.011
6511.61231 17.176 0.011
6511.63581 17.148 0.009
6511.65150 17.147 0.009
6511.66735 17.119 0.009
6511.68541 17.138 0.011
6511.70122 17.188 0.009
6511.71674 17.158 0.010
6511.73682 17.157 0.010
6511.75404 17.141 0.010
6512.71913 17.151 0.011
6512.73281 17.222 0.013
6512.74702 17.146 0.014
6514.47509 17.151 0.012
6514.49332 17.199 0.012
6514.51648 17.198 0.011
6514.53633 17.199 0.011
6514.56526 17.193 0.010
6514.58975 17.198 0.009
6514.62085 17.169 0.009
6514.63689 17.193 0.008
6514.65523 17.166 0.009
6514.67181 17.169 0.008
6514.69396 17.213 0.009
6514.71042 17.202 0.009
6514.72686 17.199 0.009
6514.74828 17.166 0.010
6515.47386 17.169 0.009
6515.48952 17.211 0.009
6515.50551 17.174 0.008
6515.54175 17.195 0.008
6515.55978 17.234 0.009
6515.59107 17.168 0.009
6515.60740 17.195 0.009
6515.62318 17.194 0.008
6515.64440 17.180 0.008
6515.67125 17.210 0.008
6515.71204 17.190 0.008
6515.73133 17.181 0.009
6515.75045 17.184 0.011
6516.47707 17.205 0.012
6516.49407 17.221 0.011
6516.51684 17.259 0.013
6516.54630 17.279 0.012
6516.57029 17.225 0.011
6516.59925 17.194 0.010
6516.61487 17.210 0.009
6516.63124 17.253 0.011
6516.65112 17.221 0.010
6516.66921 17.292 0.012
6516.68614 17.306 0.015
6518.48673 17.236 0.010
6518.51238 17.250 0.010
6518.53810 17.257 0.009
6518.55866 17.263 0.009
6518.57523 17.237 0.009
6518.59590 17.233 0.009
6518.61194 17.258 0.009
6518.62742 17.243 0.009
6518.64304 17.267 0.009
6518.65883 17.238 0.009
6518.67463 17.270 0.009
6518.69073 17.207 0.009
6518.70705 17.237 0.009
6518.72084 17.262 0.010
6519.47876 17.278 0.011
6519.49247 17.292 0.010
6519.50832 17.264 0.009
6519.54629 17.258 0.008
6519.56482 17.253 0.010
6519.58025 17.263 0.010
6519.59629 17.236 0.009
6519.61331 17.276 0.009
6519.62831 17.257 0.010
6519.64892 17.237 0.010
6519.66481 17.255 0.010
6519.68069 17.272 0.010
6519.69632 17.327 0.011
6519.71221 17.318 0.013
6519.72763 17.291 0.012
6523.48623 17.290 0.012
6523.50057 17.322 0.012
6523.51279 17.304 0.011
6523.52557 17.295 0.011
6523.53850 17.306 0.012
6523.55118 17.279 0.011
6523.56318 17.293 0.011
6523.57488 17.333 0.010
6523.58850 17.282 0.010
6523.60049 17.339 0.011
6523.61392 17.314 0.012
6523.62759 17.314 0.012
6523.64115 17.290 0.013
6523.65460 17.340 0.013
6523.66816 17.054 0.012
6523.68166 17.253 0.016
6523.69601 17.284 0.016
6523.71011 17.279 0.017
6524.48601 17.331 0.011
6524.50133 17.306 0.011
6524.51745 17.314 0.011
6524.53399 17.310 0.011
6524.55006 17.368 0.011
6524.56614 17.356 0.011
6524.58227 17.335 0.011
6524.59882 17.366 0.011
6524.61424 17.341 0.011
6524.63064 17.357 0.012
6524.64654 17.293 0.013
6524.66289 17.313 0.013
6525.48670 17.341 0.014
6525.50296 17.344 0.014
6525.52024 17.365 0.014
6525.53664 17.342 0.014
6525.55232 17.382 0.016
6525.56814 17.351 0.014
6525.58384 17.366 0.014
6525.60435 17.366 0.017
6525.62014 17.348 0.016
6525.63953 17.305 0.015
6525.65498 17.353 0.016
6525.67049 17.303 0.015
6526.63011 17.313 0.013
6526.64540 17.407 0.014
6526.66191 17.392 0.013
6526.67737 17.372 0.014
6526.69258 17.346 0.014
6527.56795 17.338 0.014
6527.57088 17.392 0.014
6527.59545 17.374 0.018
6527.62056 17.293 0.017
6528.55205 17.401 0.012
6529.49318 17.449 0.013
6529.54555 17.403 0.013
6529.56261 17.417 0.014
6529.57691 17.455 0.014
6529.59055 17.385 0.012
6529.60408 17.397 0.014
6529.61946 17.430 0.016
6529.63314 17.360 0.014
6529.64694 17.446 0.015
6529.66061 17.339 0.015
6530.59738 17.422 0.018
6530.65566 17.409 0.016
6531.47105 17.420 0.026
6531.48621 17.433 0.014
6531.49984 17.408 0.014
6531.52655 17.439 0.014
6531.55847 17.430 0.012
6531.57602 17.435 0.013
6531.59195 17.425 0.013
6531.60775 17.438 0.012
6531.62356 17.443 0.012
6531.63942 17.478 0.013
6531.65488 17.428 0.011
6531.67160 17.419 0.013
6532.47281 17.471 0.018
6532.48641 17.500 0.012
6532.50166 17.459 0.014
6532.52856 17.466 0.011
6532.55584 17.451 0.010
6532.57190 17.457 0.011
6532.58799 17.481 0.011
6532.60565 17.469 0.012
6532.63146 17.464 0.012
6532.65119 17.428 0.012
6532.66702 17.446 0.012
6533.47789 17.512 0.017
6533.48381 17.463 0.015
6533.49888 17.512 0.016
6533.51715 17.476 0.013
6533.54270 17.437 0.014
6533.56981 17.450 0.012
6533.58765 17.459 0.013
6533.60322 17.453 0.012
6533.61997 17.443 0.012
6533.62867 17.455 0.012
6533.64878 17.460 0.013
6534.50087 17.477 0.016
6534.51620 17.480 0.012
6534.54071 17.509 0.014
6534.56356 17.517 0.014
6534.57724 17.478 0.012
6534.59165 17.479 0.013
6534.60493 17.457 0.011
6534.61859 17.430 0.012
6534.63192 17.448 0.013
6534.64785 17.474 0.014
6534.66592 17.418 0.017
6535.49259 17.520 0.016
6535.52679 17.517 0.016
6536.47262 17.618 0.020
6536.48677 17.483 0.013
6536.50483 17.524 0.013
6536.52744 17.557 0.012
6536.56448 17.495 0.010
6536.58710 17.492 0.010
6536.60059 17.498 0.011
6536.61498 17.468 0.011
6536.62962 17.488 0.011
6536.65645 17.475 0.011
6537.64538 17.590 0.013
6538.48207 17.548 0.016
6538.50927 17.529 0.012
6538.52273 17.521 0.012
6538.54641 17.507 0.011
6538.56196 17.543 0.013
6538.57738 17.503 0.014
6538.59089 17.518 0.014
6538.60434 17.489 0.014
6539.47367 17.534 0.017
6539.49372 17.518 0.011
6539.51128 17.512 0.012
6539.52499 17.475 0.010
6539.53872 17.455 0.010
6539.55263 17.546 0.012
6539.57279 17.555 0.011
6539.59619 17.525 0.011
6539.61331 17.511 0.009
6539.63232 17.508 0.010
6539.65433 17.444 0.012
6539.66954 17.470 0.011
6540.64873 17.484 0.016
6541.47047 17.516 0.014
6541.48914 17.506 0.012
6541.50328 17.561 0.013
6541.50725 17.541 0.013
6541.52085 17.568 0.014
6541.55020 17.541 0.012
6541.56567 17.562 0.011
6541.58455 17.500 0.011
6541.59810 17.534 0.011
6541.61169 17.546 0.009
6541.62955 17.532 0.010
6543.47342 17.711 0.030
6543.51273 17.581 0.016
6543.52650 17.595 0.014
6543.55020 17.550 0.013
6543.56352 17.545 0.012
6543.57797 17.518 0.011
6543.59517 17.514 0.011
6543.60872 17.533 0.013
6543.62230 17.589 0.013
6543.63573 17.548 0.014
6543.64908 17.568 0.014
6544.51383 17.551 0.012
6544.53762 17.551 0.015
6544.55115 17.552 0.012
6544.56441 17.573 0.011
6544.57821 17.557 0.010
6544.59311 17.471 0.012
6545.47582 17.617 0.015
6545.49418 17.617 0.015
6545.50807 17.574 0.011
6545.52188 17.528 0.011
6545.53607 17.525 0.010
6545.55002 17.549 0.010
6545.56693 17.591 0.011
6545.58107 17.541 0.013
6545.59857 17.575 0.012
6545.61284 17.525 0.011
6545.62680 17.548 0.012
6545.64089 17.578 0.012
6546.47757 17.574 0.025
6546.51481 17.618 0.020
6546.53311 17.569 0.019
6546.55060 17.576 0.017
6546.56814 17.612 0.017
6546.58527 17.569 0.016
6546.60283 17.543 0.015
6546.62874 17.625 0.016
6546.64642 17.522 0.016
6547.56181 17.593 0.026
6547.58105 17.671 0.029
6547.59557 17.529 0.025
6547.60894 17.431 0.025
6547.62865 17.530 0.028
6551.48123 17.786 0.029
6551.49508 17.646 0.024
6551.51875 17.558 0.021
6551.57093 17.529 0.018
6551.58449 17.541 0.019
6552.54789 17.593 0.019
6552.57042 17.588 0.019
6552.60696 17.521 0.020
6553.52632 17.681 0.024
6553.57993 17.616 0.021
6555.54243 17.661 0.024
6555.56741 17.495 0.016
6555.58080 17.614 0.017
6555.59419 17.552 0.015
6555.61910 17.516 0.017
6555.63241 17.565 0.018
6555.64664 17.563 0.018
6556.61079 17.535 0.019
6556.62810 17.505 0.019
6558.48892 17.603 0.013
6558.50579 17.573 0.011
6558.51945 17.576 0.012
6558.53300 17.525 0.011
6558.54675 17.558 0.012
6558.56007 17.544 0.012
6558.57679 17.520 0.012
6558.59050 17.521 0.013
6558.61295 17.509 0.016
6558.63019 17.421 0.015
6559.48713 17.604 0.018
6559.50531 17.602 0.016
6559.51889 17.547 0.016
6559.54573 17.587 0.013
6559.55912 17.574 0.014
6559.57251 17.602 0.015
6559.59569 17.537 0.015
6559.61188 17.542 0.016
6560.47990 17.558 0.025
6560.49736 17.537 0.015
6560.51977 17.549 0.013
6560.53333 17.502 0.013
6560.55011 17.552 0.013
6560.56345 17.524 0.013
6560.58008 17.498 0.014
6560.59944 17.524 0.017
6560.61925 17.547 0.015
6560.63463 17.527 0.016
6561.50716 17.516 0.016
6561.52385 17.551 0.014
6561.53722 17.523 0.015
6561.55081 17.487 0.015
6561.56427 17.521 0.016
6561.61796 17.457 0.016
6562.49239 17.638 0.018
6562.50923 17.556 0.014
6562.52268 17.524 0.013
6562.53954 17.564 0.015
6562.55299 17.507 0.014
6562.56979 17.552 0.012
6562.58649 17.538 0.012
6562.59991 17.530 0.012
6562.61325 17.506 0.012
6562.62730 17.506 0.014
6563.55691 17.463 0.015
6563.60271 17.525 0.014
6564.48749 17.516 0.017
6564.53614 17.490 0.014
6564.58082 17.485 0.014
6565.50783 17.488 0.014
6565.54861 17.541 0.013
6565.60284 17.474 0.013
6568.53289 17.490 0.017
6568.57373 17.430 0.014
6569.47938 17.491 0.023
6569.49323 17.482 0.011
6569.53313 17.464 0.010
6569.57409 17.482 0.012
6570.48747 17.424 0.015
6570.55197 17.484 0.014
6571.51875 17.501 0.017
6571.56002 17.498 0.015
6572.48073 17.491 0.026
6572.53656 17.422 0.013
6572.59030 17.419 0.015
6573.51164 17.471 0.013
6573.55650 17.445 0.014
6578.52006 17.373 0.014
6578.57332 17.377 0.014
6579.50249 17.471 0.015
6579.56372 17.353 0.018
6580.52257 17.396 0.015
6581.51681 17.319 0.014
6581.57336 17.309 0.016
6582.53677 17.345 0.012
6583.48960 17.360 0.021
6583.53500 17.344 0.017
6584.49080 17.221 0.018
6584.53558 17.299 0.018
6585.48949 17.313 0.019
6585.53925 17.323 0.018
6590.50516 17.276 0.013
6590.52898 17.235 0.013
6590.54952 17.283 0.015
6592.50215 17.259 0.014
6593.51705 17.213 0.014
6595.50370 17.177 0.013
6687.87472 14.908 0.005
6688.87114 14.859 0.005
6689.87237 14.839 0.005
6690.86884 14.821 0.005
6691.86761 14.772 0.005
6691.88245 14.791 0.005
6692.86870 14.776 0.005
6692.88365 14.752 0.005
6693.86150 14.732 0.005
6693.87976 14.755 0.005
6694.86168 14.715 0.005
6694.87898 14.725 0.005
6695.86787 14.708 0.005
6695.88717 14.718 0.005
6696.86091 14.695 0.005
6696.88032 14.700 0.005
6697.85871 14.660 0.005
6697.87690 14.677 0.005
6698.86087 14.654 0.005
6699.84247 14.639 0.005
6700.86746 14.633 0.005
6701.87097 14.624 0.005
6702.88596 14.627 0.005
6704.84841 14.579 0.005
6704.89317 14.587 0.005
6705.87628 14.581 0.005
6707.84054 14.561 0.005
6707.88815 14.560 0.005
6708.86284 14.578 0.005
6709.83454 14.549 0.005
6709.87424 14.568 0.005
6710.84718 14.554 0.005
6711.83818 14.539 0.005
6711.85169 14.532 0.005
6711.86649 14.543 0.005
6714.85335 14.533 0.005
6715.81359 14.540 0.005
6715.86083 14.521 0.005
6716.80944 14.552 0.005
6716.85081 14.535 0.005
6717.80991 14.555 0.005
6718.81582 14.567 0.005
6718.87986 14.563 0.005
6719.82368 14.555 0.005
6719.87306 14.574 0.005
6720.79962 14.559 0.005
6720.84818 14.564 0.005
6721.82808 14.562 0.005
6722.80020 14.575 0.005
6723.82654 14.589 0.005
6724.81058 14.597 0.005
6725.78649 14.601 0.005
6725.83592 14.610 0.005
6726.79905 14.604 0.005
6727.80393 14.627 0.005
6728.81936 14.637 0.005
6729.77664 14.628 0.005
6729.82492 14.646 0.005
6730.77353 14.640 0.005
6730.82525 14.627 0.005
6732.78166 14.647 0.005
6733.76987 14.664 0.005
6733.81913 14.664 0.005
6734.80066 14.686 0.005
6735.77801 14.686 0.005
6736.76107 14.670 0.005
6736.80800 14.686 0.005
6737.77105 14.705 0.005
6741.89944 14.753 0.005
6742.75466 14.748 0.005
6742.77340 14.750 0.005
6742.82196 14.770 0.005
6742.86506 14.762 0.005
6742.90814 14.762 0.005
6744.78180 14.771 0.005
6744.83081 14.751 0.005
6746.75652 14.804 0.005
6746.80497 14.816 0.005
6747.76059 14.819 0.005
6747.78357 14.806 0.005
6748.78456 14.834 0.005
6748.80056 14.833 0.005
6748.82570 14.835 0.005
6748.84189 14.841 0.005
6748.85794 14.837 0.005
6748.88160 14.829 0.005
6749.73448 14.835 0.005
6749.74683 14.829 0.005
6749.76305 14.818 0.005
6749.77935 14.835 0.005
6750.75105 14.845 0.005
6750.77241 14.847 0.005
6750.78759 14.857 0.005
6750.80794 14.849 0.005
6750.82752 14.848 0.005
6750.84523 14.868 0.005
6750.91065 14.868 0.005
6751.72979 14.878 0.005
6751.73362 14.846 0.005
6751.76051 14.848 0.005
6751.77663 14.863 0.005
6752.71793 14.860 0.005
6752.73125 14.871 0.005
6752.74996 14.858 0.005
6752.79343 14.888 0.005
6752.80963 14.872 0.005
6752.82442 14.887 0.005
6752.83870 14.884 0.005
6752.85329 14.887 0.005
6752.91350 14.875 0.005
6754.71070 14.910 0.005
6754.74284 14.895 0.005
6754.75620 14.906 0.005
6754.76920 14.898 0.005
6754.87066 14.907 0.005
6754.89056 14.905 0.005
6754.90547 14.913 0.005
6754.92045 14.915 0.005
6755.72837 14.928 0.005
6755.74564 14.920 0.005
6755.78514 14.903 0.005
6756.70726 14.920 0.005
6756.72346 14.934 0.005
6756.73841 14.931 0.005
6756.82915 14.952 0.005
6756.84351 14.935 0.005
6756.85801 14.945 0.005
6756.88228 14.941 0.005
6756.89813 14.946 0.005
6756.91250 14.949 0.005
6756.92720 14.948 0.005
6757.70525 14.940 0.005
6757.71989 14.957 0.005
6757.73459 14.950 0.005
6757.75074 14.954 0.005
6757.80954 14.958 0.005
6757.82667 14.963 0.005
6757.84132 14.949 0.005
6757.85637 14.953 0.005
6757.87239 14.949 0.005
6757.89053 14.958 0.005
6757.90631 14.928 0.005
6757.92102 14.951 0.005
6758.71807 14.955 0.005
6758.75167 14.948 0.005
6758.76686 14.947 0.005
6758.86690 14.943 0.005
6758.88561 14.931 0.005
6758.90155 14.948 0.005
6758.92297 14.942 0.005
6759.69080 14.944 0.005
6759.70512 14.944 0.005
6759.71919 14.972 0.005
6759.73558 14.974 0.005
6759.75211 14.974 0.005
6759.76837 14.981 0.005
6759.79470 14.988 0.005
6759.80920 14.989 0.005
6759.83493 14.979 0.005
6759.87929 14.979 0.005
6759.89572 14.992 0.005
6759.91033 14.976 0.005
6759.92487 14.976 0.005
6760.68924 14.975 0.005
6760.70635 14.970 0.005
6760.72432 14.978 0.005
6760.74075 14.994 0.005
6760.75746 14.993 0.005
6760.78378 14.988 0.005
6760.84528 14.992 0.005
6760.86094 15.003 0.005
6760.87792 15.003 0.005
6760.90651 15.014 0.005
6760.92058 15.002 0.005
6761.69022 14.979 0.005
6761.70322 14.969 0.005
6761.71939 14.981 0.005
6761.73548 14.974 0.005
6761.75341 15.004 0.005
6761.76793 15.001 0.005
6761.78229 15.003 0.005
6761.79685 14.999 0.005
6761.81139 14.997 0.005
6761.82657 15.011 0.005
6761.84101 15.003 0.005
6761.88906 15.006 0.005
6761.89228 15.006 0.005
6761.90662 15.021 0.005
6761.92258 15.019 0.005
6762.69840 14.990 0.005
6762.71307 15.006 0.005
6762.72790 15.000 0.005
6762.74502 15.002 0.005
6762.76096 15.001 0.005
6762.78124 15.007 0.005
6762.79576 15.022 0.005
6762.85693 15.009 0.005
6762.87136 15.020 0.005
6762.88739 15.036 0.005
6762.90239 15.034 0.005
6762.91785 15.023 0.005
6763.68282 15.004 0.005
6763.70125 15.020 0.005
6763.71577 15.007 0.005
6763.78027 15.026 0.005
6763.79556 15.020 0.005
6763.80996 15.017 0.005
6763.83559 15.015 0.005
6763.85279 15.018 0.005
6763.86770 15.024 0.005
6763.88336 15.024 0.005
6763.89842 15.039 0.005
6763.92267 15.029 0.005
6764.68052 15.010 0.005
6764.69666 15.011 0.005
6764.71090 15.013 0.005
6764.72696 15.020 0.005
6764.74992 15.027 0.005
6764.76651 15.023 0.005
6764.78074 15.027 0.005
6764.79764 15.035 0.005
6764.81218 15.028 0.005
6764.82648 15.047 0.005
6764.84096 15.032 0.005
6764.87079 15.026 0.005
6764.88648 15.036 0.005
6764.90124 15.041 0.005
6764.91583 15.049 0.005
6764.93023 15.033 0.005
6765.68575 15.020 0.005
6765.70754 15.024 0.005
6765.73815 15.042 0.005
6765.75590 15.043 0.005
6765.77184 15.034 0.005
6765.78985 15.056 0.005
6765.81796 15.046 0.005
6765.83235 15.036 0.005
6765.85040 15.039 0.005
6765.87007 15.050 0.005
6765.89072 15.055 0.005
6765.91823 15.032 0.005
6768.68251 15.031 0.005
6768.72447 15.070 0.005
6768.73897 15.067 0.005
6768.75390 15.080 0.005
6768.76912 15.067 0.005
6768.80504 15.092 0.005
6768.81836 15.081 0.005
6768.83392 15.088 0.005
6768.85058 15.084 0.005
6768.85805 15.094 0.005
6768.87610 15.097 0.005
6768.89384 15.091 0.005
6768.90957 15.085 0.005
6768.92500 15.080 0.005
6769.66923 15.042 0.005
6769.68528 15.070 0.005
6769.69966 15.074 0.005
6769.71604 15.067 0.005
6769.76399 15.081 0.005
6769.77832 15.071 0.005
6769.79293 15.070 0.005
6769.80722 15.077 0.005
6769.82227 15.091 0.005
6769.83673 15.083 0.005
6769.85118 15.078 0.005
6769.86579 15.076 0.005
6769.88114 15.094 0.005
6769.89534 15.094 0.005
6769.90961 15.104 0.005
6769.92451 15.090 0.005
6770.67236 15.087 0.005
6770.68656 15.087 0.005
6770.70874 15.100 0.005
6770.72299 15.092 0.005
6770.73807 15.094 0.005
6770.75252 15.097 0.005
6770.76732 15.096 0.005
6770.78174 15.105 0.005
6770.79608 15.122 0.005
6770.81134 15.110 0.005
6770.82562 15.110 0.005
6770.83995 15.110 0.005
6770.85587 15.099 0.005
6770.87128 15.109 0.005
6770.88650 15.108 0.005
6770.90091 15.116 0.005
6770.91685 15.103 0.005
6770.93342 15.097 0.005
6771.66783 15.113 0.005
6771.68611 15.123 0.005
6771.70068 15.113 0.005
6771.71501 15.111 0.005
6771.73201 15.110 0.005
6771.76440 15.113 0.005
6771.79189 15.127 0.005
6771.80664 15.121 0.005
6771.83472 15.124 0.005
6771.85014 15.115 0.005
6771.86615 15.131 0.005
6771.88128 15.143 0.005
6771.89583 15.129 0.005
6771.91034 15.118 0.005
6771.92504 15.132 0.005
6772.67130 15.104 0.005
6772.68587 15.116 0.005
6772.70032 15.131 0.005
6772.71704 15.104 0.005
6773.67996 15.108 0.005
6773.69450 15.117 0.005
6773.71187 15.131 0.005
6773.72815 15.125 0.005
6773.74449 15.133 0.005
6773.76108 15.093 0.005
6773.91385 15.124 0.005
6773.92812 15.126 0.005
6774.68037 15.153 0.005
6774.69480 15.141 0.005
6774.70988 15.146 0.005
6774.72622 15.138 0.005
6774.74266 15.136 0.005
6774.75899 15.144 0.005
6774.86289 15.132 0.005
6775.66081 15.134 0.005
6775.67521 15.146 0.005
6775.69020 15.141 0.005
6775.91001 15.151 0.005
6775.92431 15.150 0.005
6776.65292 15.148 0.005
6776.66937 15.149 0.005
6776.68912 15.146 0.005
6776.70944 15.150 0.005
6776.78902 15.160 0.005
6776.80550 15.161 0.005
6776.82115 15.151 0.005
6776.84097 15.168 0.005
6776.86613 15.168 0.005
6776.88060 15.167 0.005
6776.90908 15.167 0.005
6776.92747 15.181 0.005
6777.71750 15.168 0.005
6777.73782 15.172 0.005
6777.75459 15.170 0.005
6777.77150 15.175 0.005
6777.78775 15.191 0.005
6777.80224 15.181 0.005
6777.81726 15.174 0.005
6777.84443 15.198 0.005
6777.85279 15.201 0.005
6777.87730 15.195 0.005
6777.90089 15.184 0.005
6777.91533 15.178 0.005
6777.92957 15.187 0.005
6784.64327 15.258 0.005
6784.65745 15.256 0.005
6784.68443 15.252 0.005
6784.70144 15.259 0.005
6784.71592 15.263 0.005
6784.73017 15.257 0.005
6784.75219 15.266 0.005
6784.76536 15.264 0.005
6784.78741 15.259 0.005
6784.82613 15.262 0.005
6784.83966 15.275 0.005
6784.85292 15.271 0.005
6784.86791 15.256 0.005
6784.88501 15.260 0.005
6784.89771 15.272 0.005
6784.91635 15.265 0.005
6784.92913 15.275 0.006
6785.62888 15.266 0.005
6785.64456 15.278 0.005
6785.66210 15.271 0.005
6785.67846 15.273 0.005
6785.69477 15.266 0.005
6786.64026 15.278 0.005
6786.65507 15.294 0.005
6786.67040 15.283 0.005
6786.68658 15.298 0.005
6786.70317 15.276 0.005
6786.71973 15.260 0.005
6786.84075 15.289 0.005
6786.85589 15.291 0.005
6786.87058 15.290 0.005
6786.88576 15.301 0.005
6786.90240 15.289 0.005
6786.91691 15.298 0.005
6786.93286 15.293 0.005
6787.72108 15.287 0.005
6787.73699 15.296 0.005
6787.75792 15.302 0.005
6787.78427 15.301 0.005
6787.82975 15.298 0.005
6788.83800 15.320 0.005
6788.85681 15.300 0.005
6789.62972 15.292 0.005
6789.64434 15.302 0.005
6789.65909 15.310 0.005
6789.67376 15.313 0.005
6789.68825 15.307 0.005
6789.70300 15.314 0.005
6789.71753 15.309 0.005
6789.73189 15.297 0.005
6789.74638 15.323 0.005
6789.76081 15.318 0.005
6789.80775 15.316 0.005
6789.82381 15.319 0.005
6789.84789 15.325 0.005
6789.86283 15.332 0.005
6789.88664 15.305 0.005
6789.90272 15.329 0.005
6789.91892 15.322 0.005
6789.93514 15.321 0.005
6790.61496 15.327 0.006
6790.63088 15.313 0.006
6790.64596 15.319 0.005
6790.66066 15.311 0.005
6790.67524 15.317 0.005
6790.68970 15.320 0.005
6790.70424 15.318 0.005
6790.71872 15.292 0.006
6790.81535 15.326 0.005
6790.83100 15.334 0.005
6790.84613 15.321 0.005
6790.86104 15.336 0.005
6790.87606 15.321 0.005
6790.91463 15.322 0.005
6790.92908 15.322 0.006
6791.60902 15.324 0.005
6791.62388 15.335 0.006
6791.63850 15.329 0.005
6791.65316 15.333 0.005
6791.66789 15.320 0.006
6791.81032 15.346 0.005
6791.82571 15.338 0.005
6791.84136 15.358 0.005
6791.85687 15.346 0.005
6791.87281 15.349 0.005
6791.88774 15.340 0.005
6791.90244 15.362 0.005
6791.91727 15.345 0.005
6791.93203 15.346 0.005
6792.60718 15.339 0.006
6792.62546 15.338 0.005
6792.63866 15.349 0.005
6792.65283 15.339 0.005
6792.66886 15.340 0.005
6792.68325 15.341 0.005
6792.70883 15.329 0.006
6792.81267 15.351 0.005
6792.82533 15.358 0.005
6792.83995 15.366 0.005
6792.85096 15.361 0.005
6792.86833 15.349 0.005
6792.87894 15.356 0.005
6792.89538 15.355 0.005
6792.90552 15.351 0.005
6792.91383 15.348 0.005
6792.92362 15.342 0.005
6792.93326 15.355 0.006
6792.94108 15.352 0.006
6796.60310 15.399 0.005
6796.61782 15.404 0.005
6796.63267 15.406 0.005
6796.64722 15.405 0.005
6796.66341 15.397 0.005
6796.80615 15.402 0.005
6796.82104 15.407 0.005
6796.83600 15.406 0.005
6796.85111 15.406 0.005
6796.86603 15.397 0.005
6796.88082 15.394 0.005
6796.89562 15.405 0.005
6796.91049 15.408 0.005
6796.92519 15.392 0.005
6796.93813 15.405 0.006
6797.61521 15.397 0.005
6797.63743 15.390 0.005
6797.66048 15.395 0.005
6797.73131 15.417 0.005
6797.74768 15.412 0.005
6797.76399 15.410 0.005
6797.77856 15.420 0.005
6797.79480 15.404 0.005
6797.81038 15.427 0.005
6797.82473 15.410 0.005
6797.83930 15.406 0.005
6797.85390 15.400 0.005
6797.86844 15.414 0.005
6797.88095 15.413 0.005
6797.89346 15.406 0.005
6797.90608 15.411 0.006
6797.91865 15.400 0.005
6797.93203 15.418 0.006
6798.66245 15.426 0.005
6798.74475 15.448 0.006
6798.76765 15.440 0.006
6798.78979 15.456 0.006
6798.81522 15.440 0.006
6798.83406 15.446 0.006
6798.84648 15.448 0.006
6798.86039 15.417 0.006
6798.89255 15.444 0.006
6798.91175 15.449 0.006
6799.78019 15.480 0.006
6799.80136 15.472 0.006
6799.82612 15.459 0.006
6799.85582 15.465 0.006
6799.87008 15.464 0.006
6799.90077 15.454 0.006
6799.91358 15.478 0.006
6801.81899 15.470 0.006
6803.62647 15.462 0.005
6803.64669 15.465 0.005
6803.65726 15.475 0.005
6803.67328 15.489 0.006
6803.68908 15.475 0.005
6803.70721 15.471 0.005
6803.72174 15.481 0.005
6803.73732 15.483 0.005
6803.75621 15.482 0.005
6803.77191 15.480 0.005
6803.78737 15.492 0.005
6803.80218 15.484 0.005
6803.81629 15.484 0.005
6803.83506 15.485 0.005
6803.85009 15.481 0.005
6803.86377 15.485 0.005
6803.87747 15.491 0.005
6803.89011 15.487 0.005
6803.90273 15.487 0.005
6803.91547 15.486 0.005
6803.92802 15.481 0.005
6803.94050 15.478 0.006
6804.57529 15.476 0.005
6804.58440 15.487 0.005
6804.59923 15.477 0.005
6804.61403 15.473 0.005
6804.63020 15.470 0.005
6804.71579 15.506 0.005
6804.73291 15.487 0.005
6804.74853 15.493 0.005
6804.76405 15.488 0.005
6804.79009 15.496 0.005
6804.80515 15.491 0.005
6804.81974 15.491 0.005
6804.83421 15.491 0.005
6804.84875 15.475 0.005
6804.86382 15.498 0.005
6804.87875 15.501 0.006
6804.89346 15.504 0.006
6804.90585 15.486 0.006
6804.91828 15.494 0.006
6804.93106 15.501 0.006
6804.94184 15.492 0.006
6805.58726 15.491 0.006
6805.60252 15.506 0.006
6805.61767 15.506 0.006
6805.63264 15.519 0.005
6805.78127 15.501 0.005
6805.79612 15.511 0.005
6805.81063 15.509 0.005
6805.82507 15.502 0.005
6805.83955 15.496 0.005
6805.85408 15.500 0.006
6805.86852 15.511 0.006
6805.88314 15.505 0.006
6805.89710 15.521 0.006
6805.91242 15.513 0.006
6805.92668 15.502 0.006
6805.93916 15.508 0.006
6806.84682 15.526 0.006
6806.86637 15.524 0.006
6806.88039 15.517 0.006
6806.89440 15.541 0.006
6806.90693 15.504 0.006
6807.61749 15.537 0.006
6807.63480 15.521 0.006
6807.66232 15.535 0.006
6807.67981 15.550 0.006
6807.69629 15.538 0.006
6807.71349 15.557 0.006
6807.73070 15.531 0.006
6807.74617 15.547 0.006
6807.76266 15.549 0.006
6807.77756 15.550 0.006
6807.79348 15.537 0.006
6807.80822 15.539 0.006
6807.82277 15.544 0.006
6807.83825 15.541 0.006
6807.85303 15.551 0.006
6807.86757 15.554 0.006
6807.88217 15.539 0.006
6807.89728 15.537 0.006
6807.90985 15.553 0.006
6807.92747 15.543 0.006
6808.56489 15.531 0.006
6808.57925 15.550 0.006
6808.59571 15.546 0.006
6808.61066 15.547 0.006
6808.62553 15.529 0.006
6808.64157 15.544 0.006
6808.65768 15.536 0.005
6808.67376 15.526 0.005
6808.70321 15.537 0.005
6808.72910 15.558 0.005
6808.75516 15.539 0.005
6808.77117 15.542 0.005
6808.78602 15.536 0.005
6808.80111 15.546 0.005
6808.81640 15.540 0.005
6808.83155 15.548 0.005
6808.84617 15.553 0.005
6808.86131 15.551 0.005
6808.87587 15.545 0.005
6808.89092 15.543 0.006
6808.90549 15.536 0.005
6808.91779 15.530 0.005
6808.93028 15.536 0.006
6808.94273 15.553 0.007
6809.56304 15.554 0.006
6809.58626 15.552 0.005
6809.60552 15.549 0.005
6809.70212 15.576 0.005
6809.71673 15.574 0.005
6809.74263 15.565 0.005
6809.75967 15.569 0.005
6809.77514 15.573 0.005
6809.79010 15.561 0.005
6809.81519 15.554 0.005
6809.83976 15.557 0.005
6809.85471 15.553 0.005
6809.86950 15.561 0.006
6809.88449 15.564 0.005
6809.89912 15.548 0.006
6809.91153 15.549 0.006
6809.92396 15.538 0.006
6810.56733 15.553 0.006
6810.58207 15.576 0.006
6810.59682 15.580 0.006
6810.61298 15.592 0.005
6810.62923 15.563 0.005
6810.64601 15.566 0.006
6810.80198 15.568 0.005
6810.81697 15.580 0.005
6810.92675 15.564 0.006
6810.93960 15.560 0.006
6811.56378 15.576 0.006
6811.58095 15.584 0.006
6811.59568 15.568 0.006
6811.61054 15.572 0.006
6811.62512 15.576 0.006
6811.80730 15.587 0.006
6811.82239 15.579 0.006
6811.83712 15.595 0.006
6811.85591 15.566 0.006
6811.87071 15.581 0.006
6811.91413 15.599 0.007
6811.92693 15.577 0.007
6811.93802 15.606 0.007
6813.61401 15.606 0.006
6813.63376 15.628 0.007
6813.65512 15.614 0.006
6813.66988 15.604 0.006
6813.68483 15.605 0.005
6813.70152 15.601 0.005
6813.71924 15.595 0.005
6813.73637 15.607 0.006
6813.76179 15.596 0.006
6813.77999 15.597 0.005
6813.80412 15.600 0.006
6813.81877 15.594 0.005
6813.83334 15.589 0.006
6813.85156 15.598 0.006
6813.86933 15.593 0.006
6813.88417 15.590 0.006
6813.89899 15.593 0.006
6813.91367 15.590 0.006
6813.92624 15.588 0.006
6813.93902 15.588 0.006
6814.58990 15.598 0.006
6814.61319 15.617 0.006
6814.62834 15.598 0.006
6814.64481 15.605 0.006
6814.74937 15.617 0.005
6814.76480 15.623 0.005
6814.77992 15.612 0.005
6814.79478 15.619 0.005
6814.80974 15.624 0.006
6814.82451 15.616 0.005
6814.83908 15.615 0.006
6814.85544 15.621 0.006
6814.87007 15.628 0.006
6814.88480 15.612 0.006
6814.90257 15.602 0.006
6814.91520 15.620 0.006
6814.92803 15.620 0.006
6814.93623 15.596 0.006
6815.57939 15.627 0.006
6815.59396 15.633 0.006
6815.60870 15.619 0.006
6815.62485 15.636 0.006
6815.64084 15.643 0.006
6815.65691 15.625 0.006
6815.67320 15.636 0.006
6815.68880 15.643 0.006
6815.70458 15.641 0.006
6815.74103 15.626 0.006
6815.76746 15.644 0.006
6815.78213 15.632 0.006
6815.79700 15.622 0.005
6815.82108 15.650 0.006
6815.83604 15.638 0.006
6815.85377 15.626 0.006
6815.87164 15.636 0.006
6815.88655 15.620 0.006
6815.90132 15.620 0.006
6815.91633 15.625 0.006
6815.92892 15.616 0.006
6816.57932 15.646 0.006
6816.59625 15.640 0.006
6816.61646 15.636 0.006
6816.63704 15.651 0.007
6816.65764 15.629 0.006
6816.69162 15.652 0.006
6816.70722 15.643 0.006
6816.72330 15.639 0.006
6816.74874 15.650 0.006
6816.76340 15.636 0.006
6816.78799 15.649 0.006
6816.80298 15.631 0.006
6816.81794 15.638 0.006
6816.83800 15.638 0.006
6816.85303 15.635 0.006
6816.86775 15.627 0.006
6816.88245 15.638 0.006
6816.90156 15.656 0.006
6817.57078 15.648 0.006
6817.58535 15.638 0.006
6817.60048 15.646 0.006
6817.77721 15.673 0.006
6817.79184 15.647 0.006
6817.80631 15.650 0.006
6817.83097 15.658 0.006
6817.85509 15.664 0.006
6817.86982 15.661 0.006
6817.88468 15.648 0.006
6817.89714 15.663 0.006
6817.90972 15.644 0.006
6817.92408 15.640 0.006
6818.53678 15.655 0.006
6818.55173 15.680 0.006
6818.56815 15.679 0.006
6818.58352 15.665 0.006
6818.86739 15.657 0.006
6818.88238 15.641 0.005
6819.54915 15.677 0.007
6819.56193 15.669 0.007
6819.57440 15.676 0.006
6819.58678 15.674 0.006
6819.59932 15.668 0.007
6819.61189 15.694 0.007
6819.62423 15.670 0.006
6819.63665 15.671 0.007
6819.73916 15.663 0.007
6819.75180 15.678 0.007
6819.76607 15.665 0.006
6819.78005 15.680 0.007
6819.79413 15.687 0.007
6819.80637 15.684 0.007
6819.82879 15.691 0.007
6819.84136 15.683 0.006
6819.85374 15.677 0.007
6819.87803 15.687 0.008
6823.71791 15.729 0.006
6823.73306 15.739 0.006
6823.74590 15.741 0.006
6823.76223 15.745 0.006
6823.77727 15.749 0.006
6823.79182 15.741 0.006
6823.80940 15.739 0.006
6823.82348 15.735 0.006
6823.83653 15.736 0.006
6823.84976 15.731 0.006
6823.86444 15.737 0.006
6823.87822 15.735 0.006
6823.89521 15.736 0.006
6824.54044 15.732 0.007
6824.55610 15.734 0.007
6824.57288 15.742 0.007
6824.58923 15.773 0.007
6824.60948 15.745 0.006
6824.62370 15.739 0.006
6824.85084 15.716 0.006
6824.86560 15.727 0.006
6824.88022 15.745 0.007
6824.89287 15.730 0.007
6825.52471 15.748 0.006
6825.54077 15.744 0.006
6825.55787 15.764 0.006
6825.57247 15.759 0.006
6825.58708 15.770 0.006
6825.60165 15.744 0.006
6826.51079 15.745 0.006
6826.52333 15.752 0.006
6826.53804 15.780 0.006
6826.55329 15.768 0.006
6826.56782 15.733 0.006
6826.73948 15.774 0.006
6826.75428 15.766 0.006
6826.76902 15.777 0.006
6826.78391 15.774 0.006
6826.79862 15.763 0.006
6826.82605 15.761 0.006
6826.85127 15.766 0.006
6826.86626 15.747 0.006
6826.87899 15.769 0.006
6826.89180 15.749 0.006
6826.90303 15.745 0.006
6827.52305 15.780 0.006
6827.53868 15.775 0.006
6827.55374 15.781 0.006
6827.56875 15.780 0.005
6827.58359 15.758 0.006
6827.59890 15.788 0.006
6827.61376 15.758 0.006
6827.76322 15.775 0.006
6827.77829 15.782 0.006
6828.52399 15.783 0.006
6828.55466 15.791 0.006
6828.56952 15.781 0.006
6828.58558 15.796 0.005
6828.60191 15.776 0.005
6828.77977 15.796 0.006
6828.79443 15.793 0.006
6828.80934 15.805 0.006
6828.82514 15.791 0.006
6828.84008 15.794 0.006
6828.85302 15.787 0.006
6828.86588 15.789 0.006
6828.87844 15.779 0.006
6828.89106 15.800 0.007
6829.50876 15.808 0.007
6829.52459 15.783 0.007
6829.53916 15.827 0.007
6829.55518 15.813 0.007
6829.56958 15.807 0.007
6829.71067 15.817 0.006
6829.72517 15.808 0.006
6829.73968 15.797 0.006
6829.75435 15.822 0.007
6829.76864 15.789 0.006
6829.78380 15.809 0.006
6829.79812 15.800 0.006
6829.81257 15.791 0.006
6829.82716 15.811 0.006
6829.84200 15.787 0.006
6829.85474 15.783 0.006
6829.86698 15.804 0.006
6829.88341 15.784 0.007
6830.51234 15.795 0.007
6830.53130 15.814 0.007
6830.54598 15.804 0.006
6830.56218 15.809 0.006
6830.72008 15.820 0.005
6830.73508 15.820 0.005
6830.74984 15.827 0.006
6830.76457 15.796 0.006
6830.77910 15.807 0.005
6830.79398 15.818 0.005
6830.80963 15.816 0.005
6830.82910 15.819 0.005
6830.84542 15.811 0.006
6830.86222 15.819 0.006
6830.87458 15.810 0.006
6831.51959 15.799 0.005
6831.53537 15.816 0.005
6831.59596 15.817 0.005
6831.61214 15.832 0.005
6831.62575 15.830 0.006
6831.64042 15.839 0.005
6831.65614 15.835 0.005
6831.68288 15.831 0.005
6831.70989 15.828 0.006
6831.72485 15.823 0.006
6831.74004 15.826 0.006
6831.75495 15.829 0.006
6831.76961 15.820 0.006
6831.78442 15.838 0.006
6831.80194 15.834 0.006
6831.81848 15.815 0.006
6831.83341 15.817 0.006
6831.84803 15.828 0.006
6831.86027 15.814 0.007
6831.87291 15.816 0.007
6831.88089 15.827 0.007
6832.50346 15.824 0.006
6832.51919 15.827 0.006
6832.53526 15.837 0.006
6832.53704 15.830 0.006
6832.55481 15.835 0.006
6832.57061 15.831 0.006
6832.58656 15.839 0.006
6832.60092 15.827 0.006
6832.61530 15.833 0.006
6832.69839 15.853 0.006
6832.71403 15.856 0.006
6832.72891 15.840 0.006
6832.74424 15.840 0.006
6832.75910 15.847 0.006
6832.77391 15.832 0.006
6832.78910 15.839 0.006
6832.80483 15.836 0.007
6832.81948 15.823 0.006
6832.83421 15.843 0.006
6832.87965 15.794 0.007
6833.50902 15.857 0.008
6833.52375 15.850 0.007
6833.53811 15.858 0.007
6833.55278 15.849 0.007
6833.56910 15.829 0.007
6833.70339 15.852 0.006
6833.71807 15.847 0.007
6833.73267 15.847 0.006
6833.74730 15.843 0.006
6833.76193 15.846 0.006
6833.77650 15.835 0.006
6833.79116 15.848 0.006
6833.80565 15.844 0.006
6833.82028 15.854 0.007
6833.83544 15.849 0.007
6833.84779 15.850 0.007
6833.86010 15.831 0.007
6833.87243 15.843 0.008
6834.49464 15.861 0.007
6834.50916 15.871 0.007
6834.52519 15.874 0.007
6834.53976 15.874 0.007
6834.55403 15.866 0.007
6834.56849 15.865 0.007
6834.58299 15.883 0.007
6834.59761 15.864 0.006
6834.61204 15.871 0.006
6834.62638 15.863 0.007
6834.64080 15.868 0.007
6834.66574 15.879 0.006
6834.68162 15.862 0.006
6834.70719 15.871 0.006
6834.72204 15.871 0.006
6834.73719 15.866 0.006
6834.75185 15.858 0.006
6834.76672 15.864 0.007
6834.78139 15.885 0.007
6834.79621 15.887 0.008
6834.81101 15.859 0.007
6834.82624 15.844 0.007
6834.83863 15.898 0.008
6834.85566 15.859 0.008
6834.86947 15.830 0.008
6835.51424 15.881 0.007
6835.52889 15.887 0.007
6835.54616 15.877 0.007
6835.56071 15.875 0.007
6835.68508 15.889 0.006
6835.70045 15.872 0.006
6835.71500 15.884 0.006
6835.72999 15.878 0.006
6835.74487 15.884 0.006
6835.75962 15.865 0.007
6835.77427 15.868 0.007
6835.78893 15.874 0.007
6835.80348 15.889 0.007
6835.81836 15.869 0.007
6835.83312 15.873 0.007
6835.84538 15.873 0.008
6835.85999 15.847 0.007
6835.86943 15.861 0.007
6836.48880 15.879 0.007
6836.50503 15.877 0.007
6836.52553 15.883 0.007
6836.54640 15.887 0.007
6836.56108 15.885 0.007
6836.58637 15.895 0.007
6836.67086 15.887 0.006
6836.68655 15.906 0.007
6836.70164 15.876 0.006
6836.71783 15.874 0.007
6836.73367 15.896 0.007
6836.74860 15.888 0.007
6836.76345 15.885 0.007
6836.77808 15.873 0.007
6836.79286 15.896 0.007
6836.80765 15.876 0.007
6836.82216 15.870 0.007
6836.83720 15.872 0.008
6836.84959 15.900 0.007
6836.86191 15.874 0.007
6837.49097 15.888 0.006
6837.50553 15.906 0.006
6837.52013 15.887 0.006
6837.53477 15.909 0.006
6837.54930 15.904 0.006
6837.56368 15.892 0.006
6837.57807 15.899 0.006
6837.59248 15.898 0.006
6837.68661 15.913 0.006
6837.70100 15.900 0.006
6837.71567 15.903 0.006
6837.73012 15.899 0.006
6837.74497 15.889 0.006
6837.75985 15.910 0.006
6837.77457 15.896 0.006
6837.78935 15.892 0.006
6837.80399 15.900 0.006
6837.81861 15.892 0.006
6837.83096 15.885 0.007
6837.84310 15.877 0.007
6837.85513 15.889 0.007
6837.86758 15.880 0.007
6838.48619 15.903 0.007
6838.50108 15.893 0.007
6838.51570 15.910 0.008
6838.53054 15.916 0.007
6838.54545 15.929 0.007
6838.56148 15.912 0.007
6838.67775 15.916 0.006
6838.70175 15.922 0.006
6838.71637 15.914 0.006
6838.73086 15.915 0.006
6838.74530 15.917 0.007
6838.76000 15.903 0.006
6838.77481 15.903 0.006
6838.78961 15.913 0.007
6838.80424 15.914 0.007
6838.81945 15.903 0.007
6838.83196 15.901 0.007
6838.84448 15.937 0.008
6838.85585 15.925 0.008
6839.47967 15.905 0.007
6839.49428 15.898 0.007
6839.51058 15.923 0.007
6839.52531 15.921 0.006
6839.54151 15.925 0.007
6839.55700 15.906 0.007
6839.57157 15.924 0.007
6839.58619 15.907 0.007
6839.60084 15.914 0.007
6839.64679 15.917 0.006
6839.67524 15.927 0.006
6839.69959 15.932 0.007
6839.71423 15.917 0.006
6839.72885 15.926 0.007
6839.74342 15.914 0.006
6839.75814 15.913 0.006
6839.77305 15.915 0.006
6839.78791 15.919 0.006
6839.80273 15.908 0.006
6839.81538 15.913 0.007
6839.82762 15.913 0.007
6839.84005 15.892 0.007
6839.85248 15.916 0.007
6840.47334 15.939 0.007
6840.48798 15.956 0.007
6840.51264 15.962 0.008
6840.52882 15.912 0.007
6840.55687 15.916 0.007
6840.68132 15.972 0.007
6840.70514 15.949 0.007
6840.71967 15.951 0.007
6840.73420 15.932 0.006
6840.74863 15.925 0.006
6840.76316 15.939 0.006
6840.77748 15.936 0.006
6840.79198 15.924 0.007
6840.80663 15.934 0.008
6841.48665 15.939 0.007
6841.50435 15.943 0.006
6841.52041 15.944 0.006
6841.53076 15.947 0.006
6841.54755 15.944 0.006
6841.68198 15.950 0.006
6841.69820 15.950 0.006
6841.71174 15.939 0.006
6841.72654 15.941 0.006
6841.74130 15.940 0.007
6841.75609 15.941 0.006
6841.77068 15.958 0.007
6841.78555 15.939 0.007
6841.80035 15.934 0.007
6841.81278 15.939 0.007
6841.82526 15.932 0.007
6841.83825 15.932 0.007
6841.84953 15.941 0.008
6842.49849 15.954 0.008
6842.51389 15.958 0.008
6842.52787 15.943 0.008
6842.54375 15.977 0.008
6842.55803 15.968 0.007
6842.57253 15.951 0.007
6842.64123 15.954 0.006
6842.66622 15.965 0.006
6842.68086 15.961 0.006
6842.69541 15.959 0.006
6842.71014 15.955 0.006
6842.72675 15.966 0.006
6842.74125 15.951 0.006
6842.75574 15.942 0.006
6842.77036 15.942 0.006
6842.78499 15.948 0.007
6842.79945 15.944 0.007
6842.81202 15.938 0.008
6842.82954 15.956 0.007
6844.46923 15.986 0.008
6844.48374 16.004 0.008
6844.49818 15.986 0.007
6844.51283 15.983 0.007
6844.52869 15.990 0.006
6844.54313 16.015 0.006
6844.55764 15.975 0.006
6844.57212 15.987 0.007
6844.58677 15.996 0.006
6844.60116 16.001 0.006
6844.61592 15.998 0.006
6844.65916 16.001 0.006
6844.68600 15.998 0.006
6844.70076 15.999 0.006
6844.71546 15.991 0.006
6844.73017 15.987 0.006
6844.74494 15.990 0.007
6844.76093 15.989 0.006
6844.77550 15.977 0.007
6844.78993 16.006 0.007
6844.80432 15.984 0.007
6844.81664 15.993 0.007
6844.82884 15.976 0.007
6844.84112 15.984 0.007
6844.85181 15.987 0.007
6845.45998 15.987 0.007
6845.47447 15.995 0.007
6845.48887 15.992 0.006
6845.50324 16.005 0.006
6845.51776 16.003 0.006
6845.53213 16.014 0.007
6845.54648 16.004 0.006
6845.56082 16.013 0.006
6845.65795 16.003 0.006
6845.68237 16.018 0.006
6845.69720 16.006 0.006
6845.71172 15.992 0.006
6845.72633 16.010 0.006
6845.74098 15.998 0.006
6845.75562 16.015 0.006
6845.77016 16.010 0.006
6845.78492 16.007 0.006
6845.79991 16.010 0.006
6845.81266 16.010 0.006
6845.82644 16.013 0.006
6845.83880 15.995 0.007
6846.78749 16.030 0.007
6846.79476 16.007 0.007
6846.80912 16.010 0.007
6846.82345 15.995 0.007
6846.83603 16.005 0.007
6847.46579 16.019 0.007
6847.47825 16.024 0.007
6847.49064 16.026 0.007
6847.50309 16.035 0.007
6847.51545 16.018 0.007
6847.64467 16.038 0.006
6847.65901 16.041 0.007
6847.67173 16.031 0.007
6847.68427 16.052 0.007
6847.69678 16.034 0.008
6847.70922 16.049 0.007
6847.72174 16.028 0.006
6847.73425 16.021 0.007
6847.74660 16.035 0.007
6847.75891 16.037 0.007
6847.77138 16.018 0.007
6847.78378 16.037 0.007
6847.79621 16.017 0.007
6847.80855 16.027 0.007
6847.82117 16.026 0.007
6847.83350 16.023 0.007
6848.72442 16.051 0.006
6848.75011 16.074 0.006
6848.78962 16.059 0.007
6848.80569 16.045 0.007
6848.82214 16.031 0.007
6848.83249 16.058 0.009
6848.84796 16.094 0.009
6849.62982 16.084 0.008
6849.64600 16.084 0.008
6849.65873 16.069 0.008
6850.52601 16.090 0.008
6850.54811 16.080 0.008
6850.56848 16.095 0.008
6850.59051 16.096 0.008
6850.62956 16.074 0.008
6850.68856 16.093 0.008
6850.71311 16.078 0.008
6850.74171 16.104 0.009
6850.76700 16.083 0.009
6850.79188 16.081 0.008
6851.46569 16.098 0.008
6851.48043 16.079 0.007
6851.49535 16.073 0.007
6851.51166 16.090 0.008
6851.52924 16.079 0.007
6851.54515 16.098 0.007
6851.63977 16.088 0.007
6851.65596 16.085 0.007
6851.67250 16.084 0.007
6851.68742 16.087 0.007
6851.70273 16.095 0.007
6851.71914 16.084 0.007
6851.73419 16.084 0.007
6851.74922 16.070 0.007
6851.76557 16.085 0.007
6851.78024 16.075 0.008
6851.79741 16.077 0.008
6851.81323 16.084 0.008
6852.46596 16.108 0.008
6852.48778 16.121 0.008
6852.50402 16.094 0.008
6852.52037 16.109 0.008
6852.53503 16.110 0.008
6852.64303 16.122 0.008
6852.66484 16.122 0.009
6852.68778 16.107 0.008
6852.70469 16.085 0.008
6852.71943 16.087 0.008
6852.73809 16.105 0.008
6852.75659 16.115 0.008
6852.78114 16.126 0.009
6852.80450 16.091 0.009
6853.54560 16.149 0.008
6853.67544 16.101 0.008
6853.72038 16.089 0.008
6854.46426 16.157 0.009
6854.48056 16.152 0.006
6854.50131 16.106 0.006
6854.50873 16.124 0.007
6854.52546 16.154 0.006
6854.54151 16.125 0.006
6854.67101 16.140 0.007
6854.68586 16.142 0.006
6855.46421 16.162 0.008
6855.47915 16.154 0.008
6855.49571 16.166 0.008
6855.51018 16.143 0.008
6855.52490 16.134 0.008
6855.54297 16.138 0.007
6855.55769 16.143 0.007
6855.57221 16.148 0.007
6855.58665 16.135 0.007
6855.60175 16.150 0.007
6855.61774 16.122 0.007
6855.64403 16.146 0.007
6855.66893 16.153 0.007
6855.68373 16.149 0.007
6855.69827 16.138 0.007
6855.71340 16.137 0.007
6855.72828 16.149 0.007
6855.74310 16.143 0.007
6855.75965 16.164 0.007
6855.77483 16.134 0.007
6855.78724 16.141 0.007
6855.80327 16.142 0.007
6855.81591 16.146 0.007
6856.46495 16.120 0.008
6856.47960 16.161 0.007
6856.49571 16.159 0.008
6856.51027 16.141 0.007
6856.52491 16.153 0.007
6856.53936 16.180 0.007
6856.55406 16.149 0.007
6856.61971 16.148 0.006
6856.63544 16.170 0.006
6856.65036 16.161 0.006
6856.66498 16.158 0.006
6856.67958 16.163 0.007
6856.69407 16.166 0.007
6856.70849 16.166 0.007
6856.72303 16.168 0.007
6856.73971 16.165 0.007
6856.75462 16.169 0.007
6856.76966 16.156 0.007
6856.78202 16.157 0.007
6856.79456 16.157 0.008
6857.46422 16.164 0.008
6857.48131 16.189 0.007
6857.49355 16.165 0.007
6857.50818 16.178 0.007
6857.52283 16.186 0.007
6857.53774 16.187 0.007
6857.55279 16.217 0.007
6857.63557 16.186 0.006
6857.65066 16.190 0.006
6857.66580 16.197 0.006
6857.68050 16.183 0.007
6857.69483 16.191 0.007
6857.70927 16.188 0.006
6857.72823 16.186 0.006
6857.74473 16.179 0.007
6857.76116 16.180 0.007
6857.77365 16.179 0.007
6857.78604 16.171 0.007
6858.46412 16.178 0.008
6858.47895 16.187 0.007
6858.49378 16.190 0.006
6858.50841 16.194 0.007
6858.52339 16.183 0.006
6858.53848 16.183 0.006
6858.63481 16.197 0.006
6858.64954 16.194 0.006
6858.66418 16.191 0.007
6858.67907 16.177 0.006
6858.69367 16.189 0.006
6858.70854 16.189 0.007
6858.72307 16.189 0.007
6858.73987 16.190 0.007
6858.75482 16.194 0.007
6858.76737 16.196 0.007
6859.51715 16.227 0.008
6859.53303 16.261 0.008
6859.55543 16.207 0.008
6859.56689 16.202 0.008
6859.58225 16.214 0.008
6859.59991 16.206 0.007
6859.62686 16.201 0.007
6859.65149 16.208 0.007
6859.66652 16.210 0.007
6859.68141 16.192 0.007
6859.70024 16.184 0.008
6859.71510 16.214 0.008
6859.73120 16.216 0.008
6859.74615 16.212 0.008
6859.76115 16.229 0.008
6859.77811 16.234 0.008
6862.55486 16.252 0.008
6862.57921 16.253 0.007
6862.60503 16.241 0.008
6862.62163 16.245 0.008
6862.63750 16.236 0.007
6862.65191 16.231 0.008
6862.66635 16.252 0.008
6862.68126 16.233 0.008
6862.69582 16.261 0.008
6862.71311 16.236 0.008
6862.72748 16.266 0.008
6862.74261 16.245 0.008
6862.75499 16.243 0.007
6862.76895 16.236 0.008
6863.46522 16.252 0.008
6863.48039 16.251 0.008
6863.49510 16.254 0.007
6863.51008 16.256 0.007
6863.52497 16.248 0.007
6863.53989 16.274 0.007
6863.56833 16.261 0.007
6863.59408 16.270 0.006
6863.61078 16.260 0.007
6863.62547 16.258 0.007
6863.64020 16.260 0.007
6863.65529 16.261 0.007
6863.67047 16.262 0.007
6863.68537 16.264 0.007
6863.70045 16.269 0.007
6863.71712 16.278 0.007
6863.73265 16.266 0.007
6863.74755 16.269 0.008
6863.76267 16.253 0.008
6863.77969 16.254 0.008
6864.46406 16.300 0.010
6864.48079 16.295 0.008
6864.49705 16.324 0.008
6864.51182 16.304 0.008
6864.52667 16.282 0.008
6864.54238 16.269 0.008
6864.55817 16.274 0.007
6864.58386 16.270 0.008
6864.60876 16.277 0.007
6864.62392 16.283 0.008
6864.63866 16.289 0.007
6864.65393 16.283 0.007
6864.66856 16.277 0.007
6864.68320 16.266 0.007
6864.69991 16.253 0.007
6864.71449 16.278 0.007
6864.72941 16.268 0.007
6864.74931 16.268 0.007
6864.76485 16.293 0.008
6865.51712 16.295 0.006
6865.54167 16.296 0.007
6865.58368 16.293 0.007
6865.60584 16.279 0.007
6865.64495 16.302 0.007
6865.66592 16.296 0.007
6865.68518 16.288 0.006
6866.55120 16.325 0.008
6866.56052 16.305 0.008
6866.57136 16.320 0.008
6866.65242 16.299 0.007
6866.69562 16.314 0.008
6866.70254 16.319 0.008
6866.72275 16.306 0.007
6866.73512 16.305 0.008
6866.74639 16.291 0.008
6866.75863 16.305 0.008
6866.76944 16.305 0.008
6866.78049 16.321 0.008
6866.79282 16.302 0.008
6867.63710 16.315 0.007
6870.48795 16.354 0.008
6870.50516 16.357 0.008
6870.52163 16.392 0.008
6870.53809 16.369 0.008
6870.55418 16.375 0.008
6870.57443 16.385 0.008
6870.60067 16.369 0.008
6870.62907 16.349 0.008
6870.66573 16.376 0.008
6870.68466 16.388 0.008
6870.70242 16.375 0.008
6870.71729 16.362 0.008
6870.73341 16.363 0.008
6871.51315 16.399 0.008
6871.53127 16.370 0.007
6871.54809 16.374 0.007
6871.56589 16.396 0.007
6871.60083 16.389 0.007
6871.62404 16.384 0.008
6871.67237 16.419 0.009
6872.49760 16.419 0.008
6872.52650 16.407 0.008
6872.54298 16.407 0.008
6872.58625 16.430 0.008
6872.61052 16.410 0.008
6872.62689 16.397 0.008
6872.64339 16.421 0.008
6872.66478 16.417 0.008
6872.68485 16.405 0.008
6872.70213 16.399 0.008
6872.72659 16.397 0.008
6873.47157 16.450 0.010
6873.49325 16.428 0.009
6873.51314 16.417 0.008
6873.53259 16.417 0.008
6873.56873 16.419 0.008
6873.59671 16.435 0.008
6874.49619 16.443 0.008
6874.62017 16.437 0.008
6874.63680 16.448 0.008
6874.65552 16.441 0.008
6874.67432 16.425 0.008
6874.70116 16.445 0.008
6874.70969 16.470 0.009
6879.48249 16.511 0.010
6879.49696 16.516 0.010
6879.51593 16.545 0.010
6879.54196 16.525 0.009
6879.55753 16.534 0.009
6879.57531 16.539 0.010
6879.59350 16.516 0.009
6879.61048 16.498 0.009
6879.64426 16.523 0.009
6879.66159 16.508 0.010
6879.69131 16.539 0.009
6879.70644 16.542 0.010
6879.72346 16.491 0.010
6879.73994 16.505 0.011
6879.75333 16.500 0.011
6880.48771 16.518 0.011
6880.53860 16.544 0.010
6880.55760 16.532 0.009
6880.57600 16.540 0.010
6880.60041 16.580 0.011
6880.61821 16.567 0.012
6880.63759 16.578 0.011
6880.65511 16.511 0.011
6880.67247 16.554 0.011
6880.68724 16.559 0.010
6880.70513 16.525 0.011
6880.71850 16.559 0.011
6880.74544 16.534 0.012
6881.48039 16.556 0.009
6881.49504 16.552 0.009
6881.53244 16.544 0.009
6881.55177 16.556 0.009
6881.57621 16.552 0.009
6881.59556 16.558 0.008
6881.62167 16.564 0.009
6881.64466 16.557 0.008
6881.66694 16.558 0.009
6881.69101 16.552 0.009
6881.71818 16.537 0.009
6881.73140 16.573 0.010
6882.47368 16.570 0.009
6882.48842 16.612 0.009
6882.51313 16.599 0.008
6882.52903 16.590 0.008
6882.54628 16.555 0.008
6882.56184 16.582 0.009
6882.57713 16.577 0.008
6882.59208 16.574 0.009
6882.60687 16.562 0.008
6882.62265 16.576 0.008
6882.63744 16.575 0.008
6882.65284 16.553 0.008
6882.67108 16.558 0.008
6882.68599 16.562 0.008
6882.70454 16.566 0.008
6882.71792 16.570 0.008
6882.73219 16.562 0.008
6883.47095 16.558 0.010
6883.49104 16.597 0.008
6883.50628 16.605 0.008
6883.51999 16.581 0.008
6883.53471 16.598 0.008
6883.54990 16.589 0.008
6883.56576 16.584 0.008
6883.57937 16.586 0.008
6883.59419 16.581 0.008
6883.62261 16.567 0.008
6883.64064 16.627 0.009
6883.66136 16.579 0.008
6883.67892 16.569 0.008
6883.72371 16.569 0.009
6884.67146 16.558 0.008
6884.68628 16.578 0.008
6884.70104 16.594 0.008
6884.71378 16.570 0.008
6884.72638 16.596 0.009
6885.46880 16.623 0.011
6885.48374 16.628 0.008
6885.49864 16.625 0.008
6885.52442 16.642 0.008
6885.55178 16.632 0.008
6885.56749 16.615 0.008
6885.58250 16.612 0.008
6885.59740 16.614 0.008
6885.61217 16.599 0.008
6885.63057 16.617 0.008
6885.64570 16.598 0.008
6885.66264 16.601 0.008
6885.67811 16.599 0.008
6885.69329 16.619 0.008
6885.70817 16.620 0.008
6885.72107 16.601 0.009
6886.46920 16.623 0.012
6886.48561 16.639 0.008
6886.50254 16.637 0.009
6886.52773 16.647 0.008
6886.55537 16.645 0.008
6886.57067 16.621 0.008
6886.58576 16.615 0.008
6886.60056 16.638 0.008
6886.61580 16.620 0.008
6886.63202 16.645 0.008
6886.64738 16.643 0.008
6886.66299 16.636 0.008
6886.67806 16.636 0.008
6886.69358 16.631 0.009
6886.70625 16.626 0.008
6886.71985 16.623 0.009
6887.47098 16.626 0.009
6887.48564 16.648 0.008
6887.50994 16.665 0.008
6887.53686 16.682 0.008
6887.55508 16.664 0.008
6887.57114 16.649 0.008
6887.58650 16.658 0.008
6887.60261 16.659 0.008
6887.61786 16.639 0.008
6887.63350 16.646 0.008
6887.65178 16.639 0.008
6887.66747 16.632 0.008
6887.68346 16.621 0.008
6887.69684 16.661 0.009
6887.70968 16.640 0.008
6888.46909 16.663 0.010
6888.48381 16.661 0.008
6888.50962 16.655 0.008
6888.53529 16.688 0.008
6888.55250 16.676 0.008
6888.56707 16.661 0.008
6888.58195 16.660 0.008
6888.60134 16.655 0.008
6888.61851 16.679 0.008
6888.63320 16.649 0.008
6888.64909 16.657 0.008
6888.66985 16.664 0.008
6888.68479 16.667 0.009
6888.69755 16.658 0.009
6888.71099 16.681 0.010
6889.47108 16.670 0.011
6889.48566 16.688 0.008
6889.50944 16.690 0.008
6889.53735 16.674 0.008
6889.55230 16.670 0.008
6889.56730 16.667 0.008
6889.58464 16.676 0.008
6889.59967 16.667 0.008
6889.61684 16.666 0.008
6889.63168 16.684 0.008
6889.64693 16.687 0.008
6889.66224 16.663 0.008
6889.67935 16.638 0.008
6889.69202 16.693 0.009
6889.70503 16.675 0.008
6890.47144 16.696 0.010
6890.49629 16.694 0.009
6890.52188 16.703 0.008
6890.53809 16.690 0.008
6890.55601 16.706 0.009
6890.57090 16.683 0.008
6890.58789 16.691 0.008
6890.60268 16.682 0.008
6890.61765 16.699 0.009
6890.63257 16.690 0.009
6890.64731 16.710 0.008
6890.66202 16.678 0.009
6890.67681 16.716 0.010
6890.68942 16.729 0.009
6890.70203 16.682 0.009
6891.47157 16.678 0.011
6891.49920 16.697 0.009
6891.52692 16.696 0.008
6891.54310 16.716 0.008
6891.55791 16.715 0.008
6891.57310 16.714 0.008
6891.58837 16.683 0.008
6891.60693 16.692 0.008
6891.62282 16.690 0.009
6891.63768 16.698 0.008
6891.65252 16.720 0.009
6891.66740 16.708 0.010
6891.68253 16.709 0.010
6891.69519 16.726 0.011
6891.70735 16.739 0.011
6893.47166 16.750 0.017
6895.47770 16.764 0.008
6895.49571 16.773 0.008
6895.52677 16.756 0.008
6895.55086 16.774 0.008
6895.56537 16.776 0.008
6895.58111 16.770 0.008
6895.59568 16.765 0.008
6895.61000 16.778 0.008
6895.62793 16.786 0.008
6895.64238 16.773 0.008
6895.65770 16.764 0.008
6895.67360 16.768 0.008
6895.68813 16.769 0.009
6896.47228 16.790 0.013
6896.49360 16.781 0.008
6896.52018 16.782 0.009
6896.54551 16.793 0.009
6896.56073 16.786 0.008
6896.57539 16.808 0.010
6896.59009 16.794 0.009
6896.60474 16.772 0.008
6896.61928 16.789 0.009
6896.63411 16.778 0.009
6898.46965 16.860 0.012
6898.48264 16.819 0.009
6898.50757 16.824 0.008
6898.60259 16.793 0.009
6898.62317 16.813 0.010
6900.48721 16.830 0.008
6900.50355 16.848 0.008
6900.51783 16.858 0.008
6900.53186 16.842 0.008
6905.54721 16.949 0.020
6906.49313 16.916 0.014
6907.47569 16.993 0.012
6907.49415 16.961 0.009
6907.51094 16.976 0.009
6907.52573 16.952 0.009
6907.54044 16.965 0.010
6907.55483 16.940 0.010
6907.56931 16.962 0.010
6907.58380 16.941 0.011
6907.59811 16.958 0.010
6907.61253 16.960 0.010
6907.62761 16.965 0.011
6907.64190 16.932 0.012
6907.65787 16.954 0.012
6908.47493 17.024 0.015
6908.49479 16.971 0.012
6908.50867 16.989 0.011
6908.52194 16.986 0.012
6908.53519 16.952 0.011
6908.54821 16.982 0.011
6908.56107 16.969 0.010
6908.58266 16.949 0.010
6908.60003 16.990 0.011
6908.61420 16.972 0.011
6909.47434 17.004 0.023
6909.49156 17.004 0.014
6909.52038 16.989 0.016
6909.53531 16.991 0.014
6909.55194 16.973 0.013
6909.57654 16.962 0.014
6909.59160 16.991 0.013
6909.60664 17.003 0.014
6909.62111 17.023 0.015
6909.63553 16.986 0.014
6909.64977 16.984 0.016
6910.56179 17.002 0.015
6912.47427 17.059 0.014
6912.48936 17.032 0.012
6912.51331 17.023 0.010
6912.52786 17.013 0.011
6912.54224 17.054 0.011
6912.55694 17.023 0.011
6912.57832 17.019 0.010
6912.59264 17.047 0.011
6912.60709 17.073 0.012
6912.62151 17.036 0.013
6912.63584 17.002 0.012
6915.47545 17.071 0.015
6915.49174 17.067 0.011
6915.51393 17.093 0.010
6915.52834 17.084 0.011
6915.54262 17.125 0.012
6915.55696 17.081 0.011
6915.57141 17.106 0.011
6915.58574 17.105 0.011
6915.60112 17.151 0.013
6915.61726 17.089 0.013
6915.63306 17.095 0.011
6916.49580 17.070 0.010
6916.51985 17.074 0.010
6918.48301 17.157 0.016
6918.49776 17.140 0.014
6918.52599 17.105 0.012
6918.54062 17.152 0.012
6918.55522 17.113 0.013
6918.56946 17.122 0.012
6918.58469 17.114 0.012
6918.60097 17.133 0.014
6918.61573 17.143 0.015
6918.63273 17.118 0.015
6919.47695 17.145 0.016
6919.49525 17.178 0.015
6919.52492 17.173 0.016
6919.53951 17.137 0.012
6919.55391 17.123 0.012
6919.56876 17.120 0.011
6919.58340 17.129 0.012
6919.59909 17.141 0.013
6919.62998 17.100 0.016
6920.48339 17.119 0.017
6920.50825 17.123 0.014
6920.59379 17.150 0.015
6921.51181 17.119 0.010
6921.61335 17.146 0.010
6921.62643 17.138 0.011
6921.63843 17.130 0.011
6921.64694 17.122 0.011
6922.47934 17.177 0.020
6922.49387 17.155 0.013
6922.50838 17.173 0.013
6922.52282 17.168 0.012
6922.53719 17.130 0.012
6922.55224 17.155 0.012
6922.56804 17.172 0.013
6922.58253 17.165 0.013
6922.59743 17.199 0.013
6922.61193 17.197 0.013
6923.48040 17.198 0.020
6923.49781 17.249 0.016
6923.51313 17.228 0.016
6923.52966 17.206 0.015
6923.54596 17.196 0.016
6923.56021 17.186 0.015
6923.57996 17.136 0.015
6923.60087 17.224 0.018
6924.48140 17.214 0.015
6924.49611 17.132 0.011
6924.51068 17.192 0.012
6924.52502 17.173 0.012
6924.53940 17.158 0.012
6924.55390 17.134 0.012
6924.56864 17.183 0.012
6924.58491 17.171 0.013
6924.59962 17.168 0.014
6924.61402 17.214 0.013
6925.50539 17.207 0.015
6925.52161 17.224 0.015
6925.53584 17.208 0.014
6925.55044 17.217 0.013
6925.56536 17.209 0.013
6925.58003 17.195 0.013
6925.59638 17.160 0.015
6925.61080 17.151 0.014
6926.48074 17.211 0.019
6926.49509 17.189 0.015
6926.51184 17.179 0.013
6926.53155 17.195 0.013
6926.54592 17.195 0.012
6926.56075 17.185 0.012
6926.57501 17.236 0.013
6926.58937 17.229 0.013
6926.60414 17.213 0.012
6927.50688 17.257 0.018
6927.52212 17.242 0.016
6927.53672 17.257 0.016
6927.55109 17.206 0.014
6927.56599 17.222 0.014
6927.58044 17.233 0.015
6927.59524 17.174 0.013
6927.60957 17.241 0.016
6928.48073 17.249 0.023
6928.50815 17.212 0.018
6928.52611 17.258 0.016
6928.54289 17.236 0.014
6928.55716 17.224 0.013
6928.57145 17.213 0.014
6928.58763 17.296 0.020
6929.48810 17.285 0.017
6929.50372 17.263 0.014
6929.51853 17.264 0.015
6929.54555 17.235 0.014
6929.55982 17.229 0.013
6929.57447 17.237 0.015
6929.58870 17.250 0.017
6929.60290 17.290 0.018
6930.48584 17.260 0.026
6930.50287 17.196 0.018
6930.51893 17.286 0.019
6930.53559 17.242 0.020
6930.55088 17.285 0.018
6930.57354 17.189 0.018
6930.58708 17.306 0.017
6930.60232 17.277 0.016
6932.53450 17.239 0.023
6936.48439 17.260 0.015
6936.53200 17.269 0.013
6937.48543 17.273 0.018
6937.52958 17.322 0.015
6937.57445 17.290 0.015
6938.51453 17.319 0.016
6938.55876 17.320 0.018
6939.53951 17.327 0.018
6940.51891 17.274 0.015
6940.56197 17.360 0.018
6942.48619 17.277 0.016
6942.53280 17.356 0.017
6943.48590 17.411 0.030
6943.53853 17.410 0.020
6944.52589 17.320 0.013
6947.48598 17.352 0.021
6947.52680 17.412 0.019
6948.52913 17.378 0.019
6950.51810 17.324 0.019
6950.55287 17.303 0.017
6951.52991 17.332 0.018
6952.53602 17.295 0.017
6954.49475 17.365 0.024
6955.49574 17.276 0.017
6955.53844 17.315 0.014
6959.53066 17.153 0.021
7059.87896 16.060 0.008
7060.86867 16.006 0.008
7060.88477 16.000 0.007
7061.86467 15.949 0.006
7061.88070 15.944 0.006
7062.86256 15.903 0.006
7062.87822 15.923 0.006
7063.86287 15.846 0.006
7064.85628 15.797 0.006
7065.85140 15.750 0.006
7065.88913 15.749 0.006
7066.88258 15.726 0.006
7069.86668 15.553 0.005
7070.84046 15.498 0.005
7070.87879 15.499 0.005
7071.85315 15.462 0.005
7071.89129 15.448 0.005
7072.86097 15.394 0.005
7072.89874 15.375 0.005
7074.87698 15.298 0.005
7075.85309 15.263 0.005
7075.89212 15.238 0.005
7076.85457 15.211 0.005
7077.85228 15.151 0.005
7077.88981 15.156 0.005
7078.84300 15.104 0.005
7079.82310 15.078 0.005
7080.82006 15.049 0.005
7080.86721 15.042 0.005
7081.87852 15.016 0.005
7082.81373 14.976 0.005
7082.84494 14.989 0.005
7083.82246 14.966 0.005
7083.86505 14.976 0.005
7084.81442 14.946 0.005
7084.84492 14.948 0.005
7085.80164 14.922 0.005
7086.80606 14.908 0.005
7086.83960 14.921 0.005
7087.80296 14.888 0.005
7087.85188 14.891 0.005
7088.82272 14.897 0.005
7088.86722 14.866 0.005
7089.79610 14.855 0.005
7089.83320 14.864 0.005
7089.87707 14.861 0.005
7090.79340 14.831 0.005
7090.83220 14.843 0.005
7091.79099 14.816 0.005
7091.82981 14.816 0.005
7092.78663 14.820 0.005
7092.82262 14.822 0.005
7097.77498 14.754 0.005
7097.81330 14.751 0.005
7098.80668 14.745 0.005
7099.80260 14.747 0.005
7099.90871 14.740 0.005
7100.76866 14.715 0.005
7100.82540 14.735 0.005
7101.78666 14.743 0.005
7101.83968 14.716 0.005
7101.89769 14.724 0.005
7102.79305 14.724 0.005
7102.84878 14.715 0.005
7104.81518 14.713 0.005
7108.78915 14.712 0.005
7108.83737 14.702 0.005
7109.74852 14.687 0.005
7109.78582 14.701 0.005
7109.83177 14.693 0.005
7110.73886 14.705 0.005
7110.79603 14.720 0.005
7110.85117 14.709 0.005
7111.77193 14.714 0.005
7112.73951 14.708 0.005
7112.77953 14.714 0.005
7112.83345 14.704 0.005
7113.72883 14.704 0.005
7113.74578 14.719 0.005
7113.76196 14.708 0.005
7113.77650 14.713 0.005
7113.79122 14.717 0.005
7113.86128 14.736 0.005
7113.87602 14.739 0.005
7113.89206 14.729 0.005
7113.90782 14.711 0.005
7113.92160 14.719 0.005
7114.73492 14.712 0.005
7114.75785 14.719 0.005
7114.77239 14.725 0.005
7114.78709 14.726 0.005
7114.80228 14.718 0.005
7114.84305 14.747 0.005
7114.85783 14.746 0.005
7114.87351 14.733 0.005
7114.88899 14.724 0.005
7114.90471 14.738 0.005
7115.72106 14.705 0.005
7115.72440 14.718 0.005
7115.74380 14.709 0.005
7115.75834 14.718 0.005
7115.77287 14.702 0.005
7115.81610 14.748 0.005
7115.84524 14.711 0.005
7115.85981 14.727 0.005
7115.88342 14.735 0.005
7115.89963 14.738 0.005
7115.92335 14.726 0.005
7116.72148 14.711 0.005
7116.73288 14.730 0.005
7116.74909 14.730 0.005
7116.76763 14.711 0.005
7116.78238 14.718 0.005
7116.79703 14.719 0.005
7116.81176 14.748 0.005
7117.71680 14.735 0.005
7117.72815 14.726 0.005
7117.74976 14.736 0.005
7117.76462 14.748 0.005
7117.77888 14.746 0.005
7117.79471 14.742 0.005
7117.80923 14.741 0.005
7118.73576 14.723 0.005
7118.75196 14.729 0.005
7118.77123 14.734 0.005
7118.78671 14.733 0.005
7119.71345 14.716 0.005
7119.75215 14.737 0.005
7119.76840 14.736 0.005
7119.78324 14.745 0.005
7119.81197 14.755 0.005
7120.71618 14.741 0.005
7120.73027 14.749 0.005
7120.74266 14.744 0.005
7120.75502 14.754 0.005
7120.77140 14.742 0.005
7120.78474 14.750 0.005
7125.69746 14.763 0.005
7125.71367 14.785 0.005
7125.72825 14.773 0.005
7125.74287 14.779 0.005
7125.76083 14.785 0.005
7125.79357 14.758 0.005
7126.69365 14.768 0.005
7126.70813 14.777 0.005
7126.72250 14.795 0.005
7126.73853 14.788 0.005
7126.75661 14.783 0.005
7126.77501 14.769 0.005
7126.79271 14.771 0.005
7127.68992 14.784 0.005
7127.72773 14.793 0.005
7129.68467 14.776 0.005
7129.70087 14.787 0.005
7129.71568 14.783 0.005
7129.73062 14.788 0.005
7129.74530 14.784 0.005
7129.76002 14.804 0.005
7129.77473 14.799 0.005
7129.79847 14.783 0.005
7129.81302 14.823 0.005
7130.68157 14.785 0.005
7130.69731 14.802 0.005
7130.71164 14.804 0.005
7130.72608 14.803 0.005
7130.74091 14.812 0.005
7130.75564 14.812 0.005
7131.68249 14.806 0.005
7131.69848 14.800 0.005
7131.71303 14.810 0.005
7131.72753 14.815 0.005
7131.74221 14.809 0.005
7131.75663 14.810 0.005
7131.77105 14.821 0.005
7132.67612 14.800 0.005
7132.69236 14.801 0.005
7132.70700 14.811 0.005
7132.72134 14.818 0.005
7132.73590 14.810 0.005
7132.75021 14.807 0.005
7132.76468 14.807 0.005
7133.80303 14.812 0.005
7133.81754 14.816 0.005
7133.83296 14.812 0.005
7133.84866 14.813 0.005
7133.86656 14.820 0.005
7133.88083 14.813 0.005
7133.89531 14.812 0.005
7133.90990 14.817 0.005
7133.92431 14.807 0.005
7134.66746 14.793 0.005
7134.68324 14.798 0.005
7134.69256 14.810 0.005
7134.70516 14.796 0.005
7134.72005 14.807 0.005
7134.73498 14.804 0.005
7134.74971 14.799 0.005
7134.76444 14.805 0.005
7134.77918 14.840 0.005
7134.81888 14.820 0.005
7134.84408 14.821 0.005
7134.86040 14.822 0.005
7134.87597 14.809 0.005
7134.89109 14.826 0.005
7134.90584 14.828 0.005
7134.92040 14.819 0.005
7135.67602 14.809 0.005
7135.69232 14.823 0.005
7135.70730 14.833 0.005
7135.72181 14.836 0.005
7135.73644 14.843 0.005
7135.75079 14.826 0.005
7135.76585 14.827 0.005
7135.78054 14.823 0.005
7135.84583 14.863 0.005
7135.86334 14.848 0.005
7135.87866 14.848 0.005
7135.89325 14.851 0.005
7135.90790 14.842 0.005
7135.92245 14.849 0.005
7136.66953 14.812 0.005
7136.68433 14.813 0.005
7136.69893 14.835 0.005
7136.71386 14.829 0.005
7136.72818 14.830 0.005
7136.74261 14.832 0.005
7136.75711 14.841 0.005
7136.82514 14.846 0.005
7136.85072 14.855 0.005
7136.86635 14.854 0.005
7136.88173 14.848 0.005
7136.89656 14.850 0.005
7136.91144 14.840 0.005
7136.92609 14.839 0.005
7137.66388 14.818 0.005
7137.67877 14.850 0.005
7137.69338 14.852 0.005
7137.70807 14.839 0.005
7137.72291 14.860 0.005
7137.73768 14.863 0.005
7137.83166 14.844 0.005
7137.84767 14.841 0.005
7137.86446 14.849 0.005
7137.87935 14.841 0.005
7137.89408 14.846 0.005
7137.90875 14.844 0.005
7137.92315 14.847 0.005
7138.65912 14.820 0.005
7138.66680 14.830 0.005
7138.68069 14.826 0.005
7138.69315 14.837 0.005
7138.70788 14.840 0.005
7138.72265 14.842 0.005
7138.73764 14.831 0.005
7138.84864 14.864 0.005
7138.86431 14.866 0.005
7138.87982 14.864 0.005
7138.89450 14.850 0.005
7138.90902 14.853 0.005
7138.92422 14.859 0.005
7139.65993 14.846 0.005
7139.67486 14.870 0.005
7139.70866 14.866 0.005
7139.72083 14.845 0.005
7139.73327 14.849 0.005
7139.74564 14.896 0.005
7139.83900 14.877 0.005
7139.85668 14.849 0.005
7139.87183 14.869 0.005
7139.88668 14.860 0.005
7139.90247 14.851 0.005
7139.91731 14.859 0.005
7139.93193 14.857 0.005
7140.65660 14.834 0.005
7140.66885 14.848 0.005
7140.68127 14.847 0.005
7140.69403 14.841 0.005
7140.70657 14.840 0.005
7140.72130 14.840 0.005
7140.82815 14.851 0.005
7140.84097 14.848 0.005
7140.85821 14.854 0.005
7140.87305 14.858 0.005
7140.88795 14.852 0.005
7140.90264 14.872 0.005
7140.91727 14.859 0.005
7140.93202 14.879 0.005
7141.65216 14.877 0.005
7141.66748 14.870 0.005
7141.68242 14.861 0.005
7141.69722 14.870 0.005
7141.71157 14.895 0.005
7141.72639 14.887 0.005
7141.86903 14.882 0.005
7141.88358 14.889 0.005
7141.89764 14.887 0.005
7141.91329 14.884 0.005
7141.92606 14.892 0.005
7142.65085 14.870 0.005
7142.66467 14.878 0.005
7142.67683 14.889 0.005
7142.69184 14.875 0.005
7142.70776 14.875 0.005
7142.72268 14.884 0.005
7142.73752 14.868 0.005
7142.84877 14.893 0.005
7142.86340 14.881 0.005
7142.87795 14.880 0.005
7142.89305 14.878 0.005
7142.90756 14.887 0.005
7142.92189 14.892 0.005
7143.64650 14.862 0.005
7143.65830 14.849 0.005
7143.67484 14.870 0.005
7143.68943 14.868 0.005
7143.70372 14.874 0.005
7143.71805 14.881 0.005
7143.73291 14.884 0.005
7143.74756 14.870 0.005
7143.76219 14.876 0.005
7143.77700 14.872 0.005
7143.79189 14.867 0.005
7143.84743 14.885 0.005
7143.86314 14.874 0.005
7143.88736 14.882 0.005
7143.91107 14.887 0.005
7143.92709 14.883 0.005
7144.64640 14.878 0.005
7144.65419 14.869 0.005
7144.66659 14.878 0.005
7144.67937 14.893 0.005
7144.69411 14.873 0.005
7144.70906 14.876 0.005
7144.72369 14.867 0.005
7144.83404 14.878 0.005
7144.85136 14.867 0.005
7144.86581 14.871 0.005
7145.68389 14.875 0.005
7145.71181 14.884 0.005
7145.74494 14.880 0.005
7145.75991 14.879 0.005
7145.77510 14.878 0.005
7145.78977 14.901 0.005
7145.80490 14.874 0.005
7145.82098 14.881 0.005
7145.83665 14.902 0.005
7145.85134 14.893 0.005
7145.86592 14.905 0.005
7145.88034 14.895 0.005
7145.89673 14.899 0.005
7145.91150 14.888 0.005
7145.92586 14.888 0.005
7146.63364 14.877 0.005
7146.64616 14.861 0.005
7146.65879 14.878 0.005
7146.67163 14.878 0.005
7146.68398 14.878 0.005
7146.69629 14.898 0.005
7146.70862 14.884 0.005
7146.72098 14.884 0.005
7146.73329 14.890 0.005
7146.74566 14.873 0.005
7146.75800 14.883 0.005
7146.77039 14.895 0.005
7146.78291 14.892 0.005
7146.83679 14.893 0.005
7146.84971 14.885 0.005
7146.86238 14.888 0.005
7146.87496 14.893 0.005
7146.88744 14.882 0.005
7146.89974 14.889 0.005
7146.91219 14.893 0.005
7146.92484 14.889 0.005
7147.63646 14.892 0.005
7147.65271 14.896 0.005
7147.66522 14.882 0.005
7147.67785 14.893 0.005
7147.69062 14.880 0.005
7147.70324 14.876 0.005
7147.71581 14.882 0.005
7147.72827 14.894 0.005
7147.74075 14.884 0.005
7147.75318 14.884 0.005
7147.76575 14.891 0.005
7147.80461 14.902 0.005
7147.81706 14.891 0.005
7147.83051 14.904 0.005
7147.84348 14.905 0.005
7147.85752 14.897 0.005
7147.87012 14.899 0.005
7147.88430 14.900 0.005
7147.89699 14.892 0.005
7147.90932 14.888 0.005
7147.92169 14.893 0.005
7147.93563 14.891 0.005
7148.70028 14.896 0.005
7148.78352 14.888 0.005
7148.85774 14.883 0.005
7148.93007 14.888 0.005
7150.80839 14.906 0.005
7150.82466 14.903 0.005
7150.83665 14.905 0.005
7151.69524 14.927 0.005
7151.70836 14.915 0.005
7151.73115 14.912 0.005
7151.75294 14.915 0.005
7151.77551 14.907 0.005
7151.80308 14.915 0.005
7151.87014 14.919 0.005
7151.90198 14.909 0.005
7152.74968 14.926 0.005
7152.76424 14.914 0.005
7152.77973 14.935 0.005
7152.79678 14.929 0.005
7152.81386 14.933 0.005
7152.82662 14.927 0.005
7152.84158 14.938 0.005
7152.85679 14.925 0.005
7152.87178 14.937 0.005
7152.88654 14.919 0.005
7152.90109 14.919 0.005
7152.91588 14.912 0.005
7152.93052 14.920 0.005
7153.62001 14.931 0.005
7153.63492 14.912 0.005
7153.64969 14.917 0.005
7153.66468 14.931 0.005
7153.67917 14.939 0.005
7153.69392 14.938 0.005
7153.70855 14.933 0.005
7153.72376 14.941 0.005
7153.84360 14.953 0.005
7153.85823 14.945 0.005
7153.87300 14.957 0.005
7153.88904 14.935 0.005
7153.90377 14.930 0.005
7153.91851 14.940 0.005
7153.93361 14.923 0.005
7154.64236 14.929 0.005
7154.65937 14.946 0.005
7154.67393 14.944 0.005
7154.68846 14.937 0.005
7155.61642 14.941 0.005
7155.63112 14.943 0.005
7155.64754 14.945 0.005
7155.66258 14.942 0.005
7155.67877 14.937 0.005
7155.69350 14.953 0.005
7155.70842 14.946 0.005
7156.61868 14.954 0.005
7156.63268 14.961 0.005
7156.64549 14.955 0.005
7156.65782 14.967 0.005
7156.67349 14.967 0.005
7156.68816 14.952 0.005
7156.70448 14.947 0.005
7157.61263 14.976 0.005
7157.62734 14.973 0.005
7157.64215 14.962 0.005
7157.65675 14.971 0.005
7157.67126 14.956 0.005
7157.69169 14.959 0.005
7157.70623 14.964 0.005
7158.63064 14.982 0.005
7158.64529 14.964 0.005
7158.66023 14.973 0.005
7158.67471 14.964 0.005
7158.68955 14.969 0.005
7158.70406 14.967 0.005
7158.71851 14.970 0.005
7159.60241 14.956 0.005
7159.61693 14.975 0.005
7159.63195 14.987 0.005
7159.64638 14.987 0.005
7159.66097 14.983 0.005
7159.67556 14.976 0.005
7159.69007 14.978 0.005
7159.70462 14.977 0.005
7159.71931 14.975 0.005
7160.60784 14.983 0.005
7160.62260 14.990 0.005
7160.63745 15.001 0.005
7160.65373 14.980 0.005
7160.66923 14.981 0.005
7160.68374 14.984 0.005
7160.69826 14.993 0.005
7160.71274 14.992 0.005
7160.74169 14.990 0.005
7161.60343 15.000 0.005
7161.61936 15.004 0.005
7161.63401 14.986 0.005
7161.66610 14.984 0.005
7161.68163 14.956 0.005
7162.59508 14.999 0.005
7162.61016 15.004 0.005
7162.62512 14.998 0.005
7162.63971 15.001 0.005
7162.65430 14.995 0.005
7162.66974 14.989 0.005
7162.68437 15.013 0.005
7162.69882 15.013 0.005
7163.60445 15.006 0.005
7163.61934 15.014 0.005
7163.63420 15.015 0.005
7163.64923 15.007 0.005
7163.66412 15.023 0.005
7163.67886 15.021 0.005
7163.69377 15.014 0.005
7163.70836 15.026 0.005
7163.72318 15.020 0.005
7164.59926 15.028 0.005
7165.59892 15.055 0.005
7165.63626 15.055 0.005
7166.59165 15.032 0.005
7166.61002 15.049 0.005
7166.62444 15.049 0.005
7166.63898 15.047 0.005
7166.65333 15.040 0.005
7166.66773 15.052 0.005
7166.68220 15.046 0.005
7166.69704 15.046 0.005
7166.72107 15.042 0.005
7166.77775 15.067 0.005
7166.83824 15.053 0.005
7166.85306 15.047 0.005
7166.86773 15.056 0.005
7166.88241 15.068 0.005
7166.89699 15.054 0.005
7166.91178 15.065 0.005
7166.92666 15.036 0.005
7166.94133 15.049 0.005
7168.69276 15.080 0.005
7168.71167 15.079 0.005
7168.73354 15.075 0.005
7169.58233 15.084 0.005
7169.59812 15.074 0.005
7169.61261 15.081 0.005
7169.62745 15.085 0.005
7169.64214 15.079 0.005
7169.65699 15.075 0.005
7169.67188 15.069 0.005
7169.85241 15.113 0.005
7169.86687 15.087 0.005
7169.88143 15.111 0.005
7169.89587 15.090 0.005
7169.91018 15.095 0.005
7169.92551 15.093 0.005
7169.93822 15.100 0.005
7170.58424 15.087 0.005
7170.59866 15.076 0.005
7170.61333 15.086 0.005
7170.62815 15.086 0.005
7170.64293 15.098 0.005
7170.65742 15.089 0.005
7170.67220 15.088 0.005
7170.68706 15.092 0.005
7170.83304 15.104 0.005
7171.83541 15.115 0.005
7172.57198 15.104 0.005
7172.58642 15.121 0.005
7172.60099 15.138 0.005
7172.61532 15.126 0.005
7172.63035 15.127 0.005
7172.64525 15.111 0.005
7172.65988 15.108 0.005
7172.67443 15.120 0.005
7172.68932 15.114 0.005
7172.70421 15.130 0.005
7172.83180 15.130 0.005
7173.56788 15.120 0.005
7173.58229 15.131 0.005
7173.59715 15.125 0.005
7173.62045 15.140 0.005
7173.63553 15.119 0.005
7173.65126 15.133 0.005
7173.66616 15.130 0.005
7173.68094 15.138 0.005
7173.78559 15.124 0.005
7173.81806 15.147 0.005
7173.83241 15.140 0.005
7173.84698 15.150 0.005
7173.86161 15.145 0.005
7173.87629 15.141 0.005
7173.90595 15.153 0.005
7173.92046 15.149 0.005
7173.93310 15.137 0.005
7174.56197 15.121 0.005
7174.57430 15.125 0.005
7174.58679 15.150 0.005
7174.60149 15.140 0.005
7174.61588 15.138 0.005
7174.63046 15.151 0.005
7174.64504 15.157 0.005
7174.66018 15.147 0.005
7175.57199 15.161 0.006
7175.58472 15.153 0.005
7175.59728 15.157 0.005
7175.61222 15.153 0.005
7175.62652 15.158 0.005
7175.64122 15.165 0.005
7175.65933 15.150 0.005
7175.93925 15.170 0.005
7176.70622 15.182 0.005
7176.82597 15.178 0.005
7176.92992 15.140 0.005
7177.77588 15.200 0.005
7178.68455 15.225 0.005
7178.80426 15.209 0.005
7178.91803 15.209 0.005
7179.55448 15.221 0.005
7179.57040 15.220 0.005
7179.58471 15.233 0.005
7179.59903 15.232 0.005
7179.61448 15.225 0.005
7179.81311 15.225 0.005
7179.82774 15.229 0.005
7179.84253 15.241 0.005
7179.85708 15.225 0.005
7179.87161 15.215 0.005
7179.88755 15.216 0.005
7179.90187 15.221 0.005
7179.91613 15.219 0.005
7179.93057 15.226 0.005
7180.55234 15.224 0.005
7180.56686 15.222 0.005
7180.58129 15.242 0.005
7180.59558 15.242 0.005
7180.60977 15.237 0.005
7180.62412 15.230 0.005
7180.63860 15.240 0.005
7180.65277 15.229 0.005
7181.54774 15.225 0.005
7181.56199 15.234 0.005
7181.57649 15.235 0.005
7181.59076 15.230 0.005
7181.60519 15.233 0.005
7181.75178 15.249 0.005
7181.76660 15.252 0.005
7181.78105 15.256 0.005
7181.79554 15.259 0.005
7181.81106 15.256 0.005
7181.82565 15.259 0.005
7181.84023 15.245 0.005
7181.85851 15.253 0.005
7181.87317 15.235 0.005
7181.88851 15.251 0.005
7181.90305 15.247 0.005
7181.91748 15.236 0.005
7181.93089 15.242 0.005
7182.54988 15.240 0.005
7182.56496 15.240 0.005
7182.57961 15.263 0.005
7182.59390 15.252 0.005
7182.60827 15.255 0.005
7182.62274 15.246 0.005
7182.63710 15.258 0.005
7183.53973 15.277 0.005
7183.56136 15.259 0.005
7183.57613 15.270 0.005
7183.59070 15.274 0.005
7183.60541 15.274 0.005
7183.61995 15.284 0.005
7183.63441 15.295 0.005
7183.83688 15.283 0.005
7183.85121 15.287 0.005
7183.86594 15.281 0.005
7183.88169 15.288 0.005
7183.89751 15.269 0.005
7183.91190 15.284 0.005
7183.92584 15.277 0.005
7184.56648 15.293 0.006
7184.58092 15.288 0.006
7184.59780 15.305 0.006
7184.61214 15.285 0.005
7184.62645 15.275 0.005
7184.64094 15.281 0.005
7184.65533 15.270 0.005
7184.67003 15.287 0.005
7184.68479 15.289 0.005
7184.75176 15.293 0.005
7184.78113 15.300 0.005
7184.79559 15.302 0.005
7184.81007 15.303 0.005
7184.82814 15.284 0.005
7184.84252 15.292 0.005
7184.85687 15.279 0.005
7184.87130 15.289 0.005
7184.88605 15.274 0.005
7184.90138 15.272 0.005
7184.91570 15.280 0.005
7184.92997 15.273 0.005
7185.54427 15.281 0.005
7185.56239 15.277 0.005
7185.57665 15.289 0.005
7185.59105 15.290 0.005
7185.60519 15.290 0.005
7185.61956 15.282 0.005
7186.58107 15.303 0.005
7186.59553 15.293 0.005
7186.61026 15.326 0.006
7186.62475 15.302 0.005
7186.63919 15.323 0.006
7186.65373 15.331 0.006
7186.67549 15.312 0.006
7186.68671 15.323 0.005
7186.78625 15.321 0.006
7186.80881 15.294 0.005
7186.82332 15.308 0.005
7186.83795 15.311 0.005
7186.85251 15.317 0.005
7186.86682 15.317 0.005
7186.88135 15.317 0.005
7186.89553 15.318 0.006
7186.90990 15.304 0.006
7187.54269 15.323 0.005
7187.55996 15.320 0.005
7187.57493 15.323 0.005
7187.58929 15.322 0.005
7187.60449 15.323 0.005
7187.61895 15.314 0.005
7187.63327 15.313 0.005
7187.65715 15.316 0.005
7187.68160 15.312 0.005
7187.69703 15.318 0.005
7187.71353 15.334 0.005
7187.72863 15.337 0.005
7187.74322 15.338 0.005
7187.75877 15.329 0.005
7187.77328 15.325 0.005
7187.78768 15.326 0.005
7187.80210 15.324 0.005
7187.82236 15.325 0.005
7187.83682 15.319 0.005
7187.85122 15.327 0.005
7187.86540 15.326 0.005
7187.87989 15.332 0.005
7187.89425 15.317 0.005
7187.90840 15.308 0.005
7187.92008 15.307 0.005
7188.55369 15.318 0.005
7188.57423 15.329 0.005
7188.58874 15.339 0.005
7188.60339 15.322 0.005
7188.61762 15.332 0.005
7188.63197 15.320 0.005
7188.64623 15.330 0.005
7188.66062 15.333 0.005
7188.67556 15.328 0.005
7188.73160 15.339 0.005
7188.74669 15.343 0.005
7188.76147 15.349 0.005
7188.77615 15.340 0.005
7188.79122 15.338 0.005
7188.80687 15.334 0.005
7188.82216 15.365 0.006
7188.84571 15.335 0.005
7188.86015 15.329 0.006
7189.53488 15.319 0.005
7189.54944 15.350 0.005
7189.56439 15.331 0.005
7189.58039 15.346 0.005
7189.59487 15.345 0.005
7189.61169 15.343 0.005
7189.80200 15.347 0.005
7189.81660 15.347 0.005
7189.83089 15.345 0.005
7189.84545 15.352 0.005
7189.86022 15.346 0.005
7189.87472 15.339 0.005
7189.88906 15.335 0.005
7189.90562 15.334 0.005
7189.91724 15.337 0.006
7190.52778 15.336 0.005
7190.62162 15.356 0.005
7190.63758 15.371 0.005
7190.65199 15.384 0.005
7190.67581 15.369 0.005
7190.69659 15.373 0.005
7190.72161 15.383 0.005
7190.73843 15.381 0.005
7190.75324 15.375 0.005
7190.76808 15.384 0.005
7190.78319 15.384 0.005
7190.80453 15.367 0.005
7190.81932 15.369 0.005
7190.83432 15.373 0.005
7190.84910 15.375 0.005
7190.86399 15.372 0.005
7190.87886 15.358 0.005
7190.89505 15.365 0.006
7191.55413 15.386 0.006
7191.58696 15.408 0.006
7191.61706 15.384 0.005
7191.63129 15.376 0.005
7191.64601 15.366 0.005
7191.66093 15.377 0.005
7191.67687 15.362 0.005
7191.78583 15.399 0.005
7191.80026 15.388 0.005
7191.81704 15.415 0.006
7191.83136 15.381 0.005
7191.84644 15.391 0.005
7191.86452 15.380 0.005
7192.81966 15.411 0.005
7192.83934 15.403 0.005
7192.84928 15.403 0.005
7192.86010 15.392 0.005
7192.88715 15.392 0.005
7193.54632 15.434 0.005
7193.58773 15.426 0.005
7193.67796 15.436 0.005
7193.69341 15.418 0.005
7193.71246 15.423 0.005
7193.72728 15.436 0.005
7193.74230 15.439 0.005
7193.76062 15.435 0.005
7193.77831 15.437 0.005
7193.79628 15.439 0.005
7193.81245 15.431 0.005
7193.83061 15.421 0.005
7193.84617 15.418 0.005
7193.86120 15.416 0.005
7193.87134 15.414 0.005
7193.88116 15.421 0.005
7193.89141 15.417 0.005
7194.51480 15.429 0.005
7194.53052 15.422 0.005
7194.55046 15.430 0.005
7194.56469 15.420 0.005
7194.57886 15.417 0.005
7194.60768 15.419 0.005
7194.62341 15.413 0.005
7194.64701 15.448 0.005
7194.66382 15.425 0.005
7194.69220 15.442 0.005
7194.70852 15.430 0.005
7194.72561 15.424 0.005
7194.74026 15.440 0.005
7194.75507 15.424 0.005
7194.76960 15.433 0.005
7194.78415 15.432 0.005
7194.80119 15.421 0.005
7195.52410 15.430 0.005
7195.53785 15.446 0.005
7195.55129 15.449 0.005
7195.56752 15.446 0.005
7196.84346 15.459 0.006
7196.85906 15.459 0.005
7196.87412 15.456 0.005
7196.88572 15.468 0.006
7197.52171 15.450 0.006
7197.53605 15.460 0.006
7197.55028 15.459 0.005
7197.56446 15.470 0.005
7197.57874 15.458 0.005
7197.59567 15.487 0.005
7197.62650 15.467 0.005
7197.64113 15.471 0.005
7197.65604 15.481 0.005
7197.68089 15.472 0.005
7197.69640 15.474 0.005
7197.71144 15.465 0.005
7197.73576 15.478 0.005
7197.75055 15.472 0.005
7197.76535 15.482 0.005
7197.77995 15.477 0.005
7197.79515 15.468 0.005
7197.80978 15.475 0.005
7197.82794 15.463 0.005
7197.84269 15.478 0.006
7197.85527 15.477 0.006
7197.87303 15.468 0.006
7198.51840 15.472 0.005
7198.53273 15.469 0.005
7198.54699 15.479 0.005
7198.56134 15.468 0.005
7198.57551 15.482 0.005
7198.58982 15.492 0.005
7198.60416 15.486 0.005
7198.62034 15.478 0.005
7198.63567 15.484 0.005
7198.65953 15.495 0.005
7198.67502 15.483 0.005
7198.70352 15.494 0.005
7198.71822 15.493 0.005
7198.73274 15.487 0.005
7198.74738 15.502 0.005
7198.76174 15.481 0.005
7198.77604 15.488 0.005
7198.79036 15.489 0.005
7198.80665 15.475 0.006
7198.82178 15.488 0.006
7198.83765 15.494 0.006
7198.84501 15.484 0.006
7198.85987 15.497 0.005
7198.87529 15.482 0.006
7198.88833 15.466 0.006
7199.50911 15.484 0.005
7199.52353 15.487 0.005
7199.53791 15.483 0.005
7199.55233 15.483 0.005
7199.56662 15.483 0.005
7199.58106 15.495 0.005
7199.59564 15.493 0.005
7199.61004 15.501 0.005
7199.68121 15.509 0.005
7199.69635 15.504 0.005
7199.72015 15.507 0.005
7199.73463 15.513 0.005
7199.74933 15.502 0.005
7199.76374 15.507 0.005
7199.77825 15.510 0.005
7199.79268 15.512 0.005
7199.80681 15.515 0.005
7199.82240 15.508 0.005
7199.83744 15.507 0.005
7199.85233 15.496 0.005
7199.86735 15.503 0.005
7199.88269 15.501 0.005
7200.49011 15.504 0.006
7200.50480 15.508 0.005
7200.51920 15.513 0.005
7200.53354 15.506 0.005
7200.53615 15.517 0.005
7200.54962 15.507 0.005
7200.66691 15.537 0.005
7200.68236 15.529 0.005
7200.69892 15.543 0.005
7200.71380 15.542 0.005
7200.72830 15.534 0.005
7200.74493 15.536 0.005
7200.76139 15.532 0.005
7200.77589 15.542 0.005
7200.79183 15.524 0.005
7200.80611 15.521 0.005
7200.82085 15.518 0.005
7200.83728 15.521 0.005
7200.85231 15.522 0.005
7200.86721 15.508 0.005
7200.87255 15.516 0.005
7202.63689 15.551 0.006
7202.68623 15.551 0.006
7202.70335 15.563 0.006
7202.71922 15.563 0.006
7202.73692 15.559 0.006
7202.75380 15.555 0.006
7202.76814 15.562 0.006
7202.78242 15.572 0.006
7202.79706 15.558 0.006
7202.81147 15.551 0.006
7202.83007 15.567 0.007
7202.84440 15.555 0.007
7202.85875 15.547 0.006
7202.87293 15.551 0.006
7202.88730 15.548 0.006
7206.62849 15.607 0.006
7206.64452 15.629 0.006
7206.67044 15.607 0.006
7206.68721 15.616 0.006
7206.69968 15.612 0.006
7206.71416 15.613 0.006
7206.72847 15.623 0.006
7206.74265 15.608 0.006
7206.75724 15.616 0.006
7206.77174 15.615 0.006
7206.78777 15.620 0.006
7206.80194 15.610 0.006
7206.81602 15.606 0.006
7206.83060 15.604 0.006
7206.84518 15.619 0.006
7207.48975 15.601 0.006
7207.50407 15.608 0.006
7207.52084 15.619 0.006
7207.53727 15.626 0.006
7207.55176 15.612 0.006
7207.56608 15.629 0.006
7207.58030 15.626 0.006
7207.59507 15.618 0.005
7207.60948 15.622 0.005
7207.68654 15.622 0.006
7207.70149 15.634 0.006
7207.71636 15.616 0.006
7207.73094 15.622 0.006
7207.74538 15.614 0.006
7207.75988 15.618 0.006
7207.77422 15.626 0.006
7207.79287 15.613 0.006
7207.81329 15.623 0.006
7207.82844 15.629 0.006
7207.84307 15.632 0.007
7207.85820 15.623 0.006
7208.48341 15.615 0.005
7208.49665 15.627 0.005
7208.50876 15.635 0.006
7208.52512 15.627 0.005
7209.61381 15.658 0.006
7209.63780 15.656 0.006
7209.64685 15.644 0.006
7209.66228 15.653 0.006
7209.67641 15.657 0.006
7209.69134 15.648 0.006
7209.70596 15.659 0.005
7209.72060 15.653 0.006
7209.73499 15.672 0.006
7209.74944 15.667 0.006
7209.76371 15.652 0.006
7209.77884 15.655 0.006
7209.79326 15.652 0.006
7209.80754 15.637 0.006
7209.82030 15.664 0.006
7209.83540 15.664 0.006
7210.80815 15.672 0.007
7210.83235 15.673 0.007
7210.84735 15.663 0.007
7210.86062 15.651 0.007
7211.47028 15.687 0.007
7211.48447 15.676 0.005
7211.49873 15.665 0.006
7211.51313 15.704 0.007
7211.52731 15.680 0.006
7211.54158 15.682 0.006
7211.55597 15.682 0.006
7211.57021 15.687 0.006
7211.61367 15.677 0.005
7211.64008 15.683 0.005
7211.65663 15.668 0.005
7211.67125 15.677 0.005
7211.69544 15.681 0.005
7211.71010 15.687 0.005
7211.72458 15.695 0.005
7211.73894 15.688 0.005
7211.75331 15.682 0.005
7211.76818 15.688 0.005
7211.78266 15.689 0.005
7211.79708 15.699 0.006
7211.81189 15.682 0.006
7211.82628 15.670 0.006
7211.84065 15.648 0.006
7211.85171 15.675 0.006
7212.49753 15.682 0.005
7212.79741 15.697 0.006
7212.81494 15.701 0.005
7214.49067 15.746 0.006
7214.51104 15.730 0.006
7214.52531 15.697 0.006
7214.59419 15.735 0.005
7214.60967 15.712 0.005
7214.62731 15.720 0.005
7214.64539 15.731 0.005
7214.66325 15.731 0.005
7214.68167 15.720 0.005
7214.69981 15.718 0.005
7214.72603 15.748 0.006
7214.74048 15.708 0.005
7214.75472 15.730 0.006
7214.77788 15.725 0.005
7214.82549 15.711 0.006
7217.53087 15.801 0.007
7217.54621 15.794 0.007
7217.56335 15.766 0.006
7217.57835 15.777 0.006
7217.59310 15.773 0.006
7217.61693 15.777 0.006
7217.63226 15.757 0.006
7217.69385 15.807 0.006
7217.72049 15.800 0.007
7217.75839 15.769 0.006
7217.77288 15.780 0.006
7217.78736 15.782 0.006
7217.80169 15.771 0.006
7217.81624 15.772 0.006
7219.48824 15.786 0.006
7219.50443 15.785 0.006
7219.51881 15.791 0.006
7219.52252 15.798 0.006
7219.54609 15.798 0.005
7219.57133 15.804 0.006
7219.58677 15.799 0.006
7219.60239 15.788 0.006
7219.62805 15.786 0.006
7219.65354 15.785 0.006
7219.66810 15.801 0.006
7219.68307 15.794 0.006
7219.69739 15.811 0.006
7219.71235 15.803 0.006
7219.72707 15.794 0.006
7220.46578 15.800 0.007
7220.47837 15.790 0.006
7220.49363 15.801 0.006
7220.50779 15.807 0.006
7220.52197 15.800 0.006
7220.53608 15.816 0.006
7220.55052 15.816 0.006
7220.56487 15.806 0.005
7220.58002 15.799 0.006
7220.60410 15.811 0.005
7220.62015 15.818 0.005
7220.64721 15.812 0.005
7220.66180 15.827 0.005
7220.67613 15.830 0.005
7220.69143 15.824 0.005
7220.70578 15.831 0.005
7220.72019 15.835 0.005
7220.73471 15.824 0.005
7220.74967 15.812 0.006
7220.76419 15.815 0.006
7220.78375 15.821 0.006
7220.79845 15.810 0.006
7220.81286 15.804 0.006
7220.82566 15.813 0.006
7221.46525 15.800 0.007
7221.47975 15.808 0.006
7221.49459 15.823 0.007
7221.50901 15.822 0.006
7221.52376 15.812 0.006
7221.53851 15.824 0.006
7221.55283 15.822 0.006
7221.56724 15.818 0.006
7221.58176 15.825 0.006
7221.60600 15.830 0.006
7221.62197 15.831 0.006
7221.64801 15.835 0.006
7221.66241 15.835 0.006
7221.67692 15.833 0.006
7221.69142 15.842 0.006
7221.70575 15.833 0.006
7221.71997 15.833 0.006
7221.73515 15.844 0.006
7221.74977 15.830 0.006
7221.76413 15.831 0.006
7221.77839 15.833 0.006
7221.79329 15.829 0.006
7221.80781 15.825 0.006
7221.81785 15.831 0.006
7222.46781 15.850 0.007
7222.48204 15.837 0.006
7222.50274 15.851 0.006
7222.52015 15.853 0.006
7222.53483 15.844 0.006
7222.55052 15.853 0.006
7222.56999 15.825 0.006
7222.58524 15.854 0.006
7222.60022 15.849 0.006
7222.61814 15.861 0.005
7222.62073 15.874 0.006
7222.67693 15.866 0.006
7222.70056 15.858 0.007
7222.71484 15.866 0.007
7222.73013 15.847 0.006
7222.74766 15.861 0.006
7222.76746 15.851 0.006
7222.78583 15.859 0.006
7222.80126 15.830 0.006
7222.81474 15.842 0.006
7223.49489 15.853 0.007
7223.51029 15.846 0.007
7223.52534 15.857 0.007
7223.54121 15.857 0.007
7223.55560 15.850 0.006
7223.56983 15.858 0.006
7223.58476 15.862 0.006
7223.60969 15.846 0.006
7223.62484 15.863 0.006
7223.64957 15.856 0.006
7223.66441 15.868 0.006
7223.67876 15.853 0.006
7223.69319 15.853 0.006
7223.70746 15.858 0.006
7223.72176 15.849 0.006
7223.73625 15.856 0.006
7223.75062 15.867 0.007
7223.77179 15.846 0.006
7223.79549 15.849 0.007
7224.46441 15.859 0.006
7224.47926 15.841 0.006
7224.49375 15.884 0.006
7224.50850 15.857 0.006
7224.52322 15.856 0.006
7224.53774 15.864 0.006
7224.55524 15.861 0.006
7224.56970 15.854 0.006
7224.60651 15.875 0.007
7224.62653 15.904 0.007
7224.63629 15.873 0.007
7224.65824 15.876 0.007
7224.67567 15.872 0.007
7224.69896 15.866 0.007
7224.71342 15.866 0.006
7224.72868 15.855 0.006
7224.74295 15.892 0.007
7224.75722 15.866 0.006
7224.77156 15.850 0.006
7224.79400 15.865 0.006
7225.46050 15.860 0.007
7225.47591 15.887 0.006
7225.49238 15.891 0.006
7225.50662 15.889 0.006
7225.52109 15.885 0.006
7225.53564 15.888 0.006
7225.55014 15.882 0.006
7225.56449 15.887 0.006
7225.57918 15.882 0.006
7225.60384 15.891 0.006
7225.62930 15.893 0.005
7226.46471 15.891 0.008
7226.47976 15.909 0.007
7226.49441 15.912 0.006
7226.50890 15.916 0.006
7226.52375 15.906 0.007
7226.53834 15.914 0.007
7226.55304 15.909 0.006
7226.56757 15.903 0.006
7226.57097 15.896 0.006
7226.62634 15.897 0.006
7226.64108 15.908 0.006
7226.66496 15.895 0.006
7226.67967 15.908 0.006
7226.69411 15.907 0.006
7226.70865 15.905 0.006
7226.72300 15.898 0.006
7226.73727 15.899 0.006
7226.75155 15.895 0.006
7226.76575 15.895 0.006
7226.77993 15.901 0.007
7226.79556 15.883 0.006
7226.80809 15.884 0.006
7227.46341 15.881 0.008
7227.47781 15.916 0.008
7227.49225 15.922 0.007
7227.50657 15.912 0.007
7227.52107 15.915 0.007
7227.53556 15.907 0.006
7227.55003 15.914 0.006
7227.56451 15.926 0.006
7227.58837 15.900 0.006
7227.65273 15.917 0.006
7227.67624 15.894 0.006
7227.69057 15.919 0.006
7227.70478 15.915 0.006
7227.71916 15.907 0.006
7227.73336 15.907 0.006
7227.74782 15.912 0.006
7227.76335 15.913 0.006
7227.77755 15.919 0.007
7227.79070 15.894 0.007
7228.46235 15.924 0.008
7228.47933 15.913 0.006
7228.49391 15.914 0.006
7228.50889 15.912 0.006
7228.52381 15.931 0.006
7228.53827 15.916 0.006
7228.55265 15.929 0.006
7228.56756 15.942 0.006
7228.59157 15.939 0.006
7228.60711 15.931 0.006
7228.63417 15.957 0.006
7228.64915 15.933 0.006
7228.66335 15.937 0.006
7228.67823 15.906 0.006
7228.68189 15.922 0.006
7228.70189 15.927 0.006
7228.71602 15.919 0.007
7228.73036 15.929 0.006
7228.74809 15.913 0.006
7228.76049 15.917 0.006
7228.77725 15.933 0.005
7229.46466 15.930 0.007
7229.47890 15.933 0.006
7229.49325 15.933 0.006
7229.50759 15.946 0.006
7229.52196 15.966 0.006
7229.53645 15.954 0.006
7229.55098 15.946 0.006
7229.56532 15.944 0.006
7229.57986 15.954 0.006
7229.65793 15.947 0.006
7229.67225 15.951 0.006
7229.68676 15.953 0.006
7229.70114 15.954 0.006
7229.71566 15.941 0.006
7229.73024 15.937 0.006
7229.74457 15.940 0.006
7229.75880 15.945 0.006
7229.77309 15.936 0.006
7229.78734 15.945 0.006
7229.79936 15.936 0.006
7230.48112 15.976 0.009
7230.52284 15.967 0.008
7230.61566 15.949 0.008
7233.51271 16.014 0.008
7233.58997 15.989 0.008
7233.65269 15.978 0.007
7233.68043 16.020 0.007
7233.70569 16.012 0.007
7233.74326 16.012 0.007
7234.62330 16.011 0.009
7235.47458 16.029 0.008
7235.49467 16.009 0.008
7235.51305 16.046 0.008
7235.53690 16.013 0.008
7235.64499 16.027 0.007
7235.66454 16.033 0.007
7235.67965 16.025 0.007
7235.69420 16.022 0.007
7235.71381 16.014 0.007
7235.72807 16.041 0.007
7235.74357 16.031 0.007
7235.75669 16.026 0.007
7235.77940 16.016 0.008
7236.62274 16.045 0.007
7236.63767 16.048 0.007
7248.47530 16.298 0.009
7248.49265 16.198 0.008
7249.47024 16.207 0.008
7249.48814 16.223 0.008
7249.50348 16.236 0.008
7249.52702 16.226 0.008
7249.55215 16.263 0.008
7249.58126 16.233 0.007
7249.59412 16.249 0.008
7249.60707 16.250 0.008
7249.61970 16.228 0.007
7249.63248 16.223 0.007
7249.64509 16.227 0.007
7249.65782 16.249 0.007
7249.67173 16.242 0.008
7249.68422 16.237 0.008
7249.69681 16.245 0.008
7249.70990 16.227 0.008
7249.72304 16.265 0.009
7250.55265 16.252 0.007
7250.56806 16.281 0.007
7250.58503 16.229 0.006
7250.59939 16.254 0.006
7250.61226 16.248 0.007
7250.63375 16.252 0.006
7250.64860 16.201 0.006
7250.67473 16.246 0.006
7252.49903 16.264 0.008
7252.51425 16.266 0.008
7252.52996 16.286 0.008
7252.55884 16.282 0.008
7252.57929 16.274 0.008
7252.59804 16.263 0.007
7252.62604 16.280 0.007
7253.47083 16.267 0.008
7253.48565 16.273 0.007
7253.50016 16.281 0.007
7253.52486 16.281 0.007
7253.55108 16.291 0.007
7253.56830 16.284 0.007
7253.58334 16.282 0.007
7253.59930 16.278 0.007
7253.61411 16.293 0.007
7253.62882 16.284 0.007
7253.64797 16.291 0.007
7253.66294 16.289 0.007
7253.67777 16.290 0.007
7255.47224 16.313 0.008
7255.48703 16.312 0.007
7255.50187 16.298 0.007
7255.52624 16.322 0.007
7255.55168 16.327 0.007
7255.56677 16.305 0.008
7255.58661 16.317 0.008
7255.60173 16.311 0.008
7255.61629 16.321 0.008
7255.63092 16.328 0.008
7255.64539 16.312 0.008
7255.66320 16.323 0.008
7256.49072 16.319 0.008
7256.50605 16.321 0.008
7256.52142 16.331 0.007
7256.54974 16.326 0.008
7256.57489 16.322 0.008
7256.58987 16.324 0.008
7256.60453 16.323 0.008
7256.61899 16.311 0.008
7256.63358 16.325 0.008
7256.64849 16.301 0.008
7256.66293 16.340 0.008
7256.67966 16.305 0.008
7257.53139 16.340 0.007
7257.56486 16.351 0.007
7257.58515 16.353 0.007
7257.61107 16.361 0.008
7257.63586 16.335 0.007
7257.65187 16.329 0.007
7257.66531 16.358 0.008
7257.67802 16.330 0.007
7257.69411 16.333 0.008
7257.70240 16.327 0.008
7258.47676 16.356 0.008
7258.49934 16.352 0.007
7258.51369 16.368 0.008
7258.60300 16.349 0.009
7258.61679 16.340 0.008
7258.62757 16.342 0.008
7258.63992 16.336 0.008
7258.65177 16.347 0.008
7258.66309 16.356 0.008
7258.67455 16.337 0.008
7258.68619 16.360 0.009
7261.49488 16.396 0.009
7261.51301 16.425 0.009
7261.52946 16.418 0.010
7261.54795 16.404 0.009
7261.56135 16.428 0.009
7261.57268 16.393 0.008
7261.58641 16.368 0.009
7261.60014 16.388 0.009
7261.61009 16.379 0.009
7261.63291 16.404 0.009
7261.64085 16.404 0.010
7261.65745 16.396 0.010
7261.67391 16.396 0.010
7263.47502 16.447 0.008
7263.49146 16.443 0.008
7263.50746 16.434 0.008
7263.52349 16.431 0.008
7263.53874 16.420 0.008
7263.55363 16.423 0.008
7263.56823 16.428 0.007
7263.58364 16.422 0.007
7263.59839 16.416 0.008
7263.61268 16.426 0.008
7263.62847 16.429 0.008
7263.64313 16.422 0.008
7263.65742 16.428 0.008
7263.67193 16.413 0.007
7263.68660 16.428 0.008
7264.47328 16.451 0.009
7264.49883 16.434 0.008
7264.51521 16.465 0.008
7264.53034 16.437 0.008
7264.54540 16.450 0.008
7264.56039 16.444 0.008
7264.57519 16.432 0.008
7264.59018 16.444 0.008
7264.60467 16.459 0.008
7264.61954 16.437 0.008
7264.63589 16.432 0.008
7264.67266 16.432 0.008
7264.68900 16.439 0.008
7264.70339 16.434 0.009
7265.47309 16.483 0.008
7265.49050 16.475 0.008
7265.50722 16.453 0.008
7265.52339 16.472 0.008
7265.53849 16.471 0.008
7265.55343 16.456 0.008
7265.56876 16.482 0.008
7265.58415 16.460 0.008
7265.59853 16.470 0.008
7265.61324 16.465 0.008
7265.63845 16.466 0.008
7265.67039 16.449 0.008
7265.68547 16.444 0.008
7265.69682 16.448 0.008
7266.47762 16.491 0.010
7266.56053 16.476 0.008
7267.47278 16.516 0.011
7267.49807 16.526 0.009
7267.51530 16.488 0.008
7267.53061 16.495 0.008
7267.54644 16.483 0.008
7267.56145 16.487 0.008
7267.58709 16.505 0.008
7267.60168 16.479 0.008
7267.61684 16.482 0.008
7267.63243 16.475 0.008
7267.67054 16.486 0.008
7267.68828 16.473 0.008
7267.69830 16.484 0.008
7268.47420 16.493 0.008
7268.48898 16.494 0.008
7268.51481 16.478 0.007
7268.52944 16.488 0.007
7268.55418 16.497 0.007
7268.56841 16.490 0.007
7268.60219 16.497 0.007
7268.61740 16.497 0.007
7268.63165 16.508 0.007
7268.64575 16.513 0.007
7268.66083 16.502 0.007
7268.67868 16.479 0.007
7268.69158 16.474 0.008
7269.47991 16.550 0.009
7269.49640 16.537 0.008
7269.51184 16.520 0.008
7269.53633 16.516 0.007
7269.55091 16.510 0.008
7269.56520 16.515 0.008
7269.57984 16.510 0.007
7269.61788 16.512 0.008
7269.63342 16.522 0.008
7269.64776 16.505 0.008
7269.66854 16.498 0.008
7269.68285 16.506 0.008
7269.69108 16.490 0.008
7270.47184 16.529 0.009
7270.48779 16.549 0.008
7270.50348 16.528 0.008
7270.51849 16.521 0.008
7270.53319 16.515 0.008
7270.55791 16.520 0.007
7270.57228 16.545 0.008
7270.58718 16.530 0.007
7270.60176 16.521 0.007
7270.61956 16.517 0.008
7270.65013 16.515 0.008
7270.66629 16.507 0.008
7270.68223 16.529 0.008
7270.69225 16.481 0.008
7271.48120 16.571 0.010
7271.50024 16.572 0.011
7271.52828 16.577 0.009
7271.54321 16.561 0.008
7271.55757 16.543 0.008
7271.57201 16.571 0.009
7271.58646 16.551 0.008
7271.62334 16.581 0.009
7272.49164 16.595 0.010
7272.50997 16.590 0.009
7272.52448 16.566 0.009
7272.53894 16.572 0.009
7272.55362 16.577 0.009
7272.56796 16.562 0.009
7272.58909 16.564 0.008
7273.52838 16.610 0.009
7273.54439 16.564 0.008
7273.55876 16.611 0.011
7273.57423 16.567 0.008
7273.58911 16.573 0.009
7273.61335 16.563 0.008
7273.62896 16.550 0.008
7273.64445 16.589 0.009
7273.65907 16.548 0.009
7273.67377 16.561 0.008
7274.49209 16.617 0.011
7274.57982 16.603 0.008
7275.50120 16.645 0.011
7275.55737 16.623 0.010
7275.57287 16.608 0.009
7275.58708 16.577 0.009
7275.60296 16.613 0.010
7275.61697 16.586 0.009
7275.63150 16.599 0.009
7275.64579 16.592 0.010
7275.65999 16.597 0.009
7275.67874 16.594 0.011
7276.56420 16.688 0.010
7277.47351 16.635 0.013
7277.49279 16.626 0.009
7277.50779 16.666 0.009
7277.52216 16.647 0.008
7277.53702 16.648 0.009
7277.57397 16.669 0.008
7277.58831 16.639 0.009
7277.60253 16.683 0.009
7277.61694 16.675 0.009
7277.63138 16.653 0.009
7277.64813 16.637 0.009
7277.66244 16.638 0.009
7277.67669 16.666 0.010
7278.47591 16.730 0.015
7278.49132 16.685 0.010
7278.50587 16.683 0.011
7278.52020 16.660 0.010
7278.55315 16.680 0.009
7278.57764 16.653 0.008
7278.59196 16.651 0.008
7278.60623 16.662 0.008
7278.62051 16.649 0.009
7278.63488 16.689 0.010
7278.65087 16.660 0.008
7278.66376 16.648 0.011
7281.47688 16.732 0.014
7281.50104 16.723 0.011
7281.51827 16.732 0.011
7281.53310 16.732 0.010
7281.56305 16.724 0.010
7281.57827 16.708 0.009
7283.56861 16.727 0.011
7283.58610 16.744 0.010
7283.60843 16.731 0.011
7283.62419 16.722 0.011
7284.47732 16.733 0.009
7284.51060 16.749 0.008
7284.52805 16.750 0.008
7284.54392 16.746 0.008
7284.56413 16.731 0.008
7284.58077 16.746 0.008
7284.60369 16.740 0.008
7291.52785 16.872 0.013
7292.48200 16.986 0.019
7292.55040 16.934 0.013
7292.60352 16.947 0.016
7293.51681 16.923 0.010
7293.58784 16.900 0.009
7294.52625 16.921 0.013
7294.58089 16.921 0.013
7295.47929 16.936 0.017
7295.56147 16.948 0.010
7296.52013 17.033 0.015
7297.53803 17.009 0.014
7299.52757 17.032 0.011
7299.57041 17.077 0.011
7300.50266 16.982 0.012
7301.50695 17.048 0.013
7307.56257 17.099 0.012
7311.51572 17.181 0.011
7312.49206 17.271 0.021
7313.48770 17.180 0.025
7317.49307 17.292 0.020
7318.49240 17.280 0.018
7319.49675 17.390 0.025
7322.52083 17.320 0.019
7324.51206 17.512 0.021
7325.51097 17.444 0.021
7329.50243 17.457 0.029
7331.50317 17.435 0.027
7333.50149 17.352 0.031
7416.87582 16.955 0.014
7424.86651 16.936 0.008
7425.86202 16.902 0.010
7426.88470 16.957 0.014
7427.85527 16.917 0.011
7428.85099 16.929 0.008
7429.84787 16.923 0.009
7431.84756 16.941 0.009
7432.84986 16.937 0.009
7433.84804 16.939 0.009
7434.83981 16.920 0.011
7435.84571 16.921 0.011
7435.87761 16.932 0.010
7436.83982 16.914 0.012
7436.87301 16.943 0.010
7437.83420 16.918 0.008
7437.87865 16.912 0.008
7438.83810 16.903 0.009
7438.87379 16.928 0.010
7439.83608 16.881 0.012
7439.87646 16.930 0.010
7440.83162 16.892 0.009
7440.87430 16.906 0.008
7441.82936 16.852 0.012
7441.87589 16.887 0.009
7442.82189 16.865 0.010
7442.87013 16.873 0.009
7443.82644 16.843 0.013
7444.82322 16.875 0.010
7444.87368 16.872 0.008
7445.82740 16.823 0.009
7445.86061 16.867 0.009
7445.90317 16.849 0.011
7446.83428 16.817 0.008
7446.87422 16.828 0.008
7447.80970 16.795 0.008
7447.84606 16.810 0.008
7447.88382 16.824 0.008
7448.81839 16.770 0.012
7448.86639 16.810 0.008
7449.81972 16.756 0.009
7449.88561 16.777 0.011
7451.80577 16.697 0.009
7451.87220 16.719 0.009
7452.79910 16.698 0.008
7452.84427 16.694 0.008
7452.89106 16.679 0.008
7453.81164 16.635 0.007
7453.86572 16.649 0.007
7454.84693 16.614 0.008
7454.90185 16.609 0.008
7455.83035 16.577 0.008
7455.87540 16.567 0.008
7456.80185 16.542 0.008
7456.84994 16.531 0.008
7456.90433 16.558 0.008
7457.81529 16.498 0.008
7457.87144 16.507 0.008
7458.78069 16.460 0.008
7458.82551 16.440 0.008
7458.88011 16.435 0.007
7460.78329 16.326 0.008
7460.82913 16.341 0.007
7460.88490 16.345 0.007
7461.79674 16.301 0.007
7461.84144 16.285 0.006
7461.90508 16.302 0.007
7462.79880 16.203 0.007
7462.84453 16.225 0.006
7462.90383 16.233 0.006
7463.84094 16.154 0.007
7463.90348 16.173 0.006
7464.87264 16.100 0.006
7465.79748 16.033 0.006
7465.89619 16.055 0.007
7467.87746 15.917 0.006
7470.75661 15.757 0.007
7470.80352 15.759 0.006
7470.84814 15.769 0.006
7471.76975 15.719 0.006
7471.87117 15.739 0.006
7471.91462 15.731 0.006
7472.77938 15.684 0.006
7472.87927 15.692 0.006
7473.75229 15.654 0.006
7474.77101 15.595 0.005
7474.84822 15.597 0.006
7474.88652 15.597 0.005
7475.74995 15.566 0.006
7475.79056 15.572 0.007
7475.90570 15.556 0.005
7476.75856 15.526 0.005
7479.81634 15.421 0.005
7480.88947 15.384 0.005
7485.92389 15.228 0.005
7488.92845 15.150 0.005
7489.78015 15.110 0.005
7491.71684 15.065 0.005
7492.69943 15.034 0.005
7493.80175 15.039 0.005
7494.89905 15.018 0.005
7495.86350 14.988 0.005
7497.89037 14.937 0.005
7498.74621 14.934 0.005
7500.67940 14.875 0.005
7507.78741 14.835 0.005
7507.89286 14.821 0.005
7509.83176 14.819 0.005
7511.68509 14.806 0.005
7511.79357 14.821 0.005
7511.90549 14.814 0.005
7512.87354 14.817 0.005
7522.79508 14.835 0.005
7522.91070 14.827 0.005
7523.90883 14.828 0.005
7526.68060 14.856 0.005
7526.80621 14.871 0.005
7526.92329 14.881 0.005
7528.91502 14.889 0.005
7529.81532 14.894 0.005
7530.78256 14.908 0.005
7530.92020 14.906 0.005
7534.76141 14.962 0.005
7534.86994 14.946 0.005
7536.76721 14.984 0.005
7536.86602 14.986 0.005
7545.80154 15.066 0.005
7545.91051 15.054 0.005
7546.83422 15.084 0.005
7546.93432 15.082 0.005
7547.58682 15.087 0.005
7547.71092 15.098 0.005
7547.82773 15.086 0.005
7548.91508 15.093 0.005
7549.83853 15.105 0.005
7550.71067 15.134 0.005
7550.83105 15.127 0.005
7552.74306 15.177 0.005
7554.60907 15.187 0.005
7554.89301 15.188 0.005
7555.62920 15.184 0.005
7555.73788 15.204 0.005
7555.83824 15.201 0.005
7557.67986 15.231 0.005
7557.82381 15.217 0.005
7561.57856 15.262 0.005
7561.69189 15.281 0.005
7561.79900 15.262 0.005
7562.56095 15.270 0.005
7566.53353 15.333 0.005
7566.65339 15.350 0.005
7566.75518 15.335 0.005
7566.85437 15.341 0.006
7567.56334 15.347 0.005
7567.68348 15.373 0.005
7567.78408 15.359 0.005
7567.87505 15.384 0.006
7568.66807 15.378 0.005
7568.78307 15.367 0.006
7569.57385 15.379 0.005
7569.69780 15.406 0.005
7569.80053 15.386 0.005
7570.70815 15.402 0.005
7570.75206 15.402 0.005
7570.79762 15.408 0.005
7570.86460 15.420 0.006
7573.62695 15.450 0.005
7573.68110 15.457 0.005
7573.72205 15.437 0.005
7573.77921 15.463 0.006
7575.55026 15.480 0.005
7575.70315 15.485 0.005
7575.74134 15.486 0.005
7575.77975 15.486 0.005
7575.81831 15.468 0.005
7576.47993 15.477 0.005
7576.64487 15.502 0.005
7576.68558 15.493 0.005
7576.72384 15.485 0.005
7576.76226 15.492 0.005
7576.80063 15.484 0.005
7576.83866 15.486 0.006
7577.55922 15.510 0.005
7579.63060 15.541 0.005
7579.69733 15.549 0.005
7579.73942 15.535 0.005
7581.71034 15.562 0.005
7581.77685 15.562 0.005
7581.82040 15.571 0.006
7582.67167 15.592 0.006
7583.69497 15.616 0.007
7583.76918 15.599 0.006
7584.51353 15.615 0.006
7584.55209 15.614 0.006
7584.59042 15.613 0.006
7584.66923 15.605 0.005
7584.70731 15.593 0.005
7584.75657 15.607 0.006
7584.79592 15.576 0.006
7589.46959 15.670 0.007
7589.47221 15.678 0.007
7589.51369 15.677 0.007
7589.68515 15.684 0.006
7589.72354 15.677 0.006
7589.76996 15.669 0.007
7589.80747 15.676 0.006
7590.48460 15.682 0.006
7590.52262 15.677 0.006
7590.59928 15.696 0.005
7590.64488 15.709 0.005
7590.68270 15.673 0.005
7590.72070 15.684 0.006
7590.80588 15.679 0.007
7593.49770 15.739 0.006
7593.54540 15.732 0.005
7593.59191 15.736 0.005
7593.63800 15.729 0.006
7593.67595 15.721 0.005
7593.71347 15.728 0.005
7593.75189 15.717 0.005
7593.78934 15.729 0.006
7595.51263 15.784 0.007
7595.60788 15.766 0.007
7596.47399 15.763 0.005
7596.51877 15.777 0.005
7596.57854 15.767 0.005
7599.47214 15.826 0.007
7599.53956 15.827 0.006
7599.57886 15.846 0.007
7599.65660 15.824 0.006
7599.73364 15.835 0.006
7599.77144 15.820 0.006
7600.47993 15.877 0.007
7600.54855 15.870 0.007
7600.61497 15.827 0.006
7600.64386 15.836 0.006
7600.69056 15.829 0.006
7601.54506 15.853 0.005
7601.75390 15.841 0.006
7602.47221 15.883 0.007
7602.51839 15.848 0.007
7602.55573 15.881 0.007
7602.59573 15.861 0.006
7602.65207 15.850 0.006
7602.68998 15.855 0.006
7602.72973 15.889 0.008
7602.76706 15.854 0.007
7603.48537 15.858 0.006
7603.52279 15.856 0.006
7603.61775 15.857 0.006
7603.65540 15.859 0.006
7603.69266 15.844 0.006
7603.73252 15.858 0.006
7603.77014 15.843 0.006
7604.49625 15.885 0.006
7604.53361 15.875 0.006
7604.65004 15.876 0.006
7604.68740 15.868 0.006
7604.72518 15.868 0.006
7604.76336 15.880 0.006
7605.49993 15.891 0.006
7605.54236 15.874 0.006
7605.60330 15.912 0.006
7605.64094 15.889 0.006
7605.67887 15.888 0.006
7605.71606 15.895 0.006
7605.75334 15.891 0.006
7606.66022 15.905 0.006
7606.70471 15.921 0.007
7607.47249 15.913 0.007
7607.52653 15.913 0.006
7607.58400 15.944 0.007
7607.62830 15.951 0.006
7607.67193 15.917 0.006
7607.71547 15.929 0.006
7607.75548 15.919 0.006
7608.50339 15.942 0.006
7608.58661 15.942 0.006
7608.63477 15.943 0.006
7608.67919 15.941 0.006
7608.72422 15.938 0.006
7608.76389 15.931 0.006
7609.50456 15.948 0.006
7609.55993 15.960 0.006
7609.61560 15.948 0.006
7609.66033 15.949 0.006
7609.71000 15.956 0.006
7609.74164 15.943 0.007
7610.47358 15.957 0.007
7610.51860 15.981 0.007
7610.57976 15.973 0.006
7610.63345 15.953 0.006
7610.67761 15.968 0.006
7610.72153 15.979 0.006
7611.64880 15.966 0.006
7611.73074 16.007 0.008
7612.49652 15.974 0.007
7612.53431 15.979 0.006
7612.57511 15.971 0.006
7612.61281 15.983 0.006
7612.65032 15.988 0.006
7612.68814 15.995 0.006
7612.72586 15.985 0.007
7616.49833 16.030 0.008
7616.54645 16.017 0.007
7617.52857 16.057 0.007
7617.57566 16.045 0.008
7617.61956 16.071 0.008
7617.66333 16.044 0.007
7617.70717 16.055 0.008
7618.49024 16.077 0.008
7618.53636 16.064 0.007
7618.58069 16.066 0.007
7618.62429 16.074 0.007
7618.66794 16.067 0.008
7618.70776 16.059 0.008
7621.52110 16.106 0.007
7621.56757 16.097 0.006
7621.61750 16.087 0.007
7621.66717 16.093 0.007
7622.47310 16.112 0.007
7622.52608 16.133 0.007
7622.57423 16.120 0.006
7622.63797 16.133 0.007
7622.68262 16.115 0.006
7622.72047 16.105 0.007
7623.50478 16.134 0.007
7623.55012 16.131 0.007
7623.61365 16.113 0.006
7623.65768 16.115 0.007
7623.70108 16.125 0.007
7624.49064 16.130 0.007
7624.54755 16.147 0.006
7624.60503 16.136 0.007
7624.65165 16.131 0.007
7625.47742 16.144 0.007
7625.53212 16.134 0.006
7625.59521 16.152 0.007
7625.63916 16.153 0.007
7626.48021 16.156 0.007
7626.52763 16.153 0.007
7626.59316 16.173 0.007
7626.64713 16.164 0.007
7630.48068 16.212 0.008
7630.54693 16.192 0.007
7630.59155 16.211 0.007
7630.63617 16.206 0.007
7631.47808 16.197 0.007
7631.53921 16.230 0.006
7631.58402 16.207 0.006
7631.62782 16.225 0.006
7632.47806 16.251 0.008
7632.53820 16.226 0.007
7632.58394 16.233 0.007
7632.62778 16.251 0.007
7633.55048 16.247 0.008
7633.59602 16.230 0.008
7633.64091 16.244 0.008
7634.52694 16.265 0.008
7634.57212 16.247 0.008
7635.50401 16.268 0.008
7635.55740 16.272 0.008
7635.62361 16.279 0.008
7636.51330 16.265 0.008
7636.56524 16.248 0.008
7636.61033 16.306 0.009
7636.65181 16.273 0.008
7637.52344 16.265 0.007
7637.57095 16.266 0.007
7637.61448 16.275 0.007
7638.48903 16.366 0.008
7638.53776 16.295 0.008
7638.60923 16.330 0.007
7639.50319 16.350 0.008
7639.56056 16.317 0.008
7639.60601 16.320 0.007
7643.50620 16.382 0.011
7643.60539 16.396 0.009
7644.51532 16.380 0.009
7644.55315 16.365 0.008
7644.60402 16.339 0.008
7645.49750 16.370 0.008
7647.48480 16.444 0.010
7647.53467 16.415 0.008
7647.57958 16.399 0.008
7648.50056 16.461 0.009
7648.54479 16.425 0.008
7648.58866 16.419 0.008
7649.48487 16.414 0.007
7649.53962 16.417 0.008
7649.58455 16.436 0.008
7650.48032 16.436 0.008
7650.55816 16.428 0.008
7650.60223 16.424 0.008
7651.55879 16.455 0.007
7651.60219 16.421 0.008
7652.54639 16.459 0.007
7652.59509 16.463 0.008
7653.55663 16.468 0.007
7653.60053 16.474 0.008
7655.48280 16.471 0.008
7655.57324 16.467 0.008
7656.52884 16.499 0.008
7656.58209 16.498 0.008
7657.57516 16.511 0.008
7659.48326 16.539 0.009
7660.48335 16.576 0.010
7660.55245 16.551 0.008
7661.48352 16.590 0.010
7661.56958 16.580 0.009
7662.52547 16.591 0.009
7662.56923 16.611 0.009
7664.53818 16.574 0.009
7665.48765 16.654 0.011
7666.55057 16.620 0.008
7667.55383 16.670 0.008
7671.52935 16.710 0.010
7672.53928 16.713 0.009
7675.53348 16.750 0.010
7679.52613 16.825 0.011
7682.51437 16.845 0.009
7686.50216 16.902 0.015
7689.50471 16.934 0.011
7691.50189 16.965 0.010
7790.87085 17.065 0.011
7790.88639 17.086 0.016
7791.86596 17.069 0.010
7792.86222 17.033 0.011
7793.85965 17.040 0.011
7794.86040 17.037 0.016
7795.87255 17.041 0.013
7796.87931 17.013 0.010
7797.87457 17.027 0.012
7798.87423 16.966 0.010
7799.86948 17.000 0.011
7800.86400 16.986 0.010
7801.84395 16.972 0.013
7801.88929 16.959 0.012
7802.88763 16.983 0.013
7803.87073 16.959 0.010
7807.84126 16.924 0.009
7807.88792 16.914 0.009
7808.89047 16.945 0.009
7809.85155 16.913 0.010
7809.89866 16.896 0.010
7810.84752 16.910 0.009
7810.90517 16.961 0.015
7811.85317 16.892 0.008
7811.89843 16.919 0.009
7812.86933 16.890 0.008
7813.81368 16.881 0.010
7814.82317 16.902 0.009
7814.86898 16.914 0.008
7815.83504 16.865 0.009
7815.88210 16.899 0.009
7816.82670 16.888 0.009
7817.82327 16.880 0.009
7818.80949 16.884 0.009
7818.85480 16.867 0.008
7819.83461 16.854 0.008
7820.84336 16.874 0.009
7820.88903 16.896 0.008
7821.82742 16.856 0.010
7821.87181 16.852 0.009
7822.80955 16.850 0.012
7822.85419 16.870 0.010
7823.83951 16.867 0.009
7824.83547 16.838 0.010
7825.82718 16.831 0.009
7826.78560 16.805 0.011
7826.83071 16.809 0.010
7826.87537 16.809 0.010
7827.80469 16.813 0.009
7827.84907 16.803 0.009
7828.81840 16.793 0.009
7828.86280 16.775 0.008
7829.84484 16.795 0.010
7830.89337 16.781 0.009
7834.80062 16.760 0.008
7834.84747 16.726 0.009
7834.89502 16.746 0.008
7835.76845 16.745 0.009
7835.84621 16.783 0.011
7835.89286 16.737 0.008
7836.77960 16.747 0.010
7836.83002 16.717 0.008
7836.87930 16.767 0.010
7837.75124 16.682 0.008
7837.79784 16.704 0.008
7837.84397 16.716 0.008
7837.89104 16.727 0.008
7838.76668 16.718 0.010
7838.82203 16.700 0.008
7838.86915 16.705 0.008
7838.91734 16.702 0.008
7839.77837 16.676 0.008
7839.83392 16.690 0.008
7839.88445 16.719 0.008
7840.74451 16.667 0.009
7840.79214 16.683 0.008
7840.84878 16.674 0.008
7840.89629 16.663 0.008
7841.77367 16.712 0.010
7841.81974 16.662 0.009
7841.86722 16.663 0.010
7841.91386 16.666 0.010
7842.76693 16.652 0.008
7842.81335 16.656 0.008
7842.85990 16.656 0.008
7842.90590 16.655 0.008
7843.73631 16.611 0.008
7843.78197 16.612 0.009
7843.83751 16.622 0.008
7843.88481 16.620 0.008
7844.73243 16.621 0.008
7844.77850 16.591 0.008
7844.83386 16.674 0.010
7845.72446 16.567 0.008
7845.77184 16.576 0.008
7845.82703 16.574 0.008
7845.87428 16.606 0.008
7845.92070 16.558 0.008
7846.77365 16.557 0.008
7846.81959 16.562 0.008
7846.86589 16.571 0.008
7846.91352 16.558 0.008
7847.75310 16.534 0.008
7847.79943 16.526 0.008
7847.85559 16.547 0.008
7847.90465 16.533 0.008
7848.73664 16.475 0.008
7848.78252 16.482 0.008
7848.82810 16.498 0.008
7848.88612 16.499 0.007
7849.71903 16.443 0.008
7849.76456 16.425 0.008
7849.81089 16.464 0.007
7849.86789 16.450 0.007
7849.91608 16.466 0.007
7850.74625 16.418 0.008
7850.79279 16.408 0.008
7850.83997 16.396 0.007
7850.89690 16.406 0.008
7851.73309 16.365 0.008
7852.74468 16.373 0.010
7852.85441 16.301 0.008
7852.90378 16.347 0.009
7853.92288 16.291 0.009
7854.73305 16.232 0.008
7854.78352 16.245 0.007
7854.83490 16.228 0.007
7854.88517 16.224 0.008
7855.73219 16.168 0.007
7855.77876 16.181 0.007
7855.82536 16.177 0.008
7855.88572 16.171 0.007
7856.70810 16.144 0.008
7856.75624 16.111 0.008
7856.91179 16.124 0.008
7857.80269 16.061 0.009
7857.85185 16.054 0.008
7857.89857 16.046 0.008
7858.76897 15.984 0.006
7858.78055 15.984 0.007
7858.79312 15.977 0.007
7858.80579 15.977 0.006
7858.81718 15.965 0.007
7858.82845 15.974 0.007
7858.90229 15.972 0.007
7858.91680 15.974 0.007
7862.69931 15.711 0.006
7862.79361 15.697 0.006
7862.84183 15.684 0.006
7862.90243 15.693 0.006
7863.77097 15.620 0.006
7864.72949 15.546 0.005
7864.81046 15.577 0.005
7865.70245 15.478 0.005
7866.71367 15.409 0.005
7866.87751 15.425 0.005
7866.92470 15.411 0.005
7867.73258 15.345 0.005
7867.84561 15.342 0.005
7867.89542 15.325 0.005
7868.75705 15.275 0.005
7868.81398 15.280 0.005
7868.87732 15.261 0.006
7869.67019 15.170 0.005
7869.72647 15.179 0.005
7869.77262 15.198 0.005
7869.82931 15.202 0.005
7869.88900 15.202 0.005
7870.70017 15.129 0.005
7870.75335 15.137 0.005
7870.80950 15.137 0.005
7870.86776 15.133 0.005
7870.91533 15.135 0.005
7871.72277 15.087 0.005
7871.76875 15.090 0.005
7871.84051 15.084 0.005
7871.89444 15.077 0.005
7872.66812 15.013 0.005
7872.73804 15.024 0.005
7872.79500 15.026 0.005
7872.86827 15.030 0.005
7872.91785 15.014 0.005
7873.68704 14.945 0.005
7873.73292 14.969 0.005
7873.77965 14.983 0.005
7873.83802 14.968 0.005
7873.89895 14.948 0.005
7874.66227 14.883 0.005
7874.70822 14.901 0.005
7874.76350 14.908 0.005
7874.82177 14.906 0.005
7874.87100 14.900 0.005
7874.91795 14.880 0.005
7875.80602 14.850 0.005
7875.87410 14.853 0.005
7875.91097 14.840 0.005
7876.65771 14.795 0.005
7876.70521 14.812 0.005
7876.75332 14.832 0.005
7876.81231 14.828 0.005
7876.87413 14.811 0.005
7876.93127 14.805 0.005
7877.68239 14.781 0.005
7877.73888 14.793 0.005
7877.79562 14.792 0.005
7877.84643 14.795 0.005
7877.89790 14.782 0.005
7878.73412 14.771 0.005
7878.79266 14.761 0.005
7878.85296 14.748 0.005
7878.90017 14.756 0.005
7879.65262 14.690 0.005
7879.70912 14.714 0.005
7879.75498 14.715 0.005
7879.84078 14.724 0.005
7880.66056 14.666 0.005
7880.70709 14.684 0.005
7880.75300 14.685 0.005
7880.81322 14.690 0.005
7880.86673 14.686 0.005
7881.74274 14.666 0.005
7881.80001 14.653 0.005
7881.84945 14.657 0.005
7881.90234 14.667 0.005
7882.69665 14.635 0.005
7882.74252 14.633 0.005
7882.79977 14.625 0.005
7882.85843 14.628 0.005
7882.91415 14.624 0.005
7889.92683 14.532 0.005
7890.70973 14.528 0.005
7890.77717 14.538 0.005
7890.85236 14.520 0.005
7890.89981 14.545 0.005
7893.65789 14.510 0.005
7893.70373 14.513 0.005
7893.75961 14.518 0.005
7893.81787 14.519 0.005
7893.86514 14.516 0.005
7893.91160 14.518 0.005
7894.60072 14.489 0.005
7894.64167 14.513 0.005
7894.68768 14.520 0.005
7894.75251 14.522 0.005
7894.80028 14.529 0.005
7894.84700 14.530 0.005
7894.89412 14.528 0.005
7894.93959 14.517 0.005
7895.63749 14.511 0.005
7895.78776 14.527 0.005
7897.65185 14.508 0.005
7897.69814 14.530 0.005
7897.74838 14.532 0.005
7900.91065 14.538 0.005
7900.92729 14.540 0.005
7901.61875 14.521 0.005
7901.66608 14.532 0.005
7901.73303 14.536 0.005
7901.80641 14.538 0.005
7902.57758 14.526 0.005
7902.62459 14.525 0.005
7902.67182 14.557 0.005
7902.72774 14.536 0.005
7902.78797 14.540 0.005
7902.83405 14.561 0.005
7902.93555 14.557 0.005
7903.73052 14.567 0.005
7903.79337 14.557 0.005
7903.84936 14.536 0.005
7903.89564 14.540 0.005
7904.59177 14.527 0.005
7904.63904 14.541 0.005
7904.68301 14.539 0.005
7904.73931 14.555 0.005
7904.79851 14.565 0.005
7904.84599 14.551 0.005
7904.89209 14.551 0.005
7904.94133 14.538 0.005
7905.60497 14.567 0.005
7905.65200 14.561 0.005
7905.70735 14.572 0.005
7905.76518 14.568 0.005
7905.81264 14.574 0.005
7905.86098 14.562 0.005
7905.92416 14.546 0.005
7906.56956 14.549 0.005
7906.61549 14.570 0.005
7906.66335 14.568 0.005
7906.71822 14.585 0.005
7906.77814 14.570 0.005
7906.82545 14.569 0.005
7906.87259 14.579 0.005
7906.91895 14.552 0.005
7907.60626 14.569 0.005
7907.66804 14.578 0.005
7907.71234 14.567 0.005
7907.75208 14.584 0.005
7907.82884 14.568 0.005
7908.58563 14.564 0.005
7908.63137 14.567 0.005
7908.67811 14.567 0.005
7908.73380 14.590 0.005
7908.79264 14.570 0.005
7908.83875 14.567 0.005
7908.88594 14.569 0.005
7908.92519 14.557 0.005
7909.56386 14.553 0.005
7909.60977 14.578 0.005
7909.65912 14.585 0.005
7909.71484 14.585 0.005
7909.76387 14.590 0.005
7909.81093 14.597 0.005
7909.84958 14.587 0.005
7909.90057 14.579 0.005
7909.93247 14.564 0.005
7910.55759 14.572 0.005
7910.61188 14.577 0.005
7910.65870 14.582 0.005
7910.71557 14.588 0.005
7910.77527 14.592 0.005
7910.82131 14.579 0.005
7910.87652 14.579 0.005
7910.92950 14.561 0.005
7911.58492 14.567 0.005
7911.62507 14.584 0.005
7911.67230 14.582 0.005
7911.71722 14.587 0.005
7911.82600 14.599 0.005
7916.55352 14.581 0.005
7916.60036 14.619 0.005
7916.63658 14.615 0.005
7916.67780 14.613 0.005
7916.72022 14.625 0.005
7916.76532 14.641 0.005
7916.80765 14.617 0.005
7916.85137 14.617 0.005
7917.54771 14.618 0.005
7917.57239 14.611 0.005
7917.62216 14.624 0.005
7917.66915 14.629 0.005
7917.71825 14.629 0.005
7917.76815 14.625 0.005
7917.81413 14.636 0.005
7917.85963 14.618 0.005
7917.90622 14.631 0.005
7918.59257 14.622 0.005
7918.66806 14.636 0.005
7922.57959 14.649 0.005
7922.62974 14.659 0.005
7922.68560 14.667 0.005
7922.74440 14.669 0.005
7923.55330 14.656 0.005
7923.59862 14.663 0.005
7923.64456 14.669 0.005
7923.72017 14.680 0.005
7923.76625 14.691 0.005
7923.81428 14.692 0.005
7923.87029 14.680 0.005
7924.51216 14.677 0.005
7924.55488 14.685 0.005
7924.60072 14.705 0.005
7924.64509 14.705 0.005
7924.71143 14.718 0.005
7924.75852 14.712 0.005
7924.80452 14.715 0.005
7924.85041 14.702 0.005
7925.57902 14.693 0.005
7925.62451 14.687 0.005
7925.67135 14.704 0.005
7925.74489 14.704 0.005
7925.79297 14.701 0.005
7925.84517 14.694 0.005
7926.56094 14.691 0.005
7926.61333 14.707 0.005
7926.67923 14.699 0.005
7926.74279 14.706 0.005
7926.79556 14.737 0.005
7926.85022 14.719 0.005
7928.60772 14.729 0.005
7928.65535 14.727 0.005
7929.81090 14.726 0.005
7932.61909 14.759 0.005
7932.67651 14.756 0.005
7932.72836 14.765 0.005
7932.78352 14.761 0.005
7932.82910 14.759 0.005
7933.59738 14.784 0.005
7933.64411 14.771 0.005
7933.69386 14.774 0.005
7933.76049 14.766 0.005
7933.80467 14.780 0.005
7933.82276 14.794 0.005
7933.84249 14.772 0.005
7934.50225 14.761 0.005
7934.54816 14.763 0.005
7934.59382 14.765 0.005
7934.64915 14.775 0.005
7934.74793 14.779 0.005
7934.79390 14.788 0.005
7934.83990 14.775 0.005
7934.86287 14.792 0.005
7935.53364 14.789 0.005
7935.59006 14.819 0.005
7935.64705 14.803 0.005
7935.69635 14.817 0.005
7935.74339 14.807 0.005
7935.79037 14.800 0.005
7935.85924 14.792 0.005
7935.87522 14.786 0.005
7936.48874 14.803 0.005
7936.54136 14.795 0.005
7936.58897 14.788 0.005
7936.63691 14.792 0.005
7936.70924 14.811 0.005
7936.76577 14.806 0.005
7936.81349 14.804 0.005
7936.86210 14.802 0.005
7937.48314 14.781 0.005
7937.53007 14.797 0.005
7937.57810 14.815 0.005
7937.62530 14.807 0.005
7937.67353 14.814 0.005
7937.73161 14.814 0.005
7937.78857 14.810 0.005
7937.83546 14.812 0.005
7938.55352 14.831 0.005
7938.60198 14.826 0.005
7938.65454 14.844 0.005
7944.49390 14.886 0.005
7944.53308 14.880 0.005
7944.57329 14.895 0.005
7944.61195 14.904 0.005
7944.66015 14.904 0.005
7944.70957 14.900 0.005
7944.75631 14.908 0.005
7944.79713 14.907 0.005
7944.82801 14.907 0.005
7945.47900 14.898 0.005
7945.51529 14.906 0.005
7945.56157 14.900 0.005
7945.60930 14.926 0.005
7945.65782 14.910 0.005
7945.70559 14.913 0.005
7945.75294 14.923 0.005
7945.79997 14.895 0.005
7945.84520 14.893 0.005
7946.49583 14.914 0.005
7946.55306 14.918 0.005
7946.60109 14.917 0.005
7946.66641 14.916 0.005
7946.71395 14.919 0.005
7946.76184 14.927 0.005
7946.81069 14.921 0.005
7947.51296 14.923 0.005
7947.55191 14.937 0.005
7947.60051 14.923 0.005
7947.65112 14.932 0.005
7947.74514 14.943 0.005
7948.47052 14.930 0.005
7948.50582 14.942 0.005
7948.56369 14.940 0.005
7948.62137 14.924 0.005
7948.67296 14.949 0.005
7948.74353 14.945 0.005
7948.79023 14.943 0.005
7948.83455 14.935 0.005
7949.58359 14.973 0.005
7949.63426 14.975 0.005
7949.68844 14.979 0.005
7949.73778 14.986 0.005
7952.68965 15.013 0.005
7952.74139 15.000 0.005
7952.79672 15.035 0.005
7953.47663 15.011 0.005
7953.52280 15.000 0.005
7953.59225 15.013 0.005
7953.64699 15.015 0.005
7953.69743 15.015 0.005
7953.74979 15.010 0.005
7953.79866 15.009 0.005
7954.48821 15.012 0.005
7954.53984 15.032 0.005
7954.60153 15.032 0.005
7954.66948 15.054 0.005
7954.73037 15.037 0.005
7954.78608 15.015 0.005
7955.75548 15.048 0.005
7955.79396 15.034 0.005
7956.50577 15.049 0.005
7956.56414 15.064 0.005
7956.61968 15.065 0.005
7956.68212 15.065 0.005
7956.73071 15.062 0.005
7956.78116 15.040 0.005
7957.64028 15.067 0.005
7957.69028 15.066 0.005
7957.73768 15.065 0.005
7958.59029 15.091 0.005
7958.62446 15.090 0.005
7958.66172 15.091 0.005
7958.71432 15.082 0.005
7958.76419 15.085 0.005
7958.79687 15.075 0.005
7959.49800 15.090 0.005
7959.54585 15.093 0.005
7959.59587 15.106 0.005
7959.64698 15.103 0.005
7959.69602 15.095 0.005
7959.74696 15.092 0.005
7959.78979 15.089 0.005
7960.48597 15.097 0.005
7960.53388 15.112 0.005
7960.59810 15.098 0.005
7960.65398 15.108 0.005
7960.70312 15.114 0.005
7960.75747 15.102 0.005
7960.79293 15.090 0.005
7961.53807 15.122 0.005
7961.59936 15.126 0.005
7961.63608 15.123 0.005
7961.67971 15.125 0.005
7961.74832 15.127 0.005
7962.49898 15.129 0.005
7962.54346 15.135 0.005
7962.65988 15.131 0.005
7964.53731 15.169 0.005
7964.57502 15.153 0.005
7964.62628 15.173 0.005
7964.67408 15.157 0.005
7964.75486 15.160 0.005
7965.64065 15.177 0.005
7965.67602 15.176 0.005
7965.70682 15.165 0.005
7966.53867 15.213 0.006
7966.56855 15.195 0.005
7966.61420 15.195 0.005
7966.66201 15.179 0.005
7966.70982 15.193 0.005
7967.57219 15.211 0.005
7967.65453 15.204 0.005
7967.72088 15.186 0.005
7971.48474 15.263 0.005
7971.52595 15.270 0.005
7971.60177 15.273 0.005
7971.64003 15.262 0.005
7971.67776 15.263 0.005
7971.71822 15.265 0.005
7972.49938 15.310 0.006
7972.57480 15.281 0.006
7972.61795 15.279 0.005
7972.66403 15.291 0.006
7972.70801 15.289 0.005
7972.74293 15.282 0.006
7973.54009 15.286 0.006
7973.59201 15.292 0.006
7973.64890 15.278 0.005
7973.70744 15.304 0.006
7974.59458 15.300 0.005
7974.64405 15.298 0.005
7974.69427 15.292 0.005
7974.74018 15.294 0.006
7975.62545 15.333 0.006
7979.47394 15.366 0.005
7979.53996 15.371 0.005
7979.59248 15.372 0.005
7979.64338 15.357 0.005
7980.49086 15.375 0.006
7980.56119 15.377 0.005
7980.60890 15.368 0.006
7980.65676 15.383 0.006
7981.49159 15.381 0.005
7981.58214 15.398 0.005
7981.62977 15.401 0.005
7981.67668 15.387 0.005
7982.51365 15.400 0.005
7982.57097 15.417 0.005
7982.61936 15.420 0.005
7982.66558 15.419 0.005
7983.52927 15.432 0.006
7983.57788 15.427 0.005
7983.62403 15.413 0.005
7983.67310 15.425 0.005
7984.52192 15.445 0.006
7984.57232 15.447 0.006
7984.61993 15.427 0.005
7984.66700 15.444 0.005
7985.53454 15.450 0.006
7985.58726 15.414 0.006
7985.63329 15.442 0.006
7986.48548 15.454 0.005
7986.50277 15.451 0.005
7986.53371 15.465 0.005
7986.55829 15.460 0.005
7986.57693 15.452 0.005
7986.59546 15.453 0.005
7986.60945 15.453 0.005
7986.62686 15.457 0.005
7986.64545 15.449 0.005
7986.65917 15.461 0.005
7987.49098 15.479 0.005
7987.55691 15.477 0.005
7987.61406 15.477 0.005
7987.66045 15.471 0.005
7990.50765 15.508 0.005
7990.57541 15.506 0.006
7990.62358 15.493 0.006
7991.47697 15.532 0.006
7991.52795 15.517 0.006
7991.58610 15.508 0.006
7991.64184 15.515 0.006
7992.49261 15.514 0.005
7992.54243 15.538 0.005
7992.59820 15.530 0.005
7992.64376 15.521 0.006
7993.51018 15.544 0.006
7993.55820 15.552 0.005
7993.60515 15.541 0.005
7993.65173 15.539 0.006
7994.52361 15.570 0.006
7994.56964 15.552 0.006
7994.61957 15.548 0.006
7998.47603 15.607 0.007
7998.51846 15.600 0.007
7998.55697 15.598 0.006
7998.59674 15.598 0.007
7998.63591 15.598 0.007
8000.50427 15.648 0.007
8000.54636 15.612 0.006
8000.58661 15.633 0.006
8000.62946 15.637 0.006
8001.51044 15.650 0.006
8001.55763 15.638 0.006
8001.60417 15.639 0.006
8002.51262 15.669 0.008
8002.55926 15.708 0.008
8003.48339 15.699 0.007
8003.58835 15.691 0.007
8004.49421 15.673 0.006
8004.56004 15.681 0.006
8004.60721 15.656 0.006
8005.59206 15.726 0.008
8007.55616 15.723 0.007
8007.60559 15.705 0.006
8008.55825 15.717 0.006
8010.49963 15.767 0.007
8010.56315 15.743 0.006
8011.53988 15.782 0.007
8012.48053 15.766 0.006
8012.53867 15.753 0.006
8012.58522 15.745 0.006
8013.52690 15.768 0.006
8013.57442 15.769 0.006
8014.52075 15.790 0.006
8014.56660 15.779 0.006
8015.49308 15.791 0.007
8015.54977 15.798 0.007
8016.49523 15.806 0.007
8016.54223 15.797 0.007
8017.49524 15.813 0.006
8017.55138 15.807 0.006
8018.50376 15.834 0.006
8018.56160 15.822 0.006
8019.52652 15.828 0.006
8020.48901 15.871 0.007
8020.54491 15.879 0.006
8021.50258 15.858 0.007
8026.50932 15.918 0.007
8026.55104 15.917 0.007
8029.49130 15.941 0.007
8029.55975 15.954 0.007
8030.51607 15.948 0.007
8032.54649 16.007 0.008
8035.53056 16.052 0.008
8036.52157 16.064 0.008
8039.49400 16.080 0.008
8039.54948 16.043 0.008
8040.52915 16.091 0.008
8041.48854 16.067 0.009
8046.52230 16.167 0.009
8049.50309 16.173 0.007
8054.50046 16.306 0.010
8056.49651 16.274 0.012
8151.87772 17.345 0.019
8152.87492 17.328 0.014
8153.87293 17.308 0.013
8155.87057 17.326 0.015
8156.86990 17.289 0.013
8161.85040 17.274 0.014
8162.84965 17.285 0.010
8162.88821 17.261 0.012
8163.88570 17.261 0.012
8164.87376 17.214 0.011
8165.85943 17.236 0.011
8166.84002 17.273 0.017
8166.87905 17.234 0.012
8167.85239 17.205 0.011
8167.89069 17.222 0.011
8168.86094 17.223 0.011
8168.89846 17.277 0.016
8169.86045 17.233 0.012
8169.89794 17.185 0.013
8170.85753 17.194 0.010
8170.89495 17.187 0.011
8171.85412 17.185 0.010
8171.89162 17.172 0.010
8172.85200 17.154 0.010
8172.88927 17.168 0.010
8173.84919 17.127 0.010
8173.88841 17.152 0.010
8174.84461 17.153 0.011
8174.88196 17.140 0.010
8175.83034 17.098 0.009
8175.86827 17.102 0.009
8176.81103 17.067 0.011
8176.84868 17.098 0.009
8176.88676 17.109 0.010
8181.82598 17.016 0.011
8181.86932 17.029 0.010
8182.79808 17.019 0.011
8182.87682 17.025 0.010
8183.80271 16.986 0.011
8183.85021 17.020 0.012
8183.89718 17.001 0.010
8184.84189 17.002 0.010
8184.88052 17.004 0.010
8185.82412 16.993 0.013
8185.86271 17.008 0.011
8185.90321 16.970 0.013
8189.81883 16.915 0.009
8189.86585 16.941 0.009
8189.91227 16.922 0.013
8190.80909 16.901 0.008
8190.86607 16.910 0.008
8190.91212 16.914 0.010
8191.82749 16.921 0.010
8191.88340 16.929 0.010
8192.79799 16.876 0.009
8192.85378 16.882 0.008
8192.90204 16.893 0.008
8193.81567 16.894 0.009
8193.86373 16.860 0.009
8194.80983 16.869 0.009
8194.85625 16.851 0.008
8194.91390 16.858 0.009
8195.79879 16.860 0.009
8195.84569 16.839 0.009
8195.90227 16.840 0.008
8196.79850 16.843 0.008
8196.84449 16.852 0.009
8197.76933 16.811 0.009
8197.81492 16.823 0.008
8198.78676 16.805 0.008
8198.83236 16.810 0.008
8199.76159 16.791 0.008
8199.80689 16.765 0.008
8200.76761 16.762 0.009
8200.81354 16.781 0.008
8201.77837 16.790 0.010
8201.82451 16.802 0.010
8202.74602 16.727 0.009
8202.79156 16.751 0.008
8202.83699 16.769 0.008
8203.76245 16.760 0.008
8203.80815 16.747 0.008
8203.85445 16.733 0.008
8204.77084 16.717 0.008
8204.81654 16.721 0.008
8205.77201 16.715 0.010
8205.81617 16.735 0.008
8205.88474 16.732 0.009
8206.73681 16.718 0.009
8206.78234 16.712 0.008
8206.82797 16.721 0.008
8207.73273 16.680 0.009
8207.77819 16.706 0.008
8207.82360 16.711 0.008
8207.87024 16.709 0.008
8208.72885 16.688 0.009
8208.77463 16.692 0.008
8208.82028 16.695 0.008
8209.72389 16.661 0.009
8209.77172 16.678 0.008
8209.81799 16.661 0.008
8211.72041 16.660 0.012
8211.76806 16.639 0.009
8211.81396 16.659 0.008
8211.85969 16.651 0.008
8212.73380 16.665 0.013
8212.77234 16.639 0.009
8212.80963 16.635 0.008
8212.85595 16.632 0.008
8217.78833 16.597 0.008
8217.84061 16.571 0.008
8217.89308 16.569 0.008
8220.74467 16.546 0.008
8220.77710 16.561 0.008
8220.82337 16.549 0.007
8221.70955 16.541 0.008
8221.72713 16.530 0.008
8221.82112 16.544 0.008
8222.69853 16.492 0.008
8222.74454 16.538 0.007
8222.79345 16.543 0.007
8222.91820 16.552 0.008
8223.82404 16.562 0.008
8223.87806 16.556 0.008
8224.69243 16.501 0.008
8224.73895 16.501 0.008
8227.69409 16.464 0.008
8227.74017 16.459 0.008
8227.80916 16.477 0.007
8227.86615 16.498 0.007
8227.91448 16.476 0.008
8228.76312 16.441 0.008
8228.88839 16.450 0.007
8229.69347 16.435 0.008
8229.74912 16.437 0.007
8229.90511 16.452 0.007
8230.71085 16.421 0.008
8230.75922 16.426 0.008
8233.69294 16.371 0.008
8233.74262 16.387 0.007
8235.75255 16.352 0.007
8236.69445 16.323 0.008
8236.74441 16.323 0.007
8238.72453 16.265 0.008
8238.77111 16.264 0.007
8238.88118 16.290 0.007
8244.66789 16.117 0.007
8244.71569 16.118 0.007
8244.86879 16.123 0.007
8245.73845 16.095 0.007
8245.78498 16.094 0.008
8245.83402 16.091 0.008
8245.88112 16.097 0.007
8246.67581 16.067 0.008
8246.72199 16.068 0.007
8246.77229 16.066 0.007
8246.87209 16.060 0.007
8246.92594 16.050 0.008
8247.65857 16.025 0.007
8247.70588 16.024 0.006
8247.75226 16.022 0.006
8247.86769 16.027 0.007
8247.91577 16.031 0.008
8248.72299 15.998 0.007
8248.77853 15.986 0.007
8249.67361 15.961 0.007
8249.72034 15.954 0.006
8249.76692 15.968 0.007
8249.88206 15.958 0.007
8249.92882 15.949 0.006
8250.68138 15.924 0.006
8250.72755 15.928 0.006
8250.84191 15.951 0.006
8250.89120 15.931 0.006
8250.93738 15.909 0.007
8251.65364 15.898 0.006
8251.70000 15.890 0.006
8251.86750 15.899 0.006
8251.91341 15.892 0.005
8252.87771 15.836 0.006
8252.92367 15.849 0.006
8253.64749 15.830 0.006
8253.69525 15.820 0.005
8253.86677 15.818 0.006
8254.67054 15.790 0.006
8254.71672 15.799 0.005
8254.78440 15.807 0.005
8254.85125 15.808 0.005
8254.90944 15.791 0.005
8255.62451 15.767 0.006
8255.68681 15.773 0.006
8255.74562 15.773 0.006
8255.82576 15.766 0.006
8255.87213 15.747 0.006
8255.91837 15.759 0.006
8256.63370 15.723 0.006
8256.68174 15.731 0.006
8256.72750 15.737 0.006
8256.83645 15.739 0.006
8256.90060 15.710 0.006
8257.61538 15.675 0.006
8257.69459 15.704 0.006
8257.74200 15.723 0.006
8257.84019 15.687 0.005
8257.89465 15.703 0.006
8258.66964 15.663 0.005
8258.73877 15.682 0.005
8258.79633 15.668 0.005
8258.84793 15.667 0.005
8258.91242 15.659 0.005
8259.71924 15.638 0.005
8259.77936 15.617 0.005
8259.83213 15.625 0.005
8259.88481 15.623 0.006
8260.59888 15.574 0.005
8260.83352 15.596 0.005
8260.93003 15.569 0.005
8261.86888 15.553 0.005
8261.91650 15.541 0.005
8262.62301 15.499 0.005
8262.67389 15.497 0.005
8262.72376 15.498 0.005
8262.84463 15.495 0.005
8262.89179 15.495 0.005
8262.92968 15.484 0.005
8263.66329 15.447 0.005
8263.71648 15.462 0.005
8263.83187 15.483 0.005
8263.88892 15.448 0.005
8264.84941 15.409 0.005
8265.61073 15.373 0.005
8265.71136 15.368 0.005
8265.76202 15.376 0.005
8265.89629 15.358 0.005
8266.67859 15.327 0.006
8266.73131 15.307 0.005
8266.79251 15.311 0.005
8271.59585 15.085 0.005
8271.63837 15.090 0.005
8271.68654 15.086 0.005
8271.79816 15.080 0.005
8271.82356 15.072 0.005
8271.85966 15.082 0.005
8272.64680 15.050 0.005
8272.70395 15.054 0.005
8272.75323 15.047 0.005
8272.80236 15.047 0.005
8272.85236 15.047 0.005
8272.90256 15.029 0.005
8272.94245 15.032 0.005
8273.62115 15.013 0.005
8273.67092 15.007 0.005
8273.73870 15.009 0.005
8273.79445 14.999 0.005
8273.84184 15.002 0.005
8273.87714 14.993 0.005
8273.91568 14.985 0.005
8274.60216 14.956 0.005
8274.64944 14.969 0.005
8274.69752 15.004 0.005
8274.81055 14.966 0.005
8274.86116 14.958 0.005
8274.90920 14.938 0.005
8275.59534 14.942 0.005
8275.65316 14.938 0.005
8275.76834 14.931 0.005
8275.82169 14.927 0.005
8275.87316 14.921 0.005
8275.92037 14.905 0.005
8276.60293 14.887 0.005
8276.64892 14.881 0.005
8276.76023 14.893 0.005
8276.81053 14.894 0.005
8276.85834 14.880 0.005
8277.59699 14.852 0.005
8277.66013 14.852 0.005
8277.76553 14.857 0.005
8277.81320 14.862 0.005
8277.86289 14.842 0.005
8277.91533 14.835 0.005
8278.54927 14.815 0.005
8278.59652 14.832 0.005
8278.64446 14.816 0.005
8278.74808 14.821 0.005
8282.53513 14.678 0.005
8282.58162 14.718 0.005
8282.63005 14.706 0.005
8282.68905 14.717 0.005
8282.75230 14.697 0.005
8282.81378 14.699 0.005
8282.86410 14.713 0.005
8282.90929 14.692 0.005
8283.54780 14.672 0.005
8283.59430 14.669 0.005
8283.64104 14.680 0.005
8283.70795 14.687 0.005
8283.76126 14.687 0.005
8283.80773 14.688 0.005
8283.85648 14.670 0.005
8283.90646 14.659 0.005
8284.54801 14.655 0.005
8284.59637 14.657 0.005
8284.64250 14.648 0.005
8284.70989 14.661 0.005
8284.76147 14.669 0.005
8284.80885 14.677 0.005
8284.85723 14.660 0.005
8284.90673 14.643 0.005
8285.74349 14.647 0.005
8285.78535 14.660 0.005
8286.54673 14.631 0.005
8286.59359 14.612 0.005
8286.64154 14.626 0.005
8286.71216 14.642 0.005
8286.77754 14.651 0.005
8286.83774 14.628 0.005
8286.88557 14.620 0.005
8287.52842 14.612 0.005
8287.58133 14.613 0.005
8287.63611 14.618 0.005
8287.70437 14.577 0.005
8287.75376 14.610 0.005
8287.81589 14.598 0.005
8287.87764 14.601 0.005
8287.90755 14.594 0.005
8288.55738 14.599 0.005
8288.61190 14.595 0.005
8288.66832 14.593 0.005
8288.72897 14.604 0.005
8288.78921 14.604 0.005
8288.85077 14.590 0.005
8288.89779 14.595 0.005
8289.55248 14.578 0.005
8289.60024 14.583 0.005
8289.66364 14.572 0.005
8289.73509 14.577 0.005
8289.79292 14.575 0.005
8289.84107 14.572 0.005
8289.88708 14.556 0.005
8290.54975 14.569 0.005
8290.59835 14.575 0.005
8290.66482 14.567 0.005
8290.73096 14.572 0.005
8290.78957 14.564 0.005
8290.83768 14.561 0.005
8290.88470 14.562 0.005
8291.59231 14.569 0.005
8291.64151 14.576 0.005
8291.72120 14.563 0.005
8291.76850 14.570 0.005
8291.82597 14.569 0.005
8291.88255 14.556 0.005
8292.55303 14.544 0.005
8292.60016 14.541 0.005
8292.64748 14.553 0.005
8292.71504 14.554 0.005
8292.77298 14.546 0.005
8292.84929 14.539 0.005
8292.89088 14.531 0.005
8293.55077 14.548 0.005
8293.60961 14.534 0.005
8293.67328 14.523 0.005
8293.73405 14.531 0.005
8293.78736 14.555 0.005
8294.60037 14.535 0.005
8294.64845 14.516 0.005
8294.71391 14.542 0.005
8294.78801 14.540 0.005
8294.83840 14.517 0.005
8299.52350 14.482 0.005
8301.60795 14.506 0.005
8301.64839 14.486 0.005
8301.70673 14.486 0.005
8301.75229 14.490 0.005
8301.80624 14.476 0.005
8302.58725 14.483 0.005
8302.69456 14.491 0.005
8303.63717 14.488 0.005
8304.55468 14.474 0.005
8304.59373 14.485 0.005
8304.64477 14.498 0.005
8304.70103 14.482 0.005
8304.75463 14.503 0.005
8305.52198 14.486 0.005
8305.55425 14.478 0.005
8305.66046 14.474 0.005
8305.70069 14.480 0.005
8305.76397 14.493 0.005
8305.81190 14.494 0.005
8306.58819 14.484 0.005
8306.66383 14.479 0.005
8306.71285 14.502 0.005
8306.75969 14.485 0.005
8306.79279 14.482 0.005
8306.83704 14.483 0.005
8307.49858 14.479 0.005
8307.54542 14.487 0.005
8307.60311 14.483 0.005
8307.66402 14.487 0.005
8307.71229 14.485 0.005
8307.75936 14.498 0.005
8307.81562 14.477 0.005
8308.46767 14.466 0.005
8308.51549 14.482 0.005
8308.56250 14.485 0.005
8308.60968 14.491 0.005
8308.66769 14.496 0.005
8308.72504 14.499 0.005
8308.77282 14.499 0.005
8308.82095 14.478 0.005
8309.48511 14.480 0.005
8309.53769 14.484 0.005
8309.59549 14.503 0.005
8309.65513 14.491 0.005
8309.70378 14.514 0.005
8309.75094 14.503 0.005
8309.79770 14.478 0.005
8309.84051 14.481 0.005
8310.50215 14.490 0.005
8310.54683 14.488 0.005
8310.57770 14.490 0.005
8310.61529 14.485 0.005
8310.65635 14.491 0.005
8310.69124 14.485 0.005
8310.72445 14.480 0.005
8310.77775 14.478 0.005
8310.82828 14.472 0.005
8311.50047 14.478 0.005
8311.54967 14.471 0.005
8311.59669 14.483 0.005
8311.65476 14.480 0.005
8311.71311 14.499 0.005
8311.75954 14.506 0.005
8311.80584 14.494 0.005
8312.46867 14.480 0.005
8312.51613 14.485 0.005
8312.56445 14.491 0.005
8312.61529 14.481 0.005
8312.67806 14.478 0.005
8312.74779 14.488 0.005
8312.79807 14.481 0.005
8313.47388 14.473 0.005
8313.51684 14.482 0.005
8313.56653 14.488 0.005
8313.61789 14.494 0.005
8313.67249 14.503 0.005
8313.71946 14.506 0.005
8313.76623 14.491 0.005
8313.81260 14.501 0.005
8314.48451 14.467 0.005
8314.53256 14.467 0.005
8314.58040 14.475 0.005
8314.63811 14.487 0.005
8314.69525 14.480 0.005
8314.74188 14.481 0.005
8314.78804 14.468 0.005
8316.47231 14.490 0.005
8316.51584 14.473 0.005
8316.56322 14.476 0.005
8316.61296 14.471 0.005
8316.66398 14.484 0.005
8316.73038 14.510 0.005
8320.46886 14.458 0.005
8320.51879 14.463 0.005
8320.56555 14.467 0.005
8320.63317 14.484 0.005
8320.68289 14.481 0.005
8320.72893 14.479 0.005
8320.77548 14.477 0.005
8321.50550 14.488 0.005
8321.55186 14.474 0.005
8321.78174 14.511 0.005
8328.50333 14.505 0.005
8328.55003 14.507 0.005
8328.59805 14.494 0.005
8328.64659 14.503 0.005
8328.69572 14.512 0.005
8328.74165 14.505 0.005
8329.46957 14.513 0.005
8329.52504 14.495 0.005
8329.57195 14.497 0.005
8329.62130 14.505 0.005
8329.66818 14.520 0.005
8329.71431 14.510 0.005
8329.76030 14.509 0.005
8330.49349 14.504 0.005
8330.54116 14.525 0.005
8330.60055 14.501 0.005
8331.49805 14.512 0.005
8331.55472 14.511 0.005
8331.61401 14.508 0.005
8331.66200 14.519 0.005
8332.46815 14.525 0.005
8332.52369 14.529 0.005
8332.58133 14.512 0.005
8332.63223 14.524 0.005
8332.67896 14.527 0.005
8333.47074 14.523 0.005
8333.52085 14.535 0.005
8333.57842 14.523 0.005
8333.63876 14.546 0.005
8333.68655 14.534 0.005
8334.52281 14.551 0.005
8334.58084 14.521 0.005
8334.63964 14.546 0.005
8334.68681 14.534 0.005
8335.55098 14.548 0.005
8335.66200 14.543 0.005
8335.72538 14.543 0.005
8336.50275 14.549 0.005
8336.56634 14.560 0.005
8336.62896 14.575 0.005
8336.67652 14.578 0.005
8338.48489 14.565 0.005
8338.53570 14.561 0.005
8338.58703 14.563 0.005
8338.64486 14.559 0.005
8339.46960 14.576 0.005
8339.51752 14.599 0.005
8339.58321 14.594 0.005
8339.64107 14.583 0.005
8340.46932 14.597 0.005
8340.53447 14.604 0.005
8340.62633 14.605 0.005
8340.72446 14.596 0.005
8341.50953 14.608 0.005
8341.56624 14.610 0.005
8341.61626 14.619 0.005
8341.73616 14.610 0.005
8342.50552 14.619 0.005
8342.58429 14.630 0.005
8342.64825 14.638 0.005
8343.52341 14.634 0.005
8344.48650 14.633 0.005
8344.53633 14.638 0.005
8344.59987 14.664 0.005
8344.69546 14.643 0.005
8345.47035 14.659 0.005
8345.53538 14.661 0.005
8345.59528 14.663 0.005
8345.68555 14.676 0.005
8346.47607 14.682 0.005
8346.53816 14.668 0.005
8346.59929 14.679 0.005
8346.71989 14.658 0.005
8347.48757 14.686 0.005
8347.53915 14.667 0.005
8347.59886 14.686 0.005
8347.70324 14.680 0.005
8348.51052 14.719 0.005
8348.56634 14.706 0.005
8348.62292 14.696 0.005
8349.51331 14.722 0.005
8349.57757 14.723 0.005
8349.62812 14.732 0.005
8353.50668 14.747 0.005
8353.56045 14.744 0.005
8353.60906 14.738 0.005
8355.47245 14.773 0.005
8355.52226 14.778 0.005
8355.62487 14.791 0.005
8355.67154 14.771 0.005
8356.49267 14.794 0.005
8356.55089 14.803 0.005
8356.67096 14.800 0.005
8357.47322 14.827 0.005
8357.53662 14.819 0.005
8357.66923 14.813 0.005
8358.49822 14.829 0.005
8358.55696 14.815 0.005
8358.64155 14.825 0.005
8358.69274 14.816 0.005
8359.50037 14.832 0.005
8359.55081 14.831 0.005
8359.64938 14.828 0.005
8359.69728 14.831 0.005
8360.54635 14.860 0.005
8360.59310 14.865 0.005
8360.64480 14.844 0.005
8361.48106 14.856 0.005
8363.49275 14.904 0.005
8363.55410 14.899 0.005
8363.65085 14.886 0.005
8364.48363 14.904 0.005
8364.55395 14.910 0.005
8364.60031 14.921 0.005
8364.67543 14.909 0.005
8366.51433 14.956 0.005
8366.58546 14.955 0.005
8367.48445 14.980 0.005
8367.53825 14.970 0.005
8367.64301 14.957 0.005
8368.47787 14.987 0.005
8368.54867 15.003 0.005
8368.63988 14.990 0.005
8369.48104 15.008 0.005
8369.54194 15.009 0.005
8369.62615 15.006 0.005
8370.48994 15.034 0.005
8370.60488 15.024 0.005
8370.65315 15.011 0.005
8371.49893 15.041 0.005
8371.57147 15.041 0.005
8371.65654 15.027 0.005
8372.51710 15.060 0.005
8372.61796 15.058 0.005
8373.48077 15.079 0.005
8373.53710 15.080 0.005
8375.48316 15.099 0.005
8375.55180 15.095 0.005
8375.60065 15.102 0.005
8375.64179 15.100 0.005
8376.51537 15.126 0.005
8376.58062 15.103 0.005
8376.62643 15.135 0.005
8377.50633 15.119 0.005
8377.54335 15.123 0.005
8381.48714 15.175 0.006
8381.53310 15.213 0.005
8382.48460 15.241 0.005
8382.53361 15.247 0.005
8382.58269 15.243 0.005
8383.50073 15.237 0.005
8383.54620 15.243 0.005
8383.59375 15.240 0.005
8384.48752 15.269 0.005
8384.54774 15.292 0.005
8384.59395 15.268 0.005
8384.62351 15.283 0.005
8385.52112 15.310 0.005
8385.56793 15.301 0.005
8385.61533 15.272 0.005
8386.50039 15.303 0.005
8387.49735 15.307 0.005
8390.51176 15.364 0.005
8392.50190 15.416 0.006
8392.57268 15.390 0.005
8393.48708 15.416 0.006
8393.53454 15.424 0.006
8393.58052 15.419 0.006
8394.48770 15.468 0.006
8394.55500 15.455 0.005
8394.59996 15.430 0.005
8394.60894 15.416 0.005
8397.52883 15.473 0.005
8398.50216 15.503 0.006
8398.57397 15.495 0.005
8399.51965 15.545 0.006
8401.53469 15.571 0.005
8401.58150 15.543 0.006
8404.56669 15.586 0.007
8409.54165 15.671 0.007
8410.53203 15.681 0.006
8411.53576 15.684 0.007
8412.52309 15.711 0.006
8413.52922 15.738 0.007
8414.52738 15.754 0.007
8415.49642 15.784 0.008
8415.54086 15.768 0.008
8418.49845 15.806 0.007
8419.49686 15.819 0.007
8423.51598 15.856 0.007
8425.50432 15.888 0.007
8521.87219 17.257 0.010
8522.86466 17.250 0.010
8524.88651 17.264 0.013
8526.86025 17.273 0.013
8529.85713 17.351 0.013
8531.85543 17.356 0.013
8532.85743 17.369 0.015
8533.86412 17.309 0.011
8534.86654 17.393 0.013
8535.84645 17.344 0.016
8535.88597 17.376 0.014
8536.87338 17.380 0.014
8537.86287 17.372 0.015
8538.88274 17.362 0.012
8539.87060 17.372 0.011
8540.84358 17.328 0.015
8540.88382 17.429 0.017
8544.83633 17.402 0.010
8544.88123 17.402 0.010
8546.84905 17.397 0.010
8546.88874 17.391 0.011
8547.85141 17.384 0.012
8547.89622 17.409 0.012
8548.84479 17.361 0.010
8549.80142 17.393 0.014
8549.83706 17.390 0.012
8549.87810 17.429 0.012
8550.84836 17.349 0.010
8550.88789 17.364 0.011
8551.84599 17.416 0.013
8551.88526 17.468 0.014
8552.85764 17.370 0.014
8552.90490 17.381 0.015
8553.82665 17.432 0.015
8553.87299 17.450 0.015
8554.79683 17.384 0.015
8554.84693 17.343 0.011
8555.79822 17.371 0.011
8555.84631 17.359 0.011
8556.80479 17.385 0.012
8556.84532 17.380 0.011
8556.88545 17.369 0.011
8557.79532 17.436 0.015
8557.84945 17.338 0.011
8558.79298 17.403 0.012
8559.77530 17.380 0.014
8559.82326 17.356 0.011
8559.86353 17.350 0.010
8559.90352 17.357 0.011
8562.77331 17.367 0.016
8562.81428 17.345 0.015
8562.86167 17.372 0.013
8562.90998 17.369 0.016
8563.79159 17.353 0.013
8563.83970 17.335 0.011
8563.88778 17.335 0.011
8564.76185 17.347 0.013
8565.80041 17.322 0.012
8565.84741 17.321 0.012
8565.89187 17.335 0.011
8566.78498 17.339 0.012
8566.87468 17.340 0.011
8567.77606 17.299 0.013
8572.87275 17.295 0.011
8573.89320 17.278 0.016
8574.72731 17.272 0.013
8574.83148 17.263 0.015
8575.72752 17.276 0.012
8575.76530 17.248 0.012
8575.80450 17.292 0.012
8575.85121 17.262 0.012
8576.77099 17.305 0.012
8576.81475 17.277 0.012
8576.85349 17.320 0.013
8576.89296 17.280 0.012
8577.72727 17.260 0.012
8577.80943 17.279 0.015
8578.71456 17.246 0.012
8578.74775 17.313 0.012
8578.78685 17.255 0.010
8578.84560 17.257 0.011
8578.89253 17.274 0.010
8579.71424 17.276 0.013
8579.76184 17.271 0.011
8579.79808 17.298 0.012
8579.83716 17.326 0.013
8580.72153 17.254 0.012
8580.76031 17.300 0.012
8580.80545 17.266 0.011
8580.85138 17.246 0.011
8581.72620 17.244 0.010
8581.78217 17.245 0.010
8581.83534 17.251 0.010
8581.89502 17.232 0.011
8582.71803 17.256 0.011
8582.76858 17.268 0.011
8582.81954 17.273 0.011
8583.70519 17.216 0.011
8583.74091 17.236 0.010
8583.79897 17.211 0.009
8583.84923 17.222 0.009
8584.74552 17.198 0.010
8584.79452 17.195 0.009
8584.84930 17.215 0.009
8585.70997 17.215 0.011
8585.75025 17.221 0.011
8585.79819 17.186 0.009
8585.86772 17.226 0.009
8585.92329 17.212 0.010
8586.71923 17.214 0.011
8586.77867 17.190 0.009
8586.82409 17.197 0.009
8586.89429 17.223 0.009
8587.70087 17.198 0.012
8587.74280 17.214 0.010
8587.79091 17.214 0.010
8587.87685 17.167 0.009
8588.69697 17.171 0.011
8588.73125 17.184 0.010
8588.79666 17.174 0.009
8588.85404 17.160 0.008
8588.91678 17.190 0.009
8589.71419 17.174 0.010
8589.75855 17.184 0.010
8589.80685 17.186 0.010
8589.88780 17.191 0.009
8590.68919 17.121 0.011
8590.72793 17.174 0.010
8590.78830 17.153 0.009
8590.84153 17.172 0.008
8590.90515 17.161 0.009
8591.72272 17.138 0.010
8591.77108 17.126 0.010
8591.82600 17.151 0.009
8591.92278 17.160 0.011
8592.80410 17.175 0.012
8592.85274 17.160 0.011
8592.89842 17.146 0.012
8593.74661 17.150 0.015
8593.80485 17.130 0.014
8593.89553 17.135 0.012
8594.67970 17.155 0.014
8594.72800 17.116 0.012
8594.77698 17.103 0.011
8594.83119 17.103 0.010
8594.89338 17.108 0.011
8595.69095 17.123 0.017
8595.72765 17.162 0.015
8595.82622 17.074 0.016
8599.66499 17.148 0.015
8599.71472 17.081 0.011
8599.75287 17.096 0.013
8599.79623 17.066 0.010
8599.86610 17.071 0.009
8599.90495 17.080 0.009
8600.65969 17.046 0.012
8600.69752 17.052 0.009
8600.75476 17.077 0.009
8600.80591 17.037 0.009
8600.87086 17.080 0.009
8600.91709 17.100 0.009
8601.67814 17.042 0.008
8601.72374 17.079 0.009
8601.78008 17.057 0.009
8601.85964 17.053 0.008
8601.93353 17.061 0.012
8602.68914 17.043 0.008
8602.73206 17.047 0.008
8602.78921 17.061 0.008
8602.86976 17.073 0.009
8602.91646 17.067 0.009
8603.67163 17.024 0.009
8603.71389 16.999 0.009
8603.76998 17.030 0.008
8603.83963 17.042 0.008
8603.89057 17.039 0.009
8603.93734 17.042 0.014
8604.75071 17.036 0.011
8604.79398 17.048 0.010
8604.85196 17.041 0.010
8604.91145 17.064 0.012
8605.66926 17.001 0.010
8605.71906 17.049 0.010
8605.76927 17.007 0.010
8605.84513 17.051 0.010
8605.90220 17.008 0.009
8606.66912 17.009 0.009
8606.70757 17.005 0.009
8606.75970 17.007 0.008
8606.82562 17.006 0.008
8606.87700 17.011 0.008
8606.93629 17.014 0.010
8608.67714 16.985 0.010
8608.78313 16.988 0.008
8608.84884 16.997 0.008
8608.89725 16.997 0.009
8609.66295 17.003 0.009
8612.75470 16.983 0.010
8612.80659 17.019 0.011
8612.86731 16.956 0.011
8612.91384 16.963 0.011
8613.64395 16.984 0.012
8613.68829 16.953 0.009
8613.73509 16.973 0.009
8613.90296 16.962 0.008
8614.63540 16.959 0.011
8614.67792 16.960 0.012
8614.72350 16.954 0.011
8614.78699 16.931 0.009
8614.89735 16.944 0.010
8615.64447 16.951 0.009
8615.71569 16.940 0.011
8615.76717 16.936 0.008
8616.63310 16.919 0.009
8616.67771 16.919 0.009
8616.72407 16.944 0.008
8616.84144 16.947 0.008
8616.88801 16.930 0.008
8617.63674 16.907 0.008
8617.67438 16.884 0.009
8617.72012 16.902 0.008
8618.63567 16.898 0.009
8618.68630 16.899 0.010
8618.73343 16.898 0.009
8618.79250 16.896 0.009
8618.85445 16.907 0.009
8618.90112 16.934 0.012
8619.63917 16.941 0.012
8619.67970 16.935 0.011
8619.72635 16.921 0.011
8619.77299 16.915 0.010
8619.87642 16.924 0.009
8619.92732 16.910 0.009
8620.64768 16.907 0.011
8620.69147 16.914 0.011
8620.73804 16.888 0.008
8620.87932 16.895 0.009
8620.93657 16.844 0.010
8621.69900 16.894 0.013
8621.79779 16.924 0.011
8621.84672 16.876 0.010
8621.89320 16.858 0.010
8622.67824 16.870 0.011
8626.63927 16.806 0.011
8626.67635 16.891 0.014
8626.71427 16.858 0.011
8626.79988 16.809 0.009
8626.84188 16.815 0.010
8626.87972 16.844 0.009
8626.91705 16.838 0.009
8627.61602 16.817 0.008
8627.71894 16.839 0.008
8627.81054 16.825 0.008
8635.66377 16.749 0.008
8635.70751 16.723 0.008
8635.76569 16.763 0.008
8635.82419 16.754 0.008
8635.86978 16.768 0.009
8635.91559 16.748 0.010
8636.57791 16.722 0.008
8636.61850 16.748 0.008
8636.66677 16.767 0.008
8636.72193 16.764 0.008
8636.78023 16.766 0.008
8636.82707 16.750 0.008
8636.87257 16.758 0.008
8636.91857 16.731 0.008
8637.58569 16.740 0.008
8637.62571 16.749 0.008
8637.68076 16.740 0.008
8637.78891 16.750 0.008
8637.83544 16.755 0.008
8637.88152 16.733 0.008
8637.92414 16.743 0.008
8638.65366 16.748 0.008
8638.70785 16.735 0.008
8638.82177 16.745 0.008
8638.86816 16.708 0.009
8638.91605 16.716 0.010
8639.66825 16.737 0.007
8639.71508 16.724 0.007
8639.83422 16.723 0.007
8640.56284 16.694 0.009
8640.60191 16.705 0.008
8640.64739 16.721 0.008
8640.70429 16.707 0.008
8640.76894 16.734 0.008
8640.81740 16.729 0.008
8640.86434 16.707 0.008
8640.90563 16.694 0.008
8641.60877 16.700 0.008
8641.66787 16.696 0.008
8642.56360 16.676 0.008
8642.70831 16.707 0.008
8642.81779 16.670 0.008
8642.86592 16.687 0.008
8642.90801 16.677 0.008
8643.57916 16.669 0.008
8643.63249 16.673 0.008
8643.68837 16.699 0.007
8643.74871 16.675 0.008
8643.79803 16.669 0.007
8643.84449 16.665 0.008
8643.89044 16.672 0.008
8644.55798 16.644 0.008
8644.59800 16.666 0.008
8644.65312 16.660 0.008
8644.70995 16.664 0.008
8644.76198 16.674 0.008
8644.80989 16.643 0.008
8644.85672 16.648 0.008
8644.90243 16.634 0.009
8645.64990 16.648 0.008
8646.58015 16.597 0.010
8646.61772 16.615 0.010
8646.66624 16.616 0.008
8646.71356 16.612 0.009
8646.76196 16.614 0.008
8646.80400 16.617 0.008
8646.85000 16.594 0.008
8647.59075 16.590 0.008
8647.62808 16.592 0.008
8647.67448 16.580 0.008
8647.72384 16.580 0.008
8647.78017 16.581 0.008
8647.82716 16.610 0.008
8647.86992 16.611 0.011
8648.62140 16.586 0.008
8648.66475 16.580 0.008
8648.71470 16.574 0.009
8648.77048 16.567 0.008
8648.81881 16.568 0.008
8648.86517 16.579 0.008
8648.90548 16.545 0.008
8649.61292 16.556 0.010
8649.67198 16.573 0.010
8654.52412 16.408 0.008
8655.70089 16.383 0.008
8655.76818 16.362 0.008
8655.85698 16.374 0.008
8656.75079 16.331 0.007
8656.81248 16.322 0.007
8656.85931 16.335 0.008
8657.54095 16.297 0.008
8657.60415 16.307 0.007
8657.65059 16.315 0.007
8657.69814 16.312 0.007
8657.75431 16.318 0.007
8657.80403 16.303 0.006
8657.84975 16.297 0.007
8657.89027 16.264 0.007
8658.56299 16.225 0.007
8660.50683 16.152 0.008
8660.54426 16.160 0.007
8660.59063 16.165 0.007
8660.76237 16.140 0.006
8660.81528 16.139 0.006
8660.86544 16.120 0.007
8661.53810 16.088 0.007
8661.60679 16.104 0.007
8662.55342 16.028 0.007
8662.59655 16.057 0.007
8662.64815 16.034 0.006
8662.76515 16.023 0.007
8662.82339 16.026 0.007
8664.56355 15.895 0.006
8664.61074 15.889 0.006
8664.65740 15.887 0.006
8664.70877 15.913 0.005
8664.76031 15.893 0.005
8664.82128 15.885 0.005
8665.58777 15.797 0.006
8666.50833 15.745 0.006
8666.54915 15.733 0.006
8666.59532 15.743 0.006
8666.64256 15.747 0.006
8666.75384 15.739 0.006
8666.82300 15.722 0.006
8667.53411 15.680 0.007
8667.72419 15.665 0.005
8667.77167 15.669 0.005
8667.81758 15.656 0.005
8668.47898 15.597 0.006
8668.55564 15.590 0.005
8668.60218 15.581 0.005
8668.67170 15.587 0.005
8668.72202 15.578 0.005
8668.77039 15.559 0.005
8668.81656 15.553 0.005
8668.85744 15.557 0.006
8669.51140 15.509 0.006
8669.55657 15.501 0.005
8669.60337 15.493 0.005
8669.67257 15.503 0.005
8669.72283 15.490 0.005
8669.77047 15.513 0.005
8669.81769 15.488 0.005
8669.85763 15.465 0.005
8670.51155 15.419 0.005
8670.55482 15.430 0.005
8670.60142 15.434 0.005
8670.72046 15.434 0.005
8670.76888 15.428 0.005
8670.81508 15.412 0.005
8672.68014 15.287 0.006
8673.59797 15.217 0.005
8673.66330 15.212 0.005
8673.71625 15.204 0.005
8673.76068 15.188 0.005
8673.83463 15.179 0.005
8674.58134 15.145 0.005
8674.62980 15.139 0.005
8674.68113 15.148 0.005
8674.73425 15.129 0.005
8674.77526 15.127 0.005
8674.82428 15.122 0.005
8675.67983 15.099 0.005
8675.71921 15.091 0.005
8675.75587 15.089 0.005
8675.80220 15.086 0.005
8676.46867 15.037 0.005
8676.50693 15.044 0.005
8676.54619 15.042 0.005
8676.59330 15.053 0.005
8676.68204 15.052 0.005
8676.71929 15.047 0.005
8676.75749 15.048 0.005
8676.79556 15.040 0.005
8676.83208 15.026 0.005
8677.59362 15.007 0.005
8677.62674 15.021 0.005
8677.78013 15.019 0.005
8681.47385 14.899 0.005
8681.51239 14.912 0.005
8681.55057 14.939 0.005
8681.58583 14.925 0.005
8681.62984 14.913 0.005
8681.67107 14.919 0.005
8681.73377 14.918 0.005
8681.78782 14.917 0.005
8682.46770 14.893 0.005
8682.50754 14.914 0.005
8682.54557 14.920 0.005
8682.58541 14.918 0.005
8682.65104 14.921 0.005
8682.70588 14.926 0.005
8682.75868 14.905 0.005
8682.79720 14.864 0.005
8683.46909 14.893 0.005
8683.51118 14.886 0.005
8683.55448 14.903 0.005
8683.59398 14.893 0.005
8683.64347 14.901 0.005
8683.68582 14.892 0.005
8683.72911 14.909 0.005
8683.77046 14.898 0.005
8683.81075 14.900 0.005
8684.47634 14.883 0.005
8684.51694 14.893 0.005
8684.55521 14.901 0.005
8684.59875 14.909 0.005
8684.64369 14.897 0.005
8684.70170 14.898 0.005
8684.75064 14.891 0.005
8684.79160 14.888 0.005
8685.47627 14.876 0.005
8685.52706 14.877 0.005
8685.60277 14.894 0.005
8685.68843 14.888 0.005
8688.52739 14.897 0.005
8688.57207 14.889 0.005
8688.63051 14.879 0.005
8688.67044 14.872 0.005
8688.75407 14.879 0.005
8689.47215 14.888 0.005
8689.51939 14.894 0.005
8689.55807 14.878 0.005
8689.60591 14.881 0.005
8689.66472 14.868 0.005
8689.71670 14.862 0.005
8689.76194 14.867 0.005
8689.79809 14.870 0.005
8690.46990 14.887 0.005
8690.50797 14.893 0.005
8690.55460 14.882 0.005
8690.60433 14.882 0.005
8690.65901 14.889 0.005
8690.70506 14.895 0.005
8690.74317 14.867 0.005
8690.78753 14.869 0.005
8691.46777 14.881 0.005
8691.50589 14.884 0.005
8691.54390 14.892 0.005
8691.58340 14.884 0.005
8691.63006 14.894 0.005
8691.68055 14.876 0.005
8691.73148 14.878 0.005
8691.76942 14.876 0.005
8692.46808 14.865 0.005
8692.50851 14.859 0.005
8692.55333 14.885 0.005
8692.66739 14.874 0.005
8692.70915 14.879 0.005
8692.75518 14.861 0.005
8693.46870 14.874 0.005
8693.50953 14.881 0.005
8693.54824 14.871 0.005
8693.64337 14.876 0.005
8693.68427 14.859 0.005
8693.74991 14.867 0.005
8694.47245 14.859 0.005
8694.51267 14.877 0.005
8694.55132 14.887 0.005
8694.59242 14.892 0.005
8694.63091 14.888 0.005
8694.66928 14.897 0.005
8694.76074 14.880 0.005
8695.47206 14.848 0.005
8695.51100 14.853 0.005
8695.55136 14.846 0.005
8695.59555 14.871 0.005
8695.65228 14.872 0.005
8695.69873 14.881 0.005
8695.74747 14.889 0.005
8697.54078 14.863 0.005
8697.58411 14.882 0.005
8697.65631 14.869 0.005
8697.71424 14.863 0.005
8698.47198 14.833 0.005
8698.51015 14.842 0.005
8698.55031 14.852 0.005
8698.60431 14.855 0.005
8698.64692 14.859 0.005
8698.69074 14.860 0.005
8698.74135 14.856 0.005
8699.47478 14.845 0.005
8699.51398 14.833 0.005
8699.56950 14.843 0.005
8699.61915 14.857 0.005
8699.66277 14.856 0.005
8699.70108 14.845 0.005
8699.74636 14.845 0.005
8700.47394 14.840 0.005
8700.51294 14.854 0.005
8700.57328 14.837 0.005
8700.61400 14.841 0.005
8700.66837 14.836 0.005
8700.71190 14.831 0.005
8700.75125 14.826 0.005
8701.47441 14.842 0.005
8701.51454 14.824 0.005
8701.57404 14.819 0.005
8701.63115 14.836 0.005
8701.66944 14.841 0.005
8701.72067 14.819 0.005
8701.75883 14.830 0.005
8702.47390 14.829 0.005
8702.51445 14.817 0.005
8702.58803 14.833 0.005
8702.62665 14.853 0.005
8702.67434 14.818 0.005
8702.73016 14.823 0.005
8703.47506 14.814 0.005
8703.51581 14.829 0.005
8703.57414 14.822 0.005
8704.53057 14.828 0.005
8704.57534 14.837 0.005
8704.63116 14.825 0.005
8704.69470 14.803 0.005
8708.58127 14.847 0.005
8708.61084 14.822 0.005
8708.71061 14.826 0.005
8709.53227 14.837 0.005
8710.47400 14.811 0.005
8710.51488 14.815 0.005
8711.47302 14.801 0.005
8711.51291 14.819 0.005
8711.53800 14.806 0.005
8711.58587 14.816 0.005
8711.62533 14.813 0.005
8711.66628 14.820 0.005
8711.70989 14.823 0.005
8712.48950 14.850 0.005
8712.52975 14.827 0.005
8712.58259 14.819 0.005
8712.60603 14.815 0.005
8712.64654 14.827 0.005
8713.47204 14.832 0.005
8713.51452 14.819 0.005
8713.55799 14.835 0.005
8713.59991 14.829 0.005
8713.63923 14.824 0.005
8713.68002 14.825 0.005
8713.71836 14.813 0.005
8714.47650 14.818 0.005
8714.51979 14.836 0.005
8714.56624 14.820 0.005
8714.61141 14.831 0.005
8715.49202 14.822 0.005
8715.53486 14.829 0.005
8715.59021 14.840 0.005
8715.63198 14.845 0.005
8715.67158 14.837 0.005
8715.71298 14.828 0.005
8716.48050 14.852 0.005
8716.53127 14.873 0.005
8716.58261 14.865 0.005
8716.62759 14.859 0.005
8716.67266 14.865 0.005
8716.71234 14.844 0.005
8717.47356 14.847 0.005
8717.51567 14.849 0.005
8717.55982 14.844 0.005
8717.60090 14.852 0.005
8717.65095 14.848 0.005
8717.69240 14.838 0.005
8718.48148 14.857 0.005
8718.54541 14.865 0.005
8718.58546 14.872 0.005
8718.62671 14.862 0.005
8718.69443 14.853 0.005
8719.47283 14.847 0.005
8719.51707 14.863 0.005
8719.55854 14.847 0.005
8719.60735 14.836 0.005
8719.63302 14.834 0.005
8719.67193 14.849 0.005
8721.48253 14.857 0.005
8721.52561 14.866 0.005
8721.57470 14.871 0.005
8721.62591 14.874 0.005
8721.66984 14.864 0.005
8722.47484 14.879 0.005
8722.53054 14.892 0.005
8722.58024 14.866 0.005
8722.62730 14.890 0.005
8722.67767 14.892 0.005
8722.71168 14.861 0.005
8723.47884 14.863 0.005
8723.53053 14.877 0.005
8723.58316 14.882 0.005
8723.62340 14.876 0.005
8723.66204 14.889 0.005
8723.70041 14.864 0.005
8724.47546 14.885 0.005
8724.52858 14.888 0.005
8724.58201 14.880 0.005
8724.62387 14.879 0.005
8724.66372 14.883 0.005
8725.48047 14.909 0.005
8725.53218 14.909 0.005
8725.57389 14.900 0.005
8725.61955 14.910 0.005
8725.66072 14.906 0.005
8726.47483 14.913 0.005
8726.51967 14.918 0.005
8726.56428 14.913 0.005
8726.61769 14.911 0.005
8726.65678 14.905 0.005
8727.50321 14.931 0.005
8727.55721 14.930 0.005
8727.59336 14.919 0.005
8727.63847 14.918 0.005
8727.68315 14.916 0.005
8728.48238 14.915 0.005
8728.52547 14.939 0.005
8728.57667 14.916 0.005
8728.61966 14.922 0.005
8728.65811 14.936 0.005
8729.47464 14.921 0.005
8729.52130 14.931 0.005
8729.56394 14.936 0.005
8729.60871 14.947 0.005
8729.65687 14.918 0.005
8730.47764 14.927 0.005
8730.52193 14.942 0.005
8730.56546 14.927 0.005
8730.60531 14.944 0.005
8730.64382 14.928 0.005
8730.68078 14.941 0.005
8731.51043 14.949 0.005
8731.58084 14.939 0.005
8731.62380 14.937 0.005
8736.59042 14.981 0.005
8736.63477 14.950 0.005
8737.60248 14.974 0.005
8737.64186 14.973 0.005
8738.48571 14.984 0.005
8738.53220 14.972 0.005
8738.57227 14.985 0.005
8738.61085 14.993 0.005
8738.65191 14.994 0.005
8739.48594 14.986 0.005
8739.52702 14.985 0.005
8739.62167 14.983 0.005
8740.48037 14.998 0.005
8740.53064 14.992 0.005
8740.56923 14.995 0.005
8741.48075 14.991 0.005
8741.52666 15.005 0.005
8741.56845 15.001 0.005
8741.62288 14.988 0.005
8742.48010 15.008 0.005
8742.52841 15.013 0.005
8742.56843 15.004 0.005
8742.62190 14.991 0.005
8745.59290 15.060 0.005
8745.60717 15.063 0.005
8746.53635 15.019 0.005
8746.55014 15.020 0.005
8746.56421 15.029 0.005
8746.61408 15.024 0.005
8746.62811 15.025 0.005
8747.47981 15.044 0.005
8747.49853 15.025 0.005
8747.52705 15.022 0.005
8747.56577 15.017 0.005
8747.58042 15.020 0.005
8748.48208 15.028 0.005
8748.49613 15.018 0.005
8748.56996 15.044 0.005
8748.60851 15.025 0.005
8748.62232 15.020 0.005
8750.53665 15.045 0.005
8750.55064 15.037 0.005
8750.56458 15.050 0.005
8750.60730 15.039 0.005
8750.62119 15.046 0.005
8752.48313 15.057 0.005
8752.55687 15.051 0.005
8752.57059 15.042 0.005
8752.60881 15.044 0.005
8753.49570 15.057 0.005
8753.54019 15.049 0.005
8753.58419 15.080 0.005
8753.61546 15.079 0.005
8754.48482 15.050 0.005
8754.52472 15.058 0.005
8754.56924 15.099 0.005
8754.60818 15.053 0.005
8755.48242 15.083 0.005
8755.53114 15.104 0.005
8755.57198 15.084 0.005
8755.60791 15.086 0.005
8757.49058 15.091 0.005
8757.53391 15.087 0.005
8757.55415 15.106 0.005
8757.59846 15.080 0.005
8759.51858 15.118 0.005
8759.55002 15.120 0.005
8759.56992 15.101 0.005
8763.50724 15.110 0.005
8763.52129 15.112 0.005
8763.53516 15.111 0.005
8763.58323 15.108 0.005
8764.52908 15.098 0.005
8764.57283 15.107 0.005
8764.58521 15.126 0.005
8766.48560 15.138 0.005
8766.53475 15.134 0.005
8766.56613 15.122 0.005
8768.48516 15.148 0.005
8768.54074 15.158 0.005
8768.55872 15.151 0.005
8773.49445 15.181 0.005
8773.54628 15.201 0.005
8774.49869 15.199 0.006
8774.57263 15.155 0.005
8775.50247 15.189 0.005
8776.53444 15.220 0.006
8781.49877 15.248 0.005
8781.54164 15.254 0.005
8782.53118 15.249 0.005
8783.49610 15.259 0.005
8783.53966 15.262 0.005
8784.51176 15.292 0.005
8785.50364 15.334 0.006
8786.50222 15.314 0.006
8787.50868 15.298 0.005
