3.285804016670623696e+03 1.234401329772987665e+01 5.001037586999297971e-03
3.285806331485312967e+03 1.234925185229145228e+01 5.024583847958162021e-03
3.285808646300466989e+03 1.234438004862584570e+01 4.998389731632290126e-03
3.285810961115155351e+03 1.236762566690207521e+01 5.104977987953395434e-03
3.285813275930310283e+03 1.237329678891772744e+01 5.130398673830643616e-03
3.285815590745465670e+03 1.236140030386995647e+01 5.070007982309428750e-03
3.285817905560154031e+03 1.235580100857779229e+01 5.040503035107685853e-03
3.285820220375308509e+03 1.235958503473354853e+01 5.063765398593240465e-03
3.285822535189997325e+03 1.234719095080368234e+01 5.009839608502998295e-03
3.285824850005152712e+03 1.235232529448388306e+01 5.032584561178959741e-03
3.285827164819841073e+03 1.233152303428561680e+01 4.937793077662835581e-03
3.285829479634996005e+03 1.234852915293295617e+01 5.014242530931431116e-03
3.285831794449684367e+03 1.235309170582052474e+01 5.040599441939548099e-03
3.285834109264373637e+03 1.237852637525325861e+01 5.157400172597701241e-03
3.285836424079527205e+03 1.237862377937436165e+01 5.153217040977778329e-03
3.285838738894216931e+03 1.235761782430553168e+01 5.055676364025437665e-03
3.285841053709371863e+03 1.236502791051189654e+01 5.088797938669128475e-03
3.285843368524060679e+03 1.236729123650583162e+01 5.101030222901718238e-03
3.285845683339215611e+03 1.234926511622233747e+01 5.019559122240062517e-03
3.285847998153904427e+03 1.235728110699215421e+01 5.052808658015038937e-03
3.285850312968593244e+03 1.234710009731338864e+01 5.009799739390650812e-03
3.285852627783747721e+03 1.236417565366131299e+01 5.090714789640088216e-03
3.285854942598436992e+03 1.234742942842718350e+01 5.009903387918750520e-03
3.285857257413125808e+03 1.236316721020442522e+01 5.077927374618593399e-03
3.285859572228280740e+03 1.235349535245831376e+01 5.038477840796556050e-03
3.285861887042970011e+03 1.236031305261519364e+01 5.073088970402053755e-03
3.285864201857658372e+03 1.234976764535142202e+01 5.020176810294286855e-03
3.285866516672812850e+03 1.236690732177912366e+01 5.101432810136766194e-03
3.285868831487501666e+03 1.234767300188348571e+01 5.009076791318778192e-03
3.285871146302190937e+03 1.233373721985137372e+01 4.945939050664266944e-03
3.285873461117345869e+03 1.234995526941812649e+01 5.018606906127395448e-03
3.285875775932034685e+03 1.235427943051649891e+01 5.044092744645604746e-03
3.285878090746723956e+03 1.234442030824182446e+01 4.996918024204414881e-03
3.285880405561878433e+03 1.237106784873108722e+01 5.112657743274189211e-03
3.285882720376567704e+03 1.237318242007773428e+01 5.134028600562737243e-03
3.285885035191256065e+03 1.234452775583873674e+01 4.996354313476910822e-03
3.285887350005944882e+03 1.236505270609201901e+01 5.085357524970111204e-03
3.285889664821100268e+03 1.236658241484126464e+01 5.092744678433637137e-03
3.285891979635788630e+03 1.234774671371527432e+01 5.010253116032239475e-03
3.285894294450476991e+03 1.236223809935637163e+01 5.076846709789453217e-03
3.285896609265166262e+03 1.237002462010890724e+01 5.118079138975602932e-03
3.285898924080321194e+03 1.235713330934468424e+01 5.051313064661546066e-03
3.285901238895009556e+03 1.236015107127850676e+01 5.071109846078965429e-03
3.285903553709698826e+03 1.236220030506000356e+01 5.076648715285769428e-03
3.285905868524388552e+03 1.235170641678453762e+01 5.029906507454287579e-03
3.285908183339076459e+03 1.234016912669988741e+01 4.978245510509622489e-03
3.285910498154230936e+03 1.234505087882243757e+01 4.997883271189289614e-03
3.285912812968919752e+03 1.235678892258503936e+01 5.054055042386426840e-03
3.285915127783609478e+03 1.235576205569870467e+01 5.052323815585704064e-03
3.285917442598297839e+03 1.236985760872838291e+01 5.114174742209238490e-03
3.285919757413453226e+03 1.233699169048566802e+01 4.964911158605755936e-03
3.285922072228142497e+03 1.234603418116893714e+01 5.006939572367489523e-03
3.285924387042830404e+03 1.233011363301954155e+01 4.938385234600151802e-03
3.285926701857519674e+03 1.236507219757604581e+01 5.090817332196657420e-03
3.285929016672208490e+03 1.235091703941920116e+01 5.039270479354896262e-03
3.285931331487363423e+03 1.236236639161933937e+01 5.088600834518597869e-03
3.285933646302052693e+03 1.234522477553943709e+01 5.006809232630960588e-03
3.285935961116741964e+03 1.234833611775393969e+01 5.022584685894119355e-03
3.285938275931430326e+03 1.235623451414047125e+01 5.055406251858389315e-03
3.285940590746119597e+03 1.234551168178711933e+01 5.013204474269736602e-03
3.285942905560807958e+03 1.235224884383814370e+01 5.029823773810422963e-03
3.285945220375962890e+03 1.234149118375347420e+01 4.991927513013172911e-03
3.285947535190652616e+03 1.234602734989756634e+01 5.008168660150791145e-03
3.285949850005340977e+03 1.235579029682243046e+01 5.058645416655118028e-03
3.285952164820029793e+03 1.234289151300416520e+01 4.996041268048289838e-03
3.285954479634719519e+03 1.233887751963574786e+01 4.974505088150703476e-03
3.285956794449873541e+03 1.235958537972049420e+01 5.072930609103131448e-03
3.285959109264561903e+03 1.233882605143197253e+01 4.981192365773707068e-03
3.285961424079251174e+03 1.235957232469347744e+01 5.072188830640399389e-03
3.285963738893940445e+03 1.233989529957874609e+01 4.996975186484149158e-03
3.285966053708628351e+03 1.234847366682411263e+01 5.025849189483735761e-03
3.285968368523782829e+03 1.234116349083077857e+01 4.996237086726337644e-03
3.285970683338472554e+03 1.233297342758027426e+01 4.954721101726916425e-03
3.285972998153161370e+03 1.233929592701529820e+01 4.984459344333631164e-03
3.285975312967850186e+03 1.234285040311397275e+01 4.992044039062541565e-03
3.285977627782539457e+03 1.234155555653672920e+01 4.999121342589668907e-03
3.285979942597694389e+03 1.234220129454625869e+01 4.994031529307315330e-03
3.285982257412382751e+03 1.234978115821723321e+01 5.027825641895198976e-03
3.285984572227071567e+03 1.233314362697965372e+01 4.954973271742367860e-03
3.285986887041759928e+03 1.235875297421416263e+01 5.072174281137613663e-03
3.285989201856914860e+03 1.233761505342159737e+01 4.975148723331085550e-03
3.285991516671603677e+03 1.233079892728832938e+01 4.946445591968315347e-03
3.285993831486292947e+03 1.233058211817975902e+01 4.945003045464216491e-03
3.285996146300982218e+03 1.234392942051063002e+01 5.009237738722038119e-03
3.285998461116136696e+03 1.235286468079399569e+01 5.042594147639941141e-03
3.286000775930825512e+03 1.234130162018657551e+01 4.992876376780500287e-03
3.286003090745513873e+03 1.234269891735440794e+01 4.999336159856546460e-03
3.286005405560203599e+03 1.232741655712738194e+01 4.933952813567819146e-03
3.286007720375358076e+03 1.234535818383783123e+01 5.015252108192055566e-03
3.286010035190046892e+03 1.234027963763173652e+01 4.992207505037523328e-03
3.286012350004736618e+03 1.235586349939326745e+01 5.059057683192866479e-03
3.286014664819424979e+03 1.233650708669087948e+01 4.968936037191044701e-03
3.286016979634579457e+03 1.234376172135933203e+01 5.001538193852718417e-03
3.286019294449268273e+03 1.232122118142674694e+01 4.899590445629350803e-03
3.286021609263957998e+03 1.235396684499282216e+01 5.047642538883585078e-03
3.286023924079112021e+03 1.232992527633034996e+01 4.944869983386296179e-03
3.286026238893800837e+03 1.233786134541618651e+01 4.976739159227398616e-03
3.286028553708490563e+03 1.233362757751543271e+01 4.961574009782936459e-03
3.286030868523644585e+03 1.234974073805417660e+01 5.027584804019447247e-03
3.286033183338332947e+03 1.234549118501402454e+01 5.009082621599025495e-03
3.286035498153021763e+03 1.233151179082272719e+01 4.947056924767313096e-03
3.286037812968177604e+03 1.234396249931979561e+01 5.001948395194051947e-03
3.286040127782865966e+03 1.234973077050971213e+01 5.031315029926864552e-03
3.286042442598019989e+03 1.236961286831550488e+01 5.120568869780744645e-03
3.286044757412709259e+03 1.234200885738710873e+01 5.000544362324795163e-03
3.286047072227398530e+03 1.234222126244597462e+01 4.993592686732811932e-03
3.286049387042553008e+03 1.237341842916507595e+01 5.138925698199065320e-03
3.286051701857241824e+03 1.235411119229517674e+01 5.053556961343163775e-03
3.286054016672396756e+03 1.234709022576611481e+01 5.022539656994500813e-03
3.286056331487085572e+03 1.235642901692133933e+01 5.068168772559745842e-03
3.286058646302240049e+03 1.234158976548501840e+01 5.003564835083620585e-03
3.286060961116928866e+03 1.234378755664394056e+01 5.008195123564332385e-03
3.286063275932084252e+03 1.233490696935446351e+01 4.976777794388368391e-03
3.286065590746772614e+03 1.234409749925389654e+01 5.025319015109394084e-03
3.286067905561928001e+03 1.235958829383945812e+01 5.095500792294989367e-03
3.286070220376616362e+03 1.233236133381648081e+01 4.971566276348596096e-03
3.286072535191770839e+03 1.234454772261508992e+01 5.031826995834950619e-03
3.286074850006459201e+03 1.234404975740434551e+01 5.031459048538407079e-03
3.286077164821615042e+03 1.234936161228873530e+01 5.064848973966373964e-03
3.286079479636303404e+03 1.232832410019892500e+01 4.974188343727325295e-03
3.286081794451457881e+03 1.233450152497434260e+01 5.007443322521992930e-03
3.286084109266613268e+03 1.235383500303651516e+01 5.102725607681999134e-03
3.286086424081302539e+03 1.235550238518976407e+01 5.120245735835277090e-03
3.286088738896456562e+03 1.234395630277656153e+01 5.073044894137172800e-03
3.286091053711144923e+03 1.235075197508401956e+01 5.109897852103835805e-03
3.286093368526299855e+03 1.235574784925268688e+01 5.144881413728538862e-03
3.286095683341454787e+03 1.234003950773617930e+01 5.080032137578341898e-03
3.286097998156143603e+03 1.234976052558103810e+01 5.135866674355297513e-03
3.286100312971298081e+03 1.233576429002010499e+01 5.086035272121826843e-03
3.286102627786453013e+03 1.234720107911424058e+01 5.148155963523322505e-03
3.286104942601607490e+03 1.234008723034157740e+01 5.118434974532814520e-03
3.286107257416295397e+03 1.235438444568878857e+01 5.200731452673919286e-03
3.286109572231451239e+03 1.234706075580118423e+01 5.181549543891014395e-03
3.286111887046605261e+03 1.235695192890777072e+01 5.242721248339737329e-03
3.286114201861760193e+03 1.234450843504270168e+01 5.186714200520521449e-03
3.286116516676448555e+03 1.234823241557606011e+01 5.214032842738294468e-03
3.286118831491603487e+03 1.233544534194201603e+01 5.171451016211183090e-03
3.286121146306758419e+03 1.236366565378101079e+01 5.320990342791056225e-03
3.286123461121912442e+03 1.233567015392578803e+01 5.202295934243168947e-03
3.286125775937067374e+03 1.235446510386353758e+01 5.304502289856238839e-03
3.286128090752222306e+03 1.235497872610844894e+01 5.316978881107178520e-03
3.286130405566911577e+03 1.234256570831229993e+01 5.271574723595458083e-03
3.286132720382065600e+03 1.233692972651619790e+01 5.256510357092856849e-03
3.286135035197220532e+03 1.234719160378240765e+01 5.314777196911806001e-03
3.286137350012375464e+03 1.235214504153366200e+01 5.356851044039827488e-03
3.286139664827529487e+03 1.234157427720609235e+01 5.313225999495952562e-03
3.286141979642684419e+03 1.236569891698600898e+01 5.437283802135706168e-03
3.286144294457839351e+03 1.236461912785911643e+01 5.448149341939156898e-03
3.286146609272993373e+03 1.234547575351929005e+01 5.366444955815469035e-03
3.286148924088147396e+03 1.234490858445380468e+01 5.372426091735925738e-03
3.286151238903303238e+03 1.235143698488407438e+01 5.413230316444755594e-03
3.286153553718457260e+03 1.233620204243536023e+01 5.346231615537219185e-03
3.286155868533612193e+03 1.236788108773867911e+01 5.526946297369343154e-03
3.286158183349232331e+03 1.235182294633272626e+01 5.448159488897878072e-03
3.286160498164387718e+03 1.232936879127835894e+01 5.356142723998637452e-03
3.286162812979541741e+03 1.233936456967408191e+01 5.414511256362683142e-03
3.286165127794695309e+03 1.234442543096348466e+01 5.441103585065653996e-03
3.286167442609850696e+03 1.234041143752563841e+01 5.437799500335724345e-03
3.286169757425005628e+03 1.232820663304152298e+01 5.392803229129891976e-03
3.286172072240625312e+03 1.233122234777756887e+01 5.410334918111979821e-03
3.286174387055780244e+03 1.235217214903545191e+01 5.525675873740268362e-03
3.286176701870935631e+03 1.236587850994078508e+01 5.608052096851418034e-03
3.286179016686089653e+03 1.234078203551819897e+01 5.494866108108513621e-03
3.286181331501709792e+03 1.234098149718170312e+01 5.499008288896690098e-03
3.286183646316863815e+03 1.234447607533827984e+01 5.533648062980830139e-03
3.286185961132019656e+03 1.232947322192580586e+01 5.464957503185569054e-03
3.286188275947638886e+03 1.234320203535514615e+01 5.547755621262900200e-03
3.286190590762793363e+03 1.237713416848310644e+01 5.734586392624752872e-03
3.286192905577947840e+03 1.235533300878617879e+01 5.633947682305190038e-03
3.286195220393568889e+03 1.236542845675087499e+01 5.694002921497877227e-03
3.286197535208722911e+03 1.235160930957078662e+01 5.642606973272968826e-03
3.286199850024343959e+03 1.233411182603076384e+01 5.558197476805202923e-03
3.286202164839498437e+03 1.234061648108333564e+01 5.603494410055357387e-03
3.286204479655118575e+03 1.232406179885892783e+01 5.532075926300307304e-03
3.286206794470273053e+03 1.233295174220931401e+01 5.587831510743154068e-03
3.286209109285893646e+03 1.234532543030925034e+01 5.670983865921712039e-03
3.286211424101048578e+03 1.233539485444795325e+01 5.624701075629936521e-03
3.286213738916668262e+03 1.233626001033748132e+01 5.643355904823764597e-03
3.286216053732288856e+03 1.234402352535547109e+01 5.696545060911177918e-03
3.286218368547443788e+03 1.232313057592138783e+01 5.603949446406826865e-03
3.286220683363063472e+03 1.233495463660502089e+01 5.679072166788486087e-03
3.286222998178683611e+03 1.234124343555276404e+01 5.727468785245481801e-03
3.286225312993838997e+03 1.235503668216633244e+01 5.816799141232751290e-03
3.286227627809459591e+03 1.234060074520058592e+01 5.757796143337516256e-03
3.286229942625078820e+03 1.234559876946858026e+01 5.792228538140008209e-03
3.286232257440699414e+03 1.234549552786873861e+01 5.806030049244232175e-03
3.286234572256320007e+03 1.233297667989041280e+01 5.761156270108261195e-03
3.286236887071474030e+03 1.231627831907397308e+01 5.690784302117334569e-03
3.286239201887094168e+03 1.233528997861924914e+01 5.799721915556410069e-03
3.286241516702714307e+03 1.233956785348251195e+01 5.839612078153076126e-03
3.286243831518334900e+03 1.232413240873486515e+01 5.773360327747654487e-03
3.286246146333955494e+03 1.232497370684751736e+01 5.792141224654647098e-03
3.286248461149576087e+03 1.233444037903156598e+01 5.855056769198361231e-03
3.286250775965196226e+03 1.234581171693312385e+01 5.934645980770877384e-03
3.286253090780815910e+03 1.234320253281340918e+01 5.941489435049120311e-03
3.286255405596436503e+03 1.233821168725219941e+01 5.921031360012052498e-03
3.286257720412057097e+03 1.235616266718056089e+01 6.037673773630440437e-03
3.286260035227677690e+03 1.233995543481857737e+01 5.968210953416821021e-03
3.286262350043296919e+03 1.233790815306350730e+01 5.964046715358335693e-03
3.286264664858917513e+03 1.232816619937729641e+01 5.931191608657639634e-03
3.286266979674538106e+03 1.233218734728323973e+01 5.959029587457206380e-03
3.286269294490623906e+03 1.233048368689895469e+01 5.970825120110614947e-03
3.286271609306244045e+03 1.232797615707163885e+01 5.973931610020142072e-03
3.286273924121864638e+03 1.235685060200851026e+01 6.139519261918103057e-03
3.286276238937484777e+03 1.232728140249254700e+01 5.988740696741635949e-03
3.286278553753570577e+03 1.235604383038894660e+01 6.169185109929385680e-03
3.286280868569190716e+03 1.235435473925557126e+01 6.165616615218804351e-03
3.286283183384810854e+03 1.236669511599360227e+01 6.249702895059099962e-03
3.286285498200897564e+03 1.234977784099346643e+01 6.169284653926568850e-03
3.286287813016517248e+03 1.234127625980582899e+01 6.133302621975210249e-03
3.286290127832137841e+03 1.236418535839330701e+01 6.277731888099015271e-03
3.286292442648224551e+03 1.234672675642992878e+01 6.188626671965935175e-03
3.286294757463843780e+03 1.234269176448184702e+01 6.180389917382652157e-03
3.286297072279929580e+03 1.234003036342874360e+01 6.178112080216663533e-03
3.286299387095550173e+03 1.234864746000902791e+01 6.240147533816204489e-03
3.286301701911636428e+03 1.233959649632785016e+01 6.193389510393290665e-03
3.286304016727256112e+03 1.234524225803282782e+01 6.238987949047612724e-03
3.286306331543341912e+03 1.234319000744592110e+01 6.238588038632171019e-03
3.286308646359428622e+03 1.234006744789563470e+01 6.230911874975660937e-03
3.286310961175048760e+03 1.232445499510457410e+01 6.151557498330090940e-03
3.286313275991134105e+03 1.234054163743271282e+01 6.254525429373912655e-03
3.286315590807219905e+03 1.234765510886692930e+01 6.303580545341113013e-03
3.286317905622840954e+03 1.234460155511740709e+01 6.299279736501289285e-03
3.286320220438926299e+03 1.232592905953302420e+01 6.204671417375982011e-03
3.286322535255013008e+03 1.233680370632380630e+01 6.277019164720424801e-03
3.286324850071098808e+03 1.232089994103425212e+01 6.195019244861738050e-03
3.286327164887184608e+03 1.232398457607012254e+01 6.219222538812868399e-03
3.286329479702804747e+03 1.234039437744934098e+01 6.322183495905148859e-03
3.286331794518891002e+03 1.235580777607703951e+01 6.427714907175471198e-03
3.286334109334976347e+03 1.232851781358665555e+01 6.278078787160005884e-03
3.286336424151062602e+03 1.236675743236305713e+01 6.511723918878890155e-03
3.286338738967147947e+03 1.234825144880527859e+01 6.412500590632521855e-03
3.286341053783234202e+03 1.234949252343965220e+01 6.433528572794242582e-03
3.286343368599320456e+03 1.234128475059656438e+01 6.393953018293005094e-03
3.286345683415405801e+03 1.233329743257737476e+01 6.355748124945583867e-03
3.286347998231492511e+03 1.237330989117837454e+01 6.608598928965404851e-03
3.286350313048044427e+03 1.234085986399882628e+01 6.419626348533958096e-03
3.286352627864129317e+03 1.234325078835461476e+01 6.439060183615142978e-03
3.286354942680215572e+03 1.236565892138498413e+01 6.585700153756778030e-03
3.286357257496301372e+03 1.235800001943351489e+01 6.547194586804689145e-03
3.286359572312388082e+03 1.233095348414758874e+01 6.398637265632757531e-03
3.286361887128939543e+03 1.235140682626232866e+01 6.528073903374525047e-03
3.286364201945024888e+03 1.234025878676938248e+01 6.475397612049656540e-03
3.286366516761111598e+03 1.235143624583860955e+01 6.550119947230686329e-03
3.286368831577662604e+03 1.235593852842361606e+01 6.584610883450099823e-03
3.286371146393747949e+03 1.234410596868166898e+01 6.534174894406005220e-03
3.286373461209834204e+03 1.235240622639033781e+01 6.595097341658816975e-03
3.286375776026386575e+03 1.236176146971312484e+01 6.657506720401879310e-03
3.286378090842471465e+03 1.233697274143826661e+01 6.519461846749463781e-03
3.286380405659023381e+03 1.235297592076748430e+01 6.627880298684649986e-03
3.286382720475575297e+03 1.234048467692428908e+01 6.564790760882101284e-03
3.286385035291661552e+03 1.234086357574565973e+01 6.574354885102650162e-03
3.286387350108212559e+03 1.235688508750296855e+01 6.687719194245895366e-03
3.286389664924298359e+03 1.237534375442175438e+01 6.812214167900188140e-03
3.286391979740850729e+03 1.233943426858619574e+01 6.600456922083577233e-03
3.286394294557401736e+03 1.234790485025974327e+01 6.665940697389916188e-03
3.286396609373487991e+03 1.233925724056564555e+01 6.632009942903293979e-03
3.286398924190039907e+03 1.232955008073044567e+01 6.589109556352731357e-03
3.286401239006590913e+03 1.234717174649544624e+01 6.699607824757986517e-03
3.286403553823142374e+03 1.235930760430437481e+01 6.789663096102626326e-03
3.286405868639693836e+03 1.232970686624633672e+01 6.618185023038032806e-03
3.286408183455780545e+03 1.234310593666962497e+01 6.713371813527821592e-03
3.286410498272332006e+03 1.232379942776554493e+01 6.613912293139610245e-03
3.286412813088883013e+03 1.234435316271603966e+01 6.748651419380764099e-03
3.286415127905434929e+03 1.231161182536850163e+01 6.566049761313363063e-03
3.286417442721986390e+03 1.231979853252100199e+01 6.629863131743508192e-03
3.286419757538537851e+03 1.234016595013906148e+01 6.774940028380786565e-03
3.286422072355089767e+03 1.232326276891769368e+01 6.678447566763744993e-03
3.286424387171642138e+03 1.234508267415345806e+01 6.831678169571911950e-03
3.286426701988658351e+03 1.235851913120718670e+01 6.932289217220994129e-03
3.286429016805210267e+03 1.234883868959198949e+01 6.881022515882623605e-03
3.286431331621762183e+03 1.232263914653031733e+01 6.740037539864258270e-03
3.286433646438314099e+03 1.234486295790022936e+01 6.891688456050359783e-03
3.286435961254865106e+03 1.232720784108412815e+01 6.788924665940806839e-03
3.286438276071881774e+03 1.234088089394495569e+01 6.891843962326327927e-03
3.286440590888434599e+03 1.233375917751520312e+01 6.869886471137900789e-03
3.286442905704985606e+03 1.233021152154131705e+01 6.861426967258609476e-03
3.286445220522002273e+03 1.234486237521082330e+01 6.973439672098387040e-03
3.286447535338554189e+03 1.231045977069086206e+01 6.768212001666576612e-03
3.286449850155106560e+03 1.231149166550264162e+01 6.787239418926710628e-03
3.286452164972122773e+03 1.231142872309104419e+01 6.802174031983345033e-03
3.286454479788675144e+03 1.230803610187670927e+01 6.797862992607150989e-03
3.286456794605692721e+03 1.233659112993650453e+01 6.989314391205776918e-03
3.286459109422243273e+03 1.232371628583455347e+01 6.922936405396843892e-03
3.286461424239260396e+03 1.233533902891434764e+01 7.016121175114343328e-03
3.286463739056278428e+03 1.231804658350668191e+01 6.921680270975527106e-03
3.286466053872829889e+03 1.229742871559418660e+01 6.809910289283291514e-03
3.286468368689847011e+03 1.232598229303489390e+01 7.000909799742795897e-03
3.286470683506865043e+03 1.232529232997894830e+01 7.013454846427818155e-03
3.286472998323416505e+03 1.230912273056358863e+01 6.924485445149605733e-03
3.286475313140433627e+03 1.229825438598251353e+01 6.877218002931737365e-03
3.286477627957450750e+03 1.232842932019562099e+01 7.089004622006002572e-03
3.286479942774467872e+03 1.232227009868491052e+01 7.062227271643156667e-03
3.286482257591485450e+03 1.232973001931195789e+01 7.125263850105197777e-03
3.286484572408502572e+03 1.230016151031086835e+01 6.951243655017523039e-03
3.286486887225053579e+03 1.233289842315675244e+01 7.174089366026580386e-03
3.286489202042071156e+03 1.231953151780295386e+01 7.116665938723649477e-03
3.286491516859088733e+03 1.229982942893043152e+01 6.993318779871894597e-03
3.286493831676105401e+03 1.232195277453485716e+01 7.158246258784765371e-03
3.286496146493589094e+03 1.232691157867266796e+01 7.205638904650312447e-03
3.286498461310606672e+03 1.233078080150724176e+01 7.250649634046465140e-03
3.286500776127623794e+03 1.234803559454314659e+01 7.380766282026725300e-03
3.286503090944640007e+03 1.231641643131650987e+01 7.186827152732729040e-03
3.286505405761657585e+03 1.232733421232731708e+01 7.277018949990866035e-03
3.286507720578675162e+03 1.232009707828847311e+01 7.245792189167673744e-03
3.286510035396157491e+03 1.232577411071158480e+01 7.303440269397215925e-03
3.286512350213175068e+03 1.233683360734487167e+01 7.395774938334219277e-03
3.286514665030192191e+03 1.230116675403993121e+01 7.171026810305281690e-03
3.286516979847209313e+03 1.232104264802398852e+01 7.316789685626084311e-03
3.286519294664692552e+03 1.229560649430795571e+01 7.161033973800718690e-03
3.286521609481710129e+03 1.232105130136823412e+01 7.347224887627588040e-03
3.286523924299192913e+03 1.231868044212141200e+01 7.353265205745542453e-03
3.286526239116210036e+03 1.230171886888227029e+01 7.257086477337756393e-03
3.286528553933692820e+03 1.231561399236876220e+01 7.358832499581798720e-03
3.286530868750710397e+03 1.232681456475996917e+01 7.451335746873038145e-03
3.286533183568193635e+03 1.230536303646854535e+01 7.322033834232577476e-03
3.286535498385209848e+03 1.230449776309468746e+01 7.328121419836488432e-03
3.286537813202693542e+03 1.231031985020515762e+01 7.390624220634599284e-03
3.286540128020176326e+03 1.229931399580601337e+01 7.328189637336324051e-03
3.286542442837193448e+03 1.228512394507372285e+01 7.248756984379520901e-03
3.286544757654677142e+03 1.228417643244407387e+01 7.256428084431091122e-03
3.286547072472159925e+03 1.228959744745992921e+01 7.303024098404329797e-03
3.286549387289642709e+03 1.231709970260937581e+01 7.506128188818132069e-03
3.286551702106659377e+03 1.232799595579597707e+01 7.598291868200358901e-03
3.286554016924143070e+03 1.229408979053274997e+01 7.379592633124259539e-03
3.286556331741625399e+03 1.230383577228298719e+01 7.463009898775535382e-03
3.286558646559108638e+03 1.230679084710427063e+01 7.496823434345632059e-03
3.286560961376590967e+03 1.230593671396672484e+01 7.501473913957965554e-03
3.286563276194074206e+03 1.230719160000769463e+01 7.522980552126673666e-03
3.286565591011557444e+03 1.229708759448782196e+01 7.474119770373519739e-03
3.286567905829039773e+03 1.229902904359302696e+01 7.492533463969285740e-03
3.286570220646523012e+03 1.229161518520505325e+01 7.460052518591582006e-03
3.286572535464006251e+03 1.230327027020880593e+01 7.558022384671954190e-03
3.286574850281488580e+03 1.230885547964549787e+01 7.607442058515221164e-03
3.286577165099437025e+03 1.232766049856349078e+01 7.754497981738017222e-03
3.286579479916919809e+03 1.231132280048052507e+01 7.646710084681604749e-03
3.286581794734403502e+03 1.228088404216648399e+01 7.451095421294524901e-03
3.286584109551885376e+03 1.232403558048694592e+01 7.766332865904210236e-03
3.286586424369835186e+03 1.229316316317161295e+01 7.564052005948749234e-03
3.286588739187317969e+03 1.231460016800953206e+01 7.729431636386129706e-03
3.286591054004800299e+03 1.229406441013541951e+01 7.597297591617326561e-03
3.286593368822748744e+03 1.230075496733335427e+01 7.658099466314514589e-03
3.286595683640231982e+03 1.228707510367960509e+01 7.574613430879850902e-03
3.286597998458180882e+03 1.232694140948822081e+01 7.870897448427964863e-03
3.286600313275663666e+03 1.228631630133138586e+01 7.592558743090258716e-03
3.286602628093612566e+03 1.232639267796257876e+01 7.886740829682228893e-03
3.286604942911095350e+03 1.229277733822677909e+01 7.661671426372053222e-03
3.286607257729043340e+03 1.229991076628073898e+01 7.723832641865877209e-03
3.286609572546526579e+03 1.230043263620038019e+01 7.742259337853665650e-03
3.286611887364475479e+03 1.231547179641299294e+01 7.856978207919180709e-03
3.286614202182423924e+03 1.230287673036009899e+01 7.780340371963798476e-03
3.286616516999906707e+03 1.230523260280808273e+01 7.809997933981383499e-03
3.286618831817856062e+03 1.229887287918642436e+01 7.775827264200513810e-03
3.286621146635804507e+03 1.232924545385466075e+01 8.001892245948138624e-03
3.286623461453752952e+03 1.230220537606544440e+01 7.819714161555356077e-03
3.286625776271700943e+03 1.230633123214635560e+01 7.861866944440545207e-03
3.286628091089183727e+03 1.230994682452891098e+01 7.895233693680602308e-03
3.286630405907133536e+03 1.232064509322787416e+01 7.989007538040059780e-03
3.286632720725081526e+03 1.229068397619919395e+01 7.787074682874016614e-03
3.286635035543029517e+03 1.231026483859617926e+01 7.944053911805070214e-03
3.286637350360978417e+03 1.228860172068093881e+01 7.793615011526024323e-03
3.286639665178927316e+03 1.232000109440476976e+01 8.031605120480589735e-03
3.286641979996874852e+03 1.232449418198644153e+01 8.077455099311610029e-03
3.286644294814824207e+03 1.226731839910060984e+01 7.674815256044603684e-03
3.286646609633238313e+03 1.228046475767760803e+01 7.776593824548369734e-03
3.286648924451186758e+03 1.228429767398661809e+01 7.817073677022178674e-03
3.286651239269134749e+03 1.227723492955867002e+01 7.776927816459396937e-03
3.286653554087084103e+03 1.231314793685994324e+01 8.050041949948625805e-03
3.286655868905033003e+03 1.230513341750430101e+01 8.002475217664730203e-03
3.286658183723446200e+03 1.228993690392118232e+01 7.904626319798626483e-03
3.286660498541396009e+03 1.229136223924293780e+01 7.924374085586567001e-03
3.286662813359344455e+03 1.228922129005654540e+01 7.918655763895009886e-03
3.286665128177758561e+03 1.232754747286097796e+01 8.217112426969257200e-03
3.286667442995706551e+03 1.231153045919560540e+01 8.106499995828764585e-03
3.286669757814121112e+03 1.226362353189911047e+01 7.765667328597132546e-03
3.286672072632070012e+03 1.228812101654894917e+01 7.953821682111701999e-03
3.286674387450484119e+03 1.225873874217537995e+01 7.754523224250671996e-03
3.286676702268433019e+03 1.227460551547063261e+01 7.874848298990924297e-03
3.286679017086847580e+03 1.231012324411799952e+01 8.150900529952910534e-03
3.286681331904795570e+03 1.229283757928399723e+01 8.035955381951277038e-03
3.286683646723209677e+03 1.229382238775772151e+01 8.048426985472071152e-03
3.286685961541158576e+03 1.229162932739975567e+01 8.042050772143686035e-03
3.286688276359573138e+03 1.231580472781981683e+01 8.235296442003114253e-03
3.286690591177986789e+03 1.226578830120941888e+01 7.874903275013138068e-03
3.286692905996400896e+03 1.229596580171544673e+01 8.108959268681548149e-03
3.286695220814350250e+03 1.226971493432418292e+01 7.928103965733169362e-03
3.286697535632763902e+03 1.226467656287110941e+01 7.901611378376039926e-03
3.286699850451178008e+03 1.231926214454219881e+01 8.320450129522828295e-03
3.286702165269593024e+03 1.231968669219994084e+01 8.330921510670857844e-03
3.286704480088007585e+03 1.228159899607751626e+01 8.054216648252215255e-03
3.286706794906421237e+03 1.230107775392742298e+01 8.205227544873100465e-03
3.286709109724834434e+03 1.227895958489696504e+01 8.057560572804118443e-03
3.286711424543248995e+03 1.227692317898569563e+01 8.053581563294861037e-03
3.286713739361663556e+03 1.227713723090320919e+01 8.061213854381091282e-03
3.286716054180077663e+03 1.229933230846225811e+01 8.237761161986682443e-03
3.286718368998492224e+03 1.228159044983214798e+01 8.113686477434767230e-03
3.286720683816906330e+03 1.230025857698506364e+01 8.266008615582357694e-03
3.286722998635320437e+03 1.227223295074054654e+01 8.062039016336782632e-03
3.286725313453734543e+03 1.228334043032325695e+01 8.156213580982714026e-03
3.286727628272149104e+03 1.229288652791217551e+01 8.237605551689140826e-03
3.286729943091028872e+03 1.232138619701572324e+01 8.463230529124928306e-03
3.286732257909442978e+03 1.227225460177814753e+01 8.097253111150231816e-03
3.286734572727857994e+03 1.226039721289128082e+01 8.022085644063550736e-03
3.286736887546737307e+03 1.227014438109055661e+01 8.099415279148283048e-03
3.286739202365151414e+03 1.229003224545229145e+01 8.260217630893835691e-03
3.286741517183565520e+03 1.230948660449970511e+01 8.415408735846473254e-03
3.286743832002445743e+03 1.231658300589134392e+01 8.482946250496576496e-03
3.286746146820860304e+03 1.229312877304930751e+01 8.311286492846219759e-03
3.286748461639740071e+03 1.234046872511234128e+01 8.686710518374742701e-03
3.286750776458154633e+03 1.231120595230554393e+01 8.466784530448478313e-03
3.286753091277034400e+03 1.228913308361490309e+01 8.297944841408656097e-03
3.286755406095448507e+03 1.229166154698315339e+01 8.324576986990427085e-03
3.286757720914327820e+03 1.228173469621603786e+01 8.262321481690929753e-03
3.286760035733208497e+03 1.231975543139665952e+01 8.559427792786294606e-03
3.286762350551623058e+03 1.229302449826042576e+01 8.362008066715035173e-03
3.286764665370502371e+03 1.226499849587435342e+01 8.159479382213043197e-03
3.286766980189383048e+03 1.230485429524002861e+01 8.468033429650774838e-03
3.286769295007797609e+03 1.229060756025757328e+01 8.359907303607002141e-03
3.286771609826676467e+03 1.226441908575026751e+01 8.174347233137219809e-03
3.286773924645555780e+03 1.231121505905908720e+01 8.533842171483110514e-03
3.286776239464436003e+03 1.228133462323447311e+01 8.314950545592536199e-03
3.286778554283316225e+03 1.227540390949982907e+01 8.273508453248794997e-03
3.286780869101729877e+03 1.231390765590438363e+01 8.578729097981057511e-03
3.286783183920609190e+03 1.228540681825398195e+01 8.367555977930239003e-03
3.286785498739489867e+03 1.228978247240110910e+01 8.407721491944670708e-03
3.286787813558370544e+03 1.227211042549541986e+01 8.279125625977086164e-03
3.286790128377249403e+03 1.229069817781916640e+01 8.425469433363825394e-03
3.286792443196130080e+03 1.227582644432854586e+01 8.319794948375166740e-03
3.286794758015009847e+03 1.230286373653049381e+01 8.530919486945769820e-03
3.286797072834355276e+03 1.228900070523526367e+01 8.438159829076866819e-03
3.286799387653235044e+03 1.230036742203731492e+01 8.527309715660071412e-03
3.286801702472114812e+03 1.230362116430824670e+01 8.559607352255612159e-03
3.286804017290995489e+03 1.226882096554555979e+01 8.298352333704054132e-03
3.286806332109874347e+03 1.226450583808077255e+01 8.266402249737628966e-03
3.286808646928755024e+03 1.230133008227146263e+01 8.564628746244412963e-03
3.286810961748100908e+03 1.232051657555282453e+01 8.724714662624359629e-03
3.286813276566980676e+03 1.228706152220116365e+01 8.471808024985412119e-03
3.286815591385859989e+03 1.229464886587313011e+01 8.534770921815666017e-03
3.286817906205205873e+03 1.228926798566555512e+01 8.500608837411254698e-03
3.286820221024086550e+03 1.226220573533379543e+01 8.302095094460294408e-03
3.286822535842965408e+03 1.227130107175831242e+01 8.373070899064583017e-03
3.286824850662311292e+03 1.226626324754544939e+01 8.344479447595204089e-03
3.286827165481191969e+03 1.229958683771979011e+01 8.610633208428157895e-03
3.286829480300536943e+03 1.229046679260267894e+01 8.551376770707856331e-03
3.286831795119416711e+03 1.224643910518750189e+01 8.218969279654753796e-03
3.286834109938762595e+03 1.226091748608475562e+01 8.335407047147122550e-03
3.286836424758108478e+03 1.227802232300926555e+01 8.476707624817336750e-03
3.286838739576987791e+03 1.223952902493966022e+01 8.186558356447408077e-03
3.286841054396334130e+03 1.229949720031193650e+01 8.659247864191883109e-03
3.286843369215213443e+03 1.228101856417236704e+01 8.529038586364072819e-03
3.286845684034558417e+03 1.228847166447800099e+01 8.589843083182556113e-03
3.286847998853903391e+03 1.230107520372317076e+01 8.701546389656648200e-03
3.286850313673249730e+03 1.230356247388049873e+01 8.734766340530702305e-03
3.286852628492129952e+03 1.224988729888127459e+01 8.323925098484185464e-03
3.286854943311474926e+03 1.228743604579765503e+01 8.620917569908615602e-03
3.286857258130820810e+03 1.231394207044906963e+01 8.851983600480497691e-03
3.286859572950165784e+03 1.226662898006870961e+01 8.479509750827991452e-03
3.286861887769512578e+03 1.225044716336234529e+01 8.361445040729458336e-03
3.286864202588857552e+03 1.227409430083132769e+01 8.555931259374243564e-03
3.286866517408203435e+03 1.230243001074870612e+01 8.792251975886388252e-03
3.286868832227548864e+03 1.222906541415721016e+01 8.228078399644114457e-03
3.286871147046894293e+03 1.228510061388673691e+01 8.677106081096144091e-03
3.286873461866239722e+03 1.230130572691457047e+01 8.814046003234016213e-03
3.286875776685585606e+03 1.230357962700512431e+01 8.836745602957146034e-03
3.286878091504931490e+03 1.226962822629547212e+01 8.581840351781671802e-03
3.286880406324276464e+03 1.229512867342149107e+01 8.800470307974844753e-03
3.286882721143621893e+03 1.224409053334421493e+01 8.403351448023135828e-03
3.286885035962968686e+03 1.226911880620355610e+01 8.609987224335528821e-03
3.286887350782313661e+03 1.227951130906906840e+01 8.702141538635138271e-03
3.286889665601658635e+03 1.226155582641253261e+01 8.573362962317638072e-03
3.286891980421470180e+03 1.226578514828961630e+01 8.617509771159100745e-03
3.286894295240816518e+03 1.227882547828842874e+01 8.731659185142466584e-03
3.286896610060161493e+03 1.228410115284929560e+01 8.787147653900762023e-03
3.286898924879973038e+03 1.224919991652204132e+01 8.523501192704650148e-03
3.286901239699318467e+03 1.225789615014721967e+01 8.602673557243424932e-03
3.286903554518663896e+03 1.226383356947338399e+01 8.662067335878747415e-03
3.286905869338474986e+03 1.228132792009138896e+01 8.814814103938379414e-03
3.286908184157820415e+03 1.224910827079857789e+01 8.572326306589000619e-03
3.286910498977631960e+03 1.226701970552351995e+01 8.721913945134367879e-03
3.286912813796976934e+03 1.230876651587494131e+01 9.075442008617144729e-03
3.286915128616788479e+03 1.230699698941941200e+01 9.079835567901612531e-03
3.286917443436134363e+03 1.227784800821234867e+01 8.848959643524438590e-03
3.286919758255945453e+03 1.227169963515737017e+01 8.809877357797020123e-03
3.286922073075290427e+03 1.230090694134478824e+01 9.068686426351536822e-03
3.286924387895101972e+03 1.226718993631272525e+01 8.798592586052936260e-03
3.286926702714447401e+03 1.226952592898690142e+01 8.830099433646612650e-03
3.286929017534258492e+03 1.228093429388386326e+01 8.933484285881443734e-03
3.286931332354069582e+03 1.228676744583059310e+01 8.992931588056335412e-03
3.286933647173415466e+03 1.229178736929717353e+01 9.054802233048529075e-03
3.286935961993227011e+03 1.226224405793631256e+01 8.815967474187249436e-03
3.286938276813038101e+03 1.226875240570197789e+01 8.881624199749660678e-03
3.286940591632849646e+03 1.223128717440245516e+01 8.595544879939631677e-03
3.286942906452661191e+03 1.226569052078603939e+01 8.880039614343122542e-03
3.286945221272006620e+03 1.221880386521201700e+01 8.519101510511587275e-03
3.286947536091816801e+03 1.227029503161905311e+01 8.943790736961373944e-03
3.286949850911628346e+03 1.227493007640202549e+01 8.990878330918024644e-03
3.286952165731439891e+03 1.227355015615426126e+01 8.995743892286195073e-03
3.286954480551250981e+03 1.228970616239215374e+01 9.137818193217218943e-03
3.286956795371062981e+03 1.223681514511843282e+01 8.715239566310848535e-03
3.286959110190874526e+03 1.227074123136250172e+01 8.998037590323502283e-03
3.286961425010685161e+03 1.231165006790039307e+01 9.358218803384926038e-03
3.286963739830495797e+03 1.221842124430785681e+01 8.603416333363833948e-03
3.286966054650306887e+03 1.227369033738285964e+01 9.060908100339078522e-03
3.286968369470118887e+03 1.229300930078298393e+01 9.235520959029040744e-03
3.286970684289929977e+03 1.221545813359873023e+01 8.612757506306053037e-03
3.287762353167820493e+03 1.230850520111555824e+01 9.349463446774812156e-03
3.287764667989959889e+03 1.231389659404998582e+01 9.382513160000991934e-03
3.287766982812099741e+03 1.233999196017068556e+01 9.602360696267410803e-03
3.287769297634239592e+03 1.233601885170059376e+01 9.552993264617320318e-03
3.287771612456378989e+03 1.231036518056091111e+01 9.314073043603153176e-03
3.287773927278518386e+03 1.231559398712412445e+01 9.353024206378532032e-03
3.287776242100658237e+03 1.233312846641308269e+01 9.486134995613366289e-03
3.287778556922797634e+03 1.231708241309606322e+01 9.330160940129120922e-03
3.287780871745403147e+03 1.230765692344170326e+01 9.244246809087586225e-03
3.287783186567542543e+03 1.233279553338475232e+01 9.443492287684521549e-03
3.287785501389681485e+03 1.231988297636670993e+01 9.317112373304094891e-03
3.287787816211821337e+03 1.235092110278815092e+01 9.570534900430164790e-03
3.287790131033961643e+03 1.228460954920818082e+01 8.993538312257982198e-03
3.287792445856100585e+03 1.229708028403718600e+01 9.085362503948103338e-03
3.287794760678239527e+03 1.231468556399824443e+01 9.221973942800283652e-03
3.287797075500378924e+03 1.232970672085709296e+01 9.336405466249983812e-03
3.287799390322984436e+03 1.232961879685481499e+01 9.317864805612261284e-03
3.287801705145123378e+03 1.233785401721771890e+01 9.378368164864000697e-03
3.287804019967264139e+03 1.230970440075463301e+01 9.127024569358642772e-03
3.287806334789403536e+03 1.231039622636940400e+01 9.117066433523798516e-03
3.287808649611542478e+03 1.234606778032537910e+01 9.405904869735779578e-03
3.287810964433681875e+03 1.232125546299977437e+01 9.177684018510982866e-03
3.287813279256286933e+03 1.232527489284978017e+01 9.196939350020156417e-03
3.287815594078427239e+03 1.233398340338267651e+01 9.260510048694874097e-03
3.287817908900566636e+03 1.233364986871008462e+01 9.247146652427717245e-03
3.287820223722705578e+03 1.234096608255601168e+01 9.292808282003177378e-03
3.287822538544845429e+03 1.232861103074318798e+01 9.170614526795092467e-03
3.287824853366985735e+03 1.232688243505017134e+01 9.140549453431467269e-03
3.287827168189589884e+03 1.232647029720084930e+01 9.126895348359332152e-03
3.287829483011730190e+03 1.231963935780491681e+01 9.057240140239028112e-03
3.287831797833870041e+03 1.231633775322472601e+01 9.017983733809029415e-03
3.287834112656008983e+03 1.231895060700652955e+01 9.023554823444617651e-03
3.287836427478147925e+03 1.230826235399560353e+01 8.925030853549934320e-03
3.287838742300753438e+03 1.232389281725198948e+01 9.040058277701368966e-03
3.287841057122893289e+03 1.234977119587096084e+01 9.246164218332155599e-03
3.287843371945032231e+03 1.232237385733592738e+01 9.004810953776755736e-03
3.287845686767172992e+03 1.229526512903599844e+01 8.768284025223178901e-03
3.287848001589778505e+03 1.232240953932011784e+01 8.977633093795253302e-03
3.287850316411917447e+03 1.231057925492139304e+01 8.865992350362067106e-03
3.287852631234056389e+03 1.234174163771982968e+01 9.119024773947572576e-03
3.287854946056196241e+03 1.231484107130992101e+01 8.885841064480988483e-03
3.287857260878801753e+03 1.232883496863738948e+01 8.984796289253398766e-03
3.287859575700941150e+03 1.230737993697572108e+01 8.798660459098738007e-03
3.287861890523081001e+03 1.230214779335065955e+01 8.746939100883120016e-03
3.287864205345219943e+03 1.234119385281232972e+01 9.053650616377266827e-03
3.287866520167825001e+03 1.231993108874994469e+01 8.874729287094216060e-03
3.287868834989963943e+03 1.232562495340753728e+01 8.906350891004612483e-03
3.287871149812103795e+03 1.233746528464726211e+01 8.992808876273452809e-03
3.287873464634244101e+03 1.232315347404487227e+01 8.865701258396665313e-03
3.287875779456848250e+03 1.233795015219854641e+01 8.980793824528833166e-03
3.287878094278988101e+03 1.233836470675684005e+01 8.968132245803598149e-03
3.287880409101127952e+03 1.231777041763611003e+01 8.791263246588259042e-03
3.287882723923733465e+03 1.231720727537991422e+01 8.781171897496508477e-03
3.287885038745872407e+03 1.229861385561510012e+01 8.626346281626912776e-03
3.287887353568012259e+03 1.232651754457910442e+01 8.842861270804150409e-03
3.287889668390152565e+03 1.231212082036739908e+01 8.720181710125285424e-03
3.287891983212757168e+03 1.231894955459002183e+01 8.766735635752363406e-03
3.287894298034896565e+03 1.231712352524279552e+01 8.742922655829318129e-03
3.287896612857035961e+03 1.232839287295303876e+01 8.828639796659784253e-03
3.287898927679641474e+03 1.232126826827096266e+01 8.759448434389999205e-03
3.287901242501780416e+03 1.233040728859123902e+01 8.834151379508206267e-03
3.287903557323921177e+03 1.233349397742087739e+01 8.846570960897741365e-03
3.287905872146526235e+03 1.228829729769689827e+01 8.482098122634436008e-03
3.287908186968666087e+03 1.230874135214735965e+01 8.642829689948930763e-03
3.287910501790805029e+03 1.231825195277549945e+01 8.711212637334788539e-03
3.287912816613410996e+03 1.232118821606529835e+01 8.727023388761610129e-03
3.287915131435550393e+03 1.231722853470355972e+01 8.690430874277167012e-03
3.287917446257689335e+03 1.230090480116042251e+01 8.557829249034693345e-03
3.287919761080294847e+03 1.232403330396061314e+01 8.740688408626150208e-03
3.287922075902435154e+03 1.230770364700856412e+01 8.606735292402523108e-03
3.287924390724574550e+03 1.234159813524104621e+01 8.878382175778472274e-03
3.287926705547179154e+03 1.233066850754865129e+01 8.786295839469082311e-03
3.287929020369319005e+03 1.232152341759712222e+01 8.710295964327310556e-03
3.287931335191457947e+03 1.233374276157665328e+01 8.799665487923409926e-03
3.287933650014063005e+03 1.233352966935531292e+01 8.796048636560499512e-03
3.287935964836202857e+03 1.229725283727061580e+01 8.502441487478661075e-03
3.287938279658808369e+03 1.234927855486223969e+01 8.919322436467536086e-03
3.287940594480947311e+03 1.230810925600392025e+01 8.586456961089537071e-03
3.287942909303086708e+03 1.231062450744837022e+01 8.602660111431452428e-03
3.287945224125692221e+03 1.227551228541566175e+01 8.325227109490452443e-03
3.287947538947832527e+03 1.232553352385846956e+01 8.716079488158150895e-03
3.287949853769971469e+03 1.230227771075099241e+01 8.527975232545365047e-03
3.287952168592576527e+03 1.231247767462329534e+01 8.605748115089704997e-03
3.287954483414715924e+03 1.233346499004799846e+01 8.767041860872935161e-03
3.287956798237321436e+03 1.233913643940597105e+01 8.810312674005966321e-03
3.287959113059460378e+03 1.234504420069125885e+01 8.854250815989114093e-03
3.287961427881600684e+03 1.232415869784381002e+01 8.682731703034254900e-03
3.287963742704206197e+03 1.231998776294663323e+01 8.644572570019834826e-03
3.287966057526345594e+03 1.233185812272091830e+01 8.731581833210218246e-03
3.287968372348949742e+03 1.233200311761109091e+01 8.733113928686532870e-03
3.287970687171090049e+03 1.234470530124611720e+01 8.829216799129886370e-03
3.287973001993229445e+03 1.236044405779175648e+01 8.956224945035456617e-03
3.287975316815834503e+03 1.232378022149861785e+01 8.649424535826028687e-03
3.287977631637973900e+03 1.233944096081802222e+01 8.774943164429324649e-03
3.287979946460579868e+03 1.230754195207302892e+01 8.513824816686704072e-03
3.287982261282719264e+03 1.235717198551447282e+01 8.912212068222688868e-03
3.287984576104858206e+03 1.233944540589146754e+01 8.757714612456718797e-03
3.287986890927464174e+03 1.232689613463560363e+01 8.655620635417969264e-03
3.287989205749603570e+03 1.234442880230969486e+01 8.787863083008830636e-03
3.287991520572208628e+03 1.233352709179870565e+01 8.697642037472221727e-03
3.287993835394348480e+03 1.233934697437826955e+01 8.740693589720800738e-03
3.287996150216487877e+03 1.233362311207605444e+01 8.692147141977950991e-03
3.287998465039092480e+03 1.234980323213574849e+01 8.814345419246551877e-03
3.288000779861231422e+03 1.234117269764472447e+01 8.738810255963640541e-03
3.288003094683836935e+03 1.234029866556358712e+01 8.728897515449578204e-03
3.288005409505976786e+03 1.235750946959046104e+01 8.869500672844149100e-03
3.288007724328581389e+03 1.233026124709570048e+01 8.635036257522186315e-03
3.288010039150722150e+03 1.235302206293519589e+01 8.816707440618506975e-03
3.288012353972861547e+03 1.233851690230022591e+01 8.702145752794010827e-03
3.288014668795466605e+03 1.233413001061026115e+01 8.657863218844539729e-03
3.288016983617605547e+03 1.233666428048591612e+01 8.674932452236862324e-03
3.288019298440211060e+03 1.233505890163444185e+01 8.655839975833180128e-03
3.288021613262350911e+03 1.234695179979669355e+01 8.748769458326166940e-03
3.288023928084955969e+03 1.237633566539312824e+01 8.983693662853160442e-03
3.288026242907094911e+03 1.233541316110015273e+01 8.644254026252119055e-03
3.288028557729235217e+03 1.236095336563459135e+01 8.843476651682913650e-03
3.288030872551840730e+03 1.236958226692912355e+01 8.911075039097923756e-03
3.288033187373979672e+03 1.237600669888961669e+01 8.960166821234216358e-03
3.288035502196585185e+03 1.233553512876738978e+01 8.628934176145767673e-03
3.288037817018725036e+03 1.235126810326964275e+01 8.749105571055114730e-03
3.288040131841329639e+03 1.238174999964612866e+01 8.989669327825421802e-03
3.288042446663469036e+03 1.237659464027643708e+01 8.941162686255938255e-03
3.288044761486074549e+03 1.236985458806264937e+01 8.884631010672819004e-03
3.288047076308213946e+03 1.236867821717355120e+01 8.870310935530848276e-03
3.288049391130353797e+03 1.235275716537805657e+01 8.741997878557563120e-03
3.288051705952958855e+03 1.235327986946682799e+01 8.733741139404983811e-03
3.288054020775098252e+03 1.236488776260394218e+01 8.822211903431307137e-03
3.288056335597703310e+03 1.232652335313990832e+01 8.510134452469826291e-03
3.288058650419842706e+03 1.234513502192550405e+01 8.647194672310528837e-03
3.288060965242448219e+03 1.237034144083841802e+01 8.844811798473061273e-03
3.288063280064588525e+03 1.235904157850363383e+01 8.742833039475336396e-03
3.288065594887193129e+03 1.237229397778945739e+01 8.847347289839015833e-03
3.288067909709332525e+03 1.236696943849086061e+01 8.796304218075135656e-03
3.288070224531938038e+03 1.235581816776736730e+01 8.698223039709379600e-03
3.288072539354076980e+03 1.236617902226222654e+01 8.772900062645323099e-03
3.288074854176215922e+03 1.235811212912480528e+01 8.700413633349848852e-03
3.288077168998821435e+03 1.235171897884468706e+01 8.640679798084735519e-03
3.288079483820961286e+03 1.232243473883635865e+01 8.402330368930045756e-03
3.288081798643566799e+03 1.234566393325583711e+01 8.570908392943830598e-03
3.288084113465705741e+03 1.235655863060010162e+01 8.645646206643247539e-03
3.288086428288311254e+03 1.235597834462655698e+01 8.634438363605754369e-03
3.288088743110451105e+03 1.237596176286496075e+01 8.783160495671731016e-03
3.288091057933055708e+03 1.233524779539859040e+01 8.456653360389735155e-03
3.288093372755196015e+03 1.233357192833240390e+01 8.436509343624195092e-03
3.288095687577801527e+03 1.235823353496515864e+01 8.617137251572390064e-03
3.288098002399940469e+03 1.235077468325502004e+01 8.547885595652801247e-03
3.288100317222545982e+03 1.234256886453837687e+01 8.472537015243662706e-03
3.288102632044685379e+03 1.236505773359197846e+01 8.636813171634491471e-03
3.288104946866825685e+03 1.235190812006549521e+01 8.528068251894876245e-03
3.288107261689430743e+03 1.234584271516961707e+01 8.466811363234225118e-03
3.288109576511570140e+03 1.235846053751043883e+01 8.554385857548594055e-03
3.288111891334175198e+03 1.237014217961899121e+01 8.633962381095939762e-03
3.288114206156315049e+03 1.233313782707668160e+01 8.345136500495616699e-03
3.288116520978919652e+03 1.237230676609414814e+01 8.633191397628720010e-03
3.288118835801059959e+03 1.237100166291699033e+01 8.609707079114447062e-03
3.288121150623665017e+03 1.235770932454688520e+01 8.502728006919549331e-03
3.288123465445804413e+03 1.235466044372478045e+01 8.467435568868293336e-03
3.288125780268409471e+03 1.236920842837767331e+01 8.566955035001624225e-03
3.288128095090549323e+03 1.235675168179947647e+01 8.458882884312018610e-03
3.288130409913154381e+03 1.237225229735208742e+01 8.574032248414988761e-03
3.288132724735293323e+03 1.237683556541291452e+01 8.603050737997868652e-03
3.288135039557433174e+03 1.234034472590402665e+01 8.313346564826771395e-03
3.288137354380038687e+03 1.238400416676005911e+01 8.638999003563853710e-03
3.288139669202177629e+03 1.232908526033376440e+01 8.203931602500692810e-03
3.288141984024783142e+03 1.235420320039629871e+01 8.384218354984413965e-03
3.288144298846922993e+03 1.235839414852478413e+01 8.412782432017465797e-03
3.288146613669528051e+03 1.235868220476007195e+01 8.400683546197352039e-03
3.288148928491666993e+03 1.237029769231792642e+01 8.476961295153167403e-03
3.288151243314272961e+03 1.234018874412392108e+01 8.246753669638432274e-03
3.288153558136412357e+03 1.237889338211058110e+01 8.528372120539974913e-03
3.288155872959017415e+03 1.236080171136686268e+01 8.390095705155817610e-03
3.288158187781156812e+03 1.237692646852605449e+01 8.507412012659162567e-03
3.288160502603762325e+03 1.235980322802043396e+01 8.363321448429489671e-03
3.288162817425901267e+03 1.244932034393815101e+01 9.072262022805770501e-03
3.288165132248041118e+03 1.236185194627454820e+01 8.364255395899957909e-03
3.288167447070646631e+03 1.236172643387480363e+01 8.354188816573923301e-03
3.288169761892786482e+03 1.235225583131361660e+01 8.276565912552004065e-03
3.288172076715391540e+03 1.234445098254240492e+01 8.211723386907556974e-03
3.288174391537530482e+03 1.237889194532254322e+01 8.461219757419209675e-03
3.288176706360135995e+03 1.239987508551802442e+01 8.617914708134690599e-03
3.288179021182275392e+03 1.235241243157937951e+01 8.252946308936422171e-03
3.288181336004880450e+03 1.237187593693969667e+01 8.386874870536820473e-03
3.288183650827019846e+03 1.237128480485407422e+01 8.376791145932264288e-03
3.288185965649160607e+03 1.234960278967428771e+01 8.208616102305086454e-03
3.288188280471765211e+03 1.238272349269710837e+01 8.454665444651933426e-03
3.288190595293904607e+03 1.236569609411493431e+01 8.319120218192983807e-03
3.288192910116510120e+03 1.236913254814630392e+01 8.340483530325083425e-03
3.288195224938649517e+03 1.237701534985640706e+01 8.396906218360738333e-03
3.288197539761254575e+03 1.237280665814865621e+01 8.357494719256605697e-03
3.288199854583394426e+03 1.239225162482045484e+01 8.501922240357734015e-03
3.288202169405999484e+03 1.236061424257244212e+01 8.259188351868763933e-03
3.288204484228138426e+03 1.234479694109318970e+01 8.139719198152269020e-03
3.288206799050277368e+03 1.235984462547832052e+01 8.247945829764751283e-03
3.288209113872882881e+03 1.237626748238129082e+01 8.370502477427252397e-03
3.288211428695022732e+03 1.235981380107096683e+01 8.241416775617136162e-03
3.288213743517627336e+03 1.235882976673513234e+01 8.238564404253983023e-03
3.288216058339768097e+03 1.237140572333550459e+01 8.322318885475042671e-03
3.288218373162373609e+03 1.232783855403682338e+01 7.998149676249153434e-03
3.288220687984512551e+03 1.238296066870726619e+01 8.411289744373051658e-03
3.288223002807117609e+03 1.235752218593075824e+01 8.215442278764308395e-03
3.288225317629257006e+03 1.235494402624029497e+01 8.191896608668104360e-03
3.288227632451396403e+03 1.235692727506471655e+01 8.210666173438865845e-03
3.288229947274001461e+03 1.234302016918057276e+01 8.103583171021871284e-03
3.288232262096141312e+03 1.233521667580151515e+01 8.044598603715560209e-03
3.288234576918746825e+03 1.236523290974965050e+01 8.267560879236362723e-03
3.288236891740886676e+03 1.235710195492582386e+01 8.208569258685974313e-03
3.288239206563490825e+03 1.235791209126728596e+01 8.212815692691052133e-03
3.288241521385631131e+03 1.234644091311480096e+01 8.123050046870744847e-03
3.288243836207770983e+03 1.237364916058702313e+01 8.323773428783744210e-03
3.288246151030375586e+03 1.238454178385177684e+01 8.400772052005336596e-03
3.288248465852514983e+03 1.234776984757498042e+01 8.126817200661827154e-03
3.288250780675120495e+03 1.235027770020804994e+01 8.140265463126161380e-03
3.288253095497259892e+03 1.233373992717818979e+01 8.021105274790395895e-03
3.288255410319399743e+03 1.234606847869905977e+01 8.102621564979392219e-03
3.288257725142005256e+03 1.235757906362868042e+01 8.189267020134586780e-03
3.288260039964144198e+03 1.235247016784502883e+01 8.146846053643562804e-03
3.288262354786749711e+03 1.233037752065105686e+01 7.979103247741226382e-03
3.288264669608888653e+03 1.236157727299396036e+01 8.210021487710484484e-03
3.288266984431028959e+03 1.235176232224251081e+01 8.130570039831010176e-03
3.288269299253634472e+03 1.236052843271955481e+01 8.196769136867758029e-03
3.288271614075773414e+03 1.234050399692910638e+01 8.047513652634950485e-03
3.288273928898378927e+03 1.231931499999373969e+01 7.884385854023359674e-03
3.288276243720518323e+03 1.234103417797231650e+01 8.040772110651841706e-03
3.288278558542658175e+03 1.232315952985212881e+01 7.899066375036824239e-03
3.288280873365262778e+03 1.234055165075678850e+01 8.030991352924957832e-03
3.288283188187403084e+03 1.234358487841619656e+01 8.047703748879770497e-03
3.288285503010008597e+03 1.235366384859135458e+01 8.114353803377133412e-03
3.288287817832147539e+03 1.232005393457348141e+01 7.863420352728602708e-03
3.288290132654286936e+03 1.232540920251304506e+01 7.902852663137713285e-03
3.288292447476892448e+03 1.232642432294211332e+01 7.906123816256150488e-03
3.288294762299031390e+03 1.230800702657810142e+01 7.766565675206903857e-03
3.288297077121171242e+03 1.232738212041274117e+01 7.901572582586892726e-03
3.288299391943776300e+03 1.231552539648878941e+01 7.813276593346190832e-03
3.288301706765916606e+03 1.234386514840292293e+01 8.011211584310180822e-03
3.288304021588521209e+03 1.232235598247927300e+01 7.850321157152730447e-03
3.288306336410661061e+03 1.234307853168053448e+01 7.996654517453606614e-03
3.288308651232800912e+03 1.231697157933136566e+01 7.801908641205467822e-03
3.288310966055405970e+03 1.230746234619747881e+01 7.724686407471408750e-03
3.288313280877544912e+03 1.234382204971754149e+01 7.987426172576922098e-03
3.288315595699685218e+03 1.234131504078093222e+01 7.956056213701847429e-03
3.288317910522290731e+03 1.232526042895609919e+01 7.838790278327940550e-03
3.288320225344429673e+03 1.234258913538412727e+01 7.953919220216760025e-03
3.288322540166568615e+03 1.234856870425398512e+01 7.989955544610240559e-03
3.288324854989174128e+03 1.233733220966430011e+01 7.898158367994801907e-03
3.288327169811313979e+03 1.232390739028602056e+01 7.799172468948438290e-03
3.288329484633452921e+03 1.230956865919491783e+01 7.687203963713916920e-03
3.288331799456058434e+03 1.231733345920973122e+01 7.736557593276866679e-03
3.288334114278198285e+03 1.233101378429969941e+01 7.825666926304493398e-03
3.288336429100337227e+03 1.235393698721003553e+01 7.980296829298252903e-03
3.288338743922941831e+03 1.231915858498874172e+01 7.727725940924879203e-03
3.288341058745082137e+03 1.230625999538513327e+01 7.634745016670834925e-03
3.288343373567221988e+03 1.231494093374860910e+01 7.680349315421892108e-03
3.288345688389826591e+03 1.233556816685353930e+01 7.820157126048304930e-03
3.288348003211966443e+03 1.232404965310410638e+01 7.735532769259026963e-03
3.288350318034106749e+03 1.231248003581555039e+01 7.643379559785361786e-03
3.288352632856710898e+03 1.233523196562381052e+01 7.797065344467016268e-03
3.288354947678850294e+03 1.231706228811564863e+01 7.658928743499104040e-03
3.288357262500990146e+03 1.232168531186232130e+01 7.680348336561767207e-03
3.288359577323595659e+03 1.236036501050491232e+01 7.947399745984115582e-03
3.288361892145735055e+03 1.233569016344627478e+01 7.763295550891375837e-03
3.288364206967874452e+03 1.231086942252721350e+01 7.579679511145304659e-03
3.288366521790480419e+03 1.233268642643967361e+01 7.719280822974058931e-03
3.288368836612619361e+03 1.231700919361312785e+01 7.607409148847198328e-03
3.288371151434758303e+03 1.234042424563864770e+01 7.764796496717044257e-03
3.288373466256898610e+03 1.232589765254810743e+01 7.648034550937884458e-03
3.288375781079504122e+03 1.233990456236603883e+01 7.739160325856548478e-03
3.288378095901643519e+03 1.234936945913847417e+01 7.794723122473464459e-03
3.288380410723782916e+03 1.232114631038832542e+01 7.590532777250104217e-03
3.288382725546388428e+03 1.232386643345541444e+01 7.602783128631205624e-03
3.288385040368527370e+03 1.231724219802961784e+01 7.541824857643064997e-03
3.288387355190666312e+03 1.234550872453233161e+01 7.730461267715002180e-03
3.288389670012807073e+03 1.235261335152783779e+01 7.776586069653898363e-03
3.288391984835412586e+03 1.235108475892656799e+01 7.755030901376539811e-03
3.288394299657551528e+03 1.232043506856928516e+01 7.525688536811104244e-03
3.288396614479690470e+03 1.232354733097508515e+01 7.544598623675654106e-03
3.288398929301829867e+03 1.233500168136903241e+01 7.610806079799899669e-03
3.288401244124435379e+03 1.232681888047232199e+01 7.541685715133882896e-03
3.288403558946574776e+03 1.234537886662398876e+01 7.664694156220504088e-03
3.288405873768715082e+03 1.236133901996170792e+01 7.768441018283822434e-03
3.288408188590854479e+03 1.236010935088282636e+01 7.755980255485452231e-03
3.288410503413459537e+03 1.235172316801753212e+01 7.686597051627656017e-03
3.288412818235598479e+03 1.233430745891971192e+01 7.556304182887716922e-03
3.288415133057737876e+03 1.235151697954653294e+01 7.666331238352625151e-03
3.288417447879878182e+03 1.232557237080677304e+01 7.481657623762775870e-03
3.288419762702017579e+03 1.236535268098998053e+01 7.746870830637931152e-03
3.288422077524623091e+03 1.235990888873588389e+01 7.704005849793752608e-03
3.288424392346762488e+03 1.235136495839451598e+01 7.632465343678535886e-03
3.288426707168901430e+03 1.232879136767732753e+01 7.469129474927375771e-03
3.288429021991041282e+03 1.230114663752248561e+01 7.273999078668786505e-03
3.288431336813647249e+03 1.234935785267187391e+01 7.593738846986111506e-03
3.288433651635787101e+03 1.235426477597560613e+01 7.618435699551550158e-03
3.288435966457926497e+03 1.234630503731614404e+01 7.560741371691276878e-03
3.288438281280065894e+03 1.232805358077710522e+01 7.432271276552132599e-03
3.288440596102205745e+03 1.234961026120242700e+01 7.569756814253876531e-03
3.288442910924810349e+03 1.233318647110522548e+01 7.447199838880570744e-03
3.288445225746949291e+03 1.232965447588974506e+01 7.414757783484392933e-03
3.288447540569090052e+03 1.234047298549201699e+01 7.483594014866637098e-03
3.288449855391229448e+03 1.236679385388872987e+01 7.662426353659966723e-03
3.288452170213368390e+03 1.235119699821836647e+01 7.545518882916811901e-03
3.288454485035508696e+03 1.234025583458040565e+01 7.464733788755779746e-03
3.288456799858114209e+03 1.235981554126238713e+01 7.592589890530964357e-03
3.288459114680253606e+03 1.234854549556972181e+01 7.507755751828785497e-03
3.288461429502392548e+03 1.235631838293984863e+01 7.558598328025798938e-03
3.288463744324531945e+03 1.236587875817290616e+01 7.616087637401096865e-03
3.288466059146671796e+03 1.235234830909259607e+01 7.519105574798365908e-03
3.288468373968811648e+03 1.236027852418463802e+01 7.568050481417140304e-03
3.288470688790950589e+03 1.236220912798576776e+01 7.573161813038396285e-03
3.288473003613556102e+03 1.237010482466800454e+01 7.627375024312241930e-03
3.288475318435695954e+03 1.237210958233654345e+01 7.627406563158080702e-03
3.288477633257834441e+03 1.238435520933695599e+01 7.710631594686262816e-03
3.288479948079973838e+03 1.235332409163618905e+01 7.492568350605606844e-03
3.288482262902114599e+03 1.237156936606101532e+01 7.615127416241584783e-03
3.288484577724253541e+03 1.237542737761064515e+01 7.639446804890027282e-03
3.288486892546392482e+03 1.236903608416062639e+01 7.586638079666017422e-03
3.288489207368531879e+03 1.235593502192603310e+01 7.499189214276504381e-03
3.288491522190672185e+03 1.237605961663257048e+01 7.629832202040338907e-03
3.288493837013276789e+03 1.236569155270781373e+01 7.554923915435518902e-03
3.288496151835417095e+03 1.234983300705692066e+01 7.442803962867351394e-03
3.288498466657556492e+03 1.234804537873900188e+01 7.436359786158497701e-03
3.288500781479695888e+03 1.238430208733248605e+01 7.679350072367861421e-03
3.288503096301834830e+03 1.238568925246683072e+01 7.683763319535638972e-03
3.288505411123975136e+03 1.235793701041722770e+01 7.492642162088611509e-03
3.288507725946114988e+03 1.238015166216235663e+01 7.640616646272327568e-03
3.288510040768253930e+03 1.236180408217020776e+01 7.513838796209338158e-03
3.288512355590393781e+03 1.237887721709677358e+01 7.636511241650855916e-03
3.288514670412533633e+03 1.235610243768960537e+01 7.474850686226751535e-03
3.288516985234673029e+03 1.237022450763377535e+01 7.568219981387945897e-03
3.288519300056811971e+03 1.238599147054019234e+01 7.676700057811531447e-03
3.288521614878951823e+03 1.235321299117846294e+01 7.448922403541554521e-03
3.288523929701091220e+03 1.236820873692010281e+01 7.545218448668683173e-03
3.288526244523231071e+03 1.235589072848303083e+01 7.460806198539206291e-03
3.288528559345370468e+03 1.238400732632858414e+01 7.650212419896845577e-03
3.288530874167510319e+03 1.235717620095393876e+01 7.467297768572761334e-03
3.288533188990115377e+03 1.236604413095314747e+01 7.523125716208121753e-03
3.288535503812254319e+03 1.235706746622270735e+01 7.459904894669041817e-03
3.288537818634394625e+03 1.238085878947501328e+01 7.623582876170613767e-03
3.288540133456534477e+03 1.235118786233206656e+01 7.418167059934344630e-03
3.288542448278673419e+03 1.235142137460215395e+01 7.422607951022932617e-03
3.288544763100811906e+03 1.237991086692482590e+01 7.612862285688460490e-03
3.288547077922951758e+03 1.237134528822043222e+01 7.555405594208824786e-03
3.288549392745092064e+03 1.236790522446824880e+01 7.526239377872907116e-03
3.288551707566765799e+03 1.238389245283105389e+01 7.634958645378767637e-03
3.288554022388904741e+03 1.236237457858456956e+01 7.482693485594344579e-03
3.288556337211045502e+03 1.237243994846571660e+01 7.556903651602226400e-03
3.288558652033184444e+03 1.237862363414333799e+01 7.597373261648966529e-03
3.288560966855323386e+03 1.235941669697215595e+01 7.463550639571541780e-03
3.288563281677463237e+03 1.236997019085658067e+01 7.532787000552878046e-03
3.288565596499603544e+03 1.235656918541936200e+01 7.439232102382759004e-03
3.288567911321742486e+03 1.235233023595543500e+01 7.415653324857701852e-03
3.288570226143882792e+03 1.236436935604040954e+01 7.487657802153332466e-03
3.288572540966022643e+03 1.236094999970337760e+01 7.468056824675175197e-03
3.288574855788162040e+03 1.235517871297816761e+01 7.431994213922485555e-03
3.288577170610300982e+03 1.238364146415527856e+01 7.620770011596273222e-03
3.288579485432440833e+03 1.236832288723890905e+01 7.513979276929114680e-03
3.288581800254580230e+03 1.237014266309365418e+01 7.521679105093040905e-03
3.288584115076720082e+03 1.237830854124090330e+01 7.577196006797513525e-03
3.288586429898859478e+03 1.236349905589461073e+01 7.476711431550812047e-03
3.288588744720999330e+03 1.236806181201682975e+01 7.501080830225044342e-03
3.288591059542673520e+03 1.236660103830877055e+01 7.489526717133429719e-03
3.288593374364812462e+03 1.236929946951421400e+01 7.502734004527890702e-03
3.288595689186951859e+03 1.237809162521274331e+01 7.560488845254523249e-03
3.288598004009092165e+03 1.237442328569480310e+01 7.536633560861591592e-03
3.288600318831231561e+03 1.236910619297643343e+01 7.500695298632115496e-03
3.288602633653370958e+03 1.237744075097222130e+01 7.552118662998543244e-03
3.288604948475510355e+03 1.237157416023524803e+01 7.507396057807837024e-03
3.288607263297650206e+03 1.238379236999925048e+01 7.595174269922939578e-03
3.288609578119323487e+03 1.235352480458134927e+01 7.383315437663615956e-03
3.288611892941462884e+03 1.235957845990391135e+01 7.424630049759485366e-03
3.288614207763603190e+03 1.237758741678325336e+01 7.550083635849617718e-03
3.288616522585742132e+03 1.235076718491194470e+01 7.356505793564166798e-03
3.288618837407881529e+03 1.237691707444406930e+01 7.534310749703908121e-03
3.288621152230020925e+03 1.235895852603937861e+01 7.405975351608529156e-03
3.288623467051695570e+03 1.239833029378883289e+01 7.677828982264657022e-03
3.288625781873834512e+03 1.235250242868413295e+01 7.357023675546842285e-03
3.288628096695973909e+03 1.240161480808277261e+01 7.687628522576244600e-03
3.288630411518113760e+03 1.237886373490659331e+01 7.527581297118698771e-03
3.288632726340253612e+03 1.236893095643085871e+01 7.453732503933137646e-03
3.288635041161926438e+03 1.235690877611857275e+01 7.372057011428956308e-03
3.288637355984066289e+03 1.236705020975341718e+01 7.434884900766928172e-03
3.288639670806206595e+03 1.235618036317539747e+01 7.360937750457522202e-03
3.288641985628345537e+03 1.235386826109824554e+01 7.348862588580469361e-03
3.288644300450484934e+03 1.236558031299660598e+01 7.420004947712116258e-03
3.288646615272159579e+03 1.236726274775520196e+01 7.424362049821917747e-03
3.288648930094298976e+03 1.234838325048297136e+01 7.298937322503562183e-03
3.288651244916437918e+03 1.238578223819774848e+01 7.543706677468747616e-03
3.288653559738578224e+03 1.236812239139658409e+01 7.420115596214540109e-03
3.288655874560251959e+03 1.239436158745671435e+01 7.597439854514209494e-03
3.288658189382390901e+03 1.235756497673751930e+01 7.349086882003119311e-03
3.288660504204531208e+03 1.236755341004399078e+01 7.404842395972130974e-03
3.288662819026671059e+03 1.236774834881657625e+01 7.404143729023281162e-03
3.288665133848344340e+03 1.234436225220006023e+01 7.244460471849263963e-03
3.288667448670483282e+03 1.237216723895558523e+01 7.425511938069003642e-03
3.288669763492623588e+03 1.236131603569707238e+01 7.355319591547469782e-03
3.288672078314297323e+03 1.234489616159590497e+01 7.234158858099916725e-03
3.288674393136436265e+03 1.236406761774989072e+01 7.356016635320997143e-03
3.288676707958577026e+03 1.236258183348916972e+01 7.339464226494023594e-03
3.288679022780250307e+03 1.236732402602029524e+01 7.367759100538337838e-03
3.288681337602390158e+03 1.236447000070128155e+01 7.343474949390043152e-03
3.288683652424528191e+03 1.233923368539282706e+01 7.171799598536659007e-03
3.288685967246202836e+03 1.234406838441002208e+01 7.205609603563232352e-03
3.288688282068342232e+03 1.237269161470338652e+01 7.377458155227783684e-03
3.288690596890482084e+03 1.236801394833314838e+01 7.343322457386148271e-03
3.288692911712155365e+03 1.235819472026032173e+01 7.272565310316999460e-03
3.288695226534295216e+03 1.236531661055503406e+01 7.311111536813613004e-03
3.288697541356435522e+03 1.237065568776559843e+01 7.339328896131662797e-03
3.288699856178108348e+03 1.235947693701140260e+01 7.258411238452137579e-03
3.288702171000248654e+03 1.233887908479762174e+01 7.112281993293719656e-03
3.288704485822388506e+03 1.234468477242907980e+01 7.145739582281923109e-03
3.288706800644062696e+03 1.237494239625649861e+01 7.340476642755324084e-03
3.288709115466201638e+03 1.235561234519378715e+01 7.202935401043606897e-03
3.288711430287875828e+03 1.235954461994430353e+01 7.221362117533371323e-03
3.288713745110015225e+03 1.238230405666194756e+01 7.361845944942615148e-03
3.288716059932155076e+03 1.237415574336531066e+01 7.305195908621814511e-03
3.288718374753829266e+03 1.235001665185765951e+01 7.137210486616972147e-03
3.288720689575969118e+03 1.236852994382175552e+01 7.254769752512628053e-03
3.288723004397642399e+03 1.236519882045640095e+01 7.227708113412896485e-03
3.288725319219781341e+03 1.235817108709942680e+01 7.170785074365389547e-03
3.288727634041455985e+03 1.235290194491450499e+01 7.132559447750765405e-03
3.288729948863595382e+03 1.236872710465294567e+01 7.235623607785762745e-03
3.288732263685734324e+03 1.238024582611670610e+01 7.296630434620436124e-03
3.288734578507408969e+03 1.234496234249544777e+01 7.057450435653691775e-03
3.288736893329548366e+03 1.235581902304256374e+01 7.131707325974462851e-03
3.288739208151222556e+03 1.236304268828482122e+01 7.161473739883838889e-03
3.288741522973361498e+03 1.237296350218948326e+01 7.227811437591633720e-03
3.288743837795036143e+03 1.236874006289888683e+01 7.189924474031433345e-03
3.288746152617175539e+03 1.235079535461367328e+01 7.063961808594984050e-03
3.288748467438848820e+03 1.231974461041479607e+01 6.865361971789499078e-03
3.288750782260989126e+03 1.234734822983663527e+01 7.036095278929113336e-03
3.288753097082662407e+03 1.233252544745985624e+01 6.928493594469680925e-03
3.288755411904801804e+03 1.236677034401257558e+01 7.147371639200966915e-03
3.288757726726475539e+03 1.235682020446245666e+01 7.080961609466226818e-03
3.288760041548614936e+03 1.234647776758114546e+01 7.015361332590400005e-03
3.288762356370289581e+03 1.235087023542665463e+01 7.031523289762125345e-03
3.288764671191962407e+03 1.236358423327147982e+01 7.104531659379844863e-03
3.288766986014102258e+03 1.235293510024402508e+01 7.034012158418989809e-03
3.288769300835776448e+03 1.236347182923985955e+01 7.090427089564633328e-03
3.288771615657915845e+03 1.235530482384418605e+01 7.039862542258880189e-03
3.288773930479589581e+03 1.235041510713665325e+01 7.000427653186654109e-03
3.288776245301729432e+03 1.234793216729013565e+01 6.978049978952321174e-03
3.288778560123403622e+03 1.236315769147065780e+01 7.063093185246343761e-03
3.288780874945076903e+03 1.234705586021259549e+01 6.955629397646762371e-03
3.288783189767216754e+03 1.234507477916953810e+01 6.940856583717038703e-03
3.288785504588890490e+03 1.235436150376922093e+01 6.993546491108743740e-03
3.288787819411030796e+03 1.234046586088059350e+01 6.896168335001695050e-03
3.288790134232704077e+03 1.234556273349959099e+01 6.925737090190323478e-03
3.288792449054378267e+03 1.233438547440974808e+01 6.844810599627227862e-03
3.288794763876518118e+03 1.237275312907003588e+01 7.077657872308482610e-03
3.288797078698191399e+03 1.235514410048452660e+01 6.957481003545195990e-03
3.288799393519865134e+03 1.236113747225808979e+01 6.992609037806940195e-03
3.288801708342004986e+03 1.237125405583212157e+01 7.046837475986318308e-03
3.288804023163679176e+03 1.235309568337670783e+01 6.928185119945961049e-03
3.288806337985352457e+03 1.235782026631968122e+01 6.953194322619505978e-03
3.288808652807491853e+03 1.234631259212716614e+01 6.869284172603729727e-03
3.288810967629166498e+03 1.235256041307683184e+01 6.899768620550599321e-03
3.288813282450840234e+03 1.235855803219536497e+01 6.929092973216437537e-03
3.288815597272979630e+03 1.236089962678805598e+01 6.941368500025761959e-03
3.288817912094652911e+03 1.234014530770684637e+01 6.806310421807461666e-03
3.288820226916327556e+03 1.236116799669256316e+01 6.920852097417599068e-03
3.288822541738466498e+03 1.233551193106984378e+01 6.760309516508846046e-03
3.288824856560140688e+03 1.234452668316331625e+01 6.812055200606764727e-03
3.288827171381814424e+03 1.235906746403291656e+01 6.893806182753442306e-03
3.288829486203488614e+03 1.235440709161352757e+01 6.865750349654226904e-03
3.288831801025627556e+03 1.235293038199973914e+01 6.845090415318104415e-03
3.288834115847302201e+03 1.236303304120180790e+01 6.900194001811427863e-03
3.288836430668976391e+03 1.235445450682261992e+01 6.835581506096211242e-03
3.288838745490650126e+03 1.235861313664541861e+01 6.859812035277352074e-03
3.288841060312789523e+03 1.236544104862133153e+01 6.899190598185461591e-03
3.288843375134462804e+03 1.235040334972604370e+01 6.798216935960471607e-03
3.288845689956137448e+03 1.235402630012085012e+01 6.814858519167877986e-03
3.288848004777811184e+03 1.235179879425783334e+01 6.791168870687486724e-03
3.288850319599484919e+03 1.237693189186885689e+01 6.948848538750611488e-03
3.288852634421625226e+03 1.235399629612916073e+01 6.796764863921955085e-03
3.288854949243298506e+03 1.234627575395649401e+01 6.749711125559360037e-03
3.288857264064971787e+03 1.233970782859115367e+01 6.701840643189528254e-03
3.288859578886646432e+03 1.237890142659493442e+01 6.933535094094371402e-03
3.288861893708320622e+03 1.234480327879572492e+01 6.722188987339828420e-03
3.288864208529993903e+03 1.236674859633240509e+01 6.854946461373362908e-03
3.288866523352134209e+03 1.235554325218007676e+01 6.775357568685591754e-03
3.288868838173807944e+03 1.236661527521006576e+01 6.844120433812012766e-03
3.288871152995481680e+03 1.234017594847057708e+01 6.672082319983161681e-03
3.288873467817154960e+03 1.233374626053074508e+01 6.626821324311704849e-03
3.288875782638829151e+03 1.234954197684396959e+01 6.720964895197347085e-03
3.288878097460503341e+03 1.236721223517516677e+01 6.825567623876760415e-03
3.288880412282177076e+03 1.235581726028995853e+01 6.748682671421132873e-03
3.288882727103850812e+03 1.233518083384329778e+01 6.619665300132983841e-03
3.288885041925991118e+03 1.233891315244874143e+01 6.639766860478588627e-03
3.288887356747664398e+03 1.235114660457940161e+01 6.706609389192232790e-03
3.288889671569337679e+03 1.235445876578012836e+01 6.723034767113579384e-03
3.288891986391011415e+03 1.237099289974766947e+01 6.823573256419855279e-03
3.288894301212686059e+03 1.235911671338736006e+01 6.745980214316507628e-03
3.288896616034359795e+03 1.234674454533503329e+01 6.665063589941883256e-03
3.288898930856033985e+03 1.234711477526631285e+01 6.666292254816315495e-03
3.288901245677707266e+03 1.233729836220918052e+01 6.598723733568255534e-03
3.288903560499381456e+03 1.237810551394274583e+01 6.855902529400895173e-03
3.288905875321054737e+03 1.234996134613207630e+01 6.669315641837897379e-03
3.288908190142728927e+03 1.234303369034778797e+01 6.638067008577381960e-03
3.288910504964403572e+03 1.234873186577447512e+01 6.656410283204239331e-03
3.288912819786076398e+03 1.237984425125291921e+01 6.842620894650645012e-03
3.288915134607750588e+03 1.235453618036299694e+01 6.685903242480347418e-03
3.288917449429423868e+03 1.235960543889915897e+01 6.720228138409956205e-03
3.288919764251098513e+03 1.235413766176586492e+01 6.683728345758833782e-03
3.288922079072772249e+03 1.238256967377200368e+01 6.852755691545268403e-03
3.288924393894446439e+03 1.238012476569432607e+01 6.838152976149407085e-03
3.288926708716120629e+03 1.235536970558986347e+01 6.684876885397505498e-03
3.288929023537793910e+03 1.237684397694665961e+01 6.816194188280721988e-03
3.288931338359467645e+03 1.234620156355648035e+01 6.622474296803510310e-03
3.288933653181141381e+03 1.232446375787202442e+01 6.495625805317132954e-03
3.288935968002349910e+03 1.237094348738437155e+01 6.765888167471470135e-03
3.288938282824023190e+03 1.233112847754907193e+01 6.526899591638156937e-03
3.288940597645697835e+03 1.233737520692649170e+01 6.566035312105308192e-03
3.288942912467372025e+03 1.237350125683895641e+01 6.780241400612685605e-03
3.288945227289045306e+03 1.236017798013267921e+01 6.692856201339270408e-03
3.288947542110719496e+03 1.237115021332309794e+01 6.762644795201557327e-03
3.288949856932393232e+03 1.234242012563823465e+01 6.588693614918284328e-03
3.288952171754067876e+03 1.236047975298835588e+01 6.694034315292106407e-03
3.288954486575741612e+03 1.235956180775101565e+01 6.689697153346145335e-03
3.288956801396950141e+03 1.234823458046639999e+01 6.619786892778412729e-03
3.288959116218624331e+03 1.234447458786334195e+01 6.601159528935604190e-03
3.288961431040297612e+03 1.234702612517481768e+01 6.614518014624155839e-03
3.288963745861970892e+03 1.234706916907100194e+01 6.611957591282194117e-03
3.288966060683645082e+03 1.235219291489177706e+01 6.641361358329216265e-03
3.288968375504853611e+03 1.239983067081159795e+01 6.933168290316647428e-03
3.288970690326526892e+03 1.237079457153047812e+01 6.757340663282954303e-03
3.288973005148201537e+03 1.235800372731725005e+01 6.671698851358741529e-03
3.288975319969875272e+03 1.238137213471903841e+01 6.812666689544402687e-03
3.288977634791549008e+03 1.234116500638252312e+01 6.564757265557234246e-03
3.288979949612757082e+03 1.236186231742480146e+01 6.694190509321290040e-03
3.288982264434430817e+03 1.234131623403948730e+01 6.572912673424228906e-03
3.288984579256105462e+03 1.235429714000529344e+01 6.644177819779909129e-03
3.288986894077778743e+03 1.235867018628815828e+01 6.669612923768567826e-03
3.288989208898986362e+03 1.234715263687827047e+01 6.599782537931235364e-03
3.288991523720661007e+03 1.238021650054280443e+01 6.810554171212071344e-03
3.288993838542334743e+03 1.235949681185042337e+01 6.675432164434516591e-03
3.288996153363542362e+03 1.234183033506605831e+01 6.568471930556667518e-03
3.288998468185217007e+03 1.235365087242313109e+01 6.635901007554905091e-03
3.289000783006891652e+03 1.234700116678586745e+01 6.595061419356003200e-03
3.289003097828564478e+03 1.235050075459466612e+01 6.614815041906563740e-03
3.289005412649772552e+03 1.236610443099766954e+01 6.705895552369114769e-03
3.289007727471446742e+03 1.234664504594682199e+01 6.586189707963846507e-03
3.289010042293120932e+03 1.233810769214966996e+01 6.538379190781095328e-03
3.289012357114329006e+03 1.236684750886780648e+01 6.714219720650527537e-03
3.289014671936002742e+03 1.235333524113807613e+01 6.623455294671111611e-03
3.289016986757211271e+03 1.236257171092191065e+01 6.681097937986024346e-03
3.289019301578885006e+03 1.235570546845610806e+01 6.640806963740451124e-03
3.289021616400558287e+03 1.233660793210769846e+01 6.523602101695245847e-03
3.289023931221766816e+03 1.236439320246894447e+01 6.691851700350036174e-03
3.289026246043441006e+03 1.235376416705646996e+01 6.623745961041063897e-03
3.289028560865114741e+03 1.238509149142497989e+01 6.813296190663110236e-03
3.289030875686323270e+03 1.236086228212973381e+01 6.670076972728145905e-03
3.289033190507997006e+03 1.234236511452462182e+01 6.559540171685153062e-03
3.289035505329670286e+03 1.235871235366358079e+01 6.648877123485686172e-03
3.289037820150878360e+03 1.235557265484593970e+01 6.632123952947211777e-03
3.289040134972553005e+03 1.234682753107857422e+01 6.576502880878981432e-03
3.289042449793761534e+03 1.234167637239869642e+01 6.540285650943599219e-03
3.289044764615434360e+03 1.236907197248434542e+01 6.714076071825508460e-03
3.289047079436642889e+03 1.235496926793024741e+01 6.630719074306164716e-03
3.289049394258317534e+03 1.236549091147224289e+01 6.686671148950364997e-03
3.289051709079525608e+03 1.237881361952115000e+01 6.762883600776380816e-03
3.289054023901198434e+03 1.232568908623064274e+01 6.447776023386211919e-03
3.289056338722407418e+03 1.235521393873397145e+01 6.617142836412849040e-03
3.289058653544081608e+03 1.236374203938846428e+01 6.662705642248391291e-03
3.289060968365289227e+03 1.236337557719342861e+01 6.659877255050224674e-03
3.289063283186962963e+03 1.235315305269854491e+01 6.597253352792036875e-03
3.289065598008171946e+03 1.236162984223332906e+01 6.659519022567446205e-03
3.289067912829846591e+03 1.232771339542193978e+01 6.444811525372040953e-03
3.289070227651053756e+03 1.236652765769562379e+01 6.671672556143810710e-03
3.289072542472727946e+03 1.236220540206915430e+01 6.639595247088362663e-03
3.289074857293936475e+03 1.233718217070895662e+01 6.491897814321232786e-03
3.289077172115144549e+03 1.234007556085246016e+01 6.503456447707873719e-03
3.289079486936817830e+03 1.235702422193557837e+01 6.602876368554199023e-03
3.289081801758026359e+03 1.236265156077162253e+01 6.628112849254778720e-03
3.289084116579701004e+03 1.236479961501518510e+01 6.641146803208978176e-03
3.289086431400908623e+03 1.233977382685369228e+01 6.483339179185134034e-03
3.289088746222117152e+03 1.236239761688070260e+01 6.620963710893076719e-03
3.289091061043791342e+03 1.236494565731148043e+01 6.633177911305354613e-03
3.289093375864998961e+03 1.235326046143316070e+01 6.548166104044734863e-03
3.289095690686206581e+03 1.236243515057993925e+01 6.605627261059203968e-03
3.289098005507880771e+03 1.236212996953775090e+01 6.599654053347388943e-03
3.289100320329089300e+03 1.237942690748385566e+01 6.694733633364521007e-03
3.289102635150296919e+03 1.236581661554190781e+01 6.611904065992038268e-03
3.289104949971971564e+03 1.235838098889709080e+01 6.564293150158983896e-03
3.289107264793180093e+03 1.233098065926487052e+01 6.395465919616225535e-03
3.289109579614387258e+03 1.236336946310883178e+01 6.579792072676482993e-03
3.289111894436061448e+03 1.237233427646116724e+01 6.632862676308399694e-03
3.289114209257269977e+03 1.236432342182219379e+01 6.570805636976196490e-03
3.289116524078478506e+03 1.236275837275127465e+01 6.559140475971646407e-03
3.289118838899686580e+03 1.235266632735517867e+01 6.493515618861783918e-03
3.289121153721359860e+03 1.235392371178447135e+01 6.493964159112518807e-03
3.289123468542568389e+03 1.235958238193594205e+01 6.523045265664244828e-03
3.289125783363776463e+03 1.234409705332297058e+01 6.423058865177306252e-03
3.289128098184984538e+03 1.236197168366332377e+01 6.520870145912825884e-03
3.289130413006193066e+03 1.235279722026209548e+01 6.468285706603349450e-03
3.289132727827867711e+03 1.234912922007137404e+01 6.439489721073661348e-03
3.289135042649074876e+03 1.234746924472200469e+01 6.412501066735509618e-03
3.289137357470282950e+03 1.235796071250348760e+01 6.475776469923519296e-03
3.289139672291491479e+03 1.235880206722455554e+01 6.474983227372903619e-03
3.289141987112700008e+03 1.235120971698964354e+01 6.419608500685661592e-03
3.289144301933908082e+03 1.234429140051867080e+01 6.371665075270566136e-03
3.289146616755581817e+03 1.235844817358737657e+01 6.452300083180215542e-03
3.289148931576790346e+03 1.233011847448470810e+01 6.283080336232560806e-03
3.289151246397998420e+03 1.235281963176699627e+01 6.406425622270300706e-03
3.289153561219206495e+03 1.235607896447120879e+01 6.416005078505691329e-03
3.289155876040415023e+03 1.237885827877084566e+01 6.548956004737825458e-03
3.289158190861623552e+03 1.234568602558373840e+01 6.348875331877988117e-03
3.289160505682831172e+03 1.234032042813509200e+01 6.308451667295902204e-03
3.289162820504038791e+03 1.235779871672313135e+01 6.410314126065930554e-03
3.289165135325247320e+03 1.234181490841896967e+01 6.309689377234048956e-03
3.289167450146455394e+03 1.233202371296955491e+01 6.244323666885207187e-03
3.289169764968129584e+03 1.234857841759628982e+01 6.334304752218724612e-03
3.289172079789338113e+03 1.236411075981165908e+01 6.428833126436381447e-03
3.289174394610547097e+03 1.236080368147620767e+01 6.399732228893780656e-03
3.289176709431754716e+03 1.235552391282087115e+01 6.359589096612005416e-03
3.289179024252963245e+03 1.233903444968623297e+01 6.266307074376743086e-03
3.289181339074171774e+03 1.234573662206809352e+01 6.292344575346629776e-03
3.289183653895379393e+03 1.234424049225172304e+01 6.278975277360576354e-03
3.289185968716587467e+03 1.233137765467884783e+01 6.207736500934589972e-03
3.289188283537795996e+03 1.236084774762078808e+01 6.377518222902734020e-03
3.289190598359004525e+03 1.235797991073142654e+01 6.354151961917894019e-03
3.289192913179746483e+03 1.234206133222733115e+01 6.259847294149767719e-03
3.289195228000955467e+03 1.235171184720143245e+01 6.316228987140495334e-03
3.289197542822163996e+03 1.235823943091958732e+01 6.340720690166658409e-03
3.289199857643371615e+03 1.232119762538587793e+01 6.131821440008005698e-03
3.289202172464579689e+03 1.233000508297164011e+01 6.181167773510337811e-03
3.289204487285787764e+03 1.232987294549915092e+01 6.177521289222304146e-03
3.289206802106996292e+03 1.234546518546900096e+01 6.259706998436147425e-03
3.289209116928204367e+03 1.234629400136572031e+01 6.265094867495070267e-03
3.289211431749412441e+03 1.233436031229502028e+01 6.197052710072447658e-03
3.289213746570620970e+03 1.231079637354087453e+01 6.063968818966608380e-03
3.289216061391829498e+03 1.234213089388085294e+01 6.242265962097991866e-03
3.289218376212571457e+03 1.235118949665494981e+01 6.285574529836681842e-03
3.289220691033779985e+03 1.235163034390700787e+01 6.289636447264128870e-03
3.289223005854988514e+03 1.234415388171450978e+01 6.245265791641506532e-03
3.289225320676196588e+03 1.234294510018942148e+01 6.232438272704955706e-03
3.289227635497403753e+03 1.235575621080988284e+01 6.310090950605785030e-03
3.289229950318147075e+03 1.236647797119055880e+01 6.366283013063759634e-03
3.289232265139355604e+03 1.233633962990496968e+01 6.197943567367083031e-03
3.289234579960562769e+03 1.235027221986755386e+01 6.277655948452866633e-03
3.289236894781771298e+03 1.234245398429751539e+01 6.229537781418736410e-03
3.289239209602979827e+03 1.231138809405300449e+01 6.058042648891389867e-03
3.289241524423722694e+03 1.232820042696848795e+01 6.151722335143154641e-03
3.289243839244929859e+03 1.235779533696390331e+01 6.311501949232961942e-03
3.289246154066138388e+03 1.234085762436640366e+01 6.221287951272609987e-03
3.289248468887346917e+03 1.233985121299075871e+01 6.211300578232693825e-03
3.289250783708089330e+03 1.236961888501402385e+01 6.378082909031284470e-03
3.289253098529297858e+03 1.233528998579919467e+01 6.184953183641248020e-03
3.289255413350506387e+03 1.234681620727127260e+01 6.249067456754089922e-03
3.289257728171248345e+03 1.233768815093163695e+01 6.198241603341632898e-03
3.289260042992456420e+03 1.234126986861120834e+01 6.216338244489321221e-03
3.289262357813664948e+03 1.235996757957573422e+01 6.326892265365044801e-03
3.289264672634407361e+03 1.236384397482479613e+01 6.350354422033600670e-03
3.289266987455615435e+03 1.232688318166600716e+01 6.136298041611793104e-03
3.289269302276824419e+03 1.236249000815773869e+01 6.332231289833493808e-03
3.289271617097566832e+03 1.234610155542552867e+01 6.242964171142861320e-03
3.289273931918774906e+03 1.235008963243029712e+01 6.261928643480860548e-03
3.289276246739982980e+03 1.235876407632333596e+01 6.313563576796173658e-03
3.289278561560725848e+03 1.235719138834661734e+01 6.305755407781965007e-03
3.289280876381934377e+03 1.235675697992370914e+01 6.298817904449269776e-03
3.289283191202676790e+03 1.237213192124438166e+01 6.392266573174603880e-03
3.289285506023884864e+03 1.235065197539296733e+01 6.264964526666669947e-03
3.289287820844628186e+03 1.235415301703473290e+01 6.286160021113249008e-03
3.289290135665836715e+03 1.235881503783224034e+01 6.313845380683956801e-03
3.289292450486578673e+03 1.235717465548696303e+01 6.295024641620627047e-03
3.289294765307787202e+03 1.236201137786444448e+01 6.323128868560516820e-03
3.289297080128995276e+03 1.236498730210947805e+01 6.341228692136036821e-03
3.289299394949737689e+03 1.234023061420742984e+01 6.203666299140504076e-03
3.289301709770944854e+03 1.233629332301412873e+01 6.179220163801749099e-03
3.289304024591688176e+03 1.235453956371421746e+01 6.279240698550685347e-03
3.289306339412896705e+03 1.236539607600551882e+01 6.340100040629836724e-03
3.289308654233638663e+03 1.236381752342029827e+01 6.328382083964257006e-03
3.289310969054381985e+03 1.234738875732086427e+01 6.237364746167565685e-03
3.289313283875590514e+03 1.235114941151839396e+01 6.255447681381492812e-03
3.289315598696332472e+03 1.236328815469079778e+01 6.316549820785666292e-03
3.289317913517540546e+03 1.236755736556465202e+01 6.337432983209848221e-03
3.289320228338282959e+03 1.236649645783517570e+01 6.333941998629016336e-03
3.289322543159491488e+03 1.234968425590599139e+01 6.233866888398786194e-03
3.289324857980233446e+03 1.235992031300575533e+01 6.289103650207144951e-03
3.289327172800976314e+03 1.234722818222994611e+01 6.212336940662884985e-03
3.289329487622184843e+03 1.237207929170920373e+01 6.352564349746970748e-03
3.289331802442927255e+03 1.236476013345437508e+01 6.304652683477374522e-03
3.289334117263669668e+03 1.236545852890105479e+01 6.308268483549867370e-03
3.289336432084877742e+03 1.234539034440576977e+01 6.197904699730897096e-03
3.289338746905621065e+03 1.235359578623054411e+01 6.235954252892281918e-03
3.289341061726363023e+03 1.234988668728110639e+01 6.204032883524881678e-03
3.289343376547572007e+03 1.237733158862833172e+01 6.366458632631187206e-03
3.289345691368314419e+03 1.237475083908676332e+01 6.352375346702206389e-03
3.289348006189056377e+03 1.234062393250023604e+01 6.154664931864923562e-03
3.289350321010264452e+03 1.236725790792315216e+01 6.293804411224798202e-03
3.289352635831006864e+03 1.238769738216872973e+01 6.406016422906721415e-03
3.289354950651750187e+03 1.236592347943958181e+01 6.283298404113689221e-03
3.289357265472492600e+03 1.235897950687713021e+01 6.234187566371072846e-03
3.289359580293700674e+03 1.234321903707642143e+01 6.142514618521178679e-03
3.289361895114443087e+03 1.237049587676160023e+01 6.289474144064745136e-03
3.289364209935185954e+03 1.237873993390616079e+01 6.339044602174166709e-03
3.289366524755927912e+03 1.235124356274618762e+01 6.179034583051922630e-03
3.289368839577136441e+03 1.236173447831993499e+01 6.230387907312739254e-03
3.289371154397878854e+03 1.236787396178615417e+01 6.265327208624552752e-03
3.289373469218621722e+03 1.235788700611892565e+01 6.206418136704890468e-03
3.289375784039363680e+03 1.233766575795015896e+01 6.080310390306581554e-03
3.289378098860107002e+03 1.237532559971781687e+01 6.292216977798133042e-03
3.289380413680849870e+03 1.237535896627723098e+01 6.297017055011941422e-03
3.289382728502057489e+03 1.238307050255153996e+01 6.329530722109403401e-03
3.289385043322800357e+03 1.236731630562716333e+01 6.236596843268166733e-03
3.289387358143543679e+03 1.239445070792661063e+01 6.392467735970404179e-03
3.289389672964285637e+03 1.235666018918190012e+01 6.170109860828427648e-03
3.289391987785028050e+03 1.235584484852672560e+01 6.155044216533795375e-03
3.289394302605770463e+03 1.237919455352532161e+01 6.285270706318485390e-03
3.289396617426513330e+03 1.236700987937092933e+01 6.211856778965913449e-03
3.289398932247255289e+03 1.237918443824274917e+01 6.288092433302383023e-03
3.289401247067999066e+03 1.238354334089285302e+01 6.295813447371306597e-03
3.289403561888741478e+03 1.236899973171754574e+01 6.215596882251243731e-03
3.289405876709483437e+03 1.237970325405066241e+01 6.265912615066676628e-03
3.289408191530225395e+03 1.238458268519117489e+01 6.287300567781452069e-03
3.289410506351433924e+03 1.238225162306261318e+01 6.271945131841648834e-03
3.289412821172177246e+03 1.237721956283321845e+01 6.253710705493594965e-03
3.289415135992919659e+03 1.237970553599155643e+01 6.250311051574774547e-03
3.289417450813196410e+03 1.239702992183137908e+01 6.351962283424002209e-03
3.289419765633939278e+03 1.237419477207555474e+01 6.216015988662668308e-03
3.289422080454681236e+03 1.238373518139015417e+01 6.263825353046839801e-03
3.289424395275424104e+03 1.237253701918703719e+01 6.197973462234804103e-03
3.289426710096166971e+03 1.236053966498338319e+01 6.123442484198189130e-03
3.289429024916909384e+03 1.238901967188100883e+01 6.280017457639116424e-03
3.289431339737651797e+03 1.237999220384531895e+01 6.232077655817002196e-03
3.289433654558393755e+03 1.239831971464770355e+01 6.329675147480715025e-03
3.289435969379137077e+03 1.238696393229933612e+01 6.251628164306801197e-03
3.289438284199879490e+03 1.238243080671443153e+01 6.230900813858374944e-03
3.289440599020621448e+03 1.238574939625893379e+01 6.252498275358922726e-03
3.289442913841363861e+03 1.237601883750913956e+01 6.183785594837850653e-03
3.289445228661641522e+03 1.238351621773002975e+01 6.226101463958743330e-03
3.289447543482383480e+03 1.239623102465108495e+01 6.301424327431040529e-03
3.289449858303125893e+03 1.238172278206607224e+01 6.208999600764891595e-03
3.289452173123869215e+03 1.237110883879664058e+01 6.150141740188843839e-03
3.289454487944611628e+03 1.237412113469569164e+01 6.158535059602927332e-03
3.289456802765354041e+03 1.238408211803161407e+01 6.217404782538813422e-03
3.289459117585631247e+03 1.239756241783613788e+01 6.289766890761995868e-03
3.289461432406374115e+03 1.238160179665905503e+01 6.194205973191990906e-03
3.289463747227116528e+03 1.239021558589747940e+01 6.243513833853199177e-03
3.289466062047858486e+03 1.239604485829752711e+01 6.268598025074268408e-03
3.289468376868135692e+03 1.238328798913703999e+01 6.197628508039267070e-03
3.289470691688878560e+03 1.236704422202732623e+01 6.103256728517552319e-03
3.289473006509620518e+03 1.237948014126271623e+01 6.172003996579358658e-03
3.289475321330362931e+03 1.237535568012997444e+01 6.145833050076114981e-03
3.289477636150641501e+03 1.237178849648401346e+01 6.118463799316347686e-03
3.289479950971383460e+03 1.239332338554379476e+01 6.244955565527290746e-03
3.289482265792125418e+03 1.237441359416638953e+01 6.137567933591742998e-03
3.289484580612403079e+03 1.236864804344141255e+01 6.096875993606472137e-03
3.289486895433145492e+03 1.238488084824771107e+01 6.190791546621282268e-03
3.289489210253887904e+03 1.238836965439543647e+01 6.203232150865717852e-03
3.289491525074165111e+03 1.238970299635402661e+01 6.214568319081725627e-03
3.289493839894907978e+03 1.237692025686468433e+01 6.139480118384439515e-03
3.289496154715649936e+03 1.239443671725996232e+01 6.242741313471533889e-03
3.289498469535926233e+03 1.241811390753880673e+01 6.370064158967040854e-03
3.289500784356670010e+03 1.239145829127094700e+01 6.218178047541947362e-03
3.289503099176946307e+03 1.238031551850190759e+01 6.151198546251273463e-03
3.289505413997689175e+03 1.237058080909797120e+01 6.100076146659505136e-03
3.289507728818430223e+03 1.238518793254782757e+01 6.175132344664038472e-03
3.289510043638707884e+03 1.240674367827710789e+01 6.297710356126503053e-03
3.289512358459450297e+03 1.239063137884777177e+01 6.203887382777735666e-03
3.289514673279727504e+03 1.240100881298260305e+01 6.259408191875864315e-03
3.289516988100469916e+03 1.238999850327053309e+01 6.197267145228476173e-03
3.289519302920747577e+03 1.237135357678985237e+01 6.089804101304804700e-03
3.289521617741489536e+03 1.238156011499436460e+01 6.152895495491901220e-03
3.289523932561765832e+03 1.239227487729317545e+01 6.215027359000336107e-03
3.289526247382509155e+03 1.238605674016806368e+01 6.171859485024507562e-03
3.289528562202785906e+03 1.240578467472773205e+01 6.277318385109809974e-03
3.289530877023528774e+03 1.240717990889156219e+01 6.293975671698378606e-03
3.289533191843805980e+03 1.238697357471510863e+01 6.172460906676058290e-03
3.289535506664082277e+03 1.237738466322641528e+01 6.114703088838153826e-03
3.289537821484825145e+03 1.239341517285902761e+01 6.209013431588656512e-03
3.289540136305101441e+03 1.240359077375404162e+01 6.262853259287425381e-03
3.289542451125843854e+03 1.239112034178243604e+01 6.198098294483827923e-03
3.289544765946121515e+03 1.238913830519734738e+01 6.180836029350079107e-03
3.289547080766397812e+03 1.239458905959369339e+01 6.211425428968201691e-03
3.289549395587141134e+03 1.238763885102822826e+01 6.168282047325996179e-03
3.289551710407417886e+03 1.237443905820272327e+01 6.096031629370548752e-03
3.289554025227694638e+03 1.236630448811961003e+01 6.045775411617920064e-03
3.289556340048437050e+03 1.239044510969876356e+01 6.178246160671961931e-03
3.289558654868714257e+03 1.237614920037866284e+01 6.105912091664060688e-03
3.289560969688991463e+03 1.236666219875895223e+01 6.050232960265571926e-03
3.289563284509733421e+03 1.238590800773195788e+01 6.163430594308886949e-03
3.289565599330011082e+03 1.237603325507627972e+01 6.103208023990986872e-03
3.289567914150287379e+03 1.237506663094466042e+01 6.094158560878689540e-03
3.289570228971029792e+03 1.238611913735284986e+01 6.152051894528593953e-03
3.289572543791307453e+03 1.235017325835180912e+01 5.956159196862571316e-03
3.289574858611584204e+03 1.239375837773510547e+01 6.188986623161293887e-03
3.289577173431861411e+03 1.236745648536438402e+01 6.052496008108544309e-03
3.289579488252603369e+03 1.236494966723546973e+01 6.033013978683277913e-03
3.289581803072880120e+03 1.238086075847244594e+01 6.118746013884334214e-03
3.289584117893156872e+03 1.238526909672798659e+01 6.142819831896789186e-03
3.289586432713434533e+03 1.236289541861884800e+01 6.015972969587475051e-03
3.289588747533710375e+03 1.237417763677037463e+01 6.079625806022355590e-03
3.289591062353988036e+03 1.237178705638802434e+01 6.074324284658497164e-03
3.289593377174730904e+03 1.235474365485487702e+01 5.976076926134813241e-03
3.289595691995007655e+03 1.238390921956178126e+01 6.130537250166340039e-03
3.289598006815283952e+03 1.235859507901679422e+01 5.993590709040481739e-03
3.289600321635561158e+03 1.237823614745400214e+01 6.098434527466636140e-03
3.289602636455838365e+03 1.238232163623046844e+01 6.120612707269972724e-03
3.289604951276115116e+03 1.237497095622046395e+01 6.073512905459657434e-03
3.289607266096391868e+03 1.238630018248772657e+01 6.138975156698730021e-03
3.289609580916669529e+03 1.235852190426936303e+01 5.980215878179667537e-03
3.289611895736945371e+03 1.236196381183323645e+01 6.003926192363799076e-03
3.289614210557222577e+03 1.237211366011232627e+01 6.049212053422011598e-03
3.289616525377499329e+03 1.234166759490144649e+01 5.889610379527127591e-03
3.289618840197776990e+03 1.235153594959790979e+01 5.936313732099694589e-03
3.289621155018518948e+03 1.238339302481368165e+01 6.116531645232544182e-03
3.289623469838796154e+03 1.236813560275788504e+01 6.025724454364321005e-03
3.289625784658607699e+03 1.237868033622821073e+01 6.086934279189657945e-03
3.289628099478884451e+03 1.239413554463649092e+01 6.168582991928597999e-03
3.289630414299160293e+03 1.237467644187334237e+01 6.062917187525964507e-03
3.289632729119437954e+03 1.237354692536586320e+01 6.050804825532734091e-03
3.289635043939715615e+03 1.237775470814614032e+01 6.076369375967100202e-03
3.289637358759991457e+03 1.238556452330620239e+01 6.116452796203849032e-03
3.289639673580269118e+03 1.238728858719093218e+01 6.127720057022085533e-03
3.289641988400545870e+03 1.236076729556349463e+01 5.977693074835823371e-03
3.289644303220822621e+03 1.235340359102570673e+01 5.934185949198417590e-03
3.289646618041098463e+03 1.236993483518197046e+01 6.034530779884902073e-03
3.289648932861376124e+03 1.236587381975294520e+01 5.993092067074238735e-03
3.289651247681652876e+03 1.236705780118628617e+01 6.003123007415627106e-03
3.289653562501463966e+03 1.235814077896881891e+01 5.948628781424446059e-03
3.289655877321740718e+03 1.236508614889851287e+01 5.991695792637698539e-03
3.289658192142017469e+03 1.235205255269415581e+01 5.919351206884680174e-03
3.289660506962295131e+03 1.236465638658604504e+01 5.993343114116396822e-03
3.289662821782571882e+03 1.239390706960613819e+01 6.144756765843783705e-03
3.289665136602849543e+03 1.237537463456382802e+01 6.036365406743939878e-03
3.289667451422661088e+03 1.235694733887075536e+01 5.940304876883146373e-03
3.289669766242937385e+03 1.234405378698304467e+01 5.868067017640405877e-03
3.289672081063214137e+03 1.235514837238314989e+01 5.919856056203292270e-03
3.289674395883490888e+03 1.236034360750043604e+01 5.955730885020348031e-03
3.289676710703302433e+03 1.234672833173280004e+01 5.875024739221138687e-03
3.289679025523579639e+03 1.235258816398410886e+01 5.900457974125489051e-03
3.289681340343855936e+03 1.236577290165925014e+01 5.974151956927227156e-03
3.289683655163667936e+03 1.237144434516920555e+01 6.003041760801528307e-03
3.289685969983944688e+03 1.236458656482788498e+01 5.959911776402261087e-03
3.289688284804220984e+03 1.237688872490698522e+01 6.027263286141416702e-03
3.289690599624497736e+03 1.234274288283937260e+01 5.838365961189147246e-03
3.289692914444309281e+03 1.235892079902922980e+01 5.935472695871802686e-03
3.289695229264586487e+03 1.236011150568094052e+01 5.935622234395553955e-03
3.289697544084398032e+03 1.238787316060852817e+01 6.088286397125291030e-03
3.289699858904675239e+03 1.236523687536094762e+01 5.958861991767725429e-03
3.289702173724951535e+03 1.234382184368356405e+01 5.838247707772965638e-03
3.289704488544762626e+03 1.233401786884755857e+01 5.788522889267744449e-03
3.289706803365039377e+03 1.235077475473540431e+01 5.873645189096932812e-03
3.289709118184850922e+03 1.232860893444686212e+01 5.765067206812789571e-03
3.289711433005127219e+03 1.234661116189353436e+01 5.849566351488359739e-03
3.289713747825404425e+03 1.238698569833858265e+01 6.067087913036012768e-03
3.289716062645215970e+03 1.236097746236533190e+01 5.920275359813642439e-03
3.289718377465492722e+03 1.233502846040140355e+01 5.779590199874361234e-03
3.289720692285303812e+03 1.234741185894161575e+01 5.844627921560577657e-03
3.289723007105581019e+03 1.236966338700103840e+01 5.965822850554911190e-03
3.289725321925392564e+03 1.236792186745920041e+01 5.951868205945896537e-03
3.289727636745668406e+03 1.236946415809419442e+01 5.957620417064627902e-03
3.289729951565479496e+03 1.235911781427468803e+01 5.901621452171396803e-03
3.289732266385291041e+03 1.235451463152369556e+01 5.878804119695406859e-03
3.289734581205568247e+03 1.234146205970032995e+01 5.806087940721839542e-03
3.289736896025378883e+03 1.232246217348451722e+01 5.707158296035738827e-03
3.289739210845656544e+03 1.235269721500680973e+01 5.865403004986932678e-03
3.289741525665468089e+03 1.234760227949850098e+01 5.837476081409443719e-03
3.289743840485744386e+03 1.235241983162833357e+01 5.865791847915585375e-03
3.289746155305555476e+03 1.231906489103844571e+01 5.690493656342779198e-03
3.289748470125367476e+03 1.234415246509153263e+01 5.811841985369406612e-03
3.289750784945644227e+03 1.234464686729811156e+01 5.814117049162353598e-03
3.289753099765455318e+03 1.232023368174685629e+01 5.693245934821981533e-03
3.289755414585266863e+03 1.234847717302075765e+01 5.834957696664266197e-03
3.289757729405544524e+03 1.233059617099661409e+01 5.735835414304911450e-03
3.289760044225355614e+03 1.233051966771078511e+01 5.744397677467405136e-03
3.289762359045165795e+03 1.232631338531549936e+01 5.712402350497163515e-03
3.289764673865443456e+03 1.234509058278510452e+01 5.818246316552451794e-03
3.289766988685255001e+03 1.233261564156226875e+01 5.745955696020228938e-03
3.289769303505065636e+03 1.234875156716246991e+01 5.832229499910563872e-03
3.289771618324876727e+03 1.235372748732680215e+01 5.854203706117323130e-03
3.289773933145154388e+03 1.233838042500143573e+01 5.771185005768289349e-03
3.289776247964965478e+03 1.231680370552140147e+01 5.657742117122261001e-03
3.289778562784776113e+03 1.234526964901396262e+01 5.804431918995465317e-03
3.289780877604586749e+03 1.234503241078907543e+01 5.800219063161920693e-03
3.289783192424398294e+03 1.234216989796070507e+01 5.780200085988351950e-03
3.289785507244675500e+03 1.233951622178314622e+01 5.771129365053053600e-03
3.289787822064487045e+03 1.234585092594338995e+01 5.801112846799066393e-03
3.289790136884298590e+03 1.233402833208707960e+01 5.732098739241672791e-03
3.289792451704109226e+03 1.233922318228064974e+01 5.758086057839693905e-03
3.289794766523919861e+03 1.234641444596348947e+01 5.793289754189579789e-03
3.289797081343731406e+03 1.233410064902978753e+01 5.729634686989801794e-03
3.289799396163542951e+03 1.233504390091786185e+01 5.733563060045559351e-03
3.289801710983354496e+03 1.231379296064896067e+01 5.614628426546293058e-03
3.289804025803630338e+03 1.232066072328661299e+01 5.652871511151165082e-03
3.289806340623441884e+03 1.233440930230834809e+01 5.719951392143368153e-03
3.289808655443253429e+03 1.232780797426676145e+01 5.681364393752281160e-03
3.289810970263064519e+03 1.234812998855992383e+01 5.779634979105565361e-03
3.289813285082876064e+03 1.233222603967800879e+01 5.702398601045171982e-03
3.289815599902687609e+03 1.232546177954537825e+01 5.658015536612676782e-03
3.289817914722498699e+03 1.233640593934772589e+01 5.713925812664410499e-03
3.289820229542309789e+03 1.232741737324432840e+01 5.664445471226706684e-03
3.289822544362120880e+03 1.236536701705699137e+01 5.861062020723323447e-03
3.289824859181932425e+03 1.234466665733311785e+01 5.746705417366020606e-03
3.289827174001743515e+03 1.234538211286529297e+01 5.746930999832970677e-03
3.289829488821555060e+03 1.232785189925190927e+01 5.653513475250913044e-03
3.289831803640900489e+03 1.235230626443652469e+01 5.773891308550779290e-03
3.289834118460711579e+03 1.231855080916138867e+01 5.604935731595525605e-03
3.289836433280522670e+03 1.234211718697269689e+01 5.717719962959688131e-03
3.289838748100335124e+03 1.232784932494403130e+01 5.636694544120017525e-03
3.289841062920146214e+03 1.235678553309026384e+01 5.788784432985480746e-03
3.289843377739956850e+03 1.232458894782582526e+01 5.620949147385284617e-03
3.289845692559768395e+03 1.235013015150783744e+01 5.756252000297126803e-03
3.289848007379579940e+03 1.236731283399352499e+01 5.835800742013467525e-03
3.289850322198925369e+03 1.234263983724685509e+01 5.712513598805635077e-03
3.289852637018736004e+03 1.235308957461650792e+01 5.759709874044346457e-03
3.289854951838547549e+03 1.233528305584785478e+01 5.665594430962072811e-03
3.289857266658359094e+03 1.235878235150298465e+01 5.789403279667194174e-03
3.289859581478169275e+03 1.233713725486670931e+01 5.670392793243707492e-03
3.289861896297516068e+03 1.232084208581658835e+01 5.586088800718630627e-03
3.289864211117327613e+03 1.236439394257777913e+01 5.800477224584744962e-03
3.289866525937138249e+03 1.235772030055421489e+01 5.773719246038935826e-03
3.289868840756948885e+03 1.235039908596069580e+01 5.732732388543881896e-03
3.289871155576294768e+03 1.235136046927268083e+01 5.730306365665327126e-03
3.289873470396106313e+03 1.234883660485962231e+01 5.714156783224914361e-03
3.289875785215916949e+03 1.232363206159947211e+01 5.586153786313941862e-03
3.289878100035728494e+03 1.233512413854676915e+01 5.641412908146343878e-03
3.289880414855073923e+03 1.236955581088476919e+01 5.820869760312524961e-03
3.289882729674885468e+03 1.234494867403931728e+01 5.693533225445554340e-03
3.289885044494230442e+03 1.235095902010496438e+01 5.721008037483926202e-03
3.289887359314042442e+03 1.235837484812365616e+01 5.755003491037654836e-03
3.289889674133853987e+03 1.235507433277673428e+01 5.737614931918378659e-03
3.289891988953198961e+03 1.235709318312827598e+01 5.746712440424635304e-03
3.289894303773010051e+03 1.234831013319375081e+01 5.699585134327074705e-03
3.289896618592821596e+03 1.234691021836534475e+01 5.694509643795120021e-03
3.289898933412167480e+03 1.235238575365388947e+01 5.721969568505258855e-03
3.289901248231978570e+03 1.235544789256914910e+01 5.733382830261445073e-03
3.289903563051323999e+03 1.233672639450871067e+01 5.635808741865344293e-03
3.289905877871135544e+03 1.235059925171037776e+01 5.709343860082853432e-03
3.289908192690480973e+03 1.234446335657586680e+01 5.681890468605883468e-03
3.289910507510291609e+03 1.234793387983008373e+01 5.690292711450547353e-03
3.289912822329637493e+03 1.235558981225508823e+01 5.727159335661114251e-03
3.289915137149449038e+03 1.235597274141362689e+01 5.728345959100479730e-03
3.289917451968794012e+03 1.238654825624449529e+01 5.893551277172166640e-03
3.289919766788606012e+03 1.235282961280847935e+01 5.712948295067213529e-03
3.289922081607951895e+03 1.235659103389338398e+01 5.727049265043644699e-03
3.289924396427762986e+03 1.234581106251295779e+01 5.679459571828884140e-03
3.289926711247107960e+03 1.235896413163928642e+01 5.746715094495463867e-03
3.289929026066453844e+03 1.235509427288161177e+01 5.720574990777674285e-03
3.289931340886265389e+03 1.233541112762820191e+01 5.620543955163577986e-03
3.289933655705610363e+03 1.234099061533383690e+01 5.651185796477874515e-03
3.289935970525421908e+03 1.234661073111595009e+01 5.682657706555191771e-03
3.289938285344767792e+03 1.237477819829264725e+01 5.824284375017070234e-03
3.289940600164113675e+03 1.236276527698778871e+01 5.764124251047083106e-03
3.289942914983923856e+03 1.234146699134258718e+01 5.649378267749507500e-03
3.289945229803270195e+03 1.237779020792213913e+01 5.834683369484611540e-03
3.289947544622616078e+03 1.235131965584323765e+01 5.704361601159700819e-03
3.289949859441961507e+03 1.235275549884642743e+01 5.707785031603560856e-03
3.289952174261772143e+03 1.234920868870283250e+01 5.688788175609071733e-03
3.289954489081118027e+03 1.236885391273284007e+01 5.793578455869973463e-03
3.289956803900463456e+03 1.234019641124196554e+01 5.642087390824067177e-03
3.289959118720274546e+03 1.236753179819325332e+01 5.783471237568377395e-03
3.289961433539620430e+03 1.237368003907957181e+01 5.820313177293107848e-03
3.289963748358966768e+03 1.233927207557261063e+01 5.640681215576261523e-03
3.289966063178311288e+03 1.235522168220144934e+01 5.722417044576952848e-03
3.289968377997656717e+03 1.234715442218506709e+01 5.676212712097830279e-03
3.289970692817468262e+03 1.236487594818229141e+01 5.768078951488820293e-03
3.289973007636814600e+03 1.236120293982749097e+01 5.748874558893239152e-03
3.289975322456159574e+03 1.234018743171841948e+01 5.640399587924505888e-03
3.289977637275505458e+03 1.234975809870108243e+01 5.691174387811793328e-03
3.289979952094850887e+03 1.234583082384569863e+01 5.668381781888371870e-03
3.289982266914196771e+03 1.235531003636282676e+01 5.712784406497780146e-03
3.289984581733540836e+03 1.233685623224315542e+01 5.621126875008566198e-03
3.289986896552887174e+03 1.233822959862336077e+01 5.629249022144305718e-03
3.289989211372233058e+03 1.234982626573408027e+01 5.686031881403936193e-03
3.289991526192043239e+03 1.237733286104482566e+01 5.833535669408364613e-03
3.289993841011390032e+03 1.235577503538613797e+01 5.716452879082906634e-03
3.289996155830735461e+03 1.235372649501082165e+01 5.708006678467291740e-03
3.289998470650080435e+03 1.234526744371049567e+01 5.659053528340881288e-03
3.290000785469426319e+03 1.236173156734490242e+01 5.746945823316215382e-03
3.290003100288772657e+03 1.235145007213419532e+01 5.695088949567049183e-03
3.290005415108118541e+03 1.234322868081478575e+01 5.649302343879268953e-03
3.290007729927463515e+03 1.234778435906114780e+01 5.673181978211090486e-03
3.290010044746808944e+03 1.235262707377381730e+01 5.699883015684068834e-03
3.290012359566155283e+03 1.235559925653421764e+01 5.714664375209523549e-03
3.290014674385035050e+03 1.236305191832824057e+01 5.752556466613197549e-03
3.290016989204380025e+03 1.236408680636652413e+01 5.757703550180854300e-03
3.290019304023725908e+03 1.234522210094181638e+01 5.658444150488244583e-03
3.290021618843071337e+03 1.235218353340330211e+01 5.691512966723683009e-03
3.290023933662417221e+03 1.236359104273863529e+01 5.751719577355325630e-03
3.290026248481762195e+03 1.237872506956290586e+01 5.829791972903492978e-03
3.290028563301108079e+03 1.235602063919417937e+01 5.704924566453821455e-03
3.290030878120453963e+03 1.235490330359026601e+01 5.703285712892679563e-03
3.290033192939333276e+03 1.234345841907753005e+01 5.645939902128836903e-03
3.290035507758679614e+03 1.234063340881021631e+01 5.629251563908572661e-03
3.290037822578025498e+03 1.234916892604720751e+01 5.672535537399403874e-03
3.290040137397370472e+03 1.235308821844880889e+01 5.694153460608399921e-03
3.290042452216715446e+03 1.234136617406737280e+01 5.632690705962150809e-03
3.290044767035596124e+03 1.235242560375522203e+01 5.681551260711965867e-03
3.290047081854942007e+03 1.236922374101169808e+01 5.777445514508637928e-03
3.290049396674286982e+03 1.235885329378933761e+01 5.722405666935343610e-03
3.290051711493632865e+03 1.235689904786989679e+01 5.716385214923472291e-03
3.290054026312513088e+03 1.236099328239596140e+01 5.728157947914120675e-03
3.290056341131858062e+03 1.235320581519631311e+01 5.680834915079559060e-03
3.290058655951203036e+03 1.234499724063010540e+01 5.644264256162575925e-03
3.290060970770083259e+03 1.236135920986137293e+01 5.730306773507436169e-03
3.290063285589429597e+03 1.235125551738516592e+01 5.683882528752491788e-03
3.290065600408774571e+03 1.235194849392683736e+01 5.682229029044962194e-03
3.290067915227654339e+03 1.234513358117500736e+01 5.634907812561173492e-03
3.290070230047000678e+03 1.234277211828941567e+01 5.627931622760924506e-03
3.290072544866345197e+03 1.236273368155604757e+01 5.725175866510602736e-03
3.290074859685225420e+03 1.235701702863491214e+01 5.697429961883103064e-03
3.290077174504570849e+03 1.235313181470845656e+01 5.674726675414860921e-03
3.290079489323451526e+03 1.234972626027504461e+01 5.658820895817290308e-03
3.290081804142797409e+03 1.235069464200561740e+01 5.665377740325862332e-03
3.290084118961677632e+03 1.234737996797662340e+01 5.644466667198465640e-03
3.290086433781023516e+03 1.236153953137035089e+01 5.724741049114048103e-03
3.290088748599902374e+03 1.236064352904265995e+01 5.710921135137029050e-03
3.290091063419247803e+03 1.235730045745790662e+01 5.695869578776073180e-03
3.290093378238128480e+03 1.233312904164187884e+01 5.565560221451662341e-03
3.290095693057473909e+03 1.234079982225476968e+01 5.607598682001329639e-03
3.290098007876353222e+03 1.234761386254033866e+01 5.634718869180000041e-03
3.290100322695699106e+03 1.235223592660460135e+01 5.660892703014891794e-03
3.290102637514578873e+03 1.233874067234192395e+01 5.588584912955247598e-03
3.290104952333925212e+03 1.237686175806755351e+01 5.786857753612258820e-03
3.290107267152804525e+03 1.236292291637519192e+01 5.715010294546309620e-03
3.290109581972150409e+03 1.234896710813067244e+01 5.640221429096528225e-03
3.290111896791030631e+03 1.236294245890175247e+01 5.709600246938943691e-03
3.290114211609909944e+03 1.237870892818722091e+01 5.789723054220659304e-03
3.290116526429255373e+03 1.234365828599717574e+01 5.606533657384159611e-03
3.290118841248136050e+03 1.237045984933065057e+01 5.744092669304144347e-03
3.290121156067015363e+03 1.235097806269735088e+01 5.641733820773537147e-03
3.290123470886361247e+03 1.236299274981721297e+01 5.694808555471650435e-03
3.290125785705241015e+03 1.235515989736896536e+01 5.661065222649968622e-03
3.290128100524120782e+03 1.234957372043199086e+01 5.627866519364981175e-03
3.290130415343000550e+03 1.234941626588505592e+01 5.626397242557880027e-03
3.290132730162345979e+03 1.235158460433680361e+01 5.634458427819519569e-03
3.290135044981226201e+03 1.234208780427927010e+01 5.586576289988270591e-03
3.290137359800106424e+03 1.235842942463468752e+01 5.663344113425914338e-03
3.290139674618985737e+03 1.235988295718889418e+01 5.671284646019375542e-03
3.290141989438332075e+03 1.236368682503855609e+01 5.685019039488437183e-03
3.290144304257211388e+03 1.234576033288934838e+01 5.590655089996618594e-03
3.290146619076091611e+03 1.236761853222930618e+01 5.710205960577162398e-03
3.290148933894970924e+03 1.235725431275945496e+01 5.652427413271952049e-03
3.290151248713851146e+03 1.234078683964942158e+01 5.557849388353526543e-03
3.290153563533197030e+03 1.232784714457929987e+01 5.493489637932528688e-03
3.290155878352076343e+03 1.235671457081827107e+01 5.632387139904306006e-03
3.290158193170957020e+03 1.234001010512868390e+01 5.556111037182926739e-03
3.290160507989837242e+03 1.233718693494455820e+01 5.537870728328534060e-03
3.290162822808717465e+03 1.236807894499377269e+01 5.686730483404765085e-03
3.290165137627596778e+03 1.234686918321519400e+01 5.578808249242783734e-03
3.290167452446477000e+03 1.233267199876372011e+01 5.507963554470142811e-03
3.290169767265357223e+03 1.233974415037570793e+01 5.540012234670287083e-03
3.290172082084236990e+03 1.234381369318005817e+01 5.564617971462921392e-03
3.290174396903116758e+03 1.233483389075143855e+01 5.506665850369275861e-03
3.290176711721996980e+03 1.234204904956490445e+01 5.553893342078383699e-03
3.290179026540876293e+03 1.232149658861993302e+01 5.442727038546622993e-03
3.290181341359756516e+03 1.237020703915391628e+01 5.685200977531385327e-03
3.290183656178636284e+03 1.234507972854922286e+01 5.553792142371311025e-03
3.290185970997516961e+03 1.234170587397622221e+01 5.536843727342438508e-03
3.290188285816396274e+03 1.234898701229179885e+01 5.575278083375591505e-03
3.290190600635276041e+03 1.234812773406305908e+01 5.565415230902395066e-03
3.290192915454155809e+03 1.234408060402791918e+01 5.550240745870473578e-03
3.290195230273036032e+03 1.234557680003509361e+01 5.550622100669064946e-03
3.290197545091915345e+03 1.233809824399875232e+01 5.509424156306641854e-03
3.290199859910796022e+03 1.233540598227610907e+01 5.496014159795427345e-03
3.290202174729210583e+03 1.233073650734337967e+01 5.469220199569104629e-03
3.290204489548089441e+03 1.236848459156037805e+01 5.663094937835994221e-03
3.290206804366969664e+03 1.234279515415256334e+01 5.527395315524948234e-03
3.290209119185849431e+03 1.235098959355410564e+01 5.564732727189655899e-03
3.290211434004729199e+03 1.235459911927436849e+01 5.592031848409189168e-03
3.290213748823609421e+03 1.232631786627611881e+01 5.437437475721532305e-03
3.290216063642023983e+03 1.232624608993298310e+01 5.440410390363352444e-03
3.290218378460904205e+03 1.235237710848557668e+01 5.570839945916899669e-03
3.290220693279783518e+03 1.233208138457718661e+01 5.469750796778092942e-03
3.290223008098662831e+03 1.234079653713186708e+01 5.508829671427901802e-03
3.290225322917077392e+03 1.234152683040013443e+01 5.510186348934072859e-03
3.290227637735958069e+03 1.232107784212253065e+01 5.403360545170812421e-03
3.290229952554837382e+03 1.234757729946660021e+01 5.545100125486557632e-03
3.290232267373251943e+03 1.233504309711362978e+01 5.476430431892041241e-03
3.290234582192132621e+03 1.234022028456504039e+01 5.503341349505036159e-03
3.290236897011011479e+03 1.236915780186329883e+01 5.642561236214045650e-03
3.290239211829426495e+03 1.233490333672693851e+01 5.473865269382240974e-03
3.290241526648306717e+03 1.235389199655259596e+01 5.562032335077138519e-03
3.290243841467186485e+03 1.234309750540430350e+01 5.510253846923763438e-03
3.290246156285600591e+03 1.233101880057360589e+01 5.449585967624399722e-03
3.290248471104479904e+03 1.233216097347901474e+01 5.459958907015489624e-03
3.290250785922894465e+03 1.233118178568520129e+01 5.444974622896110554e-03
3.290253100741775143e+03 1.234014436675558102e+01 5.487697914128829638e-03
3.290255415560654455e+03 1.234257047048149403e+01 5.502104604240598378e-03
3.290257730379069017e+03 1.234571893153106181e+01 5.518805445112584702e-03
3.290260045197949694e+03 1.234702771722043835e+01 5.523922481026568958e-03
3.290262360016362891e+03 1.233264036108553974e+01 5.442255937454153376e-03
3.290264674835242658e+03 1.234351878312027395e+01 5.501381063268127349e-03
3.290266989653657220e+03 1.232335568514711177e+01 5.411247830849310464e-03
3.290269304472536987e+03 1.233509689304993096e+01 5.455573035468620248e-03
3.290271619290951094e+03 1.232223748965609289e+01 5.398746474824962609e-03
3.290273934109365655e+03 1.234448965891360217e+01 5.505300743665156663e-03
3.290276248928245423e+03 1.236756766786971262e+01 5.618166413948780594e-03
3.290278563746659529e+03 1.233839386853564513e+01 5.468652629601251404e-03
3.290280878565538842e+03 1.233896229810358136e+01 5.468310049192134405e-03
3.290283193383953403e+03 1.233437214755970679e+01 5.446269085534499732e-03
3.290285508202368419e+03 1.234441386696632392e+01 5.502049701186879568e-03
3.290287823021247277e+03 1.234218457494670318e+01 5.484716100971156506e-03
3.290290137839661838e+03 1.236517061374048865e+01 5.605336482392535465e-03
3.290292452658076400e+03 1.235218523852366523e+01 5.532321024033816370e-03
3.290294767476956622e+03 1.234689389967800111e+01 5.505958939422760968e-03
3.290297082295370274e+03 1.233986382696886963e+01 5.463779369622186362e-03
3.290299397113784835e+03 1.235311597144598039e+01 5.531072019604552081e-03
3.290301711932665512e+03 1.236633430514150511e+01 5.596817014561936317e-03
3.290304026751079164e+03 1.234866806894991242e+01 5.502775134594541789e-03
3.290306341569493270e+03 1.236949818710223248e+01 5.614629811994342745e-03
3.290308656387907831e+03 1.235654125808321169e+01 5.545931276298369204e-03
3.290310971206787599e+03 1.237233440047902988e+01 5.620622808147385414e-03
3.290313286025201705e+03 1.236891370464400453e+01 5.601509591991195823e-03
3.290315600843617176e+03 1.237684159696244457e+01 5.639270866889137777e-03
3.290317915662031737e+03 1.237085700485201301e+01 5.606316812503214092e-03
3.290320230480444934e+03 1.237217103449191491e+01 5.613793279471123929e-03
3.290322545298859495e+03 1.238302641485052646e+01 5.661523968293559819e-03
3.290324860117739263e+03 1.238330070881483813e+01 5.669330914944278529e-03
3.290327174936153369e+03 1.234721524283450300e+01 5.485611649470176036e-03
3.290329489754567476e+03 1.238869164359082653e+01 5.691998068792469313e-03
3.290331804572982037e+03 1.237840443890146958e+01 5.639250605321523974e-03
3.290334119391396598e+03 1.239089271368942313e+01 5.696242502785224711e-03
3.290336434209810250e+03 1.236760752919825102e+01 5.581728973254119867e-03
3.290338749028223901e+03 1.238262441792069168e+01 5.650072002698481970e-03
3.290341063846638463e+03 1.238627562533480919e+01 5.670265949245027054e-03
3.290343378665053478e+03 1.238791171600489882e+01 5.669573616751373731e-03
3.290345693483467585e+03 1.238358935061922494e+01 5.649662036009191896e-03
3.290348008301882146e+03 1.238091022287303566e+01 5.641220757064207940e-03
3.290350323120296707e+03 1.239185837768709675e+01 5.684138601810751444e-03
3.290352637938709904e+03 1.237551652302785499e+01 5.602514627530234652e-03
3.290354952757124011e+03 1.238287332885603398e+01 5.638248687098471219e-03
3.290357267575539026e+03 1.238774811714734447e+01 5.661698109429265727e-03
3.290359582393953588e+03 1.241405734935303506e+01 5.788836266803459862e-03
3.290361897212366785e+03 1.240567648102236831e+01 5.743664824879892578e-03
3.290364212030781346e+03 1.239639228742063359e+01 5.699798334096820365e-03
3.290366526849195907e+03 1.239804525675240043e+01 5.707959305251443342e-03
3.290368841667610013e+03 1.239515306641593106e+01 5.685268623569198279e-03
3.290371156485558458e+03 1.239146684023717171e+01 5.668247164511343306e-03
3.290373471303973020e+03 1.239753727312109710e+01 5.688836004631592919e-03
3.290375786122387581e+03 1.238190935873796406e+01 5.617123463187357300e-03
3.290378100940801232e+03 1.242050722791180561e+01 5.810011812105722422e-03
3.290380415759215794e+03 1.239641571370698614e+01 5.693168572100071496e-03
3.290382730577164693e+03 1.239891700034949551e+01 5.695688216400839922e-03
3.290385045395578345e+03 1.239082059168748629e+01 5.650730519617259452e-03
3.290387360213992906e+03 1.243531624424356963e+01 5.887569798366298034e-03
3.290389675032407467e+03 1.242782822960938027e+01 5.844986023031055293e-03
3.290391989850356367e+03 1.239519348903859175e+01 5.669883488672896980e-03
3.290394304668770474e+03 1.240789417505225600e+01 5.737768937677341884e-03
3.290396619487184580e+03 1.240092725407597030e+01 5.705839359103842025e-03
3.290398934305599141e+03 1.240452165304628984e+01 5.715811949646973367e-03
3.290401249123547586e+03 1.242030208793697277e+01 5.799543112206636229e-03
3.290403563941961693e+03 1.239893453017592861e+01 5.687067069214640606e-03
3.290405878760376254e+03 1.240641816605024417e+01 5.726037278623319522e-03
3.290408193578324244e+03 1.241890936301051518e+01 5.791239425262275156e-03
3.290410508396738351e+03 1.240095718571465966e+01 5.694010136036580655e-03
3.290412823214686796e+03 1.239282964480167770e+01 5.655004398388577269e-03
3.290415138033100902e+03 1.241907669112699075e+01 5.785019857406617678e-03
3.290417452851515918e+03 1.239810295186049416e+01 5.677017558505854759e-03
3.290419767669463909e+03 1.239139041846942391e+01 5.639535416166926649e-03
3.290422082487878470e+03 1.241000801087460026e+01 5.743494496725889617e-03
3.290424397305827370e+03 1.238652692969357538e+01 5.623972575387927927e-03
3.290426712124241476e+03 1.239150801831493887e+01 5.637690769455762883e-03
3.290429026942189466e+03 1.242497719747836626e+01 5.813838065978222877e-03
3.290431341760604482e+03 1.240297535254682693e+01 5.695542854022039338e-03
3.290433656578552927e+03 1.241658129562161506e+01 5.768740687672424712e-03
3.290435971396967034e+03 1.240230225922577212e+01 5.688888962953275730e-03
3.290438286214915934e+03 1.240752596610042602e+01 5.716345688932711507e-03
3.290440601033330495e+03 1.241189723883551466e+01 5.739028014830768742e-03
3.290442915851278485e+03 1.241840854165332075e+01 5.766635219284136846e-03
3.290445230669226930e+03 1.240955982028685867e+01 5.727271285197670959e-03
3.290447545487641491e+03 1.242801072732070899e+01 5.819059493760437608e-03
3.290449860305590391e+03 1.241941171071943373e+01 5.774556221635944106e-03
3.290452175123538382e+03 1.242096505352021296e+01 5.787455441492713425e-03
3.290454489941952943e+03 1.242037208079412736e+01 5.777382486380793457e-03
3.290456804759901843e+03 1.240021017231940448e+01 5.663188652956574649e-03
3.290459119577851197e+03 1.240759350520894166e+01 5.713761120426947421e-03
3.290461434396264394e+03 1.240283037101062291e+01 5.683359099187879938e-03
3.290463749214213749e+03 1.240067096650504475e+01 5.672402807174429726e-03
3.290466064032162649e+03 1.242630062366651522e+01 5.802156822487678813e-03
3.290468378850575846e+03 1.241318762356118022e+01 5.730862251422663700e-03
3.290470693668524291e+03 1.238316340728025011e+01 5.575723108934229136e-03
3.290473008486473191e+03 1.239328225366950065e+01 5.631824134744179040e-03
3.290475323304422545e+03 1.241394644329711383e+01 5.734608902845302406e-03
3.290477638122835742e+03 1.241751712469667979e+01 5.749129356039302599e-03
3.290479952940785097e+03 1.239915961650921616e+01 5.654119701849582777e-03
3.290482267758733997e+03 1.241536121672401194e+01 5.744029549037528437e-03
3.290484582576681987e+03 1.240751406981136284e+01 5.695677545090651987e-03
3.290486897394630432e+03 1.240080965841836580e+01 5.657981020978369510e-03
3.290489212212578877e+03 1.240742934917841467e+01 5.693021344727164715e-03
3.290491527030528232e+03 1.240475963430722217e+01 5.678224581074603310e-03
3.290493841848941884e+03 1.241247533297486960e+01 5.719031045546370783e-03
3.290496156666890784e+03 1.240351553265209716e+01 5.675225788876433683e-03
3.290498471484839683e+03 1.236799677623695715e+01 5.486764558698204765e-03
3.290500786302788129e+03 1.241918589999515632e+01 5.754478198283000633e-03
3.290503101120736574e+03 1.241153332047884383e+01 5.712164453598724163e-03
3.290505415938685019e+03 1.239845044139756070e+01 5.642574948397312100e-03
3.290507730756633919e+03 1.241680016706069800e+01 5.744095584004172556e-03
3.290510045574581909e+03 1.239700351763266895e+01 5.644997896953254414e-03
3.290512360392531264e+03 1.240218281192836614e+01 5.662984818581543942e-03
3.290514675210480164e+03 1.241383522048582577e+01 5.724189677040305950e-03
3.290516990028428609e+03 1.238300847123841741e+01 5.565981583822298025e-03
3.290519304846376599e+03 1.240094156036258255e+01 5.659738310201264076e-03
3.290521619664325499e+03 1.240082216848766805e+01 5.657675158428739776e-03
3.290523934482273944e+03 1.240058829959478004e+01 5.658511631651676026e-03
3.290526249299756273e+03 1.238627405307327756e+01 5.585579552993686671e-03
3.290528564117706082e+03 1.239677978677883985e+01 5.641641314280042285e-03
3.290530878935655437e+03 1.240814441535202306e+01 5.704970853915950282e-03
3.290533193753603427e+03 1.239114016979150357e+01 5.612408193615640167e-03
3.290535508571551418e+03 1.238429077683199075e+01 5.575187277326622282e-03
3.290537823389499863e+03 1.239215810879369606e+01 5.616711020172972593e-03
3.290540138207448763e+03 1.237696319988135762e+01 5.544304670529367172e-03
3.290542453024931547e+03 1.239947537897524299e+01 5.650438578166194423e-03
3.290544767842879992e+03 1.238862284926654134e+01 5.610075851383711752e-03
3.290547082660828437e+03 1.239126604759171002e+01 5.614920683742905851e-03
3.290549397478777337e+03 1.238773721907894476e+01 5.593939317069181703e-03
3.290551712296260575e+03 1.238587658243790557e+01 5.589956765444905468e-03
3.290554027114209021e+03 1.240516025928002719e+01 5.685338339961286402e-03
3.290556341932157920e+03 1.237866333991657442e+01 5.556636225607771394e-03
3.290558656750105911e+03 1.237061279185932250e+01 5.513001567583365736e-03
3.290560971567588240e+03 1.238441061546380695e+01 5.577343177577327206e-03
3.290563286385538049e+03 1.236398272201708259e+01 5.478951213576092709e-03
3.290565601203486494e+03 1.238019515549405725e+01 5.561975300974775736e-03
3.290567916020968823e+03 1.239163677989431100e+01 5.618370293075967276e-03
3.290570230838918178e+03 1.238168994341394580e+01 5.564860694449068161e-03
3.290572545656867078e+03 1.239685869923640560e+01 5.646368454723542374e-03
3.290574860474349407e+03 1.236522819768703840e+01 5.488166108641450054e-03
3.290577175292297397e+03 1.239450426155490703e+01 5.632289592722389791e-03
3.290579490109781091e+03 1.237074168106054728e+01 5.511938196965809195e-03
3.290581804927729991e+03 1.238642443668566706e+01 5.600559573754383159e-03
3.290584119745212774e+03 1.236586594460515798e+01 5.493664573089107085e-03
3.290586434563160765e+03 1.235090361714292406e+01 5.410181760374737150e-03
3.290588749380644458e+03 1.239101543950911832e+01 5.629884356675532789e-03
3.290591064198592449e+03 1.236486900568565872e+01 5.487294133382445913e-03
3.290593379016075232e+03 1.237359336929966602e+01 5.529818675620724877e-03
3.290595693834024132e+03 1.238331587311149917e+01 5.579625915963722788e-03
3.290598008651507371e+03 1.237450119837150275e+01 5.529124583132489189e-03
3.290600323469455361e+03 1.235442240400251990e+01 5.430872965515669802e-03
3.290602638286939964e+03 1.236615412033062711e+01 5.491373131090417949e-03
3.290604953104888409e+03 1.236771717566845297e+01 5.499547056059159514e-03
3.290607267922370738e+03 1.236302049490804045e+01 5.479865007752986183e-03
3.290609582739853522e+03 1.238490715852467439e+01 5.592290313952347387e-03
3.290611897557801967e+03 1.237383701252462664e+01 5.526503426690690043e-03
3.290614212375285206e+03 1.236286084879568214e+01 5.477647726032413428e-03
3.290616527192767990e+03 1.237205329849764723e+01 5.521019158524600838e-03
3.290618842010715980e+03 1.235627270937759015e+01 5.444137661120486416e-03
3.290621156828198764e+03 1.235930266120193544e+01 5.458017876182576916e-03
3.290623471645682457e+03 1.236347366320046071e+01 5.473842746013019185e-03
3.290625786463630448e+03 1.234210673925744572e+01 5.370617998846043475e-03
3.290628101281114141e+03 1.235562840826773900e+01 5.436543336683581466e-03
3.290630416098596925e+03 1.235108187606022234e+01 5.414191882366542301e-03
3.290632730916079709e+03 1.234168638457383516e+01 5.374246745213012884e-03
3.290635045734028154e+03 1.234694628154380425e+01 5.395524486219766339e-03
3.290637360551510938e+03 1.233758149974455698e+01 5.345665082440807098e-03
3.290639675368994631e+03 1.234166327572694044e+01 5.364698064720845212e-03
3.290641990186476960e+03 1.235356656261822650e+01 5.428270466154189698e-03
3.290644305003959744e+03 1.234144694627351768e+01 5.365859671339735272e-03
3.290646619821443437e+03 1.236472051522624582e+01 5.480165925704131788e-03
3.290648934639391427e+03 1.233652848489827036e+01 5.342372953217814323e-03
3.290651249456874211e+03 1.234710354516449193e+01 5.390007589982897217e-03
3.290653564273891789e+03 1.233041441426951224e+01 5.310999754169225609e-03
3.290655879091375027e+03 1.235074506910805603e+01 5.416265631861013133e-03
3.290658193908857356e+03 1.234794097021379677e+01 5.400591835844050816e-03
3.290660508726341050e+03 1.233686007491044379e+01 5.337996085511702987e-03
3.290662823543823833e+03 1.234867677184572088e+01 5.399314552685543708e-03
3.290665138361306617e+03 1.232754792460163884e+01 5.295716400455434229e-03
3.290667453178788946e+03 1.233556042448104151e+01 5.331446728928990186e-03
3.290669767996273094e+03 1.233130825298354694e+01 5.310055544689944347e-03
3.290672082813756788e+03 1.233347797738277229e+01 5.319651155611999742e-03
3.290674397631239117e+03 1.233366275891758690e+01 5.324544709126450767e-03
3.290676712448721901e+03 1.234261561301225107e+01 5.363885359023537990e-03
3.290679027266205139e+03 1.234655778765980116e+01 5.381341352211274458e-03
3.290681342083687468e+03 1.233382631348450609e+01 5.328658033765505155e-03
3.290683656901170252e+03 1.233073906597045699e+01 5.309136203599582396e-03
3.290685971718653491e+03 1.230769559737032637e+01 5.194794341317861101e-03
3.290688286535671068e+03 1.234435058391930085e+01 5.371466503051819906e-03
3.290690601353153397e+03 1.231934023784564047e+01 5.245904042688982576e-03
3.290692916170636181e+03 1.231992094322127507e+01 5.250977570355105581e-03
3.290695230988119420e+03 1.234165524275835146e+01 5.356113357735295399e-03
3.290697545805602658e+03 1.236509180866159241e+01 5.474454929856641464e-03
3.290699860623084987e+03 1.233616519167477676e+01 5.325596795113221073e-03
3.290702175440103019e+03 1.232367722770191776e+01 5.267949593093991523e-03
3.290704490257585348e+03 1.231980606187356742e+01 5.246338830021248477e-03
3.290706805075068587e+03 1.232640212354607989e+01 5.276265409751983680e-03
3.290709119892550916e+03 1.233282924979028650e+01 5.310067370989205414e-03
3.290711434709568493e+03 1.233110731410821614e+01 5.297581135750663306e-03
3.290713749527051732e+03 1.233625699215608940e+01 5.317084760777895242e-03
3.290716064344534516e+03 1.233012419361846312e+01 5.293884904663924938e-03
3.290718379162017300e+03 1.233696500628057358e+01 5.328262824270127256e-03
3.290720693979034877e+03 1.234341743281200543e+01 5.352524855007106779e-03
3.290723008796517206e+03 1.232658198759733637e+01 5.272728610024033855e-03
3.290725323614000445e+03 1.235672101199457629e+01 5.429247291252326836e-03
3.290727638431018022e+03 1.231907705089390248e+01 5.232048342484382428e-03
3.290729953248501261e+03 1.231122674070023315e+01 5.189707086574477622e-03
3.290732268065517928e+03 1.231330020767155276e+01 5.198516616099686273e-03
3.290734582883001167e+03 1.232756294513160356e+01 5.274839219229613546e-03
3.290736897700018744e+03 1.232174054752788273e+01 5.242000392688754042e-03
3.290739212517501528e+03 1.233076400454730681e+01 5.279377111950731699e-03
3.290741527334984312e+03 1.234063832649331616e+01 5.329594399698695147e-03
3.290743842152001889e+03 1.234233447662528604e+01 5.338273985828877015e-03
3.290746156969485128e+03 1.230204191455789164e+01 5.138630425147991398e-03
3.290748471786501796e+03 1.233409900931213166e+01 5.294199368962682756e-03
3.290750786603985034e+03 1.234338354678079064e+01 5.339741691338236937e-03
3.290753101421002611e+03 1.233283511004709432e+01 5.282023874307512079e-03
3.290755416238019279e+03 1.234045220565080569e+01 5.317653411933413905e-03
3.290757731055502518e+03 1.235216797644183551e+01 5.377361554432996682e-03
3.290760045872520095e+03 1.233732678969747099e+01 5.305623077563108476e-03
3.290762360690002879e+03 1.233098798344011016e+01 5.276088346055358806e-03
3.290764675507020002e+03 1.233789798437119245e+01 5.304234591683477940e-03
3.290766990324502331e+03 1.232321916892572489e+01 5.230591704872895008e-03
3.290769305141519908e+03 1.233754476122479815e+01 5.303085250595356882e-03
3.290771619958537485e+03 1.234186537755555335e+01 5.321701324940914316e-03
3.290773934776019814e+03 1.233419304660920446e+01 5.287267099151324312e-03
3.290776249593037392e+03 1.235153725020689208e+01 5.373497395815743545e-03
3.290778564410055424e+03 1.233352429602631339e+01 5.278846600017482113e-03
3.290780879227072546e+03 1.233520926773979554e+01 5.284244844019414696e-03
3.290783194044554421e+03 1.232364950700626771e+01 5.233711713506655067e-03
3.290785508861572453e+03 1.233233021254872419e+01 5.272495108834481664e-03
3.290787823678590030e+03 1.233445034090044246e+01 5.277929238362791958e-03
3.290790138495606698e+03 1.234647214481563893e+01 5.336900499539524653e-03
3.290792453313089936e+03 1.232958794655935009e+01 5.251734701541687679e-03
3.290794768130107514e+03 1.234299135735731312e+01 5.322983600392498620e-03
3.290797082947124636e+03 1.234964120761384798e+01 5.354619930115756682e-03
3.290799397764141759e+03 1.233503209189586336e+01 5.280381830764536814e-03
3.290801712581158881e+03 1.232822609446117745e+01 5.258913897457804729e-03
3.290804027398176459e+03 1.232035785985620002e+01 5.208157658599842782e-03
3.290806342215659242e+03 1.233043229842299304e+01 5.247921021626203442e-03
3.290808657032676820e+03 1.234168670133442447e+01 5.309973464267199288e-03
3.290810971849694397e+03 1.233580652645171583e+01 5.282649911253277202e-03
3.290813286666711974e+03 1.235537877602535062e+01 5.376657762349450892e-03
3.290815601483728642e+03 1.234346839365376347e+01 5.312272121724597243e-03
3.290817916300746219e+03 1.235038784052768790e+01 5.339981646678578463e-03
3.290820231117763797e+03 1.233916418176719176e+01 5.295392636890825129e-03
3.290822545934780464e+03 1.231615716485987733e+01 5.170902730560960475e-03
3.290824860751798042e+03 1.232648051283022994e+01 5.226531587482072076e-03
3.290827175568815619e+03 1.233542055697422946e+01 5.264647792863335653e-03
3.290829490385832287e+03 1.233167797958102163e+01 5.248427309804178792e-03
3.290831805202849409e+03 1.234204514399395158e+01 5.299847685644142915e-03
3.290834120019866987e+03 1.234623394965325360e+01 5.324770201760685787e-03
3.290836434836884564e+03 1.235545808846985594e+01 5.359523344768597070e-03
3.290838749653901687e+03 1.234853335067785274e+01 5.337259580223965676e-03
3.290841064470452693e+03 1.233427487509616682e+01 5.255464581187007864e-03
3.290843379287469816e+03 1.234456965582400656e+01 5.309043686859831433e-03
3.290845694104487393e+03 1.234536063303645648e+01 5.308357834832412928e-03
3.290848008921504515e+03 1.235306981885505984e+01 5.341371659000528765e-03
3.290850323738522093e+03 1.235040476328164694e+01 5.325679306147334743e-03
3.290852638555539670e+03 1.236620719346086084e+01 5.397722865765722765e-03
3.290854953372556338e+03 1.234649189053770080e+01 5.307279198684138402e-03
3.290857268189107344e+03 1.234767615811420427e+01 5.313164072880275160e-03
3.290859583006124922e+03 1.235699179928530178e+01 5.358490632258395420e-03
3.290861897823142954e+03 1.234747372576643087e+01 5.308695208318128800e-03
3.290864212640160076e+03 1.235436110740647386e+01 5.338454738075126479e-03
3.290866527456711992e+03 1.236506549984150105e+01 5.398865683490423201e-03
3.290868842273729570e+03 1.235609430948461984e+01 5.349478725269248697e-03
3.290871157090747147e+03 1.234183506242411354e+01 5.276015974488968037e-03
3.290873471907298608e+03 1.233000598201329723e+01 5.222100642402238528e-03
3.290875786724315731e+03 1.234551836688989113e+01 5.295356849279851501e-03
3.290878101541333308e+03 1.234273648076704788e+01 5.279301738596971043e-03
3.290880416357884314e+03 1.234169761585811820e+01 5.273976569813961304e-03
3.290882731174901892e+03 1.235485613411790773e+01 5.338672824526824456e-03
3.290885045991453353e+03 1.234595678286559206e+01 5.293293147489194599e-03
3.290887360808470476e+03 1.234438161902860465e+01 5.282847664563778377e-03
3.290889675625487598e+03 1.233184128692422554e+01 5.225478852941807875e-03
3.290891990442039514e+03 1.234689809550873463e+01 5.297073067224092845e-03
3.290894305259057091e+03 1.234107401333814380e+01 5.278191538853242194e-03
3.290896620075608553e+03 1.235014550615665563e+01 5.307228774699874335e-03
3.290898934892626130e+03 1.233783749352664216e+01 5.248337542809890406e-03
3.290901249709177591e+03 1.232347474956221056e+01 5.181981630897699101e-03
3.290903564526194714e+03 1.236269235986811310e+01 5.371601665326609064e-03
3.290905879342745720e+03 1.233423122367814351e+01 5.226593792405482240e-03
3.290908194159762843e+03 1.236298976621069201e+01 5.368029684851568541e-03
3.290910508976315214e+03 1.234676275559341541e+01 5.293648076734554231e-03
3.290912823793331881e+03 1.233671364364694867e+01 5.241445313721115884e-03
3.290915138609883797e+03 1.233287089662709768e+01 5.222322970819232024e-03
3.290917453426434804e+03 1.235852311849958163e+01 5.345455044010062780e-03
3.290919768243452381e+03 1.235487041229447769e+01 5.333170453158691919e-03
3.290922083060003843e+03 1.234101780991805697e+01 5.256223917449911152e-03
3.290924397876556213e+03 1.235884311508307576e+01 5.341367584242673848e-03
3.290926712693573336e+03 1.235997542913166036e+01 5.348560732640813067e-03
3.290929027510124797e+03 1.235119006212714510e+01 5.305052330558179992e-03
3.290931342326675804e+03 1.235478850567141862e+01 5.323425793982189576e-03
3.290933657143693381e+03 1.233998307486021240e+01 5.248711650716148154e-03
3.290935971960245297e+03 1.235952748093288811e+01 5.346330771373316616e-03
3.290938286776797668e+03 1.234424963592170599e+01 5.268402288211390672e-03
3.290940601593349584e+03 1.234403002907513347e+01 5.276917537496333792e-03
3.290942916410367161e+03 1.235359346509043732e+01 5.316085556178550171e-03
3.290945231226918622e+03 1.234170198956270426e+01 5.262019794809057703e-03
3.290947546043469629e+03 1.234479427161429754e+01 5.273033445183932140e-03
3.290949860860021545e+03 1.235129641541819900e+01 5.302336729921595763e-03
3.290952175676573006e+03 1.236211031396592830e+01 5.357553071284951174e-03
3.290954490493124013e+03 1.234858497882186690e+01 5.293163098189686451e-03
3.290956805310142045e+03 1.234404922193020226e+01 5.270622782753519968e-03
3.290959120126693506e+03 1.234708763889017646e+01 5.283341222707200330e-03
3.290961434943244967e+03 1.235291505871856543e+01 5.310667125791521115e-03
3.290963749759795974e+03 1.237361750159067242e+01 5.418041481881730008e-03
3.290966064576347890e+03 1.234068042172545532e+01 5.250350943469320013e-03
3.290968379392899806e+03 1.235282793424449999e+01 5.308463305196762204e-03
3.290970694209450812e+03 1.234975766409445086e+01 5.293073091648688340e-03
3.290973009026003183e+03 1.236691995211839590e+01 5.379305226713674767e-03
3.290975323842555099e+03 1.234966116340172348e+01 5.293865268364596199e-03
3.290977638659106560e+03 1.236234192630595530e+01 5.355238983002890037e-03
3.290979953475657567e+03 1.235270438458099029e+01 5.306748604056403876e-03
3.290982268292209483e+03 1.236085559138807710e+01 5.350884793305292313e-03
3.290984583108760944e+03 1.235701780711601394e+01 5.334454460917495769e-03
3.290986897925312405e+03 1.235626895539953196e+01 5.326055393948992897e-03
3.290989212741863412e+03 1.234883005782768883e+01 5.289070165814460135e-03
3.290991527558415328e+03 1.235249490061162270e+01 5.306865022941514159e-03
3.290993842374502037e+03 1.238628206707302404e+01 5.461853298644321099e-03
3.290996157191053499e+03 1.236943666175651479e+01 5.388489580318494426e-03
3.290998472007604960e+03 1.233802769842363567e+01 5.235309405403245318e-03
3.291000786824157331e+03 1.236175555933307812e+01 5.349352434109628379e-03
3.291003101640708337e+03 1.236324647438309476e+01 5.351779256027355651e-03
3.291005416457260253e+03 1.234823583709545680e+01 5.284518554677059693e-03
3.291007731273346508e+03 1.234828651559169543e+01 5.282299582264659947e-03
3.291010046089898424e+03 1.236523844380185366e+01 5.367616940231771314e-03
3.291012360906449430e+03 1.236660616733143492e+01 5.377817992248533352e-03
3.291014675723000892e+03 1.237597668322039368e+01 5.417610418370189841e-03
3.291016990539087601e+03 1.235078405601090523e+01 5.293155520373992069e-03
3.291019305355639062e+03 1.234374607500776833e+01 5.254336583990370894e-03
3.291021620172190069e+03 1.236033256518291878e+01 5.337117176166579317e-03
3.291023934988275869e+03 1.234065476537839245e+01 5.255517940598120573e-03
3.291026249804827785e+03 1.237278124166448023e+01 5.397833896813746847e-03
3.291028564621378791e+03 1.233939964576908288e+01 5.235478171174884170e-03
3.291030879437465501e+03 1.234862793115528845e+01 5.278675030121183359e-03
3.291033194254017417e+03 1.236451518973508890e+01 5.356844341568242802e-03
3.291035509070568423e+03 1.233919647847289980e+01 5.232225893446206845e-03
3.291037823886654223e+03 1.234539180549947268e+01 5.260686855063026988e-03
3.291040138703206139e+03 1.236494665175123409e+01 5.356175619615329876e-03
3.291042453519291939e+03 1.234953360616385254e+01 5.290989732294881266e-03
3.291044768335843401e+03 1.235857994947558680e+01 5.326116026307371742e-03
3.291047083151930110e+03 1.235511497933506142e+01 5.310626469129539617e-03
3.291049397968481571e+03 1.236185894643408645e+01 5.340102596359115085e-03
3.291051712784566917e+03 1.234683176639381941e+01 5.269232965311399820e-03
3.291054027601118378e+03 1.235416804602999541e+01 5.304067707015664747e-03
3.291056342417205087e+03 1.235430254813391748e+01 5.310047255453685146e-03
3.291058657233756549e+03 1.234669087102890117e+01 5.273921182913976491e-03
3.291060972049841894e+03 1.235257421515590792e+01 5.297232075915771742e-03
3.291063286865928603e+03 1.233988560793449629e+01 5.239989435328077858e-03
3.291065601682480519e+03 1.235206444877916532e+01 5.303344791185889140e-03
3.291067916498566319e+03 1.234392376586458262e+01 5.256933479337421410e-03
3.291070231315117780e+03 1.234996998462384354e+01 5.283485239125510283e-03
3.291072546131204035e+03 1.235777661214065049e+01 5.321014187664396822e-03
3.291074860947290290e+03 1.237684642775591648e+01 5.410715908309391212e-03
3.291077175763841296e+03 1.237448551667071506e+01 5.400089465082780725e-03
3.291079490579927551e+03 1.237282185944463642e+01 5.399918993183821722e-03
3.291081805396012896e+03 1.234497034537225346e+01 5.258117952294458219e-03
3.291084120212099606e+03 1.234153639759199095e+01 5.244778696054532008e-03
3.291086435028651067e+03 1.233902701614907116e+01 5.227402571873389706e-03
3.291088749844736867e+03 1.233526974284730393e+01 5.211753162954285007e-03
3.291091064660823122e+03 1.236341410318195422e+01 5.353204146926525062e-03
3.291093379476908467e+03 1.232682328950194695e+01 5.169460896803804682e-03
3.291095694293459474e+03 1.234619376874849372e+01 5.267984105882342685e-03
3.291098009109546183e+03 1.234650487670162278e+01 5.262231726230251309e-03
3.291100323925632438e+03 1.234236690666859992e+01 5.244122335726406244e-03
3.291102638741717783e+03 1.236418068326746145e+01 5.347282713543232389e-03
3.291104953557804038e+03 1.233367898844923616e+01 5.203935391127603206e-03
3.291107268373890292e+03 1.234657959859351628e+01 5.263597203628402402e-03
3.291109583189976092e+03 1.234970321684284755e+01 5.278818857161440142e-03
3.291111898006061438e+03 1.236371150231522620e+01 5.344202194811797056e-03
3.291114212822148147e+03 1.232028745684376680e+01 5.144256467022273113e-03
3.291116527638699608e+03 1.235625942991151582e+01 5.312908462443879064e-03
3.291118842454785408e+03 1.234577150631708342e+01 5.259933160031972539e-03
3.291121157270871663e+03 1.235040948575777797e+01 5.279631907868303012e-03
3.291123472086957463e+03 1.233980047116791390e+01 5.229901937731320019e-03
3.291125786903044173e+03 1.234471345906965212e+01 5.257182200751647078e-03
3.291128101719129518e+03 1.233679624004920505e+01 5.215390199157065275e-03
3.291130416534750111e+03 1.236997135940760728e+01 5.378922965585813953e-03
3.291132731350836366e+03 1.235284347622946477e+01 5.295003942064129346e-03
3.291135046166922166e+03 1.233984622247904817e+01 5.225942144786025097e-03
3.291137360983007511e+03 1.235384924491338232e+01 5.298576402508289006e-03
3.291139675799094221e+03 1.235057851187943356e+01 5.277348922846737678e-03
3.291141990615180021e+03 1.233729846866467028e+01 5.220525914220976865e-03
3.291144305431265366e+03 1.233355652215878173e+01 5.199248948774858221e-03
3.291146620247352075e+03 1.234846210902289165e+01 5.268105599829807709e-03
3.291148935063437875e+03 1.235279691689497383e+01 5.288208065306591703e-03
3.291151249879058014e+03 1.236390283348892005e+01 5.346371599224146801e-03
3.291153564695143359e+03 1.233905416986390335e+01 5.221528168538202945e-03
3.291155879511230069e+03 1.235516923182761673e+01 5.295279705008429198e-03
3.291158194327315869e+03 1.234994534390999732e+01 5.274929958662195016e-03
3.291160509142935553e+03 1.236539103085788938e+01 5.344900148927022275e-03
3.291162823959021807e+03 1.234811224922983008e+01 5.259095875921360706e-03
3.291165138775108517e+03 1.234749387527348397e+01 5.253640946744988355e-03
3.291167453591193407e+03 1.236528929191982407e+01 5.337401268058390019e-03
3.291169768406813546e+03 1.233804107842129305e+01 5.216411637046601893e-03
3.291172083222900255e+03 1.235527948143960053e+01 5.282512666483862515e-03
3.291174398038986510e+03 1.234764751487273493e+01 5.245884974681955075e-03
3.291176712854606194e+03 1.236208769965987386e+01 5.320296961673822572e-03
3.291179027670692449e+03 1.235011880579833132e+01 5.257474268515790160e-03
3.291181342486313042e+03 1.232734444445612532e+01 5.150061344131395304e-03
3.291183657302398387e+03 1.235895706158933649e+01 5.297929575205890564e-03
3.291185972118483733e+03 1.235856316939822896e+01 5.297028703499605425e-03
3.291188286934105236e+03 1.235573019590568222e+01 5.283134141468148921e-03
3.291190601750191490e+03 1.236378229253643291e+01 5.322321264505152673e-03
3.291192916565811629e+03 1.235639570021788458e+01 5.285337267773874449e-03
3.291195231381897429e+03 1.235737613394293177e+01 5.287389075945619563e-03
3.291197546197518477e+03 1.234469300189165786e+01 5.226874146264060168e-03
3.291199861013603368e+03 1.236072469458640022e+01 5.311022539065515628e-03
3.291202175829223961e+03 1.238102622622865745e+01 5.398672149646174985e-03
3.291204490645310216e+03 1.237495204138710037e+01 5.363783840606587382e-03
3.291206805460930354e+03 1.238172417221358934e+01 5.405774242237035461e-03
3.291209120276550493e+03 1.236690402583781712e+01 5.329475977549756605e-03
3.291211435092635838e+03 1.236334974193453640e+01 5.311774530287872650e-03
3.291213749908256432e+03 1.236626965911702847e+01 5.321703976831202408e-03
3.291216064724343141e+03 1.238677287980504360e+01 5.412676978314693958e-03
3.291218379539962370e+03 1.236010697600672792e+01 5.292725512188016686e-03
3.291220694355583419e+03 1.234588529107700694e+01 5.222445974281430744e-03
3.291223009171669219e+03 1.236859462216507133e+01 5.322161461879796295e-03
3.291225323987289357e+03 1.236879672447265222e+01 5.322753218613382985e-03
3.291227638802909496e+03 1.237269765774112962e+01 5.341370936446280561e-03
3.291229953618530089e+03 1.239372818404155296e+01 5.443664055156870359e-03
3.291232268434615889e+03 1.237416363496346250e+01 5.349493226895694377e-03
3.291234583250236028e+03 1.235947311673347926e+01 5.279085135909146985e-03
3.291236898065856622e+03 1.234600269013134444e+01 5.210362504964517749e-03
3.291239212881477215e+03 1.235345875795684734e+01 5.246737704806506142e-03
3.291241527697562560e+03 1.237783767535001545e+01 5.361553492581726948e-03
3.291243842513182699e+03 1.235724219338086272e+01 5.261461401146845171e-03
3.291246157328802838e+03 1.236786352413354351e+01 5.319792346403733226e-03
3.291248472144423431e+03 1.236693437440306020e+01 5.305382721088071178e-03
3.291250786960044479e+03 1.236598364220958857e+01 5.303134287056887955e-03
3.291253101775665073e+03 1.237162784829861017e+01 5.329073667623129666e-03
3.291255416591285666e+03 1.238976845289258755e+01 5.415092066393620458e-03
3.291257731406905805e+03 1.237565849651723227e+01 5.349022598095354644e-03
3.291260046222525489e+03 1.238188165381514416e+01 5.365315301441332674e-03
3.291262361038146082e+03 1.237193771840815870e+01 5.322776046002434917e-03
3.291264675854231882e+03 1.239114261070728951e+01 5.412325638953473413e-03
3.291266990669852021e+03 1.239745251170929485e+01 5.442766512831668548e-03
3.291269305485472159e+03 1.240301625988916179e+01 5.471043307223871430e-03
3.291271620300627092e+03 1.239566481747548110e+01 5.432333782337580262e-03
3.291273935116247685e+03 1.237480727980442552e+01 5.327660224509618916e-03
3.291276249931867369e+03 1.239813182902604716e+01 5.440006629706212356e-03
3.291278564747487962e+03 1.239645455422252951e+01 5.424338027810551507e-03
3.291280879563108556e+03 1.237736032584011170e+01 5.336753345965413071e-03
3.291283194378728695e+03 1.239792887512809827e+01 5.436830737883566016e-03
3.291285509194348379e+03 1.237149313934699357e+01 5.308359444763642056e-03
3.291287824009968972e+03 1.237965435003858694e+01 5.341968833824399174e-03
3.291290138825589565e+03 1.239921304696097692e+01 5.433737693589732638e-03
3.291292453641209704e+03 1.239749258017545053e+01 5.426909849182766366e-03
3.291294768456364636e+03 1.241179071629518305e+01 5.496426506799856858e-03
3.291297083271984775e+03 1.240323583565412058e+01 5.452179036829398612e-03
3.291299398087604459e+03 1.240602049630166626e+01 5.466691201075748151e-03
3.291301712903224598e+03 1.239299893340591296e+01 5.400455575967800549e-03
3.291304027718844736e+03 1.241200991805451181e+01 5.491375636633800961e-03
3.291306342534000123e+03 1.240025961361070017e+01 5.433254863094943814e-03
3.291308657349620717e+03 1.239116200023712011e+01 5.381374056091886744e-03
3.291310972165240855e+03 1.240418939438991508e+01 5.456632540004541405e-03
3.291313286980395787e+03 1.239340468677646889e+01 5.391490612627943685e-03
3.291315601796015926e+03 1.241153570249634264e+01 5.490265326710982302e-03
3.291317916611636065e+03 1.241086206845258033e+01 5.478175458288095899e-03
3.291320231426790997e+03 1.240109545077813280e+01 5.435214001795883598e-03
3.291322546242411590e+03 1.239323513248779740e+01 5.391532043804855671e-03
3.291324861058031274e+03 1.242842850941149280e+01 5.566980303078203178e-03
3.291327175873186206e+03 1.240036884237960635e+01 5.428950211902000382e-03
3.291329490688806800e+03 1.240906161737586899e+01 5.473845585099309033e-03
3.291331805503960823e+03 1.242653248426537438e+01 5.549858577660762501e-03
3.291334120319580961e+03 1.241209270351412819e+01 5.476933017951907991e-03
3.291336435134735893e+03 1.238061983175423464e+01 5.321473268777842172e-03
3.291338749950356487e+03 1.240268271203948203e+01 5.427013784272445227e-03
3.291341064765510964e+03 1.239295522735715593e+01 5.384694113118259316e-03
3.291343379581130648e+03 1.243289524549395431e+01 5.579591850231914452e-03
3.291345694396286035e+03 1.240077742695696372e+01 5.417867213614369071e-03
3.291348009211906628e+03 1.239722023176080157e+01 5.402529838431037804e-03
3.291350324027060651e+03 1.241158209046064442e+01 5.478221079331660297e-03
3.291352638842680790e+03 1.241732594462459538e+01 5.501037811389804591e-03
3.291354953657836177e+03 1.240537438069136300e+01 5.445388186725144686e-03
3.291357268472990654e+03 1.241416688917158773e+01 5.493225411401420760e-03
3.291359583288609883e+03 1.240590235644463490e+01 5.443064652963471549e-03
3.291361898103764815e+03 1.241078834745063553e+01 5.468310394770831140e-03
3.291364212918920202e+03 1.241094049622403261e+01 5.467557422650197452e-03
3.291366527734539432e+03 1.242657091876232833e+01 5.547325717854546291e-03
3.291368842549693909e+03 1.240073732188717948e+01 5.415098334147154524e-03
3.291371157364849751e+03 1.240830253001248806e+01 5.451025552840200669e-03
3.291373472180469889e+03 1.242994275570502261e+01 5.559994689820609015e-03
3.291375786995623912e+03 1.240866773863722017e+01 5.452912330356739223e-03
3.291378101810778844e+03 1.241493721585089816e+01 5.485800342487349990e-03
3.291380416625934231e+03 1.241631914167346018e+01 5.495546533358695342e-03
3.291382731441088254e+03 1.240389282216455058e+01 5.432970970810076933e-03
3.291385046256708847e+03 1.240121079899062195e+01 5.415537579007805025e-03
3.291387361071863779e+03 1.240557008558537255e+01 5.437168092036190337e-03
3.291389675887017802e+03 1.240175716073606438e+01 5.415811150943839435e-03
3.291391990702172734e+03 1.242074174844480083e+01 5.517415965515285250e-03
3.291394305517326757e+03 1.240422725491338696e+01 5.430496147325182370e-03
3.291396620332482598e+03 1.240162949037536677e+01 5.417799772216869494e-03
3.291398935147636621e+03 1.238594408510826916e+01 5.342502499145049787e-03
3.291401249963257214e+03 1.239982022096488556e+01 5.412678012894476913e-03
3.291403564778412147e+03 1.240521432462134399e+01 5.438411792837140324e-03
3.291405879593566624e+03 1.241126116908445809e+01 5.466450680025656747e-03
3.291408194408720647e+03 1.242270407818349121e+01 5.522725868902129964e-03
3.291410509223875579e+03 1.240216719038653359e+01 5.417218599911712007e-03
3.291412824039030511e+03 1.241455777241904812e+01 5.488911103601128508e-03
3.291415138854184534e+03 1.241739148179901342e+01 5.493615004624502474e-03
3.291417453669339011e+03 1.239316719015027957e+01 5.372316522646724754e-03
3.291419768484027827e+03 1.241809567844128637e+01 5.501307030823372052e-03
3.291422083299183214e+03 1.240638446633937875e+01 5.442097380749596688e-03
3.291424398114337237e+03 1.240906768087143952e+01 5.461449741503182805e-03
3.291426712929492169e+03 1.238993949624514990e+01 5.364034859207050289e-03
3.291429027744648010e+03 1.240330095492113216e+01 5.426484646897225539e-03
3.291431342559802033e+03 1.239531538796603982e+01 5.389219977867439580e-03
3.291433657374956510e+03 1.240648514255721757e+01 5.442210835224325742e-03
3.291435972190110988e+03 1.237848084022330752e+01 5.300379736112671714e-03
3.291438287004800259e+03 1.242023571972552887e+01 5.504406277708840181e-03
3.291440601819954281e+03 1.241385761751737427e+01 5.480216813194698638e-03
3.291442916635109214e+03 1.239883773249867893e+01 5.402657141617178867e-03
3.291445231450264600e+03 1.240887975068458715e+01 5.462002951158844051e-03
3.291447546265418623e+03 1.239037358031796821e+01 5.365821325755017364e-03
3.291449861080106984e+03 1.239844164329559462e+01 5.397940515594379200e-03
3.291452175895261917e+03 1.239923591467418618e+01 5.400800655731871451e-03
3.291454490710416394e+03 1.238947098926468016e+01 5.359844965141027755e-03
3.291456805525105665e+03 1.240415947810620878e+01 5.428648661565203121e-03
3.291459120340260597e+03 1.237297455320316963e+01 5.283436452767960138e-03
3.291461435155415529e+03 1.239835380051983194e+01 5.411530404925909976e-03
3.291463749970103891e+03 1.239958026625464171e+01 5.408238124838851170e-03
3.291466064785257913e+03 1.240338356048746604e+01 5.430281930031637984e-03
3.291468379599947639e+03 1.239207852136319055e+01 5.370286064901446353e-03
3.291470694415102571e+03 1.239147714675691070e+01 5.369403529637460648e-03
3.291473009230256594e+03 1.240385676674027238e+01 5.431163793095646584e-03
3.291475324044945864e+03 1.238603768493170953e+01 5.349419411725214041e-03
3.291477638860100342e+03 1.237264276719781009e+01 5.281997138487423867e-03
3.291479953674789613e+03 1.241065618229532141e+01 5.469231702681960107e-03
3.291482268489943635e+03 1.238990564342438105e+01 5.360998792833668140e-03
3.291484583304632906e+03 1.237982080349826752e+01 5.314487843361381282e-03
3.291486898119788293e+03 1.237826555486088687e+01 5.305529116741635257e-03
3.291489212934477564e+03 1.236392342394237076e+01 5.237879700460929683e-03
3.291491527749165471e+03 1.238040866561254383e+01 5.321924567286820396e-03
3.291493842564320403e+03 1.237914724684826773e+01 5.315919800748331037e-03
3.291496157379010128e+03 1.237770968927305937e+01 5.311031872255208078e-03
3.291498472194164606e+03 1.237679883290761929e+01 5.307940557873281132e-03
3.291500787008853422e+03 1.235676877963030407e+01 5.218191761843544475e-03
3.291503101823542238e+03 1.235754052947438275e+01 5.212812595465564705e-03
3.291505416638697170e+03 1.236479923123348357e+01 5.250553566616955430e-03
3.291507731453385531e+03 1.238344563892632699e+01 5.342967247638582065e-03
3.291510046268073893e+03 1.236640529384916221e+01 5.261003878061235907e-03
3.291512361083229735e+03 1.237968326065848146e+01 5.326149380685259865e-03
3.291514675897918096e+03 1.236129725831557558e+01 5.236945212865005798e-03
3.291516990712606912e+03 1.237449506280362321e+01 5.298677288302675037e-03
3.291519305527296638e+03 1.237456664766346570e+01 5.297182150894791559e-03
3.291521620342450660e+03 1.237631191345999326e+01 5.309476127041104672e-03
3.291523935157139476e+03 1.235058120671533999e+01 5.185043058207744471e-03
3.291526249971828292e+03 1.236477103741143679e+01 5.251963530027271322e-03
3.291528564786518018e+03 1.236906095213247880e+01 5.271833953929202198e-03
3.291530879601206379e+03 1.234832022255150008e+01 5.169635834426178009e-03
3.291533194415896105e+03 1.237310071368911402e+01 5.295386343933119848e-03
3.291535509231050582e+03 1.235756220647299664e+01 5.222224463368024643e-03
3.291537824045738944e+03 1.236034301490443177e+01 5.229764485817947964e-03
3.291540138860427760e+03 1.236585765106353918e+01 5.259026103904136142e-03
3.291542453675117031e+03 1.235125819071316577e+01 5.190532578711994430e-03
3.291544768489807211e+03 1.236499380383033397e+01 5.254637595148907089e-03
3.291547083304495573e+03 1.235591514268951130e+01 5.206704307964359242e-03
3.291549398119184843e+03 1.236649784334504254e+01 5.265836661337707988e-03
3.291551712933874569e+03 1.235308738792270233e+01 5.199395469441095256e-03
3.291554027748562476e+03 1.234422340096978132e+01 5.157626460055698622e-03
3.291556342563251746e+03 1.236053320975877945e+01 5.239964109268831563e-03
3.291558657377941017e+03 1.235219416266032333e+01 5.198908654820176729e-03
3.291560972192629379e+03 1.235260186449634645e+01 5.198318191106403655e-03
3.291563287007318650e+03 1.235609598406680476e+01 5.215209513269564168e-03
3.291565601822007011e+03 1.235610026679409756e+01 5.219894397139785563e-03
3.291567916636231075e+03 1.235735217191805368e+01 5.224704801045474030e-03
3.291570231450919891e+03 1.235378170257161301e+01 5.201925285438088568e-03
3.291572546265608707e+03 1.235595951803459158e+01 5.223178568912655896e-03
3.291574861080297978e+03 1.234822793719059497e+01 5.179696078691001758e-03
3.291577175894986340e+03 1.236711017833935777e+01 5.267047585943705409e-03
3.291579490709675611e+03 1.233488404441839847e+01 5.121525603495588608e-03
3.291581805523897856e+03 1.233603586546901631e+01 5.118986486661139187e-03
3.291584120338587582e+03 1.234526028628041772e+01 5.165155277101579796e-03
3.291586435153276398e+03 1.234122020688993793e+01 5.145774288540592122e-03
3.291588749967965668e+03 1.236304964879405510e+01 5.245711946440473859e-03
3.291591064782188823e+03 1.235085341122468883e+01 5.190110362523304294e-03
3.291593379596878549e+03 1.233288209991649431e+01 5.109518085348910624e-03
3.291595694411566456e+03 1.236274907390030897e+01 5.248076778908492349e-03
3.291598009225789610e+03 1.234295229200772681e+01 5.148207554905501020e-03
3.291600324040478881e+03 1.235423393070321652e+01 5.204097511181040615e-03
3.291602638855169062e+03 1.235638620527554465e+01 5.213350739591816885e-03
3.291604953669391762e+03 1.233811908113024458e+01 5.126959195862079537e-03
3.291607268484081033e+03 1.235826787382154990e+01 5.226844365555832587e-03
3.291609583298304642e+03 1.233463896522388836e+01 5.117026311456940313e-03
3.291611898112993458e+03 1.233323490542884571e+01 5.106312698226037755e-03
3.291614212927681365e+03 1.235247519297554142e+01 5.194513312541917255e-03
3.291616527741905429e+03 1.235785255826817775e+01 5.223166074889651345e-03
3.291618842556594245e+03 1.235058282388699524e+01 5.192785175128160347e-03
3.291621157370817400e+03 1.233381911794259800e+01 5.108108644100783219e-03
3.291623472185507126e+03 1.235781838330266780e+01 5.234794990629084051e-03
3.291625786999730281e+03 1.234821522741395938e+01 5.173371340590138083e-03
3.291628101813953435e+03 1.234229210942866928e+01 5.150897952569618438e-03
3.291630416628641797e+03 1.233929380850827506e+01 5.138850709018065975e-03
3.291632731442865406e+03 1.234089588630641110e+01 5.143342044599937858e-03
3.291635046257555132e+03 1.235698326287644200e+01 5.218774298906283214e-03
3.291637361071777377e+03 1.233737631571800364e+01 5.123658690957943324e-03
3.291639675886000987e+03 1.234836041393878148e+01 5.175957760563991254e-03
3.291641990700690258e+03 1.233647868247131463e+01 5.125329471442049978e-03
3.291644305514913412e+03 1.234645791247610269e+01 5.164506117918347960e-03
3.291646620329136567e+03 1.234952581845467279e+01 5.179438567581317633e-03
3.291648935143824929e+03 1.233595905671054105e+01 5.117206783752216784e-03
3.291651249958048993e+03 1.234325071811221264e+01 5.145156959382707514e-03
3.291653564772272148e+03 1.234232076095495323e+01 5.140470435033136533e-03
3.291655879586961419e+03 1.233438430495714400e+01 5.108365399494882615e-03
3.291658194401185028e+03 1.234821052500903349e+01 5.168836996574528199e-03
3.291660509215408638e+03 1.235673009908030551e+01 5.211861801572749073e-03
3.291662824029631338e+03 1.235446293585873612e+01 5.197883734314478511e-03
3.291665138843854947e+03 1.233571155130003483e+01 5.119202987614787474e-03
3.291667453658544218e+03 1.234513353086604326e+01 5.160445127449145471e-03
3.291669768472766918e+03 1.233404719942844885e+01 5.100775454135644989e-03
3.291672083286990528e+03 1.232964210534544591e+01 5.083683667777027550e-03
3.291674398101214138e+03 1.236428353185407225e+01 5.240933915279606149e-03
3.291676712915437747e+03 1.234810254395374685e+01 5.168679403504177795e-03
3.291679027729660447e+03 1.233801951015216858e+01 5.124800303201761109e-03
3.291681342543884057e+03 1.236228256248481472e+01 5.230615803724436054e-03
3.291683657358107666e+03 1.233259008091757636e+01 5.095815259762844981e-03
3.291685972172330366e+03 1.234185260364808556e+01 5.133790383489599506e-03
3.291688286986553521e+03 1.234685800544564493e+01 5.156126583335342295e-03
3.291690601800777131e+03 1.235241125882643232e+01 5.179999569415350176e-03
3.291692916615000286e+03 1.235339195037644444e+01 5.184028674760376293e-03
3.291695231429223441e+03 1.235285243897849305e+01 5.181474073215403507e-03
3.291697546243447050e+03 1.234768196977295673e+01 5.155469285975306133e-03
3.291699861057670205e+03 1.234650425659821948e+01 5.155438874632869636e-03
3.291702175871893360e+03 1.232857048157227098e+01 5.074387973997592297e-03
3.291704490686116515e+03 1.234434957280604195e+01 5.145842762638390237e-03
3.291706805500340124e+03 1.235486642238823407e+01 5.188781985741090265e-03
3.291709120314563734e+03 1.233828598500775975e+01 5.108568010283530934e-03
3.291711435128320772e+03 1.235067452012290623e+01 5.166479970094801227e-03
3.291713749942543927e+03 1.234872814822090348e+01 5.158851804769590266e-03
3.291716064756767992e+03 1.235801209418726287e+01 5.207129330729721832e-03
3.291718379570991601e+03 1.235253408041068290e+01 5.174432688694016388e-03
3.291720694385214301e+03 1.236713417245337432e+01 5.239964886401910805e-03
3.291723009198972250e+03 1.234489658271681378e+01 5.136381445595134335e-03
3.291725324013195404e+03 1.234319400931625488e+01 5.132115481112003129e-03
3.291727638827419014e+03 1.234530389816144336e+01 5.136535259741335444e-03
3.291729953641641259e+03 1.233367072020550737e+01 5.085071159637680714e-03
3.291732268455400117e+03 1.234546879802229036e+01 5.142433922003513541e-03
3.291734583269623727e+03 1.233789780152806337e+01 5.091761772316104502e-03
3.291736898083846427e+03 1.234048339388629856e+01 5.114594167352226779e-03
3.291739212897603920e+03 1.234855547774326467e+01 5.147751519608960782e-03
3.291741527711827985e+03 1.235717839189727307e+01 5.180888119057423455e-03
3.291743842525585023e+03 1.234120919905309677e+01 5.112329822984294087e-03
3.291746157339808178e+03 1.234473493453570825e+01 5.128346022662513132e-03
3.291748472154031333e+03 1.235064616740989507e+01 5.157751157232067993e-03
3.291750786967789281e+03 1.234825937380447769e+01 5.143934086333834359e-03
3.291753101782012436e+03 1.235479925853446836e+01 5.173767164752885936e-03
3.291755416595769930e+03 1.237467478887562855e+01 5.264281127331885482e-03
3.291757731409993994e+03 1.234081424600740284e+01 5.104012816996423424e-03
3.291760046223751488e+03 1.236387627047905724e+01 5.215782406491528342e-03
3.291762361037974188e+03 1.236357386496753286e+01 5.209869088434166892e-03
3.291764675851732136e+03 1.235999702245695175e+01 5.195024950123876620e-03
3.291766990665956655e+03 1.234958883909401273e+01 5.143828523664935662e-03
3.291769305479713694e+03 1.233684528906753819e+01 5.084520273311225573e-03
3.291771620293472097e+03 1.237148028995961191e+01 5.246011459251886597e-03
3.291773935107695252e+03 1.236633694814181084e+01 5.224451776709247014e-03
3.291776249921452290e+03 1.235094344131180222e+01 5.148122080919167835e-03
3.291778564735209329e+03 1.235382607393937882e+01 5.163803571510238236e-03
3.291780879549432939e+03 1.234965938937678587e+01 5.141926223345012412e-03
3.291783194363191797e+03 1.236318661161127430e+01 5.200126349190406852e-03
3.291785509176947926e+03 1.235333225708130200e+01 5.162772997959033487e-03
3.291787823991171535e+03 1.235471577080916106e+01 5.167718305773493295e-03
3.291790138804929029e+03 1.236314033912964305e+01 5.202180137606599551e-03
3.291792453618686977e+03 1.236029512307542433e+01 5.192963998717986876e-03
3.291794768432444471e+03 1.238132093212759521e+01 5.292995172864341756e-03
3.291797083246668080e+03 1.236003682146760241e+01 5.182583901722697534e-03
3.291799398060426029e+03 1.237925370759283084e+01 5.276715247896838872e-03
3.291801712874183522e+03 1.237391494237839851e+01 5.256550341067495018e-03
3.291804027687940561e+03 1.235292501734864956e+01 5.159400548475014288e-03
3.291806342501698509e+03 1.236913182066345129e+01 5.226652576816065432e-03
3.291808657315456458e+03 1.236352527597714257e+01 5.199447757809260925e-03
3.291810972129679612e+03 1.236527665642533869e+01 5.206964113575919192e-03
3.291813286943437106e+03 1.236192443917955330e+01 5.191239889931065742e-03
3.291815601757195509e+03 1.236862495040423582e+01 5.220026485050906565e-03
3.291817916570952548e+03 1.236845320445146612e+01 5.216998244673187561e-03
3.291820231384710496e+03 1.237057378532334440e+01 5.229702706386384417e-03
3.291822546198468444e+03 1.237583344536669827e+01 5.254217414295520028e-03
3.291824861012225938e+03 1.235282066738954931e+01 5.144197703940070823e-03
3.291827175825983431e+03 1.235768473044257121e+01 5.166712326656204210e-03
3.291829490639740925e+03 1.238710347689890767e+01 5.304435258433446224e-03
3.291831805453499328e+03 1.237874464323538959e+01 5.262662997597823342e-03
3.291834120267256367e+03 1.236831808238501473e+01 5.219995237030431584e-03
3.291836435081013406e+03 1.236114842824405535e+01 5.178047005969406251e-03
3.291838749894772263e+03 1.235513701170959067e+01 5.157879633628039556e-03
3.291841064708064550e+03 1.235415476704763549e+01 5.147155566663813575e-03
3.291843379521821589e+03 1.233974609100511444e+01 5.079496760419963293e-03
3.291845694335579537e+03 1.236363031946201652e+01 5.185120404654728656e-03
3.291848009149337486e+03 1.237972770719062510e+01 5.267185039558596599e-03
3.291850323963094525e+03 1.234978030499541468e+01 5.124715274706017655e-03
3.291852638776851563e+03 1.235940419401272727e+01 5.170991381665493263e-03
3.291854953590143396e+03 1.237418777589217989e+01 5.245911780650256914e-03
3.291857268403901344e+03 1.239353290048451051e+01 5.330062655540853365e-03
3.291859583217658383e+03 1.235176935341094762e+01 5.135938851275658953e-03
3.291861898031415876e+03 1.236297124340896580e+01 5.185396257614437697e-03
3.291864212844708618e+03 1.236600074645231473e+01 5.196823996972748001e-03
3.291866527658466566e+03 1.237973742441776359e+01 5.266246636046653315e-03
3.291868842472223605e+03 1.236993121288919006e+01 5.214923594522116214e-03
3.291871157285515892e+03 1.237107053726863271e+01 5.221308563769342000e-03
3.291873472099273386e+03 1.236190111102982847e+01 5.180709274987037836e-03
3.291875786913030879e+03 1.236832725500362251e+01 5.197450369866789266e-03
3.291878101726323621e+03 1.235529782878080596e+01 5.151863474806280679e-03
3.291880416540081569e+03 1.237549583157945676e+01 5.233031129162970217e-03
3.291882731353373401e+03 1.235096526931486594e+01 5.120848717477482701e-03
3.291885046167130895e+03 1.237164266169467908e+01 5.216651522991508708e-03
3.291887360980888843e+03 1.237657147557375836e+01 5.243619595397868739e-03
3.291889675794181585e+03 1.237568905487533222e+01 5.240387163766488214e-03
3.291891990607938624e+03 1.236402300095658724e+01 5.183206681518549158e-03
3.291894305421230001e+03 1.236069648366133400e+01 5.165060762191083649e-03
3.291896620234987950e+03 1.237007725845724515e+01 5.205867634008716494e-03
3.291898935048280691e+03 1.238066163748288595e+01 5.260124165512401230e-03
3.291901249861572069e+03 1.236354610055217940e+01 5.183674498058414917e-03
3.291903564675330017e+03 1.237094452450741500e+01 5.212922570381963924e-03
3.291905879488621849e+03 1.238385240791315667e+01 5.271549961486368327e-03
3.291908194302379343e+03 1.236684776979723210e+01 5.190289161678624322e-03
3.291910509115671175e+03 1.236729756441484973e+01 5.198828539995251595e-03
3.291912823928963462e+03 1.236056187997281697e+01 5.159997606672334265e-03
3.291915138742721410e+03 1.236362212085077417e+01 5.185702764037548006e-03
3.291917453556012333e+03 1.236701052722973238e+01 5.191967141068296390e-03
3.291919768369305075e+03 1.237130850146376915e+01 5.208019528146434936e-03
3.291922083183062568e+03 1.236225188272043418e+01 5.167665114810000154e-03
3.291924397996353946e+03 1.236133092810795553e+01 5.162786116777956166e-03
3.291926712809645323e+03 1.237789382997740084e+01 5.240582371183489900e-03
3.291929027622938065e+03 1.235544259083562757e+01 5.138102855433251438e-03
3.291931342436696468e+03 1.235317056541144609e+01 5.121534424937321077e-03
3.291933657249988755e+03 1.235940939104439096e+01 5.159639903233174604e-03
3.291935972063280133e+03 1.237169995624369356e+01 5.211811804453151016e-03
3.291938286876572420e+03 1.237415043796925218e+01 5.224748370146498934e-03
3.291940601689864707e+03 1.236592051692972127e+01 5.183598446357902227e-03
3.291945231316914033e+03 1.236312009354731600e+01 5.181491496822051256e-03
3.291947546130206320e+03 1.235255783834217169e+01 5.121397842981875032e-03
3.291949860943498152e+03 1.236286207691100003e+01 5.174527820789360036e-03
3.291952175756789529e+03 1.237854624650234570e+01 5.245286846324728226e-03
3.291954490570082271e+03 1.234589125087246231e+01 5.092871247465324824e-03
3.291959120196665481e+03 1.236130009584433331e+01 5.161811740337396946e-03
3.291961435009958223e+03 1.236552893093090333e+01 5.187753506433941467e-03
3.291963749823250510e+03 1.234457669513165001e+01 5.089889957714423610e-03
3.291966064636541887e+03 1.235636486034743164e+01 5.144091883042554818e-03
3.291968379449833719e+03 1.235813542131564091e+01 5.148136216553042196e-03
3.291970694263126006e+03 1.235939932271441499e+01 5.153682555085625609e-03
3.291973009075952632e+03 1.237558898593311696e+01 5.236190263120168824e-03
3.291977638702535842e+03 1.236082033638740008e+01 5.161231425733906093e-03
3.291979953515828583e+03 1.235328314055432308e+01 5.134986448041556351e-03
3.291982268329120416e+03 1.236938828233254561e+01 5.197241891143900006e-03
3.291984583142412703e+03 1.237355918776142261e+01 5.224953259018749220e-03
3.291986897955704990e+03 1.235450307560840955e+01 5.132486370739893118e-03
3.291989212768531615e+03 1.235284487892671734e+01 5.127229453244531825e-03
3.291991527581822538e+03 1.234583806932946359e+01 5.093267280366260870e-03
3.291993842395114825e+03 1.237365430904788433e+01 5.224273050120430140e-03
3.291996157208407567e+03 1.236995654321683169e+01 5.203812153389897506e-03
3.291998472021232828e+03 1.237029490853246116e+01 5.202080076892978515e-03
3.292000786834524661e+03 1.236512322716074763e+01 5.176816049051879629e-03
3.292003101647816948e+03 1.236278401361635204e+01 5.168841318923290962e-03
3.292005416460643573e+03 1.236075538736858448e+01 5.157172466274267258e-03
3.292007731273934951e+03 1.235705002997264224e+01 5.149653113276645572e-03
3.292010046087226328e+03 1.235018486295471440e+01 5.110925510019347605e-03
3.292014675713345241e+03 1.237426217077100965e+01 5.221375328736661478e-03
3.292016990526171412e+03 1.236087658986141058e+01 5.159185473708216910e-03
3.292019305339464154e+03 1.236051595715479579e+01 5.152956240004428860e-03
3.292021620152290325e+03 1.236956435397578780e+01 5.200730084250938454e-03
3.292026249778407873e+03 1.237328169276848655e+01 5.214952988837904917e-03
3.292028564591700615e+03 1.235139880046141414e+01 5.112330261894973589e-03
3.292033194217818618e+03 1.236963389488850495e+01 5.200600440014339736e-03
3.292035509030644789e+03 1.235250324753429219e+01 5.120898488312200167e-03
3.292037823843938440e+03 1.236496796494775019e+01 5.183411684184780627e-03
3.292040138656764611e+03 1.236417355170346966e+01 5.170326219018478962e-03
3.292042453469589873e+03 1.236496398898043836e+01 5.177972955528541144e-03
3.292044768282882615e+03 1.234076045707537261e+01 5.062450904919285795e-03
3.292047083095709240e+03 1.235354645323143075e+01 5.123957447054918422e-03
3.292049397908534957e+03 1.235953330939138617e+01 5.150746316150172331e-03
3.292051712721827244e+03 1.235063852918055538e+01 5.115728424550663664e-03
3.292054027534653869e+03 1.237753820376745217e+01 5.233649280980793260e-03
3.292056342347480040e+03 1.233578362734973588e+01 5.040075110365752759e-03
3.292058657160771418e+03 1.235610366172263141e+01 5.140065499356856298e-03
3.292060971973598043e+03 1.233865871328313446e+01 5.052018776742268728e-03
3.292065601599249931e+03 1.236097931301375930e+01 5.160405391640201893e-03
3.292067916412077011e+03 1.235985511207827159e+01 5.151368441064211982e-03
3.292070231225368843e+03 1.235077178276167942e+01 5.110633432890257337e-03
3.292072546038195014e+03 1.234766550286270359e+01 5.099242165082574704e-03
3.292074860851021185e+03 1.232726682598015877e+01 5.005003605964151309e-03
3.292077175663847356e+03 1.235039950449140100e+01 5.113962729414208395e-03
3.292079490476674437e+03 1.236732901693004116e+01 5.187307318145343779e-03
3.292081805289500608e+03 1.235371294467006109e+01 5.126208417545320521e-03
3.292084120102325869e+03 1.235226089035504771e+01 5.119095611181075089e-03
3.292086434915153404e+03 1.233875347517503585e+01 5.057070466587017601e-03
3.292088749727980030e+03 1.234563670510024913e+01 5.091166168662825293e-03
3.292091064540805746e+03 1.234790824880166227e+01 5.101035323245045605e-03
3.292093379353632372e+03 1.235338729924967716e+01 5.123377083691658777e-03
3.292095694166459452e+03 1.233487865933640570e+01 5.042816505138918853e-03
3.292098008979285623e+03 1.237384503005166891e+01 5.222117332056340835e-03
3.292100323792110885e+03 1.233842401427099311e+01 5.055804495811398562e-03
3.292102638604937965e+03 1.235081166801512609e+01 5.112838390477356804e-03
3.292104953417764591e+03 1.234147159171914154e+01 5.076110442567638784e-03
3.292107268230590307e+03 1.234628595249419369e+01 5.091475052591117913e-03
3.292109583043416933e+03 1.234818940640340834e+01 5.104169628336301806e-03
3.292111897856243559e+03 1.234562863162569357e+01 5.091703103463076155e-03
3.292114212668604068e+03 1.235929304342863944e+01 5.151091940638715359e-03
3.292116527481429330e+03 1.235647206632183881e+01 5.137326996491418246e-03
3.292118842294256410e+03 1.234362323419070151e+01 5.078962601623422321e-03
3.292121157107083036e+03 1.236374953554229883e+01 5.171498945207894660e-03
3.292123471919909207e+03 1.232751262327946407e+01 5.016042017234358108e-03
3.292125786732270171e+03 1.235014503148948783e+01 5.105008356895275774e-03
3.292128101545095888e+03 1.233987783185652454e+01 5.060519076037946207e-03
3.292130416357922513e+03 1.235240361865188419e+01 5.121738335305817645e-03
3.292132731170748229e+03 1.233718835605119502e+01 5.050978121699303651e-03
3.292135045983109194e+03 1.233871562161877833e+01 5.054080725227044942e-03
3.292137360795935365e+03 1.235784887941076171e+01 5.139324563330729956e-03
3.292139675608762445e+03 1.236423999764397053e+01 5.169178965529934618e-03
3.292141990421123410e+03 1.234552922049881651e+01 5.085134392864962619e-03
3.292144305233950035e+03 1.235814390815612818e+01 5.144624862148640225e-03
3.292146620046310545e+03 1.235406585153273795e+01 5.121315230860149989e-03
3.292148934859135807e+03 1.233441349742319737e+01 5.030644776853524132e-03
3.292151249671496771e+03 1.236617083818520513e+01 5.185226255029664298e-03
3.292153564484323397e+03 1.234642335135695568e+01 5.085651893970851399e-03
3.292155879296683906e+03 1.236923922632437112e+01 5.186276055279093883e-03
3.292158194109510077e+03 1.236464612508659044e+01 5.164808103122796659e-03
3.292160508921871042e+03 1.235712474541089456e+01 5.130627079014826383e-03
3.292162823734697668e+03 1.235162683842580833e+01 5.106005577356334015e-03
3.292165138547057722e+03 1.234439396979830406e+01 5.077468413786690588e-03
3.292167453359883893e+03 1.235107922438016104e+01 5.102930877811565069e-03
3.292169768172245313e+03 1.235513562225234629e+01 5.118462780615748962e-03
3.292172082985071484e+03 1.236144719105364054e+01 5.148241290748231495e-03
3.292174397797431538e+03 1.235347338927810412e+01 5.111326902230596894e-03
3.292176712609792958e+03 1.236745929752699702e+01 5.170375318743037664e-03
3.292179027422619583e+03 1.235357239606015156e+01 5.107686976124132215e-03
3.292181342234979638e+03 1.236466191761377154e+01 5.170714241077994239e-03
3.292183657047340603e+03 1.238756798391436575e+01 5.271670750553012971e-03
3.292185971860167228e+03 1.235305869014455737e+01 5.103752460927005359e-03
3.292188286672527283e+03 1.238080944961745011e+01 5.232754249187872644e-03
3.292190601484887338e+03 1.234809857114226261e+01 5.080235649189045188e-03
3.292192916297249212e+03 1.235858071603211350e+01 5.129716628707424973e-03
3.292195231110075383e+03 1.238142596135047846e+01 5.234569990880542228e-03
3.292197545922435893e+03 1.236817440418868408e+01 5.170478340566710303e-03
3.292199860734796403e+03 1.237116643253839499e+01 5.182086755382227933e-03
3.292202175547157367e+03 1.235794023199332869e+01 5.125989907535414072e-03
3.292204490359517877e+03 1.236894336143938489e+01 5.172201224966855443e-03
3.292206805171877932e+03 1.237503997076303008e+01 5.200191628227237434e-03
3.292209119984238896e+03 1.236969550434482734e+01 5.174613853540145463e-03
3.292211434797065976e+03 1.238707292082421674e+01 5.262402803336818299e-03
3.292213749609426031e+03 1.238382006400242119e+01 5.237220057565215511e-03
3.292216064421786996e+03 1.239011731501389413e+01 5.268393863643213056e-03
3.292218379234147960e+03 1.237414930196338858e+01 5.189929345626793054e-03
3.292220694046508470e+03 1.236467580492312379e+01 5.150785053519305913e-03
3.292223008858868525e+03 1.235177588022270179e+01 5.087115007891771130e-03
3.292225323671229489e+03 1.239311323978241752e+01 5.282545348119587446e-03
3.292227638483590454e+03 1.237921778524568772e+01 5.214715361853680675e-03
3.292229953295950963e+03 1.236472111858432754e+01 5.146040142915133016e-03
3.292232268108311018e+03 1.239916615771141295e+01 5.311343556421040807e-03
3.292234582920205867e+03 1.240684239061198824e+01 5.340559287846971016e-03
3.292236897732567741e+03 1.237436905124371123e+01 5.184257174199279408e-03
3.292239212544927341e+03 1.237447230301721035e+01 5.189251258440955028e-03
3.292241527357288760e+03 1.238450649092747824e+01 5.236393588595011916e-03
3.292243842169650634e+03 1.236778081110795213e+01 5.159009266442432344e-03
3.292246156982010689e+03 1.237351325180481254e+01 5.183613362823352201e-03
3.292248471794370744e+03 1.238960451497021431e+01 5.259222768745037274e-03
3.292250786606266047e+03 1.237228123329106033e+01 5.173224095344008434e-03
3.292253101418627011e+03 1.236306207768057774e+01 5.135384735762406512e-03
3.292255416230987521e+03 1.237214414598755852e+01 5.176562410082798452e-03
3.292257731043348485e+03 1.238679653154649429e+01 5.240451852624609941e-03
3.292260045855243334e+03 1.239296908055197299e+01 5.271356921158487641e-03
3.292262360667603389e+03 1.239261661477561915e+01 5.267344520333906363e-03
3.292264675479963898e+03 1.238845475060876389e+01 5.257040960116516823e-03
3.292266990291858747e+03 1.237090339204215717e+01 5.161498019446686056e-03
3.292269305104220166e+03 1.239845209116246316e+01 5.304471124056434235e-03
3.292489212223536924e+03 1.234321476298952369e+01 5.049219745904926122e-03
3.292491527034966566e+03 1.233812226271017032e+01 5.026605004170784340e-03
3.292493841845930092e+03 1.235196533168434385e+01 5.093803589973778211e-03
3.292496156657359279e+03 1.234707880877292396e+01 5.063695036686777749e-03
3.292498471468788921e+03 1.234387747702483473e+01 5.055796648846742382e-03
3.292500786280218563e+03 1.233952702229114706e+01 5.030648638083680922e-03
3.292503101091646840e+03 1.233832557359775706e+01 5.028366620345276275e-03
3.292505415903076482e+03 1.233773561626202486e+01 5.027979527613526782e-03
3.292507730714040463e+03 1.233075598170971432e+01 4.996429214946833917e-03
3.292510045525469650e+03 1.233961784964949970e+01 5.041604432032384571e-03
3.292512360336898837e+03 1.234089258880475803e+01 5.041431945923615342e-03
3.292514675148328934e+03 1.233096321091026759e+01 4.995566541075275625e-03
3.292516989959292459e+03 1.235942229960492078e+01 5.131102771991399858e-03
3.292519304770721646e+03 1.232165949554950402e+01 4.960547899972291182e-03
3.292521619582150834e+03 1.233182635631707846e+01 5.002040833444725693e-03
3.292523934393114359e+03 1.233139528336018387e+01 5.000311294607923465e-03
3.292526249204544001e+03 1.235636657343746236e+01 5.121029282797994256e-03
3.292528564015972734e+03 1.232823447307661446e+01 4.992072399770015011e-03
3.292530878826937169e+03 1.233615213706996627e+01 5.032040833046981868e-03
3.292533193638366356e+03 1.232395309096845537e+01 4.965329938723279761e-03
3.292535508449329427e+03 1.231445581727337846e+01 4.933674559876742062e-03
3.292537823260759978e+03 1.232591444494215516e+01 4.988780500106993095e-03
3.292540138071723959e+03 1.230888378313424525e+01 4.901108992510589714e-03
3.292542452883153146e+03 1.232599725339674102e+01 4.976472022477907570e-03
3.292544767694115762e+03 1.232556165891324262e+01 4.973887010953435828e-03
3.292547082505545404e+03 1.231186655008412778e+01 4.915831348724955009e-03
3.292549397316509385e+03 1.231253959856685398e+01 4.920535257893765557e-03
3.292551712127938572e+03 1.234579574188208184e+01 5.068965600546222923e-03
3.292554026938902553e+03 1.232944699576731651e+01 4.988352831058243640e-03
3.292556341750331740e+03 1.232179037519800247e+01 4.966654501797883661e-03
3.292558656561295720e+03 1.232590403957420300e+01 4.974730481629474274e-03
3.292560971372258336e+03 1.233846501550964625e+01 5.031704989930748176e-03
3.292563286183688433e+03 1.232217928275066932e+01 4.962101985276056934e-03
3.292565600994652414e+03 1.231852223484411901e+01 4.948324890528235827e-03
3.292567915805615485e+03 1.232216808084531579e+01 4.960126171180747993e-03
3.292570230616579465e+03 1.232515831090299407e+01 4.971332001894267043e-03
3.292572545428009562e+03 1.232877187042805822e+01 4.992074838705733326e-03
3.292574860238972633e+03 1.232010551135485699e+01 4.959972147334998360e-03
3.292577175049935249e+03 1.231856845289815183e+01 4.947801631984787354e-03
3.292579489860900139e+03 1.231272931707578877e+01 4.918346232063743745e-03
3.292581804672329781e+03 1.231941213966196003e+01 4.946701751404525803e-03
3.292584119483292397e+03 1.233689816500343639e+01 5.025786544514094373e-03
3.292586434294256833e+03 1.233701808909245656e+01 5.027415489810668076e-03
3.292588749105221723e+03 1.232387744688399600e+01 4.965662323779376601e-03
3.292591063916184339e+03 1.233109550428807744e+01 4.995678852308441630e-03
3.292593378727147865e+03 1.233791598349587382e+01 5.027894646912087900e-03
3.292595693538111846e+03 1.233819203122481056e+01 5.027845206635447872e-03
3.292598008349075371e+03 1.232925077216408916e+01 4.986329181216344296e-03
3.292600323160038897e+03 1.232570628709762239e+01 4.974295588840691590e-03
3.292602637971468539e+03 1.232536176143268847e+01 4.969334773811773937e-03
3.292604952782432065e+03 1.232475065657150815e+01 4.967173858297930199e-03
3.292607267592930384e+03 1.232973279403369204e+01 4.987284415345585864e-03
3.292609582403893455e+03 1.234165618559127608e+01 5.040620467894192137e-03
3.292611897214857436e+03 1.232920999593344646e+01 4.982649319349911551e-03
3.292614212025821416e+03 1.232874359064946823e+01 4.982952887351317119e-03
3.292616526836784487e+03 1.231991789412406746e+01 4.940362716434477941e-03
3.292618841647748013e+03 1.233503294827893804e+01 5.012887317851165252e-03
3.292621156458711994e+03 1.233011637559072859e+01 4.983809603243594469e-03
3.292623471269675974e+03 1.233448235649597891e+01 5.004907929818846329e-03
3.292625786080639500e+03 1.233874568804649030e+01 5.027038114188397619e-03
3.292628100891603026e+03 1.234192488318307745e+01 5.038971247337049007e-03
3.292630415702101345e+03 1.233172558234751115e+01 4.992560450888978985e-03
3.292632730513064416e+03 1.231774374121138038e+01 4.932581416079768848e-03
3.292635045324028397e+03 1.234232033406297901e+01 5.042304912149037782e-03
3.292637360134992377e+03 1.234116253212386916e+01 5.031490449942292199e-03
3.292639674945491151e+03 1.232407276526001638e+01 4.956018887020093196e-03
3.292641989756454677e+03 1.233462924664380367e+01 5.001496450866351438e-03
3.292644304567417748e+03 1.234660267130387368e+01 5.060094081720101396e-03
3.292646619377916522e+03 1.233091036576774613e+01 4.980865522358930535e-03
3.292648934188880048e+03 1.234199307029451553e+01 5.035005501533003011e-03
3.292651248999843574e+03 1.235159953450475356e+01 5.074218212878010489e-03
3.292653563810341439e+03 1.234905183125217043e+01 5.070181333544216545e-03
3.292655878621305419e+03 1.235060415976981574e+01 5.068358187378756846e-03
3.292658193432268490e+03 1.234949259026735824e+01 5.067957253228354622e-03
3.292660508242766809e+03 1.233224952734479274e+01 4.982641724688820564e-03
3.292662823053730790e+03 1.232077072475210500e+01 4.937310085441595081e-03
3.292665137864228200e+03 1.234953999421083282e+01 5.063053350404306784e-03
3.292667452675192180e+03 1.232942014541248277e+01 4.967684066660935441e-03
3.292669767485690500e+03 1.233635220200407723e+01 5.004097674658314343e-03
3.292672082296654480e+03 1.234625428464296526e+01 5.049156247130324841e-03
3.292674397107151890e+03 1.235722805347099218e+01 5.093246467618944492e-03
3.292676711917649300e+03 1.236292192824996050e+01 5.121366305468005517e-03
3.292679026728613280e+03 1.234062887206463621e+01 5.014716434720059221e-03
3.292681341539112054e+03 1.234169179631288671e+01 5.025256380395379772e-03
3.292683656350076035e+03 1.233931845272295469e+01 5.012663109588402256e-03
3.292685971160573445e+03 1.233777683294252014e+01 5.005909323961390059e-03
3.292688285971072219e+03 1.234086845480080541e+01 5.021708249165771944e-03
3.292690600782035290e+03 1.236165351187673345e+01 5.111786020130758279e-03
3.292692915592533154e+03 1.234414223054460713e+01 5.034196616549408212e-03
3.292695230403031474e+03 1.237195172603646043e+01 5.153575066085967944e-03
3.292697545213995454e+03 1.235278970570157675e+01 5.072026165333936090e-03
3.292699860024492864e+03 1.237437390105556290e+01 5.168214580089013251e-03
3.292702174834990728e+03 1.233990414400693325e+01 5.004648297838153008e-03
3.292704489645489502e+03 1.235358496042544196e+01 5.073528146020940890e-03
3.292706804455986912e+03 1.235433448117838751e+01 5.076267288985645068e-03
3.292709119266950438e+03 1.235155480085600921e+01 5.062287587209467199e-03
3.292711434077448757e+03 1.236206655456581061e+01 5.109785556797113125e-03
3.292713748887947531e+03 1.236114657031419384e+01 5.110877627694148176e-03
3.292716063698444486e+03 1.236660592914811652e+01 5.127697370780072081e-03
3.292718378508942806e+03 1.235131714761915234e+01 5.060810592860142711e-03
3.292720693319441580e+03 1.234534381965049121e+01 5.037798725804390997e-03
3.292723008129938989e+03 1.236864415812988760e+01 5.143245813108514829e-03
3.292725322940436399e+03 1.235986418250732299e+01 5.094912078512822164e-03
3.292727637750936083e+03 1.234284734805047457e+01 5.018794620579102896e-03
3.292729952561433947e+03 1.236004438708411790e+01 5.096339356819240898e-03
3.292732267371931357e+03 1.236419357636260585e+01 5.115075992293915616e-03
3.292734582182430131e+03 1.234443829782640734e+01 5.020190553892111759e-03
3.292736896992928450e+03 1.235598301328934845e+01 5.078206172080536492e-03
3.292739211803425405e+03 1.237055645147052374e+01 5.141014382961553268e-03
3.292741526613923725e+03 1.235091685117003912e+01 5.049161980965853613e-03
3.292743841424422044e+03 1.236117917447321268e+01 5.097846745023350799e-03
3.292746156234919908e+03 1.235375232563427872e+01 5.063882723781057242e-03
3.292748471045417318e+03 1.235107809483572261e+01 5.051649132038573721e-03
3.292750785855449976e+03 1.235739164086366060e+01 5.080833810279682637e-03
3.292753100665947841e+03 1.235799086688063042e+01 5.080523092482740199e-03
3.292755415476446160e+03 1.236497454896734105e+01 5.116319798331526135e-03
3.292757730286943570e+03 1.235011437605380280e+01 5.048163865224321485e-03
3.292760045097441889e+03 1.235750421826578815e+01 5.080419124423386605e-03
3.292762359907474547e+03 1.235284635009789334e+01 5.058070022874719060e-03
3.292764674717972412e+03 1.235000189256610348e+01 5.039429832917433592e-03
3.292766989528469367e+03 1.238039977794288049e+01 5.182428190724586506e-03
3.292769304338502479e+03 1.236007257380646607e+01 5.085428110908528365e-03
3.292771619149000799e+03 1.237249211474425792e+01 5.145599726564646821e-03
3.292773933959498663e+03 1.234314125977944521e+01 5.017232921901096203e-03
3.292776248769531776e+03 1.236064713329982112e+01 5.089060645561385883e-03
3.292778563580030550e+03 1.234738054245200090e+01 5.029786517266838369e-03
3.292780878390527960e+03 1.238225035074147939e+01 5.192660063952437947e-03
3.292783193200559253e+03 1.236658791757202280e+01 5.120187002160958047e-03
3.292785508011058027e+03 1.235075465478607981e+01 5.042272163601715061e-03
3.292787822821090231e+03 1.235088677489919995e+01 5.050826523031060750e-03
3.292790137631588550e+03 1.235993955052513193e+01 5.086480370516950449e-03
3.292792452441621208e+03 1.236184056352030680e+01 5.096375270179100657e-03
3.292794767252119527e+03 1.235125491211534587e+01 5.048000655268418922e-03
3.292797082062151276e+03 1.236200354941781754e+01 5.102682904399562062e-03
3.292799396872649140e+03 1.234907342242053296e+01 5.034339823509266509e-03
3.292801711682681344e+03 1.237078404934118581e+01 5.136327599082750849e-03
3.292804026492714456e+03 1.236871443184615416e+01 5.128213198659413094e-03
3.292806341303211866e+03 1.234214999636082766e+01 4.999830249868761345e-03
3.292808656113244979e+03 1.236463206701180439e+01 5.104119013778144268e-03
3.292810970923277637e+03 1.235722296367402251e+01 5.071172541252971788e-03
3.292813285733775047e+03 1.235695329411608689e+01 5.069876398372746319e-03
3.292815600543806795e+03 1.234901136484085171e+01 5.031179979330504919e-03
3.292817915353839453e+03 1.237033605427293814e+01 5.129673581875545535e-03
3.292820230164337772e+03 1.237287869706007726e+01 5.142239082802405395e-03
3.292822544974369976e+03 1.236725121915410242e+01 5.117125494934394829e-03
3.292824859784402179e+03 1.234900190980586387e+01 5.040459038521540730e-03
3.292827174594434382e+03 1.235501883821582858e+01 5.058960072406295735e-03
3.292829489404933156e+03 1.236157217725027380e+01 5.088836361821244200e-03
3.292831804214964905e+03 1.235971260957784246e+01 5.085822113961697977e-03
3.292834119024998017e+03 1.234601962645104578e+01 5.019553919875107025e-03
3.292836433835030221e+03 1.236736963866109029e+01 5.117045524202424277e-03
3.292838748645062424e+03 1.235053837510661978e+01 5.041200159882137065e-03
3.292841063455094627e+03 1.236399424909833478e+01 5.100916139165872880e-03
3.292843378265126830e+03 1.233983119957348684e+01 4.993993277870176911e-03
3.292845693075159488e+03 1.234010433967300813e+01 4.991946708814279550e-03
3.292848007885191691e+03 1.236395082239683951e+01 5.106599089824573855e-03
3.292850322695223895e+03 1.236901479068479048e+01 5.124951219694011233e-03
3.292852637505257007e+03 1.236710783488799237e+01 5.117092861162200745e-03
3.292854952315288756e+03 1.235639299396490642e+01 5.068820819904644101e-03
3.292857267125320959e+03 1.236137435006548735e+01 5.097296353454355486e-03
3.292859581935353617e+03 1.234880738563236058e+01 5.035035224155096599e-03
3.292861896745385820e+03 1.235547680631410472e+01 5.072537594530331442e-03
3.292864211555418024e+03 1.236960511322248202e+01 5.126296435562342942e-03
3.292866526365451136e+03 1.237171629059381672e+01 5.140250475594691087e-03
3.292868841175483794e+03 1.237376130667676577e+01 5.153166793282516756e-03
3.292871155985515998e+03 1.234772099919593913e+01 5.029433291691303744e-03
3.292873470795548201e+03 1.236550622720646686e+01 5.110645728810329393e-03
3.292875785605115198e+03 1.235702959630007491e+01 5.073410872869011864e-03
3.292878100415147401e+03 1.235697791871269402e+01 5.075366114012619216e-03
3.292880415225179604e+03 1.236874380037155063e+01 5.126856256876212090e-03
3.292882730035212262e+03 1.236744121938473739e+01 5.120838645610290008e-03
3.292885044844779259e+03 1.234503201792695926e+01 5.023574427221099044e-03
3.292887359654811462e+03 1.236087165363723450e+01 5.095979185385856453e-03
3.292889674464843665e+03 1.235947205525731363e+01 5.081929595935408446e-03
3.292891989274875868e+03 1.234933670385583326e+01 5.034273707112632036e-03
3.292894304084442410e+03 1.233701039372632735e+01 4.980862601562724076e-03
3.292896618894474614e+03 1.233402178123530391e+01 4.963670537604346344e-03
3.292898933704040246e+03 1.234198365582708590e+01 5.000332393065767995e-03
3.292901248514072904e+03 1.233937286074622719e+01 5.003315739127142669e-03
3.292903563324106017e+03 1.234569339001842891e+01 5.020465637440291520e-03
3.292905878133672559e+03 1.235570686142888519e+01 5.067581139642432855e-03
3.292908192943705217e+03 1.234252371247090174e+01 5.004361268801261337e-03
3.292910507753272213e+03 1.233930235864668745e+01 4.999110760467467829e-03
3.292912822563304417e+03 1.234098016108479001e+01 5.002118084993165126e-03
3.292915137372870959e+03 1.234294985783032672e+01 5.008406919381050426e-03
3.292917452182904071e+03 1.235904067417760288e+01 5.077993149469830873e-03
3.292919766992470613e+03 1.234679571363997574e+01 5.021466282520673126e-03
3.292922081802502362e+03 1.233102582727614305e+01 4.955835945856266155e-03
3.292924396612069359e+03 1.234082939189936567e+01 5.004313122494977520e-03
3.292926711422102471e+03 1.234522291914102965e+01 5.024529992982224892e-03
3.292929026231668558e+03 1.234333051408819770e+01 5.014261357034918883e-03
3.292931341041235100e+03 1.234610901771041647e+01 5.026263694210296451e-03
3.292933655851267304e+03 1.234234308641783784e+01 5.009508545122060529e-03
3.292935970660834300e+03 1.234621612184693973e+01 5.025628068055949631e-03
3.292938285470400388e+03 1.232926935519470213e+01 4.948274800310010005e-03
3.292940600279967839e+03 1.234734657268425551e+01 5.034655465688392222e-03
3.292942915090000497e+03 1.233385713460417676e+01 4.963915821207530096e-03
3.292945229899567039e+03 1.234731778096345067e+01 5.033238240885078152e-03
3.292947544709133581e+03 1.237056646646799507e+01 5.137179203669624966e-03
3.292949859518700123e+03 1.233855827102230052e+01 4.988966110700917243e-03
3.292952174328732326e+03 1.233727134565172001e+01 4.984520667396894790e-03
3.292954489138298868e+03 1.234543872273978771e+01 5.023021079504523534e-03
3.292956803947865865e+03 1.233129250942862676e+01 4.954402098975859738e-03
3.292959118757432861e+03 1.234493421360285126e+01 5.019311454470136262e-03
3.292961433566999858e+03 1.234806366802886224e+01 5.034566710852185142e-03
3.292963748376566400e+03 1.231969715135006282e+01 4.910156278820040562e-03
3.292966063186132942e+03 1.234377364765495422e+01 5.012250161335626494e-03
3.292968377995699939e+03 1.232568452953410265e+01 4.933543721285513391e-03
3.292970692805266481e+03 1.233612069871640493e+01 4.984617161569452476e-03
3.292973007614832568e+03 1.235450358957691286e+01 5.065947391794860775e-03
3.292975322424400019e+03 1.234190901318613420e+01 5.003353670383648213e-03
3.292977637233966561e+03 1.233541459333721946e+01 4.979199938768124126e-03
3.292979952043533103e+03 1.233358259663851975e+01 4.971176560737230847e-03
3.292982266853100100e+03 1.235016500667563122e+01 5.042321653985816672e-03
3.292984581662667097e+03 1.232562583653961852e+01 4.936038006237245326e-03
3.292986896472233639e+03 1.232679753289100510e+01 4.938023032115287578e-03
3.292989211281799726e+03 1.234650878224473836e+01 5.030734090359614136e-03
3.292991526091366723e+03 1.234173586206182982e+01 5.008696011308084658e-03
3.292993840900933719e+03 1.233671910500601854e+01 4.987586088196048137e-03
3.292996155710499806e+03 1.233973097023023158e+01 4.994599204296103212e-03
3.292998470519601142e+03 1.234658204835383088e+01 5.021431282815048101e-03
3.293000785329168593e+03 1.233492297095333790e+01 4.972621548233149835e-03
3.293003100138734681e+03 1.233651841641795599e+01 4.977489620077042536e-03
3.293005414948301677e+03 1.232902010118963965e+01 4.945731112048826900e-03
3.293007729757403013e+03 1.233191483067001570e+01 4.959339068343770855e-03
3.293010044566970009e+03 1.233272739487154190e+01 4.962012523887650295e-03
3.293012359376536551e+03 1.235122169758890642e+01 5.044355220493935976e-03
3.293014674185637432e+03 1.232924813253135810e+01 4.946113384534204203e-03
3.293016988995204429e+03 1.234215443286286096e+01 5.006880444986577978e-03
3.293019303804770971e+03 1.232424554137158879e+01 4.928285299709279227e-03
3.293021618613871397e+03 1.233641466192251990e+01 4.977034094622998645e-03
3.293023933423437938e+03 1.234357072233800068e+01 5.006123283849311587e-03
3.293026248232539729e+03 1.233281536422613556e+01 4.964129766330861032e-03
3.293028563042105816e+03 1.231290421747868180e+01 4.872749780285406604e-03
3.293030877851672813e+03 1.234261782168019650e+01 5.000942521113339520e-03
3.293033192660774148e+03 1.233868527817426752e+01 4.987047600016727804e-03
3.293035507470340235e+03 1.230889780908260889e+01 4.851484598906863864e-03
3.293037822279441116e+03 1.234246717526309212e+01 4.997604995972071418e-03
3.293040137089008113e+03 1.232897501206272928e+01 4.937651757823783259e-03
3.293042451898109448e+03 1.234398189637450471e+01 5.008749236052927045e-03
3.293044766707209874e+03 1.233645156012345545e+01 4.974196206994404429e-03
3.293047081516776416e+03 1.234618627509770938e+01 5.014748592006726055e-03
3.293049396325877751e+03 1.232917942539456924e+01 4.939522834276193278e-03
3.293051711135445657e+03 1.233297435334604231e+01 4.961768310218459509e-03
3.293054025944546083e+03 1.233960543683497235e+01 4.986407544549265047e-03
3.293056340753647419e+03 1.234211223487425890e+01 4.996533099501956204e-03
3.293058655562748299e+03 1.233367535009528915e+01 4.962082341887211721e-03
3.293060970372314387e+03 1.233529236331305867e+01 4.964732826624590305e-03
3.293063285181415722e+03 1.233460936692244836e+01 4.964022639992144575e-03
3.293065599990517057e+03 1.232607057376975668e+01 4.922792105576292987e-03
3.293067914799617938e+03 1.236060523887826079e+01 5.080701342534596140e-03
3.293070229609184480e+03 1.232543107672288230e+01 4.924473449918220259e-03
3.293072544418286270e+03 1.235822649769948711e+01 5.069758280540626917e-03
3.293074859227387606e+03 1.235117115298757895e+01 5.036874789808818385e-03
3.293077174036488032e+03 1.234262410538853416e+01 5.006376860961673364e-03
3.293079488845588457e+03 1.235630757745508568e+01 5.057909895816742156e-03
3.293081803654689793e+03 1.234630996653391932e+01 5.009207974443029635e-03
3.293084118464256790e+03 1.235148493156700766e+01 5.038004130497539430e-03
3.293086433273357670e+03 1.235545671632733722e+01 5.055809820402729776e-03
3.293088748082459006e+03 1.236111180122770925e+01 5.083283779289929534e-03
3.293091062891559886e+03 1.233383801613301500e+01 4.956785184194979592e-03
3.293093377700660312e+03 1.236303689619935753e+01 5.086314199067898216e-03
3.293095692509761648e+03 1.234239893145800693e+01 4.996012021978611835e-03
3.293098007318863438e+03 1.236385489211823696e+01 5.093530174348323732e-03
3.293100322127964318e+03 1.235255077549925673e+01 5.041147883192183612e-03
3.293102636937064744e+03 1.235223645478905752e+01 5.038299776969335647e-03
3.293104951745700419e+03 1.234422425526113898e+01 4.998612729566790161e-03
3.293107266554801754e+03 1.235137918176265082e+01 5.034735948286529414e-03
3.293109581363902635e+03 1.233966613874855511e+01 4.977893357438105751e-03
3.293111896173003515e+03 1.235542572602439648e+01 5.051187561111494459e-03
3.293114210982104396e+03 1.234463767873288731e+01 5.004573422159198232e-03
3.293116525791206186e+03 1.234903493880433700e+01 5.020325549989847896e-03
3.293118840600306612e+03 1.235535472023250492e+01 5.050792812207335371e-03
3.293121155408941377e+03 1.234721769884076714e+01 5.011099997703565359e-03
3.293123470218043167e+03 1.234425312333058500e+01 4.999014706983332529e-03
3.293125785027144502e+03 1.236266725071739181e+01 5.082280023116178894e-03
3.293128099836244928e+03 1.236491537837969723e+01 5.096874060907601381e-03
3.293130414644881057e+03 1.235182764718385329e+01 5.032833668625667431e-03
3.293132729453981938e+03 1.236342256309749565e+01 5.086071320223569184e-03
3.293135044263082364e+03 1.235168391407544775e+01 5.031415481026509443e-03
3.293137359071717583e+03 1.233469189948845823e+01 4.957626204886364518e-03
3.293139673880818918e+03 1.234337331991359754e+01 4.994684755138465750e-03
3.293141988689921163e+03 1.236029131801250180e+01 5.070230098193495225e-03
3.293144303498555928e+03 1.234468050593946842e+01 4.999083518459511086e-03
3.293146618307657263e+03 1.234650037353905461e+01 5.006155019252984603e-03
3.293148933116292937e+03 1.235919735510650419e+01 5.073953440241765755e-03
3.293151247925393363e+03 1.234904467855121979e+01 5.020620110046874335e-03
3.293153562734028583e+03 1.235334862125288780e+01 5.042690542022360001e-03
3.293155877543129918e+03 1.236968149010137275e+01 5.110025239401971148e-03
3.293158192351765592e+03 1.235513818956880883e+01 5.047174930759516960e-03
3.293160507160866473e+03 1.235852656563494278e+01 5.058494954282357313e-03
3.293162821969502147e+03 1.236020135143598253e+01 5.073167070241553847e-03
3.293165136778603483e+03 1.233738704052302637e+01 4.964914899967673260e-03
3.293167451587238247e+03 1.236462456365634566e+01 5.087256255919948497e-03
3.293169766395873467e+03 1.236417218111969873e+01 5.087570512100450179e-03
3.293172081204973892e+03 1.236129382965327927e+01 5.073532991681320783e-03
3.293174396013610021e+03 1.234605991602675346e+01 5.000530509319004065e-03
3.293176710822244786e+03 1.236285350146402884e+01 5.081760023459942592e-03
3.293179025631346121e+03 1.235555398326092202e+01 5.044860651731809982e-03
3.293181340439981795e+03 1.235372827822982345e+01 5.032546467378497604e-03
3.293183655248617015e+03 1.236919360892305875e+01 5.108817278376258549e-03
3.293185970057252689e+03 1.235359564478117989e+01 5.034987106755625490e-03
3.293188284866354024e+03 1.236226954373030296e+01 5.076559956430237545e-03
3.293190599674989699e+03 1.236191317853084115e+01 5.077336154753787911e-03
3.293192914483624463e+03 1.235317632566554558e+01 5.038407464238348239e-03
3.293195229292259683e+03 1.234492671352453286e+01 4.993604393739333250e-03
3.293197544100894902e+03 1.236524265027734515e+01 5.095115616818809458e-03
3.293199858909531031e+03 1.234688804062899337e+01 5.007007085744667393e-03
3.293202173718165795e+03 1.235668944238083888e+01 5.049597974315661424e-03
3.293204488527267131e+03 1.234900734112194343e+01 5.013506689408924952e-03
3.293206803335902805e+03 1.236498423015638792e+01 5.088309630986531315e-03
3.293209118144538024e+03 1.235423207285911218e+01 5.032734047312549357e-03
3.293211432953172334e+03 1.234604605570615377e+01 5.001510478252143427e-03
3.293213747761808463e+03 1.237096780778176885e+01 5.118216435130235747e-03
3.293216062570444592e+03 1.237564025566304693e+01 5.136984292855937238e-03
3.293218377379078902e+03 1.235898381416421188e+01 5.061809815647111931e-03
3.293220692187715031e+03 1.234468227453266209e+01 4.995888684797064085e-03
3.293223006995885044e+03 1.235369060863877877e+01 5.036016956699404523e-03
3.293225321804519808e+03 1.236392976199407912e+01 5.083054426605376937e-03
3.293227636613155028e+03 1.235237010018278525e+01 5.033237785013267365e-03
3.293229951421791156e+03 1.235861468058604196e+01 5.061762297758713551e-03
3.293232266230426376e+03 1.235323047820545028e+01 5.035441866953007523e-03
3.293234581039062050e+03 1.236003050221426669e+01 5.061504806584508909e-03
3.293236895847697724e+03 1.235715332763945007e+01 5.052445275058981694e-03
3.293239210655867282e+03 1.235664845660449274e+01 5.048228088356023976e-03
3.293241525464502502e+03 1.235617853569702085e+01 5.048763799516076990e-03
3.293243840273136811e+03 1.235193828927438098e+01 5.029396683783182199e-03
3.293246155081772486e+03 1.236463733863690528e+01 5.084553029772827769e-03
3.293248469889942953e+03 1.235230697340657890e+01 5.030738340851263757e-03
3.293250784698577263e+03 1.236120671028209017e+01 5.073592034559534086e-03
3.293253099507212937e+03 1.236639707294163770e+01 5.098105311774188408e-03
3.293255414315383405e+03 1.235231217321841513e+01 5.038373184019555306e-03
3.293257729124018624e+03 1.235078483328104682e+01 5.018417677320200637e-03
3.293260043932653389e+03 1.235891919426543417e+01 5.060385592050862906e-03
3.293262358740822947e+03 1.236277668189243784e+01 5.081245385493420030e-03
3.293264673549459530e+03 1.236764834484500675e+01 5.113350134178817376e-03
3.293266988357628634e+03 1.235184511328036550e+01 5.032447932187400844e-03
3.293269303166263398e+03 1.235372183601406881e+01 5.040493803278640710e-03
3.293271617974433411e+03 1.234165694790556600e+01 4.988986924307789103e-03
3.293273932783069995e+03 1.237387066101750577e+01 5.136437826688637458e-03
3.293276247591239553e+03 1.237446554287359035e+01 5.138562053581162241e-03
3.293278562399875227e+03 1.233486346176192683e+01 4.955880236650923865e-03
3.293280877208044330e+03 1.235417268296793303e+01 5.043322132480021133e-03
3.293283192016680005e+03 1.234305543742323685e+01 4.992877585089866045e-03
3.293285506824849563e+03 1.237377249677538593e+01 5.135253208800597685e-03
3.293287821633019121e+03 1.234083836075789264e+01 4.984097394928722370e-03
3.293290136441654795e+03 1.235900346679884976e+01 5.069902946557921716e-03
3.293292451249823898e+03 1.235659755761859380e+01 5.056674143038415031e-03
3.293294766057993911e+03 1.235337840328010195e+01 5.042339913995263871e-03
3.293297080866630040e+03 1.235773174175348110e+01 5.067650216906718214e-03
3.293299395674799598e+03 1.235026478862083188e+01 5.033068902835885830e-03
3.293301710482968701e+03 1.234622554789943472e+01 5.007433411005560685e-03
3.293304025291138714e+03 1.234015754695042766e+01 4.980244966449073538e-03
3.293306340099773934e+03 1.234100282100603252e+01 4.983463852289609156e-03
3.293308654907943492e+03 1.235850779745744887e+01 5.069942838316653100e-03
3.293310969716113050e+03 1.233553867532103610e+01 4.961974965309931887e-03
3.293313284524283517e+03 1.236442696183743095e+01 5.091257184328861277e-03
3.293315599332452621e+03 1.234568432709612118e+01 5.008152574972099536e-03
3.293317914140622634e+03 1.236642713106861002e+01 5.105089211188120965e-03
3.293320228948792646e+03 1.235217762170848310e+01 5.036902098572568730e-03
3.293322543757427866e+03 1.234802816889159516e+01 5.019808605952426860e-03
3.293324858565597424e+03 1.235384199811215211e+01 5.055020267862720199e-03
3.293327173373767437e+03 1.233971027024688638e+01 4.981607460025782100e-03
3.293329488181937450e+03 1.233509991211620793e+01 4.961177474677565258e-03
3.293331802990107008e+03 1.235145140203934488e+01 5.039386025545009549e-03
3.293334117798276566e+03 1.233159702967576976e+01 4.959895258834155253e-03
3.293336432606446124e+03 1.234874518109744024e+01 5.033406315234805091e-03
3.293338747414616591e+03 1.232289122733071807e+01 4.918159324692058035e-03
3.293341062222320033e+03 1.235184891503275750e+01 5.041241235684014964e-03
3.293343377030489592e+03 1.234513164403872132e+01 5.008142411245267156e-03
3.293345691838659150e+03 1.234559517817985075e+01 5.014853320762563751e-03
3.293348006646829617e+03 1.234258041241123927e+01 4.995073520062444546e-03
3.293350321454998721e+03 1.236224064387290511e+01 5.099882174712814555e-03
3.293352636263168279e+03 1.233405336587121859e+01 4.960376707365068277e-03
3.293354951071338292e+03 1.235633117947267934e+01 5.061569170563950254e-03
3.293357265879043098e+03 1.233691375810963464e+01 4.967889514194470495e-03
3.293359580687212656e+03 1.233732925168038363e+01 4.971832574259620573e-03
3.293361895495381759e+03 1.235142505421189796e+01 5.047008401627577079e-03
3.293364210303552682e+03 1.233798836650244013e+01 4.983821489855760380e-03
3.293366525111256124e+03 1.232509710276874770e+01 4.924421331462853699e-03
3.293368839919426136e+03 1.234239301979744141e+01 4.998525407064281778e-03
3.293371154727596149e+03 1.232423378362746469e+01 4.915033003843975561e-03
3.293373469535299591e+03 1.236289809097569936e+01 5.091678491929417863e-03
3.293375784343469149e+03 1.233507096574463091e+01 4.968094816905859086e-03
3.293378099151173501e+03 1.233973962304284733e+01 4.992937646918467823e-03
3.293380413959343059e+03 1.234762569258790776e+01 5.032177950883702164e-03
3.293382728767512617e+03 1.233987624030625696e+01 4.998038649580428296e-03
3.293385043575216969e+03 1.233523776958113594e+01 4.969947698660157238e-03
3.293387358383386527e+03 1.234529612493914641e+01 5.013152603406496530e-03
3.293389673191090424e+03 1.233200487514892885e+01 4.953290746808604490e-03
3.293391987999259527e+03 1.234420199004527241e+01 5.012002623834494255e-03
3.293394302806963879e+03 1.234675799061013990e+01 5.025577755586397959e-03
3.293396617615133891e+03 1.234924681995474316e+01 5.030583020035697857e-03
3.293398932422837333e+03 1.232684501000315613e+01 4.936016573062021115e-03
3.293401247230543049e+03 1.233203715684534174e+01 4.958722814902520939e-03
3.293403562038712607e+03 1.234276470310976670e+01 5.004375283518330483e-03
3.293405876846416504e+03 1.233876692895056237e+01 4.983211489489725206e-03
3.293408191654119946e+03 1.232537572258090819e+01 4.931695356776268080e-03
3.293410506462289959e+03 1.235300306178597296e+01 5.052919102880188210e-03
3.293412821269994311e+03 1.233850529732318435e+01 4.986944577202865464e-03
3.293415136077697753e+03 1.234356521921251293e+01 5.008270408398872442e-03
3.293417450885867765e+03 1.233444671253066360e+01 4.973944081759725834e-03
3.293419765693572117e+03 1.233902529723175157e+01 4.986926994646687095e-03
3.293422080501276014e+03 1.234411222662833651e+01 5.009131785328614639e-03
3.293424395308979456e+03 1.234819413657371889e+01 5.033428592371097000e-03
3.293426710116684262e+03 1.235316344403710431e+01 5.054434203186264699e-03
3.293429024924853820e+03 1.233583408944690873e+01 4.971595428477251603e-03
3.293431339732557717e+03 1.232546145614867683e+01 4.923776339287778796e-03
3.293433654540261614e+03 1.232803454467569537e+01 4.937854669980579897e-03
3.293435969347965965e+03 1.234780504900610509e+01 5.032353728344371620e-03
3.293438284155669862e+03 1.233285206046433302e+01 4.968084378107326914e-03
3.293440598963373304e+03 1.233806576724334292e+01 4.976999297230578004e-03
3.293442913771078111e+03 1.232897811886957840e+01 4.942734978501247753e-03
3.293445228578782917e+03 1.233017733521248616e+01 4.947794711779918142e-03
3.293447543386486359e+03 1.233510894879056075e+01 4.970130093170068569e-03
3.293449858194189801e+03 1.234603092006074299e+01 5.021156393407701958e-03
3.293452173001894607e+03 1.233174231389804021e+01 4.946529407148360022e-03
3.293454487809598959e+03 1.234757871879431868e+01 5.026015617621198105e-03
3.293456802617302401e+03 1.232204469969789606e+01 4.908960507477235988e-03
3.293459117425007207e+03 1.233622249927099368e+01 4.970421856700327906e-03
3.293461432232711559e+03 1.234417265506422012e+01 5.009439312811466913e-03
3.293463747040415001e+03 1.233534886666447150e+01 4.963084327211386010e-03
3.293466061848118443e+03 1.232313845488771520e+01 4.911332353655865901e-03
3.293468376655357133e+03 1.237096076470426631e+01 5.131878191168770358e-03
3.293470691463061485e+03 1.233725019234032061e+01 4.980351445399991243e-03
3.293473006270764927e+03 1.232902953982608807e+01 4.935651630876078909e-03
3.293475321078469278e+03 1.234043434696129182e+01 4.990517800289484725e-03
3.293477635885708423e+03 1.232858724667211447e+01 4.940540409169233427e-03
3.293479950693411865e+03 1.233289730454481159e+01 4.954224114946424902e-03
3.293482265501115307e+03 1.235300067134191337e+01 5.052566331301124210e-03
3.293484580308820114e+03 1.234784060272160566e+01 5.023529635047139542e-03
3.293486895116058349e+03 1.234313212915800939e+01 5.000702847680773763e-03
3.293489209923763156e+03 1.235364011169301968e+01 5.057599501751434967e-03
3.293491524731000936e+03 1.235201127427350087e+01 5.046915691620734550e-03
3.293493839538704833e+03 1.232587732152584614e+01 4.925931167820703227e-03
3.293496154346409639e+03 1.235680986894613120e+01 5.063082199944315444e-03
3.293498469153647420e+03 1.234647126105893555e+01 5.017561062937304917e-03
3.293500783961351772e+03 1.232780122104376908e+01 4.932156672151771781e-03
3.293503098768590462e+03 1.234634247238186688e+01 5.021765983161890524e-03
3.293505413576294814e+03 1.233348477026195056e+01 4.958645289847457907e-03
3.293507728383532594e+03 1.232945560492297332e+01 4.942425738313284064e-03
3.293510043191236491e+03 1.233932749865786249e+01 4.986662956830559441e-03
3.293512357998475636e+03 1.234191860988639178e+01 4.995695108751258516e-03
3.293514672806179533e+03 1.233235239469611244e+01 4.956032278914879879e-03
3.293516987613417768e+03 1.233873745685068535e+01 4.977798030991479640e-03
3.293519302420656459e+03 1.234437089451639658e+01 5.000560013734938782e-03
3.293521617228359446e+03 1.233974990273763694e+01 4.986167486262479617e-03
3.293523932035597682e+03 1.234738448974692737e+01 5.017760457293982644e-03
3.293526246842835917e+03 1.234779931903790384e+01 5.021676816943398437e-03
3.293528561650541633e+03 1.234901633420131617e+01 5.024962337198246760e-03
3.293530876457779414e+03 1.235582697962293430e+01 5.052683132926933871e-03
3.293533191265018104e+03 1.234088786940031213e+01 4.988246273469640162e-03
3.293535506072256794e+03 1.234058305553810442e+01 4.984513845541737632e-03
3.293537820879960691e+03 1.235743937881678711e+01 5.062368441003795363e-03
3.293540135687198472e+03 1.236792493615464394e+01 5.116290398633887952e-03
3.293542450494437162e+03 1.236250962762584749e+01 5.081825931851888939e-03
3.293544765301675397e+03 1.233194182363613223e+01 4.950570295804121272e-03
3.293547080108914088e+03 1.234909503396696095e+01 5.025277826234970935e-03
3.293549394916152323e+03 1.236314665444577443e+01 5.083734490715948254e-03
3.293551709723857130e+03 1.234838018258934866e+01 5.016163825825502298e-03
3.293554024531094910e+03 1.234757215504522421e+01 5.020242569652892846e-03
3.293556339338333146e+03 1.235501643381477876e+01 5.048618818267019623e-03
3.293558654145571381e+03 1.233193664561622249e+01 4.945400612729853804e-03
3.293560968952810526e+03 1.232932434225601526e+01 4.934755192669666550e-03
3.293563283760048762e+03 1.236881480794182053e+01 5.116107917024809333e-03
3.293565598567286543e+03 1.233827069764850570e+01 4.974175387256211424e-03
3.293567913374525233e+03 1.233490527310959273e+01 4.960491037679279867e-03
3.293570228181763468e+03 1.233786557126707351e+01 4.966174190383953677e-03
3.293572542989002613e+03 1.234836059166894273e+01 5.015944559724056645e-03
3.293574857795775642e+03 1.233591863044152248e+01 4.961182721821962190e-03
3.293577172603013878e+03 1.235364630961482035e+01 5.042707517055699910e-03
3.293579487410252568e+03 1.236938825978310241e+01 5.117323024734545152e-03
3.293581802217489894e+03 1.235170373962751711e+01 5.041839025625730053e-03
3.293584117024729039e+03 1.234358543476070302e+01 4.994668994653120135e-03
3.293586431831967275e+03 1.235278376521459975e+01 5.036957613848877871e-03
3.293588746638739394e+03 1.233854253234008524e+01 4.975812876004956538e-03
3.293591061445978085e+03 1.235436543011877575e+01 5.053557717854327384e-03
3.293593376253216775e+03 1.235986585409290583e+01 5.065338195892966737e-03
3.293595691060455010e+03 1.235890034636305934e+01 5.065835973116286639e-03
3.293598005867227585e+03 1.233766566350998239e+01 4.968549941756703926e-03
3.293600320674466275e+03 1.235954328963879512e+01 5.065600827392610118e-03
3.293602635481704510e+03 1.234941162541208115e+01 5.021475951484144148e-03
3.293604950288477085e+03 1.236773442718310534e+01 5.103672430865650519e-03
3.293607265095715320e+03 1.238090262416738341e+01 5.159391925119807300e-03
3.293609579902488349e+03 1.235108239910586470e+01 5.028996273435479974e-03
3.293611894709727494e+03 1.238448895966545571e+01 5.176427116894778517e-03
3.293614209516965275e+03 1.235692111460429210e+01 5.054001987521907803e-03
3.293616524323737849e+03 1.235569154824062821e+01 5.052163802254423623e-03
3.293618839130976994e+03 1.236238567938499600e+01 5.074669099025658735e-03
3.293621153937749568e+03 1.234306426532982393e+01 4.992131447459189839e-03
3.293623468744987804e+03 1.235693174648600845e+01 5.048655631114206017e-03
3.293625783551760833e+03 1.235962941924627145e+01 5.066446345544508428e-03
3.293628098358533407e+03 1.234563193833713157e+01 5.000313862624874463e-03
3.293630413165771643e+03 1.236667492464749785e+01 5.098498841683770343e-03
3.293632727972544672e+03 1.236151404261002185e+01 5.072666262458846304e-03
3.293635042779782907e+03 1.235511458059765921e+01 5.041269749933747178e-03
3.293637357586555481e+03 1.236360999491252954e+01 5.082573084560087183e-03
3.293639672393328055e+03 1.235530210218006708e+01 5.044990907452177702e-03
3.293641987200566291e+03 1.235997665827814274e+01 5.068080975224611984e-03
3.293644302007339320e+03 1.235995404763990813e+01 5.065683823161358165e-03
3.293646616814111894e+03 1.236086439955509420e+01 5.067959203811114172e-03
3.293648931620884923e+03 1.238106018847763501e+01 5.163763019520592641e-03
3.293651246428123613e+03 1.237181864840570533e+01 5.121294318998229067e-03
3.293653561234896188e+03 1.235723442392617422e+01 5.053447156287824669e-03
3.293655876041669217e+03 1.234477646792781513e+01 4.995449378518198452e-03
3.293658190848442246e+03 1.236837465764186206e+01 5.099239547555740534e-03
3.293660505655214820e+03 1.237530410422979799e+01 5.140634812665007165e-03
3.293662820461986939e+03 1.237363007437781448e+01 5.133013069260682765e-03
3.293665135268759968e+03 1.235809532194953952e+01 5.056239998070330942e-03
3.293667450075998204e+03 1.235758290399228088e+01 5.053352086021736279e-03
3.293669764882771233e+03 1.237080337372421468e+01 5.114680546418714883e-03
3.293672079689543352e+03 1.236361091188254946e+01 5.083720167394322267e-03
3.293674394496315927e+03 1.236042111969188007e+01 5.067469787595561478e-03
3.293676709303089410e+03 1.235706200149620493e+01 5.054928228898790746e-03
3.293679024109861984e+03 1.236866468290727816e+01 5.107171492124097309e-03
3.293681338916635013e+03 1.235988237113861565e+01 5.064903927145772422e-03
3.293683653722941926e+03 1.236088312334710082e+01 5.071883071692716988e-03
3.293685968529714501e+03 1.235685408399201712e+01 5.054531170519546528e-03
3.293688283336487075e+03 1.236410406500788461e+01 5.085871807933753375e-03
3.293690598143260104e+03 1.235624069115597301e+01 5.045001241181376432e-03
3.293692912950033133e+03 1.234936083954013419e+01 5.018196746210770200e-03
3.293695227756806162e+03 1.236186477022560304e+01 5.071557083531538432e-03
3.293697542563579191e+03 1.235197801579661814e+01 5.032927522300841006e-03
3.293699857369886558e+03 1.236339217736461826e+01 5.080011816931177815e-03
3.293702172176658678e+03 1.236332457085507741e+01 5.083746624694594762e-03
3.293704486983430797e+03 1.236855617876000579e+01 5.107860602754231601e-03
3.293706801790203826e+03 1.233378101857410591e+01 4.948118707119255992e-03
3.293709116596511649e+03 1.235640387655542582e+01 5.049207912147201521e-03
3.293711431403283314e+03 1.234937680613903943e+01 5.010597858743782995e-03
3.293713746210055888e+03 1.235914521063256544e+01 5.069119618185233440e-03
3.293716061016363710e+03 1.234338142950879380e+01 4.987975343838771218e-03
3.293718375823136284e+03 1.234770468149294409e+01 5.010149626394965611e-03
3.293720690629908404e+03 1.237366987378690908e+01 5.126184633816309975e-03
3.293723005436216226e+03 1.234137277428212798e+01 4.986249227215331509e-03
3.293725320242989255e+03 1.234868594714549950e+01 5.018267181282733483e-03
3.293727635049296168e+03 1.236356911367415101e+01 5.081180195892169918e-03
3.293729949856067833e+03 1.234875370331728206e+01 5.019652549956304770e-03
3.293732264662375201e+03 1.235542853280669995e+01 5.046901634280110543e-03
3.293734579469148230e+03 1.235994863084559192e+01 5.074135347812614230e-03
3.293736894275455143e+03 1.237096289418819417e+01 5.127644885951250509e-03
3.293739209082229081e+03 1.235872960033936430e+01 5.062537980968668042e-03
3.293741523888535994e+03 1.234103051254258077e+01 4.986001282470355588e-03
3.293743838695308568e+03 1.234966732633507291e+01 5.024386687167411124e-03
3.293746153501615026e+03 1.235383280363463676e+01 5.045685319038385394e-03
3.293748468307921939e+03 1.235249144688381584e+01 5.035790929659327009e-03
3.293750783114695423e+03 1.235248081705607959e+01 5.033642767558900617e-03
3.293753097921001881e+03 1.234703198229916232e+01 5.018873784047117245e-03
3.293755412727309704e+03 1.235268331656496166e+01 5.036332562179775089e-03
3.293757727534082278e+03 1.233709608121103507e+01 4.969003007303843776e-03
3.293760042340389191e+03 1.235121154367702978e+01 5.035285633385541519e-03
3.293762357146696104e+03 1.233008033220201760e+01 4.940493724995484448e-03
3.293764671953003472e+03 1.235111238091850971e+01 5.033721636965972704e-03
3.293766986759776501e+03 1.235576360521026018e+01 5.060276339816748362e-03
3.293769301566082959e+03 1.235967647049436913e+01 5.074733315016541173e-03
3.293771616372389872e+03 1.233983621038381528e+01 4.976929652725466287e-03
3.293773931178697239e+03 1.234317177525245590e+01 4.996409467569186760e-03
3.293776245985004607e+03 1.234221966639184309e+01 4.998881960545160930e-03
3.293778560791311975e+03 1.234264573390423614e+01 4.995301184231006053e-03
3.293780875597618888e+03 1.233797029066942841e+01 4.973174022349554843e-03
3.293783190403926710e+03 1.234564812125616307e+01 5.016942514102351765e-03
3.293785505210233623e+03 1.234453694265252821e+01 5.004958357521750376e-03
3.293787820016540081e+03 1.233852642700215796e+01 4.977649603082534221e-03
3.293790134822847449e+03 1.235004715050878232e+01 5.044882481615059130e-03
3.293792449629154362e+03 1.235416069782700710e+01 5.052611367903571578e-03
3.293794764435461730e+03 1.235879146462738554e+01 5.070810602629680780e-03
3.293797079241769097e+03 1.234970552184932124e+01 5.029278118505094500e-03
3.293799394048075555e+03 1.235375160978509257e+01 5.046500403206979728e-03
3.293801708854382468e+03 1.233169277389180074e+01 4.947655984382026868e-03
3.293804023660688927e+03 1.235280096879920286e+01 5.043078790870942837e-03
3.293806338466995840e+03 1.235081514056226126e+01 5.035570500389043198e-03
3.293808653273303207e+03 1.233297180729107012e+01 4.952891305411702069e-03
3.293810968079144459e+03 1.234643533270157079e+01 5.015947258034852800e-03
3.293813282885451827e+03 1.232950677264140538e+01 4.942822217152445692e-03
3.293815597691759649e+03 1.233854930546509721e+01 4.978246556947214449e-03
3.293817912498067017e+03 1.236059231385909740e+01 5.079315935812798825e-03
3.293820227303907814e+03 1.234966689321462141e+01 5.036815955849603503e-03
3.293822542110215181e+03 1.234596758625179014e+01 5.014599613992239656e-03
3.293824856916522549e+03 1.234159857644143798e+01 4.997959322439018796e-03
3.293827171722363346e+03 1.233532556024029603e+01 4.970751783243165453e-03
3.293829486528671168e+03 1.233376683486850922e+01 4.962340529051634079e-03
3.293831801334978536e+03 1.236111809126380834e+01 5.081361249236843354e-03
3.293834116140819788e+03 1.234567152966552150e+01 5.013878304081820746e-03
3.293836430947126246e+03 1.233397691828439235e+01 4.960539072074898921e-03
3.293838745752967952e+03 1.233068698860194345e+01 4.942913494436713961e-03
3.293841060559274865e+03 1.234346234998551495e+01 5.002326400018256881e-03
3.293843375365116572e+03 1.233813906075316602e+01 4.980433066476008114e-03
3.293845690171423485e+03 1.234352321196159963e+01 5.004985672466239800e-03
3.293848004977265191e+03 1.235517216337913027e+01 5.055030848276412941e-03
3.293850319783572104e+03 1.233372606994478460e+01 4.962676297621501295e-03
3.293852634589412901e+03 1.234328552712786831e+01 4.999593503546341869e-03
3.293854949395719814e+03 1.235281194722657006e+01 5.045934063149747767e-03
3.293857264201561975e+03 1.233499423162787245e+01 4.964258344373361463e-03
3.293859579007403227e+03 1.233737855798810301e+01 4.974275770565461489e-03
3.293861893813710594e+03 1.233438640131532793e+01 4.963725671016363562e-03
3.293864208619551846e+03 1.233053801721931819e+01 4.943131972818754286e-03
3.293866523425394007e+03 1.233735720739570674e+01 4.969791945622090493e-03
3.293868838231700465e+03 1.234994113483031164e+01 5.025679197168415185e-03
3.293871153037542172e+03 1.235181542499534935e+01 5.036986323438129819e-03
3.293873467843383423e+03 1.233579747341601696e+01 4.963657483683549601e-03
3.293875782649224675e+03 1.233443434370848379e+01 4.955292568224989661e-03
3.293878097455531588e+03 1.236397323126258208e+01 5.096245110737704712e-03
3.293880412261372840e+03 1.235033642555231026e+01 5.029721370115494694e-03
3.293882727067214546e+03 1.233703918982302916e+01 4.972264378032012488e-03
3.293885041873055343e+03 1.234562175811022300e+01 5.009923460440468199e-03
3.293887356678897504e+03 1.236026098048290933e+01 5.073308686726933463e-03
3.293889671484738756e+03 1.234733041755261773e+01 5.016921179466406720e-03
3.293891986290580007e+03 1.235423264154317557e+01 5.052395766622919115e-03
3.293894301096421259e+03 1.234857255640918439e+01 5.023396229562067557e-03
3.293896615902262965e+03 1.235040730871085657e+01 5.029443429395823346e-03
3.293898930708104672e+03 1.236142459812813144e+01 5.081651380103351101e-03
3.293901245513945923e+03 1.235793478416688451e+01 5.072413732136811688e-03
3.293903560319788085e+03 1.234093772175438808e+01 4.982411653505615032e-03
3.293905875125629336e+03 1.236299635969753652e+01 5.087015147559212531e-03
3.293908189931470588e+03 1.236115868323463296e+01 5.076323631218470495e-03
3.293910504737311385e+03 1.235106737888136941e+01 5.032179899885466830e-03
3.293912819543153546e+03 1.236331087492320080e+01 5.086046184204696952e-03
3.293915134348994798e+03 1.236207243219728902e+01 5.084086250211269919e-03
3.293917449154836504e+03 1.233045850795673637e+01 4.938477115649724317e-03
3.293919763960212094e+03 1.236015842859433000e+01 5.068392073549860335e-03
3.293922078766053346e+03 1.236024726014271735e+01 5.068540544156832292e-03
3.293924393571895052e+03 1.237120390715870322e+01 5.128140482274787595e-03
3.293926708377735395e+03 1.236948507661616681e+01 5.112297415246162997e-03
3.293929023183578011e+03 1.235371114417363003e+01 5.034593922391362476e-03
3.293931337988953601e+03 1.237243536422939272e+01 5.124039766840711094e-03
3.293933652794794398e+03 1.233627097847461229e+01 4.957809654249204813e-03
3.293935967600635195e+03 1.237589618804432590e+01 5.138796102814710900e-03
3.293938282406011240e+03 1.234693576092905509e+01 5.005380174084770283e-03
3.293940597211853856e+03 1.235063928460130178e+01 5.020630133783087791e-03
3.293942912017694653e+03 1.235912234949865862e+01 5.065616191770344612e-03
3.293945226823071152e+03 1.237197509781695004e+01 5.123332493659197261e-03
3.293947541628912404e+03 1.234891595506869599e+01 5.015344921247321189e-03
3.293949856434287994e+03 1.236686897033217036e+01 5.095111797877033798e-03
3.293952171240128337e+03 1.236297004762989538e+01 5.081542785116858335e-03
3.293954486045504837e+03 1.235070179798649903e+01 5.025257011238701797e-03
3.293956800851346543e+03 1.237826799437852543e+01 5.155639286083633401e-03
3.293959115656722133e+03 1.236330708041217008e+01 5.082535330676252877e-03
3.293961430462563385e+03 1.234753188008798297e+01 5.004714860981441041e-03
3.293963745267939430e+03 1.236319515091298626e+01 5.075586004403606806e-03
3.293966060073315020e+03 1.235998010311848816e+01 5.064384976607434578e-03
3.293968374879155817e+03 1.237446174591160108e+01 5.128337641319214053e-03
3.293970689684531862e+03 1.236008073675701624e+01 5.066478747496929932e-03
3.293973004490374024e+03 1.237087126761931266e+01 5.113162423913728862e-03
3.293975319295749614e+03 1.235969625087236956e+01 5.066169398836807905e-03
3.293977634101124750e+03 1.234523530238410771e+01 4.996310136648232994e-03
3.293979948906502159e+03 1.237661533570168970e+01 5.137948581387955828e-03
3.293982263712342956e+03 1.237729813746060969e+01 5.151369473629741590e-03
3.293984578517718546e+03 1.235584712420109810e+01 5.047178948346832741e-03
3.293986893323094591e+03 1.236103630755139271e+01 5.069773475853238398e-03
3.293989208128470636e+03 1.237601875710922350e+01 5.138203092275554426e-03
3.293991522933845772e+03 1.236216152326826467e+01 5.067680339816065666e-03
3.293993837739687478e+03 1.236622121854413692e+01 5.086011257322855389e-03
3.293996152545063524e+03 1.237038421613926609e+01 5.109633598244748588e-03
3.293998467350439114e+03 1.237099989465103533e+01 5.110942116847267368e-03
3.294000782155814704e+03 1.235680594857918990e+01 5.047972382316704733e-03
3.294003096961189840e+03 1.236042733977268782e+01 5.060726028986297503e-03
3.294005411766566795e+03 1.237273079021234068e+01 5.113435134992841066e-03
3.294007726571941475e+03 1.236582046682080538e+01 5.083642790169227987e-03
3.294010041377316611e+03 1.237187391198766662e+01 5.116904188870081277e-03
3.294012356182693111e+03 1.237846220017087617e+01 5.148716311077304771e-03
3.294014670988068247e+03 1.234520782723869026e+01 4.996476987561182699e-03
3.294016985793443837e+03 1.237201056767466412e+01 5.126865534229566382e-03
3.294019300598821246e+03 1.237169801746627229e+01 5.113760138684779119e-03
3.294021615404196382e+03 1.236083912621821668e+01 5.065794491229993514e-03
3.294023930209572427e+03 1.235909827742226597e+01 5.056459606914039118e-03
3.294026245014481901e+03 1.237032733595861167e+01 5.107289472060794200e-03
3.294028559819857946e+03 1.237646008537210918e+01 5.135799116286211483e-03
3.294030874625233992e+03 1.237222819319525513e+01 5.117166495362316520e-03
3.294033189430609582e+03 1.237159545969687358e+01 5.113900857465936145e-03
3.294035504235985627e+03 1.236538236320983586e+01 5.080790128899099686e-03
3.294037819040896011e+03 1.237043412615170368e+01 5.106313103260532414e-03
3.294040133846271601e+03 1.237543574841127381e+01 5.130738780771229926e-03
3.294042448651646282e+03 1.237110257168625438e+01 5.111570049302367053e-03
3.294044763456557121e+03 1.237288547441525743e+01 5.109223308306635840e-03
3.294047078261933166e+03 1.237104392954976362e+01 5.107639764364371032e-03
3.294049393067308301e+03 1.236325684513618484e+01 5.082536751063777489e-03
3.294051707872219140e+03 1.239066263425758407e+01 5.200444430313863782e-03
3.294054022677594730e+03 1.236218320812510285e+01 5.066024548243576973e-03
3.294056337482969866e+03 1.237678277943175331e+01 5.133009388971454014e-03
3.294058652287879340e+03 1.237465411374116186e+01 5.124088236250650720e-03
3.294060967093255840e+03 1.236588840233568654e+01 5.089459319582768405e-03
3.294063281898167133e+03 1.236275404091222363e+01 5.071623707829456436e-03
3.294065596703542724e+03 1.237553377166247159e+01 5.132594773504117400e-03
3.294067911508453108e+03 1.237783875082281781e+01 5.140168559001907778e-03
3.294070226313828243e+03 1.235927069619274299e+01 5.061008662413161302e-03
3.294072541118738627e+03 1.236731002862467044e+01 5.092675702770661610e-03
3.294074855923648556e+03 1.234927236349603774e+01 5.007768299857533016e-03
3.294077170729024147e+03 1.238393598666193185e+01 5.177363269453689326e-03
3.294079485533934530e+03 1.236640400571301157e+01 5.089857955477465959e-03
3.294081800338844005e+03 1.239362147814203041e+01 5.224874436613466747e-03
3.294084115144219595e+03 1.239051823252391138e+01 5.197305886647836035e-03
3.294086429949129979e+03 1.236239049646069255e+01 5.066598379960169513e-03
3.294088744754039908e+03 1.238334487625316527e+01 5.167809608471598398e-03
3.294091059559415498e+03 1.236755920307214396e+01 5.093492743666940339e-03
3.294093374364325427e+03 1.238383073103094389e+01 5.168474720294366845e-03
3.294095689169235811e+03 1.237069935697603285e+01 5.107889176717995278e-03
3.294098003973214418e+03 1.235624890915211260e+01 5.038320050620116383e-03
3.294100318778123892e+03 1.237199610173714781e+01 5.112721192877848868e-03
3.294102633583034731e+03 1.236334529357869094e+01 5.080408053440501823e-03
3.294104948387945569e+03 1.237331934373546716e+01 5.120553501239751872e-03
3.294107263192855498e+03 1.237566571655966641e+01 5.134964152584344139e-03
3.294109577997765427e+03 1.235922174861737588e+01 5.059258629296320420e-03
3.294111892802676266e+03 1.237103961381216344e+01 5.106542477150277995e-03
3.294114207607585740e+03 1.237076331149836506e+01 5.106094136871570759e-03
3.294116522412495669e+03 1.236279357189515515e+01 5.073436213271455796e-03
3.294118837217406053e+03 1.235164561010035023e+01 5.024198115990472988e-03
3.294121152022316437e+03 1.237823621726372636e+01 5.146836621195617634e-03
3.294123466827225911e+03 1.237125591150818771e+01 5.110990181921424257e-03
3.294125781632135840e+03 1.238219540666271357e+01 5.164808690736059395e-03
3.294128096437046224e+03 1.237077888050943741e+01 5.112034841773859493e-03
3.294130411241956608e+03 1.235376078851606074e+01 5.034077797069325989e-03
3.294132726046866537e+03 1.236966081935820583e+01 5.108140621729678754e-03
3.294135040851776466e+03 1.237010778786210707e+01 5.108959284973680660e-03
3.294137355656686395e+03 1.236205928453462555e+01 5.080321738878759014e-03
3.294139670461131118e+03 1.236790787735333552e+01 5.101715045480422102e-03
3.294141985266041956e+03 1.237829708676773777e+01 5.159955679813109375e-03
3.294144300070952340e+03 1.235737076652863209e+01 5.055975785303736848e-03
3.294146614875861815e+03 1.236906370208560624e+01 5.109962429925452888e-03
3.294148929680306082e+03 1.235257535226788583e+01 5.031943229428316282e-03
3.294151244485216012e+03 1.238273503045561696e+01 5.167746683582093679e-03
3.294153559290126395e+03 1.235243621223573207e+01 5.038364187212181558e-03
3.294155874094570663e+03 1.236693698905046901e+01 5.098156078196565931e-03
3.294158188899480592e+03 1.235576970145112696e+01 5.047061776275853749e-03
3.294160503704390976e+03 1.235406668627203253e+01 5.039253971886724359e-03
3.294162818508835699e+03 1.235509641689624516e+01 5.050965761811835979e-03
3.294165133313745173e+03 1.236409555403914062e+01 5.084085213538076450e-03
3.294167448118189441e+03 1.234050771141396652e+01 4.987094768604601047e-03
3.294169762923099825e+03 1.235145034426127886e+01 5.038444834985321766e-03
3.294172077727544547e+03 1.235818011911122660e+01 5.068126849993230369e-03
3.294174392532454021e+03 1.236484254692733842e+01 5.089624586029991953e-03
3.294176707336899199e+03 1.235287376289127792e+01 5.038206383656646317e-03
3.294179022141809583e+03 1.234011862895346745e+01 4.983625689600224354e-03
3.294181336946253396e+03 1.235721894865606707e+01 5.056341823237180469e-03
3.294183651751163779e+03 1.237081193388512190e+01 5.117117906718319370e-03
3.294185966555608957e+03 1.234279640296340119e+01 4.989753322400174683e-03
3.294188281360052315e+03 1.234642734634141092e+01 5.017471211901894379e-03
3.294190596164962699e+03 1.235834758568815417e+01 5.064773311722148806e-03
3.294192910969407421e+03 1.234179578723368742e+01 4.993941904552844958e-03
3.294195225773852144e+03 1.235208825301629432e+01 5.032744871623836928e-03
3.294197540578295957e+03 1.235677210646810131e+01 5.064387671532196225e-03
3.294199855383205886e+03 1.233716058617216049e+01 4.972415619611887834e-03
3.294202170187651518e+03 1.236077704949273759e+01 5.077658448811635077e-03
3.294204484992094876e+03 1.234895531452588990e+01 5.025447417168377694e-03
3.294206799796539599e+03 1.235296163641692502e+01 5.037434854909247917e-03
3.294209114600983867e+03 1.234152632586334519e+01 4.988068562274632252e-03
3.294211429405894705e+03 1.235530870408032378e+01 5.057058843203269052e-03
3.294213744210338518e+03 1.233927453045414779e+01 4.982432130218495021e-03
3.294216059014784150e+03 1.234585106838387247e+01 5.009277769067481054e-03
3.294218373819228418e+03 1.234078584179508198e+01 4.985765247789345975e-03
3.294220688623671776e+03 1.234525507763960483e+01 5.009209153246104752e-03
3.294223003428116499e+03 1.234404670920981140e+01 5.012579744829472050e-03
3.294225318232561222e+03 1.232922674770652272e+01 4.942506773586617663e-03
3.294227633037005489e+03 1.233320172195798037e+01 4.958792650718485233e-03
3.294229947841449302e+03 1.233485624254206137e+01 4.964908128184543357e-03
3.294232262645893570e+03 1.236123634770837754e+01 5.085130329144134896e-03
3.294234577450337838e+03 1.232795256296433273e+01 4.935077782950514705e-03
3.294236892254783015e+03 1.233612579782776564e+01 4.976843935418545466e-03
3.294239207058761622e+03 1.235137801647985079e+01 5.045124285357488296e-03
3.294241521863205890e+03 1.234790097339181081e+01 5.022622374633101475e-03
3.294243836667651067e+03 1.235233668438071497e+01 5.045417944990770488e-03
3.294246151472094880e+03 1.234564014513984631e+01 5.014030724141571409e-03
3.294248466276539148e+03 1.234325532984548168e+01 5.001737217874400836e-03
3.294250781080983415e+03 1.235610265418702625e+01 5.069826812311968925e-03
3.294253095884962477e+03 1.234440387925749683e+01 5.006996160418708368e-03
3.294255410689407654e+03 1.232993726555736735e+01 4.948407200699785069e-03
3.294257725493851922e+03 1.233804708450139032e+01 4.979932935645144110e-03
3.294260040297831438e+03 1.235063938753981994e+01 5.037011776612302337e-03
3.294262355102275251e+03 1.232904567006415597e+01 4.941446274569578391e-03
3.294264669906719519e+03 1.235653251523537577e+01 5.072713023638213310e-03
3.294266984710698580e+03 1.234818821631789376e+01 5.029596614141722613e-03
3.294269299515142848e+03 1.232916967639475558e+01 4.944258977867536063e-03
3.294271614319121454e+03 1.234805448024162366e+01 5.027890437847110268e-03
3.294273929123566177e+03 1.233395626094172215e+01 4.968444313826557435e-03
3.294276243927545693e+03 1.233562083389005082e+01 4.969934847681605969e-03
3.294278558731989506e+03 1.233967845294342425e+01 4.991352305712700062e-03
3.294280873535967658e+03 1.234202570480027461e+01 5.004932562694083299e-03
3.294283188340411925e+03 1.231567510273620059e+01 4.883379254247492175e-03
3.294285503144391441e+03 1.234342336737615753e+01 5.014401962428672276e-03
3.294287817948835254e+03 1.232373081449752306e+01 4.918675251128113921e-03
3.294290132752813861e+03 1.235729214563644440e+01 5.074783347260383888e-03
3.294292447557259038e+03 1.233819387632612496e+01 4.983849417336263035e-03
3.294294762361238099e+03 1.233010727542236218e+01 4.951417576868320965e-03
3.294297077165216251e+03 1.235206708859406532e+01 5.056647398574661174e-03
3.294299391969660974e+03 1.233327208953633303e+01 4.965374834392504572e-03
3.294301706773640035e+03 1.234617127524512448e+01 5.025647045537256531e-03
3.294304021577618641e+03 1.232861567150727033e+01 4.935640461591520034e-03
3.294306336381596338e+03 1.232766028672335956e+01 4.940069963396509327e-03
3.294308651186041971e+03 1.232046766364617874e+01 4.904322597359025981e-03
3.294310965990020577e+03 1.233014521328239255e+01 4.951427046240181387e-03
3.294313280793999184e+03 1.231841061362997891e+01 4.894697309009095158e-03
3.294315595597978245e+03 1.231975070447996679e+01 4.902200462598907751e-03
3.294317910401956851e+03 1.232725910115186707e+01 4.935558783435558226e-03
3.294320225205935458e+03 1.234350059493128171e+01 5.009738711800963348e-03
3.294322540009914064e+03 1.234073252187835124e+01 4.996762213857087499e-03
3.294324854813893126e+03 1.233017248546340028e+01 4.956844815465166060e-03
3.294327169618337393e+03 1.232525090885778241e+01 4.926309223348460629e-03
3.294329484422316000e+03 1.234263195922243384e+01 5.005670876785839503e-03
3.294331799226295061e+03 1.232407773929714878e+01 4.922812895568273554e-03
3.294334114030275032e+03 1.233742457000815307e+01 4.982029679869097449e-03
3.294336428833787522e+03 1.232849733581413965e+01 4.947829160328466591e-03
3.294338743637766129e+03 1.234533131611658341e+01 5.021194398562561952e-03
3.294341058441745190e+03 1.233434923668506400e+01 4.967285765668382098e-03
3.294343373245724251e+03 1.232528232282188263e+01 4.928694277181608352e-03
3.294345688049702403e+03 1.233525550913354962e+01 4.976705605351157760e-03
3.294348002853681464e+03 1.231868031067426017e+01 4.895002345704092817e-03
3.294350317657660526e+03 1.233565963990788106e+01 4.979538570387004488e-03
3.294352632461639132e+03 1.235350151183305734e+01 5.060374842829187814e-03
3.294354947265151623e+03 1.232844233352565588e+01 4.944818094050056935e-03
3.294357262069131139e+03 1.232787099286049148e+01 4.946395465325515231e-03
3.294359576873109290e+03 1.232976494160312875e+01 4.950369543538005006e-03
3.294361891677087442e+03 1.232853433668270782e+01 4.951549863522738092e-03
3.294364206480600842e+03 1.230671505979896807e+01 4.853144802954674313e-03
3.294366521284579903e+03 1.233266113317623613e+01 4.971852257254882022e-03
3.294368836088558510e+03 1.232853463941785499e+01 4.952986591552350874e-03
3.294371150892071455e+03 1.232090170838617738e+01 4.911561983572397191e-03
3.294373465696050971e+03 1.233673727742460180e+01 4.981514986574358053e-03
3.294375780499564371e+03 1.233475752119809954e+01 4.974453991405537734e-03
3.294378095303542977e+03 1.233872429715869146e+01 4.987764568865172415e-03
3.294380410107055468e+03 1.233991945492745401e+01 4.998394554568780408e-03
3.294382724911034984e+03 1.233193101531751878e+01 4.964374105554948159e-03
3.294385039714547929e+03 1.232812214515410787e+01 4.941013108584294510e-03
3.294387354518526536e+03 1.234295940235326938e+01 5.008172988651604998e-03
3.294389669322039481e+03 1.233108390684076916e+01 4.954224083503495045e-03
3.294391984126018997e+03 1.234317964873233819e+01 5.014145670100358249e-03
3.294394298929531487e+03 1.232145633633857784e+01 4.913606714554914420e-03
3.294396613733510094e+03 1.233054818051440726e+01 4.960544510046667986e-03
3.294398928537023494e+03 1.234985596582443890e+01 5.038621041639103695e-03
3.294401243340536439e+03 1.232223193576676401e+01 4.916903408734400738e-03
3.294403558144515500e+03 1.232942939200422749e+01 4.943403535485888130e-03
3.294405872948028446e+03 1.233758275004032079e+01 4.982948180959899040e-03
3.294408187751542300e+03 1.233615281117691787e+01 4.976824941000543463e-03
3.294410502555055245e+03 1.234184066409290992e+01 4.998547947888904407e-03
3.294412817359033397e+03 1.233579586581215892e+01 4.970851819008613622e-03
3.294415132162546797e+03 1.233772698576491322e+01 4.979943827622841483e-03
3.294417446966060652e+03 1.234983118008331004e+01 5.035727985572909134e-03
3.294419761769573597e+03 1.233755854298510357e+01 4.982427878965349499e-03
3.294422076573086997e+03 1.233775889777872514e+01 4.976429754274007931e-03
3.294424391376599942e+03 1.233338726595262536e+01 4.961320733426562504e-03
3.294426706180578549e+03 1.235037538097123466e+01 5.044857710701487925e-03
3.294429020984091039e+03 1.233145088244103249e+01 4.952054955750270597e-03
3.294431335787603984e+03 1.234665137205877983e+01 5.023442187124695438e-03
3.294433650591117384e+03 1.233595566430565071e+01 4.975083961339227777e-03
3.294435965394629875e+03 1.233384417598352378e+01 4.964707676859528122e-03
3.294438280198143730e+03 1.234012265500212280e+01 4.994124011955589255e-03
3.294440595001657130e+03 1.234176269995409214e+01 5.001707472119269228e-03
3.294442909805169620e+03 1.231847200823729871e+01 4.900381707589293243e-03
3.294445224608216449e+03 1.234987642622166426e+01 5.039005141711861910e-03
3.294447539411730759e+03 1.234670728885707724e+01 5.023710470889615302e-03
3.294449854215244613e+03 1.233536756779589183e+01 4.980723761312541055e-03
3.294452169018757104e+03 1.234409648618265720e+01 5.010799165506912671e-03
3.294454483822269594e+03 1.233377773338249206e+01 4.962392714439896498e-03
3.294456798625782994e+03 1.233403518258403331e+01 4.958081112380488195e-03
3.294459113428830278e+03 1.231750703617541554e+01 4.901818022413153425e-03
3.294461428232343678e+03 1.234737348749576746e+01 5.024835175055994939e-03
3.294463743035857078e+03 1.234294363668842642e+01 5.005049814933524438e-03
3.294466057839370478e+03 1.235121947397965947e+01 5.043685040663944442e-03
3.294468372642417307e+03 1.234320702713005957e+01 5.003710448434663290e-03
3.294470687445929798e+03 1.233638938128304119e+01 4.973383371330672431e-03
3.294473002249443653e+03 1.235725321332198590e+01 5.068840024271543780e-03
3.294475317052490936e+03 1.232717481699158313e+01 4.932897228875527361e-03
3.294477631856003882e+03 1.234158902496761634e+01 4.995258709908409651e-03
3.294479946659516827e+03 1.232927348295271130e+01 4.942032704177166079e-03
3.294482261462565020e+03 1.233545855521711410e+01 4.970174339774663212e-03
3.294484576266077966e+03 1.233694552733080663e+01 4.973552441931862640e-03
3.294486891069125704e+03 1.234986516225275999e+01 5.034454136948965895e-03
3.294489205872639104e+03 1.234255795693277413e+01 5.005704422240072476e-03
3.294491520675686388e+03 1.234275708168167540e+01 5.002995541162499026e-03
3.294493835479199333e+03 1.233205871790999275e+01 4.948735575765632333e-03
3.294496150282247072e+03 1.234954331200805200e+01 5.034662494919588463e-03
3.294498465085294811e+03 1.233142796985674394e+01 4.950700419090614361e-03
3.294500779888806846e+03 1.235436132480840143e+01 5.047936247262219643e-03
3.294503094691854585e+03 1.233988560383472333e+01 4.985437259478171269e-03
3.294505409494901869e+03 1.234479608205668377e+01 5.009163709673840163e-03
3.294507724298415269e+03 1.234347829608604918e+01 5.003168527918858480e-03
3.294510039101462553e+03 1.235491073591200362e+01 5.052899036872906223e-03
3.294512353904509837e+03 1.232414807757470498e+01 4.915149195297878297e-03
3.294514668708023692e+03 1.235440008317322658e+01 5.047991716596386333e-03
3.294516983511070521e+03 1.234610877848009736e+01 5.014087657137553111e-03
3.294519298314117350e+03 1.234812474218271916e+01 5.021531000582095221e-03
3.294521613117165998e+03 1.234883637458253247e+01 5.027264393126256413e-03
3.294523927920213282e+03 1.234284455590917950e+01 5.000860475601221801e-03
3.294526242723261021e+03 1.233359206891925908e+01 4.953097801829715527e-03
3.294528557526773511e+03 1.234988793019121189e+01 5.033768194048151776e-03
3.294530872329821250e+03 1.235932724129810723e+01 5.082341064822798807e-03
3.294533187132868989e+03 1.234049316666993690e+01 4.984502206910330045e-03
3.294535501935915818e+03 1.234134533653625709e+01 4.987422559517963247e-03
3.294537816738964011e+03 1.235132237325336746e+01 5.047076287772955805e-03
3.294540131542011295e+03 1.234682553054114251e+01 5.015893624406822689e-03
3.294542446345058579e+03 1.234762907774531193e+01 5.025126471715828276e-03
3.294544761148105408e+03 1.233596109419786835e+01 4.963124607397654056e-03
3.294547075951153602e+03 1.235900738873538884e+01 5.076142094420222142e-03
3.294549390754200886e+03 1.235670370138041463e+01 5.066673797393925031e-03
3.294551705556782508e+03 1.235272452495632223e+01 5.039044470170616317e-03
3.294554020359830247e+03 1.233954918531404843e+01 4.983072988558436348e-03
3.294556335162877986e+03 1.233812552633620108e+01 4.973645669669980555e-03
3.294558649965924815e+03 1.233222221816568442e+01 4.951341199851808442e-03
3.294560964768973008e+03 1.234324157593477267e+01 5.003167451264632637e-03
3.294563279571555086e+03 1.234162255911510364e+01 4.987774931267490580e-03
3.294565594374602369e+03 1.233333031271002156e+01 4.954993996138102978e-03
3.294567909177649199e+03 1.233841460002336454e+01 4.979380057659872801e-03
3.294570223980696937e+03 1.234832273279475601e+01 5.023506682565768294e-03
3.294572538783279015e+03 1.233989440941911653e+01 4.986436216419151170e-03
3.294574853586325844e+03 1.234273183296743426e+01 4.996226318834375013e-03
3.294577168389373583e+03 1.235131503906307593e+01 5.038110558798780843e-03
3.294579483191954751e+03 1.236635109105875685e+01 5.101188769009530090e-03
3.294581797995002944e+03 1.233618526859365971e+01 4.964590231159695180e-03
3.294584112797584567e+03 1.233177143240900620e+01 4.950666862130792371e-03
3.294586427600631851e+03 1.236280779779197658e+01 5.087777779897552713e-03
3.294588742403213928e+03 1.236848232024709837e+01 5.114974665069125202e-03
3.294591057206261212e+03 1.234141152867646340e+01 4.986420743114572569e-03
3.294593372008842380e+03 1.234951448468307156e+01 5.026372874539487140e-03
3.294595686811890573e+03 1.235567332470728275e+01 5.063647298240074243e-03
3.294598001614472651e+03 1.234251280516505922e+01 5.000350282821037183e-03
3.294600316417519934e+03 1.235004778083661137e+01 5.027812059054258438e-03
3.294602631220101557e+03 1.234571903952989302e+01 5.008786151931905739e-03
3.294604946023148841e+03 1.234910457820028640e+01 5.023735305000462045e-03
3.294607260825731373e+03 1.234230867482457938e+01 4.996549442997784592e-03
3.294609575628312996e+03 1.234578577857286952e+01 5.009767155831656646e-03
3.294611890430895073e+03 1.232569749247594082e+01 4.916951170487069041e-03
3.294614205233942357e+03 1.234880160248945558e+01 5.031011227646434852e-03
3.294616520036523980e+03 1.233356328029361038e+01 4.960851276580371949e-03
3.294618834839105602e+03 1.234280215612754006e+01 4.994751845424026324e-03
3.294621149641687680e+03 1.235304613510252558e+01 5.044917051531696769e-03
3.294623464444735419e+03 1.234238000970629834e+01 4.997563217610230188e-03
3.294625779247316586e+03 1.234060439664027697e+01 4.986694549968081341e-03
3.294628094049899119e+03 1.235912008239779958e+01 5.075607605186347425e-03
3.294630408852480286e+03 1.234926726202120939e+01 5.031342395358262901e-03
3.294632723655061909e+03 1.233477761651948335e+01 4.963695893283599607e-03
3.294635038457644441e+03 1.234993792963815906e+01 5.034111408615545881e-03
3.294637353260226519e+03 1.233419221361129203e+01 4.957090865489512457e-03
3.294639668062808141e+03 1.234436743867191488e+01 5.007688828874625776e-03
3.294641982865389764e+03 1.234046760909576967e+01 4.990171359366459176e-03
3.294644297667970932e+03 1.234538519929514244e+01 5.012272516667391070e-03
3.294646612470553464e+03 1.233825721283246502e+01 4.987912664290691626e-03
3.294648927273135087e+03 1.233199778662265089e+01 4.951853734916279726e-03
3.294651242075716254e+03 1.234670387662250768e+01 5.018077446145091484e-03
3.294653556878297877e+03 1.231809367672059352e+01 4.890959814432036847e-03
3.294655871680880409e+03 1.234194135991012331e+01 5.004958301238823272e-03
3.294658186483462032e+03 1.234706549504960194e+01 5.020259010424945635e-03
3.294660501285578448e+03 1.233885864323277914e+01 4.982655566410584998e-03
3.294662816088160525e+03 1.233347192629717171e+01 4.959066967899859908e-03
3.294665130890741239e+03 1.233254319501454788e+01 4.952647043175212663e-03
3.294667445693322861e+03 1.234197107474089350e+01 4.995705455217581102e-03
3.294669760495439277e+03 1.235294330768469173e+01 5.046772400380032664e-03
3.294672075298021355e+03 1.234774432425844104e+01 5.028098973436661949e-03
3.294674390100603432e+03 1.234301192236657840e+01 5.004030119332899922e-03
3.294676704903185509e+03 1.234372888481742869e+01 5.006166218739295168e-03
3.294679019705301471e+03 1.232736847604235209e+01 4.930269442418744145e-03
3.294681334507883548e+03 1.235248779816635079e+01 5.055092687842178793e-03
3.294683649309999510e+03 1.235710911280187929e+01 5.072735052989593707e-03
3.294685964112581587e+03 1.235695174698110144e+01 5.069417420835858890e-03
3.294688278914698003e+03 1.234817372354627807e+01 5.027763473081683400e-03
3.294690593717279626e+03 1.233444427788983866e+01 4.961867664610306039e-03
3.294692908519395132e+03 1.234368401787707548e+01 5.007447157795182242e-03
3.294695223321977210e+03 1.236446094986072808e+01 5.101123118419241369e-03
3.294697538124093626e+03 1.233164487048799529e+01 4.946281403689524805e-03
3.294699852926674794e+03 1.233534896190712082e+01 4.975086892201578334e-03
3.294702167728791210e+03 1.232692006931156392e+01 4.927955676541611284e-03
3.294704482531373287e+03 1.232811177875479203e+01 4.933595808918009654e-03
3.294706797333488794e+03 1.233656230127091114e+01 4.972381525252927634e-03
3.294709112135605210e+03 1.234117545381663028e+01 4.994811673995914678e-03
3.294711426938186833e+03 1.234039126251404461e+01 4.986778997425043471e-03
3.294713741740303703e+03 1.233186651114062116e+01 4.954043284088664040e-03
3.294716056542419210e+03 1.235481678227842295e+01 5.051439138482307668e-03
3.294718371344536081e+03 1.234133360240812216e+01 4.988546161355604178e-03
3.294720686147117704e+03 1.235248315368317584e+01 5.045267438211369949e-03
3.294723000949233665e+03 1.237411736882200941e+01 5.145334414731471927e-03
3.294725315751349626e+03 1.234156465145379755e+01 4.992094419872869851e-03
3.294727630553466042e+03 1.234544405921719701e+01 5.010839795477520231e-03
3.294729945355582004e+03 1.234481646757113538e+01 5.003708610950970311e-03
3.294732260157697965e+03 1.234457243335933896e+01 5.003991540486957441e-03
3.294734574960279588e+03 1.235802245977469838e+01 5.067229607498309821e-03
3.294736889762396004e+03 1.235648861881761107e+01 5.055260305200605896e-03
3.294739204564511965e+03 1.233701229146172729e+01 4.973236862502055690e-03
3.294741519366627472e+03 1.235801142707005340e+01 5.068001753900058630e-03
3.294743834168743888e+03 1.234650028065344962e+01 5.015872888815225625e-03
3.294746148970860304e+03 1.233834432316237972e+01 4.972619068405157577e-03
3.294748463772977175e+03 1.234815933364140506e+01 5.021658323314397848e-03
3.294750778574627020e+03 1.233233447714332343e+01 4.953020937734693534e-03
3.294753093376743436e+03 1.233759028858778528e+01 4.968136399306915391e-03
3.294755408178859398e+03 1.235346094274371964e+01 5.051761903680565373e-03
3.294757722980975359e+03 1.235634442196360894e+01 5.058580592325124733e-03
3.294760037783092230e+03 1.234311218797668985e+01 5.001277142399332062e-03
3.294762352585208646e+03 1.235006590108582891e+01 5.024468712655826529e-03
3.294764667386858491e+03 1.234380450717093325e+01 5.002433482205912926e-03
3.294766982188974453e+03 1.235377459995330440e+01 5.047788942433222709e-03
3.294769296991090414e+03 1.235461855188535907e+01 5.051008120478873466e-03
3.294771611793206830e+03 1.235292670814139626e+01 5.039170150497403536e-03
3.294773926594857585e+03 1.234365775147158395e+01 5.003200398004229582e-03
3.294776241396974001e+03 1.233865722911469831e+01 4.974419324508189306e-03
3.294778556199089508e+03 1.234220032813825796e+01 4.988070322503881070e-03
3.294780871000739353e+03 1.234589391393106617e+01 5.006462548482188205e-03
3.294783185802855769e+03 1.236076264668951374e+01 5.074741723275525210e-03
3.294785500604506979e+03 1.233564622173188674e+01 4.961667684208147938e-03
3.294787815406622940e+03 1.235950857254982616e+01 5.074379353322818441e-03
3.294790130208738901e+03 1.235557574958395222e+01 5.049439543924976424e-03
3.294792445010390111e+03 1.233995649490167246e+01 4.980999515336589217e-03
3.294794759812506527e+03 1.234400096716937867e+01 4.996456412109163449e-03
3.294797074614155918e+03 1.235844019989431430e+01 5.059687538728595800e-03
3.294799389415806218e+03 1.235485215246389856e+01 5.041358367298705463e-03
3.294801704217923088e+03 1.235416697778118511e+01 5.041399361145253687e-03
3.294804019019573389e+03 1.235740844648804426e+01 5.054266131351667357e-03
3.294806333821688895e+03 1.233618971331197756e+01 4.957547685074992910e-03
3.294808648623339650e+03 1.235255932264149337e+01 5.030027998815832409e-03
3.294810963424989950e+03 1.236834306682617246e+01 5.102326865473310116e-03
3.294813278227106366e+03 1.235294243546977455e+01 5.029569610818010114e-03
3.294815593028756666e+03 1.237315637968951521e+01 5.130041337126822233e-03
3.294817907830407876e+03 1.237263821428447130e+01 5.125989951562530227e-03
3.294820222632058631e+03 1.235833204146118725e+01 5.052117734554758231e-03
3.294822537434174592e+03 1.236435129469992233e+01 5.092485012552283759e-03
3.294824852235824437e+03 1.236735202704092451e+01 5.098099750310621826e-03
3.294827167037475192e+03 1.238026729154237415e+01 5.164461343117079418e-03
3.294829481839125947e+03 1.237351038242803369e+01 5.136169700897864378e-03
3.294831796640775792e+03 1.237292367015215078e+01 5.122562410499179562e-03
3.294834111442427002e+03 1.236817227264992702e+01 5.104091661325873240e-03
3.294836426244077302e+03 1.237019190104910749e+01 5.111823732337577447e-03
3.294838741045727602e+03 1.235360744321614490e+01 5.027871574431116986e-03
3.294841055847377447e+03 1.236172889168417832e+01 5.071402453914956865e-03
3.294843370649028657e+03 1.236940537484696634e+01 5.104615993583493973e-03
3.294845685450679412e+03 1.238535783313504091e+01 5.179597299180108833e-03
3.294848000252329257e+03 1.236707417082262950e+01 5.088190993481014716e-03
3.294850315053980012e+03 1.236632063592042030e+01 5.090124286797297407e-03
3.294852629855630767e+03 1.236096346887039310e+01 5.064410923595456283e-03
3.294854944657280612e+03 1.237395894703169397e+01 5.122189513503305931e-03
3.294857259458930912e+03 1.236861797129328977e+01 5.097287044529869200e-03
3.294859574260582121e+03 1.235034523297745146e+01 5.014943386578443740e-03
3.294861889061767215e+03 1.237864562763892096e+01 5.144212720277631379e-03
3.294864203863417515e+03 1.236466661946274037e+01 5.081292022591365684e-03
3.294866518665067815e+03 1.236193629482765033e+01 5.066285238692570282e-03
3.294868833466718570e+03 1.237066599346337981e+01 5.107768446948335490e-03
3.294871148267902754e+03 1.237738766798000967e+01 5.140191788350207715e-03
3.294873463069553509e+03 1.236641749938775803e+01 5.086764772945093910e-03
3.294875777871204264e+03 1.237601902745516291e+01 5.136257126241314253e-03
3.294878092672388902e+03 1.237124174002772570e+01 5.112014557834902197e-03
3.294880407474039202e+03 1.237153166339674115e+01 5.106494402390331609e-03
3.294882722275689503e+03 1.238777751306505515e+01 5.180545649660293385e-03
3.294885037076874141e+03 1.235431501011364297e+01 5.028331211813193320e-03
3.294887351878524896e+03 1.237566923261724661e+01 5.130606926175044873e-03
3.294889666679709535e+03 1.237439457030465739e+01 5.123658762218230057e-03
3.294891981481360745e+03 1.237193193158616644e+01 5.108422567524582500e-03
3.294894296282545383e+03 1.238724000939480874e+01 5.176774845060603397e-03
3.294896611084196138e+03 1.237291576820287986e+01 5.114342098570034967e-03
3.294898925885380777e+03 1.237475634525824120e+01 5.127729305523746201e-03
3.294901240686565416e+03 1.235296394547719245e+01 5.023850715694211204e-03
3.294903555488216625e+03 1.236297166401466008e+01 5.066086281593068334e-03
3.294905870289400355e+03 1.237401795516009351e+01 5.124170976561421946e-03
3.294908185090585448e+03 1.237967626572182311e+01 5.152511882030777653e-03
3.294910499892236658e+03 1.238245996888630707e+01 5.156249325553891906e-03
3.294912814693420387e+03 1.238643633514482367e+01 5.175525785262861077e-03
3.294915129494605480e+03 1.238921246054941605e+01 5.185941698840499693e-03
3.294917444296255781e+03 1.237295843873876144e+01 5.113033620737355081e-03
3.294919759097440419e+03 1.238313976078226553e+01 5.156798962639830460e-03
3.294922073898625513e+03 1.236975684575817880e+01 5.101473169315643569e-03
3.294924388699810152e+03 1.236673407103177169e+01 5.083982552163403452e-03
3.294926703500996155e+03 1.235551093834030922e+01 5.039778947928669553e-03
3.294929018302180339e+03 1.237674228579452063e+01 5.131218659535878926e-03
3.294931333103830639e+03 1.238329604052669097e+01 5.158863157978837988e-03
3.294933647905015278e+03 1.238716504043584976e+01 5.173974323611620595e-03
3.294935962706200371e+03 1.236192941890390884e+01 5.060324076202124197e-03
3.294938277507385010e+03 1.236840133950552989e+01 5.089541892750814624e-03
3.294940592308570103e+03 1.237533040890701486e+01 5.121571225577414496e-03
3.294942907109755652e+03 1.237367388233290910e+01 5.114397542698050254e-03
3.294945221910939381e+03 1.238054715177397647e+01 5.149203254144881989e-03
3.294947536712124020e+03 1.238065756634422598e+01 5.147253842914562005e-03
3.294949851512843452e+03 1.239642989068395629e+01 5.224179283828094510e-03
3.294952166314028545e+03 1.238296528301927424e+01 5.159498871259406844e-03
3.294954481115213184e+03 1.236964053325102242e+01 5.093827891512831864e-03
3.294956795916397368e+03 1.237576255456865759e+01 5.128749635206083200e-03
3.294959110717582462e+03 1.237793005808557112e+01 5.141957994710227332e-03
3.294961425518767555e+03 1.237242783034027127e+01 5.113272462745344950e-03
3.294963740319486533e+03 1.237929159284818326e+01 5.147933803818136554e-03
3.294966055120672081e+03 1.238269280132850625e+01 5.157746032172920089e-03
3.294968369921857629e+03 1.238277902330608171e+01 5.160878646526120654e-03
3.294970684723041359e+03 1.236904858682903985e+01 5.095775454320591868e-03
3.294972999523760336e+03 1.236668943384623454e+01 5.085959323032661523e-03
3.294975314324945430e+03 1.237566538218526802e+01 5.129782698556854988e-03
3.294977629125664407e+03 1.238363720425842907e+01 5.169786321698454333e-03
3.294979943926849501e+03 1.237237181458069379e+01 5.113031411736379886e-03
3.294982258728034594e+03 1.234802336856365201e+01 4.996357523222990857e-03
3.294984573528754026e+03 1.238597655558009158e+01 5.171731617888086774e-03
3.294986888329937756e+03 1.235586481600456565e+01 5.035331695253169801e-03
3.294989203130656279e+03 1.237124292105847623e+01 5.108317366138518181e-03
3.294991517931841372e+03 1.236487880369556791e+01 5.075894034854341701e-03
3.294993832732560804e+03 1.235956651369982318e+01 5.048815344423192991e-03
3.294996147533745443e+03 1.238199215654920238e+01 5.157939290455117697e-03
3.294998462334464875e+03 1.235582217546341965e+01 5.035740579552920766e-03
3.295000777135184762e+03 1.236259949910263423e+01 5.067136726473613767e-03
3.295003091936369401e+03 1.238599638029706185e+01 5.175759818717677249e-03
3.295005406737087924e+03 1.237743042368372315e+01 5.138458479369651874e-03
3.295007721537807356e+03 1.236831069796814120e+01 5.096058627260699643e-03
3.295010036338992450e+03 1.236214701605700128e+01 5.068239655762084815e-03
3.295012351139711427e+03 1.237366170132088783e+01 5.122520741172849855e-03
3.295014665940430859e+03 1.236132590695686950e+01 5.067575239861572822e-03
3.295016980741150292e+03 1.238153936801061228e+01 5.155443582227846669e-03
3.295019295542334476e+03 1.237109971678135523e+01 5.112247399114111870e-03
3.295021610343053453e+03 1.235767909232297868e+01 5.043468705835003896e-03
3.295023925143772885e+03 1.236475122310450026e+01 5.090852111840152468e-03
3.295026239944492772e+03 1.235908696277306262e+01 5.049564763340858714e-03
3.295028554745210840e+03 1.237659616746966407e+01 5.141949656399327946e-03
3.295030869545929363e+03 1.235862420363125125e+01 5.054087423046670254e-03
3.295033184346649250e+03 1.237692364987241866e+01 5.141125023573939537e-03
3.295035499147369592e+03 1.237513379048095707e+01 5.129824697739737357e-03
3.295037813948088569e+03 1.236647809850290081e+01 5.096246924615300579e-03
3.295040128748808002e+03 1.237539753353830108e+01 5.134400422566558035e-03
3.295042443549526979e+03 1.236010238862060717e+01 5.068498585168283027e-03
3.295044758350245957e+03 1.235594861517229504e+01 5.040749392465216326e-03
3.295047073150964479e+03 1.235898160770187282e+01 5.062097007028006426e-03
3.295049387951683912e+03 1.234983488217097225e+01 5.020674267626216471e-03
3.295051702752403799e+03 1.236477649007758117e+01 5.089475061170065963e-03
3.295054017553121867e+03 1.236578100420075543e+01 5.088405928299227256e-03
3.295056332353376092e+03 1.236366324931309180e+01 5.084294027420899371e-03
3.295058647154095070e+03 1.235817486681345834e+01 5.059806162152616880e-03
3.295060961954813592e+03 1.236792200736194758e+01 5.104774851658499223e-03
3.295063276755532570e+03 1.234582648975812269e+01 4.998630311887106853e-03
3.295065591555785886e+03 1.236549837013881969e+01 5.091329746641818157e-03
3.295067906356505318e+03 1.235889608507798876e+01 5.064377692577935221e-03
3.295070221157225205e+03 1.234878571861782071e+01 5.015536462167454607e-03
3.295072535957478976e+03 1.236979585717051400e+01 5.113479879990581907e-03
3.295074850758198409e+03 1.234419920936186799e+01 5.000850096939280648e-03
3.295077165558916931e+03 1.237294439201351892e+01 5.130642694858326622e-03
3.295079480359169793e+03 1.234987962816816953e+01 5.023968648165439040e-03
3.295081795159889680e+03 1.236282474232994311e+01 5.087356183924186988e-03
3.295084109960143451e+03 1.235965933528547644e+01 5.067348825946981113e-03
3.295086424760861973e+03 1.235938885657449759e+01 5.066067070965381627e-03
3.295088739561116199e+03 1.234129034647027012e+01 4.983806297057044241e-03
3.295091054361835631e+03 1.233827665643265448e+01 4.970759235456030482e-03
3.295093369162088493e+03 1.234325744993178198e+01 4.992551360678513551e-03
3.295095683962341354e+03 1.235274237702540567e+01 5.037135009593821273e-03
3.295097998763060787e+03 1.233839124537576026e+01 4.976858381653345882e-03
3.295100313563314558e+03 1.235757023609565231e+01 5.058077719420231953e-03
3.295102628363567419e+03 1.233073600309354312e+01 4.943930918465204091e-03
3.295104943164286396e+03 1.236000458642795508e+01 5.072094025870674608e-03
3.295107257964540167e+03 1.233816796288880191e+01 4.978337230640499968e-03
3.295109572764794393e+03 1.235421533978869491e+01 5.046771481477261082e-03
3.295111887565047255e+03 1.233579223223920529e+01 4.964531178043342548e-03
3.295114202365767142e+03 1.234421955689309591e+01 5.005579443741129363e-03
3.295116517166020913e+03 1.233988419033157768e+01 4.988130734416095120e-03
3.295118831966274229e+03 1.231164545699050628e+01 4.858701843165760294e-03
3.295121146766527545e+03 1.233706717165631161e+01 4.972359567829874247e-03
3.295123461566780861e+03 1.234584637235697713e+01 5.015397943869409278e-03
3.295125776367034632e+03 1.234364643316336441e+01 5.005733119711221896e-03
3.295128091167287948e+03 1.234044950585489353e+01 4.993996937078824805e-03
3.295130405967541265e+03 1.234997399417106223e+01 5.035847592906978268e-03
3.295132720767795035e+03 1.233522894739523323e+01 4.967618200165498793e-03
3.295135035568047897e+03 1.234393892176080243e+01 5.004117647102433904e-03
3.295137350368300758e+03 1.234259540317892778e+01 5.001116391139892071e-03
3.295139665168554984e+03 1.234147048351465870e+01 4.990973075293468619e-03
3.295141979968808300e+03 1.233968857806122266e+01 4.990246082282884764e-03
3.295144294769062526e+03 1.232696028998775795e+01 4.933119949199707248e-03
3.295146609569315842e+03 1.234776803603778284e+01 5.021691697656323339e-03
3.295148924369570068e+03 1.232486397635409503e+01 4.921640416867591357e-03
3.295151239169822929e+03 1.235170233932496764e+01 5.045523228349129211e-03
3.295153553969610584e+03 1.234540445537966491e+01 5.013037792308813745e-03
3.295155868769863901e+03 1.233163716242530761e+01 4.958567869687966270e-03
3.295158183570118126e+03 1.233285508984424439e+01 4.957372231056953772e-03
3.295160498370370988e+03 1.232616043313445253e+01 4.927291406036378441e-03
3.295162813170159097e+03 1.233124434683900184e+01 4.952866092171005416e-03
3.295165127970412868e+03 1.234689087860863310e+01 5.028047529965030960e-03
3.295167442770666185e+03 1.232404544669308422e+01 4.928065287544559914e-03
3.295169757570453385e+03 1.233780040103305708e+01 4.982951603517801059e-03
3.295172072370707156e+03 1.233326458531071346e+01 4.965224199727887727e-03
3.295174387170495720e+03 1.234148142840441587e+01 4.995649978481698887e-03
3.295176701970748582e+03 1.233770530774112473e+01 4.986395687045491916e-03
3.295179016770536691e+03 1.232248235347666210e+01 4.914763701065903191e-03
3.295181331570790462e+03 1.231556228244456186e+01 4.887204143206297542e-03
3.295183646370578572e+03 1.233815054929365651e+01 4.989942041173396105e-03
3.295185961170831433e+03 1.231736231035925044e+01 4.894240487228580620e-03
3.295188275970619998e+03 1.234580640775240745e+01 5.025857118187912476e-03
3.295190590770873314e+03 1.232418996921485643e+01 4.926990985207373164e-03
3.295192905570660969e+03 1.234374370880477301e+01 5.009694524622011931e-03
3.295195220370448624e+03 1.233543326482450198e+01 4.973969078443576247e-03
3.295197535170701940e+03 1.233948875246833943e+01 4.994588888806378649e-03
3.295199849970490050e+03 1.234945369203047072e+01 5.039624146327846034e-03
3.295202164770276795e+03 1.233124945189900856e+01 4.961785143273508315e-03
3.295204479570531021e+03 1.232964760219959466e+01 4.952732798085657945e-03
3.295206794370319130e+03 1.232257924114959557e+01 4.917461732881317840e-03
3.295209109170106785e+03 1.232968676785904627e+01 4.949684858050610800e-03
3.295211423969893985e+03 1.231863612465307511e+01 4.900702868573554062e-03
3.295213738769683005e+03 1.233098659168495637e+01 4.954140219434469833e-03
3.295216053569470205e+03 1.233279733085528740e+01 4.963535664688734431e-03
3.295218368369257860e+03 1.234594258131324196e+01 5.024124608420741343e-03
3.295220683169512085e+03 1.231507851773257300e+01 4.884222349157318205e-03
3.295222997969300195e+03 1.233164726568303848e+01 4.960984196673107367e-03
3.295225312769087395e+03 1.233680329682316490e+01 4.986103535440613264e-03
3.295227627568875050e+03 1.232103751817057713e+01 4.917140519961005207e-03
3.295229942368663160e+03 1.233428314668088177e+01 4.976377489180540403e-03
3.295232257168450815e+03 1.234621944996174037e+01 5.023246122014218482e-03
3.295234571967772354e+03 1.234440077098081368e+01 5.013674831442512143e-03
3.295236886767560918e+03 1.232229744319990772e+01 4.914225168545961406e-03
3.295239201567349028e+03 1.235071894415313665e+01 5.044433024599169132e-03
3.295241516367136683e+03 1.234192106252739407e+01 5.004826190332504511e-03
3.295243831166923883e+03 1.234456414362169951e+01 5.018840369322549212e-03
3.295246145966711993e+03 1.232336724934922856e+01 4.920930900341419917e-03
3.295248460766501012e+03 1.232590239342186145e+01 4.930811603677796341e-03
3.295250775565822551e+03 1.233238740196169658e+01 4.959089212750716208e-03
3.295253090365609751e+03 1.233590736164317114e+01 4.973529604856172931e-03
3.295255405165397860e+03 1.231927713624924081e+01 4.906308597422361431e-03
3.295257719964720309e+03 1.232514242072950594e+01 4.928325166077059984e-03
3.295260034764507964e+03 1.232714820498750896e+01 4.936271225598508512e-03
3.295262349564296073e+03 1.231094311774511674e+01 4.875782404074212838e-03
3.295264664363618522e+03 1.231879795084306117e+01 4.902404116720741542e-03
3.295266979163406177e+03 1.232451131877529527e+01 4.939217186946581566e-03
3.295269293962727716e+03 1.232037896117565801e+01 4.914270371213561722e-03
3.295271608762514916e+03 1.233235478707929467e+01 4.957122327404812033e-03
3.295273923561837364e+03 1.232808040398309934e+01 4.946539462428557916e-03
3.295276238361625474e+03 1.232089622349917946e+01 4.914708793005445435e-03
3.295278553160947467e+03 1.233305215267141186e+01 4.965296202918054874e-03
3.295280867960736032e+03 1.233684693598093851e+01 4.980152048797890051e-03
3.295283182760058480e+03 1.233340082207205413e+01 4.963467974092166356e-03
3.295285497559845680e+03 1.233292064895758955e+01 4.967568150619093049e-03
3.295287812359168129e+03 1.232282273506327286e+01 4.919365276131059186e-03
3.295290127158490577e+03 1.233677934443105251e+01 4.978862499703861320e-03
3.295292441958277777e+03 1.233994319027438280e+01 4.998090825138362323e-03
3.295294756757600680e+03 1.234061542483727969e+01 5.002574598256436661e-03
3.295297071556923129e+03 1.232513959482232480e+01 4.929725209991096813e-03
3.295299386356244213e+03 1.231370779955840078e+01 4.875059711229487794e-03
3.295301701156031868e+03 1.233546282166825314e+01 4.985864932775829240e-03
3.295304015955354316e+03 1.232810266792030163e+01 4.945861331425571196e-03
3.295306330754677219e+03 1.231457694561472493e+01 4.885732945787880574e-03
3.295308645553998758e+03 1.233423912190332139e+01 4.968539260064777988e-03
3.295310960353321207e+03 1.232359521839134686e+01 4.924242903767395672e-03
3.295313275152643655e+03 1.234547720841536389e+01 5.015278614890785608e-03
3.295315589951965649e+03 1.232684872166350942e+01 4.939877684638895559e-03
3.295317904751288097e+03 1.233207591780881529e+01 4.958570511685823738e-03
3.295320219550610545e+03 1.234696192325866804e+01 5.031208370407826494e-03
3.295322534349932994e+03 1.233156115769805794e+01 4.954791158804019470e-03
3.295324849149254533e+03 1.232379176778926322e+01 4.920564324997929277e-03
3.295327163948576526e+03 1.232981560043951674e+01 4.949566372185527051e-03
3.295329478747898975e+03 1.234419867780665214e+01 5.018362599102087554e-03
3.295331793547221423e+03 1.234759008567264438e+01 5.028390446356481060e-03
3.295334108346542962e+03 1.232535855470508857e+01 4.926431756990768025e-03
3.295336423145865410e+03 1.232332335503570242e+01 4.920099579396494151e-03
3.295338737944722197e+03 1.233504305138898616e+01 4.971810849585716133e-03
3.295341052744043282e+03 1.234262724690231927e+01 5.009977803361148098e-03
3.295343367543365275e+03 1.234901869931255369e+01 5.036836692170537297e-03
3.295345682342688178e+03 1.234124157751374717e+01 5.000970025098624115e-03
3.295347997141544511e+03 1.234614465708017939e+01 5.021116034517331649e-03
3.295350311940866504e+03 1.233933723460456733e+01 4.991368120051735413e-03
3.295352626740189407e+03 1.234009323586739093e+01 4.994441016881028331e-03
3.295354941539046195e+03 1.233828499919694188e+01 4.982763110331990368e-03
3.295357256338367733e+03 1.233134864656099872e+01 4.949606772596163752e-03
3.295359571137689272e+03 1.234082867170652165e+01 5.002229965734515324e-03
3.295361885936546969e+03 1.234961724303632913e+01 5.039726123517574222e-03
3.295364200735868963e+03 1.234046258896131043e+01 4.994925880377654344e-03
3.295366515534724840e+03 1.232686037268806167e+01 4.929150330820955030e-03
3.295368830334047288e+03 1.232695990501054339e+01 4.929761805034040684e-03
3.295371145132904530e+03 1.234290006874921630e+01 5.004839341882916584e-03
3.295373459932226524e+03 1.234213813064031129e+01 5.005407904490655896e-03
3.295375774731081947e+03 1.232820830624396358e+01 4.939460837452813377e-03
3.295378089529938734e+03 1.233826442488962982e+01 4.979305459702232720e-03
3.295380404329261637e+03 1.233569496016776412e+01 4.970630568298791893e-03
3.295382719128117515e+03 1.233739993247036004e+01 4.976649581618684294e-03
3.295385033926973847e+03 1.232573342962940188e+01 4.924751904212294230e-03
3.295387348726297660e+03 1.234594739377448214e+01 5.015868914762498972e-03
3.295389663525153537e+03 1.234192480844650142e+01 5.000267534760599597e-03
3.295391978324009415e+03 1.234285710657549195e+01 5.000523883323284950e-03
3.295394293122866657e+03 1.233886651642363752e+01 4.981186958705936113e-03
3.295396607921723444e+03 1.233507740697110400e+01 4.968364859572296441e-03
3.295398922721044983e+03 1.232896723123804961e+01 4.945797878506673698e-03
3.295401237519900860e+03 1.233327820901083882e+01 4.960788831570884030e-03
3.295403552318758102e+03 1.234265854022878628e+01 5.001108335125761112e-03
3.295405867117614434e+03 1.233851560535028824e+01 4.977537732672338358e-03
3.295408181916470312e+03 1.232544034463891158e+01 4.922391701064933456e-03
3.295410496715327099e+03 1.235167440775560266e+01 5.041742841679791934e-03
3.295412811514183886e+03 1.234455625900786835e+01 5.014320829807814538e-03
3.295415126313039764e+03 1.235128240072555350e+01 5.036524767828626757e-03
3.295417441111896551e+03 1.235646913913588207e+01 5.063530074679938563e-03
3.295419755910752883e+03 1.233399000624773656e+01 4.960305365003326965e-03
3.295422070709610580e+03 1.236380319114667081e+01 5.089485394298212499e-03
3.295424385508000341e+03 1.234167172473114604e+01 4.990653458261696228e-03
3.295426700306858038e+03 1.233750602997002233e+01 4.973689769070905806e-03
3.295429015105714370e+03 1.233440792101253081e+01 4.961138404873018277e-03
3.295431329904570703e+03 1.234085507490954470e+01 4.992507803663663590e-03
3.295433644703426580e+03 1.235806762371127121e+01 5.066894108735132615e-03
3.295435959501818161e+03 1.236100786774077953e+01 5.074171408534554860e-03
3.295438274300674493e+03 1.236410511601966711e+01 5.097490229102226433e-03
3.295440589099530371e+03 1.233932285917507521e+01 4.980943688977721058e-03
3.295442903898387613e+03 1.234171914117862734e+01 4.991355432249871583e-03
3.295445218696778284e+03 1.235900840633870068e+01 5.072461704281138947e-03
3.295447533495634616e+03 1.234859255714029302e+01 5.024005496446505223e-03
3.295449848294024832e+03 1.234990477130130238e+01 5.027095403416210681e-03
3.295452163092882074e+03 1.235874360229473901e+01 5.071092743996760167e-03
3.295454477891273200e+03 1.234073361179998862e+01 4.982278595224319193e-03
3.295456792690129987e+03 1.235189152554541892e+01 5.035496845326532279e-03
3.295459107488521113e+03 1.234861506010568100e+01 5.019734353096214248e-03
3.295461422287377445e+03 1.233491486396697567e+01 4.959343432212017649e-03
3.295463737085768571e+03 1.234821164478173827e+01 5.027320719566842795e-03
3.295466051884624449e+03 1.232700525879556608e+01 4.922026441455753382e-03
3.295468366683015574e+03 1.234767628120821747e+01 5.016483666396673487e-03
3.295470681481871907e+03 1.236725011588926115e+01 5.114428509299796637e-03
3.295472996280262578e+03 1.235493325081918492e+01 5.054184045062051073e-03
3.295475311078653249e+03 1.234628704400368449e+01 5.009147191560625254e-03
3.295477625877043920e+03 1.234697444538239708e+01 5.016249282853948131e-03
3.295479940675901162e+03 1.235156807613203434e+01 5.031914886093547673e-03
3.295482255474290923e+03 1.234045747308569219e+01 4.984427461304083082e-03
3.295484570272682049e+03 1.234480651022848718e+01 4.998730386269884841e-03
3.295486885071073630e+03 1.233956178153918870e+01 4.980731004499455022e-03
3.295489199869463391e+03 1.236708489415546808e+01 5.106198580783545549e-03
3.295491514668320633e+03 1.234855626341937729e+01 5.022668815201896536e-03
3.295493829466711304e+03 1.234955381968037358e+01 5.025394582788327881e-03
3.295496144265102430e+03 1.234841891222274946e+01 5.019936868962254599e-03
3.295498459063493556e+03 1.237082898025695066e+01 5.122065800613182819e-03
3.295500773861884227e+03 1.233413256547229508e+01 4.952726250332689650e-03
3.295503088660275353e+03 1.234992835352321983e+01 5.033318110210609903e-03
3.295505403458666024e+03 1.235891497333092737e+01 5.069449117859577310e-03
3.295507718257056695e+03 1.234077140358929725e+01 4.990344265092601372e-03
3.295510033055446911e+03 1.236074341461249659e+01 5.078877857043407468e-03
3.295512347853838492e+03 1.234369973240193552e+01 4.998956762623115412e-03
3.295514662651763501e+03 1.235945237983260725e+01 5.072392164673417483e-03
3.295516977450154627e+03 1.235529837082999016e+01 5.055455341010797223e-03
3.295519292248545298e+03 1.235894417599786799e+01 5.065671075150613920e-03
3.295521607046935969e+03 1.235451755067782997e+01 5.048550944653806306e-03
3.295523921845326640e+03 1.234358839112374184e+01 4.997951388771806891e-03
3.295526236643253014e+03 1.235831605474027484e+01 5.067572513745757096e-03
3.295528551441643685e+03 1.235583113887188489e+01 5.060080258092225329e-03
3.295530866240033902e+03 1.233929523855558763e+01 4.981267403966065620e-03
3.295533181037959366e+03 1.235322491781309573e+01 5.047526320484424685e-03
3.295535495836350492e+03 1.234096334840326392e+01 4.985378911130434500e-03
3.295537810634741618e+03 1.233581129185561309e+01 4.962827957086946538e-03
3.295540125432666173e+03 1.234645836557802134e+01 5.011688395260997797e-03
3.295542440231056844e+03 1.233371888386519721e+01 4.954000955733665890e-03
3.295544755028982308e+03 1.233922942088755903e+01 4.978745994961965814e-03
3.295547069827372979e+03 1.235546238872461444e+01 5.049307611698753556e-03
3.295549384625297989e+03 1.234389851461145859e+01 5.000966424681988279e-03
3.295551699423688660e+03 1.234392069827914895e+01 4.997983536079975662e-03
3.295554014221614125e+03 1.235918456798057363e+01 5.078560776044210856e-03
3.295556329020005251e+03 1.235837091816250144e+01 5.066155931302645382e-03
3.295558643817930715e+03 1.234727087974309789e+01 5.013740484600921928e-03
3.295560958615856180e+03 1.233697944097693799e+01 4.967435307364109938e-03
3.295563273414246396e+03 1.233706345837260976e+01 4.965738622616350760e-03
3.295565588212170951e+03 1.234180874498334646e+01 4.991701522389064595e-03
3.295567903010096416e+03 1.234569260667979940e+01 5.017511718160541992e-03
3.295570217808021880e+03 1.235342990566526211e+01 5.044871307834310377e-03
3.295572532606412551e+03 1.236732299003685931e+01 5.106473669739295534e-03
3.295574847404338016e+03 1.234864818030703226e+01 5.021075790404153430e-03
3.295577162202263480e+03 1.235735304110802879e+01 5.053625183288328916e-03
3.295579477000188490e+03 1.234949420043963286e+01 5.026827821898359472e-03
3.295581791798113500e+03 1.236027813790344254e+01 5.074446125966410731e-03
3.295584106596038964e+03 1.234869152169031281e+01 5.016668851140226176e-03
3.295586421393963974e+03 1.237492447105512561e+01 5.141717547249625465e-03
3.295588736191888984e+03 1.235758416824892159e+01 5.066306013451314302e-03
3.295591050989814903e+03 1.233927277466681538e+01 4.984875189730683144e-03
3.295593365787740368e+03 1.236078617991209505e+01 5.077755485521498642e-03
3.295595680585664923e+03 1.233807210823863265e+01 4.974525798165558427e-03
3.295597995383589932e+03 1.234178722264656791e+01 4.989618376792285225e-03
3.295600310181514942e+03 1.235529437673303121e+01 5.050446441617484003e-03
3.295602624979440407e+03 1.234759490016064909e+01 5.013805145819688440e-03
3.295604939777365416e+03 1.235364380555305708e+01 5.046088004703673871e-03
3.295607254575290881e+03 1.234145919719903972e+01 4.989241897624170467e-03
3.295609569373216345e+03 1.236419823913013438e+01 5.092822671398957585e-03
3.295611884170675694e+03 1.236373779556100949e+01 5.086737963857795690e-03
3.295614198968600704e+03 1.234672368767552619e+01 5.009002906529424690e-03
3.295616513766526168e+03 1.234500462003806831e+01 5.010889681292628357e-03
3.295618828564451633e+03 1.235222621070950488e+01 5.035550907446440655e-03
3.295621143361910526e+03 1.235492561052846838e+01 5.054163034731779490e-03
3.295623458159835081e+03 1.234396956252710353e+01 5.005733973285684743e-03
3.295625772957294885e+03 1.233293946767044602e+01 4.950605141356551747e-03
3.295628087755220804e+03 1.234448379176143007e+01 5.012147271331156978e-03
3.295630402553145359e+03 1.235128089371978533e+01 5.029443289787126348e-03
3.295632717350605617e+03 1.234428845086439352e+01 4.997037740213458416e-03
3.295635032148531081e+03 1.235464574715152430e+01 5.045205651884103644e-03
3.295637346945989975e+03 1.233789741976467091e+01 4.968955013332372259e-03
3.295639661743914985e+03 1.236780162077654843e+01 5.107397264657960109e-03
3.295641976541374333e+03 1.235105261442249081e+01 5.029933815443390216e-03
3.295644291338834591e+03 1.235898253291383497e+01 5.073670635590794148e-03
3.295646606136759601e+03 1.235344641189270654e+01 5.048931596519754157e-03
3.295648920934218950e+03 1.233545570533462588e+01 4.962252961434168719e-03
3.295651235732144414e+03 1.237325313218050660e+01 5.127781436676339712e-03
3.295653550529603308e+03 1.236450750322706149e+01 5.093953409654810097e-03
3.295655865327062202e+03 1.235272339312503931e+01 5.041795998572768701e-03
3.295658180124522460e+03 1.234465806363038887e+01 4.997088108377644756e-03
3.295660494922448379e+03 1.233214798951632041e+01 4.945976766553771345e-03
3.295662809719907273e+03 1.235066759318136675e+01 5.028835315702150782e-03
3.295665124517367985e+03 1.237314758964688899e+01 5.130763013786065162e-03
3.295667439314827789e+03 1.236388490957898867e+01 5.089832510174418199e-03
3.295669754112286682e+03 1.235702914458549806e+01 5.056446142948508964e-03
3.295672068909745576e+03 1.235253072560839804e+01 5.037458768183438601e-03
3.295674383707204925e+03 1.236723325337402279e+01 5.103498164121440979e-03
3.295676698504665637e+03 1.236529340189096260e+01 5.098054743356531145e-03
3.295679013302124531e+03 1.236690615374357627e+01 5.103973361295861648e-03
3.295681328099583880e+03 1.235435300603909248e+01 5.051012177981198913e-03
3.295683642897044137e+03 1.235654899985230237e+01 5.048895569172275576e-03
3.295685957694503031e+03 1.236141718212007312e+01 5.073505583606614279e-03
3.295688272491961925e+03 1.237020300522331695e+01 5.110267233056082180e-03
3.295690587289422183e+03 1.236879155557751986e+01 5.108352750578789257e-03
3.295692902086881531e+03 1.237438968587299826e+01 5.132463028328448397e-03
3.295695216884340880e+03 1.235435401154421342e+01 5.034753101262103188e-03
3.295697531681334567e+03 1.236933178991879956e+01 5.110657689757582868e-03
3.295699846478793916e+03 1.234310967266201331e+01 4.988604634544200819e-03
3.295702161276254628e+03 1.236255581197971765e+01 5.075745776919621081e-03
3.295704476073713522e+03 1.237303772016329262e+01 5.119854813399435552e-03
3.295706790870707664e+03 1.237265367208039990e+01 5.120899162095669289e-03
3.295709105668167467e+03 1.235485896547988460e+01 5.040353873930514782e-03
3.295711420465626361e+03 1.235514304387934637e+01 5.040668340110510820e-03
3.295713735261223064e+03 1.236971581915960172e+01 5.111527659908001765e-03
3.295716050058216751e+03 1.236922778661558198e+01 5.110677219427092050e-03
3.295718364855677009e+03 1.236681713110253433e+01 5.099076362259714543e-03
3.295720679652670697e+03 1.236211933485054715e+01 5.074773701736618771e-03
3.295722994450130045e+03 1.239264973324524632e+01 5.219751299789235008e-03
3.295725309247125097e+03 1.235340245267806480e+01 5.033660116490447194e-03
3.295727624044583990e+03 1.238057769608446712e+01 5.159993085595372675e-03
3.295729938841577678e+03 1.236687087832711462e+01 5.094506085937876988e-03
3.295732253638571365e+03 1.236021931646181571e+01 5.061895922509431107e-03
3.295734568436031623e+03 1.236842089342417950e+01 5.100416702034349901e-03
3.295736883233024400e+03 1.236554297435404237e+01 5.084872032904886111e-03
3.295739198030018997e+03 1.236061515305870984e+01 5.061518155746199885e-03
3.295741512827478800e+03 1.237306766180763873e+01 5.116615262145304301e-03
3.295743827624472488e+03 1.237345682892070364e+01 5.128502941209925163e-03
3.295746142421465265e+03 1.237567610463585410e+01 5.133534376896350428e-03
3.295748457218459862e+03 1.235902147733495049e+01 5.058224923233578182e-03
3.295750772015919210e+03 1.238568996754305118e+01 5.184007347532799438e-03
3.295753086812912898e+03 1.237011388508567400e+01 5.108430972804733211e-03
3.295755401609907494e+03 1.237101197031326372e+01 5.109147229310622221e-03
3.295757716406901636e+03 1.237060212445913621e+01 5.106563383551113340e-03
3.295760031203895323e+03 1.237081852703055063e+01 5.109222281199411915e-03
3.295762346000888556e+03 1.236767702453356321e+01 5.101935956955905294e-03
3.295764660797883153e+03 1.237064709711628119e+01 5.108549911062917372e-03
3.295766975594876385e+03 1.236967674016203844e+01 5.105228057608103033e-03
3.295769290391870527e+03 1.238157592922438077e+01 5.158919442093714593e-03
3.295771605188863759e+03 1.236800341455533747e+01 5.097384515513906679e-03
3.295773919985857901e+03 1.235145457014596104e+01 5.017129034690569374e-03
3.295776234782852498e+03 1.236399826899558541e+01 5.079186033482329179e-03
3.295778549579845276e+03 1.235475388808481512e+01 5.037230695227651669e-03
3.295780864376373756e+03 1.237131050040894387e+01 5.113677416636603322e-03
3.295783179173367898e+03 1.238170156141062961e+01 5.159851227769144712e-03
3.295785493970361586e+03 1.239062138253127365e+01 5.204663409624912980e-03
3.295787808767354818e+03 1.236262179953546436e+01 5.071413392625326658e-03
3.295790123563883299e+03 1.236080468522415465e+01 5.061646048619729277e-03
3.295792438360877441e+03 1.236590512135786746e+01 5.084178769102660859e-03
3.295794753157872037e+03 1.234790439660576133e+01 5.000521818316944547e-03
3.295797067954400518e+03 1.238166390509178250e+01 5.162523106692898898e-03
3.295799382751394660e+03 1.236329808417931275e+01 5.076618924066846235e-03
3.295801697548387892e+03 1.237630372165571835e+01 5.137583034493674664e-03
3.295804012344915463e+03 1.237604849317323819e+01 5.128545939802024375e-03
3.295806327141910060e+03 1.236951864051412286e+01 5.102731403159553591e-03
3.295808641938438541e+03 1.236130710445857162e+01 5.061065799402689018e-03
3.295810956735431319e+03 1.237453667046878891e+01 5.127341730948109001e-03
3.295813271531959799e+03 1.238364292677601775e+01 5.169337657311541545e-03
3.295815586328954396e+03 1.237970934730077310e+01 5.147490367619682317e-03
3.295817901125482422e+03 1.237655202115414177e+01 5.131438448784130836e-03
3.295820215922009993e+03 1.237827971663177529e+01 5.138887256099869578e-03
3.295822530719004135e+03 1.238139300873384840e+01 5.158177175802979714e-03
3.295824845515533525e+03 1.238294645293155938e+01 5.163655768767010622e-03
3.295827160312061551e+03 1.235916828678753632e+01 5.053181279903225069e-03
3.295829475109055238e+03 1.240071251266433272e+01 5.247719295049667505e-03
3.295831789905583719e+03 1.238076650025854164e+01 5.155262648586015489e-03
3.295834104702110835e+03 1.236650742924936708e+01 5.082749099260765527e-03
3.295836419498638406e+03 1.236023813156580253e+01 5.051082557159575562e-03
3.295838734295166887e+03 1.238430934690287977e+01 5.167381203880439845e-03
3.295841049091695368e+03 1.238262793001804773e+01 5.156076896227300595e-03
3.295843363888223394e+03 1.236964948556526700e+01 5.099632277257453751e-03
3.295845678685217536e+03 1.237945810180343642e+01 5.144605084704051076e-03
3.295847993481746016e+03 1.236645396383379847e+01 5.084698716550709735e-03
3.295850308278274497e+03 1.239432773322532633e+01 5.213590480749594365e-03
3.295852623074802068e+03 1.237852441843037354e+01 5.134490839106831996e-03
3.295854937871330549e+03 1.238303664028221540e+01 5.161480098162926113e-03
3.295857252667392913e+03 1.237136842800312664e+01 5.104867340718355351e-03
3.295859567463921394e+03 1.238328717149747327e+01 5.167939987617406992e-03
3.295861882260449420e+03 1.238851613913275784e+01 5.186360488898784406e-03
3.295864197056977901e+03 1.240286316970885494e+01 5.254028967475754021e-03
3.295866511853506381e+03 1.235699896043592894e+01 5.033969115737364254e-03
3.295868826650033952e+03 1.237253132042788728e+01 5.107961813881866688e-03
3.295871141446096772e+03 1.236843985991048811e+01 5.089809849404221265e-03
3.295873456242625707e+03 1.237300186711138750e+01 5.110319930007157542e-03
3.295875771039153733e+03 1.237646907910445648e+01 5.131905039842688150e-03
3.295878085835680849e+03 1.239243689869758924e+01 5.202230003877772631e-03
3.295880400631744124e+03 1.238109090518243249e+01 5.152378199037409810e-03
3.295882715428272604e+03 1.238639454861914757e+01 5.178263277948234530e-03
3.295885030224334514e+03 1.238159145379061243e+01 5.155057418679851421e-03
3.295887345020862995e+03 1.238802883984720182e+01 5.186543904390689130e-03
3.295889659817391475e+03 1.238532933051894069e+01 5.175336118742778629e-03
3.295891974613453385e+03 1.236808585509597336e+01 5.092267460994830131e-03
3.295894289409981866e+03 1.236856471058490925e+01 5.097010757877833316e-03
3.295896604206045140e+03 1.238036304946977850e+01 5.150617311419030883e-03
3.295898919002107959e+03 1.236335209286901282e+01 5.067786433771610984e-03
3.295901233798635531e+03 1.237039198301483189e+01 5.102930296859034195e-03
3.295903548594697895e+03 1.238047324060328691e+01 5.146771059556756733e-03
3.295905863391226376e+03 1.237041145233086148e+01 5.103506515415909446e-03
3.295908178187288286e+03 1.237006788882439601e+01 5.101775242824916658e-03
3.295910492983350196e+03 1.236092686218709247e+01 5.057556055803112509e-03
3.295912807779413470e+03 1.236380078444648944e+01 5.076592125417228249e-03
3.295915122575941950e+03 1.237622765110068102e+01 5.130977217060024576e-03
3.295917437372003860e+03 1.237160330309797907e+01 5.109833637230044162e-03
3.295919752168066225e+03 1.236216379088153161e+01 5.070105702908929077e-03
3.295922066964129044e+03 1.235859345945608467e+01 5.052361062627970523e-03
3.295924381760192318e+03 1.237819017396518539e+01 5.144549524773323751e-03
3.295926696556254683e+03 1.236891107636420628e+01 5.106609733740531676e-03
3.295929011352317957e+03 1.237316165833678383e+01 5.120458402892454249e-03
3.295931326148845983e+03 1.236235315331103557e+01 5.076462820411583622e-03
3.295933640944907893e+03 1.238663627131480993e+01 5.181178548334355177e-03
3.295935955740970712e+03 1.235678971071108379e+01 5.043257105849360301e-03
3.295938270536567416e+03 1.238375665583376062e+01 5.175069405667637526e-03
3.295940585332630690e+03 1.237161208858995920e+01 5.119795767333810109e-03
3.295942900128692600e+03 1.237532718898080297e+01 5.132364270125680875e-03
3.295945214924755419e+03 1.237043499962922333e+01 5.112611404202790574e-03
3.295947529720818238e+03 1.237648364629839293e+01 5.132376131304653040e-03
3.295949844516880603e+03 1.236351904356025599e+01 5.078696993361984414e-03
3.295952159312942513e+03 1.237388216504037253e+01 5.128301561497408505e-03
3.295954474108539671e+03 1.237326294558721074e+01 5.125479972992945388e-03
3.295956788904602490e+03 1.235980052192200951e+01 5.063983242572135321e-03
3.295959103700664855e+03 1.236348095136863456e+01 5.084601927109619335e-03
3.295961418496728129e+03 1.234283693634210621e+01 4.987842135004582310e-03
3.295963733292324832e+03 1.237537433676626719e+01 5.132802272949728468e-03
3.295966048088387652e+03 1.234629709066735970e+01 5.001981919899758759e-03
3.295968362883983445e+03 1.236699462031412544e+01 5.096106707063521001e-03
3.295970677680045810e+03 1.237873313098642925e+01 5.160234497353487909e-03
3.295972992475643423e+03 1.237869689316141475e+01 5.151816642793852902e-03
3.295975307271705788e+03 1.237159507076979992e+01 5.122878410576199755e-03
3.295977622067302491e+03 1.237245982709995751e+01 5.123304592408167192e-03
3.295979936863365765e+03 1.233518788795088916e+01 4.953307896907628571e-03
3.295982251658962014e+03 1.234225345527831585e+01 4.986070185794248474e-03
3.295984566455023923e+03 1.235540460894903703e+01 5.046586109555456327e-03
3.295986881250621082e+03 1.235340542044137102e+01 5.041777540001898122e-03
3.295989196046219149e+03 1.237226583319388773e+01 5.126793803468179291e-03
3.295991510842281514e+03 1.236812435559035883e+01 5.105639603001569174e-03
3.295993825637877308e+03 1.234787522135403393e+01 5.012413940869583050e-03
3.295996140433474466e+03 1.234265481953875820e+01 5.000105054545329539e-03
3.295998455229537285e+03 1.235275699426403051e+01 5.034031602712736933e-03
3.296000770025133988e+03 1.236865402269008918e+01 5.111614860256123716e-03
3.296003084820731146e+03 1.236153144745715338e+01 5.075278799239666544e-03
3.296005399616328759e+03 1.234070275441754916e+01 4.984965367629785177e-03
3.296007714411925008e+03 1.236199989831455959e+01 5.079803712906471626e-03
3.296010029207521256e+03 1.236248900789617444e+01 5.081857324618723783e-03
3.296012344003118415e+03 1.232933288928778737e+01 4.935061329224374460e-03
3.296014658798715573e+03 1.234892669202885962e+01 5.027461241086669287e-03
3.296016973594311821e+03 1.234936914088979520e+01 5.018180409460538949e-03
3.296019288389909434e+03 1.234809796039853858e+01 5.019010193522666606e-03
3.296021603185506592e+03 1.233511415198523586e+01 4.958786399600497406e-03
3.296023917981103295e+03 1.235513629357198795e+01 5.049471642357855963e-03
3.296026232776699999e+03 1.234686765397031039e+01 5.017770958014701813e-03
3.296028547572297157e+03 1.234091869388431739e+01 4.989941823906741784e-03
3.296030862367894770e+03 1.233553976168744271e+01 4.964568639851250909e-03
3.296033177163491018e+03 1.236133653094128348e+01 5.077771146094913098e-03
3.296035491958622515e+03 1.232882053688281232e+01 4.929959114716117932e-03
3.296037806754219673e+03 1.235399068584113991e+01 5.048019467655417807e-03
3.296040121549815467e+03 1.234075892276895203e+01 4.985737750735012852e-03
3.296042436345412170e+03 1.234930334077633063e+01 5.029188755099693250e-03
3.296044751140543667e+03 1.232834185515180891e+01 4.930160670066447044e-03
3.296047065936140370e+03 1.234988918173749006e+01 5.034957045146784375e-03
3.296049380731271413e+03 1.234960964468575995e+01 5.031606062103901982e-03
3.296051695526869025e+03 1.234505502788323739e+01 5.008413966338992086e-03
3.296054010322465729e+03 1.233904192964742208e+01 4.984052135655189439e-03
3.296056325117596316e+03 1.232535899763452214e+01 4.924964434849931662e-03
3.296058639913193474e+03 1.233935638376587818e+01 4.986339390088319508e-03
3.296060954708325426e+03 1.234980665544258649e+01 5.031291665696785258e-03
3.296063269503456468e+03 1.233759330304274826e+01 4.979286814719939384e-03
3.296065584299053626e+03 1.232370454589713127e+01 4.917896615931350787e-03
3.296067899094184213e+03 1.235498953230542973e+01 5.055877443749703069e-03
3.296070213889780916e+03 1.234891479347987797e+01 5.030748788981302851e-03
3.296072528684912413e+03 1.233369842514932380e+01 4.964798437207544775e-03
3.296074843480043455e+03 1.234050665570874727e+01 4.993654990563624330e-03
3.296077158275174952e+03 1.237219656988575700e+01 5.136704728881899031e-03
3.296079473070772565e+03 1.232666971692969682e+01 4.928574121107745162e-03
3.296081787865903152e+03 1.233223263654494950e+01 4.958897735487242595e-03
3.296084102661033285e+03 1.236329426071207749e+01 5.097154761756369362e-03
3.296086417456164781e+03 1.232671286058008242e+01 4.933614869843353824e-03
3.296088732251297643e+03 1.234238261844053852e+01 5.008057630520468088e-03
3.296091047046428685e+03 1.234163175120693268e+01 5.007023267573576346e-03
3.296093361841560181e+03 1.232837397811169922e+01 4.932715489267025175e-03
3.296095676636691678e+03 1.234103415677251903e+01 5.004094827518229018e-03
3.296097991431822265e+03 1.233576859331876641e+01 4.969089698952256634e-03
3.296100306226952398e+03 1.233312635846576022e+01 4.960142294842360446e-03
3.296102621022083895e+03 1.233024814286540227e+01 4.951104919481028217e-03
3.296104935817215392e+03 1.234015401990472149e+01 4.989938110391483467e-03
3.296107250612346434e+03 1.232407454624983245e+01 4.929947496654757746e-03
3.296109565407477930e+03 1.233411501706299340e+01 4.966393962588476312e-03
3.296111880202609427e+03 1.232368792687222481e+01 4.920437240898941147e-03
3.296114194997740015e+03 1.230973499135781069e+01 4.861252475360566816e-03
3.296116509792404941e+03 1.234157348680862576e+01 5.001533625219236473e-03
3.296118824587536437e+03 1.230802613466317652e+01 4.850192288814673264e-03
3.296121139382667934e+03 1.234691792706241209e+01 5.024387665977072918e-03
3.296123454177799431e+03 1.234050985845406068e+01 4.996550107872487628e-03
3.296125768972465721e+03 1.233979547147644951e+01 4.994579958309427331e-03
3.296128083767596763e+03 1.232835266821899722e+01 4.939282150307181332e-03
3.296130398562262599e+03 1.231725507696876853e+01 4.892930109530245313e-03
3.296132713357393186e+03 1.232572266880305278e+01 4.931044381424769252e-03
3.296135028152524683e+03 1.232763374869199957e+01 4.935781285902629024e-03
3.296137342947190518e+03 1.232901570142062475e+01 4.941938129629609884e-03
3.296139657742321560e+03 1.234544577754476435e+01 5.018018471473177297e-03
3.296141972536986486e+03 1.234244991837757155e+01 5.007325690412976760e-03
3.296144287331651867e+03 1.233665575080469523e+01 4.974862557194425182e-03
3.296146602126783364e+03 1.231959428768930920e+01 4.905299445129263428e-03
3.296148916921448290e+03 1.234800290746669660e+01 5.026850200595732975e-03
3.296151231716579787e+03 1.233095639793458531e+01 4.954421196683287364e-03
3.296153546511246986e+03 1.235202780310258852e+01 5.049137088305751149e-03
3.296155861305911912e+03 1.234415464478857949e+01 5.009839710737277498e-03
3.296158176100576839e+03 1.232994147979531974e+01 4.949838966271769870e-03
3.296160490895708335e+03 1.233297319981444318e+01 4.968808587958855986e-03
3.296162805690374626e+03 1.233122597404263487e+01 4.951603172391202609e-03
3.296165120485039552e+03 1.233712770118502533e+01 4.978307372079305258e-03
3.296167435279704932e+03 1.234003714985278677e+01 4.995265740042445328e-03
3.296169750074371223e+03 1.234672981023153682e+01 5.023416960275645625e-03
3.296172064869036603e+03 1.232298315193540361e+01 4.917317259826339305e-03
3.296174379663701529e+03 1.233577117465550721e+01 4.974949257418430533e-03
3.296176694458366910e+03 1.233833212520351630e+01 4.989963426761563625e-03
3.296179009253033655e+03 1.233091773559011095e+01 4.962051202001539936e-03
3.296181324047698126e+03 1.233129410965861439e+01 4.961637161237857779e-03
3.296183638842364871e+03 1.232666529387900667e+01 4.928430384995051601e-03
3.296185953637030252e+03 1.233844762865531663e+01 4.986188177774561470e-03
3.296188268431695633e+03 1.235015762309419785e+01 5.043966014687166835e-03
3.296190583226360559e+03 1.232707787519225384e+01 4.938058863086467257e-03
3.296192898021025940e+03 1.232506469769773183e+01 4.927548211255771901e-03
3.296195212815226569e+03 1.234292887698572372e+01 5.006758843894295631e-03
3.296197527609891949e+03 1.235290696507671626e+01 5.053330957773262584e-03
3.296199842404557330e+03 1.234688916209278986e+01 5.024098873748640559e-03
3.296202157199223620e+03 1.234581085228565378e+01 5.025153515534418192e-03
3.296204471993422885e+03 1.233059970227882296e+01 4.949732585560832551e-03
3.296206786788087811e+03 1.234258166529060041e+01 5.001202180414126945e-03
3.296209101582288440e+03 1.234010775123288361e+01 4.995212179495361025e-03
3.296211416376953821e+03 1.233976431302382792e+01 4.993922704274218402e-03
3.296213731171619656e+03 1.232284465128742745e+01 4.915595895813914401e-03
3.296216045965818466e+03 1.234663109684546534e+01 5.024407125859021821e-03
3.296218360760484757e+03 1.235584165009475655e+01 5.062738169896115192e-03
3.296220675554685386e+03 1.234505220259345037e+01 5.009685560821177525e-03
3.296222990348885105e+03 1.231718950940327062e+01 4.891081829585542870e-03
3.296225305143550486e+03 1.233069873081517365e+01 4.950020227986898745e-03
3.296227619937751115e+03 1.233858554581289368e+01 4.982259959173626108e-03
3.296229934732416496e+03 1.232840894669352494e+01 4.943299914731324497e-03
3.296232249526615306e+03 1.232333790180286393e+01 4.914558632660224850e-03
3.296234564320815480e+03 1.233648304941983831e+01 4.975711592888572288e-03
3.296236879115016109e+03 1.232774906862115749e+01 4.937079055443144467e-03
3.296239193909681035e+03 1.231131381595551488e+01 4.862618227556521344e-03
3.296241508703880754e+03 1.233368361067443608e+01 4.962388550889855303e-03
3.296243823498081383e+03 1.233775494694281960e+01 4.977149674369420705e-03
3.296246138292281103e+03 1.233599574875996652e+01 4.973402403050835793e-03
3.296248453086480822e+03 1.235018669176966633e+01 5.038010558734206355e-03
3.296250767880681451e+03 1.233623994509943067e+01 4.981500398532833288e-03
3.296253082674881171e+03 1.232992128849580915e+01 4.944445778655087893e-03
3.296255397469080435e+03 1.234977565937820998e+01 5.032234000668709892e-03
3.296257712263281064e+03 1.234035938360535845e+01 4.991612431009941585e-03
3.296260027057480329e+03 1.235161841442748987e+01 5.044783476808788365e-03
3.296262341851680503e+03 1.234745276467061004e+01 5.024755522154616093e-03
3.296264656645879768e+03 1.230814343078963091e+01 4.848142877829041825e-03
3.296266971440079942e+03 1.234335982826921985e+01 5.005084567024273810e-03
3.296269286234280571e+03 1.236708966458210490e+01 5.113988581910805867e-03
3.296271601028479381e+03 1.232749825549988643e+01 4.939438708379910274e-03
3.296273915822213894e+03 1.233049246696961987e+01 4.946429133696745098e-03
3.296276230616414523e+03 1.234277361866249834e+01 5.002620594226455525e-03
3.296278545410613333e+03 1.235525312742838366e+01 5.055332262264744698e-03
3.296280860204813507e+03 1.233613934114939781e+01 4.972363471615988927e-03
3.296283174998548475e+03 1.233655206150270089e+01 4.966570604424693468e-03
3.296285489792748194e+03 1.233803197938090079e+01 4.982611587694176815e-03
3.296287804586482707e+03 1.234257520046000778e+01 4.999278007222059984e-03
3.296290119380681972e+03 1.234409789149225389e+01 5.006409108237579349e-03
3.296292434174882146e+03 1.235146329484405747e+01 5.039926377542792296e-03
3.296294748968616659e+03 1.234418233268583442e+01 5.004141915793365765e-03
3.296297063762815924e+03 1.234892579970828130e+01 5.026724310535032360e-03
3.296299378556550437e+03 1.233774449888817237e+01 4.975944592002607032e-03
3.296301693350284950e+03 1.234316503886043925e+01 5.003792992188206556e-03
3.296304008144484214e+03 1.234789575998539135e+01 5.018157228444551990e-03
3.296306322938218727e+03 1.234615222329665585e+01 5.012973391887391023e-03
3.296308637731953240e+03 1.235715857063236278e+01 5.062721642390327625e-03
3.296310952526153415e+03 1.235334618057612666e+01 5.044425894344821241e-03
3.296313267319887473e+03 1.235007683204510798e+01 5.030903610496321662e-03
3.296315582113622440e+03 1.233926901849187807e+01 4.979335382819550897e-03
3.296317896907356953e+03 1.234889558243781593e+01 5.020341358862825953e-03
3.296320211701556218e+03 1.235232947334803022e+01 5.046413321185669668e-03
3.296322526495289821e+03 1.233937811273041874e+01 4.987030392499950879e-03
3.296324841289023880e+03 1.233587096103919123e+01 4.962334342836844520e-03
3.296327156082758393e+03 1.234304206447890451e+01 4.994536376863257555e-03
3.296329470876492451e+03 1.235155774503642334e+01 5.040147025694728493e-03
3.296331785670226964e+03 1.234208210619433999e+01 4.995251357191032859e-03
3.296334100463961477e+03 1.235644678743853753e+01 5.061817976354988750e-03
3.296336415257695535e+03 1.234354092911461542e+01 5.000987092634801012e-03
3.296338730051429593e+03 1.235481205516989256e+01 5.050089282093303371e-03
3.296341044845164106e+03 1.235357333354899367e+01 5.042268174725742479e-03
3.296343359638899074e+03 1.235641456339956790e+01 5.055280899514769631e-03
3.296345674432632222e+03 1.234593901994546172e+01 5.009892177492063746e-03
3.296347989225901983e+03 1.234293543506045232e+01 5.002811631110746365e-03
3.296350304019636496e+03 1.233824823373002566e+01 4.975709138818365691e-03
3.296352618813370100e+03 1.235803876991965922e+01 5.067817876727624161e-03
3.296354933607103703e+03 1.236231873192201292e+01 5.082403464321099025e-03
3.296357248400373010e+03 1.235230644488124518e+01 5.041756614841757037e-03
3.296359563194107523e+03 1.235842469204685301e+01 5.062843836382274233e-03
3.296361877987841126e+03 1.234245440178292519e+01 4.993979946819652148e-03
3.296364192781109523e+03 1.235296358609114442e+01 5.042614249985921671e-03
3.296366507574844036e+03 1.234151599867383275e+01 4.985006902896482565e-03
3.296368822368112433e+03 1.236689910004251480e+01 5.104110114024573014e-03
3.296371137161846491e+03 1.235816757809720201e+01 5.061032349776075322e-03
3.296373451955114888e+03 1.235601683496730807e+01 5.053475429987082379e-03
3.296375766748849401e+03 1.237230081610444010e+01 5.126248829919998959e-03
3.296378081542118707e+03 1.235137001121022848e+01 5.032279669646870686e-03
3.296380396335386649e+03 1.235751779447615561e+01 5.058330219261340625e-03
3.296382711129121162e+03 1.236137909433889348e+01 5.077960665681205757e-03
3.296385025922390014e+03 1.234002430592909150e+01 4.979868863211938702e-03
3.296387340715658411e+03 1.236631954946472511e+01 5.099655080914846685e-03
3.296389655509392469e+03 1.235310616309318732e+01 5.057319817848192171e-03
3.296391970302661321e+03 1.235658269738837411e+01 5.061109973777688092e-03
3.296394285095929263e+03 1.235512782962447353e+01 5.050005640526353951e-03
3.296396599889197660e+03 1.235219346792201378e+01 5.037709998201020563e-03
3.296398914682466511e+03 1.237011997371843286e+01 5.121740903654188430e-03
3.296401229476201024e+03 1.235026690674621719e+01 5.035455715974589824e-03
3.296403544269468966e+03 1.235253623514925536e+01 5.042125920759686977e-03
3.296405859062738273e+03 1.234409612297647207e+01 5.001009159471147929e-03
3.296408173856007579e+03 1.236731525654382047e+01 5.111390171351952970e-03
3.296410488649275521e+03 1.237032446574641931e+01 5.116748568427837741e-03
3.296412803442543463e+03 1.234533254876902220e+01 5.009101627337616928e-03
3.296415118235812315e+03 1.234993256321559940e+01 5.027081562632857055e-03
3.296417433028615960e+03 1.236463559109232868e+01 5.092722349893852654e-03
3.296419747821883902e+03 1.234933438983955867e+01 5.023229099110409698e-03
3.296422062615152754e+03 1.238421932195289266e+01 5.186488987400471665e-03
3.296424377408421606e+03 1.235874486324067156e+01 5.068778184373428329e-03
3.296426692201690003e+03 1.236431788200872717e+01 5.093091546362845702e-03
3.296429006994492738e+03 1.236778801973149378e+01 5.105888260196040328e-03
3.296431321787761135e+03 1.234483473282930355e+01 5.007293025419009246e-03
3.296433636581029987e+03 1.234311513648544079e+01 4.990818545974554793e-03
3.296435951373832722e+03 1.235028124421096685e+01 5.030573627294415186e-03
3.296438266167101574e+03 1.235910817040042886e+01 5.066990714360443578e-03
3.296440580960370426e+03 1.236181200107012934e+01 5.076879032049332226e-03
3.296442895753173616e+03 1.237730591461728480e+01 5.152849021854403848e-03
3.296445210546441558e+03 1.235670502307630159e+01 5.060432029271066598e-03
3.296447525339244748e+03 1.236778665012679745e+01 5.102150337132643591e-03
3.296449840132513600e+03 1.235806307823425776e+01 5.064861447341135851e-03
3.296452154925315881e+03 1.233938412211954017e+01 4.983685634664344367e-03
3.296454469718118617e+03 1.234950250399488780e+01 5.024216547186200615e-03
3.296456784511387468e+03 1.235822100112052446e+01 5.061958693906129687e-03
3.296459099304190204e+03 1.235764045780905818e+01 5.061982645630360399e-03
3.296461414096992939e+03 1.234987700506441577e+01 5.022977957600919217e-03
3.296463728890262246e+03 1.235609236488130414e+01 5.055553922956433459e-03
3.296466043683064981e+03 1.235118036267817665e+01 5.027576062134974863e-03
3.296468358475867717e+03 1.238072533926385255e+01 5.167748263336382868e-03
3.296470673268669998e+03 1.235555934053950544e+01 5.051049667645518028e-03
3.296472988061938850e+03 1.236025075498970871e+01 5.071178859635868535e-03
3.296475302854742495e+03 1.235433294552306549e+01 5.048278400613340038e-03
3.296477617647545230e+03 1.233696160795443753e+01 4.971797237032430164e-03
3.296479932440348421e+03 1.236895815471356208e+01 5.110573835490864192e-03
3.296482247233151611e+03 1.235379073456202903e+01 5.039757557387637525e-03
3.296484562025953892e+03 1.234662485260094655e+01 5.007833716977042569e-03
3.296486876818756627e+03 1.234466476353416553e+01 5.003194295425266586e-03
3.296489191611559363e+03 1.234090692303102799e+01 4.982953844738088542e-03
3.296491506404363008e+03 1.236565696085394706e+01 5.090796652100969440e-03
3.296493821196699628e+03 1.233506301668415794e+01 4.961041691238781727e-03
3.296496135989503273e+03 1.236684035225753675e+01 5.106574055307893691e-03
3.296498450782306008e+03 1.237524576817175515e+01 5.140772988132130857e-03
3.296500765575108289e+03 1.235677394981813570e+01 5.055226027122728012e-03
3.296503080367911480e+03 1.234919308562409768e+01 5.026513996618840220e-03
3.296505395160249464e+03 1.234416292347496480e+01 4.999587459674497900e-03
3.296507709953052654e+03 1.236850893261394546e+01 5.111242075918550308e-03
3.296510024745854935e+03 1.235383052305400220e+01 5.042437003903649413e-03
3.296512339538192009e+03 1.235280481274322639e+01 5.042108901616190568e-03
3.296514654330994745e+03 1.234909366692049559e+01 5.020268889101824755e-03
3.296516969123332274e+03 1.236375705098696720e+01 5.089731181586520242e-03
3.296519283916135009e+03 1.236582172797313461e+01 5.092306695614281023e-03
3.296521598708472993e+03 1.233300459241020874e+01 4.948096581809382707e-03
3.296523913501275274e+03 1.236177765249603411e+01 5.080754074680893240e-03
3.296526228293612348e+03 1.234770537825936287e+01 5.015963200819571061e-03
3.296528543086415539e+03 1.235867081492396835e+01 5.066850573902514400e-03
3.296530857878753068e+03 1.235517949051893360e+01 5.054165452101657546e-03
3.296533172671091052e+03 1.234433836876426760e+01 4.997137885891743229e-03
3.296535487463893332e+03 1.236061301811883872e+01 5.074120657573338335e-03
3.296537802256230407e+03 1.234342051814122954e+01 4.999554774829905769e-03
3.296540117048567936e+03 1.234075115302131742e+01 4.987685361211860284e-03
3.296542431840905010e+03 1.236703323227995988e+01 5.108383229990999530e-03
3.296544746633241630e+03 1.234411330774618598e+01 5.003941018296022281e-03
3.296547061426044820e+03 1.235393414585225358e+01 5.055185967793681366e-03
3.296549376218382349e+03 1.235198808098741274e+01 5.036399254171006722e-03
3.296551691010719424e+03 1.235717125861182630e+01 5.061226444241003625e-03
3.296554005803056953e+03 1.234623704184959614e+01 5.007302991197124312e-03
3.296556320595394482e+03 1.235618327266534244e+01 5.047469993406879935e-03
3.296558635387731556e+03 1.236693863490938128e+01 5.105434924744223744e-03
3.296560950180068176e+03 1.235144546624496797e+01 5.041474489664453731e-03
3.296563264972406159e+03 1.233994076435104326e+01 4.983432940129919539e-03
3.296565579764743234e+03 1.235350570325309860e+01 5.041485194739696654e-03
3.296567894556615101e+03 1.235638958117630182e+01 5.048520079446056422e-03
3.296570209348952631e+03 1.235813210311473753e+01 5.062119973695135278e-03
3.296572524141290160e+03 1.234791086168096719e+01 5.017622251346003266e-03
3.296574838933626779e+03 1.234003333498473332e+01 4.973892845896639783e-03
3.296577153725497737e+03 1.235133353752100049e+01 5.025237543599367016e-03
3.296579468517835721e+03 1.235134509929823565e+01 5.030733651169084705e-03
3.296581783310172796e+03 1.237112009692884484e+01 5.125749909748947807e-03
3.296584098102044663e+03 1.235758649298225009e+01 5.062550086172582821e-03
3.296586412894380828e+03 1.235249121666940653e+01 5.036089898054637269e-03
3.296588727686718357e+03 1.234255291515563968e+01 4.991647310444001333e-03
3.296591042478590680e+03 1.238064185054046007e+01 5.166320721098308089e-03
3.296593357270927299e+03 1.235674247965726735e+01 5.061265333678426591e-03
3.296595672062799167e+03 1.234064701099817896e+01 4.985552668199003806e-03
3.296597986855137606e+03 1.234874781085704853e+01 5.018360006964879549e-03
3.296600301647008564e+03 1.235347315506196075e+01 5.035835792597914175e-03
3.296602616438879977e+03 1.235340027167470112e+01 5.037893887149431059e-03
3.296604931231217051e+03 1.235073118280120497e+01 5.027214033692865673e-03
3.296607246023088464e+03 1.237718272549033216e+01 5.151917086067741257e-03
3.296609560814959877e+03 1.235352201267733463e+01 5.037119822632478254e-03
3.296611875606831745e+03 1.236412725857130468e+01 5.081979761514279076e-03
3.296614190399169274e+03 1.235190116665741833e+01 5.026407198503603409e-03
3.296616505191040687e+03 1.236685002954745194e+01 5.093716326961547983e-03
3.296618819982911191e+03 1.235340063164710500e+01 5.034254991227793581e-03
3.296621134774783968e+03 1.236478561296904743e+01 5.089074177328901417e-03
3.296623449566655381e+03 1.234849361563665937e+01 5.011233568064569696e-03
3.296625764358526339e+03 1.235504582174564447e+01 5.042391264512186694e-03
3.296628079150399117e+03 1.236395566130931911e+01 5.086215678483945075e-03
3.296630393942270985e+03 1.238698243370992103e+01 5.193696595868700985e-03
3.296632708734141943e+03 1.237537229154556151e+01 5.132517692507086032e-03
3.296635023526013356e+03 1.236308471820330013e+01 5.081303628041431916e-03
3.296637338317885224e+03 1.236180988803896597e+01 5.073820099260954210e-03
3.296639653109757546e+03 1.237502377817534338e+01 5.137513556956834621e-03
3.296641967901628504e+03 1.237550050834866333e+01 5.136440875882130642e-03
3.296644282693034711e+03 1.235515713625254897e+01 5.043567753602563701e-03
3.296646597484906579e+03 1.236876946848906123e+01 5.101748992602539792e-03
3.296648912276777537e+03 1.237473323713260243e+01 5.132406463024123330e-03
3.296651227068648950e+03 1.236811568394861993e+01 5.094537037077480519e-03
3.296653541860055157e+03 1.236597119115199028e+01 5.092041854013272702e-03
3.296655856651927024e+03 1.237291759552066317e+01 5.122215000978149260e-03
3.296658171443333231e+03 1.237105697972530471e+01 5.110639597525399973e-03
3.296660486235204189e+03 1.237755757942522727e+01 5.144613783301991115e-03
3.296662801027076057e+03 1.236274697982995008e+01 5.076809325377342093e-03
3.296665115818482263e+03 1.236302207841247380e+01 5.078988151969282203e-03
3.296667430609888015e+03 1.235236727813668978e+01 5.029699108001438844e-03
3.296669745401759428e+03 1.238000455965591584e+01 5.154568817346548947e-03
3.296672060193166089e+03 1.236584504335255552e+01 5.090355485526544717e-03
3.296674374985037048e+03 1.235592715452161627e+01 5.040370707417650246e-03
3.296676689776441890e+03 1.236295609747429580e+01 5.076841233240792471e-03
3.296679004567848551e+03 1.236192298229113362e+01 5.070906140002677878e-03
3.296681319359720419e+03 1.237245226748915350e+01 5.127733638641420767e-03
3.296683634151125261e+03 1.237466933393751489e+01 5.128227043100210859e-03
3.296685948942531923e+03 1.236384764534823155e+01 5.081753169461019487e-03
3.296688263733939039e+03 1.237055366255632549e+01 5.109570180417498560e-03
3.296690578525344790e+03 1.236554699868870877e+01 5.084155409538555770e-03
3.296692893316750087e+03 1.236819103565426303e+01 5.096857831238253353e-03
3.296695208108155839e+03 1.235277992919771428e+01 5.031299348514410401e-03
3.296697522899562500e+03 1.237031900666112882e+01 5.113536271893929369e-03
3.296699837690967797e+03 1.238360032047462234e+01 5.171145763233016106e-03
3.296702152482374004e+03 1.237727887738953214e+01 5.133978185420943335e-03
3.296704467273780210e+03 1.235826949132135333e+01 5.049707381435955371e-03
3.296706782065185962e+03 1.237140727699791398e+01 5.108720335194011190e-03
3.296709096856591714e+03 1.238608567070509636e+01 5.181468106053859109e-03
3.296711411647997465e+03 1.236756560476528222e+01 5.095166548673635103e-03
3.296713726439403217e+03 1.235634342618742387e+01 5.045821960250172593e-03
3.296716041230809424e+03 1.237787745144868445e+01 5.143885443592353772e-03
3.296718356021750424e+03 1.238722102048012985e+01 5.182310161987007877e-03
3.296720670813156630e+03 1.236051970562851565e+01 5.066685555862547423e-03
3.296722985604561927e+03 1.237392379038433354e+01 5.125718146265124606e-03
3.296725300395502018e+03 1.236812369048324634e+01 5.097163487639929345e-03
3.296727615186908224e+03 1.236069595540362265e+01 5.056730952027100115e-03
3.296729929977848769e+03 1.239449488839931668e+01 5.222843351205604112e-03
3.296732244769254521e+03 1.236235896959999359e+01 5.069412454453017455e-03
3.296734559560194612e+03 1.236705842414245460e+01 5.088550384861293720e-03
3.296736874351599909e+03 1.238678027328100661e+01 5.182867642730188372e-03
3.296739189142540909e+03 1.238036737324281056e+01 5.149530788849677673e-03
3.296741503933946660e+03 1.237726385402754659e+01 5.133287123425130626e-03
3.296743818724887205e+03 1.236930169371202481e+01 5.099196910500216305e-03
3.296746133515826841e+03 1.236888540557237803e+01 5.100391912064801414e-03
3.296748448307232593e+03 1.236495510298424882e+01 5.083881703400505540e-03
3.296750763098172683e+03 1.236254481391511817e+01 5.071261249820492069e-03
3.296753077889114138e+03 1.239254637138715864e+01 5.208700874100924590e-03
3.296755392680054683e+03 1.237121357463455418e+01 5.108204677496714849e-03
3.296757707471459980e+03 1.236921254968421913e+01 5.101023920797075409e-03
3.296760022262400526e+03 1.236890152254757247e+01 5.102243863296788452e-03
3.296762337053341071e+03 1.237290550317094073e+01 5.114397899854134476e-03
3.296764651844280706e+03 1.235517948118700637e+01 5.031521149966552801e-03
3.296766966635220342e+03 1.237450397950178704e+01 5.128440167858739664e-03
3.296769281426160887e+03 1.236731363618015855e+01 5.091207834168809919e-03
3.296771596217101433e+03 1.237548290179944210e+01 5.131172162244217877e-03
3.296773911008041523e+03 1.238734119462885452e+01 5.184062878759162357e-03
3.296776225798982068e+03 1.238278031533767809e+01 5.163956596528104619e-03
3.296778540589922613e+03 1.237772400694994701e+01 5.140936629581766525e-03
3.296780855380397043e+03 1.237844036422733751e+01 5.142422449668159271e-03
3.296783170171337588e+03 1.237434848372450880e+01 5.124843473592583139e-03
3.296785484962278133e+03 1.236525354329305770e+01 5.082563730086269230e-03
3.296787799753218678e+03 1.238083471410306124e+01 5.159966095955892743e-03
3.296790114543692653e+03 1.236609413855279804e+01 5.085033101695677141e-03
3.296792429334633198e+03 1.237843034364908945e+01 5.142617989121183765e-03
3.296794744125573743e+03 1.237824162194338129e+01 5.140727069563727492e-03
3.296797058916048172e+03 1.237330175136824906e+01 5.116286217713912274e-03
3.296799373706987353e+03 1.235407555120419154e+01 5.031881390771464867e-03
3.296801688497463147e+03 1.239147667189353186e+01 5.205812519551310594e-03
3.296804003288403692e+03 1.238527957764687137e+01 5.174551595757278036e-03
3.296806318078877666e+03 1.236389245536328119e+01 5.080853342734916595e-03
3.296808632869817302e+03 1.235415564157373858e+01 5.035217467678087047e-03
3.296810947660292186e+03 1.236704089673819063e+01 5.094399050823423918e-03
3.296813262451233641e+03 1.236879573184633507e+01 5.100404691404254384e-03
3.296815577241707615e+03 1.236583472227345304e+01 5.085016528172049861e-03
3.296817892032182044e+03 1.237530654947565445e+01 5.132892865631540416e-03
3.296820206822656928e+03 1.235810087808627244e+01 5.052980768327249364e-03
3.296822521613597019e+03 1.236527687115710528e+01 5.082124623055018532e-03
3.296824836404070993e+03 1.238004924319572453e+01 5.150207411001903914e-03
3.296827151194545877e+03 1.236205733912543536e+01 5.066796024801384184e-03
3.296829465985020761e+03 1.238699567673157453e+01 5.185109883341055929e-03
3.296831780775494735e+03 1.236946030843373379e+01 5.102350163422417380e-03
3.296834095565970074e+03 1.236235171312614689e+01 5.073674352438775452e-03
3.296836410356444958e+03 1.237028872946946834e+01 5.111239187333405792e-03
3.296838725146918932e+03 1.236694724486463670e+01 5.095936116465558247e-03
3.296841039937392907e+03 1.237060206360973780e+01 5.115395110977531863e-03
3.296843354727869155e+03 1.237194731935787217e+01 5.117879484484989978e-03
3.296845669518343584e+03 1.235372244335617076e+01 5.031965780771977675e-03
3.296847984308818013e+03 1.237087777283484158e+01 5.113522695182262136e-03
3.296850299099292442e+03 1.234953272687639725e+01 5.022237244765588582e-03
3.296852613889302120e+03 1.236041475435587600e+01 5.062190679115619908e-03
3.296854928679776549e+03 1.236921099038409366e+01 5.105458766215161849e-03
3.296857243470250523e+03 1.236289189349359674e+01 5.078634743969081058e-03
3.296859558260724953e+03 1.235227574230183478e+01 5.030475583370831207e-03
3.296861873050734630e+03 1.235844542783092770e+01 5.057620376031600473e-03
3.296864187841208604e+03 1.234476153669948317e+01 4.996838660988824413e-03
3.296866502631217827e+03 1.234504523339151660e+01 4.999954962325653222e-03
3.296868817421692256e+03 1.236351728354138757e+01 5.082705718189644770e-03
3.296871132211701479e+03 1.236400243107022234e+01 5.084894536626303682e-03
3.296873447002175908e+03 1.235430492662186275e+01 5.048830598241128322e-03
3.296875761792185585e+03 1.235296320527177905e+01 5.037553297723247267e-03
3.296878076582660469e+03 1.236320419918284585e+01 5.083510997725255130e-03
3.296880391372668782e+03 1.237496354190978209e+01 5.136554298910886267e-03
3.296882706162677550e+03 1.236073590948880607e+01 5.073360797804854147e-03
3.296885020953152434e+03 1.235480171405053795e+01 5.044327060350507069e-03
3.296887335743161202e+03 1.235158397372654804e+01 5.042350319614506866e-03
3.296889650533169515e+03 1.234603214840074870e+01 5.005806508145731019e-03
3.296891965323178738e+03 1.235632231717638874e+01 5.050206419048556064e-03
3.296894280113187961e+03 1.234728302480005446e+01 5.015240126662670606e-03
3.296896594903661935e+03 1.235666648680614976e+01 5.054772533573735453e-03
3.296898909693670248e+03 1.235722755940718898e+01 5.058482812133449462e-03
3.296901224483679925e+03 1.234120722803676529e+01 4.987384484496642546e-03
3.296903539273690058e+03 1.235702754513969381e+01 5.060278366268039854e-03
3.296905854063698371e+03 1.235708271535085778e+01 5.059854319085508798e-03
3.296908168853708048e+03 1.234800163760700009e+01 5.023891452523180333e-03
3.296910483643716361e+03 1.235631072417503695e+01 5.065675008378127571e-03
3.296912798433259468e+03 1.236088318925875029e+01 5.078361511295788680e-03
3.296915113223268236e+03 1.234792343542344106e+01 5.025224400549618657e-03
3.296917428013277458e+03 1.233672161440924064e+01 4.970440174467813908e-03
3.296919742803286681e+03 1.235330676860278132e+01 5.055210129598005156e-03
3.296922057593295449e+03 1.235304026593384386e+01 5.043940707585467011e-03
3.296924372382839010e+03 1.232093893132538653e+01 4.901258101312704236e-03
3.296926687172847778e+03 1.234457664767050211e+01 5.008296428315607562e-03
3.296929001962856546e+03 1.235555839760202801e+01 5.060694738309313989e-03
3.296931316752399653e+03 1.235951939931517884e+01 5.076170056184343277e-03
3.296933631542408875e+03 1.232881891922978568e+01 4.941114624244614256e-03
3.296935946331952891e+03 1.235463070232338367e+01 5.048304301489689103e-03
3.296938261121961659e+03 1.234381790580386351e+01 5.008692271421784706e-03
3.296940575911505221e+03 1.234600255197070240e+01 5.017471464269419694e-03
3.296942890701514443e+03 1.233244625324952182e+01 4.954596371695613871e-03
3.296945205491057550e+03 1.234837752780172693e+01 5.031836776544806357e-03
3.296947520280599747e+03 1.233335303586229337e+01 4.961501567976337075e-03
3.296949835070609424e+03 1.233905726776691125e+01 4.985200087611588518e-03
3.296952149860152986e+03 1.232789933134558602e+01 4.935188122169953916e-03
3.296954464649695637e+03 1.231851864148086939e+01 4.895172357939865833e-03
3.296956779439237835e+03 1.234729293400219419e+01 5.024978424824190840e-03
3.296959094229247512e+03 1.232445716130641955e+01 4.924895143392363402e-03
3.296961409018791073e+03 1.233199882289363636e+01 4.957807621126285660e-03
3.296963723808334635e+03 1.234124388207563072e+01 5.001025030009330179e-03
3.296966038597877741e+03 1.232283318594070565e+01 4.915696604089141337e-03
3.296968353387421303e+03 1.234446046991335422e+01 5.020542820697262119e-03
3.296970668176964409e+03 1.232463668421280012e+01 4.931647595602286181e-03
3.296972982966507516e+03 1.233176095775693604e+01 4.957478073750456668e-03
3.296975297756051077e+03 1.232510183390485103e+01 4.935182651773506457e-03
3.296977612545594639e+03 1.234055337835499344e+01 5.008581139237105150e-03
3.296979927335137290e+03 1.234023688423608434e+01 4.997082657927370483e-03
3.296982242124215190e+03 1.234310005643827068e+01 5.022494436580129430e-03
3.296984556913758752e+03 1.234252615226124128e+01 5.008561561713057927e-03
3.296986871703301404e+03 1.233447710626852434e+01 4.977574341088219535e-03
3.296989186492844510e+03 1.231924114464178821e+01 4.904641398973562036e-03
3.296991501281922410e+03 1.234006302556963597e+01 5.000439695283188414e-03
3.296993816071466426e+03 1.233455162823530493e+01 4.976508423784956926e-03
3.296996130861009533e+03 1.232325850990378946e+01 4.923240795265969132e-03
3.296998445650087433e+03 1.233291931235284800e+01 4.965861419209930024e-03
3.297000760439630994e+03 1.231222372296967116e+01 4.876977137309969172e-03
3.297003075228708440e+03 1.231361089045958757e+01 4.881218527404614441e-03
3.297005390018251546e+03 1.233233279615722822e+01 4.962578387059501245e-03
3.297007704807328992e+03 1.234489650809340944e+01 5.020870396203725404e-03
3.297010019596406892e+03 1.234759884021507581e+01 5.033132874774166356e-03
3.297012334385949998e+03 1.233383687940142437e+01 4.966733281159820337e-03
3.297014649175027444e+03 1.231763076874176299e+01 4.896537357626070536e-03
3.297016963964105344e+03 1.233578051143705956e+01 4.981709326373880142e-03
3.297019278753648450e+03 1.233797317249579706e+01 4.989555101327671632e-03
3.297021593542725441e+03 1.232407761334897067e+01 4.926589037612234823e-03
3.297023908331803796e+03 1.232898532637338285e+01 4.949467862397292396e-03
3.297026223120882605e+03 1.234018226470409552e+01 4.998808909266915651e-03
3.297028537909959141e+03 1.234069239924534500e+01 4.999137642291232204e-03
3.297030852699036586e+03 1.233038272585265460e+01 4.969986753324334358e-03
3.297033167488114032e+03 1.231523170987634508e+01 4.888969751712409287e-03
3.297035482277191932e+03 1.233943750335715706e+01 4.994853158659984076e-03
3.297037797066268922e+03 1.232946395162861997e+01 4.959863569101369447e-03
3.297040111855346822e+03 1.234602640708723165e+01 5.025081356042650910e-03
3.297042426644425177e+03 1.233034441819279614e+01 4.956585984050730989e-03
3.297044741433502622e+03 1.233794343483944544e+01 4.990280200648468910e-03
3.297047056222579613e+03 1.233298885998262406e+01 4.969454561630852821e-03
3.297049371011657513e+03 1.232905837999021870e+01 4.955305810880202520e-03
3.297051685800269297e+03 1.231852772926219330e+01 4.909051736531383839e-03
3.297054000589347652e+03 1.230873143180926910e+01 4.863218426656341214e-03
3.297056315378425552e+03 1.233826802096704789e+01 4.988889287059323184e-03
3.297058630167037336e+03 1.233857698951712933e+01 4.994978299890135906e-03
3.297060944956114326e+03 1.234493413243497884e+01 5.026604274818336979e-03
3.297063259745192227e+03 1.232309109612471332e+01 4.919832783259803222e-03
3.297065574533804465e+03 1.231953603412511455e+01 4.907503294918074896e-03
3.297067889322881911e+03 1.232280806501416137e+01 4.921377658480721555e-03
3.297070204111493695e+03 1.230952782734476258e+01 4.858175456692906749e-03
3.297072518900105933e+03 1.234998386688074845e+01 5.048054649101245579e-03
3.297074833689183379e+03 1.234858282910261984e+01 5.031585205852394035e-03
3.297077148477795618e+03 1.233012648227107277e+01 4.953209519868685511e-03
3.297079463266406947e+03 1.234069350488884353e+01 4.996743444339877063e-03
3.297081778055484847e+03 1.233971295482183095e+01 4.992422441898478579e-03
3.297084092844097995e+03 1.233294107805005524e+01 4.963232014285819636e-03
3.297086407632709779e+03 1.233006218006526744e+01 4.955930676695564918e-03
3.297088722421322018e+03 1.233851895070191951e+01 4.990129166518945600e-03
3.297091037209933347e+03 1.235314190304814197e+01 5.054353243000932888e-03
3.297093351999011247e+03 1.233652369232837387e+01 4.984195895175423663e-03
3.297095666787622577e+03 1.232790142659260546e+01 4.939745505618242313e-03
3.297097981576234815e+03 1.234530457854859264e+01 5.012650399410156429e-03
3.297100296364847054e+03 1.234652693310958504e+01 5.022762767349651762e-03
3.297102611153457929e+03 1.231592322128206263e+01 4.888094084153751621e-03
3.297104925941604506e+03 1.234319135702939718e+01 5.007481422330967331e-03
3.297107240730215835e+03 1.232211206056775588e+01 4.917763379882225845e-03
3.297109555518828529e+03 1.232454723028189569e+01 4.926199451115114911e-03
3.297111870307439858e+03 1.233830707083040856e+01 4.988781450547322832e-03
3.297114185096053006e+03 1.234236537644180842e+01 5.003136281221305832e-03
3.297116499884199584e+03 1.233450866551079450e+01 4.970812713258786902e-03
3.297118814672810913e+03 1.234177412851107292e+01 4.995454424566534574e-03
3.297121129461422242e+03 1.234345575648552185e+01 5.010827654505685576e-03
3.297123444249568820e+03 1.234496620488205743e+01 5.013436801452147290e-03
3.297125759038181513e+03 1.234602858768411693e+01 5.020539120713699531e-03
3.297128073826327636e+03 1.234610803229155707e+01 5.022717256220199898e-03
3.297130388614939420e+03 1.234251337217718536e+01 5.006981926224900355e-03
3.297132703403086452e+03 1.232607838223225194e+01 4.930925077423432314e-03
3.297135018191697782e+03 1.234699992598081941e+01 5.030435278135440662e-03
3.297137332979843450e+03 1.232921785825777405e+01 4.948062439929248879e-03
3.297139647768456143e+03 1.234065493893841214e+01 4.994857128290452163e-03
3.297141962556602721e+03 1.234008596805294999e+01 4.994762583424164695e-03
3.297144277344748843e+03 1.234588863617362264e+01 5.019147671336271141e-03
3.297146592132895421e+03 1.232789495478781916e+01 4.938492794175099003e-03
3.297148906921508114e+03 1.233434796300451097e+01 4.966219505882262311e-03
3.297151221709653328e+03 1.233777634479993424e+01 4.982809910734879374e-03
3.297153536497799450e+03 1.233634533196362426e+01 4.978801969653621866e-03
3.297155851285946483e+03 1.232078515849629419e+01 4.906709194619697512e-03
3.297158166074093060e+03 1.233554163035523032e+01 4.969423030728490655e-03
3.297160480862238728e+03 1.234033481820330103e+01 4.994457549291636371e-03
3.297162795650384851e+03 1.235721252035344442e+01 5.073276290109718194e-03
3.297165110438531883e+03 1.235115063186546003e+01 5.044528149337178420e-03
3.297167425226678006e+03 1.232132921628526567e+01 4.907320020397072657e-03
3.297169740014823219e+03 1.231770300833569998e+01 4.887771172046483786e-03
3.297172054802969797e+03 1.234101636310297856e+01 4.996886334030445527e-03
3.297174369590651622e+03 1.233846765663016321e+01 4.988203165810829558e-03
3.297176684378797290e+03 1.234179564062180390e+01 5.001478922421645316e-03
3.297178999166943413e+03 1.233775240157649478e+01 4.982592337348154717e-03
3.297181313954623874e+03 1.235060891184559040e+01 5.040955250041253069e-03
3.297183628742770452e+03 1.236621313855366466e+01 5.113303991962843062e-03
3.297185943530916575e+03 1.233438879420680045e+01 4.964378099626393266e-03
3.297188258318597491e+03 1.233697457288473487e+01 4.981762483325866998e-03
3.297190573106744523e+03 1.235155342169982440e+01 5.051956091859663781e-03
3.297192887894424530e+03 1.234296262805481881e+01 5.009631242737673344e-03
3.297195202682570198e+03 1.233093978279519121e+01 4.950580724480561044e-03
3.297197517470251114e+03 1.235419773756471429e+01 5.063398415749455032e-03
3.297199832258397691e+03 1.235520256187024479e+01 5.067286584615226727e-03
3.297202147046078153e+03 1.234381817179147411e+01 5.006191130513030184e-03
3.297204461833759979e+03 1.235548220861329938e+01 5.060286951582748140e-03
3.297206776621440440e+03 1.233332508649428583e+01 4.958539759016584482e-03
3.297209091409586563e+03 1.234192933517241464e+01 4.995651556104550688e-03
3.297211406197266570e+03 1.235276574113070325e+01 5.047278452129409961e-03
3.297213720984947486e+03 1.233691474630357909e+01 4.977867019305735365e-03
3.297216035772628402e+03 1.230824454192612549e+01 4.842731041920882856e-03
3.297218350560308409e+03 1.234110606630310336e+01 4.991260640251278177e-03
3.297220665347989325e+03 1.234542030244288746e+01 5.011223261935997611e-03
3.297222980135670696e+03 1.235465533929187743e+01 5.058614391493502019e-03
3.297225294923350702e+03 1.235818020524110850e+01 5.073762754187341809e-03
3.297227609711031164e+03 1.234142955944720832e+01 4.996328831533232429e-03
3.297229924498712080e+03 1.235193684191093944e+01 5.041137169448615951e-03
3.297232239286392996e+03 1.234094232513009892e+01 4.995594472431600687e-03
3.297234554074073458e+03 1.235693135094574657e+01 5.068471657392778842e-03
3.297236868861289167e+03 1.235301055535108716e+01 5.048353538166845504e-03
3.297239183648970084e+03 1.235097779384226691e+01 5.036307241128167196e-03
3.297241498436650090e+03 1.234318825319717128e+01 5.001805448062690909e-03
3.297243813223864436e+03 1.235405603727684998e+01 5.047996674295169087e-03
3.297246128011544897e+03 1.235391686061117156e+01 5.050840198584814408e-03
3.297248442799225813e+03 1.234002133643753218e+01 4.989197406112600916e-03
3.297250757586440614e+03 1.234250983331198981e+01 4.998380476764143106e-03
3.297253072374121075e+03 1.236664440368276985e+01 5.107535316337871549e-03
3.297255387161335875e+03 1.235502373080626448e+01 5.050895782747899174e-03
3.297257701949017246e+03 1.234113615571261668e+01 4.991652311684541959e-03
3.297260016736231591e+03 1.234197010160775143e+01 4.990018964488365620e-03
3.297262331523446846e+03 1.233576100810343767e+01 4.967435628726829359e-03
3.297264646311128672e+03 1.234562617009313534e+01 5.006886516685225309e-03
3.297266961098343018e+03 1.237583939155871349e+01 5.149496265950867166e-03
3.297269275885557363e+03 1.235480049101593281e+01 5.048783866143152256e-03
3.297271590672773073e+03 1.233987722758607930e+01 4.981664409771564134e-03
3.297273905459987873e+03 1.235055664751292426e+01 5.028625749136066657e-03
3.297276220247668789e+03 1.235430833903353509e+01 5.047032375183529117e-03
3.297278535034884044e+03 1.234553322681973064e+01 5.007966386354286217e-03
3.297280849822098389e+03 1.235119967473983138e+01 5.031662572442217873e-03
3.297283164609313644e+03 1.235586110204796917e+01 5.055255133998430225e-03
3.297285479396527990e+03 1.234369678667437498e+01 5.006676406464924921e-03
3.297287794183743245e+03 1.234918255073390725e+01 5.022068183980249630e-03
3.297290108970492383e+03 1.235013624068359306e+01 5.025221810188998210e-03
3.297292423757707638e+03 1.235193593777162491e+01 5.031415338215117390e-03
3.297294738544922893e+03 1.234352538840613889e+01 4.993709199566116926e-03
3.297297053332138603e+03 1.236579281390002905e+01 5.100643691459146208e-03
3.297299368119352948e+03 1.237234770228740643e+01 5.130473559451589199e-03
3.297301682906102542e+03 1.236101270023056564e+01 5.080783560766306828e-03
3.297303997693316887e+03 1.233593581900207425e+01 4.961705564922645403e-03
3.297306312480532597e+03 1.234257037501094167e+01 4.990692559036347294e-03
3.297308627267281281e+03 1.234671395201744026e+01 5.012949728365075769e-03
3.297310942054496991e+03 1.235526556999136716e+01 5.049473418782791934e-03
3.297313256841246130e+03 1.237267396902016259e+01 5.129926812966328735e-03
3.297315571628460475e+03 1.234230747383066529e+01 4.990345446199370184e-03
3.297317886415209614e+03 1.235721684339128323e+01 5.059331190821149057e-03
3.297320201201960117e+03 1.236610273120429682e+01 5.099266769632735015e-03
3.297322515989174917e+03 1.233852922517653994e+01 4.964531906326756158e-03
3.297324830775924056e+03 1.234500832566320483e+01 5.005494775243802402e-03
3.297327145562672740e+03 1.236723365018211140e+01 5.104454302533213347e-03
3.297329460346163160e+03 1.236803491219492201e+01 5.112257023280309363e-03
3.297331775132912298e+03 1.234473898938013647e+01 5.001923031349115277e-03
3.297334089919661437e+03 1.234624136140314477e+01 5.012543273528511853e-03
3.297336404706876692e+03 1.234881294826122300e+01 5.020811082214276209e-03
3.297338719493625831e+03 1.236146749343803819e+01 5.076813753106580035e-03
3.297341034280374970e+03 1.235149017591590770e+01 5.032974208707304865e-03
3.297343349067124109e+03 1.236177254365643563e+01 5.080937899900570508e-03
3.297345663853873702e+03 1.236045020865546640e+01 5.070177819655026508e-03
3.297347978640157635e+03 1.235498316203009495e+01 5.042170266346952638e-03
3.297350293426907228e+03 1.234005986060629390e+01 4.980285941082661545e-03
3.297352608213656367e+03 1.233920308266202426e+01 4.980767377124419026e-03
3.297354923000406416e+03 1.235966782777112094e+01 5.071986883694363894e-03
3.297357237787155555e+03 1.236635580807260659e+01 5.098475559227164458e-03
3.297359552573438577e+03 1.236312954301426714e+01 5.082869178509422797e-03
3.297361867360188171e+03 1.234829147881516498e+01 5.018867547611952085e-03
3.297364182146937310e+03 1.236957279655170971e+01 5.110878739432119823e-03
3.297366496933220333e+03 1.235412492550318753e+01 5.042779676327158178e-03
3.297368811719969926e+03 1.234209623687616819e+01 4.992139107279661321e-03
3.297371126506254768e+03 1.237014372841892396e+01 5.122214765086033524e-03
3.297373441293003452e+03 1.235241608947855241e+01 5.033110807832337844e-03
3.297375756079286475e+03 1.235191804428595930e+01 5.031811998399155633e-03
3.297378070866036069e+03 1.237163921572636305e+01 5.120837308223828883e-03
3.297380385652320456e+03 1.236461172229334160e+01 5.095545498951762654e-03
3.297382700438603479e+03 1.235790956998042311e+01 5.062008099876681363e-03
3.297385015225353072e+03 1.235082700743060613e+01 5.031502375272666437e-03
3.297387330011637005e+03 1.237004977548487616e+01 5.116696204314635961e-03
3.297389644797920482e+03 1.234974491457265700e+01 5.023729738155901202e-03
3.297391959584203505e+03 1.235731172758423213e+01 5.059569016689328610e-03
3.297394274370487437e+03 1.234547521763530220e+01 5.013999620731571932e-03
3.297396589156771370e+03 1.236080501291092304e+01 5.076824922604540255e-03
3.297398903943054393e+03 1.235250815033534444e+01 5.039572703557701656e-03
3.297401218729337870e+03 1.235272589696269741e+01 5.041497083432448269e-03
3.297403533515622257e+03 1.237162858765260864e+01 5.127122752565827814e-03
3.297405848301905280e+03 1.235718496486432372e+01 5.059101931736088333e-03
3.297408163088189212e+03 1.236115709205787105e+01 5.073446806193942886e-03
3.297410477874474054e+03 1.235140414611601223e+01 5.027702823259453009e-03
3.297412792660757532e+03 1.234538314922656177e+01 5.006924935631135339e-03
3.297415107447041009e+03 1.236300377078113044e+01 5.084109720186622862e-03
3.297417422232858371e+03 1.236283945212570679e+01 5.086185328213681071e-03
3.297419737019141849e+03 1.236000288884305043e+01 5.072882370461578860e-03
3.297422051805426236e+03 1.234800581433297495e+01 5.017818984152852373e-03
3.297424366591244052e+03 1.236361582523255187e+01 5.085799876513722069e-03
3.297426681377527984e+03 1.237074480455404668e+01 5.116068889236873897e-03
3.297428996163345801e+03 1.234862050014088908e+01 5.023025981869383080e-03
3.297431310949629733e+03 1.235406243334785437e+01 5.049426033287838719e-03
3.297433625735447094e+03 1.236522166347752894e+01 5.096665392607068606e-03
3.297435940521731027e+03 1.236988110122757689e+01 5.119399239161456436e-03
3.297438255307548843e+03 1.233073434897379528e+01 4.938621108048922050e-03
3.297440570093367569e+03 1.236388395086009062e+01 5.089708092499444815e-03
3.297442884879185385e+03 1.234903954494138212e+01 5.018287827944393348e-03
3.297445199665469318e+03 1.234970082090444876e+01 5.029246150045701795e-03
3.297447514451287589e+03 1.236189380300511687e+01 5.079859055367781477e-03
3.297449829237104950e+03 1.233791744332037510e+01 4.985051682495963282e-03
3.297452144022922766e+03 1.235832939417628928e+01 5.063134362667948141e-03
3.297454458808741038e+03 1.234961336931622000e+01 5.024269438247461368e-03
3.297456773594558399e+03 1.235362766277318691e+01 5.042334122297546968e-03
3.297459088380377125e+03 1.234402831379427923e+01 5.000540553313941906e-03
3.297461403166194941e+03 1.235373739579874908e+01 5.050712432886152875e-03
3.297463717952012303e+03 1.235994480944436091e+01 5.074391175637225394e-03
3.297466032737831028e+03 1.235077465318116019e+01 5.028154164643115070e-03
3.297468347523648845e+03 1.237878337643305215e+01 5.160261342456646562e-03
3.297470662309467571e+03 1.233898474099565412e+01 4.979368401116917968e-03
3.297472977094819726e+03 1.235328241586103459e+01 5.037026345877053564e-03
3.297475291880637087e+03 1.235564272118291207e+01 5.053948951355512545e-03
3.297477606666454903e+03 1.235338090276149892e+01 5.044718338158399838e-03
3.297479921451807968e+03 1.234796742232576072e+01 5.012238161022452773e-03
3.297482236237625330e+03 1.233471185014132132e+01 4.953884560750996396e-03
3.297484551022977939e+03 1.235472700587703265e+01 5.048058580882979970e-03
3.297486865808796210e+03 1.233894922206787470e+01 4.977509973336566480e-03
3.297489180594147911e+03 1.235686474411927094e+01 5.056180203439552927e-03
3.297491495379965272e+03 1.234661722718700005e+01 5.009803607845029691e-03
3.297493810165317882e+03 1.234780463600603007e+01 5.010941860650867941e-03
3.297496124950671401e+03 1.235182955793996129e+01 5.034614257357467558e-03
3.297498439736489672e+03 1.237400018689612402e+01 5.134547280459342104e-03
3.297500754521841827e+03 1.233809564824895766e+01 4.970454385584814963e-03
3.297503069307194437e+03 1.236751340456546089e+01 5.104158080352441847e-03
3.297505384092546592e+03 1.237061028497671167e+01 5.112966375219929818e-03
3.297507698878363954e+03 1.235547919948101558e+01 5.050287016106194161e-03
3.297510013663717018e+03 1.235221335037594770e+01 5.032397182276516882e-03
3.297512328449069628e+03 1.235364560315633753e+01 5.045275243746439806e-03
3.297514643234420873e+03 1.237078020208139506e+01 5.122075486917627117e-03
3.297516958019773483e+03 1.235250020205465660e+01 5.034766934230267346e-03
3.297519272805126548e+03 1.235487674590005724e+01 5.044019616015723954e-03
3.297521587590012587e+03 1.233587427664273051e+01 4.965371561656396412e-03
3.297523902375363832e+03 1.236119169350053681e+01 5.072432733356157901e-03
3.297526217160716897e+03 1.236132172415567787e+01 5.072382965503195902e-03
3.297528531946069961e+03 1.237005526691057966e+01 5.109686204106542000e-03
3.297530846731422116e+03 1.235527671568893737e+01 5.045944553116706206e-03
3.297533161516309065e+03 1.237350666834955604e+01 5.130140003513039733e-03
3.297535476301661674e+03 1.235860364171587911e+01 5.061578763667815353e-03
3.297537791086547259e+03 1.236528889488178784e+01 5.101862996439057545e-03
3.297540105871899414e+03 1.235553996724266668e+01 5.052695905014685865e-03
3.297542420656786362e+03 1.235356397424346220e+01 5.037460797379927392e-03
3.297544735442139427e+03 1.235673694174396964e+01 5.057944601725726519e-03
3.297547050227025466e+03 1.237005449088129794e+01 5.115457519518948164e-03
3.297549365012377621e+03 1.236238121716490390e+01 5.080411194813457855e-03
3.297551679797264569e+03 1.234849195323228876e+01 5.017786172363398502e-03
3.297553994582151518e+03 1.237816022139598715e+01 5.147610944757982296e-03
3.297556309367504127e+03 1.234359327135516082e+01 4.991389497913358703e-03
3.297558624152391076e+03 1.237002112945754462e+01 5.113195566995249429e-03
3.297560938937278024e+03 1.236244959452342762e+01 5.080443733275135515e-03
3.297563253722164518e+03 1.235380367048260020e+01 5.035361764126975587e-03
3.297565568507050557e+03 1.235349158106185641e+01 5.036472815932240346e-03
3.297567883291937505e+03 1.237894896428205982e+01 5.150314202417989942e-03
3.297570198076824454e+03 1.236906811107580673e+01 5.104482526658466433e-03
3.297572512861710493e+03 1.237236803210674019e+01 5.123571782317862776e-03
3.297574827646597441e+03 1.236633927073701145e+01 5.100280386000605182e-03
3.297577142431484390e+03 1.235210503824330708e+01 5.028911137848433681e-03
3.297579457216370429e+03 1.235723887404110855e+01 5.050440314251859568e-03
3.297581772001256923e+03 1.236005843232763191e+01 5.062255842628868470e-03
3.297584086785677755e+03 1.235946103119448480e+01 5.057257326058718985e-03
3.297586401570566068e+03 1.237349831754378826e+01 5.127296927143689016e-03
3.297588716355452561e+03 1.236334665761055440e+01 5.084707580800823176e-03
3.297591031139872939e+03 1.236880346084152649e+01 5.104060104109166274e-03
3.297593345924760797e+03 1.235747390669186885e+01 5.047689556791432573e-03
3.297595660709645927e+03 1.236131866568209503e+01 5.071924682956150190e-03
3.297597975494066304e+03 1.235295328295818429e+01 5.032357619338140992e-03
3.297600290278954162e+03 1.237516221661511118e+01 5.143393538202228020e-03
3.297602605063374995e+03 1.236111630397700978e+01 5.067601922758572380e-03
3.297604919847795372e+03 1.236374399262606794e+01 5.086382808455572856e-03
3.297607234632682321e+03 1.234908003405076116e+01 5.019315168552256241e-03
3.297609549417104063e+03 1.234973995029617022e+01 5.015525353656466803e-03
3.297611864201524895e+03 1.236670482948696836e+01 5.105849550426553272e-03
3.297614178985945728e+03 1.236141144404468406e+01 5.073795950392152865e-03
3.297616493770833131e+03 1.235288539105903105e+01 5.042527183061293328e-03
3.297618808555253963e+03 1.237018852950845371e+01 5.113670957427871207e-03
3.297621123339674341e+03 1.235556892350521174e+01 5.044646753903791678e-03
3.297623438124095628e+03 1.236066095202236426e+01 5.063233769526139308e-03
3.297625752908516461e+03 1.236518130428032691e+01 5.094906557848098184e-03
3.297628067692937293e+03 1.236240039366618504e+01 5.075243334564799591e-03
3.297630382477358580e+03 1.237225105778148482e+01 5.118252157793956071e-03
3.297632697261314206e+03 1.236461890594847546e+01 5.082646055571302460e-03
3.297635012045735493e+03 1.233748999998569928e+01 4.962032151695112969e-03
3.297637326830155871e+03 1.235868958940793760e+01 5.068433255870468702e-03
3.297639641614576703e+03 1.237035005011164124e+01 5.106584970255307471e-03
3.297641956398532784e+03 1.238728578692826332e+01 5.191822810240332743e-03
3.297644271182954526e+03 1.236854066126633356e+01 5.112951320871223816e-03
3.297646585967374449e+03 1.236037715080923682e+01 5.061013024250543037e-03
3.297648900751330530e+03 1.237125997594087856e+01 5.115169973625278629e-03
3.297651215535751362e+03 1.237568159735915074e+01 5.133741708131794347e-03
3.297653530319706533e+03 1.236862818449246504e+01 5.109310622771112177e-03
3.297655845104126911e+03 1.235793617561283853e+01 5.050709618908463122e-03
3.297658159888082992e+03 1.235805502661995270e+01 5.051004664240070496e-03
3.297660474672038617e+03 1.236240397488754184e+01 5.072447972973861963e-03
3.297662789456458540e+03 1.236100069532097834e+01 5.066434099475414753e-03
3.297665104240414166e+03 1.236929517627070396e+01 5.099277110522985011e-03
3.297667419024369337e+03 1.236251136046032073e+01 5.073740893777795892e-03
3.297669733808324963e+03 1.236630900160440127e+01 5.084895310853524211e-03
3.297672048592746251e+03 1.237358918332424729e+01 5.121113241173637538e-03
3.297674363376701422e+03 1.237688963402294462e+01 5.141671455745726316e-03
3.297676678160657502e+03 1.234609063337201995e+01 4.996791823054525135e-03
3.297678992944612219e+03 1.236463920170181474e+01 5.077713337030837458e-03
3.297681307728567845e+03 1.236414753655815524e+01 5.082200551391715532e-03
3.297683622512523471e+03 1.236055662600603178e+01 5.064819320310225310e-03
3.297685937296012980e+03 1.238491634896391780e+01 5.176608019667141257e-03
3.297688252079967242e+03 1.237875560612349446e+01 5.148657183596513920e-03
3.297690566863922868e+03 1.237327454824190909e+01 5.119811926813206196e-03
3.297692881647878949e+03 1.236045126350280832e+01 5.063854997234436967e-03
3.297695196431834120e+03 1.237068850597268899e+01 5.109378466066238043e-03
3.297697511215324084e+03 1.235890237072141673e+01 5.057182073703772596e-03
3.297699825999279710e+03 1.236644236334407054e+01 5.096260189450113609e-03
3.297702140782769675e+03 1.237121077209235231e+01 5.111786222253407626e-03
3.297704455566724391e+03 1.237002029607138454e+01 5.109211374925702251e-03
3.297706770350213901e+03 1.237844591549687401e+01 5.148534951198988248e-03
3.297709085134169982e+03 1.237005573013370885e+01 5.112064218776854636e-03
3.297711399917659492e+03 1.236694358199149768e+01 5.093890476892639317e-03
3.297713714701614663e+03 1.237307974392123278e+01 5.125483393051613080e-03
3.297716029485104173e+03 1.237898252522109210e+01 5.150555965588914618e-03
3.297718344268594592e+03 1.238004920273014520e+01 5.156977758435559236e-03
3.297720659052083647e+03 1.236699747555189433e+01 5.093373523332123294e-03
3.297722973836038818e+03 1.236909155511396818e+01 5.100357726834092720e-03
3.297725288619529238e+03 1.236466131933409329e+01 5.080310416313319963e-03
3.297727603403019202e+03 1.235372343374208270e+01 5.035018913459823886e-03
3.297729918186508257e+03 1.236574598938859282e+01 5.094440446634778200e-03
3.297732232969998222e+03 1.236061437944339580e+01 5.065259503083223425e-03
3.297734547753488187e+03 1.236695992397766553e+01 5.097051152052251011e-03
3.297736862536977242e+03 1.237194182896860184e+01 5.120310649512349599e-03
3.297739177320467206e+03 1.237627862476516327e+01 5.141596986564749179e-03
3.297741492103491510e+03 1.237610966087708775e+01 5.141100716555006313e-03
3.297743806886980565e+03 1.235268059453220246e+01 5.031713648361364755e-03
3.297746121670470075e+03 1.234389280407568279e+01 4.994558783207761303e-03
3.297748436453960039e+03 1.236651370900868763e+01 5.097257087480564462e-03
3.297750751236983888e+03 1.235387772265865891e+01 5.038120855765639873e-03
3.297753066020473398e+03 1.235765364289643031e+01 5.056237852014771987e-03
3.297755380803498156e+03 1.234384566428889585e+01 4.999340580056966556e-03
3.297757695586988575e+03 1.235073016070864682e+01 5.022654254427941049e-03
3.297760010370011969e+03 1.236926958633230456e+01 5.112150620162995811e-03
3.297762325153501479e+03 1.236832588888464279e+01 5.103565686989301395e-03
3.297764639936525327e+03 1.236271233389199864e+01 5.081761632868465710e-03
3.297766954720015292e+03 1.235029472452572641e+01 5.032453338680938429e-03
3.297769269503039595e+03 1.236724100328516407e+01 5.098601708154922203e-03
3.297771584286062989e+03 1.235735098300559720e+01 5.066013170099342884e-03
3.297773899069086838e+03 1.233902654822592382e+01 4.973682749667892970e-03
3.297776213852576802e+03 1.236945129795202192e+01 5.116463538542827434e-03
3.297778528635600196e+03 1.233234538727250573e+01 4.950689214011480717e-03
3.297780843418624954e+03 1.232485245284932773e+01 4.909878615708650196e-03
3.297783158201650167e+03 1.234336744227978855e+01 5.002372866486088331e-03
3.297785472984673561e+03 1.237070847759250469e+01 5.124214538794894316e-03
3.297787787767697409e+03 1.234342781495408481e+01 4.994830153855286600e-03
3.297790102550721713e+03 1.236006032412189271e+01 5.072114851655290524e-03
3.297792417333746016e+03 1.235613644151046131e+01 5.058274426507938099e-03
3.297794732116303749e+03 1.235966838044974203e+01 5.072476813800556698e-03
3.297797046899328052e+03 1.235848552841492776e+01 5.067157839151376943e-03
3.297799361682352355e+03 1.234357334852290577e+01 5.002861343031576175e-03
3.297801676465375749e+03 1.234797305677031787e+01 5.016702126059349211e-03
3.297803991247933482e+03 1.233819276181501223e+01 4.979348041980801408e-03
3.297806306030957785e+03 1.234004282156465493e+01 4.987684683215863266e-03
3.297808620813516427e+03 1.234817223769325345e+01 5.024695786128928476e-03
3.297810935596539821e+03 1.234760446559158353e+01 5.019686606835298791e-03
3.297813250379098918e+03 1.235252821601155304e+01 5.040613323189173552e-03
3.297815565162123676e+03 1.233727071958512944e+01 4.971773233308092975e-03
3.297817879944681408e+03 1.234977194480293861e+01 5.029334423601914718e-03
3.297820194727239596e+03 1.235412694253681387e+01 5.057051779955849813e-03
3.297822509510263899e+03 1.234206513011199569e+01 4.999974816905419089e-03
3.297824824292822541e+03 1.235637899181127963e+01 5.056987393015965025e-03
3.297827139075380728e+03 1.236178695739939393e+01 5.085983467114224554e-03
3.297829453857938915e+03 1.233521987998829239e+01 4.974059091763889315e-03
3.297831768640498012e+03 1.234303133962192511e+01 5.007841863248991242e-03
3.297834083423055745e+03 1.234322165081525924e+01 4.999590749280791863e-03
3.297836398205613477e+03 1.234666954676967876e+01 5.019929579220309100e-03
3.297838712988172574e+03 1.233722958579845042e+01 4.970840547626352059e-03
3.297841027770730761e+03 1.234184887557448462e+01 4.998022408277132123e-03
3.297843342553289403e+03 1.232476617735984803e+01 4.918774803118841285e-03
3.297845657335847591e+03 1.233371692825654442e+01 4.960672210381015731e-03
3.297847972118405778e+03 1.232904437245694496e+01 4.944868907328433573e-03
3.297850286900499668e+03 1.233280244840878304e+01 4.958506319701762137e-03
3.297852601683056946e+03 1.233486689344234044e+01 4.965947718505892006e-03
3.297854916465616043e+03 1.233138647930711151e+01 4.954422858597969624e-03
3.297857231247709024e+03 1.234175350335331345e+01 4.997077796198000701e-03
3.297859546030266756e+03 1.233238765362009559e+01 4.963690558809708345e-03
3.297861860812358827e+03 1.235999167643382357e+01 5.084312732042461057e-03
3.297864175594917469e+03 1.233939642701081851e+01 4.989898388049291041e-03
3.297866490377010450e+03 1.234134743947867996e+01 4.995591963961924786e-03
3.297868805159569547e+03 1.232766429266326469e+01 4.937538220408011283e-03
3.297871119941662528e+03 1.234807047402255265e+01 5.032689394473576980e-03
3.297873434723755508e+03 1.234731616483846928e+01 5.025793099271496159e-03
3.297875749506312786e+03 1.232463762918815142e+01 4.925250473032219238e-03
3.297878064288404858e+03 1.233606110676555900e+01 4.972238809657554028e-03
3.297880379070497838e+03 1.233929125981198638e+01 4.988668534301585536e-03
3.297882693852590819e+03 1.233733343133259197e+01 4.989647204808076580e-03
3.297885008634683800e+03 1.233095236195292799e+01 4.958065185308518745e-03
3.297887323416775871e+03 1.234630943263009684e+01 5.021653679940364483e-03
3.297889638198869761e+03 1.231534807007639287e+01 4.885160653630079251e-03
3.297891952980961378e+03 1.233997494057063093e+01 4.992019670217062721e-03
3.297894267763053904e+03 1.233710275861999328e+01 4.990859001566774755e-03
3.297896582545146885e+03 1.232792399313818521e+01 4.942385628886488552e-03
3.297898897326775113e+03 1.235767919555935634e+01 5.078350351190607549e-03
3.297901212108867639e+03 1.233354922008115118e+01 4.971223133969023683e-03
3.297903526890960165e+03 1.233229677042757899e+01 4.967543095760398354e-03
3.297905841673053601e+03 1.233557274873106557e+01 4.977060265355692445e-03
3.297908156454680011e+03 1.232831513208241248e+01 4.943292132125687299e-03
3.297910471236772537e+03 1.232576188571453280e+01 4.932412487043580547e-03
3.297912786018398947e+03 1.232004930087713213e+01 4.907952843259295872e-03
3.297915100800492382e+03 1.234148998205792402e+01 5.006643375397319858e-03
3.297917415582119247e+03 1.232838393062145066e+01 4.942854460647945133e-03
3.297919730364211318e+03 1.232689064385924738e+01 4.941102098992320585e-03
3.297922045145839093e+03 1.230724408654914726e+01 4.854677851352002735e-03
3.297924359927465957e+03 1.233095706889153043e+01 4.959782271439322661e-03
3.297926674709092367e+03 1.233348342171453638e+01 4.976669563009120632e-03
3.297928989491186258e+03 1.233490802628479699e+01 4.977990704599160980e-03
3.297931304272813577e+03 1.233199320402465560e+01 4.960479738938584210e-03
3.297933619054440442e+03 1.231632153159430842e+01 4.897710093631540453e-03
3.297935933836066397e+03 1.233237379418040014e+01 4.965741178359772343e-03
3.297938248617694171e+03 1.231829944371921037e+01 4.904126740617376426e-03
3.297940563399321491e+03 1.233015749421046081e+01 4.952840219002850597e-03
3.297942878180947901e+03 1.232621229625810955e+01 4.932608683630798456e-03
3.297945192962575675e+03 1.233204025649950886e+01 4.963623721611923334e-03
3.297947507743736878e+03 1.232771690842652923e+01 4.947166345254889151e-03
3.297949822525363743e+03 1.233254627178649621e+01 4.963886360116629912e-03
3.297952137306990153e+03 1.230345603809375277e+01 4.837302330896787322e-03
3.297954452088617927e+03 1.234414676495428687e+01 5.015519234065508695e-03
3.297956766869779585e+03 1.231909507221677025e+01 4.905556076188334440e-03
3.297959081651406450e+03 1.232615587611413766e+01 4.936981947688095541e-03
3.297961396432568108e+03 1.233247784121186008e+01 4.959491958338045972e-03
3.297963711214195428e+03 1.231827932716351803e+01 4.901206493253070298e-03
3.297966025995356631e+03 1.233338152652970976e+01 4.968299444821143267e-03
3.297968340776983041e+03 1.233811877567162263e+01 4.985790194900283773e-03
3.297970655558144699e+03 1.233609425864804621e+01 4.984495648446112155e-03
3.297972970339772019e+03 1.232371038806614472e+01 4.918547885606682282e-03
3.297975285120932313e+03 1.232989892548373589e+01 4.952258082041030400e-03
3.297977599902094425e+03 1.232822277519984766e+01 4.946112765728593284e-03
3.297979914683256538e+03 1.231660166196322592e+01 4.891507839953514528e-03
3.297982229464416832e+03 1.233562522003323814e+01 4.985401244150263790e-03
3.297984544245578491e+03 1.234061004296600572e+01 4.997048223928471714e-03
3.297986859026740603e+03 1.232914202948670557e+01 4.956023150403246653e-03
3.297989173807902262e+03 1.233026593581432628e+01 4.950436774861390228e-03
3.297991488589063010e+03 1.232259528623919920e+01 4.921239023203880653e-03
3.297993803370223759e+03 1.233338234236395259e+01 4.966930617336501839e-03
3.297996118151385417e+03 1.232367584546926409e+01 4.918687087175119266e-03
3.297998432932547530e+03 1.232033302721534085e+01 4.909601228650653515e-03
3.298000747713708733e+03 1.233361600547179115e+01 4.968850458517012035e-03
3.298003062494403821e+03 1.233780125774756975e+01 4.987502194009741860e-03
3.298005377275565934e+03 1.232183986214521987e+01 4.917705160917266137e-03
3.298007692056727137e+03 1.233436759471494959e+01 4.969700195882881602e-03
3.298010006837423134e+03 1.233083210438459076e+01 4.959688015309091091e-03
3.298012321618584338e+03 1.233078100946120159e+01 4.962231845299191861e-03
3.298014636399280334e+03 1.234673181968483213e+01 5.026025237630430895e-03
3.298016951180441538e+03 1.233781023309417080e+01 4.979703837691607307e-03
3.298019265961137080e+03 1.232152571517897144e+01 4.910549953237297420e-03
3.298021580741833532e+03 1.233264287827564409e+01 4.971134313762298577e-03
3.298023895522993826e+03 1.234515229252837187e+01 5.015733018372966860e-03
3.298026210303689368e+03 1.233915240008878023e+01 4.988028956480925098e-03
3.298028525084384910e+03 1.232333270667019143e+01 4.921549360992643653e-03
3.298030839865081361e+03 1.231697920585792616e+01 4.890427398457761719e-03
3.298033154646242565e+03 1.233589320362960073e+01 4.970912070491773950e-03
3.298035469426938562e+03 1.231813638099367481e+01 4.892998396742851211e-03
3.298037784207634559e+03 1.232477616158422151e+01 4.922438981375228811e-03
3.298040098988330556e+03 1.233188936542445546e+01 4.956974697653472595e-03
3.298042413768559982e+03 1.233966161242958037e+01 5.003947333198131321e-03
3.298044728549255979e+03 1.233758534861659406e+01 4.979344912710075184e-03
3.298047043329951975e+03 1.231751966231534823e+01 4.885955206283860638e-03
3.298049358110647518e+03 1.233488058594979364e+01 4.969511779002861590e-03
3.298051672891342605e+03 1.235121323542224658e+01 5.041089451030203970e-03
3.298053987671572941e+03 1.233647477869227060e+01 4.977102077932351286e-03
3.298056302452268937e+03 1.233025215580369149e+01 4.949560403279056400e-03
3.298058617232964480e+03 1.233195728283452475e+01 4.957143125129761380e-03
3.298060932013194360e+03 1.234488620928804536e+01 5.011855383077506304e-03
3.298063246793890357e+03 1.235307727579059289e+01 5.054349234913083425e-03
3.298065561574121148e+03 1.233204761274423333e+01 4.964902901433758571e-03
3.298067876354816690e+03 1.235223382614509902e+01 5.044138115941624451e-03
3.298070191135047025e+03 1.233403193946590903e+01 4.961832701588966832e-03
3.298072505915276906e+03 1.232636583299960087e+01 4.926576564842536678e-03
3.298074820695972448e+03 1.234712521234178517e+01 5.025104001188979326e-03
3.298077135476202329e+03 1.234670586788124425e+01 5.024715585856439660e-03
3.298079450256433120e+03 1.234716172724152017e+01 5.019390390685937037e-03
3.298081765036662546e+03 1.233764182693761136e+01 4.977869663016768441e-03
3.298084079816892427e+03 1.233624774767851839e+01 4.976777765806399134e-03
3.298086394597122307e+03 1.232005755772390643e+01 4.899492621361680941e-03
3.298088709377353098e+03 1.231936700480058633e+01 4.901742974460855488e-03
3.298091024157582524e+03 1.233360898824428098e+01 4.961789827291549805e-03
3.298093338937812405e+03 1.233897615988022523e+01 4.982555820185973448e-03
3.298095653718043650e+03 1.233453465913576252e+01 4.965483727498491706e-03
3.298097968498273531e+03 1.233553827023717275e+01 4.968920145760687308e-03
3.298100283278036841e+03 1.232411653638115467e+01 4.915025186252353767e-03
3.298102598058267631e+03 1.233672400500401523e+01 4.973121270256014234e-03
3.298104912838497967e+03 1.233232157155281428e+01 4.954994131218826495e-03
3.298107227618261277e+03 1.233469532581982619e+01 4.963984144952791368e-03
3.298109542398492067e+03 1.233470429056462692e+01 4.966450862091563792e-03
3.298111857178256287e+03 1.232805096224886832e+01 4.937543975228457852e-03
3.298114171958486622e+03 1.233849666874471218e+01 4.980322986203538672e-03
3.298116486738250387e+03 1.232190029337565385e+01 4.906368614648918061e-03
3.298118801518481177e+03 1.234110745991494973e+01 4.991473903397288144e-03
3.298121116298245852e+03 1.234318130995848861e+01 5.007746338408700787e-03
3.298123431078010526e+03 1.232822941633423319e+01 4.932630265579041745e-03
3.298125745858240407e+03 1.235434821538067496e+01 5.053039845446032248e-03
3.298128060638005536e+03 1.235546919218694839e+01 5.052937907404585031e-03
3.298130375417768846e+03 1.233045929364826065e+01 4.941751547272597335e-03
3.298132690197533520e+03 1.234695278740600699e+01 5.015031460163705407e-03
3.298135004977298195e+03 1.234954701915461861e+01 5.027742135484971307e-03
3.298137319757062414e+03 1.236012728165562891e+01 5.077305996371496433e-03
3.298139634536826634e+03 1.235206055625631549e+01 5.040136244537103856e-03
3.298141949316590399e+03 1.236425897897876425e+01 5.092812877830774597e-03
3.298144264096355073e+03 1.234978559715745661e+01 5.030400235040030817e-03
3.298146578875654541e+03 1.235535664383733057e+01 5.051802670557920157e-03
3.298148893655417851e+03 1.234075608571206928e+01 4.994095060223074402e-03
3.298151208435183435e+03 1.235079310201821201e+01 5.035467530382106358e-03
3.298153523214948564e+03 1.234332393513659198e+01 4.996894547944813643e-03
3.298155837994246667e+03 1.235877574999634909e+01 5.066809783685593226e-03
3.298158152774010432e+03 1.235214668608493405e+01 5.041949504608339919e-03
3.298160467553308990e+03 1.234992557874848629e+01 5.034091574291166792e-03
3.298162782333073665e+03 1.235006395570703219e+01 5.036398934724502750e-03
3.298165097112371768e+03 1.235056695835397456e+01 5.029686983105851293e-03
3.298167411892136442e+03 1.234704232115284661e+01 5.016091164494209352e-03
3.298169726671435456e+03 1.234421578870460223e+01 5.008225317153069261e-03
3.298172041450734014e+03 1.235118580095863372e+01 5.033291713857209956e-03
3.298174356230032572e+03 1.236284883008719149e+01 5.091233506877464177e-03
3.298176671009798156e+03 1.236231474033242073e+01 5.087114883837899788e-03
3.298178985789096259e+03 1.235147646990874648e+01 5.039617180575604524e-03
3.298181300568394818e+03 1.234542198968398274e+01 5.006095406324177766e-03
3.298183615347693831e+03 1.234315688745151363e+01 4.994440354078347535e-03
3.298185930126992844e+03 1.234884871338288015e+01 5.026898292661024018e-03
3.298188244906291402e+03 1.236452441764028443e+01 5.095172494246356758e-03
3.298190559685589960e+03 1.235506214326297858e+01 5.048221278758692650e-03
3.298192874464888973e+03 1.233520712783151652e+01 4.959251214561118462e-03
3.298195189243721870e+03 1.235122967011504258e+01 5.030756645369172976e-03
3.298197504023020429e+03 1.234382974292239155e+01 4.999923553863476651e-03
3.298199818802318987e+03 1.234909106990720673e+01 5.023702767717310412e-03
3.298202133581618000e+03 1.234109036891879718e+01 4.993531180813772646e-03
3.298204448360450897e+03 1.234798861377306167e+01 5.019766865128070903e-03
3.298206763139749910e+03 1.233902307553203848e+01 4.987273682126090388e-03
3.298209077918583716e+03 1.233970253670153738e+01 4.984161431412965221e-03
3.298211392697882729e+03 1.234179959620229994e+01 4.994701091814515888e-03
3.298213707476715626e+03 1.236815363839327375e+01 5.108392627995406339e-03
3.298216022256013275e+03 1.235415465487269238e+01 5.047512030402712124e-03
3.298218337034847082e+03 1.236053111666115889e+01 5.074478955068838573e-03
3.298220651813680433e+03 1.236345542524175123e+01 5.091970678561501609e-03
3.298222966592978537e+03 1.234374701414572328e+01 4.998738169637506265e-03
3.298225281371811889e+03 1.235535292981156807e+01 5.059014588363837384e-03
3.298227596150645695e+03 1.234749098296162373e+01 5.017592341302547394e-03
3.298229910929478137e+03 1.233843114149290443e+01 4.981921700096992797e-03
3.298232225708311034e+03 1.236704924370583747e+01 5.114095934405993478e-03
3.298234540487143931e+03 1.234606312871702016e+01 5.009558236926451441e-03
3.298236855265977283e+03 1.233625481259078782e+01 4.971632829680863210e-03
3.298239170044810635e+03 1.234724321468555175e+01 5.013754269341201726e-03
3.298241484823643987e+03 1.236294807158117592e+01 5.082212641920740535e-03
3.298243799602476884e+03 1.235642373600547472e+01 5.055102760081879067e-03
3.298246114380844119e+03 1.234131789556105119e+01 4.987834285698091938e-03
3.298248429159676562e+03 1.236360877847707407e+01 5.095153262069779775e-03
3.298250743938509913e+03 1.236396448864999087e+01 5.087322632031020427e-03
3.298253058716877604e+03 1.231794053632517105e+01 4.882965441620971958e-03
3.298255373495710501e+03 1.234470931115303927e+01 5.004469771942366904e-03
3.298257688274077736e+03 1.237272510198492270e+01 5.134229892491079875e-03
3.298260003052911543e+03 1.237197708549605935e+01 5.131763846163882141e-03
3.298262317831278779e+03 1.236757310239582175e+01 5.107403349670041996e-03
3.298264632610111221e+03 1.235641450096650651e+01 5.055224188305112477e-03
3.298266947388478911e+03 1.235411773867348373e+01 5.049225130869715306e-03
3.298269262166847511e+03 1.235870455875750373e+01 5.070955869961426069e-03
3.298271576945679953e+03 1.232709013628772610e+01 4.922994775920713079e-03
3.298273891724046734e+03 1.234773227365540293e+01 5.020107638752739285e-03
3.298276206502414425e+03 1.233668465540531756e+01 4.964815153101340660e-03
3.298278521280782570e+03 1.235044893812103695e+01 5.030149699286529975e-03
3.298280836059148896e+03 1.236666963440753619e+01 5.106886810385876177e-03
3.298283150837517042e+03 1.234119559379122499e+01 4.995475402886470802e-03
3.298285465615884277e+03 1.236073727754458318e+01 5.073964256892015724e-03
3.298287780394252422e+03 1.233813931222756466e+01 4.973676830328074318e-03
3.298290095172619658e+03 1.235673842018597846e+01 5.059277647353635152e-03
3.298292409950986894e+03 1.233802749445491465e+01 4.970164470038149034e-03
3.298294724728888923e+03 1.235342047300047774e+01 5.040659198680201049e-03
3.298297039507256159e+03 1.235494594208600105e+01 5.049614803761531302e-03
3.298299354285623394e+03 1.235660257512604865e+01 5.056774478535655537e-03
3.298301669063525424e+03 1.237162567510871547e+01 5.125784812094570826e-03
3.298303983841892659e+03 1.234834369401843190e+01 5.021235404758985638e-03
3.298306298620259440e+03 1.235213293096932397e+01 5.035930513658189861e-03
3.298308613398161469e+03 1.234838989215755944e+01 5.021600585884620528e-03
3.298310928176063499e+03 1.236881374331749583e+01 5.114070870288066513e-03
3.298313242954430279e+03 1.234746211257210824e+01 5.015041497208798035e-03
3.298315557732331854e+03 1.235932193646558908e+01 5.066143347132053519e-03
3.298317872510700454e+03 1.235393451420450361e+01 5.045747655710625286e-03
3.298320187288602028e+03 1.235004771471816198e+01 5.027443530972779996e-03
3.298322502066503603e+03 1.234302938006099737e+01 4.997077914659935408e-03
3.298324816844405632e+03 1.235638946195454579e+01 5.055137639746611934e-03
3.298327131622307661e+03 1.236006460875029411e+01 5.071197160310658356e-03
3.298329446400208326e+03 1.234804530545892653e+01 5.020613260802717255e-03
3.298331761178111265e+03 1.235547689036986974e+01 5.051695410542454343e-03
3.298334075956012384e+03 1.233812002580138234e+01 4.970806194254900716e-03
3.298336390733914413e+03 1.235697721675040839e+01 5.058074419077393524e-03
3.298338705511815533e+03 1.237722263921336818e+01 5.156436539535937114e-03
3.298341020289718017e+03 1.237027742956685117e+01 5.121746611135212686e-03
3.298343335067620501e+03 1.235005074822426785e+01 5.025516732591188071e-03
3.298345649845055959e+03 1.235478312592774053e+01 5.044797170641874932e-03
3.298347964622957534e+03 1.235825667035723363e+01 5.064994857765789567e-03
3.298350279400859563e+03 1.234245674275715565e+01 4.990384595003261557e-03
3.298352594178295476e+03 1.235119323417650072e+01 5.031901330520819129e-03
3.298354908956197505e+03 1.235251003003335413e+01 5.037346650328611113e-03
3.298357223733633418e+03 1.234770634532113576e+01 5.018688947172648789e-03
3.298359538511535447e+03 1.235319351118259057e+01 5.046820491686580812e-03
3.298361853288970906e+03 1.234817909170955552e+01 5.018869353755279865e-03
3.298364168066406364e+03 1.235685999468410756e+01 5.059795419935935595e-03
3.298366482844308848e+03 1.233142742430121430e+01 4.943012260599823071e-03
3.298368797621745216e+03 1.234766956880756616e+01 5.017379692644491872e-03
3.298371112399181129e+03 1.234793554510812186e+01 5.019569986998802767e-03
3.298373427176617497e+03 1.234504318662621358e+01 5.007643070682260382e-03
3.298375741954053865e+03 1.233285497635891659e+01 4.953458465340246364e-03
3.298378056731955439e+03 1.234636961434049951e+01 5.018035607733921030e-03
3.298380371509390898e+03 1.236601103923964295e+01 5.110559119851591087e-03
3.298382686286827266e+03 1.234772801411071796e+01 5.020217189500802632e-03
3.298385001063797972e+03 1.233809087632581658e+01 4.975160953340813583e-03
3.298387315841233431e+03 1.235442995632499041e+01 5.046580526642952501e-03
3.298389630618669798e+03 1.234995790695332651e+01 5.027424609494257970e-03
3.298391945396106621e+03 1.235045479118496914e+01 5.036069025775078908e-03
3.298394260173542534e+03 1.234738090496955465e+01 5.019691647479958274e-03
3.298396574950511877e+03 1.235272670081582014e+01 5.043570136884844429e-03
3.298398889727949154e+03 1.234128096615846637e+01 4.986265774469788789e-03
3.298401204505385522e+03 1.235264514456935281e+01 5.036675372465060536e-03
3.298403519282355319e+03 1.232975665996627335e+01 4.933108954441832276e-03
3.298405834059792141e+03 1.232958475565777512e+01 4.940341156066910266e-03
3.298408148836762393e+03 1.235903694290143306e+01 5.070865454688912310e-03
3.298410463614198306e+03 1.235159226600493909e+01 5.030586920501829359e-03
3.298412778391168558e+03 1.235610299498168629e+01 5.056298905801828378e-03
3.298415093168138810e+03 1.236039049937440382e+01 5.074353409441545969e-03
3.298417407945109971e+03 1.234795289308466337e+01 5.015687012844207912e-03
3.298419722722545430e+03 1.232628073769503274e+01 4.920371421801907411e-03
3.298422037499515682e+03 1.236661028135216789e+01 5.098261247513420115e-03
3.298424352276485934e+03 1.235371459729213584e+01 5.038038987394628625e-03
3.298426667053457095e+03 1.235474346821196789e+01 5.049590900208632098e-03
3.298428981830427347e+03 1.234436700729052383e+01 5.003649824385406931e-03
3.298431296607398508e+03 1.236213249600631237e+01 5.087777438174641460e-03
3.298433611384369215e+03 1.233909230126322853e+01 4.980863100625655682e-03
3.298435926161339012e+03 1.235260354216412892e+01 5.042395358715694165e-03
3.298438240938308809e+03 1.232985456800915713e+01 4.936793593473892509e-03
3.298440555715279970e+03 1.234771989203115261e+01 5.013912320132323137e-03
3.298442870491785015e+03 1.234840014374910666e+01 5.022701804548252748e-03
3.298445185268754358e+03 1.234290289017298647e+01 5.004665656620688532e-03
3.298447500045725064e+03 1.235526658345488293e+01 5.053986454657467819e-03
3.298449814822230564e+03 1.234925249249334911e+01 5.022249293781822985e-03
3.298452129599199907e+03 1.235460690545727758e+01 5.054186021741314920e-03
3.298454444375704952e+03 1.233722627483860990e+01 4.967828841302669544e-03
3.298456759152676113e+03 1.234972487163594934e+01 5.026887011267994199e-03
3.298459073929181159e+03 1.234377207182450142e+01 5.005759164597638720e-03
3.298461388706150956e+03 1.236295462894339892e+01 5.086288553178289207e-03
3.298463703482656001e+03 1.234086968804323625e+01 4.988737197622277950e-03
3.298466018259161501e+03 1.234102158801907656e+01 4.990976081306725508e-03
3.298468333036130844e+03 1.234042225421591787e+01 4.993007251590298769e-03
3.298470647812635434e+03 1.235654645195353929e+01 5.053863648759455464e-03
3.298472962589140479e+03 1.234362728300355272e+01 5.000701054779442024e-03
3.298475277365645525e+03 1.235314072951834241e+01 5.048738530496391270e-03
3.298477592142150115e+03 1.235176464954461473e+01 5.044415630286636261e-03
3.298479906918656070e+03 1.233984101646653819e+01 4.988620290207732878e-03
3.298482221695160661e+03 1.233459764835208006e+01 4.961291244522426230e-03
3.298484536471664796e+03 1.235162138712439273e+01 5.044876321639964016e-03
3.298486851248169387e+03 1.235110046469350742e+01 5.038890778048949783e-03
3.298489166024674432e+03 1.234757145604768525e+01 5.022192016517665683e-03
3.298491480801179478e+03 1.234571482082576033e+01 5.007315622241553452e-03
3.298496110353722543e+03 1.236682808452384918e+01 5.103064108560093244e-03
3.298498425130228043e+03 1.234967156819088174e+01 5.020468988640962651e-03
3.298500739906266972e+03 1.234995916140238492e+01 5.021838967500717385e-03
3.298503054682771563e+03 1.234797872872319680e+01 5.019151513521227619e-03
3.298505369458810492e+03 1.237622869450417440e+01 5.145245786424842462e-03
3.298507684235315992e+03 1.233670784124048581e+01 4.964878614373584818e-03
3.298509999011354921e+03 1.237933362852339769e+01 5.163348987744239595e-03
3.298512313787859512e+03 1.236037832487892096e+01 5.077925337846484789e-03
3.298514628563898441e+03 1.235283429885958384e+01 5.037048554689236082e-03
3.298516943339937370e+03 1.235430956530795044e+01 5.044014472526074135e-03
3.298519258116442415e+03 1.235581256702175779e+01 5.049356475143894352e-03
3.298521572892481345e+03 1.235207320561687894e+01 5.037033833735161427e-03
3.298523887668521184e+03 1.234895224907215905e+01 5.019585863605809280e-03
3.298526202444559203e+03 1.235547972412989992e+01 5.054676139158901550e-03
3.298528517220598587e+03 1.235739103332243971e+01 5.062074759648983215e-03
3.298530831996637971e+03 1.236015818676811229e+01 5.070198857613967408e-03
3.298533146772676901e+03 1.234394128559013915e+01 4.997101967489587029e-03
3.298535461548716285e+03 1.237348621950668459e+01 5.133361766528541509e-03
3.298537776324756123e+03 1.234603681193001101e+01 5.007636418834122971e-03
3.298540091100795507e+03 1.235749878334881124e+01 5.062912877015758768e-03
3.298542405876368321e+03 1.237238048384237210e+01 5.123471323687108468e-03
3.298544720652406795e+03 1.235897498065746447e+01 5.067149103311346416e-03
3.298547035428446634e+03 1.234606360091737720e+01 5.004370140119695533e-03
3.298549350204486018e+03 1.233232433488520030e+01 4.947559186615419109e-03
3.298551664980058376e+03 1.236530511174926517e+01 5.093028876301961862e-03
3.298553979756097760e+03 1.235670490107807140e+01 5.056035070818937910e-03
3.298556294531671938e+03 1.232954475359124480e+01 4.935864919524840695e-03
3.298558609307710412e+03 1.233647719528693543e+01 4.968305107785669396e-03
3.298560924083284590e+03 1.236168972777165642e+01 5.080288177691801021e-03
3.298563238859323974e+03 1.233108906223882251e+01 4.939364959703771221e-03
3.298565553634897697e+03 1.235214022269185996e+01 5.037585432703010381e-03
3.298567868410470510e+03 1.235006089079720404e+01 5.030341776246392491e-03
3.298570183186043323e+03 1.234302820245870436e+01 5.003789391916888506e-03
3.298572497962083162e+03 1.235983051417524869e+01 5.073344944222413395e-03
3.298574812737656430e+03 1.234642022481055257e+01 5.011453364505645200e-03
3.298577127513229243e+03 1.234598396463781356e+01 5.015939189314175088e-03
3.298579442288803421e+03 1.236135555435246758e+01 5.093027758663664847e-03
3.298581757064377598e+03 1.236012048875414315e+01 5.073646555540002254e-03
3.298584071839949956e+03 1.235167604608887615e+01 5.039485735724372716e-03
3.298586386615522315e+03 1.236290436085248245e+01 5.099381525738647981e-03
3.298588701391096492e+03 1.234346061057793520e+01 5.002953438885224258e-03
3.298591016166671125e+03 1.236123255527887821e+01 5.078406796341986863e-03
3.298593330942243938e+03 1.235676744739093103e+01 5.059107551590292726e-03
3.298595645717351999e+03 1.233927343593509285e+01 4.985133443010023729e-03
3.298597960492925267e+03 1.234772801222904981e+01 5.017638890926905647e-03
3.298600275268498990e+03 1.234688355556930617e+01 5.021150547618640804e-03
3.298602590043606597e+03 1.232713888502426514e+01 4.928384008628636931e-03
3.298604904819179865e+03 1.235583325528078902e+01 5.059627025718981333e-03
3.298607219594753587e+03 1.234949646920956923e+01 5.027711279616409699e-03
3.298609534369860739e+03 1.235051308747311793e+01 5.030699771785232532e-03
3.298611849145434462e+03 1.235841320864829385e+01 5.069847040065068172e-03
3.298614163920542978e+03 1.233291966824473107e+01 4.950957907351863536e-03
3.298616478695651040e+03 1.235865641123697856e+01 5.069424607490370834e-03
3.298618793471223398e+03 1.233803911273031950e+01 4.976459417747185719e-03
3.298621108246331914e+03 1.234000787431630464e+01 4.986506493732600735e-03
3.298623423021439976e+03 1.234898938776207800e+01 5.030191820385909209e-03
3.298625737796547583e+03 1.234307887153793715e+01 5.001130916952734561e-03
3.298628052572120851e+03 1.234464924449635248e+01 5.009888207527463631e-03
3.298630367347228912e+03 1.234971514269530424e+01 5.026737657104417625e-03
3.298632682122336519e+03 1.234293902490821360e+01 4.997490799794822650e-03
3.298634996897444125e+03 1.234693067993408988e+01 5.011806313668972467e-03
3.298637311672551732e+03 1.235131164760183786e+01 5.036627013184178693e-03
3.298639626447659793e+03 1.234649488429787390e+01 5.014803666232747759e-03
3.298641941222767855e+03 1.234522117174907763e+01 5.010909350110236832e-03
3.298644255997875462e+03 1.233869244527380538e+01 4.983531518878696331e-03
3.298646570772517862e+03 1.233529020561405787e+01 4.965936478541467525e-03
3.298648885547625923e+03 1.233806779569219714e+01 4.975446740218152086e-03
3.298651200322733530e+03 1.237583365199433239e+01 5.152619382229324356e-03
3.298653515097841591e+03 1.235367704848279047e+01 5.052700598293361281e-03
3.298655829872483991e+03 1.234334894004625838e+01 5.001005173257607253e-03
3.298658144647590234e+03 1.236186101830830886e+01 5.083877824474987081e-03
3.298660459422697841e+03 1.233529009173416746e+01 4.960573602434885203e-03
3.298662774197340696e+03 1.235089842954784700e+01 5.044241932789773897e-03
3.298665088972448302e+03 1.235098917002299856e+01 5.035005155230263922e-03
3.298667403747090248e+03 1.236194669458072504e+01 5.087818880035463801e-03
3.298669718521733103e+03 1.233174109086503911e+01 4.956439705899487284e-03
3.298672033296841619e+03 1.233636609759187053e+01 4.971549156892020663e-03
3.298674348071483564e+03 1.233875074783768433e+01 4.982447971167827672e-03
3.298676662846125055e+03 1.236023987356350418e+01 5.076546413966819514e-03
3.298678977621233116e+03 1.233247699697511912e+01 4.953932792379284016e-03
3.298681292395875516e+03 1.233212125437067641e+01 4.953350472703903391e-03
3.298683607170517007e+03 1.235224194529839359e+01 5.044430390321066188e-03
3.298685921945159407e+03 1.232989522048004005e+01 4.944615776726080450e-03
3.298688236719801353e+03 1.235519448981660062e+01 5.052868950989375212e-03
3.298690551494443298e+03 1.236273846065072846e+01 5.090455510320954571e-03
3.298692866269085243e+03 1.234472440029351858e+01 5.015100032201271797e-03
3.298695181043728098e+03 1.235350390098252227e+01 5.050486654676110930e-03
3.298697495818370953e+03 1.234108597390888029e+01 4.988133977377039174e-03
3.298699810593012444e+03 1.237098983470513680e+01 5.125916312698835034e-03
3.298702125367654844e+03 1.234080096378859182e+01 4.993326837344620912e-03
3.298704440142297244e+03 1.234381635763545937e+01 5.005682683004959027e-03
3.298706754916473528e+03 1.234148784209533289e+01 5.006042577579620026e-03
3.298709069691115019e+03 1.234007642682846573e+01 4.988477112290108477e-03
3.298711384465757419e+03 1.233141671510386672e+01 4.946141773289363351e-03
3.298713699239934613e+03 1.236310050457605136e+01 5.091701779633478996e-03
3.298716014014576103e+03 1.234262906012477323e+01 5.000236878722795833e-03
3.298718328789217594e+03 1.235047456152450707e+01 5.030825674145119990e-03
3.298720643563393878e+03 1.234156779562873041e+01 4.991868140835114404e-03
3.298722958338037643e+03 1.235722537587349024e+01 5.069821484081583375e-03
3.298725273112213472e+03 1.234644461299114226e+01 5.016433727395757172e-03
3.298727587886390211e+03 1.233471927885138442e+01 4.966863694075272263e-03
3.298729902661032611e+03 1.235213812179184245e+01 5.046810606087415163e-03
3.298732217435208440e+03 1.236706954901353583e+01 5.115123853951984711e-03
3.298734532209384270e+03 1.233016001816634954e+01 4.945701028865787628e-03
3.298736846984027125e+03 1.235693177571229917e+01 5.063558123522266322e-03
3.298739161758203409e+03 1.232991620297590529e+01 4.948321802478982886e-03
3.298741476532379693e+03 1.233744414990268545e+01 4.983384143937862054e-03
3.298743791306556432e+03 1.232813289686786895e+01 4.942298467201030818e-03
3.298746106080733171e+03 1.234704736865120012e+01 5.027091836765653320e-03
3.298748420854909000e+03 1.235138368112113305e+01 5.040186270795066377e-03
3.298750735629084829e+03 1.232894978511126638e+01 4.947102789985288220e-03
3.298753050403262478e+03 1.234342042552995977e+01 5.010527204356260943e-03
3.298755365177439671e+03 1.233318110290132807e+01 4.959929188046911450e-03
3.298757679951615501e+03 1.232236209881224909e+01 4.917107720581801247e-03
3.298759994725792239e+03 1.234476985250126013e+01 5.019216098698047954e-03
3.298762309499968978e+03 1.232070787527161571e+01 4.912306067100977516e-03
3.298764624273679601e+03 1.232788447482293215e+01 4.944911754166902290e-03
3.298766939047855431e+03 1.234622480658913268e+01 5.021857996461554126e-03
3.298769253822032169e+03 1.232459786047763295e+01 4.928240703859586465e-03
3.298771568596208454e+03 1.233477821843221633e+01 4.977201067469043914e-03
3.298773883369919531e+03 1.233066877903835667e+01 4.955378713456879379e-03
3.298776198144096270e+03 1.231314726811773141e+01 4.889999063405064093e-03
3.298778512917807348e+03 1.233287549151168783e+01 4.966730807100422015e-03
3.298780827691983632e+03 1.232103082631695656e+01 4.915466251807020827e-03
3.298783142465694254e+03 1.231248698488584381e+01 4.871025130699956247e-03
3.298785457239870993e+03 1.231971548693203466e+01 4.910084551170090794e-03
3.298787772013582071e+03 1.229523061503264358e+01 4.804251683770736914e-03
3.298790086787292239e+03 1.232022736340640989e+01 4.910713742006815076e-03
3.298792401561468523e+03 1.232061127441047788e+01 4.915130111210140249e-03
3.298794716335179601e+03 1.232164029154658813e+01 4.922337701345117118e-03
3.298797031108890224e+03 1.232569770951604760e+01 4.946892346019849535e-03
3.298799345883066508e+03 1.231461274860397026e+01 4.888544880377649997e-03
3.298801660656777130e+03 1.229834125944304901e+01 4.819878805897197596e-03
3.298803975430489118e+03 1.230521513172715231e+01 4.847324986562523592e-03
3.298806290204199286e+03 1.230541836472925787e+01 4.853734541472642938e-03
3.298808604977909454e+03 1.231340127812587326e+01 4.894107721387368215e-03
3.298810919751620986e+03 1.232781605814768078e+01 4.950274526713722284e-03
3.298813234525332064e+03 1.232089148822295499e+01 4.921754964296488552e-03
3.298815549299042686e+03 1.231455554606033331e+01 4.891488585741948260e-03
3.298817864072752855e+03 1.231938539877589811e+01 4.918172191156633226e-03
3.298820178846464387e+03 1.231828547668571261e+01 4.907615696918741187e-03
3.298822493620175010e+03 1.230051687058169563e+01 4.833128967730609959e-03
3.298824808393885633e+03 1.231230474763674287e+01 4.885181001622389448e-03
3.298827123167131049e+03 1.229875536185470608e+01 4.822790824927573709e-03
3.298829437940842581e+03 1.232123798732700060e+01 4.918110083991115121e-03
3.298831752714552749e+03 1.230716401263591031e+01 4.857891279397660855e-03
3.298834067488263827e+03 1.232141958809460647e+01 4.925513028408799905e-03
3.298836382261509243e+03 1.232030060857989717e+01 4.919059590176752018e-03
3.298838697035219411e+03 1.231067588378915723e+01 4.873605130723073463e-03
3.298841011808464373e+03 1.230939499744207843e+01 4.869958347576726701e-03
3.298843326582175450e+03 1.229118351739924364e+01 4.790573759477039645e-03
3.298845641355420867e+03 1.231746866930481588e+01 4.906435172703721773e-03
3.298847956129131489e+03 1.230984325473828278e+01 4.881410394567221867e-03
3.298850270902376451e+03 1.231933767059311258e+01 4.915204434656583569e-03
3.298852585676087983e+03 1.232348438609925978e+01 4.928234975008576567e-03
3.298854900449332490e+03 1.230566192937613579e+01 4.854798937464537001e-03
3.298857215223043113e+03 1.232199056668617487e+01 4.929176848630786693e-03
3.298859529996288984e+03 1.232201299915313442e+01 4.924876381235355691e-03
3.298861844769534400e+03 1.230605670698649057e+01 4.860175413581691896e-03
3.298864159542778907e+03 1.231626294657957033e+01 4.903897282237570064e-03
3.298866474316489530e+03 1.232030080920722348e+01 4.922764609387484530e-03
3.298868789089734491e+03 1.232755337056873124e+01 4.955319384560987785e-03
3.298871103862979908e+03 1.234230847979243961e+01 5.018247142012387078e-03
3.298873418636224415e+03 1.232245944265704374e+01 4.929381266459667739e-03
3.298875733409469831e+03 1.231706112656973140e+01 4.903632995751021351e-03
3.298878048182715702e+03 1.229876364557411428e+01 4.822995370864348839e-03
3.298880362955960663e+03 1.229849237524303973e+01 4.824316206934665952e-03
3.298882677729205170e+03 1.230362809671288993e+01 4.844079322724586904e-03
3.298884992502451041e+03 1.231021965583228628e+01 4.871302270062563555e-03
3.298887307275696458e+03 1.233349347313117050e+01 4.977262679499333195e-03
3.298889622048941419e+03 1.231113679914305337e+01 4.880550396000657605e-03
3.298891936822186381e+03 1.231913431295580885e+01 4.911459571934511867e-03
3.298894251595432252e+03 1.230471744187692451e+01 4.851165605976672651e-03
3.298896566368211552e+03 1.232195613568839043e+01 4.920106615492154251e-03
3.298898881141456059e+03 1.233533012647868965e+01 4.984666504052822494e-03
3.298901195914701475e+03 1.232424699381252609e+01 4.938264271758873586e-03
3.298903510687946437e+03 1.232007213235244691e+01 4.919116068080447816e-03
3.298905825460725282e+03 1.233241677447202278e+01 4.974382787073230658e-03
3.298908140233971153e+03 1.229920746128011011e+01 4.822558401117817140e-03
3.298910455006751363e+03 1.233136856637723255e+01 4.962298895932340873e-03
3.298912769779996779e+03 1.232290461334066478e+01 4.924401034690184878e-03
3.298915084553240831e+03 1.231562098313392362e+01 4.889265415863036993e-03
3.298917399326021041e+03 1.231638845328409282e+01 4.901581279322148217e-03
3.298919714099266457e+03 1.231987755605998025e+01 4.909065952111452830e-03
3.298922028872045303e+03 1.232904736033459336e+01 4.956047343597945985e-03
3.298924343644825058e+03 1.231277951709681240e+01 4.878604027637218829e-03
3.298926658418070474e+03 1.233232534824285054e+01 4.971611211763636053e-03
3.298928973190849320e+03 1.232413226046021038e+01 4.930665436446711979e-03
3.298931287964094736e+03 1.231138233071483512e+01 4.873156943880762627e-03
3.298933602736874036e+03 1.233687721014606886e+01 4.987256809131238380e-03
3.298935917509654701e+03 1.233472549639254012e+01 4.978222995829585489e-03
3.298938232282433546e+03 1.232728282572985634e+01 4.942700261627663502e-03
3.298940547055678053e+03 1.231304619205103279e+01 4.882375962420234215e-03
3.298942861828457353e+03 1.232240701838093422e+01 4.922399107454723116e-03
3.299162765195943393e+03 1.232955998954883370e+01 4.936603846423128980e-03
3.299165079967791826e+03 1.236708723630024309e+01 5.109760106821735134e-03
3.299167394739640713e+03 1.236075592427258840e+01 5.083586570201545016e-03
3.299169709511488691e+03 1.234055039175518509e+01 4.985009490810885305e-03
3.299172024283801875e+03 1.234812516515064296e+01 5.018042989375664197e-03
3.299174339055651672e+03 1.234273234022790966e+01 4.993437690638158517e-03
3.299176653827499649e+03 1.234578422744314530e+01 5.014375894853704760e-03
3.299178968599347172e+03 1.234835603040786545e+01 5.019981179868529542e-03
3.299181283371195605e+03 1.234751097296737044e+01 5.017392851854881632e-03
3.299183598143044037e+03 1.234267385010522133e+01 4.990986987645868941e-03
3.299185912914891560e+03 1.235106973247017059e+01 5.034396715375553076e-03
3.299188227686739992e+03 1.235848293038853285e+01 5.063993166596741750e-03
3.299190542458588425e+03 1.236140282043076688e+01 5.079407051978393137e-03
3.299192857230435948e+03 1.236532834569743144e+01 5.101202050393122828e-03
3.299195172002283925e+03 1.235648882888428446e+01 5.062923053350561371e-03
3.299197486774131903e+03 1.235007821244885129e+01 5.031388758955872460e-03
3.299199801545981700e+03 1.234504735750875781e+01 5.000848418282594771e-03
3.299202116317829677e+03 1.236212583928790565e+01 5.087320565495475309e-03
3.299204431089678110e+03 1.234676038409364551e+01 5.010897036716966541e-03
3.299206745861526542e+03 1.235528649612297336e+01 5.051500597828906605e-03
3.299209060633374065e+03 1.236053625507840792e+01 5.074047143057682820e-03
3.299211375405221588e+03 1.236114979996725616e+01 5.084378895823637133e-03
3.299213690177070021e+03 1.237466970353059637e+01 5.143584872945158523e-03
3.299216004948918453e+03 1.234394109652679283e+01 5.005321413201014279e-03
3.299218319720766431e+03 1.234580855024582391e+01 5.010899079157251149e-03
3.299220634492614408e+03 1.235555151133473117e+01 5.053481976939756815e-03
3.299222949264462841e+03 1.232680570724467373e+01 4.924051393980813721e-03
3.299225264035845612e+03 1.234529411559478795e+01 5.008957701202697115e-03
3.299227578807693590e+03 1.235577484756404765e+01 5.056172166680215907e-03
3.299229893579542022e+03 1.234609748865528189e+01 5.013987359271845044e-03
3.299232208351390000e+03 1.235516328914019013e+01 5.061766463046077705e-03
3.299234523123237977e+03 1.233695608072717675e+01 4.974723258385826095e-03
3.299236837895085500e+03 1.236296847804312904e+01 5.095840425786321050e-03
3.299239152666933933e+03 1.231090006256224534e+01 4.857972504750909803e-03
3.299241467438316249e+03 1.234784477738577380e+01 5.017336993754657401e-03
3.299243782210164682e+03 1.235274212194673460e+01 5.051214814015199915e-03
3.299246096982013114e+03 1.234268624832722949e+01 5.004345490397276927e-03
3.299248411753861546e+03 1.234219826881315996e+01 4.996843688263807003e-03
3.299250726525709979e+03 1.234691323809776797e+01 5.018771660225982388e-03
3.299253041297557502e+03 1.236753595717005183e+01 5.117639119643190536e-03
3.299255356068940273e+03 1.234866223209162328e+01 5.034552840121800550e-03
3.299257670840788705e+03 1.232855477611825989e+01 4.948267544281377897e-03
3.299259985612636683e+03 1.234543922016573347e+01 5.014396645379779957e-03
3.299262300384485116e+03 1.233718402775775935e+01 4.976846395479961327e-03
3.299266929927715410e+03 1.233301369859519170e+01 4.967147360697210697e-03
3.299269244699562933e+03 1.235327318458430490e+01 5.048614611922759739e-03
3.299271559471411365e+03 1.233913851411291063e+01 4.984618577819706700e-03
3.299273874242794591e+03 1.235151273358070512e+01 5.052101949503546782e-03
3.299276189014642569e+03 1.234807934106164140e+01 5.025034962519525292e-03
3.299278503786491001e+03 1.234222167006825899e+01 5.002975143528791066e-03
3.299280818558339433e+03 1.235558839802280673e+01 5.068394916055279746e-03
3.299283133329721750e+03 1.233448022591278992e+01 4.967756865032535440e-03
3.299285448101569273e+03 1.233514495146647683e+01 4.973713473730882045e-03
3.299287762873418160e+03 1.234597739420568274e+01 5.024292284740734978e-03
3.299290077645266592e+03 1.233904415493257645e+01 4.987111675588122572e-03
3.299292392416648454e+03 1.231692047558834524e+01 4.890547961787349712e-03
3.299294707188496432e+03 1.234250651079305783e+01 5.002687613952713774e-03
3.299297021960344864e+03 1.236394341071177472e+01 5.100698879225427571e-03
3.299299336732192387e+03 1.233655589550138032e+01 4.982455182858313777e-03
3.299301651503574249e+03 1.236016585969986536e+01 5.075373950999021930e-03
3.299303966275423136e+03 1.233622394732594074e+01 4.975229427125223494e-03
3.299306281047272478e+03 1.233886901360973098e+01 4.989374604193360686e-03
3.299308595818654794e+03 1.234979159281109773e+01 5.036658006767533863e-03
3.299310910590501862e+03 1.234480016091240273e+01 5.014423341355294349e-03
3.299313225362350295e+03 1.236407910703191249e+01 5.117298107835372735e-03
3.299315540133733521e+03 1.234544624876044772e+01 5.012781366277967166e-03
3.299317854905581498e+03 1.234368580565570284e+01 5.012062819244758258e-03
3.299320169677429476e+03 1.233960795011442357e+01 4.990586137191651249e-03
3.299322484448812247e+03 1.234475746088737402e+01 5.012445422473640194e-03
3.299324799220659770e+03 1.234895282240852410e+01 5.036062396581812532e-03
3.299327113992507293e+03 1.234344287762821502e+01 5.003105899086317428e-03
3.299329428764355725e+03 1.236271783459568674e+01 5.093263911276471601e-03
3.299331743535739406e+03 1.233382754776353885e+01 4.959894661360287130e-03
3.299334058307587384e+03 1.234476067278320954e+01 5.011447956721102118e-03
3.299336373079436271e+03 1.233354846153527973e+01 4.958451465314131848e-03
3.299338687850818587e+03 1.234246845687169980e+01 4.998432115742731073e-03
3.299341002622666565e+03 1.236546948863697537e+01 5.105651744117764047e-03
3.299343317394514543e+03 1.236242356922650920e+01 5.098649169366884469e-03
3.299345632165896859e+03 1.235802013143127454e+01 5.076474140868524401e-03
3.299347946937745292e+03 1.233331691489006943e+01 4.962776192607062584e-03
3.299350261709592814e+03 1.235008696554187679e+01 5.035448575544484127e-03
3.299352576480976040e+03 1.235035083063849193e+01 5.036835477381188322e-03
3.299354891252824473e+03 1.233869420454325017e+01 4.984020814392919017e-03
3.299357206024672450e+03 1.233880658402278208e+01 4.985506378204050335e-03
3.299359520796520428e+03 1.235409785190107179e+01 5.056843621415315140e-03
3.299361835567902745e+03 1.236037290077754136e+01 5.078775506528365041e-03
3.299364150339751632e+03 1.235869682911810763e+01 5.072737490896083237e-03
3.299366465111599155e+03 1.234294227231776020e+01 5.008674887331926104e-03
3.299368779882981471e+03 1.234454900738286121e+01 5.007324870036699432e-03
3.299371094654829903e+03 1.234585948323674387e+01 5.018834921586343492e-03
3.299373409426677881e+03 1.233738861780159901e+01 4.979002417340010374e-03
3.299375724198060198e+03 1.234545358638066759e+01 5.015938718534042329e-03
3.299378038969908630e+03 1.235081009836309107e+01 5.036769290466835448e-03
3.299380353741757062e+03 1.235345916255274012e+01 5.050678387566381183e-03
3.299382668513605495e+03 1.235088507249919942e+01 5.036410029878874393e-03
3.299384983284987356e+03 1.234514038758884347e+01 5.019466665337337513e-03
3.299387298056835789e+03 1.234272073765091093e+01 5.000799050680120907e-03
3.299389612828684221e+03 1.234916213284315134e+01 5.028738142642898840e-03
3.299391927600531744e+03 1.234026528815436308e+01 4.990332248236637076e-03
3.299394242371914970e+03 1.232084734991513209e+01 4.904261373342226962e-03
3.299396557143762948e+03 1.234980206543369086e+01 5.032784554908057220e-03
3.299398871915610925e+03 1.234229279894527664e+01 4.998081734810485600e-03
3.299401186687458448e+03 1.235372355283129409e+01 5.054276355461573278e-03
3.299403501458841674e+03 1.234075013582889291e+01 4.990190284719568485e-03
3.299405816230690107e+03 1.236621980537356436e+01 5.106925440024799590e-03
3.299408131002538539e+03 1.236535887176674819e+01 5.111628040769125060e-03
3.299410445774386972e+03 1.234911690507285797e+01 5.028144825739930442e-03
3.299412760545769288e+03 1.234876021288784465e+01 5.028226083228628206e-03
3.299415075317617266e+03 1.234652958721441607e+01 5.023937427774027159e-03
3.299417390089464789e+03 1.236962595539863408e+01 5.121844632369812293e-03
3.299419704861313676e+03 1.235186957792963902e+01 5.047916870084344365e-03
3.299422019633162108e+03 1.234864242345428131e+01 5.027976177411109214e-03
3.299424334404543970e+03 1.234977141401158640e+01 5.030835234702487474e-03
3.299426649176392402e+03 1.234997138838026309e+01 5.036308282697789414e-03
3.299428963948240380e+03 1.235309399200628988e+01 5.056946014893769041e-03
3.299431278720088358e+03 1.234225738306831133e+01 5.005247882404821949e-03
3.299433593491937245e+03 1.235211106440191919e+01 5.041417765262445720e-03
3.299435908263784768e+03 1.234291133561522535e+01 5.003523158754829767e-03
3.299438223035167994e+03 1.233009746120637828e+01 4.950298707414139965e-03
3.299440537807015517e+03 1.234626542125608495e+01 5.016023433191019176e-03
3.299442852578863949e+03 1.233871851598335567e+01 4.992308622349022132e-03
3.299445167350712381e+03 1.235917119805755071e+01 5.087671616728991868e-03
3.299447482122559904e+03 1.234240840839303210e+01 5.009596994109866315e-03
3.299449796894407882e+03 1.233295717122540225e+01 4.967520290275787356e-03
3.299452111666255860e+03 1.234517341507515908e+01 5.027965954759873284e-03
3.299454426438104747e+03 1.234992289537996868e+01 5.052383187071234939e-03
3.299456741209487063e+03 1.234478310095296827e+01 5.026283449506862601e-03
3.299459055981335496e+03 1.234478238073416989e+01 5.029266876722213175e-03
3.299461370753183473e+03 1.234515922332707483e+01 5.039866932519258477e-03
3.299463685525031906e+03 1.235420204242046083e+01 5.090748342308651885e-03
3.299466000296879884e+03 1.235633382659942114e+01 5.098066018043392357e-03
3.299468315068727861e+03 1.236953228889138678e+01 5.164097583237015412e-03
3.299470629840576294e+03 1.234769902091945859e+01 5.066978861054029920e-03
3.299472944612424726e+03 1.233978286555783654e+01 5.039081710236112052e-03
3.299475259384272249e+03 1.235427393627871240e+01 5.111855972490063522e-03
3.299477574156121136e+03 1.233133235233177771e+01 5.010122748205837230e-03
3.299479888927969569e+03 1.236198811634735506e+01 5.159546696014232457e-03
3.299482203699817092e+03 1.237449294902386043e+01 5.221299061419977169e-03
3.299484518471665979e+03 1.233531989494844794e+01 5.054642912305268472e-03
3.299486833243514411e+03 1.235161833606274406e+01 5.136136662602807171e-03
3.299489148015361934e+03 1.234548890590813564e+01 5.113351804760081845e-03
3.299491462787209912e+03 1.236195398311103233e+01 5.195445735924388193e-03
3.299493777559057889e+03 1.234792179029609116e+01 5.138090205650688858e-03
3.299496092330906322e+03 1.235928894120243271e+01 5.194841898492586277e-03
3.299498407102754300e+03 1.232601015271245082e+01 5.061278621462141081e-03
3.299500721875068393e+03 1.234947490216396382e+01 5.181664563980708377e-03
3.299503036646916826e+03 1.235877835801105107e+01 5.221619941801551937e-03
3.299505351418764803e+03 1.233719688681166993e+01 5.136805269642971510e-03
3.299507666190611872e+03 1.233718928156367944e+01 5.145082440539920990e-03
3.299509980962460759e+03 1.234816321406044715e+01 5.205508274927461189e-03
3.299512295734309191e+03 1.233819107122510594e+01 5.167670363543452362e-03
3.299514610506157624e+03 1.237476484556437129e+01 5.350595940233882596e-03
3.299516925278471717e+03 1.235314651532170771e+01 5.249479575592749282e-03
3.299519240050320150e+03 1.234306142511077198e+01 5.215638440548839468e-03
3.299521554822167673e+03 1.236553277729859701e+01 5.338997592033834991e-03
3.299523869594015650e+03 1.233950699710068122e+01 5.214796746414387604e-03
3.299526184365864083e+03 1.234313661733069623e+01 5.238720198028831709e-03
3.299528499138178177e+03 1.233072427055344100e+01 5.190868588259587267e-03
3.299530813910025245e+03 1.232817080126809017e+01 5.189525663981555889e-03
3.299533128681873677e+03 1.233708716128316318e+01 5.235524311749069348e-03
3.299535443453723019e+03 1.233721595253884296e+01 5.245256972957777937e-03
3.299537758226036203e+03 1.232183390457620220e+01 5.180460286235942513e-03
3.299540072997884636e+03 1.232914460727387151e+01 5.231962485761896577e-03
3.299542387769733068e+03 1.234558672869124685e+01 5.314602805871760684e-03
3.299544702542047162e+03 1.233919258093556692e+01 5.295079903581852848e-03
3.299547017313894685e+03 1.234521276176871751e+01 5.330225055868881637e-03
3.299549332085742662e+03 1.233857473869462318e+01 5.297387067887799304e-03
3.299551646858056301e+03 1.233840889096591198e+01 5.306467671187944241e-03
3.299553961629904734e+03 1.233155492613790827e+01 5.287189176819849859e-03
3.299556276402218373e+03 1.234026870961425537e+01 5.339503007464551330e-03
3.299558591174067260e+03 1.234057418098835157e+01 5.340570057122370415e-03
3.299560905945916147e+03 1.234444065889271158e+01 5.368484501801061397e-03
3.299563220718229786e+03 1.234712919085866289e+01 5.388832462795493418e-03
3.299565535490076854e+03 1.234484837335319796e+01 5.391054307102247437e-03
3.299567850262390948e+03 1.232026244780813329e+01 5.273020220360346948e-03
3.299570165034239380e+03 1.230402651026934002e+01 5.198157240812367567e-03
3.299572479806553019e+03 1.232550889610232048e+01 5.309035289157375270e-03
3.299574794578401452e+03 1.233637580944591505e+01 5.373180366901447562e-03
3.299577109350715546e+03 1.231098175139108264e+01 5.264593038847730291e-03
3.299579424122563069e+03 1.234033862765440404e+01 5.413065715318268918e-03
3.299581738894876253e+03 1.231306290147125004e+01 5.284527390621151545e-03
3.299584053667189892e+03 1.231617076639323294e+01 5.314076822089135524e-03
3.299586368439039688e+03 1.234005706689607607e+01 5.432095091410997327e-03
3.299588683211352873e+03 1.232600085029133297e+01 5.373044451140330385e-03
3.299590997983200850e+03 1.230822828176246908e+01 5.295731953444183550e-03
3.299593312755515399e+03 1.231206805125681747e+01 5.323981714868052106e-03
3.299595627527829038e+03 1.233331603619579298e+01 5.432875039912637635e-03
3.299597942299676561e+03 1.235044543681226692e+01 5.527834772488381988e-03
3.299600257071991109e+03 1.235937996442028997e+01 5.580632658476515802e-03
3.299602571844304293e+03 1.232988074253643873e+01 5.446095773982448200e-03
3.299604886616617932e+03 1.233521705360380594e+01 5.484572922428028983e-03
3.299607201388465910e+03 1.232456087103636833e+01 5.436263092899782691e-03
3.299609516160780004e+03 1.233501662939464438e+01 5.507361754330693075e-03
3.299611830933095007e+03 1.231136060685137679e+01 5.397401770618349970e-03
3.299614145705408191e+03 1.232553978621686142e+01 5.475644938390086987e-03
3.299616460477257078e+03 1.230287573797064837e+01 5.378269435155027221e-03
3.299618775249570717e+03 1.233585283068613947e+01 5.552497266420384874e-03
3.299621090021883901e+03 1.233462853986054775e+01 5.557749103373127615e-03
3.299623404794197540e+03 1.232062407808259685e+01 5.493444228388055968e-03
3.299625719566512089e+03 1.231641722544561190e+01 5.487245634540835644e-03
3.299628034338825273e+03 1.232915722027514605e+01 5.569536018316463728e-03
3.299630349111138912e+03 1.232267091290200511e+01 5.539651909155179563e-03
3.299632663883453461e+03 1.231593197185998001e+01 5.522754810609608461e-03
3.299634978655767554e+03 1.232058584437948667e+01 5.555255503672936954e-03
3.299637293428081648e+03 1.232851100665729405e+01 5.612391489321880318e-03
3.299639608200394377e+03 1.234502606227256472e+01 5.703793812637600845e-03
3.299641922972708926e+03 1.233826173241099866e+01 5.682326021123580879e-03
3.299644237745023020e+03 1.230018588004170077e+01 5.499186760337364775e-03
3.299646552517336659e+03 1.231020287475908503e+01 5.568552379504746255e-03
3.299648867289649843e+03 1.233968902993496108e+01 5.726448027639789197e-03
3.299651182061963937e+03 1.230627499426694449e+01 5.569295149324942316e-03
3.299653496834277576e+03 1.231882948113582010e+01 5.645597282813917712e-03
3.299655811606590760e+03 1.233273519422622932e+01 5.729854372145968926e-03
3.299658126378904853e+03 1.231686060376952163e+01 5.665595746784157782e-03
3.299660441151218947e+03 1.231980689946009733e+01 5.692497396689958147e-03
3.299662755923999157e+03 1.231331952687103737e+01 5.669402993373163710e-03
3.299665070696312796e+03 1.233948969242756455e+01 5.819983852632540887e-03
3.299667385468626890e+03 1.231076325236545088e+01 5.679390845117649779e-03
3.299669700240940529e+03 1.232434193156254842e+01 5.766461893448810230e-03
3.299672015013719374e+03 1.232117037646755620e+01 5.769267867853714905e-03
3.299674329786033468e+03 1.231404066914740802e+01 5.736875537063148948e-03
3.299676644558348016e+03 1.229358749378690163e+01 5.643721381515441615e-03
3.299678959330661201e+03 1.233953344380163664e+01 5.900745759967991957e-03
3.299681274103440501e+03 1.230817569563971503e+01 5.751508931060774280e-03
3.299683588875754594e+03 1.231332065796750719e+01 5.782265965365699679e-03
3.299685903648068688e+03 1.231437768290953194e+01 5.800148179352383401e-03
3.299688218420848443e+03 1.227672302340965338e+01 5.615822136075102056e-03
3.299690533193162537e+03 1.229295551929236652e+01 5.710132290829067134e-03
3.299692847965941837e+03 1.231370362492775961e+01 5.831268696480118932e-03
3.299695162738255476e+03 1.228899604734617412e+01 5.711475615312420519e-03
3.299697477511034322e+03 1.232207391669700414e+01 5.903392892728442747e-03
3.299699792283348415e+03 1.228141663707035214e+01 5.695758930874038860e-03
3.299702107056128625e+03 1.230854442251379766e+01 5.845688372988171524e-03
3.299704421828441809e+03 1.231011574722665003e+01 5.868415483937328668e-03
3.299706736601222019e+03 1.232024534997836440e+01 5.936488052847471372e-03
3.299709051373535658e+03 1.227948734802952657e+01 5.723022569706747407e-03
3.299711366146314958e+03 1.232572877870692984e+01 5.988748101111098128e-03
3.299713680919094713e+03 1.231264172273369439e+01 5.925099207210778561e-03
3.299715995691408352e+03 1.232306451495528421e+01 5.990796059082510207e-03
3.299718310464188562e+03 1.226662898067167440e+01 5.703042123152427673e-03
3.299720625236967408e+03 1.229436436807469590e+01 5.861043311549822207e-03
3.299722940009281047e+03 1.228634691338407414e+01 5.832113569184537924e-03
3.299725254782060802e+03 1.231827137876998890e+01 6.010480939920765688e-03
3.299727569554840102e+03 1.232938589168906418e+01 6.086026169825694762e-03
3.299729884327618947e+03 1.231035473009170289e+01 5.988640513528202536e-03
3.299732199100399157e+03 1.229961705854613641e+01 5.941538753690203678e-03
3.299734513872712341e+03 1.228869392543371930e+01 5.896404067765158991e-03
3.299736828645492096e+03 1.229175719812545786e+01 5.921682099048776286e-03
3.299739143418271851e+03 1.230679462232055243e+01 6.009760077151668142e-03
3.299741458191052516e+03 1.228868819810985968e+01 5.921957556635810624e-03
3.299743772963830907e+03 1.231339263189528133e+01 6.070209714405956289e-03
3.299746087736610207e+03 1.230372319766694922e+01 6.032249694668083417e-03
3.299748402509389962e+03 1.231096675180211619e+01 6.080450325183092523e-03
3.299750717282169717e+03 1.230489743185800933e+01 6.054394666010433704e-03
3.299753032054949017e+03 1.231053840352115181e+01 6.095619027131385717e-03
3.299755346827727863e+03 1.231732427852290179e+01 6.147081653774969477e-03
3.299757661600508072e+03 1.230266197819637597e+01 6.077882800750396275e-03
3.299759976373287373e+03 1.228812734819353736e+01 6.002001823631177881e-03
3.299762291146066673e+03 1.227933002927868245e+01 5.970931864330314420e-03
3.299764605918846883e+03 1.230540313165692545e+01 6.120342131569763734e-03
3.299766920691626638e+03 1.229128300923877681e+01 6.054529307949182981e-03
3.299769235464405483e+03 1.230190489411750576e+01 6.125293664398500162e-03
3.299771550237650445e+03 1.226902396712360677e+01 5.953315178336165102e-03
3.299773865010430200e+03 1.229232638317219717e+01 6.096317563611941374e-03
3.299776179783209955e+03 1.229858385158745904e+01 6.136739752941936660e-03
3.299778494555988800e+03 1.231673299216378759e+01 6.255160756007504923e-03
3.299780809329234671e+03 1.229146389767542935e+01 6.129983410931435887e-03
3.299783124102014426e+03 1.229946980563523518e+01 6.179513033181992937e-03
3.299785438874793726e+03 1.227715756346295350e+01 6.067250468823739105e-03
3.299787753648038233e+03 1.229722949461568682e+01 6.191951431234874424e-03
3.299790068420818443e+03 1.231168054175132909e+01 6.284101820092596533e-03
3.299792383193597743e+03 1.229103494966147103e+01 6.181086073844817980e-03
3.299794697966842705e+03 1.229545520985033313e+01 6.219672130563119218e-03
3.299797012739622460e+03 1.228316786496830915e+01 6.161231734881774877e-03
3.299799327512867421e+03 1.231346743572272118e+01 6.347704241003411692e-03
3.299801642285646267e+03 1.228194962489675390e+01 6.178838837891397623e-03
3.299803957058891683e+03 1.228441351468882203e+01 6.209966090575299788e-03
3.299806271831671438e+03 1.228934970359875933e+01 6.250541240905598504e-03
3.299808586604916400e+03 1.229955602359340716e+01 6.318021541463899812e-03
3.299810901377695700e+03 1.229947827575958996e+01 6.329890326829409365e-03
3.299813216150941116e+03 1.231263797252671921e+01 6.421049258939786133e-03
3.299815530923721326e+03 1.230130066694422908e+01 6.367533497200841136e-03
3.299817845696966288e+03 1.228614651910261379e+01 6.297417750750924567e-03
3.299820160470210794e+03 1.227496315838548924e+01 6.245168668206397926e-03
3.299822475243456665e+03 1.232166338500521263e+01 6.540192377686789189e-03
3.299824790016236420e+03 1.229801115048143600e+01 6.413309391266125252e-03
3.299827104789480927e+03 1.230284612332930472e+01 6.453359557926173669e-03
3.299829419562725434e+03 1.228614588987161582e+01 6.371815827143165016e-03
3.299831734335970850e+03 1.231187977346206175e+01 6.543029721425308066e-03
3.299834049108751060e+03 1.229160944473777484e+01 6.429286740276585026e-03
3.299836363881995567e+03 1.231543544914576316e+01 6.591989910440437805e-03
3.299838678655240983e+03 1.231706429006208303e+01 6.616402298300263357e-03
3.299840993428486854e+03 1.231500227350102605e+01 6.618473896952042738e-03
3.299843308201731361e+03 1.231203707949860160e+01 6.616045986151515568e-03
3.299845622974976322e+03 1.231412300967457796e+01 6.640217645396832673e-03
3.299847937748221739e+03 1.234213585898879018e+01 6.835166019744532556e-03
3.299850252521467610e+03 1.230878850812734981e+01 6.642975757114639827e-03
3.299852567294712571e+03 1.230474018784127388e+01 6.631670832221668414e-03
3.299854882067957988e+03 1.229922267723618745e+01 6.613037966046104651e-03
3.299857196841202949e+03 1.229849860897251546e+01 6.625089206133809479e-03
3.299859511614447456e+03 1.232036260774663461e+01 6.772639580504265754e-03
3.299861826387692417e+03 1.229447127997356581e+01 6.628406296492292404e-03
3.299864141160936924e+03 1.229459566443371443e+01 6.647042325260425072e-03
3.299866455934648911e+03 1.230087359345246512e+01 6.699372380763068090e-03
3.299868770707893873e+03 1.229798240879350857e+01 6.701416473776275994e-03
3.299871085481138834e+03 1.229902702097279033e+01 6.717119617408896272e-03
3.299873400254384251e+03 1.230070741538312262e+01 6.744295355900737678e-03
3.299875715027629667e+03 1.228836721570787560e+01 6.680593198507371426e-03
3.299878029801339380e+03 1.232247486566702932e+01 6.906503477171093905e-03
3.299880344574585251e+03 1.228645311767847126e+01 6.696561833424413863e-03
3.299882659347830668e+03 1.229172982337140674e+01 6.748804282768896580e-03
3.299884974121540836e+03 1.228664356677318636e+01 6.731837188215949834e-03
3.299887288894786707e+03 1.231092663636835027e+01 6.891637516403844969e-03
3.299889603668497330e+03 1.232007938337473796e+01 6.970016842643778424e-03
3.299891918441742746e+03 1.231026321805189738e+01 6.919149316260937883e-03
3.299894233214987253e+03 1.230816590879676653e+01 6.921534213534326525e-03
3.299896547988699240e+03 1.231473908166340259e+01 6.979380467276734973e-03
3.299898862761944656e+03 1.230936700836076270e+01 6.954778454336599594e-03
3.299901177535654369e+03 1.227005979778616052e+01 6.725666779883432943e-03
3.299903492309364992e+03 1.229985745847875478e+01 6.919616779306546339e-03
3.299905807082610409e+03 1.230665307862155267e+01 6.980083491468600833e-03
3.299908121856321486e+03 1.233294104756510023e+01 7.165230608782553745e-03
3.299910436629566448e+03 1.228876519953046653e+01 6.895431320288198350e-03
3.299912751403277525e+03 1.230908589582239188e+01 7.034059478990763344e-03
3.299915066176988603e+03 1.228937347907652899e+01 6.925722581946214783e-03
3.299917380950699680e+03 1.232342707119472713e+01 7.157809181294975780e-03
3.299919695723944642e+03 1.229596171530652171e+01 6.996583785314199749e-03
3.299922010497654810e+03 1.231085747322649482e+01 7.105911750009828026e-03
3.299924325271366797e+03 1.228523714351541507e+01 6.957368801389512275e-03
3.299926640045076965e+03 1.229660499514104188e+01 7.042274426158014536e-03
3.299928954818788043e+03 1.227674378454276827e+01 6.931679615167042792e-03
3.299931269592033459e+03 1.231001313377902839e+01 7.160753923567908519e-03
3.299933584365743627e+03 1.233126604743620902e+01 7.316817111450770253e-03
3.299935899139453340e+03 1.226806880614852879e+01 6.915198365355030088e-03
3.299938213913164418e+03 1.232417587871145237e+01 7.296404759651366374e-03
3.299940528686875950e+03 1.228140220266942961e+01 7.032650901217759806e-03
3.299942843460587028e+03 1.230083856053071401e+01 7.169965069726951142e-03
3.299945158234298106e+03 1.231088477282143323e+01 7.250091501083409315e-03
3.299947473008009183e+03 1.231474824718841532e+01 7.292588713803408763e-03
3.299949787781719351e+03 1.228691421232709224e+01 7.119218595271138879e-03
3.299952102555429974e+03 1.229834306445285819e+01 7.211255149368015101e-03
3.299954417329606713e+03 1.229760178175387964e+01 7.224315863810713313e-03
3.299956732103317336e+03 1.230738799052451071e+01 7.302453143451340632e-03
3.299959046877027959e+03 1.231535074465966595e+01 7.367465466126340776e-03
3.299961361650739036e+03 1.227527700726905913e+01 7.120092706695573329e-03
3.299963676424450568e+03 1.230591064492996622e+01 7.336205198308248451e-03
3.299965991198625943e+03 1.232172762833930513e+01 7.453311118997356030e-03
3.299968305972337475e+03 1.229104504373022699e+01 7.265553458506355394e-03
3.299970620746048553e+03 1.230738192572094647e+01 7.387545453482094460e-03
3.299972935520224837e+03 1.231346632132679630e+01 7.440687222880537459e-03
3.299975250293935460e+03 1.230075179060695056e+01 7.373044383418516159e-03
3.299977565067646083e+03 1.230609533093037555e+01 7.423993236470857043e-03
3.299979879841822367e+03 1.228503195182703145e+01 7.294787622983276570e-03
3.299982194615533444e+03 1.229558656619371781e+01 7.382437098736094327e-03
3.299984509389709274e+03 1.229244769446369823e+01 7.376006550859900285e-03
3.299986824163421261e+03 1.230237801915770923e+01 7.456617843341851667e-03
3.299989138937597545e+03 1.227188011992352656e+01 7.266481863820397138e-03
3.299991453711308168e+03 1.232152924055764309e+01 7.619801685390909657e-03
3.299993768485484452e+03 1.229580968028829346e+01 7.452342183185705141e-03
3.299996083259195984e+03 1.230034603800845616e+01 7.503924181808143551e-03
3.299998398033372723e+03 1.227371072630036508e+01 7.339494077874825738e-03
3.300000712807548553e+03 1.230799098766956234e+01 7.586702633164999453e-03
3.300003027581260085e+03 1.227160053652389671e+01 7.356131410547329767e-03
3.300005342355436369e+03 1.229305563893209552e+01 7.516444747336295876e-03
3.300007657129612198e+03 1.232276921490677779e+01 7.734623426693051917e-03
3.300009971903788028e+03 1.229094704834908391e+01 7.527261297093978260e-03
3.300012286677499105e+03 1.230456074859955962e+01 7.638230700267331294e-03
3.300014601451675389e+03 1.228197409399467155e+01 7.498184398832430375e-03
3.300016916225852128e+03 1.232862877231836940e+01 7.844132216925564505e-03
3.300019231000028867e+03 1.230754157358464873e+01 7.706725115525467004e-03
3.300021545774206515e+03 1.227690131424384390e+01 7.508444193663975016e-03
3.300023860548381890e+03 1.230370731043799104e+01 7.711710154426953089e-03
3.300026175322558629e+03 1.224239086531597209e+01 7.304770908634777155e-03
3.300028490096268797e+03 1.232133193075768496e+01 7.870850213824777744e-03
3.300030804870445991e+03 1.230271553495160752e+01 7.754542136086900114e-03
3.300033119644621820e+03 1.230051704452297656e+01 7.755399222368610131e-03
3.300035434419264675e+03 1.230917716154710462e+01 7.831475876930388616e-03
3.300037749193441414e+03 1.228304933172413271e+01 7.656217980836944534e-03
3.300040063967618153e+03 1.226998385775460498e+01 7.592257686865409860e-03
3.300042378741793982e+03 1.229242668778013226e+01 7.764422823252331747e-03
3.300044693515971176e+03 1.229948969499640654e+01 7.829986897152987901e-03
3.300047008290147460e+03 1.229075738223362357e+01 7.778836128103617034e-03
3.300049323064323289e+03 1.228362156528137916e+01 7.745750882540962216e-03
3.300051637838965689e+03 1.232854971837178581e+01 8.089801929905618416e-03
3.300053952613141973e+03 1.230956883969064464e+01 7.966130654266743299e-03
3.300056267387318258e+03 1.230598224483954084e+01 7.956360065838462281e-03
3.300058582161494996e+03 1.227921170075500790e+01 7.781918705702197715e-03
3.300060896936136942e+03 1.227876950024560365e+01 7.794705143062080274e-03
3.300063211710314135e+03 1.225981730790612900e+01 7.676660997558593102e-03
3.300065526484490420e+03 1.229663945629977917e+01 7.959202154664992909e-03
3.300067841259132365e+03 1.229500151299729716e+01 7.959897915897110390e-03
3.300070156033309104e+03 1.230047848739928185e+01 8.016331755233186557e-03
3.300072470807951504e+03 1.227907633333775195e+01 7.876174918994248431e-03
3.300074785582126879e+03 1.228449376857800424e+01 7.926369363558224274e-03
3.300077100356769279e+03 1.228972682300762287e+01 7.975608787236396213e-03
3.300079415130946472e+03 1.227452176206433343e+01 7.887377835641992338e-03
3.300081729905587963e+03 1.228946843453145732e+01 8.013399441324255829e-03
3.300084044679763792e+03 1.228981318665809574e+01 8.029168957919587124e-03
3.300086359454406647e+03 1.228064586512368983e+01 7.971061952896419528e-03
3.300088674228582931e+03 1.227751171023129473e+01 7.960100369452223490e-03
3.300090989003225332e+03 1.229938767910921804e+01 8.140151420496925458e-03
3.300093303777867732e+03 1.228598470224816452e+01 8.052582656243425022e-03
3.300095618552510587e+03 1.229022020396671522e+01 8.098970121124642041e-03
3.300097933326686416e+03 1.228033790860203744e+01 8.038258980708553811e-03
3.300100248101327907e+03 1.229490935196292689e+01 8.155446510815107450e-03
3.300102562875970307e+03 1.228239857732260276e+01 8.082933238431023668e-03
3.300104877650613162e+03 1.230413870883243099e+01 8.258141388547432168e-03
3.300107192424788991e+03 1.222306387603421562e+01 7.676198695690120491e-03
3.300109507199430936e+03 1.226470516486164009e+01 7.978566467605745227e-03
3.300111821974073791e+03 1.227665758664811513e+01 8.083580381529927375e-03
3.300114136748715282e+03 1.225887182917359830e+01 7.959706326339723026e-03
3.300116451523358137e+03 1.226617225060897809e+01 8.028754178463482633e-03
3.300118766298000537e+03 1.226769304655846682e+01 8.043728219814144306e-03
3.300121081072642482e+03 1.226996472861086573e+01 8.069094323112029066e-03
3.300123395847284428e+03 1.226830592367847750e+01 8.069505886154850274e-03
3.300125710621925919e+03 1.227743346810238201e+01 8.147395821095788568e-03
3.300128025396568319e+03 1.229430740335818584e+01 8.281069786918324183e-03
3.300130340171211174e+03 1.224820777960764140e+01 7.952426833221580560e-03
3.300132654945852664e+03 1.228502747527839034e+01 8.229854089172332701e-03
3.300134969720495064e+03 1.229517799127678934e+01 8.317509311753165657e-03
3.300137284495603581e+03 1.228459146941473712e+01 8.243826352453622816e-03
3.300139599270245071e+03 1.226289952192975186e+01 8.090176308017152720e-03
3.300141914044887471e+03 1.229919177712420009e+01 8.371086443394286369e-03
3.300144228819529417e+03 1.229503357809240249e+01 8.350857825901615919e-03
3.300146543594637478e+03 1.229370725640784556e+01 8.350217870456890651e-03
3.300148858369278969e+03 1.224012657962846795e+01 7.954903741058956534e-03
3.300151173143920914e+03 1.229796618736349600e+01 8.391297747551424227e-03
3.300153487919029430e+03 1.224196763515496755e+01 7.980961062867627728e-03
3.300155802693670921e+03 1.226158882496392799e+01 8.132194959109757468e-03
3.300158117468312867e+03 1.225393766365293757e+01 8.085066854285814092e-03
3.300160432243420928e+03 1.229456072522776644e+01 8.402381194377802481e-03
3.300162747018063783e+03 1.229266770062442404e+01 8.387837974176347647e-03
3.300165061793170480e+03 1.223920548149582999e+01 7.997076633341202931e-03
3.300167376567814244e+03 1.228130044241934016e+01 8.316685618146291842e-03
3.300169691342921396e+03 1.226900879371712882e+01 8.226619829550616686e-03
3.300172006117563342e+03 1.224962032951375157e+01 8.088892293637671774e-03
3.300174320892670949e+03 1.227079122197621075e+01 8.252689757143431837e-03
3.300176635667312894e+03 1.228699254637141181e+01 8.384801227142886851e-03
3.300178950442421410e+03 1.229704493429281875e+01 8.470179393210566093e-03
3.300181265217529017e+03 1.225573364187317971e+01 8.156402811659467164e-03
3.300183579992171417e+03 1.226573966163735818e+01 8.242047566175692008e-03
3.300185894767279478e+03 1.228726902900055684e+01 8.409868367368181913e-03
3.300188209542386630e+03 1.224760860627583270e+01 8.111108781199251674e-03
3.300190524317028576e+03 1.225052667920760641e+01 8.142473341286692382e-03
3.300192839092137092e+03 1.225247633123482061e+01 8.159115875136119592e-03
3.300195153867245608e+03 1.225717608897351241e+01 8.200678056815402517e-03
3.300197468642352305e+03 1.224332317961575356e+01 8.102061442326766172e-03
3.300199783417459912e+03 1.229893095348156962e+01 8.532808045781907144e-03
3.300202098192567973e+03 1.229588688525314844e+01 8.513432377263542919e-03
3.300204412967210374e+03 1.229579279620210386e+01 8.517301124931639378e-03
3.300206727742317980e+03 1.226032441878111534e+01 8.251445004035984701e-03
3.300209042517426042e+03 1.227680935955280006e+01 8.384899414217708222e-03
3.300211357292534103e+03 1.226392092498785047e+01 8.287351938380611155e-03
3.300213672067641710e+03 1.225198745356971308e+01 8.201591942038026842e-03
3.300215986842747952e+03 1.228441957344722546e+01 8.461161862850027568e-03
3.300218301617856923e+03 1.224975944611698608e+01 8.199566803377862645e-03
3.300220616392964985e+03 1.226197888649708112e+01 8.293359867376557878e-03
3.300222931168072591e+03 1.228848499767046576e+01 8.503224269167296290e-03
3.300225245943645859e+03 1.224141392069911483e+01 8.148540250072560873e-03
3.300227560718753921e+03 1.223404470447287906e+01 8.093496279409629485e-03
3.300229875493861528e+03 1.224216858771278460e+01 8.159304972511844528e-03
3.300232190268969134e+03 1.227361700453241689e+01 8.399809592766493277e-03
3.300234505044077196e+03 1.227131402119947445e+01 8.389160449942915931e-03
3.300236819819185257e+03 1.225016622472732664e+01 8.230314729199109808e-03
3.300239134594758980e+03 1.227437669860774605e+01 8.419495367821841492e-03
3.300241449369867041e+03 1.226986297446727292e+01 8.387204013315647730e-03
3.300243764144975103e+03 1.232323964728341892e+01 8.807126577703461648e-03
3.300246078920547916e+03 1.230774375930810649e+01 8.691272456476547420e-03
3.300248393695655523e+03 1.226098795557189369e+01 8.321458603828105899e-03
3.300250708470763584e+03 1.225170302431750358e+01 8.257203213711882678e-03
3.300253023246336852e+03 1.226312775265628652e+01 8.353764057862233736e-03
3.300255338021444459e+03 1.224449272566274871e+01 8.204803993769594489e-03
3.300257652797017727e+03 1.227520471646340283e+01 8.439416585931334633e-03
3.300259967572126698e+03 1.229583875490290268e+01 8.606986781695379063e-03
3.300262282347699511e+03 1.226590774033464726e+01 8.377562034938629970e-03
3.300264597122807572e+03 1.223858169050875233e+01 8.174044390222057893e-03
3.300266911898380840e+03 1.228112900179960754e+01 8.497329283985092033e-03
3.300269226673488902e+03 1.227797219705207610e+01 8.475044717363856839e-03
3.300271541449062624e+03 1.228400717390752916e+01 8.520216094640511301e-03
3.300273856224169322e+03 1.225978424445010084e+01 8.334518387350551769e-03
3.300276170999743499e+03 1.227082688525644727e+01 8.421879701343741934e-03
3.300278485775316767e+03 1.229890488233099965e+01 8.644498487655853658e-03
3.300280800550424374e+03 1.228872593450153339e+01 8.561948954878214474e-03
3.300283115325998097e+03 1.227409640305876515e+01 8.447632272547798624e-03
3.300285430101571365e+03 1.227369060567201942e+01 8.451167104726922327e-03
3.300287744877145087e+03 1.230210071394214211e+01 8.668855109549256435e-03
3.300290059652252694e+03 1.228132557337988118e+01 8.511534846380194516e-03
3.300292374427826417e+03 1.229320354340820565e+01 8.603051279049389946e-03
3.300294689203400139e+03 1.227644780066895613e+01 8.473182996412597506e-03
3.300297003978972953e+03 1.228596897396054466e+01 8.546771804323022997e-03
3.300299318754547130e+03 1.227429050500666641e+01 8.455774651858113597e-03
3.300301633531051266e+03 1.224721932147967074e+01 8.250051319523729956e-03
3.300303948306624989e+03 1.228392827170039148e+01 8.531121902929877585e-03
3.300306263082197802e+03 1.227938520179892556e+01 8.498649749807315676e-03
3.300308577857771979e+03 1.227059426566293787e+01 8.428783976091881389e-03
3.300310892633345247e+03 1.232032506257115756e+01 8.828869047929246983e-03
3.300313207408918515e+03 1.228775180515487619e+01 8.569713585463059613e-03
3.300315522184493148e+03 1.225715484666912047e+01 8.334098876102721473e-03
3.300317836960066415e+03 1.226676000139933720e+01 8.405122726519324849e-03
3.300320151735639683e+03 1.230176796007653373e+01 8.683240953101406881e-03
3.300322466511212497e+03 1.228488700841156600e+01 8.548053345475712175e-03
3.300324781286785765e+03 1.229000852927597265e+01 8.592613353800517342e-03
3.300327096062359942e+03 1.228496966005368840e+01 8.547748905709754569e-03
3.300329410837933210e+03 1.230459389471759479e+01 8.708574845907762416e-03
3.300331725613972594e+03 1.230072469348758446e+01 8.680995027979978088e-03
3.300334040389545862e+03 1.228099499161193009e+01 8.519188287695485945e-03
3.300336355165119585e+03 1.229358886274073015e+01 8.620018897992345538e-03
3.300338669940691943e+03 1.227609858364876949e+01 8.488134731271400682e-03
3.300340984716732237e+03 1.225077839265408564e+01 8.292599615326740406e-03
3.300343299492305960e+03 1.229976660142475353e+01 8.674311871490347423e-03
3.300345614267878773e+03 1.227896377136584860e+01 8.510802755368338662e-03
3.300347929043917247e+03 1.231470671061099686e+01 8.792810503444733680e-03
3.300350243819491425e+03 1.229322027934065353e+01 8.623729551446466732e-03
3.300352558595065602e+03 1.225178950932454569e+01 8.306153055334832350e-03
3.300354873371104077e+03 1.229091807769160383e+01 8.609644829726478127e-03
3.300357188146677345e+03 1.233263899076604986e+01 8.946808613616115055e-03
3.300359502922717184e+03 1.228022329937419066e+01 8.525758547334920043e-03
3.300361817698290452e+03 1.231507015476456246e+01 8.812484280969101053e-03
3.300364132474328926e+03 1.227732244787427973e+01 8.504702457467670784e-03
3.300366447249903104e+03 1.229466206409153273e+01 8.648199082501879104e-03
3.300368762025942033e+03 1.229669597411437465e+01 8.664930356591849306e-03
3.300371076801514846e+03 1.228568783016458887e+01 8.582145590689614634e-03
3.300373391577554685e+03 1.226239000446137695e+01 8.404347838927893680e-03
3.300375706353128407e+03 1.229565303407511045e+01 8.671610403754387297e-03
3.300378021129166882e+03 1.232476503940950430e+01 8.910276561568038559e-03
3.300380335905205357e+03 1.227590276879493381e+01 8.519936881755417468e-03
3.300382650680779534e+03 1.230694428526446416e+01 8.773763520369074614e-03
3.300384965456818463e+03 1.226371977430267712e+01 8.436317552318212468e-03
3.300387280232857847e+03 1.231088874091740593e+01 8.818921194277419204e-03
3.300389595008897686e+03 1.226208407766780617e+01 8.438638710802767381e-03
3.300391909784471409e+03 1.227269193604803377e+01 8.522926483294611041e-03
3.300394224560509883e+03 1.230925316357149057e+01 8.824150473519365434e-03
3.300396539336548358e+03 1.227002754496534287e+01 8.520788711001392804e-03
3.300398854112588197e+03 1.233709222791082460e+01 9.062097572958931896e-03
3.300401168888627581e+03 1.230055407506353937e+01 8.771460506994899209e-03
3.300403483664666510e+03 1.229263605460819697e+01 8.718298773785831610e-03
3.300405798440239778e+03 1.229875924986761149e+01 8.772681371908681858e-03
3.300408113216279617e+03 1.224719964814991968e+01 8.372815083287011434e-03
3.300410427992318091e+03 1.230473056410644084e+01 8.835941685260565240e-03
3.300412742768357475e+03 1.230028142914408562e+01 8.805149493389700585e-03
3.300415057544396404e+03 1.227889918568956240e+01 8.645185899461315868e-03
3.300417372320435788e+03 1.228635816423357063e+01 8.707562326425012308e-03
3.300419687096474263e+03 1.232406426370319252e+01 9.019611073474582616e-03
3.300422001872513647e+03 1.229188818864987098e+01 8.770763269708523741e-03
3.300424316648553031e+03 1.231258979788346153e+01 8.945508837550478209e-03
3.300426631424592415e+03 1.226165759531195754e+01 8.542948055038175267e-03
3.300428946201096551e+03 1.232924022520573359e+01 9.100218158596346321e-03
3.300431260977135480e+03 1.229877966791396382e+01 8.860426160431988246e-03
3.300433575753174864e+03 1.232030521472380791e+01 9.045346282865200996e-03
3.300435890529213339e+03 1.232386594154330162e+01 9.082076965938159011e-03
3.300438205305253177e+03 1.229371037251642917e+01 8.845629230724546058e-03
3.300440520081292561e+03 1.228752349537876398e+01 8.802466737374723890e-03
3.300442834857797607e+03 1.226869465954348470e+01 8.660511405767745002e-03
3.300445149633836536e+03 1.226434917964874316e+01 8.635794429440171380e-03
3.300447464409875465e+03 1.230058217040350144e+01 8.934407449482630048e-03
3.300449779185914394e+03 1.228175827435578071e+01 8.790465782393031349e-03
3.300452093962419440e+03 1.226376265709135360e+01 8.660348340984789020e-03
3.300454408738457914e+03 1.224938067871008052e+01 8.555661589312457335e-03
3.300456723514496844e+03 1.226599213379176589e+01 8.701152019284869032e-03
3.300459038291002798e+03 1.224500591574263275e+01 8.541601993204538806e-03
3.300461353067040818e+03 1.229184266452364049e+01 8.926523826806885553e-03
3.300463667843547228e+03 1.227652676153247668e+01 8.816991777513520298e-03
3.300465982619586612e+03 1.227508481397875784e+01 8.815447960487696882e-03
3.300468297396090293e+03 1.231814312945731515e+01 9.180783052770495958e-03
3.300470612172129222e+03 1.228670953276760436e+01 8.931017647621079455e-03
3.300472926948634267e+03 1.230447608291438755e+01 9.087945028045893783e-03
3.300475241724673651e+03 1.229249484720043917e+01 9.000183402685846615e-03
3.300477556501177787e+03 1.231670970554562494e+01 9.215104873349344236e-03
3.300479871277217626e+03 1.227489719170593752e+01 8.875434049151567986e-03
3.300482186053722671e+03 1.232196829677281080e+01 9.278589392523356114e-03
3.300484500829762055e+03 1.227414640591051942e+01 8.891374230525344105e-03
3.300486815606266646e+03 1.226948420120870331e+01 8.863528276811786025e-03
3.300489130382770782e+03 1.224916872533155576e+01 8.707730006380528381e-03
3.300491445158810620e+03 1.229199838503065756e+01 9.067551768832502954e-03
3.300493759935315211e+03 1.228814057302761498e+01 9.055470908135311234e-03
3.300496074711819347e+03 1.229440059380298322e+01 9.111441817028878218e-03
3.300498389487858731e+03 1.226505335439068922e+01 8.881065977244318940e-03
3.300500704264363776e+03 1.229249646408354302e+01 9.119785123028910021e-03
3.300503019040867457e+03 1.231771635910424578e+01 9.340543387110005272e-03
3.300505333817372957e+03 1.226942810867688749e+01 8.947849636091862249e-03
3.300507648593411886e+03 1.226205864823179326e+01 8.895082637589032254e-03
3.300509963369916932e+03 1.228421488502502434e+01 9.084734704953252582e-03
3.300512278146421522e+03 1.230885371005525286e+01 9.303191589204078474e-03
3.300514592922927022e+03 1.229829568796978023e+01 9.226884830402192622e-03
3.300516907699431613e+03 1.226758390622633677e+01 8.975871912537349354e-03
3.300519222475935749e+03 1.226870108346476407e+01 8.998317945162580614e-03
3.300521537251975587e+03 1.228852239979070760e+01 9.177213360317867594e-03
3.300523852028480633e+03 1.229678146495594326e+01 9.260617397194493075e-03
3.300526166804984314e+03 1.227952077471652359e+01 9.113496823420752166e-03
3.301352542405560143e+03 1.233513180942844301e+01 9.564161020505715025e-03
3.301354857183462173e+03 1.233616929893475778e+01 9.555323173516091367e-03
3.301357171961828499e+03 1.234653920188700660e+01 9.634993774676891762e-03
3.301359486740195280e+03 1.232068816099850928e+01 9.395850884407731807e-03
3.301361801518563425e+03 1.234552766216308939e+01 9.594119035377870683e-03
3.301364116296931115e+03 1.232231367842585357e+01 9.379237961098687085e-03
3.301366431074832690e+03 1.233396394650787542e+01 9.469975676081142726e-03
3.301368745853199925e+03 1.234795239665330158e+01 9.575713244917091402e-03
3.301371060631568525e+03 1.234291423513294106e+01 9.518523496115772684e-03
3.301373375409935761e+03 1.232079887681842933e+01 9.313217735988144064e-03
3.301375690188302542e+03 1.236694336331919608e+01 9.707552794257634857e-03
3.301378004966204571e+03 1.232420919517681845e+01 9.328700474682181248e-03
3.301380319744572262e+03 1.235064965886358657e+01 9.535478747180366199e-03
3.301382634522939497e+03 1.234487879420208500e+01 9.478810148830464286e-03
3.301384949301305824e+03 1.236134311024511767e+01 9.608430831239260853e-03
3.301387264079673969e+03 1.234263189771546365e+01 9.437499722172358607e-03
3.301389578858041659e+03 1.234029902809005463e+01 9.410403795253728665e-03
3.301391893636408895e+03 1.233760973779576275e+01 9.374443411855361979e-03
3.301394208414310924e+03 1.235297192887323980e+01 9.499318068881585850e-03
3.301396523192679069e+03 1.232613347331097309e+01 9.266662902649528202e-03
3.301398837971045396e+03 1.234362898970532108e+01 9.406266242101630343e-03
3.301401152749413086e+03 1.231697813872551350e+01 9.168599626138756661e-03
3.301403467527780322e+03 1.235946007040222128e+01 9.522515815314918503e-03
3.301405782306148467e+03 1.233787672494587540e+01 9.327770935532619240e-03
3.301408097084515248e+03 1.234173585378530547e+01 9.354327942189145234e-03
3.301410411862416822e+03 1.236381065587487882e+01 9.534338134419834479e-03
3.301412726640784967e+03 1.233043094467370793e+01 9.245112144503310134e-03
3.301415041419151748e+03 1.231804441013179208e+01 9.129236344106464451e-03
3.301417356197519439e+03 1.234799706822511212e+01 9.383536658251876231e-03
3.301419670975887584e+03 1.233199567316116685e+01 9.239917809561213474e-03
3.301421985754254820e+03 1.233840763502001536e+01 9.284684472776640399e-03
3.301424300532622510e+03 1.232441716137909715e+01 9.155573356409053495e-03
3.301426615310990201e+03 1.234422281918578790e+01 9.317974528542738791e-03
3.301428930089357436e+03 1.233587110018909883e+01 9.241926368319084567e-03
3.301431244867258556e+03 1.234977370361530546e+01 9.355555652374640194e-03
3.301433559645625792e+03 1.234174751207364906e+01 9.281236921699055620e-03
3.301435874423993027e+03 1.232069747434065476e+01 9.097599435945333268e-03
3.301438189202360263e+03 1.232128229808325592e+01 9.101501215325862731e-03
3.301440503980727954e+03 1.233191382208034170e+01 9.185025575234935513e-03
3.301442818759096099e+03 1.231280580593109164e+01 9.020950582467813367e-03
3.301445133537463335e+03 1.235891432429916925e+01 9.402458376062039838e-03
3.301447448316761893e+03 1.233789254362777399e+01 9.229905546552931439e-03
3.301449763095129583e+03 1.234071418960993149e+01 9.246758846257188344e-03
3.301452077873496819e+03 1.231380701436320280e+01 9.017214479605201866e-03
3.301454392651864509e+03 1.234359794458697479e+01 9.263509905989982321e-03
3.301456707430231290e+03 1.233339531199949413e+01 9.174990344904751516e-03
3.301459022208132865e+03 1.233583880338871452e+01 9.191888523490853585e-03
3.301461336986501010e+03 1.231345865410687246e+01 9.007014739061363143e-03
3.301463651764869155e+03 1.232428579791850609e+01 9.095836241133577887e-03
3.301465966543235936e+03 1.234791171466963711e+01 9.297282970083980622e-03
3.301468281321604081e+03 1.234780462006173707e+01 9.301166891560439659e-03
3.301470596099971772e+03 1.234124884944931999e+01 9.245970800086983701e-03
3.301472910878338553e+03 1.234889636682336445e+01 9.311766873544591663e-03
3.301475225656705334e+03 1.231961446062707388e+01 9.072658396121041288e-03
3.301477540435073024e+03 1.233683370759549547e+01 9.222741882818264250e-03
3.306197364938114333e+03 1.231849184612007697e+01 4.979061115311735758e-03
3.306199679705770905e+03 1.232495635643317655e+01 5.006373120195957947e-03
3.306201994472964088e+03 1.231655300568264089e+01 4.966309708223524445e-03
3.306204309240155453e+03 1.232921983830697243e+01 5.020590974723272704e-03
3.306206624007346363e+03 1.234021375407249010e+01 5.086228434454897335e-03
3.306208938774538638e+03 1.234566297408760782e+01 5.099937570154847513e-03
3.306211253541730457e+03 1.232893200813177437e+01 5.019293295491053693e-03
3.306213568308921367e+03 1.234271408321579777e+01 5.091499954932633167e-03
3.306215883076112277e+03 1.232941354148658419e+01 5.020444979642939461e-03
3.306218197843304551e+03 1.234000893498294360e+01 5.075184445270193925e-03
3.306220512610495916e+03 1.232915335672777424e+01 5.022769962242078397e-03
3.306222827377688191e+03 1.233353202959305861e+01 5.045602005152132787e-03
3.306225142144880010e+03 1.232584202164780507e+01 5.005213672108675682e-03
3.306227456912071375e+03 1.232918150071901486e+01 5.022251510864514899e-03
3.306229771679262740e+03 1.232753445459910679e+01 5.011680412275376292e-03
3.306232086446454105e+03 1.231386267666109902e+01 4.952526708047483989e-03
3.306234401213645469e+03 1.234120754735728198e+01 5.080788278288716001e-03
3.306236715980371628e+03 1.232718779616971716e+01 5.019650752587493693e-03
3.306239030747563447e+03 1.233317107962260728e+01 5.043955264755317636e-03
3.306241345514754357e+03 1.231910993796648768e+01 4.980050249638641978e-03
3.306243660281946177e+03 1.235040195303261967e+01 5.119990656173835364e-03
3.306245975049137996e+03 1.233016952491263751e+01 5.020562541476487027e-03
3.306248289815863700e+03 1.232912447649836629e+01 5.022943033930033462e-03
3.306250604583055519e+03 1.231728646789362358e+01 4.968130223234129388e-03
3.306252919350246884e+03 1.232451717948961445e+01 5.001991228123683041e-03
3.306255234117438704e+03 1.231259147649938335e+01 4.946054953553555636e-03
3.306257548884163953e+03 1.233082722068344594e+01 5.027959018906276965e-03
3.306259863651355772e+03 1.232498913531524387e+01 5.005700933722406765e-03
3.306262178418548501e+03 1.233406457651839538e+01 5.045327904880336951e-03
3.306264493185273295e+03 1.234482414301399444e+01 5.090811887311997956e-03
3.306266807952465570e+03 1.231126964330963780e+01 4.947859449777399984e-03
3.306269122719656934e+03 1.230080805809755340e+01 4.897171723206645254e-03
3.306271437486382638e+03 1.232045767135952019e+01 4.980048941023614874e-03
3.306273752253574003e+03 1.231079695794785067e+01 4.940405153619409871e-03
3.306276067020300161e+03 1.235728748539370869e+01 5.148612336827017993e-03
3.306278381787491981e+03 1.231935668261039218e+01 4.973922924453627777e-03
3.306280696554218139e+03 1.231603403872169267e+01 4.963855152989995329e-03
3.306283011321409958e+03 1.231489917477925466e+01 4.953424492077889395e-03
3.306285326088136117e+03 1.231397875405139075e+01 4.954929068862762125e-03
3.306287640855327027e+03 1.230783603624470324e+01 4.928947982209448686e-03
3.306289955622052275e+03 1.233941643419097822e+01 5.064884705775799315e-03
3.306292270389244550e+03 1.232438500398816927e+01 4.998930030788796379e-03
3.306294585155970708e+03 1.231900500379131458e+01 4.973296227397455346e-03
3.306296899922695957e+03 1.231722386051373519e+01 4.963920123148882722e-03
3.306299214689887776e+03 1.232030476999943147e+01 4.983687857877486596e-03
3.306301529456614389e+03 1.232383225766104040e+01 4.993924150915502597e-03
3.306303844223340093e+03 1.232275477080065862e+01 4.993961631316669834e-03
3.306306158990531003e+03 1.232285589024594863e+01 4.992208547312822382e-03
3.306308473757257161e+03 1.234131574860430369e+01 5.082016214215543705e-03
3.306310788523982865e+03 1.231522561006239158e+01 4.952418376301395524e-03
3.306313103291174230e+03 1.231067673784646210e+01 4.939806250023296048e-03
3.306315418057899478e+03 1.230670853992689118e+01 4.915522768933660094e-03
3.306317732824626091e+03 1.231695377113885570e+01 4.958935241462862978e-03
3.306320047591351795e+03 1.233974801518439435e+01 5.066996741808223181e-03
3.306322362358078408e+03 1.233237394407421128e+01 5.039056450220968236e-03
3.306324677125269773e+03 1.233284578093874906e+01 5.035354204408641621e-03
3.306326991891995931e+03 1.232493802541354988e+01 4.999156055886899534e-03
3.306329306658721634e+03 1.233198506731530486e+01 5.028730914701255196e-03
3.306331621425446883e+03 1.233465690821008742e+01 5.048214313037325748e-03
3.306333936192173496e+03 1.232074377694612899e+01 4.983492245307316951e-03
3.306336250958899655e+03 1.233398037286661619e+01 5.038522933145610401e-03
3.306338565725625358e+03 1.232046336096314221e+01 4.975122469636759394e-03
3.306340880492351971e+03 1.231564656189961582e+01 4.952826847772652877e-03
3.306343195259078129e+03 1.232619462218636741e+01 5.007688772047792607e-03
3.306345510025803378e+03 1.231127019484686436e+01 4.928373283697076029e-03
3.306347824792529082e+03 1.232030863522928676e+01 4.976425024370387251e-03
3.306350139559254785e+03 1.232311885980525012e+01 4.988292281919918907e-03
3.306352454325980943e+03 1.233545679274922868e+01 5.039648690206613088e-03
3.306354769092706192e+03 1.231621396819586600e+01 4.959769407200581570e-03
3.306357083859433260e+03 1.231426128853300739e+01 4.949469732197233143e-03
3.306359398626159418e+03 1.232348786062397039e+01 4.988099515330760882e-03
3.306361713392885576e+03 1.232484443664557539e+01 5.000420748567956097e-03
3.306364028159610370e+03 1.232270434146380467e+01 4.983323760741693170e-03
3.306366342925870867e+03 1.231727741926489728e+01 4.954967203711541784e-03
3.306368657692597480e+03 1.230932004905921673e+01 4.929820267005415729e-03
3.306370972459322729e+03 1.232024146512985574e+01 4.973018375066757223e-03
3.306373287226048888e+03 1.232920049644903848e+01 5.012717082004718855e-03
3.306375601992775046e+03 1.231240905124846918e+01 4.939749711172291419e-03
3.306377916759034633e+03 1.231782012912638891e+01 4.967176000592697996e-03
3.306380231525760337e+03 1.231862778057854335e+01 4.962060734545215360e-03
3.306382546292486950e+03 1.232838886543666668e+01 5.016562528135203557e-03
3.306384861058747447e+03 1.230999831861697480e+01 4.926005821115775861e-03
3.306387175825472696e+03 1.232635596195175509e+01 4.997647410260055989e-03
3.306389490592197944e+03 1.233048300671096875e+01 5.020903412893940564e-03
3.306391805358458441e+03 1.231948092976058895e+01 4.965376416946658267e-03
3.306394120125185054e+03 1.232210975052329971e+01 4.983109000498008208e-03
3.306396434891910758e+03 1.230591493363020916e+01 4.913233063103723125e-03
3.306398749658171255e+03 1.231119152088916913e+01 4.931723166094650890e-03
3.306401064424897413e+03 1.232541859357650615e+01 4.988367130089282724e-03
3.306403379191157455e+03 1.231260441101560055e+01 4.935738815078024450e-03
3.306405693957883159e+03 1.232856310045070103e+01 5.009418436278148014e-03
3.306408008724143656e+03 1.231707621886035042e+01 4.953601196700073081e-03
3.306410323490869359e+03 1.233596923861702344e+01 5.036699229196524123e-03
3.306412638257129402e+03 1.232442819408692003e+01 4.985937653660633614e-03
3.306414953023856015e+03 1.231976340023371996e+01 4.966929413603187425e-03
3.306417267790116512e+03 1.232077483217621605e+01 4.965596350753013512e-03
3.306419582556841306e+03 1.231661322545217629e+01 4.954672266132501696e-03
3.306421897323101803e+03 1.232854338867693400e+01 5.007232850851613473e-03
3.306424212089362300e+03 1.232051628560052059e+01 4.965257851034599393e-03
3.306426526856088458e+03 1.231544502465439095e+01 4.946950530360504084e-03
3.306428841622348500e+03 1.232423218490222361e+01 4.986264919951456827e-03
3.306431156388608997e+03 1.232708716613208466e+01 4.991818954330673810e-03
3.306433471155335610e+03 1.231402440875134374e+01 4.936802802693473005e-03
3.306435785921595198e+03 1.232116743343405929e+01 4.963719882121029985e-03
3.306438100687855695e+03 1.232581653587508264e+01 4.986382221958176805e-03
3.306440415454116192e+03 1.231663866846558619e+01 4.949558629953882197e-03
3.306442730220841895e+03 1.232177718555421642e+01 4.967312118588308213e-03
3.306445044987101937e+03 1.232949907659420141e+01 5.006096758951029436e-03
3.306447359753362434e+03 1.233364238555374470e+01 5.024287490058639179e-03
3.306449674519622477e+03 1.232413093114964830e+01 4.977912068633063777e-03
3.306451989285882519e+03 1.232084808915811713e+01 4.965797396769571284e-03
3.306454304052607768e+03 1.231530098187448630e+01 4.936526157313474855e-03
3.306456618818868264e+03 1.233394293169454592e+01 5.022418179852543296e-03
3.306458933585129671e+03 1.233560868128559562e+01 5.028311382709828824e-03
3.306461248351389258e+03 1.233181888567353823e+01 5.010681027162405474e-03
3.306463563117648846e+03 1.234325763715244051e+01 5.056613574397592591e-03
3.306465877883909343e+03 1.233089078302413988e+01 5.010215766025527019e-03
3.306468192650169840e+03 1.233268314902868745e+01 5.013780737651940198e-03
3.306470507416429882e+03 1.231817568264708029e+01 4.948954933600219035e-03
3.306472822182689924e+03 1.231888734981868261e+01 4.952348673427470552e-03
3.306475136948950876e+03 1.232558973027631488e+01 4.976959843125351203e-03
3.306477451715210464e+03 1.232579039960724998e+01 4.978639477980638557e-03
3.306479766481471415e+03 1.233946030470749733e+01 5.045727960811875225e-03
3.306482081247731458e+03 1.233349069504430773e+01 5.014562965477531442e-03
3.306484396013992409e+03 1.232394972401708699e+01 4.972467666955937907e-03
3.306486710779786335e+03 1.233005678714090791e+01 5.001317399754691070e-03
3.306489025546046832e+03 1.233519635540278259e+01 5.028655477591357885e-03
3.306491340312307329e+03 1.232929007741432059e+01 4.993017302054526124e-03
3.306493655078566917e+03 1.232036423955964466e+01 4.953978093845272206e-03
3.306495969844826959e+03 1.231263832174916040e+01 4.918025855788036270e-03
3.306498284611087456e+03 1.232129867395009448e+01 4.958301479215455540e-03
3.306500599376882747e+03 1.231866089636673500e+01 4.945679465790218596e-03
3.306502914143142334e+03 1.233316593910586079e+01 5.008935179356903411e-03
3.306505228909402831e+03 1.232180276948634656e+01 4.957719022731371661e-03
3.306507543675663328e+03 1.232648533873284435e+01 4.984910811658255746e-03
3.306509858441458164e+03 1.232038108161725987e+01 4.957079923948903150e-03
3.306512173207717751e+03 1.232022851240691352e+01 4.956213754096493694e-03
3.306514487973978248e+03 1.232171830317043160e+01 4.956772011353067706e-03
3.306516802739773539e+03 1.230768631760528109e+01 4.898929189793716117e-03
3.306519117506033126e+03 1.231975829064861472e+01 4.949226774745602887e-03
3.306521432271828417e+03 1.232271390150504331e+01 4.963666100728856070e-03
3.306523747038088459e+03 1.233510168820170350e+01 5.016352094619916900e-03
3.306526061803882385e+03 1.232261166813741937e+01 4.961229568848087718e-03
3.306528376570142427e+03 1.231162159142832735e+01 4.918262604757789487e-03
3.306530691336402924e+03 1.232965600617830404e+01 4.992531860686557320e-03
3.306533006102197760e+03 1.233749635827913593e+01 5.030739597091826720e-03
3.306535320868457347e+03 1.232474448338878403e+01 4.971748895181891080e-03
3.306537635634252638e+03 1.232623267809247558e+01 4.974439428892078741e-03
3.306539950400047474e+03 1.234617067147375025e+01 5.073917806024596730e-03
3.306542265166307971e+03 1.232224828999265576e+01 4.961045882945139610e-03
3.306544579932101897e+03 1.232980101414414520e+01 4.993725694222796510e-03
3.306546894698361939e+03 1.230121065574713235e+01 4.871883007395254143e-03
3.306549209464157684e+03 1.232580791658036645e+01 4.978285104754640554e-03
3.306551524229951610e+03 1.233182325558551895e+01 5.003995230666612344e-03
3.306553838996211198e+03 1.232075358562912726e+01 4.952701094560225427e-03
3.306556153762006034e+03 1.232337167581993675e+01 4.968099744607586653e-03
3.306558468527801324e+03 1.232885274136520160e+01 4.988583482691722089e-03
3.306560783294061366e+03 1.230386234553304270e+01 4.878714667977983831e-03
3.306563098059856202e+03 1.230560879610841951e+01 4.885785165311845070e-03
3.306565412825651038e+03 1.231415175704572107e+01 4.929832887352881589e-03
3.306567727591445419e+03 1.231699660784879136e+01 4.934851041080498893e-03
3.306570042357705006e+03 1.231851456788183619e+01 4.951137857184901604e-03
3.306572357123499842e+03 1.232754264211343376e+01 4.985608782856997857e-03
3.306574671889294223e+03 1.231110426732207941e+01 4.912004069068331112e-03
3.306576986655089058e+03 1.231025666460094392e+01 4.909066060503447862e-03
3.306579301420883894e+03 1.229145438767647214e+01 4.830552018772225203e-03
3.306581616186679639e+03 1.231802854981784101e+01 4.941825036435036796e-03
3.306583930952473565e+03 1.234208946161497167e+01 5.050866620060878720e-03
3.306586245718267492e+03 1.230671143203768914e+01 4.893723612103938712e-03
3.306588560484061873e+03 1.231485823747260788e+01 4.927663293506232868e-03
3.306590875249857618e+03 1.231511237765536038e+01 4.937443218481040244e-03
3.306593190015651089e+03 1.232559943115990997e+01 4.976492831804510582e-03
3.306595504781445470e+03 1.230865795678859698e+01 4.899799334737079889e-03
3.306597819547240306e+03 1.232580205675235874e+01 4.986950636027181853e-03
3.306600134313035596e+03 1.231863781470610419e+01 4.956259458722312924e-03
3.306602449078829522e+03 1.231668368266871028e+01 4.942081334649499162e-03
3.306604763844623903e+03 1.231864112283219903e+01 4.945986747126243123e-03
3.306607078610419194e+03 1.230956771822084406e+01 4.907591411574786615e-03
3.306609393376213575e+03 1.230357384737346216e+01 4.876990490014701876e-03
3.306611708142007501e+03 1.231063463683859283e+01 4.914456466404840303e-03
3.306614022907801882e+03 1.231963406111169945e+01 4.960133561320991674e-03
3.306616337673597627e+03 1.232471696628787328e+01 4.971294715432927544e-03
3.306618652438925437e+03 1.231549083089023355e+01 4.937394926063916854e-03
3.306620967204720728e+03 1.230409781187433715e+01 4.882965414584766219e-03
3.306623281970516018e+03 1.231175201777018557e+01 4.920982414205824981e-03
3.306625596736309944e+03 1.231779415882744289e+01 4.948531968469878882e-03
3.306627911501638664e+03 1.230423563724570357e+01 4.886342695791974500e-03
3.306630226267433954e+03 1.231038113257523392e+01 4.909738306503008166e-03
3.306632541033228335e+03 1.231185265587998856e+01 4.917866349359882941e-03
3.306634855798557055e+03 1.231231311501228021e+01 4.917913167370361813e-03
3.306637170564351891e+03 1.230233811790115439e+01 4.874506750196854962e-03
3.306639485330147636e+03 1.231539711408690962e+01 4.936281416922054868e-03
3.306641800095475446e+03 1.230672804517745078e+01 4.896439387886059903e-03
3.306644114861269372e+03 1.231062407161970462e+01 4.911961380564835999e-03
3.306646429627065118e+03 1.230931839352504298e+01 4.906563794519298513e-03
3.306648744392393382e+03 1.232330622918636465e+01 4.969566258439619445e-03
3.306651059158188218e+03 1.231058020138158327e+01 4.909908898837279066e-03
3.306653373923516938e+03 1.231664620978320457e+01 4.939073127641743083e-03
3.306655688689312228e+03 1.231396111111021519e+01 4.926210025246101527e-03
3.306658003454640948e+03 1.231869604224484505e+01 4.951097718629479498e-03
3.306660318220435329e+03 1.232435906116982594e+01 4.975332963746288348e-03
3.306662632985764958e+03 1.229497519288403851e+01 4.841504354167388939e-03
3.306664947751559339e+03 1.231292568610619043e+01 4.920496912624154964e-03
3.306667262516887604e+03 1.232305528490893209e+01 4.970217968606125726e-03
3.306669577282216324e+03 1.230575000854767431e+01 4.893933970703361058e-03
3.306671892048011614e+03 1.233857646390821294e+01 5.039296189628146919e-03
3.306674206813339879e+03 1.231228309348880323e+01 4.918813596173256773e-03
3.306676521578668599e+03 1.230667844567405389e+01 4.895825161702407891e-03
3.306678836344463889e+03 1.233418147343935800e+01 5.017564483407369220e-03
3.306681151109793518e+03 1.234231460662778801e+01 5.051247207612558250e-03
3.306683465875121328e+03 1.232209618918704308e+01 4.960097344712035942e-03
3.306685780640915254e+03 1.231586812572184186e+01 4.930190821441170386e-03
3.306688095406244884e+03 1.230667744777714567e+01 4.899919067676798169e-03
3.306690410171574513e+03 1.232100012800271216e+01 4.955001320810436920e-03
3.306692724936902323e+03 1.232041386285688489e+01 4.956317189526989603e-03
3.306695039702231952e+03 1.231041947067033426e+01 4.913304612979650828e-03
3.306697354468026333e+03 1.231987504839970349e+01 4.951484371951495565e-03
3.306699669233355962e+03 1.230233585690072218e+01 4.872735829688167562e-03
3.306701983998684227e+03 1.230923372275842986e+01 4.901125102791357123e-03
3.306704298764012947e+03 1.231091467400772110e+01 4.910830121215114044e-03
3.306706613529342576e+03 1.231941564825050861e+01 4.947727631757476915e-03
3.306708928294670841e+03 1.231336174600340527e+01 4.920562591583129558e-03
3.306711243060000470e+03 1.232474389391898129e+01 4.978817795764811649e-03
3.306713557825329644e+03 1.232318677866358847e+01 4.964273226910475602e-03
3.306715872590657909e+03 1.231289582319520548e+01 4.918814610883771171e-03
3.306718187355986629e+03 1.231142495536037629e+01 4.911937781105906418e-03
3.306720502121315803e+03 1.232453804107849038e+01 4.975942407820604235e-03
3.306722816886645433e+03 1.233756249335952049e+01 5.023854817743875559e-03
3.306725131651974152e+03 1.233969068801990510e+01 5.026719789645873668e-03
3.306727446417302872e+03 1.231777434627963252e+01 4.932032560953176527e-03
3.306729761182632501e+03 1.231131858098566845e+01 4.906446566992242291e-03
3.306732075947960766e+03 1.232692946062937089e+01 4.976651472278850047e-03
3.306734390712823370e+03 1.233797080520724521e+01 5.026625377390667171e-03
3.306736705478153453e+03 1.232011773598559401e+01 4.947441515791092467e-03
3.306739020243482628e+03 1.233248417425576982e+01 4.998366814007619736e-03
3.306741335008810438e+03 1.233717918804843627e+01 5.014798003798611598e-03
3.306743649774140067e+03 1.232985206994730198e+01 4.983503202710203028e-03
3.306745964539003580e+03 1.232197143226386871e+01 4.947369568865101798e-03
3.306748279304331390e+03 1.233992850462631452e+01 5.028733041104830118e-03
3.306750594069660565e+03 1.234714636487020734e+01 5.055483921992351762e-03
3.306752908834989285e+03 1.234032699065267735e+01 5.029346055440720234e-03
3.306755223599852798e+03 1.232029680209018707e+01 4.939782990734845926e-03
3.306757538365182427e+03 1.234493658618823098e+01 5.045336661532344620e-03
3.306759853130510237e+03 1.232432498222336470e+01 4.956440834653444774e-03
3.306762167895373750e+03 1.234723479150650682e+01 5.066313037053621696e-03
3.306764482660703379e+03 1.234892904559066018e+01 5.064384426015451114e-03
3.306766797425566438e+03 1.233824936575818576e+01 5.017147639314068278e-03
3.306769112190895612e+03 1.233991901547969583e+01 5.021929442220951327e-03
3.306771426956224332e+03 1.234430461924397093e+01 5.037936548437618907e-03
3.306773741721087390e+03 1.233106545230050699e+01 4.981989399201306595e-03
3.306776056486416110e+03 1.233320690362497984e+01 4.991495011319417932e-03
3.306778371251280078e+03 1.235419426740824456e+01 5.084186902821650859e-03
3.306780686016609252e+03 1.236069196509529178e+01 5.119474209423450529e-03
3.306783000781471856e+03 1.235408142514082996e+01 5.083126498160726522e-03
3.306785315546335369e+03 1.235490861776121996e+01 5.086048451488489087e-03
3.306787630311664998e+03 1.233700681043697145e+01 5.000948222643731428e-03
3.306789945076527601e+03 1.233688855442983368e+01 5.000133850862049575e-03
3.306792259841855866e+03 1.235488536495903134e+01 5.078056193232810892e-03
3.306794574606719380e+03 1.235948608598542720e+01 5.102486847877809456e-03
3.306796889371582893e+03 1.234353131059045872e+01 5.034518402709405732e-03
3.306799204136912522e+03 1.235141313081667214e+01 5.063638267736568672e-03
3.306801518901776035e+03 1.235407599070154738e+01 5.075829488720241811e-03
3.306803833666639548e+03 1.236930642891149290e+01 5.140300243123684804e-03
3.306806148431967813e+03 1.235043132256122789e+01 5.054342550955727084e-03
3.306808463196830417e+03 1.234700521719119415e+01 5.037630472728629218e-03
3.306810777961693475e+03 1.233708116084159556e+01 4.992211688866228687e-03
3.306813092726557443e+03 1.234910779453849905e+01 5.049450955073022870e-03
3.306815407491420956e+03 1.235272589649413177e+01 5.066133816682068768e-03
3.306817722256750130e+03 1.236809837866855410e+01 5.138035635449673781e-03
3.306820037021613643e+03 1.235279093403957162e+01 5.061325466845519039e-03
3.306822351786476247e+03 1.236745125523015432e+01 5.128921464529969006e-03
3.306824666551338851e+03 1.235350830582062720e+01 5.065427123389801799e-03
3.306826981316202364e+03 1.236123191355043538e+01 5.095126169667900558e-03
3.306829296081065877e+03 1.235891205831327255e+01 5.088949595085997570e-03
3.306831610845928935e+03 1.238680019106111452e+01 5.218050009279676105e-03
3.306833925610791994e+03 1.238050508265819083e+01 5.190059995299056185e-03
3.306836240375655962e+03 1.237655805159775291e+01 5.164923657752415118e-03
3.306838555140519475e+03 1.236778789916909638e+01 5.124098800958746917e-03
3.306840869905382533e+03 1.237632552393057495e+01 5.161162268061667002e-03
3.306843184670246046e+03 1.236464767540548770e+01 5.109622027184314991e-03
3.306845499435109559e+03 1.235293900998293992e+01 5.058343157090010138e-03
3.306847814199972618e+03 1.237853610652747349e+01 5.174488034219809802e-03
3.306850128964834767e+03 1.237038488467065811e+01 5.138684826950875098e-03
3.306852443729698280e+03 1.235545579095748892e+01 5.068749873394107035e-03
3.306854758494561793e+03 1.236571011407738041e+01 5.107660161266317118e-03
3.306857073258960099e+03 1.237786861494042689e+01 5.172814600472183666e-03
3.306859388023823612e+03 1.237321065947161358e+01 5.139007264585903657e-03
3.306861702788687126e+03 1.236551707200851347e+01 5.111592766882035177e-03
3.306864017553549274e+03 1.238843881563267502e+01 5.216288642265004549e-03
3.306866332318412333e+03 1.237612246970868135e+01 5.156247867606742613e-03
3.306868647082810639e+03 1.237826187550926704e+01 5.165805785518512959e-03
3.306870961847674153e+03 1.236027463397063109e+01 5.085492414588601781e-03
3.306873276612536756e+03 1.237759425463337237e+01 5.160843822261570492e-03
3.306875591376935063e+03 1.237423460215880766e+01 5.148652845893674640e-03
3.306877906141799031e+03 1.237728016302564349e+01 5.160803607981295782e-03
3.306880220906661634e+03 1.239621153844215229e+01 5.250878526173681504e-03
3.306882535671058577e+03 1.239229567799239540e+01 5.231058644239760733e-03
3.306884850435922090e+03 1.239407641149297667e+01 5.235258894544156209e-03
3.306887165200319487e+03 1.238303282757187596e+01 5.182282979028998357e-03
3.306889479965182545e+03 1.237297883516339247e+01 5.135151888890737183e-03
3.306891794730046058e+03 1.236024796525320113e+01 5.073977634690374390e-03
3.306894109494443910e+03 1.237255546070643675e+01 5.137134636172442648e-03
3.306896424259306968e+03 1.239471556560543419e+01 5.244412443875265915e-03
3.306898739023704366e+03 1.240171989175100009e+01 5.275798452434186415e-03
3.306901053788567879e+03 1.237934853326276574e+01 5.162122932085084354e-03
3.306903368552965730e+03 1.238439778883011400e+01 5.182672685493914383e-03
3.306905683317363582e+03 1.237704872527744193e+01 5.154816753656820544e-03
3.306907998082226186e+03 1.237849944745148001e+01 5.162060904235585279e-03
3.306910312846624038e+03 1.238949831290008952e+01 5.209857648979112667e-03
3.306912627611487551e+03 1.240104050864636598e+01 5.262613502290749111e-03
3.306914942375884948e+03 1.238402664599096781e+01 5.187893063743075767e-03
3.306917257140283255e+03 1.239389052744175679e+01 5.234722256032651490e-03
3.306919571905146313e+03 1.239449891990618369e+01 5.230914656010101846e-03
3.306921886669543710e+03 1.239778325120563984e+01 5.245132299736432295e-03
3.306924201433941107e+03 1.239700759828746968e+01 5.244815162987659721e-03
3.306926516198338959e+03 1.240753331702050488e+01 5.288882774457641205e-03
3.306928830963202472e+03 1.237646252204523378e+01 5.144396494443480815e-03
3.306931145727599414e+03 1.237848926649693304e+01 5.157203287904840554e-03
3.306933460491996811e+03 1.238543825167161927e+01 5.199704201153053720e-03
3.306935775256396028e+03 1.239886854061114718e+01 5.253757931823684578e-03
3.306938090020792970e+03 1.239663414132978048e+01 5.242400783805986619e-03
3.306940404785656028e+03 1.239764501990435619e+01 5.247868900127564649e-03
3.306942719550053425e+03 1.239438751481890399e+01 5.229375187634656592e-03
3.306945034314451277e+03 1.238926472548250146e+01 5.206665633995381445e-03
3.306947349078848674e+03 1.239134272190020702e+01 5.215609024675740141e-03
3.306949663843246981e+03 1.239540892086411006e+01 5.238197533208584049e-03
3.306951978607644378e+03 1.238276086220976424e+01 5.174519879585840615e-03
3.306954293372040866e+03 1.237910928354939877e+01 5.159595479232675572e-03
3.306956608136439172e+03 1.237984545119775071e+01 5.164876572752281902e-03
3.306958922900837024e+03 1.238470365179487054e+01 5.186018656658075709e-03
3.306961237665234421e+03 1.239423887627064325e+01 5.232251686924688401e-03
3.306963552429631363e+03 1.239680190236158630e+01 5.242063567163307569e-03
3.306965867194030125e+03 1.238821226761937666e+01 5.204237220315082596e-03
3.306968181958427522e+03 1.238989598194297059e+01 5.213132864312736495e-03
3.306970496722824464e+03 1.238197565198528416e+01 5.171557924409497971e-03
3.306972811486756655e+03 1.239575124302200848e+01 5.246430021963202801e-03
3.306975126251154052e+03 1.239116430217185538e+01 5.219522813881063983e-03
3.306977441015552358e+03 1.238171337057909227e+01 5.176845310980485518e-03
3.306979755779949301e+03 1.237872919262071747e+01 5.162139885615424362e-03
3.306982070544347152e+03 1.239296690466160200e+01 5.228543582558954628e-03
3.306984385308278888e+03 1.237967875115677607e+01 5.164432122021220435e-03
3.306986700072677195e+03 1.239282126364442327e+01 5.231917010367890565e-03
3.306989014837074592e+03 1.237739689377603014e+01 5.155378323322453403e-03
3.306991329601471989e+03 1.237746180312139721e+01 5.156491958707070354e-03
3.306993644365405089e+03 1.238484629920934310e+01 5.201259259550648079e-03
3.306995959129802031e+03 1.237875534167048741e+01 5.170909538371765146e-03
3.306998273894199428e+03 1.237115072395943294e+01 5.128206645551153936e-03
3.307000588658131619e+03 1.236558386726089154e+01 5.104073350769812271e-03
3.307002903422529471e+03 1.238567242647749289e+01 5.197001542259860850e-03
3.307005218186460297e+03 1.237123206986639978e+01 5.133066722728445164e-03
3.307007532950859058e+03 1.237458946725201869e+01 5.153166290150330668e-03
3.307009847715256456e+03 1.234673890900456072e+01 5.024190878894395189e-03
3.307012162479188191e+03 1.237745129451114501e+01 5.162698385014962039e-03
3.307014477243586043e+03 1.236595098805895887e+01 5.108468753651974718e-03
3.307016792007518234e+03 1.237937807115774369e+01 5.175838775290026068e-03
3.307019106771916086e+03 1.236339418141096402e+01 5.100749172017408038e-03
3.307021421535847367e+03 1.236540013614060562e+01 5.114799470750323006e-03
3.307023736299780012e+03 1.236979282104076283e+01 5.131784403706273617e-03
3.307026051064177409e+03 1.234813343580977651e+01 5.036298779043771150e-03
3.307028365828108690e+03 1.234129692855809779e+01 5.000451049944344174e-03
3.307030680592505632e+03 1.238202683262341175e+01 5.187358924913752778e-03
3.307032995356437823e+03 1.237045715541546187e+01 5.135922027272596738e-03
3.307035310120370468e+03 1.236261966313516325e+01 5.103958548603579684e-03
3.307037624884767865e+03 1.236278831565201131e+01 5.105135021920273984e-03
3.307039939648700056e+03 1.234264244079389883e+01 5.016836244122607757e-03
3.307042254412632246e+03 1.235689261422614038e+01 5.078104817411211586e-03
3.307044569176563982e+03 1.236559515891903338e+01 5.121700445652238066e-03
3.307046883940960925e+03 1.234310554616539690e+01 5.019882142308650791e-03
3.307049198704893115e+03 1.236811958751809470e+01 5.136251072531915034e-03
3.307051513468825760e+03 1.234216112336878446e+01 5.018444394555145009e-03
3.307053828232757041e+03 1.235427434217029585e+01 5.069816140901794131e-03
3.307056142996689232e+03 1.234905867275108093e+01 5.052228894799120837e-03
3.307058457760621422e+03 1.235964527437354477e+01 5.098441368496778661e-03
3.307060772525018820e+03 1.234321988286408711e+01 5.021038857242999046e-03
3.307063087288950555e+03 1.234933407705272579e+01 5.059271902566334772e-03
3.307065402052882746e+03 1.234093465334897211e+01 5.023538294018976835e-03
3.307067716816814936e+03 1.234903511123876285e+01 5.049156168517608678e-03
3.307070031580746672e+03 1.235180496373538439e+01 5.064330996199275549e-03
3.307072346344678408e+03 1.234492605756673811e+01 5.034650041960509609e-03
3.307074661108611053e+03 1.234742504529334362e+01 5.046454017287959823e-03
3.307076975872542789e+03 1.233212870832819874e+01 4.981856431275523758e-03
3.307079290636474525e+03 1.234176864991499656e+01 5.024638629985602421e-03
3.307081605400407170e+03 1.235331342920786746e+01 5.076165483845943883e-03
3.307083920164338906e+03 1.233712057241623761e+01 5.006858202253893636e-03
3.307086234928270642e+03 1.233044061980482375e+01 4.974785155186386108e-03
3.307088549691736262e+03 1.234698420148212961e+01 5.048807986505220169e-03
3.307090864455668452e+03 1.231383820493821091e+01 4.907970314232833545e-03
3.307093179219601552e+03 1.234940489841223155e+01 5.065944404444624669e-03
3.307095493983532378e+03 1.234216586084076717e+01 5.035097755407880009e-03
3.307097808747465024e+03 1.233844359336425534e+01 5.011900271328201782e-03
3.307100123510931553e+03 1.231806793029044123e+01 4.922145462462682898e-03
3.307102438274862379e+03 1.235223722760505183e+01 5.080378824657626018e-03
3.307104753038794570e+03 1.233222910372278314e+01 4.990942633663297996e-03
3.307107067802725851e+03 1.232176335033526193e+01 4.943354791807284300e-03
3.307109382566192380e+03 1.233530159665726345e+01 5.004770070775116202e-03
3.307111697330124571e+03 1.232365059406368424e+01 4.952296753619154189e-03
3.307114012094057216e+03 1.231555148279755763e+01 4.916265803923049182e-03
3.307116326857523745e+03 1.232679517756028709e+01 4.968816931968583935e-03
3.307118641621455481e+03 1.233356578402942638e+01 4.999195035537793742e-03
3.307120956385386307e+03 1.230847849905095970e+01 4.886928207243389569e-03
3.307123271148852837e+03 1.231744048123811908e+01 4.921252880542214755e-03
3.307125585912785482e+03 1.231501108207917383e+01 4.916691628146650089e-03
3.307127900676251556e+03 1.231343239206912443e+01 4.908302874807131920e-03
3.307130215440182383e+03 1.233375608226078768e+01 5.004588120625791392e-03
3.307132530203648912e+03 1.232206820305869321e+01 4.951919894080785041e-03
3.307134844967582467e+03 1.232705100851552160e+01 4.975964640959921678e-03
3.307137159731048541e+03 1.231029012374734144e+01 4.895910543311696693e-03
3.307139474494979822e+03 1.231272029274586011e+01 4.914926694556761948e-03
3.307141789258446806e+03 1.229965439979376995e+01 4.850883353264322587e-03
3.307144104021912426e+03 1.230994426949648002e+01 4.898537807314353072e-03
3.307146418785844617e+03 1.230546485165728754e+01 4.878286863751260527e-03
3.307148733549311146e+03 1.232288069370420303e+01 4.958015277612527229e-03
3.307151048313243336e+03 1.231966920178112623e+01 4.941814081604766450e-03
3.307153363076709411e+03 1.230363114925106771e+01 4.869607413954407833e-03
3.307155677840175940e+03 1.231370963795636264e+01 4.924710122258801719e-03
3.307157992603642469e+03 1.233198974664573022e+01 5.001158127060267161e-03
3.307160307367574205e+03 1.232512473730376534e+01 4.971107745515636854e-03
3.307162622131039370e+03 1.232758986800659962e+01 4.974634283901734066e-03
3.307164936894505900e+03 1.230903744539277511e+01 4.894040583020035570e-03
3.307167251657972884e+03 1.231570664978179686e+01 4.923404522005626373e-03
3.307169566421438958e+03 1.231601715133554364e+01 4.926437827780950213e-03
3.307171881185371149e+03 1.231040604339355760e+01 4.903108353541723446e-03
3.307174195948837223e+03 1.230760569697905993e+01 4.894010263545578443e-03
3.307176510712303298e+03 1.230759273077125648e+01 4.889886439273536355e-03
3.307178825475769372e+03 1.230655545133313744e+01 4.879976092422279310e-03
3.307181140239235901e+03 1.231311807211488230e+01 4.912679848196325333e-03
3.307183455002702431e+03 1.232164447361038029e+01 4.962355689242089508e-03
3.307185769766168505e+03 1.230093081216889672e+01 4.863074764454578848e-03
3.307188084529635034e+03 1.230922514445178884e+01 4.895770008323021769e-03
3.307190399293101564e+03 1.230105706040511571e+01 4.867354353967041393e-03
3.307192714056568093e+03 1.230221079299957410e+01 4.864178390073236116e-03
3.307195028820033258e+03 1.231633459570014644e+01 4.937600913784542279e-03
3.307197343583499787e+03 1.230590478994022341e+01 4.881706096983445993e-03
3.307199658346966316e+03 1.231530088482604590e+01 4.925024346244058666e-03
3.307201973110432391e+03 1.229599369070547255e+01 4.841024709827580590e-03
3.307204287873898465e+03 1.231002175747554084e+01 4.902222715016690303e-03
3.307206602637364995e+03 1.229853500440008318e+01 4.850688230749626573e-03
3.307208917400365863e+03 1.229645625916808704e+01 4.845982020358605841e-03
3.307211232163831482e+03 1.229898171833880660e+01 4.859893737108548356e-03
3.307213546927298921e+03 1.230929370132296974e+01 4.900735769556182481e-03
3.307215861690765450e+03 1.231368427029123502e+01 4.923832397382373917e-03
3.307218176454231525e+03 1.230771713415406587e+01 4.895304416103141154e-03
3.307220491217231483e+03 1.232150600130005813e+01 4.956489147502171622e-03
3.307222805980698013e+03 1.230781941330061535e+01 4.896069640959001441e-03
3.307225120744164542e+03 1.231591917270672987e+01 4.931428217899115271e-03
3.307227435507164955e+03 1.231625865644466167e+01 4.929023364394877378e-03
3.307229750270631939e+03 1.230350218309701305e+01 4.871781076265972212e-03
3.307232065034098468e+03 1.229954013195053797e+01 4.851322393230514916e-03
3.307234379797098427e+03 1.230345852470015799e+01 4.877789889333823160e-03
3.307236694560564501e+03 1.230988088663109892e+01 4.903829312841502010e-03
3.307239009323564915e+03 1.231487307431610567e+01 4.922984625518449578e-03
3.307241324087031444e+03 1.231110023271841492e+01 4.911746946533380141e-03
3.307243638850497518e+03 1.230013303616685150e+01 4.857018455630964654e-03
3.307245953613497932e+03 1.230287639433043445e+01 4.875326324807886455e-03
3.307248268376964461e+03 1.230996021032574106e+01 4.906349395489235064e-03
3.307250583139965329e+03 1.231573466588088728e+01 4.926824067552148557e-03
3.307252897902965742e+03 1.230536095294029941e+01 4.887557204155109324e-03
3.307255212666432271e+03 1.230620850022111945e+01 4.889507433997055709e-03
3.307257527429433594e+03 1.230070977749457128e+01 4.860303123532091520e-03
3.307259842192898759e+03 1.231435204360176172e+01 4.923016299770378336e-03
3.307262156955900082e+03 1.230447757678690657e+01 4.879219583422285920e-03
3.307264471718900950e+03 1.228460386344581323e+01 4.794443191768526201e-03
3.307266786482366570e+03 1.229561471314845811e+01 4.838721132124694686e-03
3.307269101245366983e+03 1.229671934025192037e+01 4.841412153413676527e-03
3.307271416008367851e+03 1.229299127331287167e+01 4.827122404830258388e-03
3.307273730771834380e+03 1.233329913119881915e+01 5.002922065425147863e-03
3.307276045534835248e+03 1.231765757850842746e+01 4.936556337186425412e-03
3.307278360297835206e+03 1.230216711653046247e+01 4.862314177067671682e-03
3.307280675060836074e+03 1.229833568383250508e+01 4.853130134669428157e-03
3.307282989823836942e+03 1.231757021820253151e+01 4.932035465904253957e-03
3.307285304587303017e+03 1.230757341435197638e+01 4.896350763224761871e-03
3.307287619350303885e+03 1.229987896658269264e+01 4.857905247034811046e-03
3.307289934113305208e+03 1.231983463052984362e+01 4.941206324161102545e-03
3.307292248876305621e+03 1.228746075152035111e+01 4.804012172834631021e-03
3.307294563639305579e+03 1.231089139879675365e+01 4.900917403663602838e-03
3.307296878402306447e+03 1.232320458034618937e+01 4.959392968958229592e-03
3.307299193165307770e+03 1.230835486467310247e+01 4.894954561777934907e-03
3.307301507928307728e+03 1.232411951466498934e+01 4.962245089995180256e-03
3.307303822691308596e+03 1.230150675176575525e+01 4.860402165370555569e-03
3.307306137454309464e+03 1.229697446727138654e+01 4.847463330629422917e-03
3.307308452217309878e+03 1.231638413851464975e+01 4.932853324419727258e-03
3.307310766980310291e+03 1.229788829231669212e+01 4.840749386383677751e-03
3.307313081743311159e+03 1.230900217292506582e+01 4.894715710083248281e-03
3.307315396506311572e+03 1.229270039740529263e+01 4.819940780770955689e-03
3.307317711269311985e+03 1.231905050602026819e+01 4.940771945826607191e-03
3.307320026032312398e+03 1.230755047127859392e+01 4.886096348311672402e-03
3.307322340795313721e+03 1.233013561937837821e+01 4.995383530891701201e-03
3.307324655557848018e+03 1.231466095818957385e+01 4.918783585120840157e-03
3.307326970320848432e+03 1.232421798136283897e+01 4.960470952594073744e-03
3.307329285083849754e+03 1.230601314009618719e+01 4.881035581069359877e-03
3.307331599846850622e+03 1.232197854358412670e+01 4.952184805884380162e-03
3.307333914609384919e+03 1.231135338475442964e+01 4.897695063881243698e-03
3.307336229372385787e+03 1.230579943105103169e+01 4.882293502881419889e-03
3.307338544135387110e+03 1.229711792178124163e+01 4.841169513989882107e-03
3.307340858898387523e+03 1.230867982203300315e+01 4.892170832630612400e-03
3.307343173660921366e+03 1.230842853648486646e+01 4.887323942121155236e-03
3.307345488423922689e+03 1.229753110845589781e+01 4.841578261100993284e-03
3.307347803186457440e+03 1.232801725762910650e+01 4.982158807806981449e-03
3.307350117949458308e+03 1.229880663089269532e+01 4.843260269713990998e-03
3.307352432712458722e+03 1.232344071763835558e+01 4.961067005883769594e-03
3.307354747474993928e+03 1.231983007929178520e+01 4.944400012102985985e-03
3.307357062237994796e+03 1.230716784547234610e+01 4.884691748011642243e-03
3.307359377000529548e+03 1.231450768510856975e+01 4.917614169479020067e-03
3.307361691763530416e+03 1.229940972781040287e+01 4.851650500368931071e-03
3.307364006526065623e+03 1.231546708572400917e+01 4.922731445505251248e-03
3.307366321289066491e+03 1.228749928376881506e+01 4.796274024234991294e-03
3.307368636051600333e+03 1.231816544773863065e+01 4.937403152657485542e-03
3.307370950814602111e+03 1.230343576066498734e+01 4.872629628026865604e-03
3.307373265577136863e+03 1.231767099630017448e+01 4.931279322573004983e-03
3.307375580339671615e+03 1.231424964117918996e+01 4.917067409131930383e-03
3.307377895102672483e+03 1.231468910325854615e+01 4.918932165395709273e-03
3.307380209865207689e+03 1.232241486454310220e+01 4.950184503605807064e-03
3.307382524627741986e+03 1.232177098619290945e+01 4.948124343637794360e-03
3.307384839390741945e+03 1.232813823590469404e+01 4.973667358335162082e-03
3.307387154153278061e+03 1.231977741081659339e+01 4.947165266397168110e-03
3.307389468915812358e+03 1.233088090997294550e+01 4.989139160817055926e-03
3.307391783678347565e+03 1.231932964094690774e+01 4.931133574182014305e-03
3.307394098441348433e+03 1.233792191030569541e+01 5.018201100137827629e-03
3.307396413203883640e+03 1.231876721184841728e+01 4.929789909330334514e-03
3.307398727966417937e+03 1.231872056620200517e+01 4.929475011225218674e-03
3.307401042728952689e+03 1.231240965251149788e+01 4.901705708791346053e-03
3.307403357491487441e+03 1.230800391729624188e+01 4.882576739628908050e-03
3.307405672254023102e+03 1.232390194575652131e+01 4.955046894181122652e-03
3.307407987016557854e+03 1.232505405696979572e+01 4.960770447120407302e-03
3.307410301779093516e+03 1.231900911017514844e+01 4.934928197625029940e-03
3.307412616541628722e+03 1.231457538911346283e+01 4.911527916640484603e-03
3.307414931304163019e+03 1.230145188408076962e+01 4.851571514371683103e-03
3.307417246066697317e+03 1.231502297985848315e+01 4.916742784951444976e-03
3.307419560829232978e+03 1.232641093045941538e+01 4.967940860527394684e-03
3.307421875591768185e+03 1.232539817176808583e+01 4.958536496498971644e-03
3.307424190354302482e+03 1.230859662359437579e+01 4.883042371939341070e-03
3.307426505116836779e+03 1.232073416798431076e+01 4.938765532475822458e-03
3.307428819879372895e+03 1.232970579184308590e+01 4.979001446381756471e-03
3.307431134641908557e+03 1.232637626705957068e+01 4.962809788018775550e-03
3.307433449404442399e+03 1.231102549014768499e+01 4.890144056241919890e-03
3.307435764166978061e+03 1.232452611721446267e+01 4.959732102593155008e-03
3.307438078929512812e+03 1.231371108296572814e+01 4.904518993116074692e-03
3.307440393691581903e+03 1.231327687274183091e+01 4.901496121949378525e-03
3.307442708454116655e+03 1.232055736031777649e+01 4.945341654098223301e-03
3.307445023216651862e+03 1.232977508905975483e+01 4.977444547306317593e-03
3.307447337979187523e+03 1.231682832738281874e+01 4.917307178866032330e-03
3.307449652741256614e+03 1.233235010303141976e+01 4.991122620023088173e-03
3.307451967503791366e+03 1.229550259750839736e+01 4.829840413627349560e-03
3.307454282266327027e+03 1.231525071376167801e+01 4.913746823211240580e-03
3.307456597028395663e+03 1.233160692465013852e+01 4.996021553848285605e-03
3.307458911790929960e+03 1.231337470184794647e+01 4.908268559418458091e-03
3.307461226553465167e+03 1.232160160376662539e+01 4.943014866529631818e-03
3.307463541315534712e+03 1.231669247798312128e+01 4.920985805074381408e-03
3.307465856078069464e+03 1.231406092348141357e+01 4.912833862433907406e-03
3.307468170840139464e+03 1.229717461203363804e+01 4.829847501508194307e-03
3.307470485602674671e+03 1.230468790017758529e+01 4.866329834174595685e-03
3.307472800364743307e+03 1.232779122164665431e+01 4.974267394198410991e-03
3.307475115127278059e+03 1.231485977859135872e+01 4.912841215722864308e-03
3.307477429889347604e+03 1.230939529154181677e+01 4.886483976094538155e-03
3.307479744651882356e+03 1.231727989673463775e+01 4.922066943337696267e-03
3.307482059413951447e+03 1.229418901597617797e+01 4.827114647822459276e-03
3.307484374176020992e+03 1.232311130505524233e+01 4.947277077128805871e-03
3.307486688938557108e+03 1.231880413230562787e+01 4.928564057722682398e-03
3.307489003700625290e+03 1.232180724020077101e+01 4.939985072839320548e-03
3.307491318463160496e+03 1.231273808927548430e+01 4.905463802815027662e-03
3.307493633225230042e+03 1.231975883968829422e+01 4.932977278142791633e-03
3.307495947987299587e+03 1.232154962863657133e+01 4.940386728349655497e-03
3.307498262749368223e+03 1.231815813338537069e+01 4.929699189296716383e-03
3.307500577511902975e+03 1.232463159953641352e+01 4.957325692274841891e-03
3.307502892273972975e+03 1.230523272169524596e+01 4.862039906090930008e-03
3.307505207036042520e+03 1.231554027568004273e+01 4.916140179750731927e-03
3.307507521798111611e+03 1.230463223811404738e+01 4.865179192503021194e-03
3.307509836560646363e+03 1.232369806840095094e+01 4.950949624018366989e-03
3.307512151322715908e+03 1.232893538159893332e+01 4.980542519337261692e-03
3.307514466084784999e+03 1.233169444085876165e+01 4.986443244353324158e-03
3.307516780846854090e+03 1.231117827518502494e+01 4.902121577592142253e-03
3.307519095608923635e+03 1.231283081572881599e+01 4.904575171386125337e-03
3.307521410370993181e+03 1.231273238864779174e+01 4.905270512739994329e-03
3.307523725133062726e+03 1.231958618221622892e+01 4.932725975066787512e-03
3.307526039895131817e+03 1.232386502470391321e+01 4.957809896186571655e-03
3.307528354657201362e+03 1.231688303547578833e+01 4.923391294317851392e-03
3.307530669419270453e+03 1.230576995555372122e+01 4.871663569101744931e-03
3.307532984181339089e+03 1.229716097850197976e+01 4.836797797340540266e-03
3.307535298943408634e+03 1.231069770330143065e+01 4.896909285852296331e-03
3.307537613705478179e+03 1.232766606979958013e+01 4.976005589452136765e-03
3.307539928467546815e+03 1.232530509346032588e+01 4.962299477566101125e-03
3.307542243229615906e+03 1.230864253925227025e+01 4.888180835896437787e-03
3.307544557991686361e+03 1.231360354258573331e+01 4.911297729021652306e-03
3.307546872753289790e+03 1.229077342000504025e+01 4.810245845010989452e-03
3.307549187515358426e+03 1.233177832865335510e+01 4.990618134753137085e-03
3.307551502277428426e+03 1.230975502228718987e+01 4.892335783604761200e-03
3.307553817039497972e+03 1.231392348669401215e+01 4.916266224820795526e-03
3.307556131801566607e+03 1.230399345142678769e+01 4.868814358703751552e-03
3.307558446563170492e+03 1.231638563089025951e+01 4.932157246251113632e-03
3.307560761325240037e+03 1.231521768380488524e+01 4.914069802969448821e-03
3.307563076087309128e+03 1.230603031442457151e+01 4.876554046918070949e-03
3.307565390848913012e+03 1.232245436834618779e+01 4.946618806009733631e-03
3.307567705610982557e+03 1.229690180091103713e+01 4.834246845162402245e-03
3.307570020373052103e+03 1.230342836025386788e+01 4.863345507839952203e-03
3.307572335134655532e+03 1.231219648944515299e+01 4.909351475733868264e-03
3.307574649896724168e+03 1.230915628200848744e+01 4.887999385875806645e-03
3.307576964658328052e+03 1.231917018157322374e+01 4.937861350724533603e-03
3.307579279420397597e+03 1.232060139764820228e+01 4.945229975094746037e-03
3.307581594182001481e+03 1.231911103991658152e+01 4.933671515828649476e-03
3.307583908944071027e+03 1.231308739663234775e+01 4.912190729061638624e-03
3.307586223705674456e+03 1.231718587276322552e+01 4.930070438821991703e-03
3.307588538467743547e+03 1.231969326266394837e+01 4.941407209070313236e-03
3.307590853229346976e+03 1.229655175879729434e+01 4.829607037300460114e-03
3.307593167991416522e+03 1.231202425402235079e+01 4.900313433311098699e-03
3.307595482753019951e+03 1.232033886369632469e+01 4.947875076238738429e-03
3.307597797514623380e+03 1.231975421570910001e+01 4.938620138969079636e-03
3.307600112276692926e+03 1.231300173839793999e+01 4.902954631592853704e-03
3.307602427038297719e+03 1.231048916810017779e+01 4.898163729454662121e-03
3.307604741799900694e+03 1.231790595103050734e+01 4.929754679673993036e-03
3.307607056561968875e+03 1.230985971353685926e+01 4.891224638008974217e-03
3.307609371323573214e+03 1.231415765540779717e+01 4.909707836878551834e-03
3.307611686085177098e+03 1.232138573566086492e+01 4.941445986067964299e-03
3.307614000847245734e+03 1.229544315734792370e+01 4.830178252833880644e-03
3.307616315608850073e+03 1.231650803240863290e+01 4.923928579186783762e-03
3.307618630370453502e+03 1.233360563927322495e+01 5.001294622438791360e-03
3.307620945132056477e+03 1.231492559517145402e+01 4.914838053608493011e-03
3.307623259893660361e+03 1.232671186365413263e+01 4.969484739654857035e-03
3.307625574655264700e+03 1.232171785480024440e+01 4.943837938895567601e-03
3.307627889416868584e+03 1.232069286571757161e+01 4.946480616822484210e-03
3.307630204178937674e+03 1.230791841349886084e+01 4.884855526072536674e-03
3.307632518940541104e+03 1.230741871567069268e+01 4.880227751765403403e-03
3.307634833702144988e+03 1.230787542955372516e+01 4.879069759765728397e-03
3.307637148463748417e+03 1.230244901774525346e+01 4.856266461320048709e-03
3.307639463225351847e+03 1.231457334637188872e+01 4.911679387487906737e-03
3.307641777986956185e+03 1.232360020819058377e+01 4.949675224727966005e-03
3.307644092748560070e+03 1.231914918866226927e+01 4.934548532848913836e-03
3.307646407509697383e+03 1.232895826958019114e+01 4.972867978968851903e-03
3.307648722271300358e+03 1.232154027437162291e+01 4.938086914944123454e-03
3.307651037032904696e+03 1.230903297350745618e+01 4.881224660728214308e-03
3.307653351794508580e+03 1.233906107162471244e+01 5.013165986536626678e-03
3.307655666556111555e+03 1.232587030137850626e+01 4.964789592379801296e-03
3.307657981317715439e+03 1.232204104676268130e+01 4.941606222516273933e-03
3.307660296079319778e+03 1.232659418863290668e+01 4.956885239488325288e-03
3.307662610840457546e+03 1.231446597947016208e+01 4.909478806129067251e-03
3.307664925602060976e+03 1.232904867581799024e+01 4.965730704047110339e-03
3.307667240363664405e+03 1.232022170079048173e+01 4.930400642467585789e-03
3.307669555125268289e+03 1.233180889357788779e+01 4.978495462918073981e-03
3.307671869886406057e+03 1.233595443971446848e+01 5.008856787119519635e-03
3.307674184648009941e+03 1.230718292153574644e+01 4.872648615952049171e-03
3.307676499409613371e+03 1.233967359323113122e+01 5.014873365248129905e-03
3.307678814170751139e+03 1.233059279291080124e+01 4.977933391162072709e-03
3.307681128932355023e+03 1.233238277796510118e+01 4.977340705347658989e-03
3.307683443693493246e+03 1.233324754669577850e+01 4.980143999329217711e-03
3.307685758455097130e+03 1.232768803042916872e+01 4.966754111587813082e-03
3.307688073216700559e+03 1.233993712749406235e+01 5.010821163901996514e-03
3.307690387977837872e+03 1.232009709741523018e+01 4.921149583643466552e-03
3.307692702739442211e+03 1.231964214817522496e+01 4.921656357134996003e-03
3.307695017500579979e+03 1.233624479387646034e+01 4.998585849784802256e-03
3.307697332262183409e+03 1.232072077291166146e+01 4.929744629344275271e-03
3.307699647023322086e+03 1.233289746550220656e+01 4.981736956763301027e-03
3.307701961784459854e+03 1.234266757499371181e+01 5.023768534079546717e-03
3.307704276546063738e+03 1.233373672550800215e+01 4.987432229400944397e-03
3.307706591307201961e+03 1.233808997544546138e+01 4.997002140050980749e-03
3.307708906068805391e+03 1.232441753104272841e+01 4.948005987772632897e-03
3.307711220829943159e+03 1.233145758684423221e+01 4.977053943798335003e-03
3.307713535591080472e+03 1.233663919113248575e+01 4.990014852233853014e-03
3.307715850352219149e+03 1.234068721843679128e+01 5.012890995732946497e-03
3.307718165113823488e+03 1.234708511721387048e+01 5.040120007668480798e-03
3.307720479874960802e+03 1.235045432252153574e+01 5.050433655000519974e-03
3.307722794636098570e+03 1.235220880515360520e+01 5.061523316634027221e-03
3.307725109397236338e+03 1.234751138612314314e+01 5.036318979388530043e-03
3.307727424158840677e+03 1.234362795350953945e+01 5.017971070634825656e-03
3.307729738919977990e+03 1.234539739363765953e+01 5.025760024709416580e-03
3.307732053681115758e+03 1.234249195533245924e+01 5.013101349132948956e-03
3.307734368442254436e+03 1.234916472882654226e+01 5.046601367830584085e-03
3.307736683203392204e+03 1.233490388071254706e+01 4.975956189285196153e-03
3.307738997964530427e+03 1.234678409124049558e+01 5.033308909646087848e-03
3.307741312725668649e+03 1.234923233423982580e+01 5.042120523947766011e-03
3.307743627486806417e+03 1.236065676832855509e+01 5.091138379459379110e-03
3.307745942247944186e+03 1.232835950277207004e+01 4.944700413271087280e-03
3.307748257009081954e+03 1.232706731382055665e+01 4.940013433043202902e-03
3.307750571770220631e+03 1.234414968353505948e+01 5.016560390173696073e-03
3.307752886531357490e+03 1.235689228550609897e+01 5.074893233137356234e-03
3.307755201292495258e+03 1.233836577272213653e+01 4.991053863989825500e-03
3.307757516053633481e+03 1.236323035446839036e+01 5.103210988976381209e-03
3.307759830814772613e+03 1.234576247737614985e+01 5.026222937867712640e-03
3.307762145575909926e+03 1.236525045236445131e+01 5.108613574870249190e-03
3.307764460337048149e+03 1.236294110109501432e+01 5.101843703407232637e-03
3.307766775097720711e+03 1.236434037630658267e+01 5.105575703731850788e-03
3.307769089858858479e+03 1.234950450510559961e+01 5.036408955390815970e-03
3.307771404619995337e+03 1.235558488092305929e+01 5.065245179747694497e-03
3.307773719381134015e+03 1.235238538673987208e+01 5.051258682997098425e-03
3.307776034141807486e+03 1.235798532986648013e+01 5.074650707412725614e-03
3.307778348902944344e+03 1.234438788246493957e+01 5.011559136553278733e-03
3.307780663664083022e+03 1.235196819625952358e+01 5.050233474900775281e-03
3.307782978425221700e+03 1.235599636829074832e+01 5.059999193129905218e-03
3.307785293185892897e+03 1.236889543670323910e+01 5.121823368640683258e-03
3.307787607947030665e+03 1.235509598228936667e+01 5.063266666866346292e-03
3.307789922707703226e+03 1.234332120114287612e+01 5.004428780454993168e-03
3.307792237468841449e+03 1.234554284970014670e+01 5.013814336407951093e-03
3.307794552229978763e+03 1.235963488009172551e+01 5.078680136200521694e-03
3.307796866990651324e+03 1.236727538847990893e+01 5.115452406617829184e-03
3.307799181751790002e+03 1.236968174288421096e+01 5.124537317068860939e-03
3.307801496512462563e+03 1.235605515222264827e+01 5.061055131915000692e-03
3.307803811273599877e+03 1.235676942895552699e+01 5.063315728328715570e-03
3.307806126034272438e+03 1.235658166722152806e+01 5.061137977274693736e-03
3.307808440794945000e+03 1.235224491604115826e+01 5.038113084481176708e-03
3.307810755555151445e+03 1.236463714010246839e+01 5.100400246306559943e-03
3.307813070316288758e+03 1.235776025888057816e+01 5.066386621350016557e-03
3.307815385076960865e+03 1.236871384290171250e+01 5.116900334294797320e-03
3.307817699837634336e+03 1.236231548149760506e+01 5.091183885602900902e-03
3.307820014598772104e+03 1.236599409856562737e+01 5.104426810843928908e-03
3.307822329359443756e+03 1.238723397098561385e+01 5.206363164075684773e-03
3.307824644120116318e+03 1.237561230195263740e+01 5.145546326505314079e-03
3.307826958881254541e+03 1.236508985434109498e+01 5.096846226785582863e-03
3.307829273641926193e+03 1.236398435355176950e+01 5.088897083236865529e-03
3.307831588402598754e+03 1.236287393975614179e+01 5.087487559505678679e-03
3.307833903163272225e+03 1.236867794274119525e+01 5.122226103458004873e-03
3.307836217923943877e+03 1.236895894468564450e+01 5.123416617941656606e-03
3.307838532685082100e+03 1.234711199648340063e+01 5.012394983924730631e-03
3.307840847445754662e+03 1.236789775249595102e+01 5.104113165163973176e-03
3.307843162206426314e+03 1.238193235592990149e+01 5.175508611373712611e-03
3.307845476967098421e+03 1.237451583712532610e+01 5.138999592840253448e-03
3.307847791727770982e+03 1.238014714683602335e+01 5.165344109574341452e-03
3.307850106488443544e+03 1.238327394247315283e+01 5.177762156373319491e-03
3.307852421249115650e+03 1.236189511286182352e+01 5.082020293405814862e-03
3.307854736009789121e+03 1.237372028075678188e+01 5.130091427769858416e-03
3.307857050770461683e+03 1.238098904267155476e+01 5.170842958198724505e-03
3.307859365531132880e+03 1.237683392043318165e+01 5.144407509232392511e-03
3.307861680291804987e+03 1.237724726445452461e+01 5.149653617891511957e-03
3.307863995052478003e+03 1.237785895240828893e+01 5.149739035653967158e-03
3.307866309813150565e+03 1.238739356079003961e+01 5.192063482754093878e-03
3.307868624573356556e+03 1.236098373915921123e+01 5.074526383894457232e-03
3.307870939334028662e+03 1.237354945653425098e+01 5.140583626027348668e-03
3.307873254094701224e+03 1.238279694431286693e+01 5.175189874705070706e-03
3.307875568855373785e+03 1.238982638327803620e+01 5.207721163417708410e-03
3.307877883616045892e+03 1.238731023186831059e+01 5.199449470380220970e-03
3.307880198376253247e+03 1.238107285088024412e+01 5.166241681134044368e-03
3.307882513136925809e+03 1.237448928730839626e+01 5.134550352300881922e-03
3.307884827897597461e+03 1.239192138725067061e+01 5.211403551256469160e-03
3.307887142658269568e+03 1.238173442008249481e+01 5.174555973572638259e-03
3.307889457418476013e+03 1.236944884138940814e+01 5.115338759814702131e-03
3.307891772179149029e+03 1.236911916497551189e+01 5.109752160632450441e-03
3.307894086939820227e+03 1.237022019385491234e+01 5.111983741000627676e-03
3.307896401700028036e+03 1.238425786196395961e+01 5.178925226861680504e-03
3.307898716460700598e+03 1.238073859985566472e+01 5.160195447136721979e-03
3.307901031220906589e+03 1.239484403198869344e+01 5.232205178440201172e-03
3.307903345981578241e+03 1.239052823208170651e+01 5.207832988688391486e-03
3.307905660741785141e+03 1.238021096144351674e+01 5.166700607544168385e-03
3.307907975502457703e+03 1.239771918118115046e+01 5.241697535105418332e-03
3.307910290262664148e+03 1.236204872776758101e+01 5.073578780429768148e-03
3.307912605023337164e+03 1.238267533413676702e+01 5.167456726509194777e-03
3.307914919783544519e+03 1.236725820840540280e+01 5.106433633306982009e-03
3.307917234544216171e+03 1.237342938437943829e+01 5.135456817606252715e-03
3.307919549304422617e+03 1.238064940049680906e+01 5.160863466097035876e-03
3.307921864064629062e+03 1.237098420932113640e+01 5.114077760270246790e-03
3.307924178825301624e+03 1.236019924033091932e+01 5.069877848788725480e-03
3.307926493585508069e+03 1.237730552085687563e+01 5.146468123621857939e-03
3.307928808345714970e+03 1.237962088879218925e+01 5.169084748459080308e-03
3.307931123105921415e+03 1.235535592350677447e+01 5.051941719923123617e-03
3.307933437866594431e+03 1.237167570914595949e+01 5.125902370211514111e-03
3.307935752626800422e+03 1.238479450435288065e+01 5.190703825206769741e-03
3.307938067387006868e+03 1.238540959555300169e+01 5.186764800318739189e-03
3.307940382147214223e+03 1.238569272448891212e+01 5.188055665974168618e-03
3.307942696907885875e+03 1.236830100377473940e+01 5.119442016418929674e-03
3.307945011668092775e+03 1.236194919059795261e+01 5.080966018799556658e-03
3.307947326428298766e+03 1.237082820901460778e+01 5.119142291191970846e-03
3.307949641188507030e+03 1.236356762171737600e+01 5.091237972236394883e-03
3.307951955948713021e+03 1.236162925565391824e+01 5.077463635501008529e-03
3.307954270708919921e+03 1.235878527931017246e+01 5.069894851061762867e-03
3.307956585469126367e+03 1.238357707147332221e+01 5.181077503676553668e-03
3.307958900229333267e+03 1.236866562038113670e+01 5.111620951223781913e-03
3.307961214989539258e+03 1.235515397473653465e+01 5.064093192609790510e-03
3.307963529749746158e+03 1.236079295277994383e+01 5.082911913022953969e-03
3.307965844509952603e+03 1.238347990929038289e+01 5.183727549719234495e-03
3.307968159270159049e+03 1.236565336338850329e+01 5.104838097473900910e-03
3.307970474030366404e+03 1.236807190173748516e+01 5.117493745990146260e-03
3.307972788790573759e+03 1.235648068053856363e+01 5.061042272373654852e-03
3.307975103550314088e+03 1.236682252436709817e+01 5.111615570179088748e-03
3.307977418310520534e+03 1.236116883587525983e+01 5.084604568664103166e-03
3.307979733070726979e+03 1.235552849540066056e+01 5.065970019522050144e-03
3.307982047830933880e+03 1.235521353869182448e+01 5.069673044077234285e-03
3.307984362591139870e+03 1.234861056334600349e+01 5.031362828734814441e-03
3.307986677350881564e+03 1.235218153546787967e+01 5.046845303192670947e-03
3.307988992111088464e+03 1.233461584342312811e+01 4.966093651627662836e-03
3.307991306871294910e+03 1.235584588184044108e+01 5.065039064747431721e-03
3.307993621631035239e+03 1.233272913914591484e+01 4.958698848705285836e-03
3.307995936391243049e+03 1.235505945130651462e+01 5.067083093442564454e-03
3.307998251151449495e+03 1.236168967183999712e+01 5.094171823996411670e-03
3.308000565911189824e+03 1.237764035827203912e+01 5.182685075958413413e-03
3.308002880671397179e+03 1.232655979580023953e+01 4.931903277065293953e-03
3.308005195431604079e+03 1.234219496589810028e+01 5.008141991087115830e-03
3.308007510191344863e+03 1.235741688293139617e+01 5.077833774780917721e-03
3.308009824951551309e+03 1.235015956895236222e+01 5.042976307505066778e-03
3.308012139711293003e+03 1.234257817673503510e+01 5.007310613728445728e-03
3.308014454471499448e+03 1.234483487526355816e+01 5.023962578981743497e-03
3.308016769231239778e+03 1.234732307097181270e+01 5.039236052770098943e-03
3.308019083990980562e+03 1.232134028142940174e+01 4.919326462004831868e-03
3.308021398751187462e+03 1.235038918739003755e+01 5.057220661787038656e-03
3.308023713510928246e+03 1.233235691944631007e+01 4.971543657472450757e-03
3.308026028271135146e+03 1.235101073776411340e+01 5.064396892621471184e-03
3.308028343030876840e+03 1.234192967232013061e+01 5.013365564130805099e-03
3.308030657790618534e+03 1.234277266647308480e+01 5.019215957824486873e-03
3.308032972550824525e+03 1.235101075091869127e+01 5.053065857284518361e-03
3.308035287310564399e+03 1.233340765692714314e+01 4.980935319883353883e-03
3.308037602070306093e+03 1.234903768165460392e+01 5.048174250203534864e-03
3.308039916830046877e+03 1.233718226169988164e+01 4.995680850182083327e-03
3.308042231589787662e+03 1.234809466488413143e+01 5.042492910289262352e-03
3.308044546349994562e+03 1.233670108504342977e+01 5.002535862004039990e-03
3.308046861109735346e+03 1.233600884100212269e+01 4.995033224522178045e-03
3.308049175869477040e+03 1.232017200781156596e+01 4.925791963883161331e-03
3.308051490629217369e+03 1.232768617496761365e+01 4.954760212577810283e-03
3.308053805388959063e+03 1.231834985873637756e+01 4.918619430388558068e-03
3.308056120148699392e+03 1.232672688894951385e+01 4.954493728797223877e-03
3.308058434908440631e+03 1.231997334300078961e+01 4.922437008144190176e-03
3.308060749668181415e+03 1.233781498291261336e+01 5.007500624443154968e-03
3.308063064427923109e+03 1.233924560448738106e+01 5.013152317137758648e-03
3.308065379187663893e+03 1.232059636081552156e+01 4.922617460749382015e-03
3.308067693947404223e+03 1.232049116795087151e+01 4.929800649271736009e-03
3.308070008707145917e+03 1.232459218478929763e+01 4.947707632047076108e-03
3.308072323466887610e+03 1.234086795742334353e+01 5.014213435833993898e-03
3.308074638226627485e+03 1.231790626779876874e+01 4.918545009424324030e-03
3.308076952986369179e+03 1.233171737572947713e+01 4.975228788620601923e-03
3.308079267746110418e+03 1.233189640499460005e+01 4.979047362491250024e-03
3.308081582505850747e+03 1.234667225378604982e+01 5.048843793783207475e-03
3.308083897265125415e+03 1.231960124564026771e+01 4.922854347653117177e-03
3.308086212024868018e+03 1.232511092925612495e+01 4.945715928105385781e-03
3.308088526784608803e+03 1.230381831397255077e+01 4.858463372595147808e-03
3.308090841544349587e+03 1.231184910070878580e+01 4.890628408763255178e-03
3.308093156303624710e+03 1.230771759999980119e+01 4.875085327918327396e-03
3.308095471063365494e+03 1.232371722390780988e+01 4.944644546069787254e-03
3.308097785823106278e+03 1.232640842045528728e+01 4.963491491603157051e-03
3.308100100582381401e+03 1.231462367568580163e+01 4.900527155983629667e-03
3.308102415342123095e+03 1.231784226681072347e+01 4.921970835877056277e-03
3.308104730101863879e+03 1.233859755932157398e+01 5.009961293750132133e-03
3.308107044861139457e+03 1.232254226363329686e+01 4.941136180789076036e-03
3.308109359620879331e+03 1.232840727361005051e+01 4.965747092278385844e-03
3.308111674380154909e+03 1.231417409500155813e+01 4.905840841129721283e-03
3.308113989139896603e+03 1.231590051855224743e+01 4.911313669644167858e-03
3.308116303899171726e+03 1.233314014268733771e+01 4.986809387491296895e-03
3.308118618658912965e+03 1.233984458949369589e+01 5.019686598700614025e-03
3.308120933418188542e+03 1.231062817885226757e+01 4.884519852932730881e-03
3.308123248177929327e+03 1.231068688005376188e+01 4.887246573721431078e-03
3.308125562937204450e+03 1.232770372765738820e+01 4.961198064471485439e-03
3.308127877696480027e+03 1.230705448915542455e+01 4.870753619056259615e-03
3.308130192456221266e+03 1.233184734521381287e+01 4.979605657608093643e-03
3.308132507215495934e+03 1.234210870581560826e+01 5.023040317365144898e-03
3.308134821974771967e+03 1.233014187539889939e+01 4.969309010914206050e-03
3.308137136734512751e+03 1.232617650638046314e+01 4.948561933256344358e-03
3.308139451493787874e+03 1.234147181740325294e+01 5.018449003474182227e-03
3.308141766253062997e+03 1.232003190986884533e+01 4.928861699335611649e-03
3.308144081012339029e+03 1.230456597134785568e+01 4.854774487689693385e-03
3.308146395771614607e+03 1.232264779792456899e+01 4.934077576733983742e-03
3.308148710531354936e+03 1.231743647822003496e+01 4.915504739676865124e-03
3.308151025290630969e+03 1.232920084458034893e+01 4.975983042063413311e-03
3.308153340049906546e+03 1.233191566940416628e+01 4.978460794907886566e-03
3.308155654809181215e+03 1.232000233480020945e+01 4.926263110435282616e-03
3.308157969568455883e+03 1.232302032850113349e+01 4.936242683891285156e-03
3.308160284327731461e+03 1.231777248024363836e+01 4.915341432568556650e-03
3.308162599087007493e+03 1.232747360062938391e+01 4.958057174973378757e-03
3.308164913846283071e+03 1.233045089107107728e+01 4.972318625777217248e-03
3.308167228605557284e+03 1.230132065036457867e+01 4.838265596080887354e-03
3.308169543364832862e+03 1.231862971068403034e+01 4.920499885829159210e-03
3.308171858124108894e+03 1.232437882348314062e+01 4.946421765357145173e-03
3.308174172883384017e+03 1.231995645410422036e+01 4.922213656392941672e-03
3.308176487642659595e+03 1.231711497247549403e+01 4.913915218454420822e-03
3.308178802401935172e+03 1.232652434026199906e+01 4.955386403654348654e-03
3.308181117161209841e+03 1.232558752617684483e+01 4.959072542645999448e-03
3.308183431920019757e+03 1.231596000457509277e+01 4.910238571739508964e-03
3.308185746679294880e+03 1.233123621997026298e+01 4.979599260661517028e-03
3.308188061438570458e+03 1.232121733745952064e+01 4.930080428667505017e-03
3.308190376197845580e+03 1.232160959253964272e+01 4.932191157337051206e-03
3.308192690957121158e+03 1.232098526300948826e+01 4.931836198210094377e-03
3.308195005715931075e+03 1.233129237643470155e+01 4.982610671006739919e-03
3.308197320475205743e+03 1.231170238688801710e+01 4.888803209707085623e-03
3.308199635234480411e+03 1.231280719595001294e+01 4.892213493844142953e-03
3.308201949993291237e+03 1.231931688838636951e+01 4.933774201129002487e-03
3.308204264752566814e+03 1.232387542004354941e+01 4.941714050727998020e-03
3.308206579511375821e+03 1.231960011031170410e+01 4.924251381394250532e-03
3.308208894270651399e+03 1.232728431758946286e+01 4.958944871246903467e-03
3.308211209029927431e+03 1.231751872867850039e+01 4.920358051121453101e-03
3.308213523788736438e+03 1.233086092719194227e+01 4.984215548710716794e-03
3.308215838548011561e+03 1.233645174810017053e+01 5.006315429250228141e-03
3.308218153306821478e+03 1.231799519204687421e+01 4.916582654418583630e-03
3.308220468066097055e+03 1.231709966384880950e+01 4.915060796132939697e-03
3.308222782824906972e+03 1.231603600058819659e+01 4.914906438975221760e-03
3.308225097583716433e+03 1.231032386126976519e+01 4.884679763551970193e-03
3.308227412342992466e+03 1.229712203940643711e+01 4.831794618192710063e-03
3.308229727101801473e+03 1.232353656966524014e+01 4.947003337173837625e-03
3.308232041861076596e+03 1.232432265454436582e+01 4.946495962129373106e-03
3.308234356619886512e+03 1.232052152557320213e+01 4.935930417045332128e-03
3.308236671378696428e+03 1.231992707304130796e+01 4.925443892459571357e-03
3.308238986137505890e+03 1.232568873760428119e+01 4.950162237252053211e-03
3.308241300896781013e+03 1.231013636562644820e+01 4.894330539364258673e-03
3.308243615655590929e+03 1.232085491114771969e+01 4.933961384896053994e-03
3.308245930414400391e+03 1.230678873601739376e+01 4.871017361844676673e-03
3.308248245173209853e+03 1.231700890483817368e+01 4.915953944062427874e-03
3.308250559932020224e+03 1.230435639821435956e+01 4.862863054612342681e-03
3.308252874691294892e+03 1.230883951588811520e+01 4.879328924205327336e-03
3.308255189450104808e+03 1.233047772828746780e+01 4.974821062728579206e-03
3.308257504208913360e+03 1.232179653919236451e+01 4.938644544885017161e-03
3.308259818967723731e+03 1.232852404830549986e+01 4.977898093790512381e-03
3.308262133726534557e+03 1.233375017641144211e+01 4.998997860590877022e-03
3.308264448485343564e+03 1.229379631743770496e+01 4.821596268446216686e-03
3.308266763244153481e+03 1.230468276503886393e+01 4.862988708571120561e-03
3.308269078002962942e+03 1.230973082624586823e+01 4.892969233111730057e-03
3.308271392761772404e+03 1.232372990888694808e+01 4.943300513809670456e-03
3.308273707520581411e+03 1.231185831793569641e+01 4.903422920090349559e-03
3.308276022279391327e+03 1.231782154518919015e+01 4.924006971846330710e-03
3.308278337038201698e+03 1.230829173061734672e+01 4.883781940261638747e-03
3.308280651796545953e+03 1.232330631616268057e+01 4.940713624514065684e-03
3.308282966555355415e+03 1.231110922884940528e+01 4.903284027497440030e-03
3.308285281314165331e+03 1.231295279069843929e+01 4.897788475854883417e-03
3.308287596072974338e+03 1.231624791076212944e+01 4.913897190166686621e-03
3.308289910831784255e+03 1.233328615927055871e+01 4.991064435786628055e-03
3.308292225590128510e+03 1.231116194770794436e+01 4.890371317379609700e-03
3.308294540348938426e+03 1.230988244610401594e+01 4.881866907578726912e-03
3.308296855107747888e+03 1.231310517517841596e+01 4.899800640320093985e-03
3.308299169866558259e+03 1.231552585093879593e+01 4.905603148963965862e-03
3.308301484624902514e+03 1.232199701818021964e+01 4.944255120069527935e-03
3.308303799383711521e+03 1.230718289932728560e+01 4.872685875176250778e-03
3.308306114142054867e+03 1.231467269175175261e+01 4.912708068607741022e-03
3.308308428900864783e+03 1.231354596528937506e+01 4.902525766188103873e-03
3.308310743659675154e+03 1.232783206580739233e+01 4.965317116831827540e-03
3.308313058418018500e+03 1.231347942655009753e+01 4.902110339753095770e-03
3.308315373176827961e+03 1.230909582759255549e+01 4.877980334738762393e-03
3.308317687935173126e+03 1.231302514185775543e+01 4.896899619018391797e-03
3.308320002693982588e+03 1.230959010604623671e+01 4.880687971129569862e-03
3.308322317452325933e+03 1.231853883309019082e+01 4.920539783913722813e-03
3.308324632210669733e+03 1.231909367367704178e+01 4.923698679415713583e-03
3.308326946969480105e+03 1.232302008256132986e+01 4.944826055115820150e-03
3.308329261727823450e+03 1.234579650337554568e+01 5.043888473310062862e-03
3.308331576486632457e+03 1.234635944926094986e+01 5.055995649013059201e-03
3.308333891244977167e+03 1.232517246178237968e+01 4.955126206340143558e-03
3.308336206003321422e+03 1.232296459017416623e+01 4.944866928877383883e-03
3.308338520761665677e+03 1.233669684615451168e+01 5.006830990060205135e-03
3.308340835520475594e+03 1.232871499635692736e+01 4.970440476410506979e-03
3.308343150278819394e+03 1.230320857173311389e+01 4.854396767177405342e-03
3.308345465037163194e+03 1.232405895774992288e+01 4.952018402504753357e-03
3.308347779795506995e+03 1.232340640705217183e+01 4.945910234717211355e-03
3.308350094554316456e+03 1.232365467154616923e+01 4.949377589283402053e-03
3.308352409312661166e+03 1.232343569889838619e+01 4.938495042981183927e-03
3.308354724071005421e+03 1.232517858632860275e+01 4.952128453025148730e-03
3.308357038829349676e+03 1.231138178257740279e+01 4.894097088850543273e-03
3.308359353587693477e+03 1.232468741160407788e+01 4.948713815714811219e-03
3.308361668346037732e+03 1.232245865831671239e+01 4.932932020375744610e-03
3.308363983104381077e+03 1.230740818209627108e+01 4.869790542090379239e-03
3.308366297862724878e+03 1.232837598039066407e+01 4.961518266679654753e-03
3.308368612621069587e+03 1.231291706192980939e+01 4.899646745463347858e-03
3.308370927379412933e+03 1.232870839990941469e+01 4.964223374851438331e-03
3.308373242137757188e+03 1.232857052263531905e+01 4.961017663028931095e-03
3.308375556896101898e+03 1.231685705246995077e+01 4.918209932201646380e-03
3.308377871654445698e+03 1.232817660338086974e+01 4.959664829976070423e-03
3.308380186412789499e+03 1.230111806382482165e+01 4.845006693083028261e-03
3.308382501170668093e+03 1.231632603459135389e+01 4.913064550346808897e-03
3.308384815929011893e+03 1.231344564787891471e+01 4.901828320531899201e-03
3.308387130687355238e+03 1.231812823584005123e+01 4.918789494377617637e-03
3.308389445445699494e+03 1.231696163354341600e+01 4.912769964529258536e-03
3.308391760203578087e+03 1.231121362466088343e+01 4.883477837530712969e-03
3.308394074961921888e+03 1.231295056984059499e+01 4.893579460491410092e-03
3.308396389720266143e+03 1.231513020711467377e+01 4.904326081810602214e-03
3.308398704478609943e+03 1.231320174490700303e+01 4.894540426366738965e-03
3.308401019236488992e+03 1.232181617518425298e+01 4.937045574434172253e-03
3.308403333994832792e+03 1.230082802516075979e+01 4.843416795344798395e-03
3.308405648752710476e+03 1.231395837554022599e+01 4.902164069863807101e-03
3.308407963511054277e+03 1.232532177552586994e+01 4.956196396147127640e-03
3.308410278269398987e+03 1.230924793275074514e+01 4.880858810389887212e-03
3.308412593027277580e+03 1.229993387826034201e+01 4.838517560572797027e-03
3.308414907785621381e+03 1.231945351886762019e+01 4.923219224836527380e-03
3.308417222543500429e+03 1.231449706694248825e+01 4.897559492998980295e-03
3.308419537301843775e+03 1.231223513339788056e+01 4.896693649063316688e-03
3.308421852059721459e+03 1.232282110084186755e+01 4.941747411797023370e-03
3.308424166817600508e+03 1.231827360073253530e+01 4.925106930919704445e-03
3.308426481575944308e+03 1.230106634074901173e+01 4.846824483483786437e-03
3.308428796333822447e+03 1.230948280413728924e+01 4.881130671342279528e-03
3.308431111091701041e+03 1.230427670720814071e+01 4.860405141195731256e-03
3.308433425850045751e+03 1.232133283498758480e+01 4.935140708713058912e-03
3.308435740607923890e+03 1.230738625918606211e+01 4.884727092836283965e-03
3.308438055365802029e+03 1.231576249269549805e+01 4.903418767663401262e-03
3.308440370124145829e+03 1.230229684407565216e+01 4.846214618349459907e-03
3.308442684882024423e+03 1.231923279886464861e+01 4.928352322317215012e-03
3.308444999639902562e+03 1.230506576792187268e+01 4.864647388665879583e-03
3.308447314397780701e+03 1.231538791560871537e+01 4.914987192122606020e-03
3.308449629155658840e+03 1.230803679969130471e+01 4.876543263363694244e-03
3.308451943913537434e+03 1.230650558968072161e+01 4.872086731423226104e-03
3.308454258671882144e+03 1.231183092313190208e+01 4.899894759839965377e-03
3.308456573429760283e+03 1.231974832584468693e+01 4.941361467484273531e-03
3.308458888187638877e+03 1.230068800097674497e+01 4.854467354462444102e-03
3.308461202945517016e+03 1.231311128168418279e+01 4.900022237385174423e-03
3.308463517703395155e+03 1.230216395890931302e+01 4.849628527168105101e-03
3.308465832461273294e+03 1.231570529931842550e+01 4.912766799971842076e-03
3.308468147219151888e+03 1.229094096595132157e+01 4.803779553414386574e-03
3.308470461977030482e+03 1.230193456112977479e+01 4.854228756878056252e-03
3.308472776734443414e+03 1.231206641516779854e+01 4.897523572013412312e-03
3.308475091492322008e+03 1.231663377655566372e+01 4.915917045634167135e-03
3.308477406250199238e+03 1.231203615065636114e+01 4.895567934166576533e-03
3.308479721008077377e+03 1.231329415271070005e+01 4.901642671878292043e-03
3.308482035765956425e+03 1.232025354853812971e+01 4.931787118265891848e-03
3.308484350523835019e+03 1.231827486009457218e+01 4.925886939776055566e-03
3.308486665281247497e+03 1.231615653679453359e+01 4.913588501408701001e-03
3.308488980039126091e+03 1.231018002431167879e+01 4.891982557106521953e-03
3.308491294797005139e+03 1.230985958334294672e+01 4.881222018020677997e-03
3.308493609554882369e+03 1.229637069916930159e+01 4.832463252992900450e-03
3.308495924312294846e+03 1.231131698183351020e+01 4.892838759474250031e-03
3.308498239070173440e+03 1.231441445553148029e+01 4.916915659869879225e-03
3.308500553828052489e+03 1.229924837273225435e+01 4.836636322850940486e-03
3.308502868585464512e+03 1.230932858973304000e+01 4.888567694634526895e-03
3.308505183343343106e+03 1.231096131704524232e+01 4.889460503265807487e-03
3.308507498100756493e+03 1.230632764532123424e+01 4.872332094936206517e-03
3.308509812858634177e+03 1.230005120440326394e+01 4.845625260975614489e-03
3.308512127616047110e+03 1.230056245914253488e+01 4.849212622466479716e-03
3.308514442373925704e+03 1.229321080376357322e+01 4.814257597375352048e-03
3.308516757131338636e+03 1.230831202641278921e+01 4.879336337990771398e-03
3.308519071889216320e+03 1.231322673713495242e+01 4.901754414517424212e-03
3.308521386646628343e+03 1.231537213176122059e+01 4.911474242807012218e-03
3.308523701404041276e+03 1.231085143775467117e+01 4.894645842530699273e-03
3.308526016161919870e+03 1.232479180272738084e+01 4.956369841834568600e-03
3.308528330919332802e+03 1.231634504684552667e+01 4.916540025864954769e-03
3.308530645676745735e+03 1.230081269224730178e+01 4.843697078942818535e-03
3.308532960434624329e+03 1.232042648466637580e+01 4.942186032060195099e-03
3.308535275192036352e+03 1.230256543653791823e+01 4.855192370510693668e-03
3.308537589949448829e+03 1.229420936168230050e+01 4.820366115419611776e-03
3.308539904707327423e+03 1.232077452238218207e+01 4.935206265598545902e-03
3.308542219464739901e+03 1.231023215142259630e+01 4.883692956960158059e-03
3.308544534222152379e+03 1.231213360747542929e+01 4.898309056787716886e-03
3.308546848979564857e+03 1.231211608394694501e+01 4.896846583838810468e-03
3.308549163736979153e+03 1.231017680010187831e+01 4.883632243629657844e-03
3.308551478494391631e+03 1.232089518756704294e+01 4.931456953031068853e-03
3.308553793251803654e+03 1.230872327574251024e+01 4.881207160008107712e-03
3.308556108009216587e+03 1.232919152332396351e+01 4.971355870919885907e-03
3.308558422766629519e+03 1.229238376078312456e+01 4.808648790779969720e-03
3.308560737524041542e+03 1.231008496078158210e+01 4.886471098068670242e-03
3.308563052281454475e+03 1.231763715718770769e+01 4.919927529597063406e-03
3.308565367038867407e+03 1.231279989305515166e+01 4.896233832685486370e-03
3.308567681796279430e+03 1.231421835683865318e+01 4.904050336391166734e-03
3.308569996553692363e+03 1.232271720103939572e+01 4.947634702088620981e-03
3.308572311311105295e+03 1.231300933285682575e+01 4.898848539306763228e-03
3.308574626068518683e+03 1.232823756726485342e+01 4.961562376332758449e-03
3.308576940825930251e+03 1.232439009666362750e+01 4.945236139766401133e-03
3.308579255582877977e+03 1.230652415145918255e+01 4.868677840434948272e-03
3.308581570340290909e+03 1.230424023274506595e+01 4.853599123209276223e-03
3.308583885097702932e+03 1.231869965416060531e+01 4.919592634280482712e-03
3.308586199855115865e+03 1.230550090414084607e+01 4.858776616898970689e-03
3.308588514612063591e+03 1.232156440839596456e+01 4.939491075064527358e-03
3.308590829369476523e+03 1.232514879725448509e+01 4.942092355933688265e-03
3.308593144126888546e+03 1.232158522851447024e+01 4.930737667723895414e-03
3.308595458883834908e+03 1.231133114526470074e+01 4.887092598347307464e-03
3.308597773641247841e+03 1.232195701765766138e+01 4.928029864702641524e-03
3.308600088398660773e+03 1.233381481564259730e+01 4.985716362632204926e-03
3.308602403155607590e+03 1.233233392955267149e+01 4.974825672172639157e-03
3.308604717913020977e+03 1.232812261256769659e+01 4.953608816948815857e-03
3.308607032669968703e+03 1.232625468198868646e+01 4.945694339610485178e-03
3.308609347427380271e+03 1.233769445346781168e+01 4.998039059162353095e-03
3.308611662184327088e+03 1.232928621371515199e+01 4.954450123409342641e-03
3.308613976941740020e+03 1.231127717259499121e+01 4.878223215298470999e-03
3.308616291698686837e+03 1.233661149135115309e+01 4.985319446809858418e-03
3.308618606455633198e+03 1.232251975690127921e+01 4.930053394839614342e-03
3.308620921213047041e+03 1.233481512201255903e+01 4.987964044872594468e-03
3.308623235969994312e+03 1.232966737633767451e+01 4.956001318849827426e-03
3.308625550726941583e+03 1.235258120470500387e+01 5.064256178319276498e-03
3.308627865484353606e+03 1.234345970320828378e+01 5.025322573765829588e-03
3.308630180241300422e+03 1.233395336728442082e+01 4.976611910096013884e-03
3.308632494998248148e+03 1.235316377241060515e+01 5.062996097041519948e-03
3.308634809755194510e+03 1.236213654829604991e+01 5.098807699351904851e-03
3.308637124512607443e+03 1.234624339577677432e+01 5.032362134398904625e-03
3.308639439269554714e+03 1.232821553967128736e+01 4.949871560488825276e-03
3.308641754026501530e+03 1.234576410672450031e+01 5.022361251222534455e-03
3.308644068783448347e+03 1.234189725651800984e+01 5.007580831271036571e-03
3.308646383540396073e+03 1.233346701462222939e+01 4.974710183803129210e-03
3.308648698297342889e+03 1.234341580628542445e+01 5.013215168757616941e-03
3.308651013054289251e+03 1.234560430370174444e+01 5.019871922924299019e-03
3.308653327811236977e+03 1.235217228584254734e+01 5.048419910934196300e-03
3.308655642568184703e+03 1.234147237307799827e+01 5.000712122831528841e-03
3.308657957325131065e+03 1.234237615336660099e+01 5.004174894739668762e-03
3.308660272082077427e+03 1.234321091766778622e+01 5.006440634790930780e-03
3.308662586839025153e+03 1.235488374102186349e+01 5.061096386513579126e-03
3.308664901595972424e+03 1.235538641560024153e+01 5.059703957507096644e-03
3.308667216352919240e+03 1.233210400486231073e+01 4.954767700651329168e-03
3.308669531109866057e+03 1.236068703574805383e+01 5.085003787029509538e-03
3.308671845866812873e+03 1.233063364550408636e+01 4.943991167962505894e-03
3.308674160623294483e+03 1.235028646079222980e+01 5.042265695618062919e-03
3.308676475380241754e+03 1.234787822810009850e+01 5.026673229969744368e-03
3.308678790137189026e+03 1.235508021562724679e+01 5.059879318438117654e-03
3.308681104894136297e+03 1.233758018331414519e+01 4.981397968739375431e-03
3.308683419650617452e+03 1.234435409087882540e+01 5.007165372486467071e-03
3.308685734407563359e+03 1.235187148184603245e+01 5.051623040142988637e-03
3.308688049164511085e+03 1.233739842590532554e+01 4.978767497225736541e-03
3.308690363920992695e+03 1.232896114326726611e+01 4.936016015942983580e-03
3.308692678677939512e+03 1.235752418122148377e+01 5.064185992103652396e-03
3.308694993434885873e+03 1.235139868771744709e+01 5.055778070945533657e-03
3.308697308191367938e+03 1.234365360047748972e+01 5.004072547961379430e-03
3.308699622948314300e+03 1.235014244851369725e+01 5.027742786853689819e-03
3.308701937704795910e+03 1.234665802668608769e+01 5.021573316957975153e-03
3.308704252461743636e+03 1.235746856716975017e+01 5.066582156153975197e-03
3.308706567218225246e+03 1.235486990903819660e+01 5.061173232562240706e-03
3.308708881974705946e+03 1.236051827686885041e+01 5.085985395214663411e-03
3.308711196731653217e+03 1.235054230078142723e+01 5.035128784854152849e-03
3.308713511488134372e+03 1.235180544032502681e+01 5.039037703302783749e-03
3.308715826245081644e+03 1.234345556293068391e+01 4.999439207650502315e-03
3.308718141001562799e+03 1.235383851752086315e+01 5.054589734682606375e-03
3.308720455758043954e+03 1.233409469489915899e+01 4.961727541812624258e-03
3.308722770514992135e+03 1.236297992404726287e+01 5.092018955574036804e-03
3.308725085271472381e+03 1.235267253227505080e+01 5.045434820151816803e-03
3.308727400027954445e+03 1.233821679580915820e+01 4.984612204380775569e-03
3.308729714784436510e+03 1.237505803241353064e+01 5.156135754227813943e-03
3.308732029540917210e+03 1.238570603219083743e+01 5.191934448523915537e-03
3.308734344297863572e+03 1.233591408348484819e+01 4.967536402005231881e-03
3.308736659054345182e+03 1.234017034593471429e+01 4.986193715020414280e-03
3.308738973810827702e+03 1.235506794873554526e+01 5.055635605060835799e-03
3.308741288567308402e+03 1.238188442771270381e+01 5.177294207230406266e-03
3.308743603323789557e+03 1.235356200377333025e+01 5.041976701441995730e-03
3.308745918080271167e+03 1.233344454260709178e+01 4.961226213005073653e-03
3.308748232836752322e+03 1.237240209461054263e+01 5.137352065781379019e-03
3.308750547593233478e+03 1.234447583220181954e+01 5.006884546940272226e-03
3.308752862349715087e+03 1.234448049574971407e+01 5.002092658300586435e-03
3.308755177106196243e+03 1.236041633848311783e+01 5.080942915087926191e-03
3.308757491862676943e+03 1.235039527372449797e+01 5.029544357253373094e-03
3.308759806619159008e+03 1.235635912618410792e+01 5.062782234706000341e-03
3.308762121375174956e+03 1.236151940103262170e+01 5.081286411853735106e-03
3.308764436131656566e+03 1.236130236674555505e+01 5.080202594644964154e-03
3.308766750888137722e+03 1.235347070360493760e+01 5.042377414105208254e-03
3.308769065644618877e+03 1.235521083564046663e+01 5.054484607449064720e-03
3.308771380401100487e+03 1.236149303237629660e+01 5.078116327459157586e-03
3.308773695157115981e+03 1.235861165265467676e+01 5.062839692009217692e-03
3.308776009913597591e+03 1.236415231360397726e+01 5.097797338589694742e-03
3.308778324670079201e+03 1.235755666292181587e+01 5.061455455121943031e-03
3.308780639426095149e+03 1.236572126388033865e+01 5.102202430755214610e-03
3.308782954182575395e+03 1.235310207411049888e+01 5.045247447702728288e-03
3.308785268939057460e+03 1.236143503643599395e+01 5.081391802987340889e-03
3.308787583695073408e+03 1.237488230359535102e+01 5.141466507104655061e-03
3.308789898451554564e+03 1.235220387486021387e+01 5.030530774388092784e-03
3.308792213207569603e+03 1.237736226637032466e+01 5.154297694584586420e-03
3.308794527964050758e+03 1.235218998250823041e+01 5.035275309343279805e-03
3.308796842720068071e+03 1.234355116307004252e+01 4.994204981211929767e-03
3.308799157476548316e+03 1.236102795790798581e+01 5.075028104824499432e-03
3.308801472232565175e+03 1.237808643163339184e+01 5.157737953659964278e-03
3.308803786989046785e+03 1.236544824028057121e+01 5.093234059327714051e-03
3.308806101745061369e+03 1.235304885984821688e+01 5.044758030713540099e-03
3.308808416501076863e+03 1.236463360111825338e+01 5.090894257953892076e-03
3.308810731257558473e+03 1.237386328111811373e+01 5.144865741896275518e-03
3.308813046013574422e+03 1.238171452096063518e+01 5.169141246588777536e-03
3.308815360769589461e+03 1.238236252194451481e+01 5.170542112121005382e-03
3.308817675525605409e+03 1.237551173134525584e+01 5.142688296031201582e-03
3.308819990282087474e+03 1.235689561308923956e+01 5.054236811958549153e-03
3.308822305038103423e+03 1.235537743984684056e+01 5.048794715584222631e-03
3.308824619794118462e+03 1.236430206689578704e+01 5.086928846964111801e-03
3.308826934550134411e+03 1.235060686764958504e+01 5.026964102629596746e-03
3.308829249306150814e+03 1.236535278666348248e+01 5.097477497133382635e-03
3.308831564062164944e+03 1.236412957048014150e+01 5.093071191322243001e-03
3.308833878818647008e+03 1.235571545731444942e+01 5.047732722290435015e-03
3.308836193574662957e+03 1.234800247260231032e+01 5.024164774171869206e-03
3.308838508330678451e+03 1.238386807887747665e+01 5.177897349805682566e-03
3.308840823086693945e+03 1.235672101319999250e+01 5.061637126888987939e-03
3.308843137842709893e+03 1.235453709752751372e+01 5.050121119886740589e-03
3.308845452598725387e+03 1.235110014419877977e+01 5.032812417905012034e-03
3.308847767354275675e+03 1.237193952605129077e+01 5.123945401398630889e-03
3.308850082110290714e+03 1.236311180609104099e+01 5.083709934503594791e-03
3.308852396866307117e+03 1.236816670010054331e+01 5.107912589054155322e-03
3.308854711622323521e+03 1.236619574925386189e+01 5.101288850498570705e-03
3.308857026378338560e+03 1.234986502593503310e+01 5.030078385208434054e-03
3.308859341134354963e+03 1.234752162918398710e+01 5.013417116669331361e-03
3.308861655889904796e+03 1.235926104868891429e+01 5.073157279948426433e-03
3.308863970645919835e+03 1.235399387619836276e+01 5.045905047967708633e-03
3.308866285401935784e+03 1.236488586031648751e+01 5.091948116621406763e-03
3.308868600157950823e+03 1.235324351301975021e+01 5.039829486050664137e-03
3.308870914913501565e+03 1.235303740493461788e+01 5.040739845106652003e-03
3.308873229669517059e+03 1.235074306416402656e+01 5.033186055685550178e-03
3.308875544425533462e+03 1.236314988809216686e+01 5.089913450438161326e-03
3.308877859181083295e+03 1.234657750704205981e+01 5.020523765679740791e-03
3.308880173937099244e+03 1.235519529570171926e+01 5.055370729536947348e-03
3.308882488692648622e+03 1.236227129345143005e+01 5.093299538083817871e-03
3.308884803448665025e+03 1.234731204808013061e+01 5.022568071855207372e-03
3.308887118204214403e+03 1.235282591513331418e+01 5.046086955681303166e-03
3.308889432960229897e+03 1.234556262865835841e+01 5.009338101673199706e-03
3.308891747715780639e+03 1.234318012942904730e+01 5.005646213322192256e-03
3.308894062471796587e+03 1.233233247256663034e+01 4.957065912816394603e-03
3.308896377227346420e+03 1.235248178363624660e+01 5.053057711633389057e-03
3.308898691982896707e+03 1.235239136418559980e+01 5.043971183350450666e-03
3.308901006738911747e+03 1.236435771593122368e+01 5.110150872776509853e-03
3.308903321494462489e+03 1.234674491220209447e+01 5.020352721619446984e-03
3.308905636250011412e+03 1.234451105225403467e+01 5.015021402640889095e-03
3.308907951005561699e+03 1.234066627731706944e+01 4.993275214992574235e-03
3.308910265761576738e+03 1.233458859906103022e+01 4.970374563383083734e-03
3.308912580517127935e+03 1.234571008683414384e+01 5.028811775598092046e-03
3.308914895272677313e+03 1.234807597552078207e+01 5.031588673139287399e-03
3.308917210028228055e+03 1.233721106241798715e+01 4.983320423339616251e-03
3.308919524783778797e+03 1.233644078915063957e+01 4.988276941421001739e-03
3.308921839539328175e+03 1.233513017158893277e+01 4.968928397501849205e-03
3.308924154295343214e+03 1.233088865010961044e+01 4.955773823567571033e-03
3.308926469050893957e+03 1.233466767708743816e+01 4.973227765834665852e-03
3.308928783806444699e+03 1.233519023519926350e+01 4.981834122549745614e-03
3.308931098561994531e+03 1.233494391404169477e+01 4.973886666827915214e-03
3.308933413317543909e+03 1.233394154807965926e+01 4.966045055691566470e-03
3.308935728073094651e+03 1.232177456814702055e+01 4.916507339685130366e-03
3.308938042828178368e+03 1.234241927277618345e+01 5.010710241882556336e-03
3.308940357583728655e+03 1.234093023229418229e+01 5.006662583272984864e-03
3.308942672339278488e+03 1.234047516110846487e+01 5.002339218238041965e-03
3.308944987094828321e+03 1.234920540646435327e+01 5.036556640540997172e-03
3.308947301850378608e+03 1.234403482885294778e+01 5.017502203147020112e-03
3.308949616605928895e+03 1.234393513721939684e+01 5.015464277008993728e-03
3.308951931361013976e+03 1.234145027240222880e+01 5.007019821715505241e-03
3.308954246116563354e+03 1.232052484201991049e+01 4.918001796995798321e-03
3.308956560872113187e+03 1.234179914935597644e+01 5.004857506556681726e-03
3.308958875627663474e+03 1.234293848517524772e+01 5.014211094801451600e-03
3.308961190382748555e+03 1.234453366509084127e+01 5.024432701882565640e-03
3.308963505138297478e+03 1.233341185958280306e+01 4.971555291525211855e-03
3.308965819893381195e+03 1.232995013422503305e+01 4.956760243195267035e-03
3.308968134648931937e+03 1.232330242201669002e+01 4.924567141289985274e-03
3.308970449404483134e+03 1.233729973938159397e+01 4.986289185160782192e-03
3.308972764159566395e+03 1.232261023701335922e+01 4.924212415060869215e-03
3.308975078915117138e+03 1.231757741808946882e+01 4.902237653771446095e-03
3.308977393670201309e+03 1.232724176947699490e+01 4.944251574567999283e-03
3.308979708425751141e+03 1.233345690535418271e+01 4.976182152554693705e-03
3.308982023180834403e+03 1.233873613141507519e+01 4.997094704894780234e-03
3.308984337935919484e+03 1.233232154406118397e+01 4.967337722591595554e-03
3.308986652691470681e+03 1.232846746067564503e+01 4.950809641543225254e-03
3.308988967446554398e+03 1.232265354052538697e+01 4.927709502481085121e-03
3.308991282201639024e+03 1.234211050079371930e+01 5.010214389007411166e-03
3.308993596957189766e+03 1.231798659272309848e+01 4.903181725523516644e-03
3.308995911712273482e+03 1.232175116878395826e+01 4.924113619293703920e-03
3.308998226467357199e+03 1.231972904866779039e+01 4.916193917465934080e-03
3.309000541222441825e+03 1.233531232498665631e+01 4.982765510758724488e-03
3.309002855977992567e+03 1.230906619401723567e+01 4.867600609417239467e-03
3.309005170733075829e+03 1.233942967367352139e+01 5.006290295616199967e-03
3.309007485488160910e+03 1.232290574517504567e+01 4.923050445540062305e-03
3.309009800243245991e+03 1.233030018910387682e+01 4.964538931629195774e-03
3.309012114998330162e+03 1.234805684850191376e+01 5.048739271637787789e-03
3.309014429753413879e+03 1.233021064808559331e+01 4.969727723015871304e-03
3.309016744508498959e+03 1.231404954403438445e+01 4.897022249976073702e-03
3.309019059263583586e+03 1.232296591352173465e+01 4.932516024024755780e-03
3.309021374018666847e+03 1.231751650543454701e+01 4.911588610967728384e-03
3.309023688773751473e+03 1.232929040748268790e+01 4.954699282873060821e-03
3.309026003528836554e+03 1.233104330348666977e+01 4.967644601724376281e-03
3.309028318283921180e+03 1.232668897888435211e+01 4.947990691607073895e-03
3.309030633039004897e+03 1.229393954316666893e+01 4.805245458175673272e-03
3.309032947794089978e+03 1.231942163347900809e+01 4.922589917151995627e-03
3.309035262549174604e+03 1.231991817429151048e+01 4.921252927603589518e-03
3.309037577303792659e+03 1.232261605032104512e+01 4.927896348439745125e-03
3.309039892058876376e+03 1.232209453871916693e+01 4.928744509845190032e-03
3.309042206813961002e+03 1.233030005882119085e+01 4.963769025501278860e-03
3.309044521569046537e+03 1.231154898842647682e+01 4.879726193938748770e-03
3.309046836323664593e+03 1.230820236605788232e+01 4.867662745983825090e-03
3.309049151078748764e+03 1.229885332088814387e+01 4.826498910489375113e-03
3.309051465833833390e+03 1.231405540724415815e+01 4.897722467455291676e-03
3.309053780588451446e+03 1.231785008184923313e+01 4.904703749468401243e-03
3.309056095343535617e+03 1.231528161414329858e+01 4.900293053966977598e-03
3.309058410098155036e+03 1.231528975807763615e+01 4.899958192516163866e-03
3.309060724853239662e+03 1.230426547190419662e+01 4.848536712731572190e-03
3.309063039607857718e+03 1.231911697303486264e+01 4.917000105927237831e-03
3.309065354362943253e+03 1.232766306831919501e+01 4.947912296736666111e-03
3.309067669117561309e+03 1.232961342018590223e+01 4.963250365618884774e-03
3.309069983872645480e+03 1.231154054260688824e+01 4.880488555099017633e-03
3.309072298627263990e+03 1.232207465422924919e+01 4.926364079193827628e-03
3.309074613382349071e+03 1.231353972962540411e+01 4.891103720051179216e-03
3.309076928136967581e+03 1.233416172658793641e+01 4.979838570469120179e-03
3.309079242891586091e+03 1.234102434097473022e+01 5.014416871493693889e-03
3.309081557646671172e+03 1.231008624474769775e+01 4.877611336327291117e-03
3.309083872401290591e+03 1.231744561104342672e+01 4.905797998697686117e-03
3.309086187155908647e+03 1.231258044529755047e+01 4.887558180858164562e-03
3.309088501910526247e+03 1.231914547189843923e+01 4.913851064772265138e-03
3.309090816665146122e+03 1.232169903684717660e+01 4.931760599220642166e-03
3.309093131420230748e+03 1.232750866833910841e+01 4.949865476145162702e-03
3.309095446174848348e+03 1.231536187918658420e+01 4.895541536470733070e-03
3.309097760929467313e+03 1.232369940978902534e+01 4.934557441391260353e-03
3.309100075684086278e+03 1.231591523724866377e+01 4.899573797714541074e-03
3.309102390438705697e+03 1.232000682790715729e+01 4.916536040572626852e-03
3.309104705193323753e+03 1.233044002017864216e+01 4.966844057868432041e-03
3.309107019947943172e+03 1.231136152173482223e+01 4.880008433397576423e-03
3.309109334702561682e+03 1.232370545619257562e+01 4.927098444019643517e-03
3.309111649457179738e+03 1.232487462414744606e+01 4.943352100761435469e-03
3.309113964211798702e+03 1.233477793637392850e+01 4.985197354030892515e-03
3.309116278966416758e+03 1.233360341041727359e+01 4.976580738480010195e-03
3.309118593721035722e+03 1.233967555273256167e+01 5.004979658556051383e-03
3.309120908475653778e+03 1.231723342100902663e+01 4.897912799953628438e-03
3.309123223229807991e+03 1.232648041323864874e+01 4.945482956051657289e-03
3.309125537984426956e+03 1.233412682871862387e+01 4.976944120684570483e-03
3.309127852739045466e+03 1.233071946987683098e+01 4.962262062421015675e-03
3.309130167493663521e+03 1.232491335640024843e+01 4.936828527430349271e-03
3.309132482247816824e+03 1.232623325506136069e+01 4.945388527156227738e-03
3.309134797002435334e+03 1.231457142278206973e+01 4.893301848059168971e-03
3.309137111757053844e+03 1.232299740548845257e+01 4.928928107195638605e-03
3.309139426511208057e+03 1.233526859658073249e+01 4.986524653469879761e-03
3.309141741265827022e+03 1.230590306198831740e+01 4.852466642777979004e-03
3.309144056019979416e+03 1.232667886180180794e+01 4.944581952724016842e-03
3.309146370774597926e+03 1.232723737662778163e+01 4.954204920558024153e-03
3.309148685529216891e+03 1.232520814459580194e+01 4.942342308086101511e-03
3.309151000283370195e+03 1.232653636717134127e+01 4.943938931597101696e-03
3.309153315037523043e+03 1.233906367955026795e+01 5.005168145620557223e-03
3.309155629792142008e+03 1.233926841114519668e+01 4.997848119869763468e-03
3.309157944546294857e+03 1.230292046449013377e+01 4.843658031121337096e-03
3.309160259300913822e+03 1.233450387832181860e+01 4.974440026761422183e-03
3.309162574055066216e+03 1.231850527980887477e+01 4.908869928045669559e-03
3.309164888809219974e+03 1.232793147513611487e+01 4.953373047366254646e-03
3.309167203563838939e+03 1.233241681633989728e+01 4.971443672939864292e-03
3.309169518317991333e+03 1.232418573028472331e+01 4.934318162885315516e-03
3.309171833072145091e+03 1.232747448904943788e+01 4.945919228125007609e-03
3.309174147826297940e+03 1.232644629912402046e+01 4.942098568832331736e-03
3.309176462580916905e+03 1.232108396756232160e+01 4.920569511467503404e-03
3.309178777335069753e+03 1.233760430545578934e+01 4.995542410313230826e-03
3.309181092089223057e+03 1.233308272450379306e+01 4.977530854236461924e-03
3.309183406843376360e+03 1.232745545676801058e+01 4.942751115930390723e-03
3.309185721597528755e+03 1.231449056713057821e+01 4.892391117769337959e-03
3.309188036351681603e+03 1.233832893268437836e+01 4.999625484345410729e-03
3.309190351105834452e+03 1.230927498142327181e+01 4.869884596458565369e-03
3.309192665859987756e+03 1.232383147985659733e+01 4.923855676486088920e-03
3.309194980614140604e+03 1.232332482061770129e+01 4.922327262341310780e-03
3.309197295368293908e+03 1.232714334949044321e+01 4.944643383276822908e-03
3.309199610122447666e+03 1.233511425916533355e+01 4.975133677292952264e-03
3.309201924876600515e+03 1.233636463392608995e+01 4.981455423369777688e-03
3.309204239630752909e+03 1.232048543913253980e+01 4.910633305026855522e-03
3.309206554384905758e+03 1.232755714154029114e+01 4.946771974388038985e-03
3.309208869138593400e+03 1.232007225411977380e+01 4.908867209130887005e-03
3.309211183892746703e+03 1.233819981945526756e+01 4.999657513869735191e-03
3.309213498646900007e+03 1.234414554908758710e+01 5.020765399020491945e-03
3.309215813401052856e+03 1.233512328146553116e+01 4.987323489183888812e-03
3.309218128154740953e+03 1.233061087506804654e+01 4.958551397536961093e-03
3.309220442908893347e+03 1.232661586760423056e+01 4.940610284462586960e-03
3.309222757663047105e+03 1.233580576154061248e+01 4.979273849475885673e-03
3.309225072416734292e+03 1.233646821192368215e+01 4.983908617092347275e-03
3.309227387170887141e+03 1.234470309655305975e+01 5.018847047272140087e-03
3.309229701925040445e+03 1.233792281974834282e+01 4.989497245268506749e-03
3.309232016678728087e+03 1.232037982943711718e+01 4.915717685810679083e-03
3.309234331432880936e+03 1.233555271803407472e+01 4.981566672624185288e-03
3.309236646186568578e+03 1.232428386265101139e+01 4.930911242186433729e-03
3.309238960940721427e+03 1.233562234487144060e+01 4.982827674411650226e-03
3.309241275694409524e+03 1.233536797265741392e+01 4.976776325766070833e-03
3.309243590448096256e+03 1.232382601956233614e+01 4.927000253168080206e-03
3.309245905202249560e+03 1.232096481912320307e+01 4.911870558409881307e-03
3.309248219955937202e+03 1.232797782332347225e+01 4.950543478549038895e-03
3.309250534709623935e+03 1.235097897801004940e+01 5.053178901264792147e-03
3.309252849463776329e+03 1.233937438576160872e+01 4.997275608701149188e-03
3.309255164217464880e+03 1.234331502426777583e+01 5.011881234078254324e-03
3.309257478971152523e+03 1.231895971297386794e+01 4.910724301551990835e-03
3.309259793724839710e+03 1.233259435299079598e+01 4.977990658418873955e-03
3.309262108478991649e+03 1.233250790097989302e+01 4.967076888284092072e-03
3.309264423232678837e+03 1.232867296761197196e+01 4.946686545382317050e-03
3.309266737986366934e+03 1.232518281155669904e+01 4.937056527677382255e-03
3.309269052740054121e+03 1.234075392349086187e+01 5.006379957646717171e-03
3.309271367493742218e+03 1.233898419539389479e+01 4.994528503096709073e-03
3.309273682247429406e+03 1.232397517173543378e+01 4.931444203280871408e-03
3.309275997001117048e+03 1.232456971537300561e+01 4.931719793600698384e-03
3.309278311754803326e+03 1.231672015415578159e+01 4.895599733841992859e-03
3.309280626508491423e+03 1.231959928506034530e+01 4.908889207473851948e-03
3.309282941262179520e+03 1.235124213638607671e+01 5.045989173835933352e-03
3.309285256015866253e+03 1.232845959412100889e+01 4.948245024976149174e-03
3.309287570769553440e+03 1.233199940625993563e+01 4.961693038362045838e-03
3.309289885523241537e+03 1.233439740855388322e+01 4.968257489646225704e-03
3.309292200276929179e+03 1.231112207164294503e+01 4.871625070659542540e-03
3.309294515030150251e+03 1.233408698289860084e+01 4.968463546151469755e-03
3.309296829783837893e+03 1.232226123242122995e+01 4.921903957596064118e-03
3.309299144537525535e+03 1.233985609028159125e+01 4.998036566643984310e-03
3.309301459291212723e+03 1.234383694900142636e+01 5.021719004610984347e-03
3.309303774044434704e+03 1.232822932014290807e+01 4.946143443342619628e-03
3.309306088798121891e+03 1.232711795091323381e+01 4.944921765436547170e-03
3.309308403551343417e+03 1.231910465745741945e+01 4.907826856643095551e-03
3.309310718305030605e+03 1.233298864842436515e+01 4.971178898021296790e-03
3.309313033058719157e+03 1.232876543134903358e+01 4.946530423840945177e-03
3.309315347811940228e+03 1.233509037273504561e+01 4.978890004675619839e-03
3.309317662565627415e+03 1.231996047968002017e+01 4.909808433900425886e-03
3.309319977318849396e+03 1.233605452710740202e+01 4.982048518677074586e-03
3.309322292072537493e+03 1.233210494050804762e+01 4.967647607429722355e-03
3.309324606825758565e+03 1.234279764122741874e+01 5.015147675770260244e-03
3.309326921579445298e+03 1.232918384522241162e+01 4.946763674449893358e-03
3.309329236332668188e+03 1.232319445720425222e+01 4.927586822369929391e-03
3.309331551085890624e+03 1.233558299185615503e+01 4.983716727881845956e-03
3.309333865839576902e+03 1.232667503615645188e+01 4.948037664961753811e-03
3.309336180592798428e+03 1.232396355142109989e+01 4.926721130521922488e-03
3.309338495346019954e+03 1.232952377619393580e+01 4.950347791377411426e-03
3.309340810099241935e+03 1.232928806506691721e+01 4.954863457775641501e-03
3.309343124852929122e+03 1.232446967322324660e+01 4.929997608664454974e-03
3.309345439606151103e+03 1.232232797196191321e+01 4.923162355673804669e-03
3.309347754359373084e+03 1.233778442470599757e+01 4.995322934788971880e-03
3.309350069112595065e+03 1.233998903097662847e+01 5.006012038881973818e-03
3.309352383865816591e+03 1.232288051123282635e+01 4.925248548788848692e-03
3.309354698619038118e+03 1.232626097915283303e+01 4.944082844583525330e-03
3.309357013372260553e+03 1.232185204541965007e+01 4.920678264914804013e-03
3.309359328125481625e+03 1.231971518359988593e+01 4.917563388134592837e-03
3.309361642878703606e+03 1.234316731357654895e+01 5.013438813181322895e-03
3.309363957631925587e+03 1.232163889933785228e+01 4.925479220756525008e-03
3.309366272385147568e+03 1.233690472921672132e+01 4.989497337136748929e-03
3.309368587138368639e+03 1.232457473271944437e+01 4.938406812366239601e-03
3.309370901891591075e+03 1.231346843887386555e+01 4.888785091823002853e-03
3.309373216644812601e+03 1.232968121196588740e+01 4.958352582155788925e-03
3.309375531398034127e+03 1.232245999094407551e+01 4.929328260552049736e-03
3.309377846150790447e+03 1.232213905035847468e+01 4.923367270788275157e-03
3.309380160904012428e+03 1.232041497470508773e+01 4.915994577376315948e-03
3.309382475657233499e+03 1.231516092300169518e+01 4.892705232530056639e-03
3.309384790409988909e+03 1.233197115158062296e+01 4.965832226973779066e-03
3.309387105163212254e+03 1.231719973005527713e+01 4.906792846403943559e-03
3.309389419916433326e+03 1.230567672285787673e+01 4.853683153677066861e-03
3.309391734669189646e+03 1.231035007863499331e+01 4.870049272052604829e-03
3.309394049422411626e+03 1.232827418403943120e+01 4.950367654187017713e-03
3.309396364175633607e+03 1.232464520861318746e+01 4.933477943737088825e-03
3.309398678928389018e+03 1.230865574699102183e+01 4.866585308662703564e-03
3.309400993681610544e+03 1.232292158250148262e+01 4.928064237900476457e-03
3.309403308434366409e+03 1.231644391028444474e+01 4.900897096746564298e-03
3.309405623187588390e+03 1.233172648939820348e+01 4.968606498816708836e-03
3.309407937940345164e+03 1.230957719495214064e+01 4.868174490752573413e-03
3.309410252693100574e+03 1.233534874384216451e+01 4.984068667841633909e-03
3.309412567446322100e+03 1.230905801797995913e+01 4.869525816718345279e-03
3.309414882199078420e+03 1.231468280075588417e+01 4.891750410674974327e-03
3.309417196951833830e+03 1.232172308552140727e+01 4.929365174240029311e-03
3.309419511705055811e+03 1.230215280087575991e+01 4.838944221303590441e-03
3.309421826457812585e+03 1.232844944266662957e+01 4.954629325215673293e-03
3.309424141210568450e+03 1.232353740239769202e+01 4.928721086118786204e-03
3.309426455961927786e+03 1.230275621251358231e+01 4.839667227043352622e-03
3.309428770715148858e+03 1.232135905190278358e+01 4.922955050787314150e-03
3.309431085467905632e+03 1.232823301898001844e+01 4.954779302688233286e-03
3.309433400220661497e+03 1.233054905352772046e+01 4.967366990389256685e-03
3.309435714973417362e+03 1.231774896160614574e+01 4.902575493865878042e-03
3.309438029726174136e+03 1.233746039614920775e+01 4.992802656166477233e-03
3.309440344478929546e+03 1.231484578932767704e+01 4.892980249494159606e-03
3.309442659231685411e+03 1.232306291844857071e+01 4.930876861986480293e-03
3.309444973984442186e+03 1.232994631156394227e+01 4.957187853142072664e-03
3.309447288737198505e+03 1.232264016938062490e+01 4.925343035439596999e-03
3.309449603489953915e+03 1.231832763717591028e+01 4.906923064305825088e-03
3.309451918242710690e+03 1.232390521494338742e+01 4.933936777755705202e-03
3.309454232995000893e+03 1.231608623034796324e+01 4.899601676809559742e-03
3.309456547747756304e+03 1.231993736244525728e+01 4.916216119070703980e-03
3.309458862500512623e+03 1.231876296151440187e+01 4.912829892564227023e-03
3.309461177253268943e+03 1.233074946484943268e+01 4.961310899770468227e-03
3.309463492006025263e+03 1.230770117601896274e+01 4.862748987486167560e-03
3.309465806758315466e+03 1.232410527400020328e+01 4.935556545505909339e-03
3.309468121511072241e+03 1.232093227739164121e+01 4.919580966115630859e-03
3.309470436263828560e+03 1.231219644913810285e+01 4.881727951996278451e-03
3.309472751016118309e+03 1.231526844332202053e+01 4.889902664358991222e-03
3.309475065768874174e+03 1.233781963986947261e+01 5.000004590964563476e-03
3.309477380521164378e+03 1.232611789561916815e+01 4.945190156729815240e-03
3.309479695273921152e+03 1.232468664691295146e+01 4.933416056275211417e-03
3.309482010026210901e+03 1.229792692302778789e+01 4.816740650901590350e-03
3.309484324778966766e+03 1.232087349021998079e+01 4.926589814498553120e-03
3.309486639531257424e+03 1.233063476662323943e+01 4.964307465727270385e-03
3.309488954284013744e+03 1.233638571797247252e+01 4.992190569460036066e-03
3.309491269036303493e+03 1.232199931724200148e+01 4.924198965606181241e-03
3.309493583788594606e+03 1.234023228285400542e+01 5.015833015698659310e-03
3.309495898541350471e+03 1.230534925210744568e+01 4.853425548495131879e-03
3.309498213293640219e+03 1.232734409249861329e+01 4.954142388960724661e-03
3.309500528045930423e+03 1.230985947411289416e+01 4.869564221372389007e-03
3.309502842798688107e+03 1.231606216713678492e+01 4.900671259670848733e-03
3.309505157550978765e+03 1.233196218687884382e+01 4.973644854840190109e-03
3.309507472303268514e+03 1.232009895277930234e+01 4.918548741499528462e-03
3.309509787055559173e+03 1.230116606458869022e+01 4.836462584455195751e-03
3.309512101807849376e+03 1.231355477090369277e+01 4.888223417125651428e-03
3.309514416560139580e+03 1.231105194875982001e+01 4.874598726416362778e-03
3.309516731312429329e+03 1.230429341985636427e+01 4.848116728784636342e-03
3.309519046064720897e+03 1.230821609699743568e+01 4.868332507869109135e-03
3.309521360817011555e+03 1.229190180302166269e+01 4.789457413568612085e-03
3.309523675569301304e+03 1.232134038695921774e+01 4.935893026601139918e-03
3.309525990321592417e+03 1.232920888600604137e+01 4.960967525157357859e-03
3.309528305073883075e+03 1.233551267652526029e+01 4.992235253188577991e-03
3.309530619826172369e+03 1.231326662348931578e+01 4.890696957077909912e-03
3.309532934578463028e+03 1.230739793728734277e+01 4.863601570621146203e-03
3.309535249330753686e+03 1.229925292098320178e+01 4.828846615747625984e-03
3.309537564083043890e+03 1.232997290123118717e+01 4.960089320636772332e-03
3.309539878834868887e+03 1.230941069281909073e+01 4.876258381096866372e-03
3.309542193587160000e+03 1.230445804816830169e+01 4.853677568280812850e-03
3.309544508339450658e+03 1.232939527964563453e+01 4.960654200764738272e-03
3.309546823091274746e+03 1.235092413832221681e+01 5.060283768590483414e-03
3.309549137843564949e+03 1.230539801263257615e+01 4.852220976472198209e-03
3.309551452595855153e+03 1.230638726385569726e+01 4.867778825695692063e-03
3.309553767347680150e+03 1.230957338640274834e+01 4.870778940934992335e-03
3.309556082099970354e+03 1.231870157900507756e+01 4.910294786695430964e-03
3.309558396851794896e+03 1.231388453889940493e+01 4.888576473788257271e-03
3.309560711604086009e+03 1.232661424346112611e+01 4.946599380061276162e-03
3.309563026355910552e+03 1.232783243620149349e+01 4.950642794664540658e-03
3.309565341108200300e+03 1.233079468772534426e+01 4.961850668873547116e-03
3.309567655860025297e+03 1.233369604879205106e+01 4.974426379607799729e-03
3.309569970612316411e+03 1.231941640609175082e+01 4.908904754568455854e-03
3.309572285364140498e+03 1.231797579910847240e+01 4.904911252286458731e-03
3.309574600115965040e+03 1.233207974597561041e+01 4.962831910482445527e-03
3.309576914868256154e+03 1.231199007522092082e+01 4.874153527241059831e-03
3.309579229620081605e+03 1.232135235229383952e+01 4.917452419148552779e-03
3.309581544371905693e+03 1.233270971192545495e+01 4.970168323857857701e-03
3.309583859123730690e+03 1.233903340482142852e+01 4.995422498495220159e-03
3.309586173876020894e+03 1.231578023820787138e+01 4.897923101227942902e-03
3.309588488627845436e+03 1.230501802725544813e+01 4.844430088196361936e-03
3.309590803379669978e+03 1.233888391262661699e+01 4.998222504545925954e-03
3.309593118131495430e+03 1.234611169005676601e+01 5.026455605103749211e-03
3.309595432883320427e+03 1.231957166395854841e+01 4.912162269001662390e-03
3.309597747635144970e+03 1.231830950746289588e+01 4.903793629394969343e-03
3.309600062386969967e+03 1.231795605497365642e+01 4.901489737689817411e-03
3.309602377138794964e+03 1.232686743285653819e+01 4.938625853125418706e-03
3.309604691890619506e+03 1.231826887795082293e+01 4.904015213681850276e-03
3.309607006642443594e+03 1.232651312775318075e+01 4.939292202306390898e-03
3.309609321394268591e+03 1.234093551962807211e+01 5.003840335349620319e-03
3.309611636146093588e+03 1.230956205849417273e+01 4.863928072125636194e-03
3.309613950897452469e+03 1.233512713715327003e+01 4.974977207219779748e-03
3.309616265649277466e+03 1.232288656333307486e+01 4.917927504446724732e-03
3.309618580401102463e+03 1.232084527607397639e+01 4.918199908441648997e-03
3.309620895152927005e+03 1.232314193246430634e+01 4.925180183526244905e-03
3.309623209904285432e+03 1.234773776860985706e+01 5.033783338127146081e-03
3.309625524656110429e+03 1.232604142149978088e+01 4.932629432143132049e-03
3.309627839407935426e+03 1.232698656223708689e+01 4.937231544834243084e-03
3.309630154159293397e+03 1.232377742723008218e+01 4.923527494312606931e-03
3.309632468911117940e+03 1.234492062362676990e+01 5.027582079866990683e-03
3.309634783662478185e+03 1.231700620437354488e+01 4.895201942487650490e-03
3.309637098414303637e+03 1.232005384249699631e+01 4.909149001934376942e-03
3.309639413165662063e+03 1.232489590176734318e+01 4.929417395816678218e-03
3.309641727917487060e+03 1.232285221123553676e+01 4.912634570913428436e-03
3.309644042668845941e+03 1.234202775062552959e+01 5.007170329328403981e-03
3.309646357420670483e+03 1.233242611232228114e+01 4.962794642675375997e-03
3.309648672172028910e+03 1.233675265420953870e+01 4.977285490793633728e-03
3.309650986923389155e+03 1.233037257513954366e+01 4.955695579404314002e-03
3.309653301675214607e+03 1.233961759770416755e+01 4.994490528680166352e-03
3.309655616426573033e+03 1.234688404742053969e+01 5.023141946030273280e-03
3.309657931177931914e+03 1.234441488451617097e+01 5.017006851415823331e-03
3.309660245929291705e+03 1.233682731544898026e+01 4.979638044675127086e-03
3.309662560681115792e+03 1.233475708511742930e+01 4.967974367611252204e-03
3.309664875432474673e+03 1.233757653305597479e+01 4.985040869638337514e-03
3.309667190183834009e+03 1.233668803435456951e+01 4.980531722614416068e-03
3.309669504935192890e+03 1.233218288569146814e+01 4.961414688539427659e-03
3.309671819686552681e+03 1.232662241343123277e+01 4.934392714364690784e-03
3.309674134437912016e+03 1.234506280749493534e+01 5.016521039157876942e-03
3.309676449189270897e+03 1.233252303604997380e+01 4.956616889048491570e-03
3.309678763940629324e+03 1.234017900162367276e+01 5.003824893074332834e-03
3.309681078691988660e+03 1.233739291130538263e+01 4.988622820972596177e-03
3.309683393443347995e+03 1.232815882935655516e+01 4.932875605642987778e-03
3.309685708194706876e+03 1.235535174773829148e+01 5.061904276865700388e-03
3.309688022946066667e+03 1.233415486806853956e+01 4.966679960390474498e-03
3.309690337697426003e+03 1.233869405316488255e+01 4.987662994479790529e-03
3.309692652448319677e+03 1.233921707637556686e+01 4.987148864452304285e-03
3.309694967199678103e+03 1.234488129907139609e+01 5.012960544603178858e-03
3.309697281951036530e+03 1.232777592137458811e+01 4.939417098840693209e-03
3.309699596702395411e+03 1.233597112011429608e+01 4.970449143698542696e-03
3.309701911453289540e+03 1.234326578667719154e+01 4.999772512150068432e-03
3.309704226204647966e+03 1.234349329001346440e+01 5.003646456977323652e-03
3.309706540956006393e+03 1.233996719594256319e+01 4.988867902294242054e-03
3.309708855706900977e+03 1.233933852639460049e+01 4.988371979553699563e-03
3.309711170458260312e+03 1.234509018012827219e+01 5.022106165440946672e-03
3.309713485209153532e+03 1.231878284407548563e+01 4.892766396903355450e-03
3.309715799960512413e+03 1.235698935361807216e+01 5.068251410959033476e-03
3.309718114711406542e+03 1.233096245952027559e+01 4.946711264917372231e-03
3.309720429462764969e+03 1.234256760743439862e+01 5.005102783247269115e-03
3.309722744213658189e+03 1.234110351261390903e+01 4.993940149774073016e-03
3.309725058964551408e+03 1.233120576393737622e+01 4.951170428812827658e-03
3.309727373715911199e+03 1.233756618403819161e+01 4.978404078844529505e-03
3.309729688466804419e+03 1.233388525979230899e+01 4.963983293201772694e-03
3.309732003217698548e+03 1.231534102851858847e+01 4.882657204892348196e-03
3.309734317969057429e+03 1.235026034174827991e+01 5.035109611382510876e-03
3.309736632719950649e+03 1.233818876356404637e+01 4.980507426245809818e-03
3.309738947470843414e+03 1.234271606548223765e+01 5.000609874964273387e-03
3.309741262221737543e+03 1.235078434247341583e+01 5.037706747992433919e-03
3.309743576972630763e+03 1.234557706490287288e+01 5.015591685312127158e-03
3.309745891723524437e+03 1.235394382989816719e+01 5.056244146997114670e-03
3.309748206474418566e+03 1.233599500582944408e+01 4.970436894948444297e-03
3.309750521225311786e+03 1.233274149873016334e+01 4.960293228538905849e-03
3.309752835976205006e+03 1.233707650385055743e+01 4.977425828236777504e-03
3.309755150727098226e+03 1.235122057361013148e+01 5.041332813625992899e-03
3.309757465477991445e+03 1.234014551812652627e+01 4.991286296845724377e-03
3.309759780228885575e+03 1.233382628833351191e+01 4.959317277266055146e-03
3.309762094979778340e+03 1.232387656986504787e+01 4.925167292051972276e-03
3.309764409730672014e+03 1.234255527645869677e+01 5.005633663153175386e-03
3.309766724481566598e+03 1.232114332210823981e+01 4.906023949604760952e-03
3.309769039232459363e+03 1.234067298170078075e+01 4.989532770160095068e-03
3.309771353982886467e+03 1.233382182577120645e+01 4.965595207862404104e-03
3.309773668733780141e+03 1.232538849003446657e+01 4.932810106215716923e-03
3.309775983484673361e+03 1.235045487701295919e+01 5.036018287871094762e-03
3.309778298235100920e+03 1.235713797892549870e+01 5.068829271587248740e-03
3.309780612985994139e+03 1.233117928209600400e+01 4.953073333155596537e-03
3.309782927736888269e+03 1.234572070130234422e+01 5.019219136483716801e-03
3.309785242487316282e+03 1.231802682132057924e+01 4.892099318615354166e-03
3.309787557238209502e+03 1.233923515330699239e+01 4.989915452004657810e-03
3.309789871988637515e+03 1.233674662199218375e+01 4.975856067661768405e-03
3.309792186739530734e+03 1.234615175113020946e+01 5.032598838049885670e-03
3.309794501489958748e+03 1.234147916208991802e+01 5.002962424607865048e-03
3.309796816240385397e+03 1.234875166843841754e+01 5.031523583713570086e-03
3.309799130991279526e+03 1.234385662921633298e+01 5.023489848846708107e-03
3.309801445741707539e+03 1.233926256167065816e+01 4.993793163069611477e-03
3.309803760492601214e+03 1.234860689840355263e+01 5.031501921247326543e-03
3.309806075243029227e+03 1.234569372943309240e+01 5.019987335093775704e-03
3.309808389993457240e+03 1.232146707179616207e+01 4.915496923913491821e-03
3.309810704743884344e+03 1.233207957486401085e+01 4.957733533106385183e-03
3.309813019494311447e+03 1.232939623923551231e+01 4.941075309952419267e-03
3.309815334245205577e+03 1.233037439079664210e+01 4.954416507312737507e-03
3.309817648995633590e+03 1.231982384095269367e+01 4.903902666759004693e-03
3.309819963746061603e+03 1.232636195684379921e+01 4.931110565388098152e-03
3.309822278496489616e+03 1.232517118478077656e+01 4.931950917125609013e-03
3.309824593246917630e+03 1.232225561388880841e+01 4.917675814092788665e-03
3.309826907997344279e+03 1.233426139991409265e+01 4.967371282711908510e-03
3.309829222747771837e+03 1.232332712869430225e+01 4.922521134173821374e-03
3.309831537498199850e+03 1.232918011927111479e+01 4.947083160850221720e-03
3.309833852248627863e+03 1.232949758973434129e+01 4.953946765600678211e-03
3.309836166999055422e+03 1.234313480344119007e+01 5.015141152185063032e-03
3.309838481749483435e+03 1.233910645141592077e+01 4.997412902751240636e-03
3.309840796499446697e+03 1.232480814535313485e+01 4.928444591066859226e-03
3.309843111249873800e+03 1.231838354862871121e+01 4.897479486248663451e-03
3.309845426000300449e+03 1.231911848003872656e+01 4.904466968943600388e-03
3.309847740750728462e+03 1.232541284672760540e+01 4.931577492014459045e-03
3.309850055500691269e+03 1.233234709964520803e+01 4.968848525252580681e-03
3.309852370251118373e+03 1.234149050044458917e+01 5.002257185439491424e-03
3.309854685001545477e+03 1.232956288604888684e+01 4.949574597141906222e-03
3.309856999751507828e+03 1.233808657442427936e+01 4.993182042646786799e-03
3.309859314501935842e+03 1.232299980736459233e+01 4.919491284514242689e-03
3.309861629251898648e+03 1.231543129154592719e+01 4.886098210590038640e-03
3.309863944002326662e+03 1.232812937827949362e+01 4.939826896816622293e-03
3.309866258752289014e+03 1.233202669221510561e+01 4.967779528344259260e-03
3.309868573502716572e+03 1.232890245015697062e+01 4.947372158595034902e-03
3.309870888252678014e+03 1.233995829690650581e+01 4.998029928068944798e-03
3.309873203002639912e+03 1.233579359916073770e+01 4.982064555855437657e-03
3.309875517753067925e+03 1.233028000680499048e+01 4.955010713234429126e-03
3.309877832503030277e+03 1.232638224597391208e+01 4.934537117962651057e-03
3.309880147252993083e+03 1.232301337924952733e+01 4.919932448515880810e-03
3.309882462003421097e+03 1.232134287859670962e+01 4.923785162628245907e-03
3.309884776753382539e+03 1.233698879848752128e+01 4.983667023734502863e-03
3.309887091503344436e+03 1.233839543794161386e+01 4.990869176569511824e-03
3.309889406253306333e+03 1.230621247820257835e+01 4.848682746379225778e-03
3.309891721003269140e+03 1.232455292001517577e+01 4.926193698309044855e-03
3.309894035753230582e+03 1.232488393361330559e+01 4.934213913395556900e-03
3.309896350503192934e+03 1.233841661697331737e+01 4.996851510954138445e-03
3.309898665253155741e+03 1.232927220465866647e+01 4.949104014769512179e-03
3.309900980003117638e+03 1.230798214964326043e+01 4.855031107854526629e-03
3.309903294753079535e+03 1.233963077683334042e+01 5.003771094933239828e-03
3.309905609503041433e+03 1.234076060991757551e+01 5.008358738371466480e-03
3.309907924253004239e+03 1.232430322185616944e+01 4.926865854133650850e-03
3.309910239002965682e+03 1.233272832338937341e+01 4.968721147859473525e-03
3.309912553752928034e+03 1.231814950052459245e+01 4.898684000918118384e-03
3.309914868502890840e+03 1.233236747133188871e+01 4.961007152736294015e-03
3.309917183252386621e+03 1.231701570032247162e+01 4.897860015346861343e-03
3.309919498002348519e+03 1.234394389321933794e+01 5.016392026415879626e-03
3.309921812752310416e+03 1.233448541367094364e+01 4.971703735561773876e-03
3.309924127501807561e+03 1.233138200250281358e+01 4.956728016981748128e-03
3.309926442251769004e+03 1.233840610632185175e+01 4.993066116925915995e-03
3.309928757001730446e+03 1.231885274952734832e+01 4.907951397505320133e-03
3.309931071751227591e+03 1.234320729200063660e+01 5.013201446034492442e-03
3.309933386501189489e+03 1.232636003854726781e+01 4.936303117842192126e-03
3.309935701250686634e+03 1.232589557538127600e+01 4.934102304989431385e-03
3.309938016000648986e+03 1.233663877226958761e+01 4.984179286621931090e-03
3.309940330750145677e+03 1.231433591634323044e+01 4.880719293444216351e-03
3.309942645500107574e+03 1.233174039420584478e+01 4.961915847278167667e-03
3.309944960249602900e+03 1.231072678610487081e+01 4.870501379832181503e-03
3.309947274999100046e+03 1.233763145713358256e+01 4.982222054096741536e-03
3.309949589749061943e+03 1.233436503520260530e+01 4.978335487789202658e-03
3.309951904498559088e+03 1.233295185205804856e+01 4.962588896240636809e-03
3.309954219248055324e+03 1.234368890257150042e+01 5.017014907137655987e-03
3.309956533997552469e+03 1.232070979009408163e+01 4.916213926257884635e-03
3.309958848747048251e+03 1.234139206907432040e+01 5.000600985897606619e-03
3.309961163497010148e+03 1.233321479745031013e+01 4.974909521446420346e-03
3.309963478246506384e+03 1.233697652656418242e+01 4.980927318673986082e-03
3.309965792996003529e+03 1.232453142391453582e+01 4.928290238938710932e-03
3.309968107745499765e+03 1.233407173458065031e+01 4.975400613520326171e-03
3.309970422494996001e+03 1.233021834624840096e+01 4.952319009954872162e-03
3.309972737244493601e+03 1.232663880187433847e+01 4.936777559900679471e-03
3.309975051993989382e+03 1.233676541370838464e+01 4.985354622645059644e-03
3.309977366743485618e+03 1.232279343874338906e+01 4.921881248220771540e-03
3.309979681492981854e+03 1.232862459851482129e+01 4.945558819749302365e-03
3.309981996242012883e+03 1.232721424945926358e+01 4.943576055173637233e-03
3.309984310991509119e+03 1.233293769898746461e+01 4.963579340150130366e-03
3.309986625741004900e+03 1.232485432640595135e+01 4.928165123840849010e-03
3.309988940490502500e+03 1.232793012456958870e+01 4.943658211734829402e-03
3.309991255239997827e+03 1.233117646918275945e+01 4.959079060880465517e-03
3.309993569989028856e+03 1.232777117456856431e+01 4.942352948188180432e-03
3.309995884738526001e+03 1.232254799341050600e+01 4.929264844123759648e-03
3.309998199487557031e+03 1.233654240173957106e+01 4.978569870737195417e-03
3.310000514237052812e+03 1.233243462939868706e+01 4.964001501482538659e-03
3.310002828986549048e+03 1.232261405266134879e+01 4.916323739961469055e-03
3.310005143735580077e+03 1.233150976236165164e+01 4.958473390546240013e-03
3.310007458485076313e+03 1.231576247681103808e+01 4.889979214814066735e-03
3.310009773234107342e+03 1.233704979299194804e+01 4.981955580582592136e-03
3.310012087983604488e+03 1.232641725963949142e+01 4.932312799674908217e-03
3.310014402732635517e+03 1.232803653456038795e+01 4.945322186348913122e-03
3.310016717481665637e+03 1.231887135011156076e+01 4.900727619479698996e-03
3.310019032231161418e+03 1.234734975942506630e+01 5.035172841607123487e-03
3.310021346980192448e+03 1.231377171222755429e+01 4.877566936515762355e-03
3.310023661729223477e+03 1.232466720864020537e+01 4.922254811162696947e-03
3.310025976478254506e+03 1.233945658136022416e+01 4.997210838997867902e-03
3.310028291227750742e+03 1.232172422681890644e+01 4.913960703457316906e-03
3.310030605976782681e+03 1.234123122651014270e+01 5.001008939783771132e-03
3.310032920725812801e+03 1.235131764823116640e+01 5.048573753595977931e-03
3.310035235474842921e+03 1.235830528800499373e+01 5.086569048792609696e-03
3.310037550223873950e+03 1.232894501180648916e+01 4.945391534769196309e-03
3.310039864972905434e+03 1.232843630964696935e+01 4.938796431798056150e-03
3.310042179721935554e+03 1.234362956175592885e+01 5.013662000331585780e-03
3.310044494470967038e+03 1.235300033950506560e+01 5.050160926012474752e-03
3.310046809219998522e+03 1.232883862564909272e+01 4.944704154287589935e-03
3.310049123969028187e+03 1.232579197956462025e+01 4.931060007157597562e-03
3.310051438718059217e+03 1.232526072611031331e+01 4.934158565863260015e-03
3.310053753466624585e+03 1.235375667733454108e+01 5.055608709590154494e-03
3.310056068215655614e+03 1.234955875440393314e+01 5.037292869427401239e-03
3.310058382964685734e+03 1.233303323179714361e+01 4.957342024820745284e-03
3.310060697713715854e+03 1.234288147745693287e+01 5.009978888691960300e-03
3.310063012462281222e+03 1.234186816484123383e+01 5.003403347418816823e-03
3.310065327211312251e+03 1.234057574009674418e+01 4.996618881541923206e-03
3.310067641960342826e+03 1.233437344213984410e+01 4.965543666761957492e-03
3.310069956708908649e+03 1.234546516762095081e+01 5.022262276971189467e-03
3.310072271457939678e+03 1.234554059987750563e+01 5.019294956479312952e-03
3.310074586206504591e+03 1.234823700187801165e+01 5.032076871506798929e-03
3.310076900955534711e+03 1.234765947803218111e+01 5.025269151946694553e-03
3.310079215704100079e+03 1.234664278130752457e+01 5.019326639322758965e-03
3.310081530453131109e+03 1.233502008615624312e+01 4.967279807238845005e-03
3.310083845201696477e+03 1.232336063387140079e+01 4.925433959716042642e-03
3.310086159950261390e+03 1.232531946444537496e+01 4.926415271713901339e-03
3.310088474699292419e+03 1.234175267727943393e+01 4.998823376900494650e-03
3.310090789447857787e+03 1.233124378319578796e+01 4.952660414171732722e-03
3.310093104196422246e+03 1.232738225810054900e+01 4.933699262736991609e-03
3.310095418945452820e+03 1.232939229058181674e+01 4.951253808170249550e-03
3.310097733694018643e+03 1.233241911255838374e+01 4.961246814879301942e-03
3.310100048442583557e+03 1.233968603751710091e+01 4.994430161650924641e-03
3.310102363191148470e+03 1.233557207510020781e+01 4.976893780184369828e-03
3.310104677939714293e+03 1.233245301561518481e+01 4.956852533322932998e-03
3.310106992688279206e+03 1.232152734394488469e+01 4.907445137845680913e-03
3.310109307436844119e+03 1.234210696422661790e+01 5.001900967905269918e-03
3.310111622185409487e+03 1.234962206416709307e+01 5.035675618384775551e-03
3.310113936933974401e+03 1.234200000000000053e+01 5.008555702002790572e-03
3.310116251682539769e+03 1.233441018752251672e+01 4.964026169032409452e-03
3.310118566431105137e+03 1.233840020428386985e+01 4.983718714027331881e-03
3.310120881179670960e+03 1.233604363165263784e+01 4.972995032341346634e-03
3.310123195928235418e+03 1.235345738251071346e+01 5.058741526652097212e-03
3.310125510676334670e+03 1.231864075621978571e+01 4.892385537423596040e-03
3.310127825424900038e+03 1.233183593352154972e+01 4.954679710617003636e-03
3.310130140173464952e+03 1.233473059800364346e+01 4.969987758717780806e-03
3.310132454921563294e+03 1.234117192139059682e+01 4.993091145091307741e-03
3.310134769670129117e+03 1.233002672036744762e+01 4.953789858882656945e-03
3.310137084418694485e+03 1.232857119921954592e+01 4.940619147871312677e-03
3.310139399166793282e+03 1.233147424299105843e+01 4.954859656300702846e-03
3.310141713915359105e+03 1.235281288936037569e+01 5.049860453410754020e-03
3.310144028663458357e+03 1.234888020835587241e+01 5.034577780837447801e-03
3.310146343412024180e+03 1.234602877226455320e+01 5.019005626329588882e-03
3.310148658160122977e+03 1.233959209055087136e+01 4.985684455355934158e-03
3.310150972908687436e+03 1.235227025104478216e+01 5.051078678154464520e-03
3.310153287656787597e+03 1.232233289755166616e+01 4.918492633733704406e-03
3.310155602404886849e+03 1.234924343444637174e+01 5.037999988405626912e-03
3.310157917153451308e+03 1.233206603998601558e+01 4.956652994644959037e-03
3.310160231901551469e+03 1.232002613810111491e+01 4.913802937565421233e-03
3.310162546649652086e+03 1.234691567292113135e+01 5.024165918315280296e-03
3.310164861397750883e+03 1.233736862578822269e+01 4.980693892520469436e-03
3.310167176146315342e+03 1.234393704636338462e+01 5.010202472825546136e-03
3.310169490894415503e+03 1.235140479488027054e+01 5.038502167436072210e-03
3.310171805642515210e+03 1.232630049810329531e+01 4.927636742851034153e-03
3.310174120390614007e+03 1.234930392312056568e+01 5.040347345902104412e-03
3.310176435138714169e+03 1.233736155216794117e+01 4.983321059767275088e-03
3.310178749886813875e+03 1.233820152871697040e+01 4.985002451091465059e-03
3.310181064634913582e+03 1.233311226017959683e+01 4.956490510343019608e-03
3.310183379383011925e+03 1.235596559083110080e+01 5.063391272956073962e-03
3.310185694131112086e+03 1.234509643675727730e+01 5.012092938186734140e-03
3.310188008878746132e+03 1.233268937849354785e+01 4.955330703756095911e-03
3.310190323626844929e+03 1.236166100212824048e+01 5.091237561571092772e-03
3.310192638374945091e+03 1.234846902048334982e+01 5.031172386466869345e-03
3.310194953123044797e+03 1.233192797672499630e+01 4.957865723931567138e-03
3.310197267871143595e+03 1.233699801306137722e+01 4.976136322337372866e-03
3.310199582618777640e+03 1.235260783838285725e+01 5.053596618674563445e-03
3.310201897366876892e+03 1.233682249160010613e+01 4.980969787440340385e-03
3.310204212114510483e+03 1.232003441799675336e+01 4.899786246726625834e-03
3.310206526862609280e+03 1.233297492804759088e+01 4.959787156546680356e-03
3.310208841610709442e+03 1.233470848113158169e+01 4.972006231628934951e-03
3.310211156358343487e+03 1.234729974509362194e+01 5.024552189969046408e-03
3.310213471106442285e+03 1.233836175400083057e+01 4.987859968975633974e-03
3.310215785854076330e+03 1.234445184770603277e+01 5.012751577203716433e-03
3.310218100601710375e+03 1.235250366711494330e+01 5.054241418708395328e-03
3.310220415349810537e+03 1.233433754653261616e+01 4.964902293642443031e-03
3.310222730097443673e+03 1.234060445576475118e+01 4.995981415552579359e-03
3.310225044845076809e+03 1.234208518658501674e+01 5.000556470015659824e-03
3.310227359593176971e+03 1.234293147573224303e+01 5.008986163528648949e-03
3.310229674340811016e+03 1.232115790611747919e+01 4.917589853291934494e-03
3.310231989088444607e+03 1.231911197226110311e+01 4.898594509033378855e-03
3.310234303836077743e+03 1.233695003742353435e+01 4.982207132476016050e-03
3.310236618583713152e+03 1.233339397438202312e+01 4.969715263910741768e-03
3.310238933331346743e+03 1.235155125858109315e+01 5.045874382678453701e-03
3.310241248078979424e+03 1.232932225263769865e+01 4.946875624719842580e-03
3.310243562826613470e+03 1.234890971909895718e+01 5.037912822916421930e-03
3.310245877574247970e+03 1.233431333287281007e+01 4.968453955273534166e-03
3.310248192321881561e+03 1.232963198219605516e+01 4.945892571370819057e-03
3.310250507069515152e+03 1.233569764284932191e+01 4.977107406413940408e-03
3.310252821817150107e+03 1.233323145558294698e+01 4.972078491489607260e-03
3.310255136564783243e+03 1.234203371524381510e+01 5.004937286472626971e-03
3.310257451312416379e+03 1.232528559565747983e+01 4.930733790363551160e-03
3.310259766060050424e+03 1.233561233258846279e+01 4.980462265660335480e-03
3.310262080807218808e+03 1.231330725880985710e+01 4.876927327879528734e-03
3.310264395554852399e+03 1.233436711941253883e+01 4.971639965562166599e-03
3.310266710302486445e+03 1.234478731414110797e+01 5.017088915588318980e-03
3.310269025049654374e+03 1.231724385283452960e+01 4.897529402640616453e-03
3.310271339797288420e+03 1.232254572211744303e+01 4.920329723951386014e-03
3.310273654544455894e+03 1.232605754566542977e+01 4.938087806809516624e-03
3.310275969292089940e+03 1.232150386907337491e+01 4.916875663604914314e-03
3.310278284039258324e+03 1.233123508330456453e+01 4.961169636871697389e-03
3.310280598786891915e+03 1.233161375973086571e+01 4.960262440173984072e-03
3.310282913534059844e+03 1.234151587733829913e+01 5.009109046971717619e-03
3.310285228281694799e+03 1.233669927833197377e+01 4.988685247306551621e-03
3.310287543028861819e+03 1.233220554685851944e+01 4.962170566865452270e-03
3.310289857776030658e+03 1.233607361002992064e+01 4.977261627844623698e-03
3.310292172523664703e+03 1.233585951993619290e+01 4.984226261096111332e-03
3.310294487270833088e+03 1.230789682806281959e+01 4.859529876840178175e-03
3.310296802018000562e+03 1.233387790583545751e+01 4.976149441334612976e-03
3.310299116765168492e+03 1.233960010726205070e+01 5.003318113530148478e-03
3.310301431512336421e+03 1.235295910569515598e+01 5.055545155580393885e-03
3.310303746259504805e+03 1.232689398009501680e+01 4.940459673878893135e-03
3.310306061006672280e+03 1.232319212824657129e+01 4.925188162144854449e-03
3.310308375753841119e+03 1.231930830901323048e+01 4.904448213582836801e-03
3.310310690501010413e+03 1.231948563397418717e+01 4.904624518804450578e-03
3.310313005248177888e+03 1.231045719578483144e+01 4.861355297173757320e-03
3.310315319995345362e+03 1.233817944420831481e+01 4.991698237310657378e-03
3.310317634742514201e+03 1.232561755638869982e+01 4.933289452361677187e-03
3.310319949489682585e+03 1.231944049301462663e+01 4.903931898064078226e-03
3.310322264236850515e+03 1.233972260947048838e+01 4.995326304231144203e-03
3.310324578984018444e+03 1.232799370819278018e+01 4.944518574448271246e-03
3.310326893730721622e+03 1.232056949536055512e+01 4.910988583208935818e-03
3.310329208477889097e+03 1.230833540308338847e+01 4.858910114580486730e-03
3.310331523225057481e+03 1.232608056445607758e+01 4.933502684557672033e-03
3.310333837971759749e+03 1.232017063714521043e+01 4.908834324136849246e-03
3.310336152718928588e+03 1.233110269830720362e+01 4.957500093139148405e-03
3.310338467465630401e+03 1.231084041238921500e+01 4.871510123118364365e-03
3.310340782212799240e+03 1.234122304774335710e+01 5.003248428677703648e-03
3.310343096959501509e+03 1.233061762711604281e+01 4.960626959636658430e-03
3.310345411706668983e+03 1.232522131122140685e+01 4.933227172092050777e-03
3.310347726453371706e+03 1.233497403802226344e+01 4.973083988445703429e-03
3.310350041200540090e+03 1.230591774817395212e+01 4.846625344018845767e-03
3.310352355947242359e+03 1.233586293735409001e+01 4.979648772772365777e-03
3.310354670693944627e+03 1.232998306047689674e+01 4.952289852606942856e-03
3.310356985440646895e+03 1.233150116773446392e+01 4.965727601067957200e-03
3.310359300187815279e+03 1.234253029409109459e+01 5.010943367242786869e-03
3.310361614934518002e+03 1.233115472076915253e+01 4.958269762950332643e-03
3.310363929681219361e+03 1.232998179031439889e+01 4.951415089336872778e-03
3.310366244427922993e+03 1.232389702604283244e+01 4.926180249692522356e-03
3.310368559174626171e+03 1.233227286243547027e+01 4.956120636839084562e-03
3.310370873921327984e+03 1.234398781415523949e+01 5.010957411331238079e-03
3.310373188668029798e+03 1.233128817566001167e+01 4.954804782782161292e-03
3.310375503414732975e+03 1.233504028527354635e+01 4.971262407135604473e-03
3.310377818161435698e+03 1.233162185446125925e+01 4.954809042450609990e-03
3.310380132908137512e+03 1.233956636981050181e+01 4.995887523036136174e-03
3.310382447654839780e+03 1.234040176452137061e+01 4.999173863519511957e-03
3.310384762401543412e+03 1.233621970177413019e+01 4.973914180618775431e-03
3.310387077147780019e+03 1.234177543104829944e+01 5.004201025583342524e-03
3.310389391894481832e+03 1.234196975628235826e+01 5.000712072609540815e-03
3.310391706641185010e+03 1.232820928690433604e+01 4.938960285130356877e-03
3.310394021387887278e+03 1.233045713742481198e+01 4.947363880033393141e-03
3.310396336134123885e+03 1.232374319905209603e+01 4.921076294363726025e-03
3.310398650880827063e+03 1.233759558269293066e+01 4.976421093752651445e-03
3.310400965627063670e+03 1.234429979508534281e+01 5.009150478316296701e-03
3.310403280373765483e+03 1.233822762029488196e+01 4.984784632996424290e-03
3.310405595120002999e+03 1.234495621378061969e+01 5.013851544173679800e-03
3.310407909866705722e+03 1.233802241893756069e+01 4.981689612242231821e-03
3.310410224612942329e+03 1.234673504797720334e+01 5.018441575540992690e-03
3.310412539359644597e+03 1.234045485697514621e+01 4.991825287427632991e-03
3.310414854105882114e+03 1.232597454066529963e+01 4.927660494639677681e-03
3.310417168852118266e+03 1.232653873480093765e+01 4.934605073522025168e-03
3.310419483598820534e+03 1.235145522129081108e+01 5.044603222786614612e-03
3.310421798345057596e+03 1.236268646764856349e+01 5.096099216671383728e-03
3.310424113091294657e+03 1.235258506752949437e+01 5.046196029029160340e-03
3.310426427837531719e+03 1.234753100916719859e+01 5.022998171184589813e-03
3.310428742583767871e+03 1.235549253811742787e+01 5.058002054268301469e-03
3.310431057330004933e+03 1.233156750973871318e+01 4.953502634355047042e-03
3.310433372076241994e+03 1.234651920042518647e+01 5.021567847906560286e-03
3.310435686822478601e+03 1.233080257179529582e+01 4.949908228770442085e-03
3.310438001568714753e+03 1.234063929672278093e+01 4.995472608958901467e-03
3.310440316314951815e+03 1.235001223612019317e+01 5.033785996283599712e-03
3.310442631061189331e+03 1.233232806731775888e+01 4.956335944800454966e-03
3.310444945807425938e+03 1.233897862021519032e+01 4.982153003801040661e-03
3.310447260553662545e+03 1.233720627461349117e+01 4.971759348812649845e-03
3.310449575299899607e+03 1.233091729434378081e+01 4.946661538779499948e-03
3.310451890045671007e+03 1.234267031223947342e+01 5.002261991457813452e-03
3.310454204791907614e+03 1.232728683422276106e+01 4.933018901860961730e-03
3.310456519538143766e+03 1.235768201039745051e+01 5.069514168385085180e-03
3.310458834283916531e+03 1.233434452782817026e+01 4.966165018567465089e-03
3.310461149030152228e+03 1.234961286514947254e+01 5.031025634843434499e-03
3.310463463776388835e+03 1.236534297367457569e+01 5.109539560396145902e-03
3.310465778522160690e+03 1.233710715698816607e+01 4.974909747948436274e-03
3.310468093268397297e+03 1.234650768636243257e+01 5.015853571355139220e-03
3.310470408014168243e+03 1.233976117772306225e+01 4.987103483667477272e-03
3.310472722759940098e+03 1.233860395611412919e+01 4.986440794206853031e-03
3.310475037506176704e+03 1.233028532426999391e+01 4.946071010828572215e-03
3.310477352251947650e+03 1.232737710727183966e+01 4.934768959071971980e-03
3.310479666997719050e+03 1.233817703392342402e+01 4.981512503850993485e-03
3.310481981743956112e+03 1.234061954037609432e+01 4.988683572313115135e-03
3.310484296489727512e+03 1.233837163749791621e+01 4.983728417949188048e-03
3.310486611235498003e+03 1.233719390644616709e+01 4.977903249450492049e-03
3.310488925981269404e+03 1.232430825297194943e+01 4.918276137757702886e-03
3.310491240727040349e+03 1.235533759954578059e+01 5.060581063280714630e-03
3.310493555472810840e+03 1.232002545128169047e+01 4.898436440177479471e-03
3.310495870219047902e+03 1.234977613984997191e+01 5.035437128419311889e-03
3.310498184964819302e+03 1.232414782533179931e+01 4.913275629166022167e-03
3.310500499710125496e+03 1.235905669387728700e+01 5.077499318163914560e-03
3.310502814455895987e+03 1.234668935207538709e+01 5.020278453700889772e-03
3.310505129201666932e+03 1.231757883738272774e+01 4.891792299231426805e-03
3.310507443947438333e+03 1.234955958430874468e+01 5.031168121233085995e-03
3.310509758693209278e+03 1.233238489593660248e+01 4.958091909094803316e-03
3.310512073438980224e+03 1.233287935673500080e+01 4.959240409671021241e-03
3.310514388184285963e+03 1.233865614733005067e+01 4.982443053076472499e-03
3.310516702930057818e+03 1.231099479925127582e+01 4.860095385724545226e-03
3.310519017675828763e+03 1.233532130201605881e+01 4.974586786770397555e-03
3.310521332421134048e+03 1.234914005733884323e+01 5.033095381145257299e-03
3.310523647166905448e+03 1.231792336961067846e+01 4.891171265285198036e-03
3.310525961912210732e+03 1.233156441640249312e+01 4.949138858870613146e-03
3.310528276657981223e+03 1.234960297327882373e+01 5.032944237478224718e-03
3.310530591403287417e+03 1.234111869799605010e+01 5.003504090252476263e-03
3.310532906149058363e+03 1.234135768074089512e+01 4.999780756634211558e-03
3.310535220894364102e+03 1.233959773414765237e+01 4.989966879761451382e-03
3.310537535640135502e+03 1.235191211501770958e+01 5.046727304523634591e-03
3.310539850385441241e+03 1.233976188631656612e+01 4.986857892325902326e-03
3.310542165130746980e+03 1.235271496688694093e+01 5.048442688805989016e-03
3.310544479876051810e+03 1.232411777662241370e+01 4.918462897573937231e-03
3.310546794621823210e+03 1.235682100361986180e+01 5.063957081650212640e-03
3.310549109367128949e+03 1.234683251632706380e+01 5.021444931819823466e-03
3.310551424112433779e+03 1.234895354964681857e+01 5.029100045560040873e-03
3.310553738857739972e+03 1.234127705768194971e+01 4.994621961122104950e-03
3.310556053603045711e+03 1.233418698953181547e+01 4.964642471040847833e-03
3.310558368348351451e+03 1.232512717741763275e+01 4.924922665964471917e-03
3.310560683093656735e+03 1.231312308868463212e+01 4.867920381295172058e-03
3.310562997838962019e+03 1.233542233366388707e+01 4.971722665130428633e-03
3.310565312584267303e+03 1.234737842288094001e+01 5.021433949200519026e-03
3.310567627329572588e+03 1.233063949470837173e+01 4.948367751654671187e-03
3.310569942074411301e+03 1.233247030340591266e+01 4.962864699266519679e-03
3.310572256819717495e+03 1.235551144862156825e+01 5.059693270997847082e-03
3.310574571565024144e+03 1.232685979864459824e+01 4.936550322776147443e-03
3.310576886310328973e+03 1.234835086187202968e+01 5.032462261856782484e-03
3.310579201055169051e+03 1.234072131284849583e+01 5.001906104854260231e-03
3.310581515800474335e+03 1.233589488983979443e+01 4.970485986692419790e-03
3.310583830545314413e+03 1.234219097357193817e+01 5.003954605230813077e-03
3.310586145290619243e+03 1.232653009886313633e+01 4.936248434527055681e-03
3.310588460035458866e+03 1.233954983402929884e+01 4.986524896351702922e-03
3.310590774780765969e+03 1.232627564770992024e+01 4.937558891947013522e-03
3.310593089525605592e+03 1.232944405066261240e+01 4.951608676051304919e-03
3.310595404270910421e+03 1.232754002393316739e+01 4.939222503398027313e-03
3.310597719015750499e+03 1.234310000120813733e+01 5.008859627859463259e-03
3.310600033760590577e+03 1.232918655257769736e+01 4.940009109336454367e-03
3.310602348505895407e+03 1.233262424085798870e+01 4.960462599589226043e-03
3.310604663250735484e+03 1.233671420169273603e+01 4.980504796150747072e-03
3.310606977995575562e+03 1.234650061139361021e+01 5.025236062796020753e-03
3.310609292740415185e+03 1.234463552191801838e+01 5.009958544351197918e-03
3.310611607485255263e+03 1.232105826520849590e+01 4.913727208547147111e-03
3.310613922230094886e+03 1.233423056367704085e+01 4.975450684239901902e-03
3.310616236974935418e+03 1.234406588122522663e+01 5.013747242099499991e-03
3.310618551719774587e+03 1.232504990493720420e+01 4.924585319070793644e-03
3.310620866464615119e+03 1.235459751695255903e+01 5.069765849528983133e-03
3.310623181209454742e+03 1.233445385790207460e+01 4.971010946689219737e-03
3.310625495954293910e+03 1.232983379347630226e+01 4.945754798950698257e-03
3.310627810699134443e+03 1.234125789825759867e+01 5.002201119887420694e-03
3.310630125443974521e+03 1.233177561978778058e+01 4.955988957524224553e-03
3.310632440188348482e+03 1.233700791198352142e+01 4.984706666044786370e-03
3.310634754933187651e+03 1.234484563154019376e+01 5.022249338532265052e-03
3.310637069678027729e+03 1.232767115232460675e+01 4.940405045237735576e-03
3.310639384422402600e+03 1.233888152992884812e+01 4.991782671764110647e-03
3.310641699167241313e+03 1.232922361997693095e+01 4.949105538141531854e-03
3.310644013912080936e+03 1.231402611676642245e+01 4.884224461596682262e-03
3.310646328656454898e+03 1.232102036664166711e+01 4.912223611026700007e-03
3.310648643401295885e+03 1.233526912770484962e+01 4.978553660798206229e-03
3.310650958145669392e+03 1.232631414314364271e+01 4.935163179317365867e-03
3.310653272890043809e+03 1.233916226624503309e+01 4.997409454770678112e-03
3.310655587634884796e+03 1.232378968956737886e+01 4.929704623784015791e-03
3.310657902379257848e+03 1.232521077805725440e+01 4.929971819849600541e-03
3.310660217123631810e+03 1.232441899488263104e+01 4.930599439533073919e-03
3.310662531868471888e+03 1.233053637133897240e+01 4.953449620351633303e-03
3.310664846612847214e+03 1.231411500948451909e+01 4.881740241742004750e-03
3.310667161357220721e+03 1.231879945887488148e+01 4.901662724797966643e-03
3.310669476101594682e+03 1.233071778993550538e+01 4.963372039995065169e-03
3.310671790845969099e+03 1.232370066659476748e+01 4.928406567706168293e-03
3.310674105590343515e+03 1.233086597281175756e+01 4.961043665380470390e-03
3.310676420334717022e+03 1.232662250681297778e+01 4.939424546400971762e-03
3.310678735079091439e+03 1.232092925193760813e+01 4.923740421969112664e-03
3.310681049823465401e+03 1.230862922648494973e+01 4.863789392607366195e-03
3.310683364567839362e+03 1.231719363417163393e+01 4.901616900073743101e-03
3.310685679312214234e+03 1.234692269892942207e+01 5.033551422628292429e-03
3.310687994056588650e+03 1.233482975354063704e+01 4.974654824171795275e-03
3.310690308800496950e+03 1.232756351070967327e+01 4.946172981265884068e-03
3.310692623544870912e+03 1.232889899512895049e+01 4.956470127514005578e-03
3.310694938289244874e+03 1.232347610350337597e+01 4.925591943160280775e-03
3.310697253033154539e+03 1.231711545546198217e+01 4.905019945051834578e-03
3.310699567777528046e+03 1.233337985980924500e+01 4.976157166045584550e-03
3.310701882521902462e+03 1.231404535574624148e+01 4.889680106526184122e-03
3.310704197265810762e+03 1.231740781433497745e+01 4.900875326548078358e-03
3.310706512010185634e+03 1.232179750844169774e+01 4.923779837187246267e-03
3.310708826754093479e+03 1.232558943673065954e+01 4.944730941727780438e-03
3.310711141498001780e+03 1.234247245044024410e+01 5.015055817956336377e-03
3.310713456242376196e+03 1.232262019901354932e+01 4.927996262797825627e-03
3.310715770986284497e+03 1.232116456240821201e+01 4.920502405093100766e-03
3.310718085730192797e+03 1.230346899660299620e+01 4.840271839681237892e-03
3.310720400474567214e+03 1.231589096810886375e+01 4.896538659774547254e-03
3.310722715218476424e+03 1.231799899939600706e+01 4.908993297700257191e-03
3.310725029962384724e+03 1.232770598356601077e+01 4.957758424658164145e-03
3.310727344706293025e+03 1.230645602104646485e+01 4.859728346255431236e-03
3.310729659450201325e+03 1.232768232224058380e+01 4.949753468635981896e-03
3.310731974194110080e+03 1.231496147465989210e+01 4.891910381022314576e-03
3.310734288938017926e+03 1.231144983692960082e+01 4.878782458357591376e-03
3.310736603681927136e+03 1.232800759029386128e+01 4.951101659399778990e-03
3.310738918425835436e+03 1.232582614177528946e+01 4.946653143642803889e-03
3.310741233169743282e+03 1.233278303943342280e+01 4.974026333515754392e-03
3.310743547913652492e+03 1.230661234951106131e+01 4.855803073890657164e-03
3.310745862657095586e+03 1.231614719467365759e+01 4.896296987407063733e-03
3.310748177401003886e+03 1.230772134040573285e+01 4.861192735782505527e-03
3.310750492144912641e+03 1.231132526914216996e+01 4.875887279432324257e-03
3.310752806888820942e+03 1.232170299092862642e+01 4.922572220245752250e-03
3.310755121632264036e+03 1.230844784301636530e+01 4.864337258133112803e-03
3.310757436376171881e+03 1.231009809028600444e+01 4.877549670045923380e-03
3.310759751119615430e+03 1.232160523403960894e+01 4.926002775702697026e-03
3.310762065863524185e+03 1.230257388814951369e+01 4.843304741976249203e-03
3.310764380606966824e+03 1.231616669421396359e+01 4.901750080203547653e-03
3.310766695350875580e+03 1.232392776276153157e+01 4.939483696004177624e-03
3.310769010094318219e+03 1.230459572581143668e+01 4.847304921316666383e-03
3.310771324837761313e+03 1.232940848825502478e+01 4.970290561119180238e-03
3.310773639581669613e+03 1.231720259678460749e+01 4.910786117246132391e-03
3.310775954325111343e+03 1.230365534452141141e+01 4.848119355122491002e-03
3.310778269068554891e+03 1.230714366165298657e+01 4.865669235449746055e-03
3.310780583811998440e+03 1.231468211501963772e+01 4.892023529252371647e-03
3.310782898555906286e+03 1.231586443717988821e+01 4.902798781222806809e-03
3.310785213299348925e+03 1.232585629455889098e+01 4.947342310655720304e-03
3.310787528042792474e+03 1.233324685055210601e+01 4.979460874626413618e-03
3.310789842786235113e+03 1.233679269164467840e+01 4.993267188669222624e-03
3.310792157529677752e+03 1.231931163172068722e+01 4.917364069000346692e-03
3.310794472273119936e+03 1.232221143559078058e+01 4.931556547074293986e-03
3.310796787016563940e+03 1.231193044100459133e+01 4.879100423830187022e-03
3.310799101759540918e+03 1.231936322127900496e+01 4.916900032099396148e-03
3.310801416502984011e+03 1.231768112364942880e+01 4.910536162399100311e-03
3.310803731246427560e+03 1.232106674098012178e+01 4.922824360303654223e-03
3.310806045989869290e+03 1.231684576670021514e+01 4.905960759686254016e-03
3.310808360732846268e+03 1.231804685751694883e+01 4.909497612864666648e-03
3.310810675476288907e+03 1.230782710232629995e+01 4.865378087580802917e-03
3.310812990219732455e+03 1.230721236979568545e+01 4.860781628500578620e-03
3.310815304962709433e+03 1.232309408018784858e+01 4.933458151222032233e-03
3.310817619706152527e+03 1.233224344659501881e+01 4.975305913124625570e-03
3.310819934449129960e+03 1.230291315621758486e+01 4.839630844181967533e-03
3.310822249192573054e+03 1.232935817588636596e+01 4.962887165208504023e-03
3.310824563935549577e+03 1.232044842624585890e+01 4.923794645559642635e-03
3.310826878678527009e+03 1.230882218999384214e+01 4.873704776127926221e-03
3.310829193421970558e+03 1.232029855263347606e+01 4.921815966813696333e-03
3.310831508164947081e+03 1.231211315516297944e+01 4.886259229511874351e-03
3.310833822907924514e+03 1.231915100060565749e+01 4.917475555064903039e-03
3.310836137650901492e+03 1.230789632270923839e+01 4.865849920980707712e-03
3.310838452393878924e+03 1.231683394044373081e+01 4.907973082999171274e-03
3.310840767136855902e+03 1.233613139060561537e+01 4.993943077162934716e-03
3.310843081880298996e+03 1.231853673548893724e+01 4.907311161767647159e-03
3.310845396623276429e+03 1.232572126257013778e+01 4.943687868262099799e-03
3.310847711365787291e+03 1.233809262242392180e+01 5.002719455282459392e-03
3.310850026108763814e+03 1.232179269938910693e+01 4.921069562680405879e-03
3.310852340851741246e+03 1.231626075446944668e+01 4.900757772243692981e-03
3.310854655594719588e+03 1.231581746102051156e+01 4.899422910552793387e-03
3.310856970337696566e+03 1.232278564572277091e+01 4.931285493373417303e-03
3.310859285080673999e+03 1.231462661339610776e+01 4.892587231019424401e-03
3.310861599823185315e+03 1.231168750309205251e+01 4.885346565374715407e-03
3.310863914566161839e+03 1.234111311014597057e+01 5.012769293233330231e-03
3.310866229309138362e+03 1.229892525889812127e+01 4.826946095594641072e-03
3.310868544051651043e+03 1.230820963400642398e+01 4.879545375845653100e-03
3.310870858794628475e+03 1.230450881669571572e+01 4.851807659348256196e-03
3.310873173537139337e+03 1.232081714735232403e+01 4.923248963926093319e-03
3.310875488280116770e+03 1.231075964970262682e+01 4.879170078216098043e-03
3.310877803022628996e+03 1.230550077176332735e+01 4.851338027516559522e-03
3.310880117765605974e+03 1.232984906189585139e+01 4.970557361997409926e-03
3.310882432508116381e+03 1.233005770537321055e+01 4.965352591777358153e-03
3.310884747250629061e+03 1.232948615115954105e+01 4.966801955573542024e-03
3.310887061993606494e+03 1.232360699879050081e+01 4.942115268373000435e-03
3.310889376736116901e+03 1.231547135709492480e+01 4.898541666473407892e-03
3.310891691478629127e+03 1.231492162243459454e+01 4.898932424217007815e-03
3.310894006221140444e+03 1.230993432054056136e+01 4.872460317256169585e-03
3.310896320963652670e+03 1.232056646712559278e+01 4.922771626702161785e-03
3.310898635706163532e+03 1.233992862449138883e+01 5.008098659876416420e-03
3.310900950448674848e+03 1.231754995500473271e+01 4.907090546585526208e-03
3.310903265191187529e+03 1.231504066832653876e+01 4.898871650044582353e-03
3.310905579933697936e+03 1.231277657339888343e+01 4.888128251242659754e-03
3.310907894676210162e+03 1.230617032830836877e+01 4.866836473047672466e-03
3.310910209418721479e+03 1.230470540363142362e+01 4.848496277756748907e-03
3.310912524161233705e+03 1.230590560308576187e+01 4.851871543544883369e-03
3.310914838903278905e+03 1.233337425835310874e+01 4.979348382820891067e-03
3.310917153645791132e+03 1.231825810905377239e+01 4.911684766560371965e-03
3.310919468388302448e+03 1.230869082168786655e+01 4.867779883336472574e-03
3.310921783130348103e+03 1.232007950700214138e+01 4.915997417126596360e-03
3.310924097872858511e+03 1.232941208226380603e+01 4.958185804791865464e-03
3.310926412614905075e+03 1.232247480908945647e+01 4.929273873352036164e-03
3.310928727357416847e+03 1.230916670789457434e+01 4.869248364622950388e-03
3.310931042099462502e+03 1.231326156668870198e+01 4.891340663098193639e-03
3.310933356841974273e+03 1.232961892822697436e+01 4.961972991071491625e-03
3.310935671584020383e+03 1.231972485509457371e+01 4.913189321130951789e-03
3.310937986326066039e+03 1.231184032188030919e+01 4.888425137712995583e-03
3.310940301068576900e+03 1.231501550190986727e+01 4.895841460228252812e-03
3.310942615810623010e+03 1.233803661422748021e+01 5.000617405222822914e-03
3.310944930552670030e+03 1.232607788013139327e+01 4.938938451534716223e-03
3.310947245294715685e+03 1.231941426439203013e+01 4.913945515444034101e-03
3.310949560036760886e+03 1.233454858596419434e+01 4.974204698556065722e-03
3.310951874778807451e+03 1.232292347782113495e+01 4.930735485882971336e-03
3.310954189520853106e+03 1.231415039460288341e+01 4.887776095836900841e-03
3.310956504262898306e+03 1.232497134186502841e+01 4.932280776364704987e-03
3.310958819004944417e+03 1.233718209139712663e+01 4.991686079357291091e-03
3.310961133746990527e+03 1.233193212293392804e+01 4.976097834016050304e-03
3.310963448489036182e+03 1.232353635623561594e+01 4.926414858593697495e-03
3.310965763231081837e+03 1.233294421057280132e+01 4.971839692366975851e-03
3.310968077973127947e+03 1.232676681734932700e+01 4.944415357467269075e-03
3.310970392714708396e+03 1.232221750875609168e+01 4.924144294175940642e-03
3.310972707456754506e+03 1.232014198521252979e+01 4.910902700083291661e-03
3.310975022198800161e+03 1.232103000163653839e+01 4.918539388663202734e-03
3.310977336940380610e+03 1.232845361102733328e+01 4.944840595326997594e-03
3.310979651682426265e+03 1.233210565635846478e+01 4.966406021477387175e-03
3.310981966424006714e+03 1.232632129982824765e+01 4.942173198712265618e-03
3.310984281166052369e+03 1.232666877280118456e+01 4.937144548280870439e-03
3.310986595907632818e+03 1.232467673499915506e+01 4.931720565985509876e-03
3.310988910649678473e+03 1.229964549308949806e+01 4.817560452850471776e-03
3.310991225391258922e+03 1.234148745046612738e+01 5.003165506180761758e-03
3.310993540132839371e+03 1.232357045884574198e+01 4.931582990145271655e-03
3.310995854874418910e+03 1.233325898027545620e+01 4.965205355748370311e-03
3.310998169616464565e+03 1.230552674859777618e+01 4.847186119373936806e-03
3.311000484358045014e+03 1.233592224467954601e+01 4.984095938098169476e-03
3.311002799099625463e+03 1.232263719186313544e+01 4.916310433607107809e-03
3.311005113841205457e+03 1.232248928376080066e+01 4.920735004646979716e-03
3.311007428582785906e+03 1.233365626288771111e+01 4.968111044373790114e-03
3.311009743324366354e+03 1.231283570682538020e+01 4.876131631198746610e-03
3.311012058065945894e+03 1.231922308762265139e+01 4.915047592552687986e-03
3.311014372807525888e+03 1.233324961568654743e+01 4.962303315721761608e-03
3.311016687549105882e+03 1.232106867210968382e+01 4.915720585528830441e-03
3.311019002290222033e+03 1.232171546283926844e+01 4.914230510648484769e-03
3.311021317031801573e+03 1.233545475899534516e+01 4.977651351625672627e-03
3.311023631773382021e+03 1.234002020748129169e+01 4.999689534628704891e-03
3.311025946514496354e+03 1.233443741747202793e+01 4.974884544927880327e-03
3.311028261256076348e+03 1.231998556478015594e+01 4.911198416533946523e-03
3.311030575997656342e+03 1.232559179587968856e+01 4.935154576927904511e-03
3.311032890738771130e+03 1.233605467632041908e+01 4.981195991681753102e-03
3.311035205480351578e+03 1.233273053864399671e+01 4.963475497472578067e-03
3.311037520221465456e+03 1.231914703910182318e+01 4.911377212193100521e-03
3.311039834959321070e+03 1.233574341120164419e+01 4.978256855030114766e-03
3.311042149700435402e+03 1.232358156257258308e+01 4.924972859670541901e-03
3.311044464442015851e+03 1.233288847119469978e+01 4.965534557023180799e-03
3.311046779183130639e+03 1.232715144855883693e+01 4.935462792607330298e-03
3.311049093924244971e+03 1.233194320133859279e+01 4.962658828297120128e-03
3.311051408665359304e+03 1.233101785466107359e+01 4.961218339624456908e-03
3.311053723406939298e+03 1.233420137197517441e+01 4.972439578307854234e-03
3.311056038148053631e+03 1.232358363499050391e+01 4.926147019809890351e-03
3.311058352889168418e+03 1.233561478329650818e+01 4.976687272153120824e-03
3.311060667630284115e+03 1.232986237902160909e+01 4.957039895854574441e-03
3.311062982371397993e+03 1.231870323602528572e+01 4.905681969676430575e-03
3.311065297112512781e+03 1.232022047776476725e+01 4.912203000916799157e-03
3.311067611853161907e+03 1.233814437312020829e+01 4.991583447729624166e-03
3.311069926594275785e+03 1.232785062517664976e+01 4.942761421200627704e-03
3.311072241335389663e+03 1.232288383015022504e+01 4.925876956711373357e-03
3.311074556076504450e+03 1.232139786733026554e+01 4.918803656961157587e-03
3.311076870817620147e+03 1.234094417626960549e+01 5.004750331838839911e-03
3.311079185558268364e+03 1.232964647113604784e+01 4.952534407849201216e-03
3.311081500299383151e+03 1.233014745008617652e+01 4.953624370925150192e-03
3.311083815040032277e+03 1.233083281389924224e+01 4.952618137067508162e-03
3.311086129781146610e+03 1.231509504720102299e+01 4.882015313056427101e-03
3.311088444521794372e+03 1.231372358664117428e+01 4.881167871705092282e-03
3.311090759262910069e+03 1.233111903662364739e+01 4.962149691058863679e-03
3.311093074003558286e+03 1.235097944704351214e+01 5.048856179665875063e-03
3.311095388744673073e+03 1.231409717205963439e+01 4.879796576384292338e-03
3.311097703485323109e+03 1.233548882365354160e+01 4.983129142761194563e-03
3.311100018225971326e+03 1.233996657963253618e+01 4.995288457335819027e-03
3.311102332966620452e+03 1.235096054590660586e+01 5.046145364358277201e-03
3.311104647707268668e+03 1.232216784779695828e+01 4.916942771077827123e-03
3.311106962448383456e+03 1.231872706640901960e+01 4.904159826857474799e-03
3.311109277189032582e+03 1.234774742982945739e+01 5.033633922267928724e-03
3.311111591929680799e+03 1.233391399989617732e+01 4.972377218668022972e-03
3.311113906670329925e+03 1.233773561694863119e+01 4.988928598233892224e-03
3.311116221410979506e+03 1.234930649330705599e+01 5.042107011922549419e-03
3.311118536151162971e+03 1.233432666941749112e+01 4.973375230468059932e-03
3.311120850891811642e+03 1.234303932539584459e+01 5.008507820682926714e-03
3.311123165632459859e+03 1.233357684111842190e+01 4.974211202443240207e-03
3.311125480373109440e+03 1.233786748621065854e+01 4.986719965002980870e-03
3.311127795113758111e+03 1.231729681904300122e+01 4.894592685390242517e-03
3.311130109853940667e+03 1.233036306547222161e+01 4.953534592119912018e-03
3.311132424594589793e+03 1.234993000799765461e+01 5.038996963224510149e-03
3.311134739334774167e+03 1.233458933249559841e+01 4.974077741941466090e-03
3.311137054075422384e+03 1.233881019565767190e+01 4.986616209310747692e-03
3.311139368815605849e+03 1.233315378109147886e+01 4.969620777356726846e-03
3.311141683556254520e+03 1.233435675145390675e+01 4.969713530075754726e-03
3.311143998296437530e+03 1.234447210942263595e+01 5.019798656480428840e-03
3.311146313037085747e+03 1.232151518430901405e+01 4.915763071652603199e-03
3.311148627777269212e+03 1.233273487369312527e+01 4.960139089428098301e-03
3.311150942517453586e+03 1.233549074580869842e+01 4.972440617975902068e-03
3.311153257257636596e+03 1.232851051096992379e+01 4.947486550208599239e-03
3.311155571998285268e+03 1.233532898545429290e+01 4.969124999466712628e-03
3.311157886738468733e+03 1.235395701153644588e+01 5.061121691286152476e-03
3.311160201478651288e+03 1.234253236675462162e+01 5.004054593416730652e-03
3.311162516218834753e+03 1.232914469688059356e+01 4.944930074631022007e-03
3.311164830959018218e+03 1.234019655711037444e+01 5.000810797799408632e-03
3.311167145699201683e+03 1.233911715446801161e+01 4.986707395172913435e-03
3.311169460439384238e+03 1.232235559254537627e+01 4.916917567518946583e-03
3.311171775179568158e+03 1.233701829393255878e+01 4.979796305796487833e-03
3.311174089919285962e+03 1.234389987945194989e+01 5.011049834274272988e-03
3.311176404659468972e+03 1.233191701710028987e+01 4.953992551523827420e-03
3.311178719399651527e+03 1.232585392813738068e+01 4.931997482387054377e-03
3.311181034139834992e+03 1.233877870724910686e+01 4.986596421536640053e-03
3.311183348879552796e+03 1.233392516026021823e+01 4.974576752450055907e-03
3.311185663619735351e+03 1.234034268872080808e+01 4.997623662645766032e-03
3.311187978359453609e+03 1.234177603990443650e+01 5.005148225905732551e-03
3.311190293099637074e+03 1.233317433563025034e+01 4.969298284120750829e-03
3.311192607839354423e+03 1.234701876390761655e+01 5.022046882416896993e-03
3.311194922579537433e+03 1.232222622136862000e+01 4.915894154752910652e-03
3.311197237319254782e+03 1.233591745930212547e+01 4.972923964532265442e-03
3.311199552058973495e+03 1.234155243270521751e+01 5.001044951661869596e-03
3.311201866799156051e+03 1.235331365728760211e+01 5.058366122395665555e-03
3.311204181538872945e+03 1.233875707270801847e+01 4.983705959390530293e-03
3.311206496278590748e+03 1.232274132202189598e+01 4.923780380235465506e-03
3.311208811018309461e+03 1.234129333399330264e+01 4.995105844995478654e-03
3.311211125758026355e+03 1.234060934241287555e+01 4.999789221607517202e-03
3.311213440497744159e+03 1.232567094726231538e+01 4.928845570398491735e-03
3.311215755237461508e+03 1.233664767338087209e+01 4.978800074683334409e-03
3.311218069977178402e+03 1.233618779366914531e+01 4.973709530182150555e-03
3.311220384716895751e+03 1.233649938768976639e+01 4.978808586347952328e-03
3.311222699456614009e+03 1.233409575715271522e+01 4.965578002362299598e-03
3.311225014196332268e+03 1.234072000422092508e+01 4.996053611474634247e-03
3.311227328936049616e+03 1.233386362144069004e+01 4.966290951421289783e-03
3.311229643675300849e+03 1.234849190566333910e+01 5.032631056758662090e-03
3.311231958415019562e+03 1.232874759682403010e+01 4.938475365980314093e-03
3.311234273154736456e+03 1.232634440500171635e+01 4.931099713470411643e-03
3.311236587893987235e+03 1.234443344456965086e+01 5.010130485674709443e-03
3.311238902633705493e+03 1.233780223325146608e+01 4.980099474907397246e-03
3.311241217372957635e+03 1.234164477171872676e+01 4.999766916357225449e-03
3.311243532112674984e+03 1.233258239976815851e+01 4.961051153086992911e-03
3.311245846851928036e+03 1.232935555844327702e+01 4.943764603961766681e-03
3.311248161591179269e+03 1.233931585347909454e+01 4.986279931912244133e-03
3.311250476330897072e+03 1.231907914628280132e+01 4.896347066608698270e-03
3.311252791070148305e+03 1.235662174351802278e+01 5.065078526931531162e-03
3.311255105809400447e+03 1.233662121873271111e+01 4.978911874267615695e-03
3.311257420548652590e+03 1.235184584962062004e+01 5.041078165880237549e-03
3.311259735287903823e+03 1.233154645915736403e+01 4.952257938104204400e-03
3.311262050027622081e+03 1.233333685072381947e+01 4.955058209945436068e-03
3.311264364766873769e+03 1.234376332934479059e+01 5.002275692659334874e-03
3.311266679506125911e+03 1.235699514193753501e+01 5.061385701931282038e-03
3.311268994245377598e+03 1.235544359261717418e+01 5.060434876307786690e-03
3.311271308984164079e+03 1.232748995791998325e+01 4.930644873004274426e-03
3.311273623723416677e+03 1.232103018417103790e+01 4.905169902377919805e-03
3.311275938462667455e+03 1.232999384789733277e+01 4.945189965334686327e-03
3.311278253201919597e+03 1.234857992500403512e+01 5.028022182114896994e-03
3.311280567941170830e+03 1.234657356958628860e+01 5.020585840534590866e-03
3.311282882679958675e+03 1.234148565503477357e+01 4.997742093356874644e-03
3.311285197419209453e+03 1.234909505094566384e+01 5.030957542822873420e-03
3.311287512157995934e+03 1.233708616408125991e+01 4.976441623711044468e-03
3.311289826897248531e+03 1.234155025559878283e+01 4.995556973344643555e-03
3.311292141636034103e+03 1.235876681922585618e+01 5.084982416772071759e-03
3.311294456375285336e+03 1.235172843522494013e+01 5.047943505314356379e-03
3.311296771114071817e+03 1.235437345779275198e+01 5.049976485210607227e-03
3.311299085853324414e+03 1.233664073947552176e+01 4.972595502454268956e-03
3.311301400592110440e+03 1.232992260285095831e+01 4.937855532699976686e-03
3.311303715330896921e+03 1.234078462181155444e+01 4.999538143895566021e-03
3.311306030069683402e+03 1.235099084297741712e+01 5.037351385107503854e-03
3.311308344808469428e+03 1.235771320435726039e+01 5.070347384474820258e-03
3.311310659547720206e+03 1.233831156200783497e+01 4.978458432681028868e-03
3.311312974286507142e+03 1.235621221881755361e+01 5.063466802142605784e-03
3.311315289025293623e+03 1.234946969526642846e+01 5.035462635735968306e-03
3.311317603764079649e+03 1.232660316113674526e+01 4.926922297494709668e-03
3.311319918502400924e+03 1.233659820961518960e+01 4.971688382405695800e-03
3.311322233241187405e+03 1.232721939950299017e+01 4.931443069884523280e-03
3.311324547979973431e+03 1.233795432605580267e+01 4.976657717374064448e-03
3.311326862718759003e+03 1.233426598341296732e+01 4.959699632774003906e-03
3.311329177457545484e+03 1.233840895010321503e+01 4.978945150117159400e-03
3.311331492195866304e+03 1.235583467894917398e+01 5.061033076400305725e-03
3.311333806934651875e+03 1.233386839531485535e+01 4.958573763009880946e-03
3.311336121673438356e+03 1.235258391044013493e+01 5.054308947626684999e-03
3.311338436411759631e+03 1.235957869069047810e+01 5.084692099870031547e-03
3.311340751150546112e+03 1.234390550772285700e+01 5.008569097845599720e-03
3.311343065888866022e+03 1.233678071857361758e+01 4.976103700071311635e-03
3.311345380627652958e+03 1.234220829409001752e+01 5.001297660052383444e-03
3.311347695365973777e+03 1.233907438533848655e+01 4.988653472396604484e-03
3.311350010104293688e+03 1.235490540735858644e+01 5.058818934100809371e-03
3.311352324843079259e+03 1.233806015691220104e+01 4.977411347361461805e-03
3.311354639581400079e+03 1.233955862843607854e+01 4.983927763637142211e-03
3.311356954319721353e+03 1.233692033427007040e+01 4.975023201847859899e-03
3.311359269058041718e+03 1.234886764207105614e+01 5.032386935948526818e-03
3.311361583796362083e+03 1.233491757169451475e+01 4.967357452744479429e-03
3.311363898534682903e+03 1.234993037986759923e+01 5.034523826118105297e-03
3.311366213273003268e+03 1.236041359388013916e+01 5.077662390171641671e-03
3.311368528011323633e+03 1.233484864153767191e+01 4.966000849410943420e-03
3.311370842749643998e+03 1.235364799876923314e+01 5.052117298395656340e-03
3.311373157487965727e+03 1.233491715581323156e+01 4.963723522202393920e-03
3.311375472226285638e+03 1.234927026728688482e+01 5.031261030601866940e-03
3.311377786964140796e+03 1.234229558532587134e+01 5.005541216371879251e-03
3.311380101702461616e+03 1.233225096905989027e+01 4.955577527215730346e-03
3.311382416440781981e+03 1.235084111797568340e+01 5.037587627403886277e-03
3.311384731178636684e+03 1.234767174428445635e+01 5.018788507286784349e-03
3.311387045916957049e+03 1.233112446307823262e+01 4.946754338357207091e-03
3.311389360655277869e+03 1.234129132686603469e+01 5.002542040273013670e-03
3.311391675393132573e+03 1.234066947059689134e+01 4.989277967796242746e-03
3.311393990130987731e+03 1.234152025679430231e+01 4.994398412238362089e-03
3.311396304869309006e+03 1.236117667138654674e+01 5.084717035733353659e-03
3.311398619607163710e+03 1.235003097837341635e+01 5.030607299100606569e-03
3.311400934345017959e+03 1.233093520413745381e+01 4.946807461358777684e-03
3.311403249083338778e+03 1.235021060302585205e+01 5.034557771272639773e-03
3.311405563821193937e+03 1.234800543342692691e+01 5.021393836289527075e-03
3.311407878559048640e+03 1.234582736892356358e+01 5.014326708307703662e-03
3.311410193296903344e+03 1.233848893981132733e+01 4.980485491329375396e-03
3.311412508034758957e+03 1.234770421865357015e+01 5.022413633512758623e-03
3.311414822772614116e+03 1.233622377136285664e+01 4.977666181536878794e-03
3.311417137510468365e+03 1.235390859126073693e+01 5.050856985536502503e-03
3.311419452248323978e+03 1.234583804092718751e+01 5.010875382557171409e-03
3.311421766986178227e+03 1.235990039782474881e+01 5.076770470613669976e-03
3.311424081724032931e+03 1.234436104549797442e+01 5.006453208526973585e-03
3.311426396461887634e+03 1.234263106861775761e+01 4.995903254561608227e-03
3.311428711199277132e+03 1.235536111765870615e+01 5.060517711217095253e-03
3.311431025937133199e+03 1.234094740123107137e+01 4.991971629861518406e-03
3.311433340674987448e+03 1.234471485176369399e+01 5.006515669760829707e-03
3.311435655412376491e+03 1.235755933111415850e+01 5.066381834408354053e-03
3.311437970150231195e+03 1.233139113940149656e+01 4.947101115784902255e-03
3.311440284887620692e+03 1.234265193015099626e+01 4.997956829167999465e-03
3.311442599625474941e+03 1.235416202391291485e+01 5.049873158066905780e-03
3.311444914362864438e+03 1.235516954516950783e+01 5.055056607365467428e-03
3.311447229100720506e+03 1.233808120218369098e+01 4.972092673858491581e-03
3.311449543838109548e+03 1.233895521361560732e+01 4.979037448283663188e-03
3.311451858575499045e+03 1.234262567913197373e+01 5.002700529063978073e-03
3.311454173312888543e+03 1.234435054314446667e+01 5.003883739008284023e-03
3.311456488050742337e+03 1.235098314179782619e+01 5.034923777846380365e-03
3.311458802788131379e+03 1.234607391772343021e+01 5.012958520105199878e-03
3.311461117525520876e+03 1.236462612286277896e+01 5.102042744020664732e-03
3.311463432262910374e+03 1.233872357845826251e+01 4.978689351263414740e-03
3.311465747000299416e+03 1.235328235275944309e+01 5.055454188968066045e-03
3.311468061737688913e+03 1.233797331208595160e+01 4.982384963849484025e-03
3.311470376475078865e+03 1.235063654092645535e+01 5.040946817473881264e-03
3.311472691212002246e+03 1.235068015789136098e+01 5.034574558402991375e-03
3.311475005949390379e+03 1.233778123672056282e+01 4.980528448530530117e-03
3.311477320686779876e+03 1.235223999752681223e+01 5.038409969351093087e-03
3.311479635424169373e+03 1.233468259160390268e+01 4.960837148466650491e-03
3.311481950161092755e+03 1.236462650312293832e+01 5.101031191379565635e-03
3.311484264898482706e+03 1.235820845583508998e+01 5.082149585500863286e-03
3.311486579635871749e+03 1.235486269595569375e+01 5.057134001565815641e-03
3.311488894372796040e+03 1.232746275975397587e+01 4.928183213512424797e-03
3.311491209110184627e+03 1.233651325496410323e+01 4.974928635944409969e-03
3.311493523847108463e+03 1.234861528486710469e+01 5.026665465879150835e-03
3.311495838584032754e+03 1.233743229626873728e+01 4.979122158167701914e-03
3.311498153321420887e+03 1.233902399789726800e+01 4.984883169333376163e-03
3.311500468058344268e+03 1.234404941244192955e+01 5.002125324568071699e-03
3.311502782795268104e+03 1.234742292183567258e+01 5.023281949523903181e-03
3.311505097532191940e+03 1.236811871910576244e+01 5.114640810099683674e-03
3.311507412269115775e+03 1.233605607834144458e+01 4.975053857668321894e-03
3.311509727006505273e+03 1.233057377836922264e+01 4.950381619718405291e-03
3.311512041743428199e+03 1.234849481288511797e+01 5.030633636115666718e-03
3.311514356480352035e+03 1.235035416291638199e+01 5.036995023018549580e-03
3.311516671217274961e+03 1.233290196388546001e+01 4.958589476875489843e-03
3.311518985954198797e+03 1.234107919197012571e+01 5.001860850170786535e-03
3.311521300690656972e+03 1.233693829986706092e+01 4.981748104900393312e-03
3.311523615427579898e+03 1.234279088375796007e+01 5.001090004451951530e-03
3.311525930164505098e+03 1.232708857600222530e+01 4.933410514484578256e-03
3.311528244901428479e+03 1.235640811116010873e+01 5.063626270643269839e-03
3.311530559637885744e+03 1.233586766386848055e+01 4.971717634497839315e-03
3.311532874374809580e+03 1.233095672655150388e+01 4.948447561225535578e-03
3.311535189111732961e+03 1.232531733347994418e+01 4.929325043796077034e-03
3.311537503848191591e+03 1.233643661380893164e+01 4.985309390991131233e-03
3.311539818585114517e+03 1.235139518075402343e+01 5.047501132891655390e-03
3.311542133321573147e+03 1.233321828645424212e+01 4.962669527552458597e-03
3.311544448058031776e+03 1.234183176471272247e+01 5.006100295522504344e-03
3.311546762794954702e+03 1.232182121850722822e+01 4.910323794392957956e-03
3.311549077531411967e+03 1.234727746597338260e+01 5.028803998386567956e-03
3.311551392267870142e+03 1.233692813814756839e+01 4.984550775788763009e-03
3.311553707004793978e+03 1.234637239812081511e+01 5.023504556100757273e-03
3.311556021741251698e+03 1.232371042808366646e+01 4.925388754398296598e-03
3.311558336477708963e+03 1.234806282860787796e+01 5.030225374857678032e-03
3.311560651214167137e+03 1.233154229858761930e+01 4.961320200960866837e-03
3.311562965950625767e+03 1.234498849542591792e+01 5.020531626161837610e-03
3.311565280687083487e+03 1.233415018468702229e+01 4.969678206404041371e-03
3.311567595423542116e+03 1.234469398507188842e+01 5.020371498560149796e-03
3.311569910159999381e+03 1.235108933874156634e+01 5.043160415437099309e-03
3.311572224896457556e+03 1.235097374573331663e+01 5.055952049396668022e-03
3.311574539632449159e+03 1.234629465488181488e+01 5.022729076486021592e-03
3.311576854368906879e+03 1.233218806461088413e+01 4.964177958432152392e-03
3.311579169105365963e+03 1.233561913706959068e+01 4.972721201931712930e-03
3.311581483841357567e+03 1.233556258363846680e+01 4.971665531416517674e-03
3.311583798577816196e+03 1.233887772665437765e+01 4.990952068381286633e-03
3.311586113314273916e+03 1.234131765105966139e+01 4.998183781571654410e-03
3.311588428050265975e+03 1.233669314520543914e+01 4.980995847423523061e-03
3.311590742786723240e+03 1.234453837272094390e+01 5.016792440362563207e-03
3.311593057522715753e+03 1.233027728264991474e+01 4.949997829628097375e-03
3.311595372258708267e+03 1.233903314883113289e+01 4.992624338524286054e-03
3.311597686995165986e+03 1.233685845909701939e+01 4.981115960062019836e-03
3.311600001731158954e+03 1.233832879421271933e+01 4.988460214694622440e-03
3.311602316467151468e+03 1.231065683177549630e+01 4.864605875477226449e-03
3.311604631203143526e+03 1.234719439230888938e+01 5.038411727029392002e-03
3.311606945939600337e+03 1.233779668787218853e+01 4.993552768343829593e-03
3.311609260675592850e+03 1.233533986187869402e+01 4.979717418406145492e-03
3.311611575411585363e+03 1.234109566464847241e+01 5.005675181753695656e-03
3.311613890147577422e+03 1.234175709766166484e+01 5.006898410449365545e-03
3.311616204883570845e+03 1.233150507783168770e+01 4.957837629034718072e-03
3.311618519619563813e+03 1.233426821459488032e+01 4.969207550636479780e-03
3.311620834355555417e+03 1.233705385101183971e+01 4.987504977260914796e-03
3.311623149091081359e+03 1.232370115423194434e+01 4.921428473198434690e-03
3.311625463827073872e+03 1.232711032574033716e+01 4.951679199774914990e-03
3.311627778563066386e+03 1.234397377102342119e+01 5.014814852219692635e-03
3.311630093299058444e+03 1.234085349094735307e+01 5.003939165625577272e-03
3.311632408034584387e+03 1.234293168215605618e+01 5.014019451181828645e-03
3.311634722770576900e+03 1.232693722036989925e+01 4.944055549267798062e-03
3.311637037506104662e+03 1.235212774151106885e+01 5.052490251527500843e-03
3.311639352242096720e+03 1.233706624630316107e+01 4.984066861424179054e-03
3.311641666977623117e+03 1.232567877378265386e+01 4.938511599193080165e-03
3.311643981713615631e+03 1.232195173265117560e+01 4.917428769319737852e-03
3.311646296449142028e+03 1.231161440288938280e+01 4.874847577905024043e-03
3.311648611184667516e+03 1.234672982899239457e+01 5.032075910571443336e-03
3.311650925920660029e+03 1.233334042797950403e+01 4.978439728679415720e-03
3.311653240656187336e+03 1.232081086474951093e+01 4.912633797952693088e-03
3.311655555391713278e+03 1.233286975514571893e+01 4.973891012157617177e-03
3.311657870127241040e+03 1.231697760042530376e+01 4.899263484477171110e-03
3.311660184862767437e+03 1.232218071973117191e+01 4.925288601859062476e-03
3.311662499598293380e+03 1.231257797097802431e+01 4.882818760417230626e-03
3.311664814333819777e+03 1.232776815677603999e+01 4.948069875654448509e-03
3.311667129069347084e+03 1.233370060964689863e+01 4.974758304757217857e-03
3.311669443804873481e+03 1.232579177887524935e+01 4.934556820615712200e-03
3.311671758540399424e+03 1.232134377892016630e+01 4.916829917285294761e-03
3.311674073275927185e+03 1.234017289249618266e+01 5.004653383263515942e-03
3.311676388011454037e+03 1.232759064451706443e+01 4.949132377432601849e-03
3.311678702746514318e+03 1.232738553195281561e+01 4.945218560466080153e-03
3.311681017482040261e+03 1.232615108765771694e+01 4.939432301784264789e-03
3.311683332217568022e+03 1.232591610424898931e+01 4.939254261158034995e-03
3.311685646952628304e+03 1.233112708533702140e+01 4.964427610291127953e-03
3.311687961688155156e+03 1.232426396774611099e+01 4.934173192398244936e-03
3.311690276423217256e+03 1.231507751722032928e+01 4.898682219808192170e-03
3.311692591158743198e+03 1.232347555680423667e+01 4.936182288412222820e-03
3.311694905893803934e+03 1.232171646851853275e+01 4.924186543718405903e-03
3.311697220628864670e+03 1.231122968209995960e+01 4.880168792146423809e-03
3.311699535364391977e+03 1.232796597360665380e+01 4.952511429716869445e-03
3.311701850099452713e+03 1.231156622311005933e+01 4.882281875235911124e-03
3.311704164834513449e+03 1.230729538836631853e+01 4.871028848209059750e-03
3.311706479569573276e+03 1.230938999933228217e+01 4.871482033748202045e-03
3.311708794304634921e+03 1.231790140821404833e+01 4.906844506630321512e-03
3.311711109040162683e+03 1.232084049345552046e+01 4.918688096716952209e-03
3.311713423775222964e+03 1.230698365585123355e+01 4.860854640618275831e-03
3.311715738510284154e+03 1.231128725028159288e+01 4.877101297059809049e-03
3.311718053245345800e+03 1.232971714665448459e+01 4.959242925889739001e-03
3.311720367979939965e+03 1.232690526768617900e+01 4.950752755996705445e-03
3.311722682715000701e+03 1.231504991346387534e+01 4.897025997539705515e-03
3.311724997450061437e+03 1.230985495384972772e+01 4.872430877810671884e-03
3.311727312185123537e+03 1.232092766067444423e+01 4.921410014002332474e-03
3.311729626920183364e+03 1.230968555820530952e+01 4.881965477420355248e-03
3.311731941654778893e+03 1.232784934950651490e+01 4.951761993770148473e-03
3.311734256389840539e+03 1.230819435938773765e+01 4.867957114902614346e-03
3.311736571124900820e+03 1.231927425530992792e+01 4.917673470831287162e-03
3.311738885859495895e+03 1.231846614561160180e+01 4.915904710245092360e-03
3.311741200594557085e+03 1.230747655205049362e+01 4.864105167334674407e-03
3.311743515329152615e+03 1.230060476546102777e+01 4.833921887269447722e-03
3.311745830063747690e+03 1.231064349840725569e+01 4.880564416598597195e-03
3.311748144798808880e+03 1.231737646446168988e+01 4.907929717182123695e-03
3.311750459533404864e+03 1.232229658764270575e+01 4.937622270514677517e-03
3.311752774267999484e+03 1.230771306112580987e+01 4.862785684445655211e-03
3.311755089003060675e+03 1.232911445818824170e+01 4.962114763797734369e-03
3.311757403737656205e+03 1.232211949906085913e+01 4.927296094973163294e-03
3.311759718472251734e+03 1.231504793420190680e+01 4.892530349373964624e-03
3.311762033206845899e+03 1.232156583771175207e+01 4.923230518980686345e-03
3.311764347941441429e+03 1.233964776859002299e+01 5.001342290114522450e-03
3.311766662676037413e+03 1.231874910405491796e+01 4.909940448949972475e-03
3.311768977410632488e+03 1.231360565766826376e+01 4.887919605662912302e-03
3.311771292145227562e+03 1.230834323949653708e+01 4.863737410993142218e-03
3.311773606879823092e+03 1.231716420691457259e+01 4.906816626795155317e-03
3.311775921614418621e+03 1.232571808238575706e+01 4.945561599259256161e-03
3.311778236349013696e+03 1.231971280056165696e+01 4.922459104918017539e-03
3.311780551083142200e+03 1.230902827909889830e+01 4.868519811646296151e-03
3.311782865817737729e+03 1.232903688539489018e+01 4.956333301206592920e-03
3.311785180552334623e+03 1.229858762607909739e+01 4.831078944243710066e-03
3.311787495286463582e+03 1.232270582651374369e+01 4.926484308107751189e-03
3.311789810021059111e+03 1.231343312141630086e+01 4.894530599874793303e-03
3.311792124755188524e+03 1.233081903809101654e+01 4.967846003698926302e-03
3.311794439489783599e+03 1.231322036694725242e+01 4.892464124079219136e-03
3.311796754223912558e+03 1.231862297280148688e+01 4.910311101634900685e-03
3.311799068958508087e+03 1.232594819542341824e+01 4.943752399417464423e-03
3.311801383692638410e+03 1.231300038491968785e+01 4.888222766968222666e-03
3.311803698426767369e+03 1.232038647731380543e+01 4.918324275786657360e-03
3.311806013161362898e+03 1.232905999188481516e+01 4.957510603037763863e-03
3.311808327895493676e+03 1.230059695100141681e+01 4.832195225469641288e-03
3.311810642629622635e+03 1.231292645364238503e+01 4.888403982274738477e-03
3.311812957363751593e+03 1.232660503190831136e+01 4.945649080639927773e-03
3.311815272097881461e+03 1.232024056215925256e+01 4.916842435615782422e-03
3.311817586832011330e+03 1.230787336873605042e+01 4.864502171187511798e-03
3.311819901566140288e+03 1.232886754622239067e+01 4.964337270839445579e-03
3.311822216300271066e+03 1.232906739164148213e+01 4.960978301381695210e-03
3.311824531034400934e+03 1.232083543630693612e+01 4.922993955914774060e-03
3.311826845768529893e+03 1.231152689312812676e+01 4.887006826621660173e-03
3.311829160502659761e+03 1.231897935046269232e+01 4.912688044753666175e-03
3.311831475236789174e+03 1.230456406059812124e+01 4.849808380081746181e-03
3.311833789970919497e+03 1.233029978050034536e+01 4.961956416985810470e-03
3.311836104704582340e+03 1.231238554089618020e+01 4.883849599362138048e-03
3.311838419438713117e+03 1.230802587941995441e+01 4.862180845832846272e-03
3.311840734172842986e+03 1.232798294207479906e+01 4.956098650520843717e-03
3.311843048906506283e+03 1.231791389896978117e+01 4.909171553812478016e-03
3.311845363640635696e+03 1.233350516362704141e+01 4.980761979423002118e-03
3.311847678374299903e+03 1.232592175912767729e+01 4.952430764917289084e-03
3.311849993108429771e+03 1.232729671472658417e+01 4.954878232629644080e-03
3.311852307842093524e+03 1.231102400169029565e+01 4.880086344376917233e-03
3.311854622575756366e+03 1.231243021605199317e+01 4.887917395015651569e-03
3.311856937309887144e+03 1.230400302091231346e+01 4.853416054885419280e-03
3.311859252043551351e+03 1.230748426558026232e+01 4.860340043308914067e-03
3.311861566777215558e+03 1.231412417672688697e+01 4.895758057780410719e-03
3.311863881511344971e+03 1.231582649295946652e+01 4.903540547566118818e-03
3.311866196245008723e+03 1.230629657782987252e+01 4.854304818882537557e-03
3.311868510978672475e+03 1.232561378469436519e+01 4.939941719844269906e-03
3.311870825712335318e+03 1.231967868831996604e+01 4.920609510851426532e-03
3.311873140445999979e+03 1.232022060032771016e+01 4.917973853445641377e-03
3.311875455179665096e+03 1.232171214619781630e+01 4.928330905740848505e-03
3.311877769913328393e+03 1.233078137644975136e+01 4.967145401771288181e-03
3.311880084646993055e+03 1.229779650713291339e+01 4.821498243001887292e-03
3.311882399380656352e+03 1.231239550735851296e+01 4.883690350403846123e-03
3.311884714114320559e+03 1.230116625598729918e+01 4.835176867887191858e-03
3.311887028847518195e+03 1.232499209611824220e+01 4.935589485279675594e-03
3.311889343581181947e+03 1.231317696786046412e+01 4.887267886878645870e-03
3.311891658314846609e+03 1.230765369833365952e+01 4.861077288851716957e-03
3.311893973048044700e+03 1.232547710868105462e+01 4.942612851209428337e-03
3.311896287781708907e+03 1.233382771839744940e+01 4.978448210190982576e-03
3.311898602515373568e+03 1.233197767498319841e+01 4.971133756839976083e-03
3.311900917248571659e+03 1.233391525832182367e+01 4.976365354293118236e-03
3.311903231982234956e+03 1.232631172729397662e+01 4.946998339358739220e-03
3.311905546715433957e+03 1.230968029021078891e+01 4.872120933672736964e-03
3.311907861449097254e+03 1.232732795419493499e+01 4.947781215289303799e-03
3.311910176182295345e+03 1.232851885425404603e+01 4.960153768111065335e-03
3.311912490915493890e+03 1.232902990166043899e+01 4.957671214387987697e-03
3.311914805649158552e+03 1.231544467248065544e+01 4.899185287946500322e-03
3.311917120382357098e+03 1.232999422478425799e+01 4.960520097662027283e-03
3.311919435115554734e+03 1.231667187986111500e+01 4.898024088108222929e-03
3.311921749848752825e+03 1.232604256984003754e+01 4.945018208301867751e-03
3.311924064581951370e+03 1.232903911289527876e+01 4.958673329448659572e-03
3.311926379315615577e+03 1.233035043286874988e+01 4.962168653186320444e-03
3.311928694048813668e+03 1.232480203381886774e+01 4.936400865233733261e-03
3.311931008782012213e+03 1.231148821756123546e+01 4.885061890158933981e-03
3.311933323515210759e+03 1.233708844331584586e+01 4.988855050398270999e-03
3.311935638248408395e+03 1.230861158908956199e+01 4.863565360766788220e-03
3.311937952981141279e+03 1.231998288212304082e+01 4.916405450598162509e-03
3.311940267714339825e+03 1.231039350394607013e+01 4.881504024169230037e-03
3.311942582447537461e+03 1.232121457092363492e+01 4.923599917446827567e-03
3.311944897180735552e+03 1.234264482176199529e+01 5.022004799160630951e-03
3.311947211913934098e+03 1.233161542620514517e+01 4.973555900032566000e-03
3.311949526646667437e+03 1.230902865310054217e+01 4.869999842664604617e-03
3.311951841379865527e+03 1.231790083966434679e+01 4.906374934475838528e-03
3.311954156113064073e+03 1.232122582454191573e+01 4.923923812727717779e-03
3.311956470845796957e+03 1.233731924854841466e+01 4.990386338468225970e-03
3.311958785578995048e+03 1.231561263742893964e+01 4.894258012529624328e-03
3.311961100311727023e+03 1.234129139265797548e+01 5.011141372581241239e-03
3.311963415044926023e+03 1.232628487964922037e+01 4.937204104668556533e-03
3.311965729777658453e+03 1.232047835454811668e+01 4.917223042179881196e-03
3.311968044510856544e+03 1.233700219899836448e+01 4.989078609576293177e-03
3.311970359243589883e+03 1.232955901767419604e+01 4.954876415028995097e-03
3.311972673976322767e+03 1.231313196066497362e+01 4.885290267833217008e-03
3.311974988709520403e+03 1.231976866753522160e+01 4.913052285636021997e-03
3.311977303442252378e+03 1.233082265962076107e+01 4.966452406868613126e-03
3.311979618174986172e+03 1.232295633420551795e+01 4.933171595448470129e-03
3.311981932907718601e+03 1.232800497318889299e+01 4.951264496868085230e-03
3.311984247640451031e+03 1.233564304490983865e+01 4.983845696465005227e-03
3.311986562373183915e+03 1.232979111465317246e+01 4.956267756862794971e-03
3.311988877106382915e+03 1.232064748142852828e+01 4.914492402739391655e-03
3.311991191839114890e+03 1.232021108157345068e+01 4.912315090826744994e-03
3.311993506571381658e+03 1.231381970205521270e+01 4.884899469236718764e-03
3.311995821304114997e+03 1.231982197696905423e+01 4.912821293003927919e-03
3.311998136036847427e+03 1.231554703458222910e+01 4.891962214517140729e-03
3.312000450769579402e+03 1.232281921623520304e+01 4.928608742086379446e-03
3.312002765502311377e+03 1.233633582687117958e+01 4.985471986554325212e-03
3.312005080235045170e+03 1.233797787486737363e+01 4.990752913065246883e-03
3.312007394967778509e+03 1.230581303184041708e+01 4.850130544859554416e-03
3.312009709700044368e+03 1.232378126344368141e+01 4.925806893046569442e-03
3.312012024432777253e+03 1.232827020273782814e+01 4.952877967884577667e-03
3.312014339165510592e+03 1.233566051989746448e+01 4.981621446526518331e-03
3.312016653897776450e+03 1.232274442310507290e+01 4.926075459335938454e-03
3.312018968630508880e+03 1.233575488848018509e+01 4.981395633430324259e-03
3.312021283362776103e+03 1.234028319731071832e+01 5.003412362514170209e-03
3.312023598095509442e+03 1.232024227136523642e+01 4.912879605605013390e-03
3.312025912827776665e+03 1.233391168030827956e+01 4.974264537386812075e-03
3.312028227560509094e+03 1.232830950521444890e+01 4.943138178666752966e-03
3.312030542292776772e+03 1.233829376799126720e+01 4.991916130257575447e-03
3.312032857025508292e+03 1.234325161421444328e+01 5.015420255647933846e-03
3.312035171757775515e+03 1.232505755058752150e+01 4.936701179654968789e-03
3.312037486490041829e+03 1.234645955023994546e+01 5.037388618726411534e-03
3.312039801222309507e+03 1.232026593573952056e+01 4.912844983118729199e-03
3.312042115955041481e+03 1.232298481320967731e+01 4.921397743147997231e-03
3.312044430687310069e+03 1.231757822051728546e+01 4.899389136142641953e-03
3.312046745419576382e+03 1.231877849537909952e+01 4.908225990879471791e-03
3.312049060151843605e+03 1.233737190693565111e+01 4.980686871518069311e-03
3.312051374884109919e+03 1.233387939327280947e+01 4.972573794307065531e-03
3.312053689616377142e+03 1.234775701666081638e+01 5.029846572218583424e-03
3.312056004348644365e+03 1.233981970132316519e+01 4.997532221240453751e-03
3.312058319080911133e+03 1.233000455914626059e+01 4.952352632681520164e-03
3.312060633813177901e+03 1.232626976508419325e+01 4.935346770920270507e-03
3.312062948545445579e+03 1.233032811943829010e+01 4.957371778753942755e-03
3.312065263277712347e+03 1.233201623228852029e+01 4.959914976955395217e-03
3.312067578009979570e+03 1.232486949604250093e+01 4.927594992346589001e-03
3.312069892741781132e+03 1.232401039009369370e+01 4.928024057938312601e-03
3.312072207474047900e+03 1.230812527672400059e+01 4.859960253078961408e-03
3.312074522206314668e+03 1.231892008752201839e+01 4.901494882118000336e-03
3.312076836938580982e+03 1.232951916316929442e+01 4.947888030058917273e-03
3.312079151670382998e+03 1.232503895569702834e+01 4.930791481481050682e-03
3.312081466402650676e+03 1.233687783224141832e+01 4.979946938916022040e-03
3.312083781134916535e+03 1.234766314965025735e+01 5.031892568808928393e-03
3.312086095866718097e+03 1.234916734357038415e+01 5.033238161497352592e-03
3.312088410598985320e+03 1.235520262045394091e+01 5.063326253005970279e-03
3.312090725330786427e+03 1.233387988026424331e+01 4.974794423972618562e-03
3.312093040063052285e+03 1.233508654170008079e+01 4.972419480981917980e-03
3.312095354794853847e+03 1.234157508685169446e+01 5.007439381089468823e-03
3.312097669526656318e+03 1.232414208938376809e+01 4.925714183788333818e-03
3.312099984258923541e+03 1.234417090028233410e+01 5.013668157046754711e-03
3.312102298990725103e+03 1.231138184355926590e+01 4.864998319604033929e-03
3.312104613722526665e+03 1.232588352797046127e+01 4.933613905985057696e-03
3.312106928454792978e+03 1.232815438363673799e+01 4.937503887078759611e-03
3.312109243186593631e+03 1.233957300665730727e+01 4.991090447448016248e-03
3.312111557918395192e+03 1.235963675456806854e+01 5.083566675793306164e-03
3.312113872650196754e+03 1.234495837280717367e+01 5.016061285570114908e-03
3.312116187381997406e+03 1.233407438302993953e+01 4.975441349755566241e-03
3.312118502114265993e+03 1.233398124537306551e+01 4.971966308237107252e-03
3.312120816846067555e+03 1.233721156696442200e+01 4.983776730193499073e-03
3.312123131577867753e+03 1.232228845323727562e+01 4.915122291637732260e-03
3.312125446309668405e+03 1.234216293611557802e+01 5.001552202361937358e-03
3.312127761041470421e+03 1.232575490607622370e+01 4.922968853764656851e-03
3.312130075773271983e+03 1.232942786137563829e+01 4.946964290554744202e-03
3.312132390505073090e+03 1.233715940144647760e+01 4.989786655341544447e-03
3.312134705236408990e+03 1.233723368407078524e+01 4.994574593392239747e-03
3.312137019968210552e+03 1.232580047029617276e+01 4.930041953497931242e-03
3.312139334700012114e+03 1.233716389561071658e+01 4.978602624368420188e-03
3.312141649431812766e+03 1.233615755825738525e+01 4.975743660336241769e-03
3.312143964163613873e+03 1.232527494437776205e+01 4.932411606865647405e-03
3.312146278894950228e+03 1.231265202051504204e+01 4.872154938070341959e-03
3.312148593626750881e+03 1.234991474411686774e+01 5.038037279269242698e-03
3.312150908358551987e+03 1.232009974181314149e+01 4.900958212350875129e-03
3.312153223089887888e+03 1.231124724169830209e+01 4.862743124032521333e-03
3.312155537821689904e+03 1.232081766007386747e+01 4.908694136392036458e-03
3.312157852553490557e+03 1.234323574542612789e+01 5.009133758576172178e-03
3.312160167284826457e+03 1.234837334876760373e+01 5.033040894104084950e-03
3.312162482016628019e+03 1.233812709437974497e+01 4.981600588677597211e-03
3.312164796747963464e+03 1.233718622123390674e+01 4.982649854826962273e-03
3.312167111479764571e+03 1.234734945333470435e+01 5.025586478670212263e-03
3.312169426211100017e+03 1.233304154948442033e+01 4.965449390019374687e-03
3.312171740942902488e+03 1.233328227440436109e+01 4.962313457574839444e-03
3.312174055674237479e+03 1.234347564706750333e+01 5.012317902296505381e-03
3.312176370405572925e+03 1.233645220358487116e+01 4.974968502469652443e-03
3.312178685137374941e+03 1.234707227187828238e+01 5.029776077083454762e-03
3.312180999868709932e+03 1.234806749383609237e+01 5.034292784332521781e-03
3.312183314600045378e+03 1.232994767773972988e+01 4.949261888280787405e-03
3.312185629331380824e+03 1.234498939225893999e+01 5.020783499670210606e-03
3.312187944063182385e+03 1.234367103336199989e+01 5.009564451693257654e-03
3.312190258794517831e+03 1.233937001760176422e+01 4.989004758519986413e-03
3.312192573525855096e+03 1.232478393258245930e+01 4.921442183225028730e-03
3.312194888257190541e+03 1.234363863764127345e+01 5.013841263005817429e-03
3.312197202988525987e+03 1.233659736825758024e+01 4.978076047470124735e-03
3.312199517719860978e+03 1.233931338297967883e+01 4.987245306603139972e-03
3.312201832451196879e+03 1.234136465980208186e+01 5.002364912823595820e-03
3.312204147182532324e+03 1.232645491401980742e+01 4.933195872622859850e-03
3.312206461913868225e+03 1.233536964451932683e+01 4.966923329842043260e-03
3.312208776645204125e+03 1.234068794652629819e+01 4.996646504886001483e-03
3.312211091376540026e+03 1.233840527754076710e+01 4.987371412874687555e-03
3.312213406107875471e+03 1.233414024914243257e+01 4.966318141099777643e-03
3.312215720839210917e+03 1.232973961161784970e+01 4.944910825852396295e-03
3.312218035570546817e+03 1.232624145642029490e+01 4.927164418255920719e-03
3.312220350301882718e+03 1.233684023211157665e+01 4.981741277450097219e-03
3.312222665033218163e+03 1.233252058462438683e+01 4.958385643538040614e-03
3.312224979764552700e+03 1.234973929303511575e+01 5.038758345285657657e-03
3.312227294495422939e+03 1.231392822925112895e+01 4.874981077590295753e-03
3.312229609226759294e+03 1.234090258061353040e+01 5.002177402025286337e-03
3.312231923958094740e+03 1.234004388248869510e+01 4.996039601840846986e-03
3.312234238688964979e+03 1.232446286439347460e+01 4.924533387077109983e-03
3.312236553420300879e+03 1.233141999188925908e+01 4.953316791400359451e-03
3.312238868151635870e+03 1.231441784404612960e+01 4.880083797892747870e-03
3.312241182882505200e+03 1.233318130632829224e+01 4.964485145658301644e-03
3.312243497613842010e+03 1.234402223665805032e+01 5.016228167939514905e-03
3.312245812345177910e+03 1.233719756804606682e+01 4.980503082826659433e-03
3.312248127076047240e+03 1.231514113697548041e+01 4.885108445487134146e-03
3.312250441807384050e+03 1.234249377252078972e+01 5.001808861050097491e-03
3.312252756538253379e+03 1.232939587748722232e+01 4.948667202441633245e-03
3.312255071269588825e+03 1.233551033347340820e+01 4.976286848545533222e-03
3.312257386000458609e+03 1.234585353353938153e+01 5.020830421538017597e-03
3.312259700731328849e+03 1.232840243251942702e+01 4.949475416673124011e-03
3.312262015462664749e+03 1.234351310764388998e+01 5.008141030883290525e-03
3.312264330193534533e+03 1.234505883607319987e+01 5.016781828640331370e-03
3.312266644924870889e+03 1.233216784896254481e+01 4.960109260166026615e-03
3.312268959655741583e+03 1.233738655677236729e+01 4.977181178855307093e-03
3.312271274386610457e+03 1.235945773200552011e+01 5.082285982524506820e-03
3.312273589117945903e+03 1.233120402332917820e+01 4.953045276625570210e-03
3.312275903848816142e+03 1.233984300644403120e+01 4.991048868868044018e-03
3.312278218579686381e+03 1.233604443283677554e+01 4.976479856260851084e-03
3.312280533310556166e+03 1.234806655732933933e+01 5.025945472938961843e-03
3.312282848041425950e+03 1.232480076107836631e+01 4.920393610955669204e-03
3.312285162772761851e+03 1.232688809424206333e+01 4.935734262571219756e-03
3.312287477503632545e+03 1.233576430543831393e+01 4.980687530554036603e-03
3.312289792234501874e+03 1.234846215804099145e+01 5.029750622444565875e-03
3.312292106965372113e+03 1.232719394633063281e+01 4.937366408001556475e-03
3.312294421696242352e+03 1.233854304498959920e+01 4.992286095975830007e-03
3.312296736427112137e+03 1.233976201036136544e+01 4.992602782705229253e-03
3.312299051157981467e+03 1.233991900080558324e+01 4.996387633068331835e-03
3.312301365888851251e+03 1.233699736101460687e+01 4.983694734490267536e-03
3.312303680619721945e+03 1.234958941488533135e+01 5.031125578328030437e-03
3.312305995350591729e+03 1.235087190892497055e+01 5.041647680662487974e-03
3.312308310081461968e+03 1.235447911194586723e+01 5.056750277351064471e-03
3.312310624812332208e+03 1.232647571432746147e+01 4.936848620215871473e-03
3.312312939543201992e+03 1.233118844395417923e+01 4.950395627882139306e-03
3.312315254274071776e+03 1.232843961704414326e+01 4.940983729620518870e-03
3.312317569004942015e+03 1.233581635609191629e+01 4.974697055820451706e-03
3.312319883735812709e+03 1.233193837105925539e+01 4.953056601228406422e-03
3.312322198466682494e+03 1.234989943489195241e+01 5.039094441720349572e-03
3.312324513197551823e+03 1.232636299579726646e+01 4.934389385658363714e-03
3.312326827927956401e+03 1.233054535170320776e+01 4.950224841177043415e-03
3.312329142658826640e+03 1.234585204544921666e+01 5.018160853067363085e-03
3.312331457389695970e+03 1.233209197320761064e+01 4.955167015372325713e-03
3.312333772120566209e+03 1.230520122971068986e+01 4.835968309395072447e-03
3.312336086850970787e+03 1.234049637963939361e+01 4.991074870523005101e-03
3.312338401581840571e+03 1.232230798367980462e+01 4.918073396631037278e-03
3.312340716312711265e+03 1.234028814068372704e+01 4.997221599026319475e-03
3.312343031043581504e+03 1.234462820835971009e+01 5.015914832487449425e-03
3.312345345773985628e+03 1.235180155839755933e+01 5.043588557421481260e-03
3.312347660504854957e+03 1.233158724184102439e+01 4.948478538243672800e-03
3.312349975235259990e+03 1.234486610974622778e+01 5.011665044047755244e-03
3.312352289966129320e+03 1.232664045853990409e+01 4.929665942100129421e-03
3.312354604696999559e+03 1.236262828442697526e+01 5.090512240959302152e-03
3.312356919427404137e+03 1.234479223716760643e+01 5.012368921337710670e-03
3.312359234158273921e+03 1.232205662365695709e+01 4.908406276466052882e-03
3.312361548888678954e+03 1.233389564396475535e+01 4.965836271875078388e-03
3.312363863619548283e+03 1.232619966141276535e+01 4.932240030643521636e-03
3.312366178349952861e+03 1.233482041947654650e+01 4.969329392389470502e-03
3.312368493080823555e+03 1.233567018198492704e+01 4.970417390436195071e-03
3.312370807811226769e+03 1.233618417720691873e+01 4.973115421669806885e-03
3.312373122542096553e+03 1.233924392740941656e+01 4.985480891802526390e-03
3.312375437272501131e+03 1.232510169588910109e+01 4.922772690597985654e-03
3.312377752003371370e+03 1.234912805385018508e+01 5.032229861938038347e-03
3.312380066733775493e+03 1.234168486385615360e+01 5.000519057724176278e-03
3.312382381464645732e+03 1.234908439771149347e+01 5.037331398930499672e-03
3.312384696195050310e+03 1.234556747344750605e+01 5.014729605359127297e-03
3.312387010925454433e+03 1.233176457598276876e+01 4.951530901221133305e-03
3.312389325656323308e+03 1.234844450235026159e+01 5.031764710459405918e-03
3.312391640386727886e+03 1.233200123548122917e+01 4.954625132705232048e-03
3.312393955117133373e+03 1.234700241113114494e+01 5.024243518404162764e-03
3.312396269848003612e+03 1.235620431457230239e+01 5.066798602139811064e-03
3.312398584578408190e+03 1.233860616993264614e+01 4.978774546250992403e-03
3.312400899308812768e+03 1.233029770023313354e+01 4.950771705819072104e-03
3.312403214039682098e+03 1.233479383913932104e+01 4.965668024279296794e-03
3.312405528770085766e+03 1.235672339361440031e+01 5.073404519283106207e-03
3.312407843500489889e+03 1.233627920452812532e+01 4.983395779625846359e-03
3.312410158230894922e+03 1.233282027939294956e+01 4.959580911283490399e-03
3.312412472961764706e+03 1.232995570684669495e+01 4.948183958203384789e-03
3.312414787692169739e+03 1.233509127805032080e+01 4.964845444650206260e-03
3.312417102422574317e+03 1.233254065819056677e+01 4.963780091190915164e-03
3.312419417152978440e+03 1.234839168590226244e+01 5.038700229473942575e-03
3.312421731883382563e+03 1.233705432028031090e+01 4.980896224942213575e-03
3.312424046614251893e+03 1.234091592203548338e+01 5.003734124954411534e-03
3.312426361344656925e+03 1.233192068385684337e+01 4.955720234574797350e-03
3.312428676075061048e+03 1.234982835621680763e+01 5.033446840709460829e-03
3.312430990805465626e+03 1.234483555155670409e+01 5.022747345708750838e-03
3.312433305535870204e+03 1.233357477742130648e+01 4.966296387088254063e-03
3.312435620266274327e+03 1.233672003635892089e+01 4.981100587964098873e-03
3.312437934996678450e+03 1.234485593190510855e+01 5.012843536412971666e-03
3.312440249727083028e+03 1.232823212972141391e+01 4.939798193178687909e-03
3.312442564457487606e+03 1.232658911057729512e+01 4.937024287897291003e-03
3.312444879188356481e+03 1.234260338165730886e+01 5.002745224429067626e-03
3.312447193918760604e+03 1.233830326945788336e+01 4.987416740099937656e-03
3.312449508649165182e+03 1.233960465754001845e+01 4.994560770807363569e-03
3.312451823379570669e+03 1.234510630164145439e+01 5.018439514432908137e-03
3.312454138109974338e+03 1.234381896611930962e+01 5.015401510988197128e-03
3.312456452840378915e+03 1.231352780750331632e+01 4.878145269353972684e-03
3.312458767570783493e+03 1.233831041754946334e+01 4.991000193802827729e-03
3.312461082301187616e+03 1.233347712296743204e+01 4.967062760154887339e-03
3.312463397031591740e+03 1.233004169739076694e+01 4.945443422132210151e-03
3.312465711761995863e+03 1.234689387775528502e+01 5.030356946648750424e-03
3.312468026492400895e+03 1.232682677179204944e+01 4.936888382955488021e-03
3.312470341222805018e+03 1.234826325682252701e+01 5.037488143111730488e-03
3.312472655953210051e+03 1.233691820076554890e+01 4.982164403823281969e-03
3.312474970683148513e+03 1.232711609731318347e+01 4.937672685004171162e-03
3.312477285413552636e+03 1.233063567720737375e+01 4.954026273613331907e-03
3.312479600143956304e+03 1.232651422006034103e+01 4.939058728091324721e-03
3.312481914874360882e+03 1.232354171156744727e+01 4.921898213465921226e-03
3.312484229604765460e+03 1.233791537029997798e+01 4.985768545794238595e-03
3.312486544335169583e+03 1.233311429076623611e+01 4.965492831385977593e-03
3.312488859065575070e+03 1.231227750206064542e+01 4.869626086753912377e-03
3.312491173795979194e+03 1.232779813749884212e+01 4.940904476149529830e-03
3.312493488526382862e+03 1.232069273665908504e+01 4.906931716585827795e-03
3.312495803256786985e+03 1.233991068694309412e+01 4.991464225349414620e-03
3.312498117986725902e+03 1.232526320842702283e+01 4.930565924648819785e-03
3.312500432717130479e+03 1.232747030503923824e+01 4.937598218656289763e-03
3.312502747447534603e+03 1.231818294284934368e+01 4.900674818064215156e-03
3.312505062177939180e+03 1.234685125608098311e+01 5.025849008199440894e-03
3.312507376908343304e+03 1.232811172051574822e+01 4.941747357142649462e-03
3.312509691638747881e+03 1.232802023912287126e+01 4.943650815437474443e-03
3.312512006368686343e+03 1.233279062923969427e+01 4.963208385797935468e-03
3.312514321099090921e+03 1.234731263154668568e+01 5.032258187308269112e-03
3.312516635829495499e+03 1.234627071240488405e+01 5.026946637090273784e-03
3.312518950559899167e+03 1.235027978180661279e+01 5.040134924704355555e-03
3.312521265290302381e+03 1.233541818976076954e+01 4.976806398742381413e-03
3.312523580020707413e+03 1.231163886038355670e+01 4.873360646595192511e-03
3.312525894750647240e+03 1.234220516786277955e+01 5.005284669073811581e-03
3.312528209481050908e+03 1.233117310276429102e+01 4.955842958645428897e-03
3.312530524211455486e+03 1.233194946235497191e+01 4.964652509621906261e-03
3.312532838941860518e+03 1.232773974420926422e+01 4.955830289762652718e-03
3.312535153671798525e+03 1.234034757133073690e+01 5.006644751624953447e-03
3.312537468402202649e+03 1.232401668587285926e+01 4.927025109269886349e-03
3.312539783132607226e+03 1.235445476387923058e+01 5.070450048357479263e-03
3.312542097863011804e+03 1.233214818174643135e+01 4.967914903827222624e-03
3.312544412593415927e+03 1.231931407910808041e+01 4.904939867115673188e-03
3.312546727323354844e+03 1.231783432018370483e+01 4.909089871409002409e-03
3.312549042053759422e+03 1.235288269865067790e+01 5.057472382075729918e-03
3.312551356784163545e+03 1.232042400225439138e+01 4.912945288291805518e-03
3.312553671514567213e+03 1.233198182741433691e+01 4.958183443925061329e-03
3.312555986244506130e+03 1.232200869796248455e+01 4.919438064752413436e-03
3.312558300974910708e+03 1.231641416272506007e+01 4.895961797915996186e-03
3.312560615705314376e+03 1.230533931985456952e+01 4.843021678793351693e-03
3.312562930435254202e+03 1.234407649198850443e+01 5.019077796180839400e-03
3.312565245165658780e+03 1.232268854678162207e+01 4.919425791178481076e-03
3.312567559896062448e+03 1.231184844225918162e+01 4.878650100391922206e-03
3.312569874626466571e+03 1.233300740923339411e+01 4.971889139831412244e-03
3.312572189356405488e+03 1.231876551776979767e+01 4.905315217401480868e-03
3.312574504086810521e+03 1.232984715509928897e+01 4.952786154494697238e-03
3.312576818817214189e+03 1.232093829785378425e+01 4.912053263959478833e-03
3.312579133547618312e+03 1.232451346829294536e+01 4.930824875856816211e-03
3.312581448277557683e+03 1.232454688706829948e+01 4.931406362704376239e-03
3.312583763007962261e+03 1.233155274279754465e+01 4.967936883545965611e-03
3.312586077738365930e+03 1.231327076731011338e+01 4.886938227041419912e-03
3.312588392468304846e+03 1.233854776000987030e+01 4.994322209287663412e-03
3.312590707198709424e+03 1.231993708308135815e+01 4.913651980130537278e-03
3.312593021929113092e+03 1.232148381726234376e+01 4.918328373516809952e-03
3.312595336659516761e+03 1.231804158141652117e+01 4.909177276399561904e-03
3.312597651389456132e+03 1.232374698892847498e+01 4.930269137240227140e-03
3.312599966119861165e+03 1.232307942355744856e+01 4.925769955261390803e-03
3.312602280850264378e+03 1.233183618163448436e+01 4.966034307675515520e-03
3.312604595580669411e+03 1.230071537121212977e+01 4.830724036176669081e-03
3.312606910310608328e+03 1.232426412030281782e+01 4.932452815234266742e-03
3.312609225041012451e+03 1.233399330357192980e+01 4.975831857617601939e-03
3.312611539771416574e+03 1.232545230071338871e+01 4.935494257982459519e-03
3.312613854501355036e+03 1.232760823518937165e+01 4.949371044743285618e-03
3.312616169231760523e+03 1.232192218765497493e+01 4.918682801183483014e-03
3.312618483962164646e+03 1.231912565693792772e+01 4.907912190987535200e-03
3.312620798692569224e+03 1.232364958096737162e+01 4.926096788227096041e-03
3.312623113422507231e+03 1.230962327127588729e+01 4.866709154049278854e-03
3.312625428152911354e+03 1.232604575731192575e+01 4.938707296338599138e-03
3.312627742883315477e+03 1.232087398593536420e+01 4.918419495150932672e-03
3.312630057613720055e+03 1.232269042093530764e+01 4.930037268823324673e-03
3.312632372343658972e+03 1.231972807230080136e+01 4.920250539989254844e-03
3.312634687074063095e+03 1.233037991313161186e+01 4.960107385927140129e-03
3.312637001804468127e+03 1.232332045503454232e+01 4.928209674271350794e-03
3.312639316534407499e+03 1.234116064372529031e+01 5.008708936814195399e-03
3.312641631264811167e+03 1.231689431386117306e+01 4.906086561261615783e-03
3.312643945995214381e+03 1.232552445210279757e+01 4.941899092350749909e-03
3.312646260725619413e+03 1.231676161584923967e+01 4.904637452486379848e-03
3.312648575456023991e+03 1.232655769741185736e+01 4.947570862794005604e-03
3.312650890185962453e+03 1.233179343898634528e+01 4.965611703466057958e-03
