2.526868163700603873e+03 1.054702444841865905e+01 7.792773507873494579e-04
2.526875108713092231e+03 1.054676450188903480e+01 7.787407090090210779e-04
2.526882053725346850e+03 1.054553672255336316e+01 7.778145213760967458e-04
2.526888998737836573e+03 1.054401417181628808e+01 7.763398544697139737e-04
2.526895943750093465e+03 1.054183848578453642e+01 7.749820949967983113e-04
2.526902888762117072e+03 1.054541694118560180e+01 7.772019003747259900e-04
2.526909833774372601e+03 1.054536424428476771e+01 7.770560908290247842e-04
2.526916778786396208e+03 1.054290977764484971e+01 7.750444574996119941e-04
2.526923723798186984e+03 1.054364120976940455e+01 7.751146539735253227e-04
2.526930668809976851e+03 1.054581742812849754e+01 7.762569815865310403e-04
2.526937613821768082e+03 1.054296992353746809e+01 7.741420233840401628e-04
2.526944558833325573e+03 1.054475791847558597e+01 7.747441338898183481e-04
2.526951503844883973e+03 1.054321666618331399e+01 7.735254633875550574e-04
2.526958448856441464e+03 1.054474776619083976e+01 7.740538717480103907e-04
2.526965393867766124e+03 1.054468319996541048e+01 7.735350170299813742e-04
2.526972338879090785e+03 1.054584901639633365e+01 7.736191713803088369e-04
2.526979283890415445e+03 1.054939730796481179e+01 7.758910201511448742e-04
2.526986228901507275e+03 1.054672171364872035e+01 7.738491495672191346e-04
2.526993173912599104e+03 1.055079270658557355e+01 7.756046505092384314e-04
2.527000118923458558e+03 1.054864776268762938e+01 7.738197856743605574e-04
2.527007063934318467e+03 1.055027436831446330e+01 7.744631040870993740e-04
2.527014008945177466e+03 1.055144194955006753e+01 7.750515824032624609e-04
2.527020953955803634e+03 1.055084352214217169e+01 7.739274211130538162e-04
2.527027898966430257e+03 1.055373583534746196e+01 7.757944926342083894e-04
2.527034843977056880e+03 1.055488182652884888e+01 7.754533782349047177e-04
2.527041788987449763e+03 1.055647238820400879e+01 7.762366496610876481e-04
2.527048733997844010e+03 1.055467957346349017e+01 7.745012149000422364e-04
2.527055679008004063e+03 1.055748173151254754e+01 7.758188667246799326e-04
2.527062624018165479e+03 1.056045296154074187e+01 7.771280437503287489e-04
2.527069569028326441e+03 1.056016113259523159e+01 7.766354913800139559e-04
2.527076514038253663e+03 1.055993061545321332e+01 7.761949332023723811e-04
2.527083459048180430e+03 1.056049218254304201e+01 7.760386677587282483e-04
2.527090404057876185e+03 1.056047152562652336e+01 7.759078450867447742e-04
2.527097349067571486e+03 1.056298046706245408e+01 7.770186310148156830e-04
2.527104294077265877e+03 1.056104108816557208e+01 7.755035656758184478e-04
2.527111239086727892e+03 1.056112500704913870e+01 7.750834819283836802e-04
2.527118184096190816e+03 1.056611644931383509e+01 7.782175120735251774e-04
2.527125129105654196e+03 1.056302246829108427e+01 7.758351721943352892e-04
2.527132074114882471e+03 1.056478085304429193e+01 7.765301906272576793e-04
2.527139019123878825e+03 1.056403143811546741e+01 7.760545418017205472e-04
2.527145964133108464e+03 1.056713945456772308e+01 7.776093386369089481e-04
2.527152909142106182e+03 1.056565806472698021e+01 7.765485661184848331e-04
2.527159854150869251e+03 1.056592436750024255e+01 7.763059731379081752e-04
2.527166799159866059e+03 1.056355416918988688e+01 7.744777938701955791e-04
2.527173744168397207e+03 1.056493677988659563e+01 7.748776558853215195e-04
2.527180689177160275e+03 1.056627440799860551e+01 7.758434757631526343e-04
2.527187634185690513e+03 1.056903997592104183e+01 7.771357542700801837e-04
2.527194579193988375e+03 1.056833266949632844e+01 7.766174216232516738e-04
2.527201524202519522e+03 1.056613988754965838e+01 7.749127571629336932e-04
2.527208469210818294e+03 1.057007562346386287e+01 7.773776152526035241e-04
2.527215414218882870e+03 1.057341575757509666e+01 7.794784312429991081e-04
2.527222359226947901e+03 1.057070745902731446e+01 7.770964075289123240e-04
2.527229304235014752e+03 1.057169525290676404e+01 7.775973648760279265e-04
2.527236249242846952e+03 1.057158775905827497e+01 7.771004370838825118e-04
2.527243194250679153e+03 1.057361991308950344e+01 7.783572504023579487e-04
2.527250139258278068e+03 1.057261758042226596e+01 7.776333629424719883e-04
2.527257084265877438e+03 1.057282788248906336e+01 7.775439822457585852e-04
2.527264029273477718e+03 1.057202119812508911e+01 7.771368658531460118e-04
2.527270974280844712e+03 1.057057125432491063e+01 7.756557554367235789e-04
2.527277919288210796e+03 1.057117798297447209e+01 7.759359438106138134e-04
2.527284864295577790e+03 1.057201818597937404e+01 7.767278224713479234e-04
2.527291809302712409e+03 1.056932729850307418e+01 7.749948004290712093e-04
2.527298754309846117e+03 1.056865947012807716e+01 7.744308033208002848e-04
2.527305699316746086e+03 1.057001789311641815e+01 7.749613618792691814e-04
2.527312644323646964e+03 1.056859353079710040e+01 7.741596831783751579e-04
2.527319589330315466e+03 1.056922941864823606e+01 7.745123272001278730e-04
2.527326534337216799e+03 1.056803060106282821e+01 7.737838365855063830e-04
2.527333479343652471e+03 1.056470736244454223e+01 7.718659591365279555e-04
2.527340424350320518e+03 1.056511762227251516e+01 7.716564730557401008e-04
2.527347369356756644e+03 1.056426602433887219e+01 7.713453435265029204e-04
2.527354314362959030e+03 1.056318886119273692e+01 7.708767100041223185e-04
2.527361259369161417e+03 1.056297421439210105e+01 7.705523837490893405e-04
2.527368204375364257e+03 1.056375832336875398e+01 7.714630789105228741e-04
2.527375149381334268e+03 1.055847070781100427e+01 7.680993617180303717e-04
2.527382094387304278e+03 1.056025654847489115e+01 7.690864783645296170e-04
2.527389039393274288e+03 1.055951382096437463e+01 7.689077169405975900e-04
2.527395984399011013e+03 1.055685036306537050e+01 7.672510437720631666e-04
2.527402929404747738e+03 1.055548678084016956e+01 7.663877671437574739e-04
2.527409874410252087e+03 1.055572682682005059e+01 7.668959233645774752e-04
2.527416819415755072e+03 1.055628674141950363e+01 7.671292200926656301e-04
2.527423764421258966e+03 1.055563759525298195e+01 7.667290962347886492e-04
2.527430709426530484e+03 1.055290651489362475e+01 7.649294955261202664e-04
2.527437654431802457e+03 1.055369265446770299e+01 7.655793622381814635e-04
2.527444599436841145e+03 1.055406162919159918e+01 7.658418133726039309e-04
2.527451544441878923e+03 1.055350406414020981e+01 7.656598551783035198e-04
2.527458489446684325e+03 1.055341920871870620e+01 7.654393784341525326e-04
2.527465434451491092e+03 1.055300662729474048e+01 7.649439743036350828e-04
2.527472379456296039e+03 1.055355988416608781e+01 7.653129202485397858e-04
2.527479324461101442e+03 1.055329475608932732e+01 7.653243388115474550e-04
2.527486269465674013e+03 1.055402770171700944e+01 7.655451858978184771e-04
2.527493214470014209e+03 1.055292732563364844e+01 7.649388828118513454e-04
2.527500159474354859e+03 1.055549869724238654e+01 7.662427925800704628e-04
2.527507104478695055e+03 1.055626651676094063e+01 7.668280255900535112e-04
2.527514049482801511e+03 1.055725922687884477e+01 7.674808225352173097e-04
2.527520994486909331e+03 1.055761596962694604e+01 7.676378865471395700e-04
2.527527939491016696e+03 1.055715537404170412e+01 7.672358595376863695e-04
2.527534884494889866e+03 1.055283466789412827e+01 7.648765709808711451e-04
2.527541829498763491e+03 1.055654150009269721e+01 7.668265498333387640e-04
2.527548774502405649e+03 1.055620466422956127e+01 7.667115700364037119e-04
2.527555719506046898e+03 1.055865204625225218e+01 7.680596427678339395e-04
2.527562664509456226e+03 1.055865790262441450e+01 7.680177723382712075e-04
2.527569609512864190e+03 1.055975815931153328e+01 7.683408379654065425e-04
2.527576554516272154e+03 1.055811541121142483e+01 7.669493424012316677e-04
2.527583499519449106e+03 1.056214312179022485e+01 7.697494057899705467e-04
2.527590444522625148e+03 1.056071596890589426e+01 7.690174828276900333e-04
2.527597389525800281e+03 1.055928172177963908e+01 7.677258015564363772e-04
2.527604334528743493e+03 1.056203708115335616e+01 7.694042728999368145e-04
2.527611279531686705e+03 1.056018679661682746e+01 7.680476266154174321e-04
2.527618224534397086e+03 1.056192258490528779e+01 7.691132996045219440e-04
2.527625169537107013e+03 1.056273087581804582e+01 7.695075502205227930e-04
2.527632114539584563e+03 1.056177705157651658e+01 7.689728473190430907e-04
2.527639059542063023e+03 1.056247757703897427e+01 7.692111229138102113e-04
2.527646004544540119e+03 1.056137540000166553e+01 7.685174717628527694e-04
2.527652949546783930e+03 1.056356567220798581e+01 7.699130431585386996e-04
2.527659894549028650e+03 1.056551340553089524e+01 7.707684082509498819e-04
2.527666839551272915e+03 1.056367297963453744e+01 7.698131753683791576e-04
2.527673784553283440e+03 1.056305014744485860e+01 7.694943828600713529e-04
2.527680729555062044e+03 1.056373285973420018e+01 7.699056379045620541e-04
2.527687674557073478e+03 1.056439848779349511e+01 7.700184166608357427e-04
2.527694619558852537e+03 1.056433699991912611e+01 7.699994423917758254e-04
2.527701564560398765e+03 1.056575146462949810e+01 7.709362250871495004e-04
2.527708509561944993e+03 1.056619288420509761e+01 7.708173779336166152e-04
2.527715454563491221e+03 1.056730314915486524e+01 7.713845887777055852e-04
2.527722399564804618e+03 1.056744233912618469e+01 7.718132360314494764e-04
2.527729344566118016e+03 1.056761955784476825e+01 7.717421087068786342e-04
2.527736289567198128e+03 1.056793517868851673e+01 7.719407146454462668e-04
2.527743234568278240e+03 1.056929144542584531e+01 7.726992554870213597e-04
2.527750179569358806e+03 1.056820658509707478e+01 7.718809718028761969e-04
2.527757124570206997e+03 1.056803636568786153e+01 7.719324672093800382e-04
2.527764069571054279e+03 1.056678545004853120e+01 7.709722015370075454e-04
2.527771014571669184e+03 1.057130857113837052e+01 7.738293686300989601e-04
2.527777959572284090e+03 1.056702542381262866e+01 7.712828325656351193e-04
2.527784904572898995e+03 1.056707590029383859e+01 7.712292763811507247e-04
2.527791849573280615e+03 1.056696857002723711e+01 7.711064555459687039e-04
2.527798794573662235e+03 1.056625485833708744e+01 7.708671599642430818e-04
2.527805739573811024e+03 1.056582909489753064e+01 7.708967177384456896e-04
2.527812684573958904e+03 1.056314979307919089e+01 7.691912867315113794e-04
2.527819629574108149e+03 1.056271607796926837e+01 7.692151719719945470e-04
2.527826574574024107e+03 1.056068873239720673e+01 7.680597785733345737e-04
2.527833519573940521e+03 1.056178003268710874e+01 7.690479259525172685e-04
2.527840464573625013e+03 1.055859213018378995e+01 7.678159141667491696e-04
2.527847409573308141e+03 1.055658236328579314e+01 7.664464443089137168e-04
2.527854354572990815e+03 1.055644657547978049e+01 7.666582138878117901e-04
2.527861299572441567e+03 1.055310524843371489e+01 7.651356239919571839e-04
2.527868244571893229e+03 1.055118750266352023e+01 7.641268837769032854e-04
2.527875189571110241e+03 1.054869971194969303e+01 7.629410717653198684e-04
2.527882134570328162e+03 1.054541741717786607e+01 7.608270651364644173e-04
2.527889079569545174e+03 1.054714286831571712e+01 7.625854693777164676e-04
2.527896024568530265e+03 1.054591260783764284e+01 7.620184171299271107e-04
2.527902969567282526e+03 1.054222821923921494e+01 7.603092883769757560e-04
2.527909914566266707e+03 1.054182567821424321e+01 7.603982826593149195e-04
2.527916859565018967e+03 1.053900876248801488e+01 7.588788167728987124e-04
2.527923804563538397e+03 1.053624953144127829e+01 7.578122801280279394e-04
2.527930749562057827e+03 1.053363604439526569e+01 7.561331287721433179e-04
2.527937694560577256e+03 1.053535020084822271e+01 7.575425470239483200e-04
2.527944639558863400e+03 1.053017561181942696e+01 7.547791099065163066e-04
2.527951584557150454e+03 1.052827491996571574e+01 7.541813034420292430e-04
2.527958529555436598e+03 1.053084416847711502e+01 7.559346208344749646e-04
2.527965474553489003e+03 1.052635900648370892e+01 7.532876350880799441e-04
2.527972419551541861e+03 1.052567298373478266e+01 7.532556902048856331e-04
2.527979364549363709e+03 1.052224511963749443e+01 7.510877974360589179e-04
2.527986309547185101e+03 1.052251661744731592e+01 7.518025555857114255e-04
2.527993254544771844e+03 1.052268272177501984e+01 7.520065892229054350e-04
2.528000199542359951e+03 1.052127971651143135e+01 7.509909806340187488e-04
2.528007144539948058e+03 1.052043881265581149e+01 7.510335926749748701e-04
2.528014089537302880e+03 1.051977050066624209e+01 7.505493286022279879e-04
2.528021034534657701e+03 1.052084576794217696e+01 7.515282594377619687e-04
2.528027979532012978e+03 1.051989417552968042e+01 7.508934982541311861e-04
2.528034924529135424e+03 1.051894522277559041e+01 7.503601918110417053e-04
2.528041869526025494e+03 1.051746589194761228e+01 7.493477013265120897e-04
2.528048814523147485e+03 1.051569567452848908e+01 7.483600271088765559e-04
2.528055759520037100e+03 1.051635671985815002e+01 7.489088543624885857e-04
2.528062704516693429e+03 1.051598810943234774e+01 7.485096973252145652e-04
2.528069649513351123e+03 1.051627755632297578e+01 7.488831921620697774e-04
2.528076594510006998e+03 1.051485696942829584e+01 7.482104892866715297e-04
2.528083539506430498e+03 1.051706551159768210e+01 7.492170589719667883e-04
2.528090484502853997e+03 1.051513492249375759e+01 7.481264576666907858e-04
2.528097429499045575e+03 1.051532717032728392e+01 7.483521617853416139e-04
2.528104374495236698e+03 1.051764185703731513e+01 7.498103476561735490e-04
2.528111319491426912e+03 1.051713359580142004e+01 7.492751545275092625e-04
2.528118264487383840e+03 1.051782014499062434e+01 7.496396106133915247e-04
2.528125209483341678e+03 1.051635979112715091e+01 7.485358230234701645e-04
2.528132154479068049e+03 1.051572066645796788e+01 7.484079643164656334e-04
2.528139099474793056e+03 1.051625794491709875e+01 7.482541550726673355e-04
2.528146044470518063e+03 1.051637059451031497e+01 7.485568837831977143e-04
2.528152989466010695e+03 1.052019873447647846e+01 7.511427252765333828e-04
2.528159934461502871e+03 1.051901301143598921e+01 7.497081177850611899e-04
2.528166879456995503e+03 1.052141096293813938e+01 7.514667047194932689e-04
2.528173824452254848e+03 1.051882388824105341e+01 7.496232291597888439e-04
2.528180769447281818e+03 1.051823360648243089e+01 7.492895042552399822e-04
2.528187714442308788e+03 1.052134389350082699e+01 7.511439466302508722e-04
2.528194659437335758e+03 1.052048644720803416e+01 7.506637196451141627e-04
2.528201604432361819e+03 1.052224239623257596e+01 7.518198057494108024e-04
2.528208549427156413e+03 1.052308286860030151e+01 7.519184060842334797e-04
2.528215494421718176e+03 1.052057617913905041e+01 7.509618996615027072e-04
2.528222439416279030e+03 1.052231224003439358e+01 7.517927018892342755e-04
2.528229384410839430e+03 1.052090639043404252e+01 7.506158916429980918e-04
2.528236329405168362e+03 1.052158554001207413e+01 7.514225095931970294e-04
2.528243274399496840e+03 1.052182299191901826e+01 7.513881784019351209e-04
2.528250219393824864e+03 1.052202064205257948e+01 7.516869904262466580e-04
2.528257164387920056e+03 1.052376834554203988e+01 7.528011466753978384e-04
2.528264109382015704e+03 1.052116096061782713e+01 7.509332088820989699e-04
2.528271054375878975e+03 1.052218568307604052e+01 7.514850237602999127e-04
2.528277999369740883e+03 1.052101390604398645e+01 7.511103489770130145e-04
2.528284944363604154e+03 1.052078062074695275e+01 7.505858572555194029e-04
2.528291889357234140e+03 1.051852917789461550e+01 7.493022613468883339e-04
2.528298834350864126e+03 1.052336358038901309e+01 7.526698560594081207e-04
2.528305779344259918e+03 1.052001185332568056e+01 7.506047636534806050e-04
2.528312724337655709e+03 1.052027865419094432e+01 7.508889612511558329e-04
2.528319669331052864e+03 1.051764645160030476e+01 7.492934112419409425e-04
2.528326614324217189e+03 1.051756552790065591e+01 7.493994178465045609e-04
2.528333559317381969e+03 1.051454970001760891e+01 7.477976404605951718e-04
2.528340504310313008e+03 1.051416239013152953e+01 7.478836656403137781e-04
2.528347449303244048e+03 1.051534169020282761e+01 7.490577733694994298e-04
2.528354394296175542e+03 1.051144208099494115e+01 7.468336225642554886e-04
2.528361339288873751e+03 1.051152311166313424e+01 7.471442794618692691e-04
2.528368284281340038e+03 1.050694729467675081e+01 7.448365657066453958e-04
2.528375229274038247e+03 1.050536783870265189e+01 7.440547720819158314e-04
2.528382174266504080e+03 1.050393598446758148e+01 7.435557245763225716e-04
2.528389119258737082e+03 1.050016228769265147e+01 7.414714709321644157e-04
2.528396064250970085e+03 1.050189503469391461e+01 7.429729067885025226e-04
2.528403009243202177e+03 1.049895315653744632e+01 7.416052940729818931e-04
2.528409954235435180e+03 1.049812215884193911e+01 7.414116675666744451e-04
2.528416899227436261e+03 1.049374083419546722e+01 7.388536788344945115e-04
2.528423844219202692e+03 1.049257778429179311e+01 7.384378635323374240e-04
2.528430789210970033e+03 1.049115550374604489e+01 7.379108624072421236e-04
2.528437734202737374e+03 1.048775640556542399e+01 7.361933536760964427e-04
2.528444679194271885e+03 1.048851900850860552e+01 7.369397298449021109e-04
2.528451624185805485e+03 1.048579504715308452e+01 7.357965509592503776e-04
2.528458569177339996e+03 1.048520232815622855e+01 7.355550429663152258e-04
2.528465514168641675e+03 1.048287133050437525e+01 7.346645565119323470e-04
2.528472459159942900e+03 1.048205138162173178e+01 7.342317432940657397e-04
2.528479404151012204e+03 1.048122545921248516e+01 7.339854985041905505e-04
2.528486349142080144e+03 1.047792050018932208e+01 7.325017229664321488e-04
2.528493294133149448e+03 1.047827515129400133e+01 7.328168067729875666e-04
2.528500239123985466e+03 1.047539593835475813e+01 7.316257540436957177e-04
2.528507184114587290e+03 1.047515388880402654e+01 7.314685261772835853e-04
2.528514129105422398e+03 1.047367699243111083e+01 7.307223189473752937e-04
2.528521074096025131e+03 1.047345257994355627e+01 7.307173393653848374e-04
2.528528019086395489e+03 1.047323761386039997e+01 7.308116627350578522e-04
2.528534964076766300e+03 1.047161303802382371e+01 7.301734110440854641e-04
2.528541909067135748e+03 1.047060654990312045e+01 7.296438956083636015e-04
2.528548854057273275e+03 1.046986345639252214e+01 7.292542426982516132e-04
2.528555799047410801e+03 1.046856446310828481e+01 7.286142556466152463e-04
2.528562744037548327e+03 1.046610664721662509e+01 7.270742639196868572e-04
2.528569689027453023e+03 1.046769491137630581e+01 7.283079260200841587e-04
2.528576634017356810e+03 1.046756194552487607e+01 7.281140845065201374e-04
2.528583579007028675e+03 1.046777370027321474e+01 7.284853625014634871e-04
2.528590523996700995e+03 1.046758651399927764e+01 7.281199747631620593e-04
2.528597468986372405e+03 1.046788819825475336e+01 7.283322779702143838e-04
2.528604413975810985e+03 1.046987047081979760e+01 7.295035187721083314e-04
2.528611358965250474e+03 1.046939394535584178e+01 7.292788973481070412e-04
2.528618303954457133e+03 1.046896546532415684e+01 7.288427238027310202e-04
2.528625248943662427e+03 1.046840095237032386e+01 7.284085437427641890e-04
2.528632193927978733e+03 1.046816545263815890e+01 7.286965325166360700e-04
2.528639138916952561e+03 1.046553396004979497e+01 7.270454052317848167e-04
2.528646083905925934e+03 1.046751941737234581e+01 7.281257021285489177e-04
2.528653028894666022e+03 1.046689593429645271e+01 7.278445280965152543e-04
2.528659973883406110e+03 1.046633284797422725e+01 7.272405070518614184e-04
2.528666918872147107e+03 1.046661731635180459e+01 7.272041320194149979e-04
2.528673863860654365e+03 1.046693923218382594e+01 7.278662900267113874e-04
2.528680808849162077e+03 1.046781803296087254e+01 7.283841450319741666e-04
2.528687753837436048e+03 1.046814697669194949e+01 7.282782811140323977e-04
2.528694698825711384e+03 1.047112115300131485e+01 7.302846474714613095e-04
2.528701643813986266e+03 1.047039616092283687e+01 7.294562885745296864e-04
2.528708588802027862e+03 1.046890533730619488e+01 7.286430917973530947e-04
2.528715533790069458e+03 1.046990922057225504e+01 7.291929780187175877e-04
2.528722478777877768e+03 1.047033531246181326e+01 7.292495498550166178e-04
2.528729423765687443e+03 1.047087400947542513e+01 7.296675778412563219e-04
2.528736368753497118e+03 1.047017770561194361e+01 7.289584898698307173e-04
2.528743313741073052e+03 1.047234065778544654e+01 7.306151979893751088e-04
2.528750258728648987e+03 1.047084720526349244e+01 7.295817911833438630e-04
2.528757203715992091e+03 1.047258130994259240e+01 7.303781886476462841e-04
2.528764148703335195e+03 1.047152520363369987e+01 7.298306762317429081e-04
2.528771093690677844e+03 1.047201709650513379e+01 7.299201802858408398e-04
2.528778038677789027e+03 1.047173522664006740e+01 7.299361340782869242e-04
2.528784983664666470e+03 1.047249629081487399e+01 7.302650475683783969e-04
2.528791928651777198e+03 1.047233684850659508e+01 7.300333129982904210e-04
2.528798873638655095e+03 1.047234000864697734e+01 7.301111220889835388e-04
2.528805818625299253e+03 1.047130344482011211e+01 7.296523319642688040e-04
2.528812763612177150e+03 1.047498146892137783e+01 7.317373701363705457e-04
2.528819708598590296e+03 1.046925978107742061e+01 7.283203702592236373e-04
2.528826653585234453e+03 1.047090267574603395e+01 7.294607738155171146e-04
2.528833598571645780e+03 1.047231287994570614e+01 7.305583059678429341e-04
2.528840543557826095e+03 1.047067986305420284e+01 7.295545520725131268e-04
2.528847488544237876e+03 1.046825696411726092e+01 7.282095344019010475e-04
2.528854433530184451e+03 1.046720004607436572e+01 7.279874417189486713e-04
2.528861378516363402e+03 1.046658277904462153e+01 7.277269085807912697e-04
2.528868323502310432e+03 1.046399654579075111e+01 7.265996548787061410e-04
2.528875268488257007e+03 1.046283054492021058e+01 7.260235171744364256e-04
2.528882213473970296e+03 1.046099849438484775e+01 7.251663257639741345e-04
2.528889158459684040e+03 1.046264209492979980e+01 7.267422557886473724e-04
2.528896103445164499e+03 1.045786826547161930e+01 7.239312277066849198e-04
2.528903048430645413e+03 1.045670374521094281e+01 7.237893910465918821e-04
2.528909993416125872e+03 1.045457875924089919e+01 7.230373663738316053e-04
2.528916938401373500e+03 1.045226338643015573e+01 7.215916301946054268e-04
2.528923883386621128e+03 1.045003572671810765e+01 7.206638160460189209e-04
2.528930828371636380e+03 1.044538065461234311e+01 7.181342040849863703e-04
2.528937773356652087e+03 1.044708477302810046e+01 7.194385221501410285e-04
2.528944718341666885e+03 1.044624068156528551e+01 7.196531967301197192e-04
2.528951663326449307e+03 1.044380995187839112e+01 7.183843029075042807e-04
2.528958608311231728e+03 1.044191006669058375e+01 7.178726692733995458e-04
2.528965553295780865e+03 1.043812916614835196e+01 7.159002268553554642e-04
2.528972498280562831e+03 1.043604559253129516e+01 7.148733665173055305e-04
2.528979443264880047e+03 1.043205676141997351e+01 7.127302037430152584e-04
2.528986388249196352e+03 1.043398004563033332e+01 7.142397316376553843e-04
2.528993333233514022e+03 1.043249762643041301e+01 7.135674899270399302e-04
2.529000278217829873e+03 1.043218981168238102e+01 7.139463663614966120e-04
2.529007223201912893e+03 1.042905519074227882e+01 7.124023386288624729e-04
2.529014168185997733e+03 1.042622584385622808e+01 7.106016974907089024e-04
2.529021113169848377e+03 1.042649980060946291e+01 7.112228486350357943e-04
2.529028058153699021e+03 1.042572679381580336e+01 7.109033869859484201e-04
2.529035003137317290e+03 1.042326069247924991e+01 7.097788914120657915e-04
2.529041948120935558e+03 1.042223172535094555e+01 7.096151590999934082e-04
2.529048893104553827e+03 1.042281247546748268e+01 7.101279625700197438e-04
2.529055838087939264e+03 1.041931870504457258e+01 7.082369290901995235e-04
2.529062783071323793e+03 1.042126022063104429e+01 7.090604475923808743e-04
2.529069728054709230e+03 1.041960906959519662e+01 7.084612597879341852e-04
2.529076673037861838e+03 1.041910945621335216e+01 7.085146043721824403e-04
2.529083618021013990e+03 1.041921952292764431e+01 7.082624707450991272e-04
2.529090563003932402e+03 1.041646002861380005e+01 7.067798628769863785e-04
2.529097507986852179e+03 1.041640322377057792e+01 7.067799948624329306e-04
2.529104452969540034e+03 1.041842154259524911e+01 7.076514334589935297e-04
2.529111397952458901e+03 1.041893820104874457e+01 7.080850254139145787e-04
2.529118342934912562e+03 1.042200129726700730e+01 7.100505355758301518e-04
2.529125287917599508e+03 1.042035259129805524e+01 7.086708571233105896e-04
2.529132232900054078e+03 1.042012480308396505e+01 7.084936547977221553e-04
2.529139177882274453e+03 1.041956558221354889e+01 7.082429347503532788e-04
2.529146122864494828e+03 1.042290590173714371e+01 7.102374623547372430e-04
2.529153067846716112e+03 1.042063631905478971e+01 7.093161518108289732e-04
2.529160012828937397e+03 1.042107179635742753e+01 7.094392932378400110e-04
2.529166957810925851e+03 1.042004381567392990e+01 7.086089673868305834e-04
2.529173902792681474e+03 1.042096861406217911e+01 7.096634736668775562e-04
2.529180847774437098e+03 1.042086535205510955e+01 7.091128599779383855e-04
2.529187792756192721e+03 1.042005199973000806e+01 7.083715585640410059e-04
2.529194737737715514e+03 1.041821255915643540e+01 7.074698767175909529e-04
2.529201682719238306e+03 1.041902466651570869e+01 7.080916463413772233e-04
2.529208627700760189e+03 1.042090653123469401e+01 7.090170797326918488e-04
2.529215572682050151e+03 1.041954503384175190e+01 7.083703238433453108e-04
2.529222517663341023e+03 1.041903408905040607e+01 7.078833417650054818e-04
2.529229462644630075e+03 1.041963805496100193e+01 7.082565948701989881e-04
2.529236407625686297e+03 1.042069017804590914e+01 7.087702133848350350e-04
2.529243352606510598e+03 1.041847382036337955e+01 7.075573967021316904e-04
2.529250297587334899e+03 1.041948063964856708e+01 7.080778800786737730e-04
2.529257242568159199e+03 1.042060216594071598e+01 7.088010244521618722e-04
2.529264187548983045e+03 1.041893610693130690e+01 7.079284868081723615e-04
2.529271132529574516e+03 1.041769602035692444e+01 7.072721241511972443e-04
2.529278077510166440e+03 1.041836423235289644e+01 7.077076077318019678e-04
2.529285022490525080e+03 1.041788474552298638e+01 7.076928162336304897e-04
2.529291967470882810e+03 1.041724716395813211e+01 7.073302916669081198e-04
2.529298912451008619e+03 1.041676331765301278e+01 7.074369958149624802e-04
2.529305857431134882e+03 1.041824458244421869e+01 7.081735117267859295e-04
2.529312802411260236e+03 1.041775163603452370e+01 7.083064730573352926e-04
2.529319747391153214e+03 1.041258410128045320e+01 7.052732006120306443e-04
2.529326692371046192e+03 1.041406171589900254e+01 7.061504489710570620e-04
2.529333637350939171e+03 1.041427704300209278e+01 7.062029438485801971e-04
2.529340582330598863e+03 1.041200367548853123e+01 7.050489475276343733e-04
2.529347527310025725e+03 1.041076449044230046e+01 7.045033002692266790e-04
2.529354472289684963e+03 1.041132556786858032e+01 7.050436809530850760e-04
2.529361417269112280e+03 1.041077144278728461e+01 7.048457503945492917e-04
2.529368362248306767e+03 1.041026075954570196e+01 7.043390859291102967e-04
2.529375307227501253e+03 1.040887778819233667e+01 7.039411134311371245e-04
2.529382252206694830e+03 1.040865812113591637e+01 7.040444750958772683e-04
2.529389197185657395e+03 1.040458968093565950e+01 7.018552741818728791e-04
2.529396142164619050e+03 1.040614174881204690e+01 7.028281927397094604e-04
2.529403087143579796e+03 1.040598028708221356e+01 7.030580424681016297e-04
2.529410032122309076e+03 1.040409855005704820e+01 7.023444303562451432e-04
2.529416977101037446e+03 1.039985966554657537e+01 7.001741053872133011e-04
2.529423922079533895e+03 1.039936238875636754e+01 7.004524854199246963e-04
2.529430867058029435e+03 1.039818461807164773e+01 6.999038358771986039e-04
2.529437812036524974e+03 1.039423620222387790e+01 6.979507867593089847e-04
2.529444757014788593e+03 1.039493444675724909e+01 6.984990482575927952e-04
2.529451701993051756e+03 1.039123341346484608e+01 6.967423270758157363e-04
2.529458646971081635e+03 1.039015401902993752e+01 6.963824800934535460e-04
2.529465591949111058e+03 1.038756009661661395e+01 6.952359454564036988e-04
2.529472536927141846e+03 1.038804440339930935e+01 6.959139295840660166e-04
2.529479481904938893e+03 1.038516161991194231e+01 6.945959734852771980e-04
2.529486426882736396e+03 1.038507855548008330e+01 6.946389345992213908e-04
2.529493371860533443e+03 1.038171584938525882e+01 6.930561138450001043e-04
2.529500316838098570e+03 1.038223527859134876e+01 6.935367430811964235e-04
2.529507261815430411e+03 1.038113356665368947e+01 6.931070076940591381e-04
2.529514206792995083e+03 1.038061811633212450e+01 6.930878456213455160e-04
2.529521151770092729e+03 1.037706099332004861e+01 6.910266109948469144e-04
2.529528096747425479e+03 1.037832048723179490e+01 6.922946386257809292e-04
2.529535041724524490e+03 1.037948481727535999e+01 6.930917516177161541e-04
2.529541986701623046e+03 1.037558927571410194e+01 6.908402120060000689e-04
2.529548931678488771e+03 1.037377441278058399e+01 6.899441736569674475e-04
2.529555876655354496e+03 1.037423444412508644e+01 6.904747223234669390e-04
2.529562821631988299e+03 1.037280992582622652e+01 6.896400453260567547e-04
2.529569766608854479e+03 1.037060032195355852e+01 6.887042813352378190e-04
2.529576711585254088e+03 1.037245704724938022e+01 6.899313719332017579e-04
2.529583656561886983e+03 1.037017060359606724e+01 6.887890896499472776e-04
2.529590601538287501e+03 1.036968184045697505e+01 6.885012923752130160e-04
2.529597546514456099e+03 1.037004432945256482e+01 6.889401303181637857e-04
2.529604491490622877e+03 1.037097032348444614e+01 6.896157931186690238e-04
2.529611436466790110e+03 1.036965560517701057e+01 6.889191617276315804e-04
2.529618381442725422e+03 1.036931977310630337e+01 6.881053102664728320e-04
2.529625326418659824e+03 1.036768073660632972e+01 6.872635286682022291e-04
2.529632271394595136e+03 1.036987889391679474e+01 6.887868863639721702e-04
2.529639216370295799e+03 1.036965724269041011e+01 6.882360688429683829e-04
2.529646161345998735e+03 1.037168395414451005e+01 6.895266941412412157e-04
2.529653106321467931e+03 1.037015133416530155e+01 6.881537291303028428e-04
2.529660051296937127e+03 1.037307785423334749e+01 6.899180145226332895e-04
2.529666996272405413e+03 1.037226488402173885e+01 6.896045205131326157e-04
2.529673941247641778e+03 1.037346042504717047e+01 6.902935521758630025e-04
2.529680886222879053e+03 1.037401304502688681e+01 6.903574957249053023e-04
2.529687831198114509e+03 1.037499177151200414e+01 6.908939441517209304e-04
2.529694776173117134e+03 1.037387051695154305e+01 6.900369901661564153e-04
2.529701721147888748e+03 1.037562175033291823e+01 6.909487024490347431e-04
2.529708666122658997e+03 1.037467392024101898e+01 6.903563107816517580e-04
2.529715611097429246e+03 1.037716527804667344e+01 6.918239851565394010e-04
2.529722556072199495e+03 1.037631733840412807e+01 6.910646388321801037e-04
2.529729501046737823e+03 1.037740235809705069e+01 6.917598128614828919e-04
2.529736446021275697e+03 1.038062711552362849e+01 6.934945505368257743e-04
2.529743390995579830e+03 1.037832547360395985e+01 6.917574998845591860e-04
2.529750335969884873e+03 1.037991885052331043e+01 6.924899099790048172e-04
2.529757280943957085e+03 1.037897115591088415e+01 6.920515151133296546e-04
2.529764225918029297e+03 1.038194284302269033e+01 6.935626990525212707e-04
2.529771170892101509e+03 1.038208018907234553e+01 6.933178814867010584e-04
2.529778115866172811e+03 1.038364986108876309e+01 6.941145904793610604e-04
2.529785060839778907e+03 1.038423853396043661e+01 6.945337515139962149e-04
2.529792005813618744e+03 1.038214090780111043e+01 6.934608350616361773e-04
2.529798950787225294e+03 1.038268097914834875e+01 6.935777383843528101e-04
2.529805895760831390e+03 1.038445182376040066e+01 6.947212785314891377e-04
2.529812840734205110e+03 1.038455369036089770e+01 6.946860133709292784e-04
2.529819785707578376e+03 1.038406339200119355e+01 6.942754401868698674e-04
2.529826730680953006e+03 1.038458563298191173e+01 6.945951355669300773e-04
2.529833675654092985e+03 1.038279285937450425e+01 6.933653339143412047e-04
2.529840620627233420e+03 1.038083836519516900e+01 6.923239513369372922e-04
2.529847565600141479e+03 1.038500380400267886e+01 6.948996148806053236e-04
2.529854510573049993e+03 1.038379084500697935e+01 6.942912420672881814e-04
2.529861455545958052e+03 1.038433658561228512e+01 6.945306811035868938e-04
2.529868400518632370e+03 1.038179218896884493e+01 6.933941279673618138e-04
2.529875345491307598e+03 1.038216155140058028e+01 6.936546187126010465e-04
2.529882290463982827e+03 1.038239181749752227e+01 6.937202878181246857e-04
2.529889235436425224e+03 1.038050790866525297e+01 6.928467246255110706e-04
2.529896180408633882e+03 1.037761972938423938e+01 6.913677387936133321e-04
2.529903125381077189e+03 1.037987679228634441e+01 6.927067921511870577e-04
2.529910070353053470e+03 1.037637415843260946e+01 6.908505862842913119e-04
2.529917015325263037e+03 1.037656828877826065e+01 6.911126606542876980e-04
2.529923960297238864e+03 1.037341708179481792e+01 6.900312291055780631e-04
2.529930905269215600e+03 1.037185027692332007e+01 6.893233787069009489e-04
2.529937850240959961e+03 1.037027473519370524e+01 6.885234159591062646e-04
2.529944795212703411e+03 1.037076566986953452e+01 6.891255394148487930e-04
2.529951740184214032e+03 1.036961389225498920e+01 6.888147724961729817e-04
2.529958685155958847e+03 1.036651363914808321e+01 6.872706870065456441e-04
2.529965630127237091e+03 1.036539939263433219e+01 6.872135728432227217e-04
2.529972575098747257e+03 1.036068689601049009e+01 6.846606741279767693e-04
2.529979520070025046e+03 1.036046425478502719e+01 6.846858430449876418e-04
2.529986465041070005e+03 1.035911715288309232e+01 6.842248604111547455e-04
2.529993410012115419e+03 1.036166888640012651e+01 6.858823790582568598e-04
2.530000354983160832e+03 1.035842953577531489e+01 6.839848808895908740e-04
2.530007299954206246e+03 1.035804596806229227e+01 6.839305812866989165e-04
2.530014244925018374e+03 1.035821829467516686e+01 6.843458532345449152e-04
2.530021189895598582e+03 1.035646760609091110e+01 6.832072792257317491e-04
2.530028134866177879e+03 1.035767292273834528e+01 6.842519607268355208e-04
2.530035079836757177e+03 1.035594725269522520e+01 6.831785937818083332e-04
2.530042024807336475e+03 1.035618971847272540e+01 6.833476179339200178e-04
2.530048969777683851e+03 1.035347372454910619e+01 6.817773247393701073e-04
2.530055914747797942e+03 1.035697340677642586e+01 6.838257726332773370e-04
2.530062859718144409e+03 1.035595725730855854e+01 6.836330015275942458e-04
2.530069804688258046e+03 1.035490038521142253e+01 6.826351539139675212e-04
2.530076749658139306e+03 1.035568436982054763e+01 6.830178377888947465e-04
2.530083694628021021e+03 1.035596616776363632e+01 6.833098583843459162e-04
2.530090639597901827e+03 1.035559893018736588e+01 6.828508667295533994e-04
2.530097584567550257e+03 1.035603648784013409e+01 6.831134081237797296e-04
2.530104529537198687e+03 1.035857220829503333e+01 6.844511089339250145e-04
2.530111474506614286e+03 1.035643683059270792e+01 6.832204312317373927e-04
2.530118419476261806e+03 1.035830234496150837e+01 6.841324767939268789e-04
2.530125364445445030e+03 1.035969503249180512e+01 6.847896010761394831e-04
2.530132309414860174e+03 1.035898273595780594e+01 6.841892597078751918e-04
2.530139254384043397e+03 1.036029332690720217e+01 6.850416215673192644e-04
2.530146199352992426e+03 1.036223794060770942e+01 6.859796491898561416e-04
2.530153144321941909e+03 1.035987280141293532e+01 6.843536407981011711e-04
2.530160089290892756e+03 1.035994055130454505e+01 6.845168889510102727e-04
2.530167034259609409e+03 1.036200037029436949e+01 6.855706637486714064e-04
2.530173979228326061e+03 1.036058655132441508e+01 6.845925925727467656e-04
2.530180924197043169e+03 1.036199225419452397e+01 6.852197437305783574e-04
2.530187869165526990e+03 1.036424722102436036e+01 6.866358684396881105e-04
2.530194814134010812e+03 1.036269753690604567e+01 6.856491775096157110e-04
2.530201759102263168e+03 1.036563515985542061e+01 6.870760400641392953e-04
2.530208704070513704e+03 1.036460995995549439e+01 6.864261764470258988e-04
2.530215649038765150e+03 1.036723278228743617e+01 6.879589178415341285e-04
2.530222594006783766e+03 1.036663682692432253e+01 6.872485064885611649e-04
2.530229538974802381e+03 1.036957843839473270e+01 6.888333906299945204e-04
2.530236483942820996e+03 1.037077868174521100e+01 6.891065340523013904e-04
2.530243428910605871e+03 1.037011238892055864e+01 6.887180038030727130e-04
2.530250373878158825e+03 1.036996309199958688e+01 6.883903654184720527e-04
2.530257318845945065e+03 1.037062766756829646e+01 6.889039646669271096e-04
2.530264263813497109e+03 1.037441863138782061e+01 6.905933315441911691e-04
2.530271208780816778e+03 1.037342124765474871e+01 6.901778823444794245e-04
2.530278153748137811e+03 1.037429643328488815e+01 6.903137802251746316e-04
2.530285098715457480e+03 1.037571568897990915e+01 6.910338195852869757e-04
2.530292043682543863e+03 1.037673598416518317e+01 6.917095863871748065e-04
2.530298988649630701e+03 1.037570680984513238e+01 6.907035668984342052e-04
2.530305933616718448e+03 1.037421166059788114e+01 6.899751059259274328e-04
2.530312878583572910e+03 1.037853563964284831e+01 6.920492674853729632e-04
2.530319823550427373e+03 1.037772435346678535e+01 6.916454295247009181e-04
2.530326768517049004e+03 1.037829232733231954e+01 6.917441241108412834e-04
2.530333713483670181e+03 1.037478096908331260e+01 6.899363740661290266e-04
2.530340658450059436e+03 1.037646680265372190e+01 6.911181899835929909e-04
2.530347603416681068e+03 1.037641646360621017e+01 6.910365160120253338e-04
2.530354548382836128e+03 1.037752662012490568e+01 6.918830224741073353e-04
2.530361493349225384e+03 1.037622321163407157e+01 6.911665064327742998e-04
2.530368438315380899e+03 1.037658778219546640e+01 6.913880168763447513e-04
2.530375383281304039e+03 1.037313435084180036e+01 6.895137338603186472e-04
2.530382328247459100e+03 1.037478761827064311e+01 6.906329852948164903e-04
2.530389273213148954e+03 1.037373762623944096e+01 6.901424516841571247e-04
2.530396218179072548e+03 1.037473294635924326e+01 6.906215134751197233e-04
2.530403163144762857e+03 1.037420924937270250e+01 6.906022378208837671e-04
2.530410108110452711e+03 1.037132672852489002e+01 6.893524049309419227e-04
2.530417053075910189e+03 1.037283092295357356e+01 6.902125687483282165e-04
2.530423998041367668e+03 1.037161793768036055e+01 6.895480813707853323e-04
2.530430943006591860e+03 1.036921377636196873e+01 6.882865232835531834e-04
2.530437887971816508e+03 1.036831157638445333e+01 6.881197345871506053e-04
2.530444832937040701e+03 1.036580316522719158e+01 6.870786687793023744e-04
2.530451777902032518e+03 1.036666793183719015e+01 6.875629797913367829e-04
2.530458722867025244e+03 1.036475916444320511e+01 6.868055508179690032e-04
2.530465667832016152e+03 1.036352222564625869e+01 6.861927073595570697e-04
2.530472612796775138e+03 1.036477717273066013e+01 6.870504495562326569e-04
2.530479557761533215e+03 1.036005191048994334e+01 6.845893159367136271e-04
2.530486502726060280e+03 1.036019473787133016e+01 6.848502171811308038e-04
2.530493447690585526e+03 1.035763590429690417e+01 6.835134001505151127e-04
2.530500392654878397e+03 1.035774760627110780e+01 6.837911028694899441e-04
2.530507337619404552e+03 1.035594467327476487e+01 6.827644269123444350e-04
2.530514282583465501e+03 1.035626629383781427e+01 6.835187106062574685e-04
2.530521227547758372e+03 1.035424975678211368e+01 6.824184266342634645e-04
2.530528172511818411e+03 1.035360325287864747e+01 6.822741981248582827e-04
2.530535117475646530e+03 1.035011824831219407e+01 6.805139455604184784e-04
2.530542062439707024e+03 1.035025803473692996e+01 6.811961395714973867e-04
2.530549007403301403e+03 1.034755653134158315e+01 6.796439896441784125e-04
2.530555952367129521e+03 1.034616769497450051e+01 6.789807366675205307e-04
2.530562897330724809e+03 1.034709533240102353e+01 6.798063697270116234e-04
2.530569842294086811e+03 1.034574453368766811e+01 6.796016002564670908e-04
2.530576787257682099e+03 1.034646725433319503e+01 6.800127439163368643e-04
2.530583732220809907e+03 1.034135964087203163e+01 6.775158138166883625e-04
2.530590677184171454e+03 1.034074101566534942e+01 6.769326193883368334e-04
2.530597622147301081e+03 1.034084557374212388e+01 6.773352763625934466e-04
2.530604567110430253e+03 1.033992241488703279e+01 6.768847861709074466e-04
2.530611512073326139e+03 1.034070664047614585e+01 6.777034241505300056e-04
2.530618457036222026e+03 1.033950993222763337e+01 6.769850011305718297e-04
2.530625401998885536e+03 1.033739168225632987e+01 6.760348747244670662e-04
2.530632346961549501e+03 1.033766138247123578e+01 6.756326144351014430e-04
2.530639291924213012e+03 1.033986908183872622e+01 6.771156610457325278e-04
2.530646236886643237e+03 1.033993715506945321e+01 6.767850796139004933e-04
2.530653181849073462e+03 1.034004435840305192e+01 6.770283262850844376e-04
2.530660126811505052e+03 1.034047728231499619e+01 6.769994313904812398e-04
2.530667071773701991e+03 1.034056636521720840e+01 6.773852105508134042e-04
2.530674016735899386e+03 1.034178043749782283e+01 6.778807488132292591e-04
2.530680961697864404e+03 1.034294536481925597e+01 6.781805014903553343e-04
2.530687906659829878e+03 1.034152325157141838e+01 6.777339385364899776e-04
2.530694851621794442e+03 1.034333158323815738e+01 6.782535127319498603e-04
2.530701796583525720e+03 1.034539285284694365e+01 6.794224823207581495e-04
2.530708741545258817e+03 1.034502265291270895e+01 6.792383122070906696e-04
2.530715686506758175e+03 1.034463213224569067e+01 6.789537936046564264e-04
2.530722631468257077e+03 1.034432924967908818e+01 6.786319516938723239e-04
2.530729576429523149e+03 1.034689490156418934e+01 6.796465040161891406e-04
2.530736521391022507e+03 1.034760340441459370e+01 6.802200257697370821e-04
2.530743466352056203e+03 1.034865976825614275e+01 6.807609703114022789e-04
2.530750411313321820e+03 1.034819688312605912e+01 6.800024608268313104e-04
2.530757356274355516e+03 1.035159846505263737e+01 6.821104612896286600e-04
2.530764301235389212e+03 1.035125120549695232e+01 6.814125393166984516e-04
2.530771246196190987e+03 1.035192740171173575e+01 6.815637646184509587e-04
2.530778191156990943e+03 1.035414386386994856e+01 6.826236350868343994e-04
2.530785136117558523e+03 1.035195609461825228e+01 6.811465544733359386e-04
2.530792081078126557e+03 1.035508723940611731e+01 6.830268816368304787e-04
2.530799026038695047e+03 1.035633404788339540e+01 6.834079802215546661e-04
2.530805970999030251e+03 1.035503603794056104e+01 6.826609908325605028e-04
2.530812915959365000e+03 1.035662174009144465e+01 6.833011146510521976e-04
2.530819860919466464e+03 1.035692902281911110e+01 6.834717535458749525e-04
2.530826805879801213e+03 1.035920759345004960e+01 6.846606661162933302e-04
2.530833750839670756e+03 1.035755695807948662e+01 6.835539984432848024e-04
2.530840695799773130e+03 1.036011030867380356e+01 6.849840852395704203e-04
2.530847640759409387e+03 1.036052506345406776e+01 6.848127246320497062e-04
2.530854585719279385e+03 1.036339421550001205e+01 6.863469021178059170e-04
2.530861530678916097e+03 1.036307117493792873e+01 6.861686336234668667e-04
2.530868475638551899e+03 1.036279820705767030e+01 6.858566961409159500e-04
2.530875420597955781e+03 1.036407150737616512e+01 6.863872725316311598e-04
2.530882365557360572e+03 1.036521349672675107e+01 6.867809624445134166e-04
2.530889310516764908e+03 1.036591274998850842e+01 6.868281952545089632e-04
2.530896255475935959e+03 1.036733555797697193e+01 6.873636161206461183e-04
2.530903200435107010e+03 1.036786054122574008e+01 6.875464681785252788e-04
2.530910145394044775e+03 1.037128669936091896e+01 6.894165301517567917e-04
2.530917090352983450e+03 1.037010369798254850e+01 6.886100927388205109e-04
2.530924035311921216e+03 1.037118340983952258e+01 6.888473253785681915e-04
2.530930980270625696e+03 1.037305275083454426e+01 6.899650472599922098e-04
2.530937925229098255e+03 1.037145616309315166e+01 6.888559236866914149e-04
2.530944870187804099e+03 1.037457982841270443e+01 6.905208140461977688e-04
2.530951815146276203e+03 1.037296812445619132e+01 6.894101169279495287e-04
2.530958760104747853e+03 1.037466593072208632e+01 6.904464520540474571e-04
2.530965705062988491e+03 1.037349788198321932e+01 6.897417831620761058e-04
2.530972650021228219e+03 1.037366160037424656e+01 6.901264906151353224e-04
2.530979594979235117e+03 1.037534211050465238e+01 6.907849812362447687e-04
2.530986539937241105e+03 1.037487606638258519e+01 6.907685547897448762e-04
2.530993484895248457e+03 1.037162683466213409e+01 6.890429805173557383e-04
2.531000429853022524e+03 1.037093880528914447e+01 6.889534779153745538e-04
2.531007374810796136e+03 1.037061744997984114e+01 6.887260594568773205e-04
2.531014319768336918e+03 1.036988767747636864e+01 6.885066383786356227e-04
2.531021264725877700e+03 1.036777951183869995e+01 6.873446225957654133e-04
2.531028209683419846e+03 1.037073561071546557e+01 6.894124940903289048e-04
2.531035154640728251e+03 1.036674884819358056e+01 6.872324450553875860e-04
2.531042099598035747e+03 1.036532185387930660e+01 6.868514877775846409e-04
2.531049044555343244e+03 1.036665594197550710e+01 6.874581564007463614e-04
2.531055989512418819e+03 1.036509029261450188e+01 6.870905554159455588e-04
2.531062934469262018e+03 1.036452767225902605e+01 6.864421330947674104e-04
2.531069879426337138e+03 1.036273517724483462e+01 6.855355585387327630e-04
2.531076824383179428e+03 1.036231746125770492e+01 6.855501746059744755e-04
2.531083769339789797e+03 1.036279533217727788e+01 6.858458600976503590e-04
2.531090714296399710e+03 1.036084169530775334e+01 6.848774026480554909e-04
2.531097659253008715e+03 1.035978763915455581e+01 6.845549290628864976e-04
2.531104604209385798e+03 1.036037796707327452e+01 6.845370283926840733e-04
2.531111549165763790e+03 1.035970573147109519e+01 6.842823968146543017e-04
2.531118494122140419e+03 1.036041398633149235e+01 6.848649624530528911e-04
2.531125439078284217e+03 1.036095406837382349e+01 6.852304950996133221e-04
2.531132384034428469e+03 1.035896623945707695e+01 6.842463884921623843e-04
2.531139328990340800e+03 1.036001282988802252e+01 6.847317271210322763e-04
2.531146273946253132e+03 1.035985470976016920e+01 6.845187134350039530e-04
2.531153218902164099e+03 1.035986251289088678e+01 6.848598908271532650e-04
2.531160163857842235e+03 1.035976925133414639e+01 6.846560121735297206e-04
2.531167108813287541e+03 1.036088414223151055e+01 6.853497097343340481e-04
2.531174053768966132e+03 1.035861035596109048e+01 6.842465897262769341e-04
2.531180998724411438e+03 1.035896758578324928e+01 6.842417131765161442e-04
2.531187943679623913e+03 1.035967585686219294e+01 6.842883965468112483e-04
2.531194888635070129e+03 1.035840705511888338e+01 6.838848613182680648e-04
2.531201833590050228e+03 1.035814357338700198e+01 6.836889896058984247e-04
2.531208778545263158e+03 1.036245782255731918e+01 6.859397821303115728e-04
2.531215723500241893e+03 1.036278926668855860e+01 6.858984138046798646e-04
2.531222668454988707e+03 1.036465323498541657e+01 6.869607882386834403e-04
2.531229613409969716e+03 1.036361879083519888e+01 6.861576434069218810e-04
2.531236558364716984e+03 1.036471981784748664e+01 6.867816533366676674e-04
2.531243503319230967e+03 1.036596355824743476e+01 6.870384334178186204e-04
2.531250448273744951e+03 1.036527586656018585e+01 6.865714033312151840e-04
2.531257393228259389e+03 1.036758996678252664e+01 6.872644165363118833e-04
2.531264338182541451e+03 1.037035334462078495e+01 6.888286931726122445e-04
2.531271283136823058e+03 1.037122260038567845e+01 6.887646071195546293e-04
2.531278228090870471e+03 1.037369468846488552e+01 6.902049382795644302e-04
2.531285173044919247e+03 1.037393575858607342e+01 6.900116691252505732e-04
2.531292117998968479e+03 1.037404378010779560e+01 6.896468392603681552e-04
2.531299062952783970e+03 1.037810400675537181e+01 6.918772211249781673e-04
2.531306007906599461e+03 1.037974614357162118e+01 6.928537816338538888e-04
2.531312952860182577e+03 1.038116256140117244e+01 6.930807568341399534e-04
2.531319897813766147e+03 1.038042895471293470e+01 6.926193870411778654e-04
2.531326842767349262e+03 1.038300089110026470e+01 6.936952436061496075e-04
2.531333787720699092e+03 1.038321827027028377e+01 6.935428876386016267e-04
2.531340732674049832e+03 1.038704046099350542e+01 6.958151160210191994e-04
2.531347677627401026e+03 1.038567262553526405e+01 6.948549745775843903e-04
2.531354622580518026e+03 1.038816662508100030e+01 6.959914032598639487e-04
2.531361567533635025e+03 1.038798098003135806e+01 6.956534729282467643e-04
2.531368512486519649e+03 1.039032195095423994e+01 6.966522382719102019e-04
2.531375457439405182e+03 1.039021626173096102e+01 6.966297321166850260e-04
2.531382402392056065e+03 1.039156409715809204e+01 6.971760322275143661e-04
2.531389347344707403e+03 1.039257304917080127e+01 6.973796461917530255e-04
2.531396292297359651e+03 1.039258700656858281e+01 6.977051298695635239e-04
2.531403237249778613e+03 1.039462834719999762e+01 6.986362465543972163e-04
2.531410182202197120e+03 1.039655596809086724e+01 6.994855597273718891e-04
2.531417127154614718e+03 1.039441754894074954e+01 6.979743283020667073e-04
2.531424072106800850e+03 1.039548701654254081e+01 6.988112640839992716e-04
2.531431017058987436e+03 1.039467857640082826e+01 6.982118236423598412e-04
2.531437962010941192e+03 1.039524801654513908e+01 6.986769874670506909e-04
2.531444906962894038e+03 1.039510447586000730e+01 6.983902325810806017e-04
2.531451851914614053e+03 1.039714634492119139e+01 6.992743310300285299e-04
2.531458796866567354e+03 1.039723715482327471e+01 6.993726233941469301e-04
2.531465741818054994e+03 1.039760788959159221e+01 6.994683781703017874e-04
2.531472686769775009e+03 1.039650889727716887e+01 6.989430051901651848e-04
2.531479631721262194e+03 1.039799298626293655e+01 6.994104967025084694e-04
2.531486576672517458e+03 1.039832682173099343e+01 6.997890320934457712e-04
2.531493521623771812e+03 1.039690515301985663e+01 6.991926558406229763e-04
2.531500466575027076e+03 1.039847718673956400e+01 7.000192116639964096e-04
2.531507411526048145e+03 1.039467097484830660e+01 6.978479769178002647e-04
2.531514356477069668e+03 1.039726752740149784e+01 6.994625506489606523e-04
2.531521301428092556e+03 1.039492885997301208e+01 6.982361066648566086e-04
2.531528246378881704e+03 1.039494148260135375e+01 6.986944014668930707e-04
2.531535191329670852e+03 1.039371886072127182e+01 6.980988091824359785e-04
2.531542136280227169e+03 1.039564756350965347e+01 6.989714354885556442e-04
2.531549081230783941e+03 1.039248459690097270e+01 6.971846068345164456e-04
2.531556026181339803e+03 1.039168811654759139e+01 6.969704300119538773e-04
2.531562971131663289e+03 1.039016907408817048e+01 6.961923562940915524e-04
2.531569916081986776e+03 1.039087276796428405e+01 6.967420499980867031e-04
2.531576861032077431e+03 1.039083003026951424e+01 6.968948594222403904e-04
2.531583805982168087e+03 1.038863233841112077e+01 6.953014097871453546e-04
2.531590750932257833e+03 1.039179600007529380e+01 6.975152316757574685e-04
2.531597695882115659e+03 1.039015580667615346e+01 6.968155204330792702e-04
2.531604640831973938e+03 1.038976113559815850e+01 6.966512156275524430e-04
2.531611585781598478e+03 1.038915634972368807e+01 6.960552047717532675e-04
2.531618530731223018e+03 1.038677026411209248e+01 6.947777134267145611e-04
2.531625475680848467e+03 1.038952792312556461e+01 6.962144542978339562e-04
2.531632420630240631e+03 1.038769589043843133e+01 6.953497013169239677e-04
2.531639365579631885e+03 1.038780820610837985e+01 6.955991722475618954e-04
2.531646310528791219e+03 1.039100270741147725e+01 6.972062499830790697e-04
2.531653255477950097e+03 1.038957134153318229e+01 6.962205571263191438e-04
2.531660200426876600e+03 1.038934079860112902e+01 6.958795270542728886e-04
2.531667145376035933e+03 1.038889041026518889e+01 6.957401626539959881e-04
2.531674090324729150e+03 1.039177621678208396e+01 6.969062554705305387e-04
2.531681035273654743e+03 1.039425229165215825e+01 6.983812048225338052e-04
2.531687980222350234e+03 1.039191068862298728e+01 6.970046155186494872e-04
2.531694925170811530e+03 1.039326372130908638e+01 6.977989005451888920e-04
2.531701870119504747e+03 1.039456436456463173e+01 6.982881620430276843e-04
2.531708815067731848e+03 1.039638624527147037e+01 6.991081497964333298e-04
2.531715760016193599e+03 1.039640223361552351e+01 6.990323203306071306e-04
2.531722704964422064e+03 1.039804705892263748e+01 6.995472650609924851e-04
2.531729649912415880e+03 1.039944606498475288e+01 7.002135094022291515e-04
2.531736594860643891e+03 1.040323299063669715e+01 7.021601124404579447e-04
2.531743539808406240e+03 1.040227287922972543e+01 7.012919627355950663e-04
2.531750484749648876e+03 1.040395168157580841e+01 7.022612814894949387e-04
2.531757429697410771e+03 1.040312001322846314e+01 7.012107155667594545e-04
2.531764374644940290e+03 1.040586327841390357e+01 7.026443348306351047e-04
2.531771319592469808e+03 1.040598467462114662e+01 7.023617937953960388e-04
2.531778264540000237e+03 1.041112385849130817e+01 7.048554722493095359e-04
2.531812989276017106e+03 1.042013042859151817e+01 7.086146594743172661e-04
2.531819934223080054e+03 1.042159260960004552e+01 7.088923756620817661e-04
2.531826879169678250e+03 1.042317990248871240e+01 7.096158271176890384e-04
2.531833824116743017e+03 1.042639087638277395e+01 7.110616587394787916e-04
2.531840769063341213e+03 1.042935208790992085e+01 7.122845886077447787e-04
2.531847714009939409e+03 1.043192896361900601e+01 7.131673362134313470e-04
2.531854658956071489e+03 1.043311915705782766e+01 7.137790784547546263e-04
2.531861603902669231e+03 1.043438896815848871e+01 7.138623767624822187e-04
2.531868548848801765e+03 1.043846575910511909e+01 7.162601832368655982e-04
2.531875493794934300e+03 1.043629126128932860e+01 7.146461254757192124e-04
2.531882438741066380e+03 1.043870969930279458e+01 7.158307512666554212e-04
2.531889383687199370e+03 1.044089715654654960e+01 7.166000419375469308e-04
2.531896328632866243e+03 1.044538228606324104e+01 7.191521960918250984e-04
2.531903273578997869e+03 1.044593481322740480e+01 7.192219691570089085e-04
2.531910218524664742e+03 1.044603794814202047e+01 7.189287905804978484e-04
2.531917163470331616e+03 1.044795747878478309e+01 7.195218158985944388e-04
2.531924108415532828e+03 1.044857219218638456e+01 7.198024550581917213e-04
2.531931053361199702e+03 1.044961510312363195e+01 7.205546973318049161e-04
2.531937998306400459e+03 1.045182309873088755e+01 7.212810216029010490e-04
2.531944943251602126e+03 1.045200346909308209e+01 7.216417201261987689e-04
2.531951888196802884e+03 1.045409675046092168e+01 7.226977808733281395e-04
2.531958833142004096e+03 1.045426467320992892e+01 7.220407626829639493e-04
2.531965778086739192e+03 1.045767224940191653e+01 7.242361572667243381e-04
2.531972723031474743e+03 1.045529958810381466e+01 7.223994207423442646e-04
2.531979667976210294e+03 1.045818339445664158e+01 7.242232489298892559e-04
2.531986612920946754e+03 1.045764326494412622e+01 7.233934087396608420e-04
2.531993557865682305e+03 1.045896949723160674e+01 7.244441198788606137e-04
2.532000502809952195e+03 1.045936159347778904e+01 7.243862873459066577e-04
2.532007447754687746e+03 1.046049575614420490e+01 7.250376613634274469e-04
2.532014392698956726e+03 1.045861713542280391e+01 7.237578946662345455e-04
2.532021337643227071e+03 1.045946771593425950e+01 7.242997391805010678e-04
2.532028282587031754e+03 1.046116181826323022e+01 7.253767263583235474e-04
2.532035227531300734e+03 1.046178615989244065e+01 7.256678120726037587e-04
2.532042172475104962e+03 1.046163800826269785e+01 7.255168283962252574e-04
2.532049117418909191e+03 1.046261441495337863e+01 7.262110178323212756e-04
2.532056062362712510e+03 1.046190577022909274e+01 7.261218152603815925e-04
2.532063007306516738e+03 1.045978255590398298e+01 7.248408362686147195e-04
2.532069952249856215e+03 1.045903050276839252e+01 7.242935397764156073e-04
2.532076897193193872e+03 1.045826835691889301e+01 7.241656849972814749e-04
2.532083842136531985e+03 1.045842634920492920e+01 7.241391612647639668e-04
2.532090787079870552e+03 1.045655684272039032e+01 7.230471326363723623e-04
2.532097732023209119e+03 1.045693069115243112e+01 7.232274427813584596e-04
2.532104676966082025e+03 1.045833735546595555e+01 7.241498524191386336e-04
2.532111621909420137e+03 1.045534638444189746e+01 7.224525353670152063e-04
2.532118566852293498e+03 1.045636342068420177e+01 7.232186565969947380e-04
2.532125511795166858e+03 1.045681421884025752e+01 7.235976627810989693e-04
2.532132456737574103e+03 1.045592332962038107e+01 7.230745998232897612e-04
2.532139401680447008e+03 1.045325951990316504e+01 7.213927986462711399e-04
2.532146346622854253e+03 1.045535705412980398e+01 7.230175896908645587e-04
2.532153291565261497e+03 1.045509938739509970e+01 7.225799137575280792e-04
2.532160236507667832e+03 1.045387265477929439e+01 7.218433391386502211e-04
2.532167181449609416e+03 1.045518829843869923e+01 7.228133968019801554e-04
2.532174126392016660e+03 1.045550758567573268e+01 7.227935047496395491e-04
2.532181071333959153e+03 1.045552398666893268e+01 7.229008385783559053e-04
2.532188016275899827e+03 1.045618433743389986e+01 7.230452737899083476e-04
2.532194961217840955e+03 1.045849366422448234e+01 7.242508510848355953e-04
2.532201906159317332e+03 1.046040157257390923e+01 7.256889188429230210e-04
2.532208851101258460e+03 1.046046712470868023e+01 7.250355584475605061e-04
2.532215796042733928e+03 1.046028257219028568e+01 7.246943864036514910e-04
2.532222740984209395e+03 1.046076751389428061e+01 7.247160477901061059e-04
2.532229685925685772e+03 1.046210019259244284e+01 7.254232880628037504e-04
2.532236630866696032e+03 1.046599521269414268e+01 7.276940896025842253e-04
2.532243575808172409e+03 1.046561755660485460e+01 7.271661123856309767e-04
2.532250520749183124e+03 1.046632197988034996e+01 7.272078576778776178e-04
2.532257465690192475e+03 1.046875793211814809e+01 7.284470446638157369e-04
2.532264410631202736e+03 1.047057410371167130e+01 7.294279413269941573e-04
2.532271355571748245e+03 1.047343301027519580e+01 7.311318085638163688e-04
2.532278300512758051e+03 1.047241418188140649e+01 7.300107910227008039e-04
2.532285245453302196e+03 1.047567106112401802e+01 7.320300042834043024e-04
2.532292190393846795e+03 1.047507582682354332e+01 7.311673075171119416e-04
2.532299135334391394e+03 1.047730874128908951e+01 7.321880413722806459e-04
2.532306080274469878e+03 1.047987180727802503e+01 7.332587567947679991e-04
2.532313025215014022e+03 1.048029112801987317e+01 7.333168605254180910e-04
2.532319970155093415e+03 1.048363972442340497e+01 7.344892849206976658e-04
2.532326915095171898e+03 1.048564859010952510e+01 7.355442592501344658e-04
2.532333860035250382e+03 1.048704465209298142e+01 7.361352829346758629e-04
2.532340804974863204e+03 1.048899580683245070e+01 7.365745895142744581e-04
2.532347749914476481e+03 1.049299542674084584e+01 7.389218252474807251e-04
2.532354694854555873e+03 1.049421097916821388e+01 7.391764739309461627e-04
2.532361639793703489e+03 1.049517897669886146e+01 7.393555588115510941e-04
2.532368584733317221e+03 1.049490793632404539e+01 7.389454725562257789e-04
2.532375529672930497e+03 1.049885017882571780e+01 7.413303542219268610e-04
2.532382474612079022e+03 1.050188014285106597e+01 7.426982733928392611e-04
2.532389419551225728e+03 1.050295287629204033e+01 7.432601208186308522e-04
2.532396364490372889e+03 1.050313205862150667e+01 7.430608886300652883e-04
2.532403309429520505e+03 1.050376369474805571e+01 7.430617365673391778e-04
2.532410254368202914e+03 1.050454465013002014e+01 7.433762640272105959e-04
2.532417199307350074e+03 1.050577378117507976e+01 7.438865305264792194e-04
2.532424144246032029e+03 1.050514180982680479e+01 7.431426255135873456e-04
2.532431089184713528e+03 1.050711563924828695e+01 7.441110251452533837e-04
2.532438034122929821e+03 1.050997022241518586e+01 7.459274001621689874e-04
2.532444979061611321e+03 1.051376966034809257e+01 7.479341716794060549e-04
2.532451923999827159e+03 1.051130267938067142e+01 7.461614131718299339e-04
2.532458868938043452e+03 1.051634458662778115e+01 7.490299344230389594e-04
2.532465813876259745e+03 1.051451697847543976e+01 7.478643396245808397e-04
2.532472758814476038e+03 1.051817729231942700e+01 7.501597481496442583e-04
2.532479703752226669e+03 1.051520961283890365e+01 7.480140795857508291e-04
2.532486648689978210e+03 1.051795675231569760e+01 7.497795348433576503e-04
2.532493593628194503e+03 1.051578422233741428e+01 7.484159851952639072e-04
2.532500538565479474e+03 1.051707825911137562e+01 7.485640848852282521e-04
2.532507483503230105e+03 1.051603952699255551e+01 7.480769062553316003e-04
2.532514428440514166e+03 1.051579979140717569e+01 7.477642230862554607e-04
2.532521373378264798e+03 1.051940171764549881e+01 7.503620494305999903e-04
2.532528318315549768e+03 1.051780120863898382e+01 7.492271187513514048e-04
2.532535263252834739e+03 1.051733836594068805e+01 7.487901623616807865e-04
2.532542208189654048e+03 1.051966957653458756e+01 7.501699332762509515e-04
2.532549153126938563e+03 1.052249509259889315e+01 7.520458111745769586e-04
2.532556098063757872e+03 1.051994358960778442e+01 7.504293362794259032e-04
2.532563043000576727e+03 1.051765119969244644e+01 7.489791623417679442e-04
2.532569987937396036e+03 1.052007837557550651e+01 7.504789793711556323e-04
2.532576932873749683e+03 1.051931161704504092e+01 7.499392663674066782e-04
2.532583877810568993e+03 1.051925599759143637e+01 7.500171302215012919e-04
2.532590822746922640e+03 1.052006536656876712e+01 7.502640788737974112e-04
2.532597767683277198e+03 1.052069972785681884e+01 7.506014755750500898e-04
2.532604712619165184e+03 1.052164527282731932e+01 7.514358825590329669e-04
2.532611657555518832e+03 1.052134449708131925e+01 7.512346270221712018e-04
2.532618602491405909e+03 1.051833307787737937e+01 7.495285142847801915e-04
2.532625547427760011e+03 1.052057497467649938e+01 7.504593527357794744e-04
2.532632492363182791e+03 1.051877154863392860e+01 7.493536529983276309e-04
2.532639437299069868e+03 1.052020740649718711e+01 7.503396865283781325e-04
2.532646382234957855e+03 1.052186084910570152e+01 7.509124929581275070e-04
2.532653327170380180e+03 1.052372024142181495e+01 7.516820571190152914e-04
2.532660272105802505e+03 1.052458467694975575e+01 7.527698757003497198e-04
2.532667217041224831e+03 1.052205514439950385e+01 7.506272216469406233e-04
2.532674161976646246e+03 1.052376281162475458e+01 7.513271706212079019e-04
2.532681106911602456e+03 1.052390636750762809e+01 7.515573943640579306e-04
2.532688051847023871e+03 1.052613781618804545e+01 7.527692912735241011e-04
2.532694996781981899e+03 1.052552878222806676e+01 7.522648264151884446e-04
2.532701941716939473e+03 1.052787830072846020e+01 7.534359548830153221e-04
2.532708886651430021e+03 1.052859904072381703e+01 7.540811701585689629e-04
2.532715831586386230e+03 1.053028250849413716e+01 7.545647027976718326e-04
2.532722776520877233e+03 1.052719241134497175e+01 7.527779376730896112e-04
2.532729721455369145e+03 1.053206961751107862e+01 7.555596127401983638e-04
2.532736666389859238e+03 1.053422785147212259e+01 7.571447324632798754e-04
2.532743611324350240e+03 1.052972909691164105e+01 7.536016680819311499e-04
2.532750556258375582e+03 1.053538544682805700e+01 7.573469543903826916e-04
2.532757501192400923e+03 1.053478718353177257e+01 7.566720982723590090e-04
2.532764446126426265e+03 1.053490851500551528e+01 7.562780674486566709e-04
2.532771391060450696e+03 1.053691871021568716e+01 7.572826001954533056e-04
2.532778335994476492e+03 1.053862179836308499e+01 7.579772071484483075e-04
2.532785280928035718e+03 1.054120759639912031e+01 7.597678371206927029e-04
2.532792225861595398e+03 1.054208242966765496e+01 7.597617335656623892e-04
2.532799170795155078e+03 1.054477401459486252e+01 7.608644188132514252e-04
2.532806115728715668e+03 1.054596208679561364e+01 7.611693546273016076e-04
2.532813060662274893e+03 1.054828748740712818e+01 7.623410211482088738e-04
2.532820005595368912e+03 1.055279697855136334e+01 7.648333808444166861e-04
2.532826950528462476e+03 1.055386835423727376e+01 7.651505217339324557e-04
2.532833895461556494e+03 1.055760828522823580e+01 7.667978092723528498e-04
2.532840840394650968e+03 1.055781798856641984e+01 7.660831201807948715e-04
2.532847785327278871e+03 1.056189781526133942e+01 7.686591838913500513e-04
2.532854730260372435e+03 1.056474591381781458e+01 7.699489033273236496e-04
2.532861675193001247e+03 1.056637635636928074e+01 7.705623949968956783e-04
2.532868620125630059e+03 1.056758741162093962e+01 7.707106183951477774e-04
2.532875565057792301e+03 1.057130720384812506e+01 7.727187699747411218e-04
2.532882509990419749e+03 1.057352394397793560e+01 7.737076083581984499e-04
2.532889454922581990e+03 1.057556775559122109e+01 7.745925062068319310e-04
2.532896399854745141e+03 1.057901739863430102e+01 7.766187594035703790e-04
2.532903344786908747e+03 1.057880935847252424e+01 7.761794256005299670e-04
2.532910289719071443e+03 1.058139998327569842e+01 7.775111855970069912e-04
2.532917234650768023e+03 1.058508343890249748e+01 7.795725410180531344e-04
2.532924179582464603e+03 1.058414227534009378e+01 7.784897623587798843e-04
2.532931124514162093e+03 1.058358524633149145e+01 7.780921208658485560e-04
2.532938069445859128e+03 1.058884002325810769e+01 7.812629470205756897e-04
2.532945014377554799e+03 1.059122995246810817e+01 7.828578786393372612e-04
2.532951959308787082e+03 1.059120291662661195e+01 7.822857590574995492e-04
2.532958904240018455e+03 1.059062009734861753e+01 7.815733462646723504e-04
2.532965849171249374e+03 1.058959989690426795e+01 7.807633162479387171e-04
2.532972794102480293e+03 1.059083181044753275e+01 7.812937532417056239e-04
2.532979739033711667e+03 1.059004966924585034e+01 7.804078197545852823e-04
2.532986683964478289e+03 1.059012109672026192e+01 7.805601768428436669e-04
2.532993628895243546e+03 1.058991290248064310e+01 7.799228656713225530e-04
2.533000573826009713e+03 1.059500537866110115e+01 7.832641799597985692e-04
2.533007518756775426e+03 1.059603844438375475e+01 7.837354999743421230e-04
2.533014463687075931e+03 1.059767444610801945e+01 7.848625298657703952e-04
2.533021408617841189e+03 1.060003140430876201e+01 7.862875213352248701e-04
2.533028353548140331e+03 1.059706825807864838e+01 7.843363125332561718e-04
2.533035298478440382e+03 1.059918401122988918e+01 7.852697695626101489e-04
2.533042243408274771e+03 1.059850026717634996e+01 7.849805259017095596e-04
2.533049188338574822e+03 1.059871535927295305e+01 7.852702115203983322e-04
2.533056133268409212e+03 1.059981358496051485e+01 7.857048360944344882e-04
2.533063078198243602e+03 1.059700659276470880e+01 7.838278155657161595e-04
2.533070023128077992e+03 1.059829384526911689e+01 7.848303912115761876e-04
2.533076968057445811e+03 1.059588727457858326e+01 7.831939236431287310e-04
2.533083912987281110e+03 1.059831650823558036e+01 7.850549288005155384e-04
2.533090857916649838e+03 1.059519494475314794e+01 7.827878297698974983e-04
2.533097802846018567e+03 1.059694121602778338e+01 7.841008253891908371e-04
2.533104747775388205e+03 1.059808470223492805e+01 7.849942099261433218e-04
2.533111692704289908e+03 1.059543232267184898e+01 7.835588026552296704e-04
2.533118637633659091e+03 1.059625776968617394e+01 7.839488484199200625e-04
2.533125582562562158e+03 1.059919548546693413e+01 7.859159614940868085e-04
2.533132527491465225e+03 1.059818383013523935e+01 7.849722361484513713e-04
2.533139472420368293e+03 1.059793199651412365e+01 7.850142196982496127e-04
2.533146417348804334e+03 1.059801163702857529e+01 7.845072795099236043e-04
2.533153362277242195e+03 1.060067038365168024e+01 7.865609934225211699e-04
2.533160307205680056e+03 1.060094637131105877e+01 7.864781615384511954e-04
2.533167252134117007e+03 1.059970222849819521e+01 7.851758381755399776e-04
2.533174197062554413e+03 1.060037855080089386e+01 7.858096758126117617e-04
2.533181141990992728e+03 1.060130065338070260e+01 7.860053528548725929e-04
2.533188086918964473e+03 1.060261524582657522e+01 7.868451539393455296e-04
2.533195031846936217e+03 1.060230371515183911e+01 7.865412336966815573e-04
2.533201976774907052e+03 1.060532051316224589e+01 7.885797417188323763e-04
2.533208921702413591e+03 1.060341046186328917e+01 7.872284631125960747e-04
2.533215866630384880e+03 1.060469725229131477e+01 7.878845888415253245e-04
2.533222811557890964e+03 1.060447013631234014e+01 7.877175551368069189e-04
2.533229756485397047e+03 1.060397171294576424e+01 7.870327619166406826e-04
2.533236701412903130e+03 1.060748266320736910e+01 7.893543108354428121e-04
2.533243646339944007e+03 1.060621970048086027e+01 7.888917548181321581e-04
2.533250591266983520e+03 1.060951926178042370e+01 7.906844755241102625e-04
2.533257536194489148e+03 1.061039596347977287e+01 7.909172011096358111e-04
2.533264481121064819e+03 1.061179178308235826e+01 7.914284771003821497e-04
2.533271426048106150e+03 1.061108434460997429e+01 7.907512041805517169e-04
2.533278370975146117e+03 1.061032815599341994e+01 7.904923652160406305e-04
2.533285315901719969e+03 1.061096283938721996e+01 7.902941656313308954e-04
2.533292260828295184e+03 1.061273767085408615e+01 7.914812098215221565e-04
2.533299205754869945e+03 1.061345357844288095e+01 7.917670612562704253e-04
2.533306150680979044e+03 1.061461277335698483e+01 7.921935100855791992e-04
2.533313095607552896e+03 1.061757859904780688e+01 7.938069862895349429e-04
2.533320040533661995e+03 1.061889221472426570e+01 7.945066448299647598e-04
2.533326985459771095e+03 1.062071839721643940e+01 7.954707697559340682e-04
2.533333930385880194e+03 1.062017285041050307e+01 7.952546374634032571e-04
2.533340875311522723e+03 1.062208516961335469e+01 7.960786166969205033e-04
2.533347820237632732e+03 1.062407601644851241e+01 7.971476980110949991e-04
2.533354765163277079e+03 1.062336698702402948e+01 7.961389224904434625e-04
2.533361710088920518e+03 1.062618032875757912e+01 7.975758196716654144e-04
2.533368655014563501e+03 1.062619360200295660e+01 7.975023740388664578e-04
2.533375599939740823e+03 1.063103949975818097e+01 8.004251100252664664e-04
2.533382544864918600e+03 1.063254782714737168e+01 8.010664951448705435e-04
2.533389489790096377e+03 1.063404654109895908e+01 8.017720348550903516e-04
2.533396434715274154e+03 1.063236950759079313e+01 8.005073114943165582e-04
2.533403379640451021e+03 1.063338076291982048e+01 8.010122330613575741e-04
2.533410324565163592e+03 1.063655557020898179e+01 8.027712274561343061e-04
2.533417269490341369e+03 1.063965901799424252e+01 8.047223718408251774e-04
2.533424214415053029e+03 1.063834471398237014e+01 8.033667360898718007e-04
2.533431159339299484e+03 1.063927064396115085e+01 8.041455359168131305e-04
2.533438104264012509e+03 1.063917574262414156e+01 8.034260832995530075e-04
2.533445049188259418e+03 1.064314641550135576e+01 8.056367933359286169e-04
2.533451994112505417e+03 1.064515148584033888e+01 8.071861377282266029e-04
2.533458939036751417e+03 1.064634829036801200e+01 8.075385428738987266e-04
2.533465883960998326e+03 1.064864386452746814e+01 8.086780545034554174e-04
2.533472828885244780e+03 1.065007061626443452e+01 8.093310472063594205e-04
2.533479773809025119e+03 1.065094040540344089e+01 8.097946011006966352e-04
2.533486718732805457e+03 1.065245396342502460e+01 8.104339911581247020e-04
2.533493663656586250e+03 1.065119996141805281e+01 8.097200545433718734e-04
2.533500608579902291e+03 1.065274783105582301e+01 8.105175003414325299e-04
2.533507553503682175e+03 1.065372900768273823e+01 8.105740016583224544e-04
2.533514498426997307e+03 1.065330043596435416e+01 8.102783980459674941e-04
2.533521443350312438e+03 1.065872340954608966e+01 8.140580676510494667e-04
2.533528388273627570e+03 1.065429309226245103e+01 8.109958504168564113e-04
2.533535333196477495e+03 1.065370233740855532e+01 8.105296682789413449e-04
2.533542278119792172e+03 1.065671001699756992e+01 8.128251744453505101e-04
2.533549223042640733e+03 1.065406173653688349e+01 8.109640685719266299e-04
2.533556167965491113e+03 1.065241212567699947e+01 8.103530659619985433e-04
2.533563112887874922e+03 1.065301392406151493e+01 8.107219246580850500e-04
2.533570057810723938e+03 1.065318039535725880e+01 8.110417038912389994e-04
2.533577002733107292e+03 1.065176227985290147e+01 8.106040459642258403e-04
2.533583947655491556e+03 1.064924652472677913e+01 8.087241200378618433e-04
2.533590892577874911e+03 1.064903273034373221e+01 8.092273724993136576e-04
2.533597837500259629e+03 1.064566773595604410e+01 8.067036458803178477e-04
2.533604782422177777e+03 1.064508687925553510e+01 8.067909901117921879e-04
2.533611727344096835e+03 1.064261991925249085e+01 8.054100667485179560e-04
2.533618672266014528e+03 1.064340170601889035e+01 8.061193494178658416e-04
2.533625617187932221e+03 1.064221320778118951e+01 8.056455145675212037e-04
2.533632562109383798e+03 1.063808894319240927e+01 8.030122946839448640e-04
2.533639507031302401e+03 1.063964047043401528e+01 8.042028149046367806e-04
2.533646451952754887e+03 1.063849203646311103e+01 8.036064932684432388e-04
2.533653396874206919e+03 1.063644390398494544e+01 8.024797249378903558e-04
2.533660341795192835e+03 1.063656893068172060e+01 8.025926451562152104e-04
2.533667286716646231e+03 1.063684063300111937e+01 8.029610776277628726e-04
2.533674231637633511e+03 1.063590848997045057e+01 8.024226835499693490e-04
2.533681176558620791e+03 1.063562642803040781e+01 8.024349829011135629e-04
2.533688121479606707e+03 1.063512808373337748e+01 8.020310557616123744e-04
2.533695066400128781e+03 1.063569535180135084e+01 8.023005486986585976e-04
2.533702011321116061e+03 1.063584600743617692e+01 8.026637471175426461e-04
2.533708956241635860e+03 1.063599805480557237e+01 8.026117121282969275e-04
2.533715901162157024e+03 1.063616269292896810e+01 8.024230031324946144e-04
2.533722846082212072e+03 1.063708570830745970e+01 8.031000710620389083e-04
2.533729791002733691e+03 1.063741060783339165e+01 8.031368774831461246e-04
2.533736735922789194e+03 1.063569476734017449e+01 8.019665590315170267e-04
2.533743680842843787e+03 1.063978496793725093e+01 8.046193660640969109e-04
2.533750625762899290e+03 1.063674425236694177e+01 8.024456950441643047e-04
2.533757570682955702e+03 1.063940936710871732e+01 8.041581785945057419e-04
2.533764515602545998e+03 1.064128336907501371e+01 8.056023610010343934e-04
2.533771460522135385e+03 1.064101589461098918e+01 8.053119336154471739e-04
2.533778405441725226e+03 1.063817227664224063e+01 8.028900108320633335e-04
2.533785350361314158e+03 1.064354515443177362e+01 8.065803485727390245e-04
2.533792295280439248e+03 1.064628959414183562e+01 8.080922407862786662e-04
2.533799240199562973e+03 1.064366208164403638e+01 8.063309027779034990e-04
2.533806185119151905e+03 1.064606220111805968e+01 8.074818043808828410e-04
2.533813130037811788e+03 1.064525487131495218e+01 8.072938562447651376e-04
2.533820074956935514e+03 1.064767774660905530e+01 8.084462378099490244e-04
2.533827019875594488e+03 1.064728002606886115e+01 8.079648576596406727e-04
2.533833964794719122e+03 1.064854843533863082e+01 8.087442305368894042e-04
2.533840909712911525e+03 1.065032487441452780e+01 8.091985635371104360e-04
2.533847854631570499e+03 1.065061886123826085e+01 8.091851075603346882e-04
2.533854799550229018e+03 1.065128789391201813e+01 8.091892401115659186e-04
2.533861744468420511e+03 1.065475840490523929e+01 8.112707600988927929e-04
2.533868689386613369e+03 1.065487523605423625e+01 8.111444330778288863e-04
2.533875634304807136e+03 1.066051128406216897e+01 8.153570952511953384e-04
2.533882579222999084e+03 1.065839391016530158e+01 8.125852134085781355e-04
2.533889524140726280e+03 1.066243010094202681e+01 8.155506675054126613e-04
2.533896469058453476e+03 1.066372293545659389e+01 8.157425148548425129e-04
2.533903413976181582e+03 1.066289197943375200e+01 8.149599631901585737e-04
2.533910358893908779e+03 1.066380008719853123e+01 8.150485957420563468e-04
2.533917303811169859e+03 1.066664012657568072e+01 8.168313759886019739e-04
2.533924248728897055e+03 1.066871564512556780e+01 8.180999945810262354e-04
2.533931193646158590e+03 1.066798310401549621e+01 8.170424427604414033e-04
2.533938138563420125e+03 1.067168844241222381e+01 8.199149398673261481e-04
2.533945083480215999e+03 1.067104641594859160e+01 8.193516270266297920e-04
2.533952028397477079e+03 1.067196364330308356e+01 8.195227513703344860e-04
2.533958973314272498e+03 1.067306625079462812e+01 8.204649381890905674e-04
2.533965918231068827e+03 1.067087406768840729e+01 8.188896954818142282e-04
2.533972863147863791e+03 1.067296101893466620e+01 8.206776729777335612e-04
2.533979808064194458e+03 1.066921549526280621e+01 8.183879138934027500e-04
2.533986752980525580e+03 1.066731211799971568e+01 8.167549311544434207e-04
2.533993697896856247e+03 1.066730411257008093e+01 8.170648446717521888e-04
2.534000642813186005e+03 1.067049612667073966e+01 8.196168442207548343e-04
2.534007587729514853e+03 1.066507357925972244e+01 8.162642211362562553e-04
2.534014532645380314e+03 1.066565942982823678e+01 8.171453879779993611e-04
2.534021477561710526e+03 1.066254271967705591e+01 8.152649950356083853e-04
2.534028422477575077e+03 1.065940235153621529e+01 8.135924075665547503e-04
2.534035367392973058e+03 1.065650746217572120e+01 8.121211857938176806e-04
2.534042312308837609e+03 1.065261500660524518e+01 8.098779682078474174e-04
2.534049257224237408e+03 1.065187037523371139e+01 8.100375080966169686e-04
2.534056202139637207e+03 1.065027726367405236e+01 8.097435631491423655e-04
2.534063147055035188e+03 1.064705731348150586e+01 8.076005496620483051e-04
2.534070091970434532e+03 1.064495322525116272e+01 8.069677568722289675e-04
2.534077036885368216e+03 1.064106979208797910e+01 8.045037024190501490e-04
2.534083981800300990e+03 1.063774806048858501e+01 8.028546857891376981e-04
2.534090926715232854e+03 1.063677103241351318e+01 8.028616926252937986e-04
2.534097871630166537e+03 1.063617834768983172e+01 8.027937420973177288e-04
2.534104816544634559e+03 1.063323108506704706e+01 8.016139942544804609e-04
2.534111761459566878e+03 1.062932770205886790e+01 7.995286951228421871e-04
2.534118706374034446e+03 1.062591362733648559e+01 7.979063127981157787e-04
2.534125651288037261e+03 1.062314791201399977e+01 7.964440044191144815e-04
2.534132596202504828e+03 1.062020721651708044e+01 7.951705082281433721e-04
2.534139541116506734e+03 1.061939008146448060e+01 7.950922384712515991e-04
2.534146486030507731e+03 1.061749116814241134e+01 7.942796650338480348e-04
2.534153430944510092e+03 1.061595279746753562e+01 7.934542639173756615e-04
2.534160375858511543e+03 1.061180314268854374e+01 7.912215951546694090e-04
2.534167320772513904e+03 1.060950328699883727e+01 7.900700843727029733e-04
2.534174265686049694e+03 1.060661085749249999e+01 7.884760899478721529e-04
2.534181210599585484e+03 1.060462407757490411e+01 7.874756744069581673e-04
2.534188155513122183e+03 1.060466072062121690e+01 7.880797956924425049e-04
2.534195100426194131e+03 1.060181924112141161e+01 7.861211244417187338e-04
2.534202045339264259e+03 1.060119850924530738e+01 7.867383321626582066e-04
2.534208990252800049e+03 1.060211735475852635e+01 7.872306875240702101e-04
2.534215935165405426e+03 1.059650205756059194e+01 7.838923894603476612e-04
2.534222880078476010e+03 1.059555071103866553e+01 7.832706589320763023e-04
2.534229824991080022e+03 1.059641810068470313e+01 7.843740554164179909e-04
2.534236769904149696e+03 1.059566984586506067e+01 7.840009732468684878e-04
2.534243714816755528e+03 1.059594541438710458e+01 7.840321932265239104e-04
2.534250659728894789e+03 1.059300006112157355e+01 7.819081318602645646e-04
2.534257604641499711e+03 1.059241913990574879e+01 7.823208673728060435e-04
2.534264549553639426e+03 1.059225695186134608e+01 7.820064661183392593e-04
2.534271494465779142e+03 1.059563805112737533e+01 7.847574260491850485e-04
2.534278439377918403e+03 1.059182018339446962e+01 7.821221848568860957e-04
2.534285384290056754e+03 1.059035009672067140e+01 7.810549050209508607e-04
2.534292329201729899e+03 1.059044156731103037e+01 7.809952903010528762e-04
2.534299274113404408e+03 1.059161856204023344e+01 7.824084676601266147e-04
2.534306219025078008e+03 1.059129992186314517e+01 7.818590732247720403e-04
2.534313163936751153e+03 1.059172268648006643e+01 7.818322687022675674e-04
2.534320108847959091e+03 1.059159859924036517e+01 7.816882952782320962e-04
2.534327053759167939e+03 1.059211169564825816e+01 7.820640023065269977e-04
2.534333998670375877e+03 1.059221714049910901e+01 7.821256262664675555e-04
2.534340943581583360e+03 1.059579941064219533e+01 7.842914243861375629e-04
2.534347888492790844e+03 1.059513106655913717e+01 7.834444278317869272e-04
2.534354833403533121e+03 1.059752017759994125e+01 7.850239456296796313e-04
2.534361778314275398e+03 1.059649804758331726e+01 7.842331944140090456e-04
2.534368723225018130e+03 1.059773764852033295e+01 7.846661799655286432e-04
2.534375668135759497e+03 1.059737375533059556e+01 7.843070804282065590e-04
2.534382613046036113e+03 1.060112518818376515e+01 7.865419488134587668e-04
2.534389557956313183e+03 1.060150566604729860e+01 7.871496310168977053e-04
2.534396502866590708e+03 1.060329209932390526e+01 7.876530781315324147e-04
2.534403447776866869e+03 1.060524309088379091e+01 7.888956665911385849e-04
2.534410392686677369e+03 1.060144531863442552e+01 7.859228070684909102e-04
2.534417337596488323e+03 1.060351358917641562e+01 7.872468053950318258e-04
2.534424282506300187e+03 1.060353986384938985e+01 7.872457838122144625e-04
2.534431227416110232e+03 1.060564379618264752e+01 7.887964462775759033e-04
2.534438172325921187e+03 1.060579515409273021e+01 7.882976683468497382e-04
2.534445117235266480e+03 1.060354893072939042e+01 7.867476338908953619e-04
2.534452062144611773e+03 1.060561936141346528e+01 7.877805179201779594e-04
2.534459007053957066e+03 1.060957742036472773e+01 7.905076908366204117e-04
2.534465951963301904e+03 1.061039659709125971e+01 7.906764140390311725e-04
2.534472896872182446e+03 1.061248990967167849e+01 7.921343137992360554e-04
2.534479841781062078e+03 1.060956859664895013e+01 7.899842294280337313e-04
2.534486786689941255e+03 1.061116342843311422e+01 7.912954749207651685e-04
2.534493731598820432e+03 1.061051900049335295e+01 7.905874795181921195e-04
2.534500676507234402e+03 1.061067337134731758e+01 7.905989700578251863e-04
2.534507621415648828e+03 1.060993257703583303e+01 7.905072592881472399e-04
2.534514566324061889e+03 1.061054935936041410e+01 7.908749350071956957e-04
2.534521511232476769e+03 1.060657477367430346e+01 7.883738382883589578e-04
2.534528456140891649e+03 1.060794955670608175e+01 7.893056604658007765e-04
2.534535401048839958e+03 1.060692388051408841e+01 7.886763490591857263e-04
2.534542345956788267e+03 1.060937426191624411e+01 7.904852936352865008e-04
2.534549290864736122e+03 1.060408076214117834e+01 7.874183356589389187e-04
2.534556235772217860e+03 1.060485017885773118e+01 7.880393924106956615e-04
2.534563180680166624e+03 1.060354170902099114e+01 7.876217902934072807e-04
2.534570125587649272e+03 1.060283021820273852e+01 7.872204671396438496e-04
2.534577070495131466e+03 1.060146377645813054e+01 7.866356132371147810e-04
2.534584015402148452e+03 1.059671418225682871e+01 7.840145379610306267e-04
2.534590960309631555e+03 1.059673318564576761e+01 7.842228368671784206e-04
2.534597905216648996e+03 1.059668947935079508e+01 7.848897350818539878e-04
2.534604850123665528e+03 1.059392835564062807e+01 7.832397710485790700e-04
2.534611795030216399e+03 1.059091497787920133e+01 7.816702513902796211e-04
2.534618739937233840e+03 1.058878737438673134e+01 7.804722803433889562e-04
2.534625684843785166e+03 1.058534895151667854e+01 7.786784296055915397e-04
2.534632629750336037e+03 1.058487249772896632e+01 7.792602162088888354e-04
2.534639574656886907e+03 1.058270205370543593e+01 7.783681670421533152e-04
2.534646519562973481e+03 1.058069706709784263e+01 7.771676208699030645e-04
2.534653464469525716e+03 1.057812441071854614e+01 7.761795517641208262e-04
2.534660409375610925e+03 1.057478900775099895e+01 7.740843773246449148e-04
2.534667354281696134e+03 1.057279154776150953e+01 7.734509514407694481e-04
2.534674299187316592e+03 1.057228335440345646e+01 7.735861206964025688e-04
2.534681244093401801e+03 1.056870525504485236e+01 7.713385486224421739e-04
2.534688188999021804e+03 1.056786455187258689e+01 7.712666685444516217e-04
2.534695133904176146e+03 1.056490004537307392e+01 7.697463303623016144e-04
2.534702078809795239e+03 1.056167391200980532e+01 7.679299637640247351e-04
2.534709023715416151e+03 1.056221059456593636e+01 7.689352586781043235e-04
2.534715968620570948e+03 1.055923431748754382e+01 7.672559921578812414e-04
2.534722913525724834e+03 1.055786715927481900e+01 7.664957885061390299e-04
2.534729858430413515e+03 1.055618910185883585e+01 7.655142452809288308e-04
2.534736803335567856e+03 1.055810939503029822e+01 7.669367107992954707e-04
2.534743748240256991e+03 1.055761279811700604e+01 7.667426789195324081e-04
2.534750693144945217e+03 1.055789930161084200e+01 7.668290226446936421e-04
2.534757638049632988e+03 1.055721829627339936e+01 7.667319875998519297e-04
2.534764582953856461e+03 1.055577584896827226e+01 7.653944560986407049e-04
2.534771527858080844e+03 1.055604545095767399e+01 7.659936334864300570e-04
2.534778472762303409e+03 1.055682019256593485e+01 7.665062442634993159e-04
2.534785417666525973e+03 1.055628036451187590e+01 7.665547254549293305e-04
2.534792362570749447e+03 1.055381556925437181e+01 7.644226264456969186e-04
2.534799307474507259e+03 1.055632534891127605e+01 7.663682397682174520e-04
2.534806252378263707e+03 1.055245465974339147e+01 7.638318220855312398e-04
2.534813197282021065e+03 1.055319020363356763e+01 7.645689838692261908e-04
2.534820142185312761e+03 1.055643672206450567e+01 7.667005500832544881e-04
2.534827087089070119e+03 1.055501446684502653e+01 7.655131842683242328e-04
2.534834031992361815e+03 1.055349529133298958e+01 7.647219245020704919e-04
2.534840976895653512e+03 1.055272220746956613e+01 7.643390545490961986e-04
2.534847921798479547e+03 1.055472106072202543e+01 7.657929705786273994e-04
2.534854866701306037e+03 1.055394621752845907e+01 7.652498263122144715e-04
2.534861811604597278e+03 1.055197409634753392e+01 7.640736528682972803e-04
2.534868756496713104e+03 1.055208925211726623e+01 7.641942073687548126e-04
2.534875701399073478e+03 1.055306595884728438e+01 7.644992899089115201e-04
2.534882646301899513e+03 1.055244038361493253e+01 7.642476277913830230e-04
2.534889591204259432e+03 1.055238639239975384e+01 7.643134148639948002e-04
2.534896536106620260e+03 1.055415430721802217e+01 7.655975711588035434e-04
2.534903481008981544e+03 1.055408089581465347e+01 7.653055190200837255e-04
2.534910425910876256e+03 1.055400948144316153e+01 7.652932490438710354e-04
2.534917370812770514e+03 1.055617839652610535e+01 7.666430509458696052e-04
2.534924315714664772e+03 1.055633187991288935e+01 7.666723083722225404e-04
2.534931260616559484e+03 1.055521916204486210e+01 7.654106708735929033e-04
2.534938205517988990e+03 1.055543656726707447e+01 7.655226541559383277e-04
2.534945150419417587e+03 1.055721733052000744e+01 7.662325083462190062e-04
2.534952095320846638e+03 1.055877134552620689e+01 7.671496854296495178e-04
2.534959040222276599e+03 1.056060887803177728e+01 7.684361596585195320e-04
2.534965985123706105e+03 1.056023679375884150e+01 7.680791238357303694e-04
2.534972930024669040e+03 1.056162135801473312e+01 7.687168238926906337e-04
2.534979874925631520e+03 1.056073185660968328e+01 7.678214061331054647e-04
2.534986819826594456e+03 1.056302821865132024e+01 7.694390397003087042e-04
2.534993764727092639e+03 1.056297964327559846e+01 7.690956586101057105e-04
2.535000709627589913e+03 1.056134529624931950e+01 7.681481195178578147e-04
2.535007654528088096e+03 1.056151026267848536e+01 7.685067770148994344e-04
2.535014599428585825e+03 1.056201136043784139e+01 7.687007229717881043e-04
2.535021544329084463e+03 1.056037509148077547e+01 7.675736041158425470e-04
2.535028489229116531e+03 1.056012607051911978e+01 7.675885237999417179e-04
2.535035434129148143e+03 1.055649222801439002e+01 7.654017345973773657e-04
2.535042379029179756e+03 1.055921858961111859e+01 7.675801436387032738e-04
2.535049323928746162e+03 1.055663347723746348e+01 7.660147232860825854e-04
2.535056268828313023e+03 1.055280790722011197e+01 7.641421358829464860e-04
2.535063213727878519e+03 1.055259169626251747e+01 7.643936380130505245e-04
2.535070158627445380e+03 1.055202509336083061e+01 7.640865021352115328e-04
2.535077103527012696e+03 1.055055388577778963e+01 7.633742312616914778e-04
2.535084048426113441e+03 1.054725299940982097e+01 7.617846439015085519e-04
2.535090993325214185e+03 1.054775985840361052e+01 7.625104082124928772e-04
2.535097938224314021e+03 1.054693985907620402e+01 7.623166994695044227e-04
2.535104883122949559e+03 1.054338759310199336e+01 7.604650556953950098e-04
2.535111828022049849e+03 1.054323273472707889e+01 7.605727539399146720e-04
2.535118772920684933e+03 1.053872446217165226e+01 7.581638874630443076e-04
2.535125717819320471e+03 1.053744813467079844e+01 7.577834648728304888e-04
2.535132662717490348e+03 1.053345988471479266e+01 7.557380012964305671e-04
2.535139607615659770e+03 1.053216840013453748e+01 7.552287571582542124e-04
2.535146552513829192e+03 1.053110710384981807e+01 7.549254592155393330e-04
2.535153497411997705e+03 1.052928750140910275e+01 7.541342563339104238e-04
2.535160442310167582e+03 1.052769270676945723e+01 7.535767702466792057e-04
2.535167387207871798e+03 1.052619021318187364e+01 7.530439331204692461e-04
2.535174332105575104e+03 1.052453863975530801e+01 7.525324320636978459e-04
2.535181277003278410e+03 1.052202817021765036e+01 7.512278054842912818e-04
2.535188221900516510e+03 1.051883871809626747e+01 7.494216824294868415e-04
2.535195166798221180e+03 1.051897288516919282e+01 7.497481603169160519e-04
2.535202111695459280e+03 1.051798681738742047e+01 7.493741870539376857e-04
2.535209056592696925e+03 1.051498778408787693e+01 7.478814783485387757e-04
2.535216001489468908e+03 1.051331107593769332e+01 7.471547193451143817e-04
2.535222946386241347e+03 1.051264266638917988e+01 7.467827040659438722e-04
2.535229891283013785e+03 1.051272328959472446e+01 7.473184337110960794e-04
2.535236836179786224e+03 1.050998342239145877e+01 7.455561780554182576e-04
2.535243781076558662e+03 1.050885322816108136e+01 7.450580833937727300e-04
2.535250725972866348e+03 1.051011147321726646e+01 7.465828230188278685e-04
2.535257670869174035e+03 1.051056762961467683e+01 7.465031959521964498e-04
2.535264615765479903e+03 1.050858586945343198e+01 7.455909086033063850e-04
2.535271560661321018e+03 1.050619423568160826e+01 7.441096411651229071e-04
2.535278505557627795e+03 1.050772632579562682e+01 7.449650745419383706e-04
2.535285450453468911e+03 1.050784176426847871e+01 7.450585420680220280e-04
2.535292395348843911e+03 1.050796227806610794e+01 7.452098683541765823e-04
2.535299340244685482e+03 1.050651308802207673e+01 7.443712238245609554e-04
2.535306285140061846e+03 1.050387364749613894e+01 7.427125409221036314e-04
2.535313230035437300e+03 1.050759807868547391e+01 7.447608169290064481e-04
2.535320174930811845e+03 1.050672377935669566e+01 7.445509194508714151e-04
2.535327119825720729e+03 1.050563647905161346e+01 7.437595330892310484e-04
2.535334064720631432e+03 1.050775507063058356e+01 7.447653169325683942e-04
2.535341009615541225e+03 1.050892537987642328e+01 7.457146577722305325e-04
2.535347954510451018e+03 1.050941486645260525e+01 7.459512665302334448e-04
2.535354899405360811e+03 1.050843292167913923e+01 7.450993020713449775e-04
2.535361844299805853e+03 1.051059130266803798e+01 7.464295077150376063e-04
2.535368789194249985e+03 1.050936816855629807e+01 7.455883705581642764e-04
2.535375734088228000e+03 1.050894287273030869e+01 7.453907156654891817e-04
2.535382678982672132e+03 1.050939847368529989e+01 7.457295974173204630e-04
2.535389623876650148e+03 1.051135404075473545e+01 7.466022419861154634e-04
2.535396568770628619e+03 1.050954530110556462e+01 7.452823494533718359e-04
2.535403513664607090e+03 1.051132177762060493e+01 7.466778498325560591e-04
2.535410458558120808e+03 1.051070256851425810e+01 7.460515481923021700e-04
2.535417403451632708e+03 1.052027548021220049e+01 7.526862659347051615e-04
2.535424348345146427e+03 1.051321534720582385e+01 7.477566097399013928e-04
2.535431293238659237e+03 1.051260316373778991e+01 7.471975890625976455e-04
2.535438238131705475e+03 1.051354092252218386e+01 7.473696031073881474e-04
2.535445183024751714e+03 1.051257544311988568e+01 7.469676383209506408e-04
2.535452127917799771e+03 1.051547339555984095e+01 7.488569897805286970e-04
2.535459072810381258e+03 1.051676496705214880e+01 7.497245453702509194e-04
2.535466017703428406e+03 1.051487121127872904e+01 7.478527447464618965e-04
2.535472962596009893e+03 1.051605944158988848e+01 7.487935029376434478e-04
2.535479907488126628e+03 1.051434824021810677e+01 7.477886073956717264e-04
2.535486852380708115e+03 1.051384327204096358e+01 7.471953796500975780e-04
2.535493797272823485e+03 1.051603760460547754e+01 7.488347838929248351e-04
2.535500742164938856e+03 1.051468568126730396e+01 7.477900878198745493e-04
2.535507687057054682e+03 1.051410619333915442e+01 7.471974010099668865e-04
2.535514631949171417e+03 1.051596672623463924e+01 7.487714587423340137e-04
2.535521576840822036e+03 1.051593516259151961e+01 7.487168610180495749e-04
2.535528521732471745e+03 1.051209238806589319e+01 7.464886928393429846e-04
2.535535466623656248e+03 1.051313119325631718e+01 7.476488716766913935e-04
2.535542411515306867e+03 1.051210056153160011e+01 7.471768697051635755e-04
2.535549356406490460e+03 1.050851184442366026e+01 7.445291191529518956e-04
2.535556301297674509e+03 1.051025733590558531e+01 7.458854578549044398e-04
2.535563246188393350e+03 1.050989262510726618e+01 7.457746284890421056e-04
2.535570191079578763e+03 1.050937095929188736e+01 7.458861595494790638e-04
2.535577135970298059e+03 1.050425330467613527e+01 7.426370914145529953e-04
2.535584080861016446e+03 1.050559839061294021e+01 7.443247333037674102e-04
2.535591025751268717e+03 1.050481058296207415e+01 7.442247838620039873e-04
2.535597970641988468e+03 1.049967933411645760e+01 7.411342838847754513e-04
2.535604915532242103e+03 1.049763844415023328e+01 7.405981634490030026e-04
2.535611860422494374e+03 1.049613505684464521e+01 7.399350811630380376e-04
2.535618805312281438e+03 1.049536776011243866e+01 7.393933675180052595e-04
2.535625750202069867e+03 1.049341343139382232e+01 7.389723341967813176e-04
2.535632695091858295e+03 1.049073169848167275e+01 7.379888486200465985e-04
2.535639639981644905e+03 1.048785028533777997e+01 7.368343107585940011e-04
2.535646584870966763e+03 1.048398796797632215e+01 7.345322802187808850e-04
2.535653529760754282e+03 1.048225257165106861e+01 7.338481504817750967e-04
2.535660474649610933e+03 1.047895132353953151e+01 7.327367498870284487e-04
2.535667419538931881e+03 1.047486947613935904e+01 7.305075141056413361e-04
2.535674364427788532e+03 1.047506244442569923e+01 7.310608613793267638e-04
2.535681309317111300e+03 1.046938499460833683e+01 7.281445680276593191e-04
2.535688254205501835e+03 1.046816070958573341e+01 7.280033674804595439e-04
2.535695199094358031e+03 1.046568706418672612e+01 7.271063373338632497e-04
2.535702143982748112e+03 1.046476037218936739e+01 7.266214736325135202e-04
2.535709088871138192e+03 1.046331212046088766e+01 7.264354713284624718e-04
2.535716033759528727e+03 1.046012739624727850e+01 7.247999959075431030e-04
2.535722978647919263e+03 1.046062193653795447e+01 7.255540096290247903e-04
2.535729923535844591e+03 1.045706828002123245e+01 7.238672930041672613e-04
2.535736868423770829e+03 1.045796614554556747e+01 7.247347027280413292e-04
2.535743813311230042e+03 1.045227100133779352e+01 7.213970648503013764e-04
2.535750758199154006e+03 1.045252205321743055e+01 7.217351997382999429e-04
2.535757703086613219e+03 1.045002323791646326e+01 7.205376638797844147e-04
2.535764647974072432e+03 1.045011192619054796e+01 7.208400936046366727e-04
2.535771592861065983e+03 1.044757862557774608e+01 7.195991770532703937e-04
2.535778537748525196e+03 1.044666144408981800e+01 7.192454098103767983e-04
2.535785482635518747e+03 1.044461206787959817e+01 7.185409973021932364e-04
2.535792427522047547e+03 1.044567709359362162e+01 7.189298272512390691e-04
2.535799372409041098e+03 1.044511048191943381e+01 7.191632946385916134e-04
2.535806317295568078e+03 1.044093685793043669e+01 7.165635683761315640e-04
2.535813262182095514e+03 1.044151533900932627e+01 7.169010308408917294e-04
2.535820207068622949e+03 1.044396300539990996e+01 7.186515959603733371e-04
2.535827151954686087e+03 1.044305916551097191e+01 7.181317857003883219e-04
2.535834096840749226e+03 1.044322818028127742e+01 7.180924322486361170e-04
2.535841041726811000e+03 1.044030419185641456e+01 7.166384779297586133e-04
2.535847986612872774e+03 1.044060235588798768e+01 7.167523307405729207e-04
2.535854931498469341e+03 1.043966983006274418e+01 7.160459599023150839e-04
2.535861876384065908e+03 1.044094495326486616e+01 7.168932466362438940e-04
2.535868821269662476e+03 1.044053295624093813e+01 7.168149140613401527e-04
2.535875766154792927e+03 1.043961769144089224e+01 7.161740720414888541e-04
2.535882711039925198e+03 1.043813141439394165e+01 7.153625861888244630e-04
2.535889655925057014e+03 1.043876959258313697e+01 7.161131982722248029e-04
2.535896600810187010e+03 1.043884343647562574e+01 7.160316415485015002e-04
2.535903545694852255e+03 1.043689877728459159e+01 7.151605300254088200e-04
2.535910490579517500e+03 1.043847525891378325e+01 7.159529971785574516e-04
2.535917435464182745e+03 1.043772406208141135e+01 7.156927771607609614e-04
2.535924380348381419e+03 1.043545199276001334e+01 7.141286676738986625e-04
2.535931325233046664e+03 1.043784223193937066e+01 7.159333009679095345e-04
2.535938270117247157e+03 1.043554136482162242e+01 7.148530571027696644e-04
2.535945215000981989e+03 1.043698145585031689e+01 7.154054747393354206e-04
2.535952159885181118e+03 1.043521044732520586e+01 7.143938778924951516e-04
2.535959104768914131e+03 1.043565816130282897e+01 7.147274256656279247e-04
2.535966049652182846e+03 1.043403012912062522e+01 7.139382282467134208e-04
2.535972994535916769e+03 1.043665202683509641e+01 7.153704596934109443e-04
2.535979939419185484e+03 1.043554743735360901e+01 7.145517479331681002e-04
2.535986884302454200e+03 1.043618298847053971e+01 7.151462054373454664e-04
2.535993829185722461e+03 1.043661128856294873e+01 7.153338904422874671e-04
2.536000774068525061e+03 1.043691840727516329e+01 7.154455092836587479e-04
2.536007718951326751e+03 1.043628378346288521e+01 7.151029426011832084e-04
2.536014663834128896e+03 1.043577714261229161e+01 7.146162605690507688e-04
2.536021608716931496e+03 1.043776349595215436e+01 7.157864293757691459e-04
2.536028553599269799e+03 1.043598746931860077e+01 7.146119720987739602e-04
2.536035498481606737e+03 1.043851320459513055e+01 7.161456485378764596e-04
2.536042443363943676e+03 1.043859589735158977e+01 7.164994075634142229e-04
2.536049388245814043e+03 1.043485138159835124e+01 7.140309466926286330e-04
2.536056333127685321e+03 1.043753173063856821e+01 7.157761202641699325e-04
2.536063278009557052e+03 1.043559536358771034e+01 7.149808760464355234e-04
2.536070222891427875e+03 1.043477215308728212e+01 7.142419125387737197e-04
2.536077167772833491e+03 1.043361577701574916e+01 7.134422006207903838e-04
2.536084112654240471e+03 1.043315629468021122e+01 7.136752116421595134e-04
2.536091057535646087e+03 1.043471918466765658e+01 7.149482093183610106e-04
2.536098002416586041e+03 1.043202638573947461e+01 7.131622399989860032e-04
2.536104947297525086e+03 1.042950561862130776e+01 7.116081173759678533e-04
2.536111892178465496e+03 1.043092555327956283e+01 7.128994962662075097e-04
2.536118837058939789e+03 1.043102253787713174e+01 7.128531507532870782e-04
2.536125781939879744e+03 1.043200938722239712e+01 7.137056175730986966e-04
2.536132726820354492e+03 1.042821089221048858e+01 7.115859059311670362e-04
2.536139671700363579e+03 1.042832994587432971e+01 7.120495309695108440e-04
2.536146616580837872e+03 1.042959866385780110e+01 7.128120934538235151e-04
2.536153561460846049e+03 1.042613629838761469e+01 7.111142092168475093e-04
2.536160506340388565e+03 1.042345134864801359e+01 7.095012676262896960e-04
2.536167451220397197e+03 1.042285813029341668e+01 7.093366641231719019e-04
2.536174396099941077e+03 1.042343532202591305e+01 7.097705443831466097e-04
2.536181340979484048e+03 1.042262794039087126e+01 7.095833143095593492e-04
2.536188285859027019e+03 1.041984665699841806e+01 7.080786729996371449e-04
2.536195230738104328e+03 1.042064382417631485e+01 7.092158261992982313e-04
2.536202175617182093e+03 1.041811705505056018e+01 7.077911119353186937e-04
2.536209120496258492e+03 1.041695967640449716e+01 7.069774065414537309e-04
2.536216065374870141e+03 1.041821536461013942e+01 7.079968275885793879e-04
2.536223010253481334e+03 1.041457229729476808e+01 7.058314425624936765e-04
2.536229955132094801e+03 1.041624703967599075e+01 7.071603725496856258e-04
2.536236900010705995e+03 1.041736284197075868e+01 7.077263555241615359e-04
2.536243844888851527e+03 1.041495427306867683e+01 7.064748354531612002e-04
2.536250789766997059e+03 1.041591306215126345e+01 7.071176820829771755e-04
2.536257734645143501e+03 1.041391680022894484e+01 7.060294981293776433e-04
2.536264679522823826e+03 1.041225119452406922e+01 7.053844672235641804e-04
2.536271624400504152e+03 1.041115859770218854e+01 7.047001379818702317e-04
2.536278569278184932e+03 1.041104069274329369e+01 7.050676677524641937e-04
2.536285514155399596e+03 1.041005564922489057e+01 7.044589071816658712e-04
2.536292459033079922e+03 1.041032355458736802e+01 7.047712772314268124e-04
2.536299403909828470e+03 1.040811888211656289e+01 7.035281228037661020e-04
2.536306348787043135e+03 1.040716281436764667e+01 7.029912500391919663e-04
2.536313293663792138e+03 1.040736832959412794e+01 7.034314917619083427e-04
2.536320238540541595e+03 1.040584576123349336e+01 7.024993481700817248e-04
2.536327183417291053e+03 1.040636574596205399e+01 7.029648282028001099e-04
2.536334128293573940e+03 1.040318452602353538e+01 7.015462796343268108e-04
2.536341073169857737e+03 1.040557290986929395e+01 7.027082722503203999e-04
2.536348018046141078e+03 1.040431542618884109e+01 7.020290376891378994e-04
2.536354962922423965e+03 1.040506040558982903e+01 7.026977493792332117e-04
2.536361907798241191e+03 1.040283078635408920e+01 7.016613094193884567e-04
2.536368852674059781e+03 1.040137565104600093e+01 7.008068542906633822e-04
2.536375797549412709e+03 1.040361693716764613e+01 7.023808949688827019e-04
2.536382742425229935e+03 1.040181356051378536e+01 7.011192555569739594e-04
2.536389687300581500e+03 1.040045727282650745e+01 7.004353859086958527e-04
2.536396632175468767e+03 1.039969531771403410e+01 7.000209145300771924e-04
2.536403577050819877e+03 1.040127418750526012e+01 7.012124216570117096e-04
2.536410521925706234e+03 1.040054564348216815e+01 7.007151129184965768e-04
2.536417466800127386e+03 1.039976451329259177e+01 7.001293006730045787e-04
2.536424411675013289e+03 1.040024878772005401e+01 7.005790923340241092e-04
2.536431356549434440e+03 1.040218369598964365e+01 7.018320464524062646e-04
2.536438301423855137e+03 1.039981766020738974e+01 7.003916021804818806e-04
2.536445246297809717e+03 1.039963239638169412e+01 7.004709866731106396e-04
2.536452191172229959e+03 1.039813439186997002e+01 6.993907196193166476e-04
2.536459136045720697e+03 1.039940269967476816e+01 7.001379854610206019e-04
2.536466080919675733e+03 1.039973960038972933e+01 7.005329342865223002e-04
2.536473025793165107e+03 1.039826117500735059e+01 6.998012916070321448e-04
2.536479970666654026e+03 1.039774645108932205e+01 6.995554505415430176e-04
2.536486915540143400e+03 1.039779985374185678e+01 6.997043573406104382e-04
2.536493860413168022e+03 1.039524965543028223e+01 6.981590413234596906e-04
2.536500805286191280e+03 1.039512864159184069e+01 6.984448985610001255e-04
2.536507750159214538e+03 1.039505446230826458e+01 6.986979902712896337e-04
2.536514695032239615e+03 1.039461003446625931e+01 6.984699555239958207e-04
2.536521639904798121e+03 1.039221307883848056e+01 6.972707288616119582e-04
2.536528584777354808e+03 1.039281014540260806e+01 6.978416378218858449e-04
2.536535529649447199e+03 1.039095318343088969e+01 6.966592246980761981e-04
2.536542474521539589e+03 1.038851541154392777e+01 6.953851123931615880e-04
2.536549419393632434e+03 1.039091767786330145e+01 6.969504300861748989e-04
2.536556364265725279e+03 1.039017441476982029e+01 6.963762424737377724e-04
2.536563309137352007e+03 1.039035896704304029e+01 6.968776906640835852e-04
2.536570254008978736e+03 1.038882019371157561e+01 6.959470310093767440e-04
2.536577198880605465e+03 1.038841768729525228e+01 6.956636041972846622e-04
2.536584143751766078e+03 1.038997144820193519e+01 6.968829168273330335e-04
2.536591088622927145e+03 1.038580618054361437e+01 6.943431798337086234e-04
2.536598033493623007e+03 1.038864543681078878e+01 6.960687037473726503e-04
2.536604978364784984e+03 1.038697640872679528e+01 6.954187721291481099e-04
2.536611923235479935e+03 1.038584858454764692e+01 6.948650599626810019e-04
2.536618868106174887e+03 1.038602361246003802e+01 6.949959425068438475e-04
2.536625812976404632e+03 1.038383920756063361e+01 6.939913808006002846e-04
2.536632757846635286e+03 1.038547848838332044e+01 6.950071274685228062e-04
2.536639702716864576e+03 1.038170711343586206e+01 6.930750365868065289e-04
2.536646647586629115e+03 1.038080951794875340e+01 6.927348584946541347e-04
2.536653592456858405e+03 1.038065057271262148e+01 6.929770957583776840e-04
2.536660537326156373e+03 1.037781266660355328e+01 6.915528065808932302e-04
2.536667482195920911e+03 1.037553478924975714e+01 6.905980999476213095e-04
2.536674427065218879e+03 1.037409773832357907e+01 6.899051085855064606e-04
2.536681371934517301e+03 1.037274598184590779e+01 6.894734334340538564e-04
2.536688316803350062e+03 1.037375901623938113e+01 6.902853259546365547e-04
2.536695261672650304e+03 1.037053141847596471e+01 6.890122159758755530e-04
2.536702206541482155e+03 1.036977686377313468e+01 6.887690783350872148e-04
2.536709151409849255e+03 1.036715213739892150e+01 6.877896468011739919e-04
2.536716096278216355e+03 1.036649982401354819e+01 6.873779163650129255e-04
2.536723041146583455e+03 1.036643321447984611e+01 6.878096967658753032e-04
2.536729986014950555e+03 1.036295014608696441e+01 6.858497128339410571e-04
2.536736930882852448e+03 1.036045689885905041e+01 6.846936461816582019e-04
2.536743875750754341e+03 1.036186508827326946e+01 6.859334663904330083e-04
2.536750820618655780e+03 1.035825881010830152e+01 6.841045529608879563e-04
2.536757765486091103e+03 1.035930834606469553e+01 6.848150443095907952e-04
2.536764710353526425e+03 1.035818220601133710e+01 6.842098023067977883e-04
2.536771655220962202e+03 1.035536177504007149e+01 6.829348867228398528e-04
2.536778600087933228e+03 1.035335145559777104e+01 6.820611204810478551e-04
2.536785544954903344e+03 1.035437490104278346e+01 6.825210415410592818e-04
2.536792489821873005e+03 1.035274324457491879e+01 6.819423060382539268e-04
2.536799434688377460e+03 1.035107718174837288e+01 6.810212080523880048e-04
2.536806379555348030e+03 1.035067211951969135e+01 6.810997050558823896e-04
2.536813324421386369e+03 1.035004449851688690e+01 6.809978774637491473e-04
2.536820269287891279e+03 1.034858656677547906e+01 6.800073627083242549e-04
2.536827214153930527e+03 1.034813795247977630e+01 6.803002284406409715e-04
2.536834159019504114e+03 1.034779625367760048e+01 6.799991827220883611e-04
2.536841103885542452e+03 1.034592545805221597e+01 6.793891409505345251e-04
2.536848048751115130e+03 1.034584901186876671e+01 6.792085112128461903e-04
2.536854993616688262e+03 1.034786009389684480e+01 6.805580701254835977e-04
2.536861938481796642e+03 1.034437340648860015e+01 6.787246903928978144e-04
2.536868883346905022e+03 1.034591965187992280e+01 6.796564350936793461e-04
2.536875828212012038e+03 1.034547894317860006e+01 6.791671134274769898e-04
2.536882773077119055e+03 1.034406245252299428e+01 6.784168011968310383e-04
2.536889717941760409e+03 1.034514595895829636e+01 6.790626826848675376e-04
2.536896662806403128e+03 1.034570731313718817e+01 6.793616615197004167e-04
2.536903607670577912e+03 1.034314204908292467e+01 6.781248363583967107e-04
2.536910552534754515e+03 1.034386692055866064e+01 6.785833433413378550e-04
2.536917497398931573e+03 1.034496177433397968e+01 6.791885553522582697e-04
2.536924442262642060e+03 1.034332687680810281e+01 6.784245607420351159e-04
2.536931387126817754e+03 1.034643743010425965e+01 6.800870271179402810e-04
2.536938331990062125e+03 1.034338383337358103e+01 6.782774731701377534e-04
2.536945276853772157e+03 1.034201542422478148e+01 6.776433264465479790e-04
2.536952221717018801e+03 1.034059477637480562e+01 6.768477603693641041e-04
2.536959166580264082e+03 1.034355139706473814e+01 6.786612115431969131e-04
2.536966111443041882e+03 1.034152435888381660e+01 6.776078119244419509e-04
2.536973056306287617e+03 1.034150568812411208e+01 6.778461966338027340e-04
2.536980001169066782e+03 1.033997995424784655e+01 6.770981639266233617e-04
2.536986946031380285e+03 1.034136278164593392e+01 6.778654371785506737e-04
2.536993890893693788e+03 1.034094952484292129e+01 6.780637579968014101e-04
2.537000835756008200e+03 1.033940188952504258e+01 6.766475248863283590e-04
2.537007780618321704e+03 1.033912721305651949e+01 6.766376354124850048e-04
2.537014725480169091e+03 1.033876978196644636e+01 6.768139459790754138e-04
2.537021670342016478e+03 1.033836037791012252e+01 6.766568324249130515e-04
2.537028615203398658e+03 1.033655792117665051e+01 6.756430081950068160e-04
2.537035560064781748e+03 1.033623761229886284e+01 6.754305756283650449e-04
2.537042504926163929e+03 1.033827634792033301e+01 6.764827915371466509e-04
2.537049449787546109e+03 1.033650802497171739e+01 6.757665154817093546e-04
2.537056394648461719e+03 1.033721992276427493e+01 6.760988056740620559e-04
2.537063339509378238e+03 1.033483480526541953e+01 6.748439206648237324e-04
2.537070284369830006e+03 1.033530844181425046e+01 6.752874445650637993e-04
2.537077229230746525e+03 1.033330914864557926e+01 6.742116217233421610e-04
2.537084174090731722e+03 1.033378016162510704e+01 6.745296200368548593e-04
2.537091118951182580e+03 1.033661825807893031e+01 6.763347636757492719e-04
2.537098063811167776e+03 1.033688645958632613e+01 6.763183347500542533e-04
2.537105008671152973e+03 1.033559650075578240e+01 6.755949644771355907e-04
2.537111953531138170e+03 1.033451004946839014e+01 6.749588462794063864e-04
2.537118898390657705e+03 1.033467089503338876e+01 6.748899222204768735e-04
2.537125843250179059e+03 1.033239286955049607e+01 6.738567587651814574e-04
2.537132788109232024e+03 1.033426523681447939e+01 6.751470772194855452e-04
2.537139732968751105e+03 1.033373607182171838e+01 6.749810452468683799e-04
2.537146677827805433e+03 1.033362325582467278e+01 6.743736227446794212e-04
2.537153622686393646e+03 1.033298497913935243e+01 6.741733302457363812e-04
2.537160567544981404e+03 1.033400866124457451e+01 6.750053184672006419e-04
2.537167512403570072e+03 1.033264248928534101e+01 6.739846560225783590e-04
2.537174457262158285e+03 1.033184580780376827e+01 6.738603348509167182e-04
2.537181402120280836e+03 1.033327804579087328e+01 6.745235517833909032e-04
2.537188346978403388e+03 1.033064946295778697e+01 6.733165250623490434e-04
2.537195291836525485e+03 1.033184498462949286e+01 6.739882265468011063e-04
2.537202236694183739e+03 1.033329913560465663e+01 6.750726650646462351e-04
2.537209181551841084e+03 1.032784164254563031e+01 6.721586892905143801e-04
2.537216126409497519e+03 1.032919165323368560e+01 6.729958236876472941e-04
2.537223071266687839e+03 1.032837560395994281e+01 6.726478006314096526e-04
2.537230016123879523e+03 1.032932657040154822e+01 6.736059840492894003e-04
2.537236960981071206e+03 1.032875048889931158e+01 6.730359259980742224e-04
2.537243905837796774e+03 1.032752567267663046e+01 6.724643316256769020e-04
2.537250850694523251e+03 1.032694919724910854e+01 6.723597251347372813e-04
2.537257795551247909e+03 1.032579673622831962e+01 6.718182512243840937e-04
2.537264740407507816e+03 1.032324619600837146e+01 6.706472625829729617e-04
2.537271685263767722e+03 1.032322142267845244e+01 6.709645756299944305e-04
2.537278630120027628e+03 1.032163939890620696e+01 6.700595919261672371e-04
2.537285574975821419e+03 1.032087699260598868e+01 6.694823354098868202e-04
2.537292519831616573e+03 1.032320471361198067e+01 6.708580320395711710e-04
2.537299464687411273e+03 1.032033691505722750e+01 6.693872463892596011e-04
2.537306409543205064e+03 1.032151946876317616e+01 6.701294997657429977e-04
2.537313354398533193e+03 1.031937009844685171e+01 6.691785350594951732e-04
2.537320299253861776e+03 1.031805759261657940e+01 6.682258041872270573e-04
2.537327244108725608e+03 1.031965946305321147e+01 6.694823077968408559e-04
2.537334188963588986e+03 1.031923985814006706e+01 6.690779834627778129e-04
2.537341133818451453e+03 1.032011839479299375e+01 6.696525809001411048e-04
2.537348078673314376e+03 1.032088461567106386e+01 6.699699161060309553e-04
2.537355023527712092e+03 1.031747136417569166e+01 6.682525892292786891e-04
2.537361968382108898e+03 1.032075477180542578e+01 6.698747559669968911e-04
2.537368913236506160e+03 1.032112245163264674e+01 6.702561609385468194e-04
2.537375858090438669e+03 1.032018708227876402e+01 6.696869705922203764e-04
2.537382802944371178e+03 1.032088139172867258e+01 6.697096966153641287e-04
2.537389747798301869e+03 1.032090597544811139e+01 6.697046538967724736e-04
2.537396692652233014e+03 1.032173194923798576e+01 6.706857803639030202e-04
2.537403637505698498e+03 1.032427796525883501e+01 6.714812362529632957e-04
2.537410582359165346e+03 1.032129736326382741e+01 6.698766615512584573e-04
2.537417527212632194e+03 1.032507226916373178e+01 6.719115661118521370e-04
2.537424472065632017e+03 1.032328275737628864e+01 6.706990838624523254e-04
2.537431416918632749e+03 1.032372700999081871e+01 6.707357555832658708e-04
2.537438361771633026e+03 1.032219979805133825e+01 6.699653399499442934e-04
2.537445306624166733e+03 1.032393802699175644e+01 6.708270427318005534e-04
2.537452251476701349e+03 1.032500469691132494e+01 6.712236373710821083e-04
2.537459196329236420e+03 1.032878397340780552e+01 6.731254955035732889e-04
2.537466141181771491e+03 1.032761688441859427e+01 6.725391936732803139e-04
2.537473086033840445e+03 1.032616433889745977e+01 6.719784340368713813e-04
2.537480030885908945e+03 1.032816671373635842e+01 6.727770806912584164e-04
2.537486975737977446e+03 1.032771756730814339e+01 6.722333484954785138e-04
2.537493920590047310e+03 1.033036549569924034e+01 6.735540184993108435e-04
2.537500865441651513e+03 1.032915923531499836e+01 6.725758742187670563e-04
2.537507810293253897e+03 1.033129039125379478e+01 6.738084071407329356e-04
2.537514755144857190e+03 1.033131019931761685e+01 6.735879766496711977e-04
2.537521699996460484e+03 1.033264285310518638e+01 6.743147384034973860e-04
2.537528644847598571e+03 1.033574567362815344e+01 6.759886878009250264e-04
2.537535589698735748e+03 1.033577102753446120e+01 6.755055226309063980e-04
2.537542534549874290e+03 1.033513045562108523e+01 6.752972889766044144e-04
2.537549479400546261e+03 1.033839109812678281e+01 6.767812277880255268e-04
2.537556424251683893e+03 1.033924914746122248e+01 6.773383659219874659e-04
2.537563369102355409e+03 1.033848315796536710e+01 6.765828235031863319e-04
2.537570313953027835e+03 1.034113639975490706e+01 6.778824926552026427e-04
2.537577258803234599e+03 1.034053548223175767e+01 6.775148571847596337e-04
2.537584203653907025e+03 1.034008303993729605e+01 6.768548083232171254e-04
2.537591148504112880e+03 1.034107560036159690e+01 6.773307037342499864e-04
2.537598093354318735e+03 1.034388417427161322e+01 6.787627788945459380e-04
2.537605038204525499e+03 1.034611461208128524e+01 6.798098524359441749e-04
2.537611983054266602e+03 1.034537495983208011e+01 6.790847058802132680e-04
2.537618927904472912e+03 1.034813411599294142e+01 6.806345525877096963e-04
2.537625872754214015e+03 1.034748456612266132e+01 6.801770674593169037e-04
2.537632817603954209e+03 1.034719063968738340e+01 6.797578995574145777e-04
2.537639762453694857e+03 1.034870065447609377e+01 6.803965249202093999e-04
2.537646707303435505e+03 1.035036621699910597e+01 6.815107541622023859e-04
2.537653652152710492e+03 1.035260682535471233e+01 6.825400316107466071e-04
2.537660597002451595e+03 1.035388158863965913e+01 6.829800494791589665e-04
2.537667541851727037e+03 1.035245482930358918e+01 6.818209399580663251e-04
2.537674486701002024e+03 1.035216068587368987e+01 6.818451865687717587e-04
2.537681431550276102e+03 1.035409250077623433e+01 6.830642464418678261e-04
2.537688376399551089e+03 1.035477525260206377e+01 6.831616115329837034e-04
2.537695321248361324e+03 1.035244979721439940e+01 6.816141107252931750e-04
2.537702266097637221e+03 1.035234824290628275e+01 6.815777086331382224e-04
2.537709210946446092e+03 1.035423556743648099e+01 6.825986874257439045e-04
2.537716155795719715e+03 1.035581540794517608e+01 6.834013370178521410e-04
2.537723100644529495e+03 1.035363915628785314e+01 6.823848575837372773e-04
2.537730045493340185e+03 1.035491514387682521e+01 6.831018384958738397e-04
2.537736990342149511e+03 1.035388039361320089e+01 6.828045306255247108e-04
2.537743935190958382e+03 1.035340035840732220e+01 6.825865576273423049e-04
2.537750880039768163e+03 1.035501835722808650e+01 6.834848515613833018e-04
2.537757824888577488e+03 1.035470503724670088e+01 6.831136202204401682e-04
2.537764769737385905e+03 1.035285729321191717e+01 6.823514478854792332e-04
2.537771714586196140e+03 1.035368058712422012e+01 6.825773829030021321e-04
2.537778659434540714e+03 1.035063565297776655e+01 6.813316819445517985e-04
2.537785604283350040e+03 1.035119583657352571e+01 6.816891617671424044e-04
2.537792549132158456e+03 1.035063599065141204e+01 6.813463441221039594e-04
2.537799493980966872e+03 1.035244106630267069e+01 6.825973811995309903e-04
2.537806438829312356e+03 1.035218951447745361e+01 6.824538081349730773e-04
2.537813383678122136e+03 1.034995968323197779e+01 6.810463146317551498e-04
2.537820328526931007e+03 1.035018037882559483e+01 6.811773435188844946e-04
2.537827273375739878e+03 1.034867778335325816e+01 6.804418269251820287e-04
2.537834218224549659e+03 1.034947399994089245e+01 6.806739573493078132e-04
2.537841163073358985e+03 1.034980823312278098e+01 6.810090848825534580e-04
2.537848107922168310e+03 1.035270703575295848e+01 6.825033965637499313e-04
2.537855052770978091e+03 1.035037176658458158e+01 6.812846916544819430e-04
2.537861997620253533e+03 1.035015870126991011e+01 6.809853157145861471e-04
2.537868942469062858e+03 1.035145031379206237e+01 6.816285372019182439e-04
2.537875887318337391e+03 1.035051586363531406e+01 6.810176863988026122e-04
2.537882832167611923e+03 1.035029940115316016e+01 6.810681494278053669e-04
2.537889777016887820e+03 1.034948930574366877e+01 6.802113441249122783e-04
2.537896721866162807e+03 1.035132128883748059e+01 6.811282921553254597e-04
2.537903666715437794e+03 1.035213487081789907e+01 6.817799746489497425e-04
2.537910611565177987e+03 1.035237514482953713e+01 6.819463266625627827e-04
2.537917556414452520e+03 1.035115105721472872e+01 6.812362300252669490e-04
2.537924501264194078e+03 1.035041797581882506e+01 6.808801913556063005e-04
2.537931446114401297e+03 1.035200592026913569e+01 6.815582231480714955e-04
2.537938390964141490e+03 1.035380588936357960e+01 6.825627751767022891e-04
2.537945335814346890e+03 1.035543762588797634e+01 6.836367309971129371e-04
2.537952280664553655e+03 1.035256700860771240e+01 6.821560771979840680e-04
2.537959225515226080e+03 1.035382316706360761e+01 6.829609165470033666e-04
2.537966170365432845e+03 1.035424367032057624e+01 6.833838656173302824e-04
2.537973115216570477e+03 1.035353717533466344e+01 6.831263186074941658e-04
2.537980060067242448e+03 1.035576106421384956e+01 6.840858150207346786e-04
2.540320489730584995e+03 1.055165728756572463e+01 7.793590884918544454e-04
2.540327434627356524e+03 1.054830589543759878e+01 7.760137221415289600e-04
2.540334379524129417e+03 1.055016519561722887e+01 7.758084959713441907e-04
2.540341324420901856e+03 1.054757721927179581e+01 7.732497791726519049e-04
2.540348269317209088e+03 1.055006609399194595e+01 7.743346619865297238e-04
2.540355214213515865e+03 1.054804976711286102e+01 7.725110474040269154e-04
2.540362159109822642e+03 1.054791495312919558e+01 7.714162379345528399e-04
2.540369104005663758e+03 1.054642424838946191e+01 7.704707328620152016e-04
2.540376048901971444e+03 1.054548259647180863e+01 7.695190261016444759e-04
2.540382993797813015e+03 1.054550647677900876e+01 7.695330519450275771e-04
2.540389938693652766e+03 1.054200235841594235e+01 7.672240314717678443e-04
2.540396883589029130e+03 1.054285178489957353e+01 7.676534301132025180e-04
2.540403828484871156e+03 1.054407056040293966e+01 7.687705222423640459e-04
2.540410773380247065e+03 1.054168600016592983e+01 7.667390964000064726e-04
2.540417718275622065e+03 1.054272697891023824e+01 7.672235626951335805e-04
2.540424663170997519e+03 1.054138623867582858e+01 7.660842889719098698e-04
2.540431608066372974e+03 1.054219449964160127e+01 7.666537898143295591e-04
2.540438552961282767e+03 1.054002125668297296e+01 7.649917507636343336e-04
2.540445497856193015e+03 1.053872782714732637e+01 7.641191164661015811e-04
2.540452442751103263e+03 1.053851694075486023e+01 7.638780166462847809e-04
2.540459387646013056e+03 1.053510970895389143e+01 7.613826122107061846e-04
2.540466332540457188e+03 1.053794317109216649e+01 7.635676695047861808e-04
2.540473277435366981e+03 1.053436633838621361e+01 7.609833196984135909e-04
2.540480222329811568e+03 1.053754445737391343e+01 7.628859698189427484e-04
2.540487167223790038e+03 1.053788426657783539e+01 7.631279413005054779e-04
2.540494112118234625e+03 1.053465528345694580e+01 7.609367765656299774e-04
2.540501057012213096e+03 1.053687714221333316e+01 7.621231343162859252e-04
2.540508001906191566e+03 1.053503031185995020e+01 7.603187960832817139e-04
2.540514946800170492e+03 1.053688130542734314e+01 7.615333975805498642e-04
2.540521891694149417e+03 1.053876119512949039e+01 7.623569438759261524e-04
2.540528836587662227e+03 1.053917299799999618e+01 7.630818615003386041e-04
2.540535781481640697e+03 1.053787406050556008e+01 7.613741112814703584e-04
2.540542726375153961e+03 1.054160242023955796e+01 7.636590586726375775e-04
2.540549671268201109e+03 1.054132368961874100e+01 7.629247133744132547e-04
2.540556616161713464e+03 1.054142205077734218e+01 7.625689140943620872e-04
2.540563561054761522e+03 1.054336845042850612e+01 7.638710385516092301e-04
2.540570505947809124e+03 1.054307806031045835e+01 7.633054153279296384e-04
2.540577450840855818e+03 1.054778896417782441e+01 7.662003495776853511e-04
2.540584395733903420e+03 1.054592755507817259e+01 7.643440549288496892e-04
2.540591340626484453e+03 1.054713333788028429e+01 7.648801107156330678e-04
2.540598285519066849e+03 1.054981385226041368e+01 7.667478832856140531e-04
2.540605230411647881e+03 1.054851497260258242e+01 7.655958536532819509e-04
2.540612175304229822e+03 1.055207455051877652e+01 7.676053681420459077e-04
2.540619120196346103e+03 1.055392927855934815e+01 7.681865289866042154e-04
2.540626065088927589e+03 1.055345873023374459e+01 7.677378369282327700e-04
2.540633009981043415e+03 1.055475869308638615e+01 7.680458569631788820e-04
2.540639954873159695e+03 1.055628242761014590e+01 7.689955521353257061e-04
2.540646899764809859e+03 1.056142531076631563e+01 7.721699793923230597e-04
2.540653844656925685e+03 1.056081076563100574e+01 7.709963219349077980e-04
2.540660789548575849e+03 1.056108835736781693e+01 7.708600658785953871e-04
2.540667734440226013e+03 1.056293210459809906e+01 7.720131985708123500e-04
2.540674679331410516e+03 1.056304215955764647e+01 7.721456162441155385e-04
2.540681624223061590e+03 1.056566836201105275e+01 7.731846659487023269e-04
2.540688569114247002e+03 1.056888856800551579e+01 7.750367080470959950e-04
2.540695514005431050e+03 1.056535841100685502e+01 7.725396161452456481e-04
2.540702458896615553e+03 1.056760426625268501e+01 7.739933305933618772e-04
2.540709403787335759e+03 1.056893270640132521e+01 7.744662364992953209e-04
2.540716348678520262e+03 1.056905045130560161e+01 7.747662279605504760e-04
2.540723293569238194e+03 1.056754979831173635e+01 7.733193941985829151e-04
2.540730238459956581e+03 1.056980138241610057e+01 7.748074410195442043e-04
2.540737183350211126e+03 1.057153868668193830e+01 7.757830278583690902e-04
2.540744128240929967e+03 1.057269595087259084e+01 7.764191526874870920e-04
2.540751073131183148e+03 1.057164994260080881e+01 7.758451072114381283e-04
2.540758018021436328e+03 1.057206760784676547e+01 7.759230694498106800e-04
2.540764962911690418e+03 1.057079317988428535e+01 7.750839583210932492e-04
2.540771907801477937e+03 1.056803073178837238e+01 7.821467377204787286e-04
2.540778852691265001e+03 1.056906633310388344e+01 7.743805330267780661e-04
2.540785797581052520e+03 1.056881414987914347e+01 7.741301192742160902e-04
2.540792742470840494e+03 1.056569427325227828e+01 7.724029975007449221e-04
2.540799687360628468e+03 1.056903321147331987e+01 7.746057500521106318e-04
2.540806632249949871e+03 1.056615915719124565e+01 7.728433904316026840e-04
2.540813577139271729e+03 1.056416150765854844e+01 7.722778832464764244e-04
2.540820522028593587e+03 1.056212977999414271e+01 7.709365015132687996e-04
2.540827466917916354e+03 1.055950114024217257e+01 7.694903813461131687e-04
2.540834411806773005e+03 1.055676235630212645e+01 7.678911526738851825e-04
2.540841356696094408e+03 1.055621168274886479e+01 7.681459049057175496e-04
2.540848301584950605e+03 1.055635031284704972e+01 7.686795865745414116e-04
2.540855246473341595e+03 1.055252428238113893e+01 7.664047776945618956e-04
2.540862191362198246e+03 1.055107487286288404e+01 7.661694305761398765e-04
2.540869136250587871e+03 1.055026936448279784e+01 7.658535566050733798e-04
2.540876081138979316e+03 1.054761558976856684e+01 7.643958419825220771e-04
2.540883026027370761e+03 1.054859929186572209e+01 7.655712766660673812e-04
2.540889970915761296e+03 1.054353163497991197e+01 7.626780696259749396e-04
2.540896915803686170e+03 1.053979072849254983e+01 7.606750120798099618e-04
2.540903860691610589e+03 1.053942169167667231e+01 7.606109228769415307e-04
2.540910805579536827e+03 1.053461465378843975e+01 7.579639604716883550e-04
2.540917750467461701e+03 1.053510623357052545e+01 7.586558528072665430e-04
2.540924695355386120e+03 1.053544375980189507e+01 7.591525831100035589e-04
2.540931640242845788e+03 1.053354923560667800e+01 7.581267401007895984e-04
2.540938585130305455e+03 1.053223191533441039e+01 7.575724453181796603e-04
2.540945530017765122e+03 1.053059019350999215e+01 7.567787022629889147e-04
2.540952474904757764e+03 1.053101725450261839e+01 7.572556961358155227e-04
2.540959419792217432e+03 1.052822457239686393e+01 7.554818244606315058e-04
2.540966364679212347e+03 1.052867126238984063e+01 7.558942094106228587e-04
2.540973309566205899e+03 1.052884970366224771e+01 7.561464540728220609e-04
2.540980254452732879e+03 1.052757640602226274e+01 7.554600361514456682e-04
2.540987199339726430e+03 1.052562305399868592e+01 7.542601039149504074e-04
2.540994144226255230e+03 1.052410477209979511e+01 7.534413595899003757e-04
2.541001089112784030e+03 1.052369987002402496e+01 7.535364958281902089e-04
2.541008033999311010e+03 1.052347409280538137e+01 7.533978583389073797e-04
2.541014978885373239e+03 1.052358370764954287e+01 7.534214077241103286e-04
2.541021923771902038e+03 1.052102155835622277e+01 7.522444110330850668e-04
2.541028868657964267e+03 1.052373842415490479e+01 7.541294926069316753e-04
2.541035813543560835e+03 1.052093418695649518e+01 7.518627447015079849e-04
2.541042758429623518e+03 1.052178532199606131e+01 7.527982435634184011e-04
2.541049703315220086e+03 1.052033188446112000e+01 7.518588760366847054e-04
2.541056648201282769e+03 1.052023208791268161e+01 7.517564764034256235e-04
2.541063593086878882e+03 1.052005320308544789e+01 7.516575479793293152e-04
2.541070537972010243e+03 1.052023949492301291e+01 7.515891184665693349e-04
2.541077482857606810e+03 1.052192587393484224e+01 7.526479110219997607e-04
2.541084427742738626e+03 1.052214127406815436e+01 7.529796981549805252e-04
2.541091372627869987e+03 1.052175212023944972e+01 7.528349133933116919e-04
2.541098317512999984e+03 1.052145055866934875e+01 7.528557331630399098e-04
2.541105262397665683e+03 1.052679498909374267e+01 7.559607952681919769e-04
2.541112207282797044e+03 1.052029165103458475e+01 7.514795886835971958e-04
2.541119152167461834e+03 1.052296462532766164e+01 7.531570776442015735e-04
2.541126097052127079e+03 1.052264928378450826e+01 7.528978230867546624e-04
2.541133041936326663e+03 1.052223284755921284e+01 7.523404844813689736e-04
2.541139986820992817e+03 1.052189276346105196e+01 7.521032610753496583e-04
2.541146931705192856e+03 1.052235783284663739e+01 7.522289346504328631e-04
2.541153876589391984e+03 1.052677539507494409e+01 7.546556160439178273e-04
2.541160821473591568e+03 1.052711279625560969e+01 7.548312284800454000e-04
2.541167766357326400e+03 1.052763575325623790e+01 7.552531205000549220e-04
2.541174711241526438e+03 1.052767210705253298e+01 7.550665243862856799e-04
2.541181656125259906e+03 1.052756832320449121e+01 7.545597178420249953e-04
2.541188601008528167e+03 1.052895622533992359e+01 7.559076043985797936e-04
2.541195545892263453e+03 1.053008413045986735e+01 7.560464906389876812e-04
2.541202490775532169e+03 1.052884292823526913e+01 7.551171490828593666e-04
2.541209435659265182e+03 1.052945893760622020e+01 7.556447009894104840e-04
2.541216380542067782e+03 1.052986975079581633e+01 7.556492131428546588e-04
2.541223325425336498e+03 1.052964788628141868e+01 7.556468514203061202e-04
2.541230270308605213e+03 1.052904299089918716e+01 7.552066086593393120e-04
2.541237215191407813e+03 1.053084974323299683e+01 7.563885634719729476e-04
2.541244160074210413e+03 1.053139652893525380e+01 7.565772937613088204e-04
2.541251104957013013e+03 1.053049002225913888e+01 7.561480003099683034e-04
2.541258049839350406e+03 1.053047537362471431e+01 7.559207118794659518e-04
2.541264994722153006e+03 1.053067115149584154e+01 7.564933506961528994e-04
2.541271939604490399e+03 1.052967834329606767e+01 7.555373916618778702e-04
2.541278884486826882e+03 1.052998576496895389e+01 7.558241340969908822e-04
2.541285829368698614e+03 1.052816929733346818e+01 7.545797484506245158e-04
2.541292774251036008e+03 1.052971861970153178e+01 7.557705663758456467e-04
2.541299719132907740e+03 1.052965276069736511e+01 7.557438935715729816e-04
2.541306664014779017e+03 1.052998906850836924e+01 7.560918403219782022e-04
2.541313608896184633e+03 1.052654327855031191e+01 7.539183446594592986e-04
2.541320553778055910e+03 1.052872266703508330e+01 7.556156004863407273e-04
2.541327498659462435e+03 1.052694319270968748e+01 7.545923354493336765e-04
2.541334443540868051e+03 1.052474689834960486e+01 7.534688500253201816e-04
2.541341388422273667e+03 1.052307186778264381e+01 7.529241017388763058e-04
2.541348333303680192e+03 1.052257919562753230e+01 7.527774103770371950e-04
2.541355278184620147e+03 1.051883720643158959e+01 7.508747052059491995e-04
2.541362223065560102e+03 1.051638014547264532e+01 7.498200215458407413e-04
2.541369167946500511e+03 1.051482986033985689e+01 7.487296959318959395e-04
2.541376112827440465e+03 1.051272910577016084e+01 7.483041663963826582e-04
2.541383057707914304e+03 1.051190466107000709e+01 7.481571283789570414e-04
2.541390002588855168e+03 1.050891119393363304e+01 7.465919981280573188e-04
2.541396947469329461e+03 1.050917923412677268e+01 7.469355219524489303e-04
2.541403892349338093e+03 1.050322044116330567e+01 7.438111328308282975e-04
2.541410837229812387e+03 1.050296379552193216e+01 7.441961030109228454e-04
2.541417782109821474e+03 1.050038686022721102e+01 7.428128985729706181e-04
2.541424726989830106e+03 1.049884373594804998e+01 7.427045040740710676e-04
2.541431671869838283e+03 1.049647661188644143e+01 7.411864066979199309e-04
2.541438616749848734e+03 1.049522893271924140e+01 7.407211495423155542e-04
2.541445561629390795e+03 1.049442345029148349e+01 7.409214161214419539e-04
2.541452506508933766e+03 1.049102233454962807e+01 7.389319803792113693e-04
2.541459451388476737e+03 1.049048536783535113e+01 7.387266768601312992e-04
2.541466396268020617e+03 1.048751298265479015e+01 7.372787193285118600e-04
2.541473341147564042e+03 1.048560663142643001e+01 7.362798822411534532e-04
2.541480286026640897e+03 1.048510633209045473e+01 7.362707031436686389e-04
2.541487230905718206e+03 1.048196210768791303e+01 7.343181227774836809e-04
2.541494175784796425e+03 1.048196302304150684e+01 7.348698105667607122e-04
2.541501120663408528e+03 1.048096489925021579e+01 7.347345864842088703e-04
2.541508065542485383e+03 1.048076584386381427e+01 7.344347877286536369e-04
2.541515010421097941e+03 1.047876158466875474e+01 7.338300274804099689e-04
2.541521955299710044e+03 1.047780122573304240e+01 7.329747306667955742e-04
2.541528900178321237e+03 1.047699283543774484e+01 7.326401618922673926e-04
2.541535845056467224e+03 1.047666134695453444e+01 7.324104574459977101e-04
2.541542789934613211e+03 1.047719490897397954e+01 7.325586402561453173e-04
2.541549734812761017e+03 1.047648942874110389e+01 7.322153087197159514e-04
2.541556679690906094e+03 1.048029482443660321e+01 7.344189636372164915e-04
2.541563624569052081e+03 1.047903243800858597e+01 7.337726383580394371e-04
2.541570569446733316e+03 1.048203774781649855e+01 7.354724606331990459e-04
2.541577514324414096e+03 1.047860246811502449e+01 7.336342307103297907e-04
2.541584459202093967e+03 1.048084958539312339e+01 7.345425184720170845e-04
2.541591404079774293e+03 1.048115061324623376e+01 7.345363851537579968e-04
2.541598348956989867e+03 1.048084013513646973e+01 7.343317820615688930e-04
2.541605293834204986e+03 1.048122326008749461e+01 7.339929636991932970e-04
2.541612238711419195e+03 1.048207873128631995e+01 7.347218185934601895e-04
2.541619183588633405e+03 1.048562798438544696e+01 7.364311421173910539e-04
2.541626128465848524e+03 1.048458964624991374e+01 7.359036192188883954e-04
2.541633073342598436e+03 1.048379779590516492e+01 7.352211333306663725e-04
2.541640018219347439e+03 1.048622172200827052e+01 7.360795124783384635e-04
2.541646963096095988e+03 1.048813556143880810e+01 7.372129061568910612e-04
2.541653907972379784e+03 1.048993158483138721e+01 7.381860065349996969e-04
2.541660852849128787e+03 1.048914079242006814e+01 7.376917338715687205e-04
2.541667797725413038e+03 1.049144370034630036e+01 7.390501641612046970e-04
2.541674742601695471e+03 1.049150335819548197e+01 7.387249320088016885e-04
2.541681687477978812e+03 1.049223438777699791e+01 7.392258501414919643e-04
2.541688632353797402e+03 1.049326935091219148e+01 7.392840005570147123e-04
2.541695577229615992e+03 1.049653693668696697e+01 7.414257309138222885e-04
2.541702522105432763e+03 1.049147464486149950e+01 7.379024991627053344e-04
2.541709466981250443e+03 1.049243070139406875e+01 7.385872565429426728e-04
2.541716411857069488e+03 1.049349042428164580e+01 7.391962898683588235e-04
2.541723356732421507e+03 1.049538478325686519e+01 7.403118082878796689e-04
2.541730301607773072e+03 1.049328692718382428e+01 7.387412900906667728e-04
2.541737246483125546e+03 1.049646476186553734e+01 7.410602680715961538e-04
2.541744191358478474e+03 1.049480140780965165e+01 7.397360106313537144e-04
2.541751136233365287e+03 1.049741038758593348e+01 7.411385015795338930e-04
2.541758081108716397e+03 1.049799377480676554e+01 7.414745811435452831e-04
2.541765025983602754e+03 1.049676381238183609e+01 7.408568643935265060e-04
2.541771970858024360e+03 1.049760022071043863e+01 7.411502999538065748e-04
2.541778915732910718e+03 1.049757538888605524e+01 7.411373801264445381e-04
2.541785860607331415e+03 1.049833116689105772e+01 7.417969425193185300e-04
2.541792805481753021e+03 1.050056056845533625e+01 7.428995697518592884e-04
2.541799750356173718e+03 1.049896297660887434e+01 7.416233728734523403e-04
2.541806695230594414e+03 1.049984939131636530e+01 7.425379293059115567e-04
2.541813640104549449e+03 1.049804069234645176e+01 7.413358528018625234e-04
2.541820584978504939e+03 1.049859214582403411e+01 7.414489172668006214e-04
2.541827529852460430e+03 1.049871762120580954e+01 7.417159301497320808e-04
2.541834474726415465e+03 1.049887852500478402e+01 7.417239892929189740e-04
2.541841419600370500e+03 1.049920498214269848e+01 7.424235989857592977e-04
2.541848364473859874e+03 1.049773662379057448e+01 7.415204060025739697e-04
2.541855309347349248e+03 1.049684420675784224e+01 7.413126600017144610e-04
2.541862254220838622e+03 1.049331759875703263e+01 7.393797935466869895e-04
2.541869199094329815e+03 1.049157700977716878e+01 7.386350148321865500e-04
2.541876143967353073e+03 1.049137643595283187e+01 7.388228676818464928e-04
2.541883088840375876e+03 1.048834812901236724e+01 7.371183071706790147e-04
2.541890033713400499e+03 1.048659893799836773e+01 7.365959083870983340e-04
2.541896978586424666e+03 1.048602905735340940e+01 7.363061299465380617e-04
2.541903923458982717e+03 1.048208511987450109e+01 7.343757468309283732e-04
2.541910868331539859e+03 1.048035103362025389e+01 7.337129169963787579e-04
2.541917813204565391e+03 1.047995502093055897e+01 7.337117155756638911e-04
2.541924758076657781e+03 1.047650982704663747e+01 7.320366812077968048e-04
2.541931702949215833e+03 1.047535305686597873e+01 7.319519309155449530e-04
2.541938647821308223e+03 1.047262304724197257e+01 7.304248950558332948e-04
2.541945592693400613e+03 1.047304473870322461e+01 7.311313359506407773e-04
2.541952537565493913e+03 1.046944382786569072e+01 7.292119681903069068e-04
2.541959482437586303e+03 1.046569114172671355e+01 7.273662172003706600e-04
2.541966427309213032e+03 1.046756597790329124e+01 7.288535377996212521e-04
2.541973372181306331e+03 1.046124125200350541e+01 7.255443831254802930e-04
2.541980317052933515e+03 1.046046297641256295e+01 7.255327486090365008e-04
2.541987261924094128e+03 1.045930690753666958e+01 7.248076394236861470e-04
2.541994206795720402e+03 1.045599119561840951e+01 7.231397453950432451e-04
2.542001151666882834e+03 1.045415703547377539e+01 7.224537939662115322e-04
2.542008096538510017e+03 1.045387846808526255e+01 7.225941169894152397e-04
2.542015041409204969e+03 1.045385719454456286e+01 7.228866055824901366e-04
2.542021986275242853e+03 1.044999820255926437e+01 7.209472233151247413e-04
2.542028931145939168e+03 1.044797828274325546e+01 7.203461662120450677e-04
2.542035876016635484e+03 1.044821426610916504e+01 7.207156131793168111e-04
2.542042820887330436e+03 1.044417768458092333e+01 7.184260507716515136e-04
2.542049765758026297e+03 1.044219162603379480e+01 7.176828174322169443e-04
2.542056710628721703e+03 1.044137062084757694e+01 7.176859484092841827e-04
2.542063655498951448e+03 1.043883198354953912e+01 7.163715555600471199e-04
2.542070600369182102e+03 1.043787759682437333e+01 7.160720807424285827e-04
2.542077545239411847e+03 1.043668272908532479e+01 7.155018101632420547e-04
2.542084490109175931e+03 1.043425542326358091e+01 7.141958824124338551e-04
2.542091434979405676e+03 1.043367275133030248e+01 7.141429943942998338e-04
2.542098379849169760e+03 1.043315932158211901e+01 7.141781525364009281e-04
2.542105324718934753e+03 1.043013917382551980e+01 7.122474916876425860e-04
2.542112269588698837e+03 1.043208552494731300e+01 7.136374240813721627e-04
2.542119214457997259e+03 1.043237474459826153e+01 7.140541522067493652e-04
2.542126159327762252e+03 1.043326327262691144e+01 7.144127901284179783e-04
2.542133104197060675e+03 1.043271129089118077e+01 7.140618909405137401e-04
2.542140049065893436e+03 1.043153691438548414e+01 7.133794258337028144e-04
2.542146993935192768e+03 1.043457147040167321e+01 7.149272123987288887e-04
2.542153938804025529e+03 1.043303655683358500e+01 7.139971435027937015e-04
2.542160883673324406e+03 1.043233319962872407e+01 7.133921721789372077e-04
2.542167828542156713e+03 1.043410242748084116e+01 7.142988056446872855e-04
2.542174773410523812e+03 1.043442659558660601e+01 7.143152654432733534e-04
2.542181718279357483e+03 1.043585827941846489e+01 7.148505574741244274e-04
2.542188663147725038e+03 1.043874702622794715e+01 7.167314072446102869e-04
2.542195608016090773e+03 1.043817495989638466e+01 7.163109505243376836e-04
2.542202552884458783e+03 1.043881483914885955e+01 7.163165662988011913e-04
2.542209497752826792e+03 1.044047328911082495e+01 7.170560162825192650e-04
2.542216442620728230e+03 1.044112287225734548e+01 7.174878133638805302e-04
2.542223387488628759e+03 1.044006580634569126e+01 7.166273426346151873e-04
2.542230332356531108e+03 1.044224531551245683e+01 7.176438428944479373e-04
2.542237277224433456e+03 1.044238281558966541e+01 7.175775064966831950e-04
2.542244222091869233e+03 1.044451594226547897e+01 7.185899180867265975e-04
2.542251166959305010e+03 1.044487449998897510e+01 7.185788354963602376e-04
2.542258111826740787e+03 1.044670729561119416e+01 7.194828956100364579e-04
2.542265056694177474e+03 1.044765558564563612e+01 7.201420389046420990e-04
2.542272001561613251e+03 1.044535324898729733e+01 7.186614524086192436e-04
2.542278946428582913e+03 1.044974177895692868e+01 7.213024114661820358e-04
2.542285891295553483e+03 1.044794492757059423e+01 7.195696855451678151e-04
2.542292836162524509e+03 1.044560401667605554e+01 7.182157348282358243e-04
2.542299781029494625e+03 1.044890744751628908e+01 7.208270074298525794e-04
2.542306725895998170e+03 1.045024092499511248e+01 7.210542157610574021e-04
2.542313670762502625e+03 1.045089468885988815e+01 7.210429601107566037e-04
2.542320615629008444e+03 1.045241692008722900e+01 7.223769668722422599e-04
2.542327560495512898e+03 1.045063508340769864e+01 7.210990038133570758e-04
2.542334505362016898e+03 1.044964699078190407e+01 7.202838193941273667e-04
2.542341450228055692e+03 1.045019776776690712e+01 7.204608283768141079e-04
2.542348395094095395e+03 1.045113733450942384e+01 7.212656162642909138e-04
2.542355339960135097e+03 1.045204038979243499e+01 7.217994388697821688e-04
2.542362284826173436e+03 1.045124053423050192e+01 7.213171099827010799e-04
2.542369229691747023e+03 1.045125402966135475e+01 7.210675971771812265e-04
2.542376174557320155e+03 1.045152059216281337e+01 7.214349694996726728e-04
2.542383119422894197e+03 1.045248593152441074e+01 7.221795392979708491e-04
2.542390064288467329e+03 1.044828503631947747e+01 7.196116358652877160e-04
2.542397009154040461e+03 1.044871110156714167e+01 7.201487464562053228e-04
2.542403954019148841e+03 1.044877358355057595e+01 7.202826662534226980e-04
2.542410898884255857e+03 1.044712670257234244e+01 7.196859128794233854e-04
2.542417843749363783e+03 1.044753643163736534e+01 7.204118296302888498e-04
2.542424788614471254e+03 1.044107593572215542e+01 7.162956959847579293e-04
2.542431733479113063e+03 1.044162591448426625e+01 7.172786027865159187e-04
2.542438678343755782e+03 1.044005142337567449e+01 7.165820034392741521e-04
2.542445623208398047e+03 1.043708143632199281e+01 7.150094770635479109e-04
2.542452568073038947e+03 1.043680748836722394e+01 7.155921795655626437e-04
2.542459512937680302e+03 1.043287295631605183e+01 7.135203779895315330e-04
2.542466457801857359e+03 1.043236609688965899e+01 7.136675371986159633e-04
2.542473402666034417e+03 1.042896580658560701e+01 7.120145241946496725e-04
2.542480347530210111e+03 1.042680295220920783e+01 7.115639699797813005e-04
2.542487292393920143e+03 1.042590460618209569e+01 7.113039081056329437e-04
2.542494237258097201e+03 1.042150582735681219e+01 7.086437409862681239e-04
2.542501182121809052e+03 1.042189605694149357e+01 7.098869265097985286e-04
2.542508126985519084e+03 1.041870371126692874e+01 7.078218461501593504e-04
2.542515071849229571e+03 1.041642935472883558e+01 7.069190323159544632e-04
2.542522016712475306e+03 1.041676720096881681e+01 7.073654254850134885e-04
2.542528961575720132e+03 1.041576379367640826e+01 7.073278709984471939e-04
2.542535906439429709e+03 1.041431839964125494e+01 7.064228135701123819e-04
2.542542851302209783e+03 1.041217654375177837e+01 7.051263237994615657e-04
2.542549796165455518e+03 1.041216268086344421e+01 7.054708432451913718e-04
2.542556741028235137e+03 1.041018960236060487e+01 7.046402465662163130e-04
2.542563685891479508e+03 1.040835313871359702e+01 7.036929932206833355e-04
2.542570630753793466e+03 1.040791485888373735e+01 7.036649634736976376e-04
2.542577575616572176e+03 1.040597185458880780e+01 7.026858784414673383e-04
2.542584520479352250e+03 1.040591101033565913e+01 7.028553387591165210e-04
2.542591465341665753e+03 1.040601368634712820e+01 7.032867716915228726e-04
2.542598410203979256e+03 1.040273870569338577e+01 7.014081018118688759e-04
2.542605355066292759e+03 1.040429555110217130e+01 7.026052474732876569e-04
2.542612299928141056e+03 1.040145121185057242e+01 7.006051341212114021e-04
2.542619244790454559e+03 1.040153971489331219e+01 7.010297630657117860e-04
2.542626189652302855e+03 1.040321951794394018e+01 7.017944917336371496e-04
2.542633134514150697e+03 1.040231739547649426e+01 7.015662810935453970e-04
2.542640079375999449e+03 1.040170079888910060e+01 7.012522581430039080e-04
2.542647024237382084e+03 1.040405625609752427e+01 7.025439524887952189e-04
2.542653969098763810e+03 1.040515109386935499e+01 7.030342895952008519e-04
2.542660913960146445e+03 1.040424451684460472e+01 7.022646913927472773e-04
2.542667858821529535e+03 1.040461628606032995e+01 7.021369229203115866e-04
2.542674803682912170e+03 1.040605655731362233e+01 7.031890566380232703e-04
2.542681748543827780e+03 1.040540913887148733e+01 7.027790206924926968e-04
2.542688693404744299e+03 1.040609086238445791e+01 7.027959309874560545e-04
2.542695638265661728e+03 1.040650315896511380e+01 7.026846173909366295e-04
2.542702583126578247e+03 1.040805256385568711e+01 7.036163855152771521e-04
2.542709527987029105e+03 1.041020549764076009e+01 7.049761673499880957e-04
2.542716472847945624e+03 1.040882127077189168e+01 7.036369028571498249e-04
2.542723417708397392e+03 1.041012853529566407e+01 7.042421249384120440e-04
2.542730362568848250e+03 1.041266681861568522e+01 7.056389843219552926e-04
2.542737307428832992e+03 1.041490399248679033e+01 7.067607914453578888e-04
2.542744252288818643e+03 1.041452514686819875e+01 7.063012914196412388e-04
2.542751197149270411e+03 1.041630981274126633e+01 7.070011041992008789e-04
2.542758142009256062e+03 1.041783325764851753e+01 7.077744730023101611e-04
2.542765086868775597e+03 1.041906856725401198e+01 7.083389445090418129e-04
2.542772031728761249e+03 1.042003398238406753e+01 7.085494446600122025e-04
2.542778976588280784e+03 1.042185349802132599e+01 7.094620261928835875e-04
2.542785921447799865e+03 1.042214522492676743e+01 7.095146523151667911e-04
2.542792866307320764e+03 1.042285032282146773e+01 7.098342500481406208e-04
2.542799811166373729e+03 1.042234065554530886e+01 7.094321412676708131e-04
2.542806756025894174e+03 1.042510854689467870e+01 7.110054830970372140e-04
2.542813700884948048e+03 1.042365005460799310e+01 7.097097325900260682e-04
2.542820645744002832e+03 1.042543637478699914e+01 7.112321614002237082e-04
2.542827590602591044e+03 1.042550946447078708e+01 7.108774471655835911e-04
2.542834535461644464e+03 1.042543852479364119e+01 7.107706354986436173e-04
2.542841480320233586e+03 1.042482213818583325e+01 7.102115278608218734e-04
2.542848425178822254e+03 1.042542058704477981e+01 7.106889996080738422e-04
2.542855370037410012e+03 1.042579550692501655e+01 7.107096806217108077e-04
2.542862314895532563e+03 1.042436490139600913e+01 7.100527626733265903e-04
2.542869259754121231e+03 1.042490933687552435e+01 7.101679246025666484e-04
2.542876204612243782e+03 1.042578873408365858e+01 7.108863322585836936e-04
2.542883149470365879e+03 1.042638902635413345e+01 7.112004547436526127e-04
2.542890094328023224e+03 1.042461063451604453e+01 7.103262289424333185e-04
2.542897039186146685e+03 1.042170594071150447e+01 7.086624005069712146e-04
2.542903984043804030e+03 1.042077671987449250e+01 7.081305256446894080e-04
2.542910928901460466e+03 1.042200145938856970e+01 7.089527199432465098e-04
2.542917873759117356e+03 1.042161533507250049e+01 7.091075330728528400e-04
2.542924818616775156e+03 1.042179984497564682e+01 7.094094286132760939e-04
2.542931763473967294e+03 1.042141126232347226e+01 7.094277336495763073e-04
2.542938708331158523e+03 1.041850394761832099e+01 7.080074961188779397e-04
2.542945653188349752e+03 1.041554369759276177e+01 7.063114672740102235e-04
2.542952598045541436e+03 1.041526093141099274e+01 7.064185674747038360e-04
2.542959542902267003e+03 1.041353178521467804e+01 7.057821246853210545e-04
2.542966487758992571e+03 1.041138447904693187e+01 7.049230028344765633e-04
2.542973432615718593e+03 1.040977054940145230e+01 7.043739365326685820e-04
2.542980377472444161e+03 1.040824738487126488e+01 7.035475111998790903e-04
2.542987322329170638e+03 1.040665412788672306e+01 7.033424658217192265e-04
2.542994267185430999e+03 1.040409861083668908e+01 7.018481835606878421e-04
2.543001212041689996e+03 1.040159765144043469e+01 7.011146292767182677e-04
2.543008156897950357e+03 1.040260494544284953e+01 7.022131963716135572e-04
2.543015101753745512e+03 1.039746627502702658e+01 6.992391273653487819e-04
2.543022046610005418e+03 1.039469214038023104e+01 6.982479351555003844e-04
2.543028991465798754e+03 1.039530931427930938e+01 6.987485948430450589e-04
2.543035936321594818e+03 1.039167526237387840e+01 6.970709556352501241e-04
2.543042881177389518e+03 1.038791725833929469e+01 6.952442025102527345e-04
2.543049826032718101e+03 1.038732958791756467e+01 6.954398717980688014e-04
2.543056770888511437e+03 1.038644919520741006e+01 6.948285645891635973e-04
2.543063715743841385e+03 1.038366904703605620e+01 6.937065705712031202e-04
2.543070660599170424e+03 1.038263331020796798e+01 6.936046282525491682e-04
2.543077605454032891e+03 1.038149241651014343e+01 6.932429717838937532e-04
2.543084550309361475e+03 1.037906818353712701e+01 6.921898543257690465e-04
2.543091495164225307e+03 1.037614059821355461e+01 6.906407969973427574e-04
2.543098440019088230e+03 1.037519037472886296e+01 6.903209996695146115e-04
2.543105384873951152e+03 1.037534411881483543e+01 6.909283404092867462e-04
2.543112329728348413e+03 1.037481846953969189e+01 6.906904036160472571e-04
2.543119274583210881e+03 1.037168370581959032e+01 6.891655177046883017e-04
2.543126219437608597e+03 1.036919196268397947e+01 6.878028610583784060e-04
2.543133164292006768e+03 1.036789126012139306e+01 6.873976867670552986e-04
2.543140109145939277e+03 1.037030406809978267e+01 6.888668941616909796e-04
2.543147054000336084e+03 1.036592283601082443e+01 6.867809439607162414e-04
2.543153998854267229e+03 1.036670361436067189e+01 6.873241716224833767e-04
2.543160943708199738e+03 1.036501772829350543e+01 6.865744542442531228e-04
2.543167888562132248e+03 1.036316814842689915e+01 6.859444735693726990e-04
2.543174833415597277e+03 1.036228587818591151e+01 6.850151012445802922e-04
2.543181778269064125e+03 1.036467276814447835e+01 6.869131521742641170e-04
2.543188723122997089e+03 1.036256369935977872e+01 6.855901859749727540e-04
2.543195667975996457e+03 1.036377442367791701e+01 6.863715760937641290e-04
2.543202612829461941e+03 1.036215769445712986e+01 6.857917681743787557e-04
2.543209557682463128e+03 1.036221296170949557e+01 6.856477160431798850e-04
2.543216502535929976e+03 1.035995508829169864e+01 6.844487763271537564e-04
2.543223447388930254e+03 1.036050051203632272e+01 6.845374099202671458e-04
2.543230392241464415e+03 1.036258143752213456e+01 6.858722919981299080e-04
2.543237337094465147e+03 1.036172239898877834e+01 6.854522438722187748e-04
2.543244281947000673e+03 1.036201065791460429e+01 6.854927818723112552e-04
2.543251226799534379e+03 1.036045113660001782e+01 6.847078426535573937e-04
2.543258171652069450e+03 1.036242070794608061e+01 6.853625248439260392e-04
2.543265116504604521e+03 1.036180798067664988e+01 6.850242465702283253e-04
2.543272061356673930e+03 1.036551884172218685e+01 6.869283136731290903e-04
2.543279006208743340e+03 1.036532920854682160e+01 6.866907867383880868e-04
2.543285951060812295e+03 1.036535313687014082e+01 6.868390200180583523e-04
2.543292895912881249e+03 1.036856698051882297e+01 6.882336663252447721e-04
2.543299840764950204e+03 1.036667488914975088e+01 6.869917836066639005e-04
2.543306785616554407e+03 1.036701578549033620e+01 6.871421925591108702e-04
2.543313730468157701e+03 1.036752853187758205e+01 6.872580175449564260e-04
2.543320675319760994e+03 1.036868013983123404e+01 6.877368155779685398e-04
2.543327620170898626e+03 1.037064640334764043e+01 6.889040821211373129e-04
2.543334565022502829e+03 1.037028609502512744e+01 6.883490243090775295e-04
2.543341509873640462e+03 1.037188762976001577e+01 6.894197235607841309e-04
2.543348454724778094e+03 1.037371212350977245e+01 6.901125515360830758e-04
2.543355399575916636e+03 1.037241332138808581e+01 6.892009741833470026e-04
2.543362344426589061e+03 1.037348548434632001e+01 6.896586159116928523e-04
2.543369289277726239e+03 1.037527805112004131e+01 6.906129764277910057e-04
2.543376234128398210e+03 1.037423666556774826e+01 6.899376855300972658e-04
2.543383178979071090e+03 1.037697752466389112e+01 6.914196365805429191e-04
2.543390123829277400e+03 1.037766294607639317e+01 6.914908059208364766e-04
2.543397068679948916e+03 1.037715749373125362e+01 6.916071350283015898e-04
2.543404013530155680e+03 1.037982982083581618e+01 6.927378178489797473e-04
2.543410958380362445e+03 1.037871395951855469e+01 6.921636039185618400e-04
2.543417903230104002e+03 1.037891002785687888e+01 6.921292584729997173e-04
2.543424848080310767e+03 1.037859766422563546e+01 6.917656820455881945e-04
2.543431792930050960e+03 1.038100444970057090e+01 6.931993283689270218e-04
2.543438737779791154e+03 1.038207027039832475e+01 6.936111869095090395e-04
2.543445682629533621e+03 1.037901671545239601e+01 6.919497133776673480e-04
2.543452627479274270e+03 1.038085548328555241e+01 6.928636205027467829e-04
2.543459572328549257e+03 1.037868573916637516e+01 6.919353731971980472e-04
2.543466517177824244e+03 1.037680683056289332e+01 6.910733920725130753e-04
2.543473462027100140e+03 1.037517191334448974e+01 6.900250663895738865e-04
2.543480406876375127e+03 1.037775335719351411e+01 6.919035079319394614e-04
2.543487351725183998e+03 1.037618463882833275e+01 6.909774492389533914e-04
2.543494296574460350e+03 1.037402396689525652e+01 6.902855464644482453e-04
2.543501241423270130e+03 1.037109595461559408e+01 6.889912131218399634e-04
2.543508186272079001e+03 1.037030232267724195e+01 6.886194893883900705e-04
2.543515131120421756e+03 1.036903612608417191e+01 6.880822973978754399e-04
2.543522075969231537e+03 1.036690619511869293e+01 6.871166945893024012e-04
2.543529020817575656e+03 1.036612707096884378e+01 6.869579167628172200e-04
2.543535965665920230e+03 1.036379807421321253e+01 6.862256241856415926e-04
2.543542910514263440e+03 1.036257857231579926e+01 6.858255200638331854e-04
2.543549855362141898e+03 1.035929163990729585e+01 6.840484260602460375e-04
2.543556800210020810e+03 1.035840768927323197e+01 6.839142204389718569e-04
2.543563745057898814e+03 1.035618511129838737e+01 6.830267750166828722e-04
2.543570689905776817e+03 1.035466063761256272e+01 6.826463193846086814e-04
2.543577634753654820e+03 1.035298214780901382e+01 6.816794704028336866e-04
2.543584579601067162e+03 1.035332297830302828e+01 6.821572765023791200e-04
2.543591524448480413e+03 1.035010327781134976e+01 6.809525532425022339e-04
2.543598469295892755e+03 1.034879930419799621e+01 6.801401182685533472e-04
2.543605414143305097e+03 1.034680922522809254e+01 6.793824167093675008e-04
2.543612358990252687e+03 1.034633067173758114e+01 6.793305023477895759e-04
2.543619303837665939e+03 1.034652326941743716e+01 6.797657537600455173e-04
2.543626248684611710e+03 1.034376449669043652e+01 6.782660073742036383e-04
2.543633193531558391e+03 1.034357719974305567e+01 6.784785204865258863e-04
2.543640138378040319e+03 1.033979818994592925e+01 6.764990709597156447e-04
2.543647083224987455e+03 1.033921359689722408e+01 6.763626226047527064e-04
2.543654028071468019e+03 1.033644151411527190e+01 6.751399433831207011e-04
2.543660972917949493e+03 1.033626270094135791e+01 6.753017182879437769e-04
2.543667917763965306e+03 1.033696039865645666e+01 6.757353146317503483e-04
2.543674862610447235e+03 1.033668106571465373e+01 6.758451823939690736e-04
2.543681807456462593e+03 1.033188390850886584e+01 6.733640230111118683e-04
2.543688752302477951e+03 1.033389086655813216e+01 6.747469865307957962e-04
2.543695697148493309e+03 1.033250791320222639e+01 6.742264857364136483e-04
2.543702641994509122e+03 1.032924493352372330e+01 6.722961310206881837e-04
2.543709586840059274e+03 1.032845868891080521e+01 6.721261508353721824e-04
2.543716531685608970e+03 1.032974819617623297e+01 6.731695811641584017e-04
2.543723476531157758e+03 1.032810750253313614e+01 6.724512135418062161e-04
2.543730421376709273e+03 1.032610016712898648e+01 6.713184460328423461e-04
2.543737366221794218e+03 1.032933357079170911e+01 6.732166944512616054e-04
2.543744311066876890e+03 1.032602211407943571e+01 6.712650988584783606e-04
2.543751255911960925e+03 1.032685611510828849e+01 6.716651607441652665e-04
2.543758200757046325e+03 1.032729715094948020e+01 6.721002854799414637e-04
2.543765145602131270e+03 1.032711122172775475e+01 6.717379774076928092e-04
2.543772090446748734e+03 1.032750002595521543e+01 6.723728544874099395e-04
2.543779035291367563e+03 1.032935627788594068e+01 6.731167617975015701e-04
2.543785980135986392e+03 1.032720969152050827e+01 6.716781813483107058e-04
2.543792924980604766e+03 1.032918444573429362e+01 6.725987873771440079e-04
2.543799869824757479e+03 1.032794397754791227e+01 6.718031619215514760e-04
2.543806814669375854e+03 1.033061484415967435e+01 6.737109911978787649e-04
2.543813759513529476e+03 1.033099055170689695e+01 6.732913529887129276e-04
2.543820704357682189e+03 1.033189458836534946e+01 6.739096765581506368e-04
2.543827649201369240e+03 1.033169495024294093e+01 6.735923972000967992e-04
2.543834594045057202e+03 1.033486280779445465e+01 6.752084012624440116e-04
2.543841538889209460e+03 1.033487486244620790e+01 6.749522328962817260e-04
2.543848483732432214e+03 1.033589597990904885e+01 6.753241201600967579e-04
2.543855428576119266e+03 1.033723471149990658e+01 6.761271620507352436e-04
2.543862373419805863e+03 1.033532352340642113e+01 6.747613413106708742e-04
2.543869318263027708e+03 1.033599955883870791e+01 6.750952275786281567e-04
2.543876263106250462e+03 1.033751490903153503e+01 6.758023358439142888e-04
2.543883207949471398e+03 1.033944414018481339e+01 6.767948952324340673e-04
2.543890152792227127e+03 1.033823995012413199e+01 6.761332950226512598e-04
2.543897097635448972e+03 1.033932910405263605e+01 6.763413347028582106e-04
2.543904042478206065e+03 1.033973829144697021e+01 6.765166771299453751e-04
2.543910987320960430e+03 1.034262461873388084e+01 6.780147296437618633e-04
2.543917932163250498e+03 1.034236734407098091e+01 6.777157477702043303e-04
2.543924877006007137e+03 1.034307040643837361e+01 6.780361799829692001e-04
2.543931821848296750e+03 1.034443651586219737e+01 6.784556439905048116e-04
2.543938766690587727e+03 1.034546509709607065e+01 6.788847360366825987e-04
2.543945711532877795e+03 1.034556746427714380e+01 6.791821823095269212e-04
2.543952656374702201e+03 1.034750853738483656e+01 6.798812139672074685e-04
2.543959601216992269e+03 1.034642386823740523e+01 6.789707768424088543e-04
2.543966546058817585e+03 1.034542238420075400e+01 6.783635017370524822e-04
2.543973490900642446e+03 1.034562566234480308e+01 6.787910410443513893e-04
2.543980435742000736e+03 1.034699204066765432e+01 6.794713794783050756e-04
2.543987380583826052e+03 1.034720291158581240e+01 6.795661977951521562e-04
2.543994325425185707e+03 1.034512374864712214e+01 6.786209781235754118e-04
2.544001270266543997e+03 1.034577764669432653e+01 6.789832966476570418e-04
2.544008215107903197e+03 1.034511802649858225e+01 6.788548080768785258e-04
2.544015159948797191e+03 1.034763592336269156e+01 6.802724088917665776e-04
2.544022104790155936e+03 1.034346611776123837e+01 6.781267856351033381e-04
2.544029049631049475e+03 1.034433020754439347e+01 6.787527707846171448e-04
2.544035994471476897e+03 1.034205019071939269e+01 6.774605860614171240e-04
2.544042939312370436e+03 1.034335634157850059e+01 6.782743549907670113e-04
2.544049884153263520e+03 1.034017329479951108e+01 6.766998946489118181e-04
2.544056828993690488e+03 1.034240103287714518e+01 6.782832265746518464e-04
2.544063773834117910e+03 1.033932505065173579e+01 6.764111523726979271e-04
2.544070718674080581e+03 1.033917865733579156e+01 6.765378010965190404e-04
2.544077663514508458e+03 1.033957419378026721e+01 6.767812700016856116e-04
2.544084608354471129e+03 1.033995228602545957e+01 6.770527380808850741e-04
2.544091553194431981e+03 1.033570316256265365e+01 6.747734596631512231e-04
2.544098498034394652e+03 1.033690010933197634e+01 6.760374658665632003e-04
2.544105442874356868e+03 1.033711023408262086e+01 6.760918289566249977e-04
2.544112387713852968e+03 1.033343872830871923e+01 6.739119258945276258e-04
2.544119332553349068e+03 1.033375354850645778e+01 6.746188922923938196e-04
2.544126277392844713e+03 1.033421084241493837e+01 6.750885375924609022e-04
2.544133222232341723e+03 1.033178474319581852e+01 6.733432181712601045e-04
2.544140167071837823e+03 1.033236064084843875e+01 6.738482826258122968e-04
2.544147111910869171e+03 1.033237404455146269e+01 6.739125104181491882e-04
2.544154056749900064e+03 1.033076363338504855e+01 6.733165806593655088e-04
2.544161001588930503e+03 1.033239611795976565e+01 6.744123523835225285e-04
2.544167946427961397e+03 1.033057263438931450e+01 6.729853255797395685e-04
2.544174891266527084e+03 1.033095406161959495e+01 6.734920416789486313e-04
2.544181836105090497e+03 1.033198399102892928e+01 6.739148944972980218e-04
2.544188780943656639e+03 1.033036314354581009e+01 6.732537138412856290e-04
2.544195725782221871e+03 1.033273708379713618e+01 6.744239756245356448e-04
2.544202670620320987e+03 1.033265957064313234e+01 6.744059310144433737e-04
2.544209615458884855e+03 1.033242994251911817e+01 6.742223264476059639e-04
2.544216560296985335e+03 1.033177987887535743e+01 6.738169884070414764e-04
2.544223505134618790e+03 1.033469470871529872e+01 6.753466218731568734e-04
2.544230449972717906e+03 1.033230270474935786e+01 6.738445971788930818e-04
2.544237394810351361e+03 1.033417066267412032e+01 6.748199869790500339e-04
2.544244339648451387e+03 1.033374689389209422e+01 6.741272012074984218e-04
2.544251284485620090e+03 1.033527033527280459e+01 6.748765324260307076e-04
2.544258229323253545e+03 1.033575040009928969e+01 6.749738725514533352e-04
2.544265174160887000e+03 1.033838951110421256e+01 6.763349709122279006e-04
2.544272118998054793e+03 1.033850614058150974e+01 6.761897891764091176e-04
2.544279063835223496e+03 1.034149642419944470e+01 6.777015806500761522e-04
2.544286008672392200e+03 1.034184506932257008e+01 6.775520375283849072e-04
2.544292953509093422e+03 1.034295265762121296e+01 6.781782840997522795e-04
2.544299898346261216e+03 1.034222492296591156e+01 6.773152006871222507e-04
2.544306843182964258e+03 1.034472634035707905e+01 6.788625663741078980e-04
2.544313788019667300e+03 1.034433149607024482e+01 6.781622548504848483e-04
2.544320732855902406e+03 1.034649452499091460e+01 6.795569405512402955e-04
2.544327677692605903e+03 1.034814637820601924e+01 6.804576005953990236e-04
2.544334622528843283e+03 1.034711801267077824e+01 6.794697574989082538e-04
2.544341567365078845e+03 1.034839352354880937e+01 6.801023177171561067e-04
2.544348512201315316e+03 1.035031482378970757e+01 6.809333627734285872e-04
2.544355457037551787e+03 1.034951996497255422e+01 6.800800211798906396e-04
2.544362401873323506e+03 1.035118678451335406e+01 6.812923386831851299e-04
2.544369346709095225e+03 1.035277559278373083e+01 6.819732018281511945e-04
2.544376291544866035e+03 1.035381329358437519e+01 6.824184983761130132e-04
2.544383236380636390e+03 1.035379545919017730e+01 6.823508391075391736e-04
2.544390181215941539e+03 1.035318632349580703e+01 6.816510019061483312e-04
2.544397126051247596e+03 1.035599538043995160e+01 6.830727202065326039e-04
2.544404070886553200e+03 1.035762077208772602e+01 6.835987296917164432e-04
2.544411015721857893e+03 1.035812867963570660e+01 6.836756621199395131e-04
2.544417960557163951e+03 1.035929409044246263e+01 6.838601492902642888e-04
2.544424905392003893e+03 1.036102293153835241e+01 6.850753296033724234e-04
2.544431850226843380e+03 1.036196192471281208e+01 6.852195373103262639e-04
2.544438795061683777e+03 1.036333392148859467e+01 6.858985103488370819e-04
2.544445739896057603e+03 1.036394117985084229e+01 6.857467409676474722e-04
2.544452684730898000e+03 1.036622319073651788e+01 6.869749505438915629e-04
2.544459629565271825e+03 1.036771275322589148e+01 6.876544273139123357e-04
2.544466574399644742e+03 1.036896899101650149e+01 6.877458838792781682e-04
2.544473519234019477e+03 1.037006978439637273e+01 6.882924738438499701e-04
2.544480464067928096e+03 1.037133211578435166e+01 6.889919929093258483e-04
2.544487408902301468e+03 1.037266854779001868e+01 6.897261065460763129e-04
2.544494353736210087e+03 1.037409129985048217e+01 6.902854481036535842e-04
2.544501298569652590e+03 1.037430108329845346e+01 6.902978613449340523e-04
2.544508243403562119e+03 1.037540134868837249e+01 6.906644839279372323e-04
2.544515188237005077e+03 1.037451292605392439e+01 6.902057658154387831e-04
2.544522133070911877e+03 1.037375104377183455e+01 6.896322191492974775e-04
2.544529077904356200e+03 1.037694749583851284e+01 6.913594508068498633e-04
2.544536022737333496e+03 1.037356135518291644e+01 6.893465649460683029e-04
2.544542967570776000e+03 1.037556768923095518e+01 6.905727803464468311e-04
2.544549912403752387e+03 1.037206748369040277e+01 6.888586115786267004e-04
2.544556857236730139e+03 1.037538930909076029e+01 6.903746594950122039e-04
2.544563802069706526e+03 1.037539832559370723e+01 6.906377463238244857e-04
2.544570746902684732e+03 1.037454800469179617e+01 6.899517975564113843e-04
2.544577691735195913e+03 1.037688217532260815e+01 6.913604539929523026e-04
2.544584636567707093e+03 1.037389368920831778e+01 6.894928028084654215e-04
2.544591581400218274e+03 1.037669944908900810e+01 6.912047728022907523e-04
2.544598526232729910e+03 1.037756917796921563e+01 6.917671637239526140e-04
2.544605471064775429e+03 1.037619938958838439e+01 6.909792913527606963e-04
2.544612415896820494e+03 1.037801786194641451e+01 6.917041260269827033e-04
2.544619360728866923e+03 1.037608757812966509e+01 6.906018852581174592e-04
2.544626305560912897e+03 1.037896467351729335e+01 6.920509178049389721e-04
2.544633250392958416e+03 1.037889795027931505e+01 6.919600636605798818e-04
2.544640195224538729e+03 1.037913078288764979e+01 6.920033827447129391e-04
2.544647140056119497e+03 1.038011217207176351e+01 6.924890243241511086e-04
2.544654084887698900e+03 1.038057157609858372e+01 6.926070473749583716e-04
2.544661029719279213e+03 1.038103615699487037e+01 6.930853620548732465e-04
2.544667974550393865e+03 1.038123320461077270e+01 6.932852999391782853e-04
2.544674919381508516e+03 1.038005994911674534e+01 6.925679957979095696e-04
2.544681864212623623e+03 1.037922128086278128e+01 6.920185774266867339e-04
2.544688809043737820e+03 1.037973133635142808e+01 6.922756118763067918e-04
2.544695753874852016e+03 1.038009615283113618e+01 6.925431306397778581e-04
2.544702698705501007e+03 1.037904511768990545e+01 6.923087270316522065e-04
2.544709643536150452e+03 1.038047220024801298e+01 6.928216024583887722e-04
2.544716588366798987e+03 1.038004095347805489e+01 6.927812848514311320e-04
2.544723533197447068e+03 1.037994133690713916e+01 6.924968840189828180e-04
2.544730478027630852e+03 1.037857013310507526e+01 6.921751439281236028e-04
2.544737422857813726e+03 1.037705425259149195e+01 6.911710011302106983e-04
2.544744367687995691e+03 1.037831244308342171e+01 6.917870399680238133e-04
2.544751312518179475e+03 1.037709105128194587e+01 6.911754172963097392e-04
2.544758257347897143e+03 1.037691839233001367e+01 6.911336663462597707e-04
2.544765202178079562e+03 1.037716717838013203e+01 6.910487592567352705e-04
2.544772147007797685e+03 1.037814170168448946e+01 6.916584584601446822e-04
2.544779091837050146e+03 1.037819317134965225e+01 6.917084859849555916e-04
2.544813815983774475e+03 1.038301840149993716e+01 6.936960196352163523e-04
2.544820760813026482e+03 1.038431701788252859e+01 6.942804376748163385e-04
2.544827705641812827e+03 1.038480950034483463e+01 6.944116013403988383e-04
2.544834650470598717e+03 1.038828028780982926e+01 6.960821085742095130e-04
2.544841595299385062e+03 1.038636563418188175e+01 6.949893176089860097e-04
2.544848540127705746e+03 1.038859332751516007e+01 6.958334146806911293e-04
2.544855484956492091e+03 1.038863917140980675e+01 6.956959528423150045e-04
2.544862429784812775e+03 1.038985653867202963e+01 6.964932560081813027e-04
2.544869374613132550e+03 1.038883344187934732e+01 6.956362363683377906e-04
2.544876319440986663e+03 1.039163814133344488e+01 6.971728043555344614e-04
2.544883264269307801e+03 1.039134522258536286e+01 6.970169530648875986e-04
2.544890209097163279e+03 1.039279360668201946e+01 6.974917786760636857e-04
2.544897153918498134e+03 1.039504891405061038e+01 6.984367031223331218e-04
2.544904098746353156e+03 1.039525369935328847e+01 6.984321048374598096e-04
2.544911043574209089e+03 1.039488391227867758e+01 6.981296265356937928e-04
2.544917988401597086e+03 1.039471289178615621e+01 6.975997292876086288e-04
2.544924933228986447e+03 1.039696157501665219e+01 6.990600254421417119e-04
2.544931878056376263e+03 1.039582863883311425e+01 6.983089662689725193e-04
2.544938822883765170e+03 1.039832340214091566e+01 6.994867119177167582e-04
2.544945767710688415e+03 1.040020681394058855e+01 7.006566733449779956e-04
2.544952712537612115e+03 1.039995199128905945e+01 7.004908763059328842e-04
2.544959657364534905e+03 1.039878974752467578e+01 6.997628291266463950e-04
2.544966602191459060e+03 1.040126143948927506e+01 7.013373215457951006e-04
2.544973547017918008e+03 1.039892542113857488e+01 6.995174122573709049e-04
2.544980491844375138e+03 1.039768751266737290e+01 6.991028931404882733e-04
2.544987436670832722e+03 1.040100242079331849e+01 7.008083350263615008e-04
2.544994381497291215e+03 1.039968884979819741e+01 6.999789792667395014e-04
2.545001326323748799e+03 1.040023866612345849e+01 7.003936475113091116e-04
2.545008271149740722e+03 1.039816831164394095e+01 6.991610452767988131e-04
2.545015215975733099e+03 1.039894590160192145e+01 6.996844640027782619e-04
2.545022160801724567e+03 1.039998387794242696e+01 7.002725298086975034e-04
2.545029105627716945e+03 1.039922320475179873e+01 6.997689421798922909e-04
2.545036050453243661e+03 1.039688056455881338e+01 6.984141283250472690e-04
2.545042995278769922e+03 1.039855430268819347e+01 6.997093826410047835e-04
2.545049940104296184e+03 1.039816359145477520e+01 6.996954114641914559e-04
2.545056884929823354e+03 1.039694924409804422e+01 6.988655562524755159e-04
2.545063829755350071e+03 1.039391038275525680e+01 6.973195399584022729e-04
2.545070774580410216e+03 1.039619483011463963e+01 6.988928969486373280e-04
2.545077719405471726e+03 1.039416411223835723e+01 6.980273506495393967e-04
2.545084664230533235e+03 1.039190070984049896e+01 6.967701622113279050e-04
2.545091609055593381e+03 1.039070666122655773e+01 6.968658945950608613e-04
2.545098553880188774e+03 1.039106175448733005e+01 6.969505821000360332e-04
2.545105498704784623e+03 1.038902508537716507e+01 6.956204779610978758e-04
2.545112443529380016e+03 1.039082172261652381e+01 6.968422923757771606e-04
2.545119388353974500e+03 1.038836799409741474e+01 6.955168486265818481e-04
2.545126333178103778e+03 1.038778858882726652e+01 6.951540316937186324e-04
2.545133278002233510e+03 1.038744672011204706e+01 6.951486454388801101e-04
2.545140222826364152e+03 1.038808175699408665e+01 6.957955304057600321e-04
2.545147167650493429e+03 1.038666496448083443e+01 6.951729319133141813e-04
2.545154112474621797e+03 1.038802814327615920e+01 6.957166438547641866e-04
2.545161057298286323e+03 1.038675692690147123e+01 6.952392509327160689e-04
2.545168002121950849e+03 1.038660837949994331e+01 6.949494724851335275e-04
2.545174946945614010e+03 1.038872169927430811e+01 6.961313835717696224e-04
2.545181891769278081e+03 1.038676292946789737e+01 6.949588274798881816e-04
2.545188836592476036e+03 1.038719311818761248e+01 6.951212437397186628e-04
2.545195781415674446e+03 1.038589907617503982e+01 6.946140322099996151e-04
2.545202726238873765e+03 1.038825258840187082e+01 6.957978491106246461e-04
2.545209671062070811e+03 1.038686837465032298e+01 6.948496737540389842e-04
2.545216615885268766e+03 1.038880450776071918e+01 6.961091581424919258e-04
2.545223560708001969e+03 1.038811268830093759e+01 6.954754695596032004e-04
2.545230505530735172e+03 1.038875162296869981e+01 6.959717586212309194e-04
2.545237450353467011e+03 1.038884992141774077e+01 6.962637391971822224e-04
2.545244395175734098e+03 1.038916661799757080e+01 6.963207259082310413e-04
2.545251339998467301e+03 1.038760548344483858e+01 6.949566973410495341e-04
2.545258284820733934e+03 1.038929896766179972e+01 6.959698362701991978e-04
2.545265229643000566e+03 1.039025915449995985e+01 6.962982274577141561e-04
2.545272174464801992e+03 1.039110347102501564e+01 6.964477956078987848e-04
2.545279119287069079e+03 1.039317735560148925e+01 6.977384855544770982e-04
2.545286064108870050e+03 1.039384734128265109e+01 6.978049798668031507e-04
2.545293008930670567e+03 1.039665938719067917e+01 6.992278748313030673e-04
2.545299953752471993e+03 1.039977830041854467e+01 7.007386904300267477e-04
2.545306898573807302e+03 1.039760874630644949e+01 6.992515480004942840e-04
2.545313843395609183e+03 1.040035645246273255e+01 7.004385202860666758e-04
2.545320788216944948e+03 1.040138996449827857e+01 7.005373124772900197e-04
2.545327733037814141e+03 1.040360712699252765e+01 7.016975079449971940e-04
2.545334677859150361e+03 1.040572045092997477e+01 7.023171799597638246e-04
2.545341622680020919e+03 1.040702324422436398e+01 7.027698897015979915e-04
2.545348567501356229e+03 1.041164210053154271e+01 7.050581610127817185e-04
2.545355512322225422e+03 1.041201992461041037e+01 7.049706380371669042e-04
2.545362457142630774e+03 1.041511180516638824e+01 7.064219539971621289e-04
2.545369401963500422e+03 1.041797249400139869e+01 7.075938062540181516e-04
2.545376346783904410e+03 1.041779482019587810e+01 7.071949285921797857e-04
2.545383291604309306e+03 1.042078548231903490e+01 7.084589240467813924e-04
2.545390236424712384e+03 1.042285211944013668e+01 7.093051026821099118e-04
2.545397181244651620e+03 1.042374548946928670e+01 7.092370691446407910e-04
2.545404126065056516e+03 1.042758118809513590e+01 7.111569823217471715e-04
2.545411070884994388e+03 1.043090077698977503e+01 7.127210606935891878e-04
2.545418015704932259e+03 1.043051655510533671e+01 7.121973389252104049e-04
2.545424960524406742e+03 1.043473873450954059e+01 7.144287538456802400e-04
2.545431905344345068e+03 1.043586668611589552e+01 7.146342493577897493e-04
2.545438850163817733e+03 1.043661807678338427e+01 7.146002350817830555e-04
2.545445794983290398e+03 1.043902197030192625e+01 7.160498930978937771e-04
2.545452739802297401e+03 1.044197300504398029e+01 7.175795616859646483e-04
2.545459684621771430e+03 1.044300204132349208e+01 7.176361328280921785e-04
2.545466629440778433e+03 1.044168033093551351e+01 7.165966172770190041e-04
2.545473574259784982e+03 1.044566958011230007e+01 7.188878047122696695e-04
2.545480519078792895e+03 1.044460984609899690e+01 7.179270848265965248e-04
2.545487463897335147e+03 1.044717607761477574e+01 7.197887978070580074e-04
2.545494408716342150e+03 1.044922898219525997e+01 7.205409709423377974e-04
2.545501353534883492e+03 1.044777974659515785e+01 7.194653702018686961e-04
2.545508298353425744e+03 1.044902116426956695e+01 7.204088491756179165e-04
2.545515243171501425e+03 1.044903124253256088e+01 7.203625487632481662e-04
2.545522187990042767e+03 1.044992690755223919e+01 7.204002454632944938e-04
2.545529132808118902e+03 1.044985516699434136e+01 7.203710966476949791e-04
2.545536077626194583e+03 1.045142757669225553e+01 7.211686346769291805e-04
2.545543022444271628e+03 1.045110229094345655e+01 7.212977744186162320e-04
2.545549967261882102e+03 1.045164789252717163e+01 7.212956332854926749e-04
2.545556912079490758e+03 1.045125845372909090e+01 7.208629030410085726e-04
2.545563856897101687e+03 1.045277157100778354e+01 7.217255718310532043e-04
2.545570801714713070e+03 1.045160347194174122e+01 7.209231711052530630e-04
2.545577746532321726e+03 1.045233239691675031e+01 7.215427420650755500e-04
2.545584691349466539e+03 1.045102641804280985e+01 7.208435673708626229e-04
2.545591636166610897e+03 1.045236635672007708e+01 7.214790131240607796e-04
2.545598580983755710e+03 1.045298586736335444e+01 7.218710212346686602e-04
2.545605525800901432e+03 1.044934926654031848e+01 7.198884621008182390e-04
2.545612470617580129e+03 1.045034071068477566e+01 7.204778849309255960e-04
2.545619415434258372e+03 1.044971398096257076e+01 7.205981434435413616e-04
2.545626360250937978e+03 1.045157907110630724e+01 7.214999899855571936e-04
2.545633305067618039e+03 1.044967980652670114e+01 7.207552767190836349e-04
2.545640249883829711e+03 1.044928467818498952e+01 7.201930856951565315e-04
2.545647194700509317e+03 1.044764340741848763e+01 7.193562080011013573e-04
2.545654139516723262e+03 1.044694480530835889e+01 7.188625283109812423e-04
2.545661084332471091e+03 1.044830156508359131e+01 7.197642277092393924e-04
2.545668029148683672e+03 1.044949138631744390e+01 7.209256550193702054e-04
2.545674973964431501e+03 1.045000982540601520e+01 7.210424355746742828e-04
2.545681918780179330e+03 1.044876989642656540e+01 7.207036974527079474e-04
2.545688863595927614e+03 1.044892839082679004e+01 7.205738870803504335e-04
2.545695808411674989e+03 1.044734702379042623e+01 7.194977110697631153e-04
2.545702753226955792e+03 1.044625161698473725e+01 7.186742627317356568e-04
2.545709698042238415e+03 1.044656132121400383e+01 7.188260694251371805e-04
2.545716642857521038e+03 1.044934272345852655e+01 7.202519141297004154e-04
2.545723587672801841e+03 1.044926191447021857e+01 7.199869466345212464e-04
2.545730532487618802e+03 1.044822967316511786e+01 7.195507924397195366e-04
2.545737477302901425e+03 1.044937931963603539e+01 7.201017487245775723e-04
2.545744422117717477e+03 1.045001161143887103e+01 7.202527380412341402e-04
2.545751366932068777e+03 1.045259997647155181e+01 7.216795330440425264e-04
2.545758311746884374e+03 1.045425036795097995e+01 7.224903716991875995e-04
2.545765256561235219e+03 1.045319206345994267e+01 7.214947484555726256e-04
2.545772201375586519e+03 1.045413303216139234e+01 7.221068270991679375e-04
2.545779146189936910e+03 1.045356992563410437e+01 7.217776140907626679e-04
2.545786091004287300e+03 1.045643579641188126e+01 7.234715979752729753e-04
2.545793035818171575e+03 1.045632881636407596e+01 7.231370052155924964e-04
2.545799980632057668e+03 1.045792751867078785e+01 7.239212500612835118e-04
2.545806925445942397e+03 1.045695318272852958e+01 7.232389054614592454e-04
2.545813870259827581e+03 1.045965843474706958e+01 7.246949740634994665e-04
2.545820815073247104e+03 1.046081144703128274e+01 7.250783932237085715e-04
2.545827759887131833e+03 1.046152717698640977e+01 7.254199489305873617e-04
2.545834704700086149e+03 1.046306424972111415e+01 7.260779084620201228e-04
2.545841649513505217e+03 1.046325057370555278e+01 7.256512576056358332e-04
2.545848594326923376e+03 1.046673801414408445e+01 7.277725215622908713e-04
2.545855539139877692e+03 1.046964617462841041e+01 7.285923756162471102e-04
2.545862483952832008e+03 1.047137305702561783e+01 7.293078513671413928e-04
2.545869428765784960e+03 1.047645788860755900e+01 7.318275996026882453e-04
2.545876373578273160e+03 1.047829688954178984e+01 7.326445616689573979e-04
2.545883318391227476e+03 1.047917416216690079e+01 7.325086871716571290e-04
2.545890263203715222e+03 1.048128010190764137e+01 7.334545835868370870e-04
2.545897208016203422e+03 1.048355114849196212e+01 7.346907888561214585e-04
2.545904152828225506e+03 1.048766888986168411e+01 7.365746061405728864e-04
2.545911097640713706e+03 1.048579804460046816e+01 7.350124637607618376e-04
2.545918042452736699e+03 1.049117556414669572e+01 7.381391746664347055e-04
2.545924987264758784e+03 1.049191687462781886e+01 7.382795286573601810e-04
2.545931932076780413e+03 1.049246914427449084e+01 7.379331867272390013e-04
2.545938876888338200e+03 1.049760171581869095e+01 7.409050551336457315e-04
2.545945821699895077e+03 1.049675968725904518e+01 7.400226572271167069e-04
2.545952766511451046e+03 1.049901481262366154e+01 7.411303537295670140e-04
2.545959711323007468e+03 1.049916975872891989e+01 7.409484012301470425e-04
2.545966656134564801e+03 1.050175994438804139e+01 7.422641400586808737e-04
2.545973600945656017e+03 1.050101226075455507e+01 7.418085843288751589e-04
2.545980545756746324e+03 1.050304471264162309e+01 7.423587157995344826e-04
2.545987490567837995e+03 1.050586158412247606e+01 7.441913413463866530e-04
2.545994435378463095e+03 1.050630840252842368e+01 7.444022113977012299e-04
2.546001380189554766e+03 1.050548569614652372e+01 7.437706287842956159e-04
2.546008325000179866e+03 1.050817038750446919e+01 7.451230258202126006e-04
2.546015269810804512e+03 1.050775061309266256e+01 7.447971032373493921e-04
2.546022214620964405e+03 1.050825094832443618e+01 7.452120173434102161e-04
2.546029159431590415e+03 1.050979904203321347e+01 7.457804347406353420e-04
2.546036104241749854e+03 1.051112230546812754e+01 7.466911812016003387e-04
2.546043049051909293e+03 1.051007319982508648e+01 7.462595595255671396e-04
2.546049993862068732e+03 1.050689657524867116e+01 7.439551537912685942e-04
2.546056938671763419e+03 1.050954549761533485e+01 7.458516823848803301e-04
2.546063883481458106e+03 1.050903682633449954e+01 7.453657306069117784e-04
2.546070828291151884e+03 1.050758948322281761e+01 7.447603360911511303e-04
2.546077773100844752e+03 1.050975929404271803e+01 7.462123235096398705e-04
2.546084717910540348e+03 1.050798469251494716e+01 7.449176132024700261e-04
2.546091662719768919e+03 1.050686879945870267e+01 7.445791952155883650e-04
2.546098607528997491e+03 1.050320894610829647e+01 7.425959409203326160e-04
2.546105552338226062e+03 1.050409567828466173e+01 7.434273543436424906e-04
2.546112497147453723e+03 1.050225262253784742e+01 7.424286677293553700e-04
2.546119441956217543e+03 1.050430380564082355e+01 7.438595209277406488e-04
2.546126386764979998e+03 1.050182606483111414e+01 7.422501130290535274e-04
2.546133331573741998e+03 1.050111872539484459e+01 7.420321369159696640e-04
2.546140276382505363e+03 1.050105896491541735e+01 7.421318573063328443e-04
2.546147221190803066e+03 1.050066047198387587e+01 7.421445258354457441e-04
2.546154165999098950e+03 1.049888324085258873e+01 7.412626092471345319e-04
2.546161110807395744e+03 1.049911157047726284e+01 7.413369844909361390e-04
2.546168055615693447e+03 1.049783701827434612e+01 7.407496150598921964e-04
2.546175000423525034e+03 1.049942152945090612e+01 7.412935356060249914e-04
2.546181945231822283e+03 1.049976922939034196e+01 7.418297863423350524e-04
2.546188890039653415e+03 1.050020139834916399e+01 7.418851777629332416e-04
2.546195834847019796e+03 1.050031230910398250e+01 7.418209328226362149e-04
2.546202779654851838e+03 1.049817714592718509e+01 7.405271682022029726e-04
2.546209724462216855e+03 1.049960122624970715e+01 7.414679534486198547e-04
2.546216669269581871e+03 1.049842738892635730e+01 7.405488177344107283e-04
2.546223614076947342e+03 1.049827126998067151e+01 7.405291323932768673e-04
2.546230558884313723e+03 1.049802513379284541e+01 7.403249338961884586e-04
2.546237503691213988e+03 1.050197425144651042e+01 7.425705498867347931e-04
2.546244448498114252e+03 1.050388109243564827e+01 7.435661864907980399e-04
2.546251393305014062e+03 1.050383440019153092e+01 7.438928509417683417e-04
2.546258338111913417e+03 1.050480711173822534e+01 7.440715312563051268e-04
2.546265282918348476e+03 1.050594908156045371e+01 7.443920786220617394e-04
2.546272227724783079e+03 1.050798366269203221e+01 7.451952916286382674e-04
2.546279172531217228e+03 1.050879751153044772e+01 7.456229721851542497e-04
2.546286117337652286e+03 1.050959633002889682e+01 7.456036033271583709e-04
2.546293062143620773e+03 1.050943098978301471e+01 7.454029714477973566e-04
2.546300006949589260e+03 1.051313632282815469e+01 7.475569981101598668e-04
2.546306951755557748e+03 1.051401869474920048e+01 7.475103627717060708e-04
2.546313896561527599e+03 1.051650570797339235e+01 7.489492937153037619e-04
2.546320841367496087e+03 1.051659189630096947e+01 7.484683763951291121e-04
2.546327786172999367e+03 1.052078434239595062e+01 7.508730320792993866e-04
2.546334730978502193e+03 1.052333433574912291e+01 7.520208583081057409e-04
2.546341675784005929e+03 1.052288710786180737e+01 7.516284605246916850e-04
2.546348620589044003e+03 1.052504187085587972e+01 7.518414153676781326e-04
2.546355565394546375e+03 1.052811948358126592e+01 7.536061735467198359e-04
2.546362510199583539e+03 1.052859254668775257e+01 7.536497586680152450e-04
2.546369455004156407e+03 1.053171724047932933e+01 7.550935242541163307e-04
2.546376399809194027e+03 1.053379828011543751e+01 7.559257218113879604e-04
2.546383344613765530e+03 1.053643296502570870e+01 7.573365077451528352e-04
2.546390289418803150e+03 1.053650770767074540e+01 7.568110195478563096e-04
2.546397234222908537e+03 1.054174704853026689e+01 7.600464865151195393e-04
2.546404179027480495e+03 1.054393587938455745e+01 7.611882726140613070e-04
2.546411123831587247e+03 1.054526995052821015e+01 7.615059271476168129e-04
2.546418068636157841e+03 1.054541484329763357e+01 7.612167097655721595e-04
2.546425013439798477e+03 1.054800553839762145e+01 7.624956944468039592e-04
2.546431958243904774e+03 1.055167194746918291e+01 7.645534265747151769e-04
2.546438903048011070e+03 1.055134607299689442e+01 7.639196649576504138e-04
2.546445847851651706e+03 1.055129668454129366e+01 7.635073196478721564e-04
2.546452792655291887e+03 1.055583367030052422e+01 7.661768140783322290e-04
2.546459737458932523e+03 1.055775479210233492e+01 7.668697395964302072e-04
2.546466682262107497e+03 1.056062578321477297e+01 7.684256254998948158e-04
2.546473627065282471e+03 1.055847275030111021e+01 7.667622184339235522e-04
2.546480571868456991e+03 1.056068512852422536e+01 7.678396014807552629e-04
2.546487516671631965e+03 1.056242860400076111e+01 7.689721179804052129e-04
2.546494461474807395e+03 1.056233582028840345e+01 7.685391182081726833e-04
2.546501406277516253e+03 1.056244037791118551e+01 7.687053971389243463e-04
2.546508351080226021e+03 1.056415310127854745e+01 7.693866150260081447e-04
2.546515295882934424e+03 1.056665239694106617e+01 7.709906256159304149e-04
2.546522240685178531e+03 1.056756700366068280e+01 7.715547124584123950e-04
2.546529185487887844e+03 1.056746176012528515e+01 7.713747660149927743e-04
2.546536130290130586e+03 1.056775854871872333e+01 7.712656959486923749e-04
2.546543075091908577e+03 1.056794677348929845e+01 7.713080408453885494e-04
2.546550019894153138e+03 1.056807384324526566e+01 7.712993550160518507e-04
2.546556964695930219e+03 1.056763424422839570e+01 7.711012195426223109e-04
2.546563909498173416e+03 1.056705190235801517e+01 7.710510172905755749e-04
2.546570854299486200e+03 1.056635645051847661e+01 7.705702848124478671e-04
2.546577799101263736e+03 1.056747038441543829e+01 7.713958926827044725e-04
2.546584743902575610e+03 1.056626292134147960e+01 7.706277681113108497e-04
2.546591688704354056e+03 1.056580520209343810e+01 7.706462324643203023e-04
2.546598633505665475e+03 1.056622109829541323e+01 7.706857631828474423e-04
2.546605578306512598e+03 1.056430448348381645e+01 7.695936301600831341e-04
2.546612523107824927e+03 1.056312258934810622e+01 7.690648218202073396e-04
2.546619467908671140e+03 1.056464991245226770e+01 7.702587054083473049e-04
2.546626412709517354e+03 1.056589986770995715e+01 7.710173718287978211e-04
2.546633357509898815e+03 1.056431165856609233e+01 7.700111332914877892e-04
2.546640302310745028e+03 1.056342471779343128e+01 7.690784639229992711e-04
2.546647247111125580e+03 1.056494226443689222e+01 7.704537605063651760e-04
2.546654191911507041e+03 1.056114041043816876e+01 7.683160410569671870e-04
2.546661136711888048e+03 1.056131514806534177e+01 7.683966010484092517e-04
2.546668081511804303e+03 1.056040743848906516e+01 7.680181261102821339e-04
2.546675026312183491e+03 1.056243253881486588e+01 7.698751192911412527e-04
2.546681971112098836e+03 1.056036448435130559e+01 7.683064982297426859e-04
2.546688915911548520e+03 1.056005158159063129e+01 7.680514261168049908e-04
2.546695860711463865e+03 1.056140187387666884e+01 7.687504959891164336e-04
2.546702805510913549e+03 1.056221289292063936e+01 7.693071304716512767e-04
2.546709750310363233e+03 1.056074753117110809e+01 7.680004920256478917e-04
2.546716695109812463e+03 1.056084088115341402e+01 7.677945923423144413e-04
2.546723639909262602e+03 1.056257761162680175e+01 7.689227627760635659e-04
2.546730584708246170e+03 1.056803163796045730e+01 7.722070726117690430e-04
2.546737529507228828e+03 1.056473183367666557e+01 7.698711115556317996e-04
2.546744474306214215e+03 1.056737027576621379e+01 7.713722800450627552e-04
2.546751419104733031e+03 1.056838811257951427e+01 7.715519906980485400e-04
2.546758363903716145e+03 1.057065397447257382e+01 7.729142292042533212e-04
2.546765308702233597e+03 1.057420544747414048e+01 7.748590206956617937e-04
2.546772253500752413e+03 1.056966072057778483e+01 7.718483585253655375e-04
2.546779198298805568e+03 1.057249380453172982e+01 7.731333988052269731e-04
2.546786143097323929e+03 1.057650221760122378e+01 7.752648770871311233e-04
2.546793087895375720e+03 1.057471398327263756e+01 7.740360923335953868e-04
2.546800032693428875e+03 1.057826120609080789e+01 7.759247659349546682e-04
2.546806977491016369e+03 1.058326081555984466e+01 7.793697547518083860e-04
2.546813922289067705e+03 1.058315447037431234e+01 7.785614586899097193e-04
2.546820867086654289e+03 1.058452060888667745e+01 7.792868991100678844e-04
2.546827811884241783e+03 1.058378510246839177e+01 7.781995679745933904e-04
2.546834756681829276e+03 1.058845646510599714e+01 7.811356210808065434e-04
2.546841701478950199e+03 1.058908137048298315e+01 7.812029329817973345e-04
2.546848646276071122e+03 1.059046822336323679e+01 7.815525872876531071e-04
2.546855591073192045e+03 1.059310868188028998e+01 7.824584549104752649e-04
2.546862535870313877e+03 1.059564509978423530e+01 7.839326651908530173e-04
2.546869480666970048e+03 1.059776043761990927e+01 7.850396708075247244e-04
2.546876425463624400e+03 1.059975176408880948e+01 7.855346648683168191e-04
2.546883370260279662e+03 1.060181468925371107e+01 7.864067002689432203e-04
2.546890315056936743e+03 1.060506906188795462e+01 7.883244509131972664e-04
2.546897259853126343e+03 1.061003989263815406e+01 7.910143574166220550e-04
2.546904204649782059e+03 1.061368063629770830e+01 7.931821109979864332e-04
2.546911149445971205e+03 1.061540122425905786e+01 7.935891688146840548e-04
2.546918094241696053e+03 1.061550540001766585e+01 7.928397691394870614e-04
2.546925039037887018e+03 1.061784671797167867e+01 7.942681568666834805e-04
2.546931983833610047e+03 1.062151908323010652e+01 7.961232434414537706e-04
2.546938928629334441e+03 1.062164415762807046e+01 7.960252118781840610e-04
2.546945873425059290e+03 1.062389697855740422e+01 7.967829705995084283e-04
2.546952818220318022e+03 1.062637101332532552e+01 7.982681569223899938e-04
2.546959763015575845e+03 1.062632618885364089e+01 7.978973535739923443e-04
2.546966707810834123e+03 1.062847380724147861e+01 7.991006596891141699e-04
2.546973652606092401e+03 1.062903894032446495e+01 7.996064493343630264e-04
2.546980597401351588e+03 1.062775931475479574e+01 7.983100532839936371e-04
2.546987542196145114e+03 1.063292515294109464e+01 8.017728211903179690e-04
2.546994486990937730e+03 1.062956744854460389e+01 7.994304962110506101e-04
2.547001431785731256e+03 1.063412686374229743e+01 8.021285609166719848e-04
2.547008376580058211e+03 1.063204878844778278e+01 8.009051860548115076e-04
2.547015321374851737e+03 1.063371855966877000e+01 8.013900720552993590e-04
2.547022266169177783e+03 1.063380252246964908e+01 8.018510888368915283e-04
2.547029210963039532e+03 1.063612453952099202e+01 8.028769549496140700e-04
2.547036155757367851e+03 1.063596016010544965e+01 8.029011906861855535e-04
2.547043100551229145e+03 1.063410876512339698e+01 8.018800581120576329e-04
2.547050045345089984e+03 1.063507940950574771e+01 8.024908372403755487e-04
2.547056990138951733e+03 1.063453402626622513e+01 8.020639637548144466e-04
2.547063934932813481e+03 1.063501437152070217e+01 8.028858517877608030e-04
2.547070879726210023e+03 1.063826771671044646e+01 8.053205626719087346e-04
2.547077824519605201e+03 1.063486144796569199e+01 8.027499575203998370e-04
2.547084769313000834e+03 1.063115283671360167e+01 8.009011493823437562e-04
2.547091714105932624e+03 1.063026807223676684e+01 7.999022236371578507e-04
2.547098658898863050e+03 1.062957105666263757e+01 7.995759117379913801e-04
2.547105603692258228e+03 1.063259640354392310e+01 8.017508916526557353e-04
2.547112548484722538e+03 1.062887065011489263e+01 7.994198343821248050e-04
2.547119493277653419e+03 1.063109604201328473e+01 8.010450663411226033e-04
2.547126438070117729e+03 1.062954278474207293e+01 8.003445066835879152e-04
2.547133382862582494e+03 1.062883487141747985e+01 7.994321856336125253e-04
2.547140327655047258e+03 1.062790067979986119e+01 7.992394184673360692e-04
2.547147272447511568e+03 1.062726475422444672e+01 7.986290621167154444e-04
2.547154217239511127e+03 1.062744051909153953e+01 7.986835901985408744e-04
2.547161162031509775e+03 1.062761764044421220e+01 7.990309367964284603e-04
2.547168106823508424e+03 1.062787709745128950e+01 7.993680771095644554e-04
2.547175051615042321e+03 1.062732134543043117e+01 7.986266136296706021e-04
2.547181996407041424e+03 1.062781144376134890e+01 7.991710236127285219e-04
2.547188941198574412e+03 1.062889736387871586e+01 7.998173607001511469e-04
2.547195885989642193e+03 1.062902672182992880e+01 7.993076091300822805e-04
2.547202830781175180e+03 1.062995888363852970e+01 8.000608457682265116e-04
2.547209775572243416e+03 1.063189542922336273e+01 8.012608722263174672e-04
2.547216720363310742e+03 1.063169936650963443e+01 8.010374611216668867e-04
2.547223665154378068e+03 1.063293185759066972e+01 8.018550806457435277e-04
2.547230609945446304e+03 1.063079994808327378e+01 8.002916106887132067e-04
2.547237554736048878e+03 1.063078429904019906e+01 7.999931884988215145e-04
2.547244499526650088e+03 1.063174232976408895e+01 8.006053758151094159e-04
2.547251444317251298e+03 1.063351017284462507e+01 8.021390432551468589e-04
2.547258389107388211e+03 1.063219410444388480e+01 8.011908187344820307e-04
2.547265333897990786e+03 1.063750333801187686e+01 8.042107380978785790e-04
2.547272278688126789e+03 1.063193044907885110e+01 8.003801007331473594e-04
2.547279223478262793e+03 1.063487915927758110e+01 8.026204105323969055e-04
2.547286168267933590e+03 1.063711349823324959e+01 8.036156149887288156e-04
2.547293113057604387e+03 1.063594329675662387e+01 8.027551609102563050e-04
2.547300057847274729e+03 1.063740158781208756e+01 8.035569978437999677e-04
2.547307002636945526e+03 1.064076647853986124e+01 8.058244776056845086e-04
2.547313947426615869e+03 1.063892063797517906e+01 8.046330282108745194e-04
2.547320892215821459e+03 1.064097824420829141e+01 8.055474633505402184e-04
2.547327837005026595e+03 1.064162190506177730e+01 8.055332356927254146e-04
2.547334781794232185e+03 1.064193413686327006e+01 8.056337387685435624e-04
2.547341726582971205e+03 1.064313443600400788e+01 8.063249636149399848e-04
2.547348671372176796e+03 1.064476366311118660e+01 8.069069845540640653e-04
2.547355616160915815e+03 1.064624367734193733e+01 8.076006697557416500e-04
2.547362560949655744e+03 1.064808447161505889e+01 8.083371986644284505e-04
2.547369505737929103e+03 1.065222162369994230e+01 8.113321059227999402e-04
2.547376450526202461e+03 1.065203201516316156e+01 8.103144827581472811e-04
2.547383395314476729e+03 1.065426235371420738e+01 8.114666321745300087e-04
2.547390340102750088e+03 1.065709375079385701e+01 8.128640865654275169e-04
2.547397284891022991e+03 1.065761076093493465e+01 8.132783914130243489e-04
2.547404229678831143e+03 1.066240269019369258e+01 8.163841486851335094e-04
2.547411174466639750e+03 1.066259123449469648e+01 8.157798381233846968e-04
2.547418119254447447e+03 1.066572909716601636e+01 8.176459161507257942e-04
2.547425064041789938e+03 1.066770192283234842e+01 8.184328867161313071e-04
2.547432008829132428e+03 1.066836317482566976e+01 8.188491574587516237e-04
2.547438953616475374e+03 1.067219865098965492e+01 8.208632120087289499e-04
2.547445898403817409e+03 1.067282113625415541e+01 8.206607586387559480e-04
2.547452843190692874e+03 1.067620523067733984e+01 8.225226424026376056e-04
2.547459787978035820e+03 1.067537849619130874e+01 8.216737666893565110e-04
2.547466732764913104e+03 1.067545588558288649e+01 8.216792655705593227e-04
2.547473677551323817e+03 1.067830177146967507e+01 8.231076809748970281e-04
2.547480622338200192e+03 1.068018205185355818e+01 8.242199470083369332e-04
2.547487567124610905e+03 1.067830975029568386e+01 8.223449010198531552e-04
2.547494511911022983e+03 1.068257511402109472e+01 8.252416032110849184e-04
2.547501456697435060e+03 1.067972409914669818e+01 8.231003868040902803e-04
2.547508401483379203e+03 1.068298066549946945e+01 8.259297283561113038e-04
2.547515346269324255e+03 1.068303723379644588e+01 8.249233375521256581e-04
2.547522291055270216e+03 1.068516241642967124e+01 8.263777232564617665e-04
2.547529235841215268e+03 1.068573619788081430e+01 8.268381613479794520e-04
2.547536180626694659e+03 1.068685505436241989e+01 8.276037841625687522e-04
2.547543125412174504e+03 1.068443015604261603e+01 8.257347148356542713e-04
2.547550070197654350e+03 1.068577611517458692e+01 8.268135516272743764e-04
2.547557014983134650e+03 1.068375395512462411e+01 8.252649666243797467e-04
2.547563959768148379e+03 1.068633891545799486e+01 8.276108282219202987e-04
2.547570904553162563e+03 1.068189025014782167e+01 8.246135654241486647e-04
2.547577849338176748e+03 1.068363422159356979e+01 8.261819024522396157e-04
2.547584794123190932e+03 1.067851255772474595e+01 8.227748556714863234e-04
2.547591738907739455e+03 1.067998647410932556e+01 8.244116391051983881e-04
2.547598683692287523e+03 1.067790097576066977e+01 8.235381153877958504e-04
2.547605628476835591e+03 1.067650341765250488e+01 8.223696155854533663e-04
2.547612573260919817e+03 1.067635608857101914e+01 8.224370309899534147e-04
2.547619518045467430e+03 1.067575892239925217e+01 8.226606033855341513e-04
2.547626462829550292e+03 1.066785449835676758e+01 8.172423442509166519e-04
2.547633407613633608e+03 1.067304685376839402e+01 8.216773386356437643e-04
2.547640352397249899e+03 1.066661811353796097e+01 8.173542818211678102e-04
2.547647297180867554e+03 1.066413860128682245e+01 8.158803756072882749e-04
2.547654241964483845e+03 1.066391214730501602e+01 8.166026777177284391e-04
2.547661186748101500e+03 1.066262451880576911e+01 8.162246216016136573e-04
2.547668131531718245e+03 1.065830050706500920e+01 8.136198912937753474e-04
2.547675076314870239e+03 1.065716890472842415e+01 8.131510763162957522e-04
2.547682021098020414e+03 1.065615321704906115e+01 8.127638548100896664e-04
2.547688965881171498e+03 1.065438926716401014e+01 8.119007045550921675e-04
2.547695910663858740e+03 1.065360746764205935e+01 8.117247883560376734e-04
2.547702855446544163e+03 1.065072931067116180e+01 8.103274011466104045e-04
2.547709800229230041e+03 1.064662021897528099e+01 8.076170217728098491e-04
2.547716745011915009e+03 1.064608303317255356e+01 8.073307215264262631e-04
2.547723689794135680e+03 1.064578216319747561e+01 8.078241751412850022e-04
2.547730634576355897e+03 1.064202675533500830e+01 8.059653359609408830e-04
2.547737579358576113e+03 1.064034437503706165e+01 8.050349171987683690e-04
2.547744524140795420e+03 1.063898613356650635e+01 8.050849988460223507e-04
2.547751468922550430e+03 1.063604022422906503e+01 8.029176672519376190e-04
2.547758413704305440e+03 1.063577780299877951e+01 8.032908794574861264e-04
2.547765358478143753e+03 1.063266231760488090e+01 8.013256242815862537e-04
2.547772303259897399e+03 1.063097398038301478e+01 8.004306332940073826e-04
2.547779248041187202e+03 1.062814971051323631e+01 7.991002554610207890e-04
2.547786192822476096e+03 1.062978571620346635e+01 8.004663847049255793e-04
2.547793137603764080e+03 1.062914320622904363e+01 8.000060405197860101e-04
2.547800082385052519e+03 1.062470520820460784e+01 7.979588047278843516e-04
2.547807027165876207e+03 1.062315227238319615e+01 7.965298194165312947e-04
2.547813971946699439e+03 1.062486116155229077e+01 7.980025348260490290e-04
2.547820916727523127e+03 1.062090504712906203e+01 7.959156180777366817e-04
2.547827861507878879e+03 1.062229855907622067e+01 7.964716439723690125e-04
2.547834806288237814e+03 1.061988161080712878e+01 7.950973306562827709e-04
2.547841751068595386e+03 1.061946210954961245e+01 7.950564156760916773e-04
2.547848695848952048e+03 1.061718158206038787e+01 7.936642968079569245e-04
2.547855640628843503e+03 1.062109239540606609e+01 7.966740676289495691e-04
2.547862585409201529e+03 1.061918208199152858e+01 7.952772425656851442e-04
2.547869530189093439e+03 1.061948289980014160e+01 7.955281751850181750e-04
2.547876474968519688e+03 1.061791386869884768e+01 7.943690875345180017e-04
2.547883419748411143e+03 1.061733130813956905e+01 7.936118079133805663e-04
2.547890364527837846e+03 1.062187744472063855e+01 7.971728409167422357e-04
2.547897309307263640e+03 1.061971293148777207e+01 7.949346699429580589e-04
2.547904254086223773e+03 1.062087250987790021e+01 7.961106361201130115e-04
2.547911198865184815e+03 1.062206954509659873e+01 7.966718614678469168e-04
2.547918143644144948e+03 1.062164870083026180e+01 7.965436154368418223e-04
2.547925088423105535e+03 1.062328616145732418e+01 7.971348981518466392e-04
2.547932033202066577e+03 1.062481696883193827e+01 7.979033503753778884e-04
2.547938977980561049e+03 1.062475289680384094e+01 7.978213842937554451e-04
2.547945922759055520e+03 1.062448109249143791e+01 7.975538524086635099e-04
2.547952867537550901e+03 1.062517797762527394e+01 7.976816227161303511e-04
2.547959812315580166e+03 1.062610512518343420e+01 7.978804425715510735e-04
2.547966757093608521e+03 1.062779498265769185e+01 7.992253562236398658e-04
2.547973701871637786e+03 1.063048787734256351e+01 8.008690895475936841e-04
2.547980646649666596e+03 1.063019851482066436e+01 8.002980690065498916e-04
2.547987591427230655e+03 1.063336910065121899e+01 8.022330315918397821e-04
2.547994536205259919e+03 1.062950706001889323e+01 7.996228369536674454e-04
2.548001480982357407e+03 1.063114267248392153e+01 8.008138888745631925e-04
2.548008425759921465e+03 1.063047880186689298e+01 8.002314825177107805e-04
2.548015370537019407e+03 1.063236427700201325e+01 8.016496038948938167e-04
2.548022315314117805e+03 1.063340041650304357e+01 8.025410327762178692e-04
2.548029260091215292e+03 1.063254835696590916e+01 8.015771573712582093e-04
2.548036204868312780e+03 1.063125677885868114e+01 8.006758527948911689e-04
2.548043149644945515e+03 1.063329776993909803e+01 8.022678744719701589e-04
2.548050094421576887e+03 1.063123211092482556e+01 8.007604007645801290e-04
2.548057039198209168e+03 1.063094835563636131e+01 8.008250063755749989e-04
2.548063983974376242e+03 1.062965002068588305e+01 8.003136759635713377e-04
2.548070928750542862e+03 1.062967154325997221e+01 8.004463659578570220e-04
2.548077873526709482e+03 1.062742199120680198e+01 7.989362613793463174e-04
2.548084818302876101e+03 1.062705643933716715e+01 7.989728240247437373e-04
2.548091763078575241e+03 1.062702242885580795e+01 7.989858683698919384e-04
2.548098707854276654e+03 1.062300970605661199e+01 7.966057640656383759e-04
2.548105652629978067e+03 1.062290355271463227e+01 7.965187038198359281e-04
2.548112597405678571e+03 1.062552168033073485e+01 7.989466489027348536e-04
2.548119542180913868e+03 1.062328649923872170e+01 7.972463340782710590e-04
2.548126486956149165e+03 1.062133915879907775e+01 7.965186701809530163e-04
2.548133431731384462e+03 1.062035364685642413e+01 7.961992393543162452e-04
2.548140376506154098e+03 1.061646339398351380e+01 7.938289216240819587e-04
2.548147321281388486e+03 1.061514069874324484e+01 7.935389692815254760e-04
2.548154266055693370e+03 1.061426647028991077e+01 7.930329904817984060e-04
2.548161210830463006e+03 1.061160940431829047e+01 7.915024055298490934e-04
2.548168155605232641e+03 1.061055803406669362e+01 7.912424503448534747e-04
2.548175100379536161e+03 1.060870946881493460e+01 7.904040377109011100e-04
2.548182045153374474e+03 1.060816620559508117e+01 7.903300211602017414e-04
2.548188989927678449e+03 1.060125763990747849e+01 7.862523808366446432e-04
2.548195934701517217e+03 1.060228937683905848e+01 7.871796028381684287e-04
2.548202879475354166e+03 1.060175565851870871e+01 7.871826579070130342e-04
2.548209824249192934e+03 1.059967948147958161e+01 7.863568442190609683e-04
2.548216769023031702e+03 1.059767860875883905e+01 7.853514891039975335e-04
2.548223713796404809e+03 1.059703591797725331e+01 7.856250796288181612e-04
2.548230658569777006e+03 1.059608766564273452e+01 7.846387033159316895e-04
2.548237603342683542e+03 1.059122142367454167e+01 7.816860080135030250e-04
2.548244548116055739e+03 1.059172801998965063e+01 7.822776681852449321e-04
2.548251492888963185e+03 1.058997229126261175e+01 7.813599141431994220e-04
2.548258437661869721e+03 1.058898635782868602e+01 7.811678176982064922e-04
2.548265382434311505e+03 1.058837159262280636e+01 7.808614660201204866e-04
2.548272327207218041e+03 1.058406513933632809e+01 7.782231497073081612e-04
2.548279271979659825e+03 1.058625826075702392e+01 7.799174653910815550e-04
2.548286216751635038e+03 1.058327663768973537e+01 7.779564523192080252e-04
2.548293161524075003e+03 1.058368442501476281e+01 7.787165595552512443e-04
2.548300106296051126e+03 1.058424815915603645e+01 7.795959028754833675e-04
2.548307051068027249e+03 1.058256487911729238e+01 7.788379368201461947e-04
2.548313995840002463e+03 1.058003495708251940e+01 7.769408251735044485e-04
2.548320940611512469e+03 1.058077497233362685e+01 7.776594781421296114e-04
2.548327885383022476e+03 1.058130851702284936e+01 7.781338291969492477e-04
2.548334830154532483e+03 1.057881829117966710e+01 7.765165347522843273e-04
2.548341774925576829e+03 1.057734342210550871e+01 7.754399375178358794e-04
2.548348719697085926e+03 1.057976052408485756e+01 7.771539218045783520e-04
2.548355664468130271e+03 1.057749194438944862e+01 7.760513241814883355e-04
2.548362609238709865e+03 1.057597493229178198e+01 7.755067620232921483e-04
2.548369554009754211e+03 1.057308361089435067e+01 7.738550540893552243e-04
2.548376498780332440e+03 1.057739537337084279e+01 7.763901793236763086e-04
2.548383443550910670e+03 1.057704426908501283e+01 7.761259127194069032e-04
2.548390388321024147e+03 1.057392533492978970e+01 7.741387679165497460e-04
2.548397333091602377e+03 1.057649177611524749e+01 7.759687757544193962e-04
2.548404277861714490e+03 1.057706311476060890e+01 7.762034806478353838e-04
2.548411222631362762e+03 1.057466318506884839e+01 7.745219336811870730e-04
2.548418167401476239e+03 1.057613091437194974e+01 7.757565242708572544e-04
2.548425112171123146e+03 1.057756138575900628e+01 7.763270278439794508e-04
2.548432056940770053e+03 1.057777669824796440e+01 7.764394243307783843e-04
2.548439001709951299e+03 1.057792272257606214e+01 7.763029555342214989e-04
2.548445946479599570e+03 1.057685205977198528e+01 7.756125272355429440e-04
2.548452891248781270e+03 1.057758660101361059e+01 7.759402812822197666e-04
2.548459836017962516e+03 1.057995659710370973e+01 7.773905922760128298e-04
2.548466780786678555e+03 1.058057659771916548e+01 7.773073922980570797e-04
2.548473725555395049e+03 1.057999955718019436e+01 7.771488100300498383e-04
2.548480670324110179e+03 1.058097897745862603e+01 7.775865781502663008e-04
2.548487615092825763e+03 1.058490275447615581e+01 7.802606346657649976e-04
2.548494559861076596e+03 1.058682803987383991e+01 7.808567276717388568e-04
2.548501504629327428e+03 1.058582197869969299e+01 7.801623774695550049e-04
2.548508449397576896e+03 1.058710187519394808e+01 7.808253756897622511e-04
2.548515394165827274e+03 1.058534872706651520e+01 7.794488867764948680e-04
2.548522338933611991e+03 1.058648720959397060e+01 7.800326987962187542e-04
2.548529283701395798e+03 1.058717105601258446e+01 7.805035058571001228e-04
2.548536228469181424e+03 1.058633939529803847e+01 7.797934886953546705e-04
2.548543173236500024e+03 1.058791710384145723e+01 7.812247615347436445e-04
2.548550118003819080e+03 1.058685567346264378e+01 7.803265716811396248e-04
2.548557062771138590e+03 1.058726529471521793e+01 7.809396732389943096e-04
2.548564007537991529e+03 1.058510901831150619e+01 7.791596786671832952e-04
2.548570952305310584e+03 1.058453282765332126e+01 7.796233406048732033e-04
2.548577897072163523e+03 1.058068875598864444e+01 7.774225735049471436e-04
2.548584841838551256e+03 1.058246537184905378e+01 7.786280152672332916e-04
2.548591786605405105e+03 1.057971655834782432e+01 7.773629597166898829e-04
2.548598731371792383e+03 1.057623900880335732e+01 7.752083615071757522e-04
2.548605676138179660e+03 1.057676500076570747e+01 7.760783515615908524e-04
2.548612620904102187e+03 1.057466594176723440e+01 7.750254557128594167e-04
2.548619565670489919e+03 1.056928616176401192e+01 7.719828464453613349e-04
2.548626510435946329e+03 1.056978542897529749e+01 7.729979350640377948e-04
2.548633455201867946e+03 1.056603459165862802e+01 7.712063982774577551e-04
2.548640399967790472e+03 1.056279071193471886e+01 7.695443246177325865e-04
2.548647344733246882e+03 1.056179850196849834e+01 7.694402639414755878e-04
2.548654289498236722e+03 1.055680174613823041e+01 7.667544826117958208e-04
2.548661234263693586e+03 1.055484617605721631e+01 7.659264572942673386e-04
2.548668179028684790e+03 1.055166705826288087e+01 7.644247784663573330e-04
2.548675123793675084e+03 1.055033124338253181e+01 7.641083061744035352e-04
2.548682068558665378e+03 1.054545963249809404e+01 7.617942779547784340e-04
2.548689013323190011e+03 1.054158858700521151e+01 7.598860785521504430e-04
2.548695958087715553e+03 1.054166818691344076e+01 7.603391418223683692e-04
2.548702902852241095e+03 1.053910624416216102e+01 7.591452990515966609e-04
2.548709847616764819e+03 1.053557597561391113e+01 7.578225922197384277e-04
2.548716792380824700e+03 1.053534726030373925e+01 7.577926892007870148e-04
2.548723737144884126e+03 1.053152664354860413e+01 7.559157365808473299e-04
2.548730681908477891e+03 1.052852416064231988e+01 7.544200063942282496e-04
2.548737626672537772e+03 1.052473352534000561e+01 7.523309333964133851e-04
2.548744571436131082e+03 1.052409012099363927e+01 7.528225357464271442e-04
2.548751516199258731e+03 1.052238223024500208e+01 7.519162282216429070e-04
2.548758460962852496e+03 1.052111949114310896e+01 7.513326821093036737e-04
2.548765405725981054e+03 1.051673855612063413e+01 7.488418705943213332e-04
2.548772350489108248e+03 1.051457103228775480e+01 7.479354476570761493e-04
2.548779295252235897e+03 1.051371096872916233e+01 7.477920200952812863e-04
2.548786240014899704e+03 1.051480130885674669e+01 7.485038775148311705e-04
2.548793184777561692e+03 1.051233256911747915e+01 7.471134765342238521e-04
2.548800129540224134e+03 1.051249669474694315e+01 7.476308837106145555e-04
2.548807074302420460e+03 1.051018266208946983e+01 7.462932420499937417e-04
2.548814019064617241e+03 1.051158460719746834e+01 7.471540702813311927e-04
2.548820963826814477e+03 1.050856438948820148e+01 7.453038919448869842e-04
2.548827908588545142e+03 1.050757042350425863e+01 7.451209542256614264e-04
2.548834853350741014e+03 1.050656024057848548e+01 7.445203381158037271e-04
2.548841798112472134e+03 1.050632028506847782e+01 7.447963879480929642e-04
2.548848742873738502e+03 1.050667913140580367e+01 7.450416921104495698e-04
2.548855687635469621e+03 1.050400383642077351e+01 7.436856068253487649e-04
2.548862632396735080e+03 1.050484936184375684e+01 7.442497463572222234e-04
2.548869577157534422e+03 1.050675811199293896e+01 7.453609888292365157e-04
2.548876521918800790e+03 1.050379908086824265e+01 7.440227031021170003e-04
2.548883466679600133e+03 1.050361728796604588e+01 7.437899065045052664e-04
2.548890411440399021e+03 1.050257029868231662e+01 7.431146323857142294e-04
2.548897356200733157e+03 1.050122486759419971e+01 7.423972634274363320e-04
2.548904300961533409e+03 1.049915122790576838e+01 7.414615921358978312e-04
2.548911245721867544e+03 1.050162325978513955e+01 7.431185643584104503e-04
2.548918190481736019e+03 1.049982008343975437e+01 7.420630061045450920e-04
2.548925135242068791e+03 1.050077016077158376e+01 7.425901728623763264e-04
2.548932080001937720e+03 1.049805582931295866e+01 7.409348346172202294e-04
2.548939024761807104e+03 1.049960053722517550e+01 7.421498661742286949e-04
2.548945969521209463e+03 1.050041095465749841e+01 7.427054566721393112e-04
2.548952914280611367e+03 1.049997181168390092e+01 7.424927075758864245e-04
2.548959859040013725e+03 1.049953639001060068e+01 7.422025763280195622e-04
2.548966803799417448e+03 1.049566584762595234e+01 7.400299159395564179e-04
2.548973748558353691e+03 1.049796416870354498e+01 7.413286302402856062e-04
2.548980693317291298e+03 1.049712795726851944e+01 7.411007881106175272e-04
2.548987638076228450e+03 1.049650052544327217e+01 7.404536740917684818e-04
2.548994582834699941e+03 1.049730088621659085e+01 7.412516480180176724e-04
2.549001527593171431e+03 1.049496479036621643e+01 7.401516204577951496e-04
2.549008472351642467e+03 1.049586650006912514e+01 7.404349542431121461e-04
2.549015417109649206e+03 1.049402361471014800e+01 7.393387500989218606e-04
2.549022361867655036e+03 1.049373295166816256e+01 7.394932240350146364e-04
2.549029306625659956e+03 1.049419171512902516e+01 7.398315886814710134e-04
2.549036251383665331e+03 1.049092496794532359e+01 7.379517467802162610e-04
2.549043196141206408e+03 1.049139361248456304e+01 7.384465083157570236e-04
2.549050140898746122e+03 1.049286775790092996e+01 7.393226403079372535e-04
2.549057085656286290e+03 1.049233358035530728e+01 7.389045004477808433e-04
2.549064030413359887e+03 1.048971291273856110e+01 7.374189558543585475e-04
2.549070975170435304e+03 1.049259590637744743e+01 7.394949825877482992e-04
2.549077919927510266e+03 1.048993858851544481e+01 7.379116791529822823e-04
2.549084864684117747e+03 1.049013210514198313e+01 7.379349816991813502e-04
2.549091809440726593e+03 1.048856716744026407e+01 7.371661484793900609e-04
2.549098754197335893e+03 1.048968280485188664e+01 7.381800220060483067e-04
2.549105698953479532e+03 1.048634312695350523e+01 7.361636203349286806e-04
2.549112643710087923e+03 1.048652899457417931e+01 7.368466249593614821e-04
2.549119588465764991e+03 1.048235229083339171e+01 7.340554116488569878e-04
2.549126533221907266e+03 1.048388086741813829e+01 7.353636032997704379e-04
2.549133477977585244e+03 1.048278620638805592e+01 7.348987735729652299e-04
2.549140422733263222e+03 1.048150399375258779e+01 7.348511638409390952e-04
2.549147367488941200e+03 1.047819044452995918e+01 7.327058273210039670e-04
2.549154312244151697e+03 1.047710404494181269e+01 7.328560311192260568e-04
2.549161256999364014e+03 1.047105941563406084e+01 7.294898587926565035e-04
2.549168201754575875e+03 1.046883674344837445e+01 7.289518870131854846e-04
2.549175146509322531e+03 1.046810875683959274e+01 7.288075620608621980e-04
2.549182091264067822e+03 1.046212613691856141e+01 7.258274630711368438e-04
2.549189036018814477e+03 1.046041947783541737e+01 7.253763448475227318e-04
2.549195980773561132e+03 1.045912276555058718e+01 7.249688816045714518e-04
2.549202925527841217e+03 1.045461809958769983e+01 7.230408156952775880e-04
2.549209870282121301e+03 1.045354299891637950e+01 7.228275415560149811e-04
2.549216815035936634e+03 1.044877072906057514e+01 7.206538044365215457e-04
2.549223759789751512e+03 1.044716027615879739e+01 7.204126810891832346e-04
2.549230704543566389e+03 1.044251948696039634e+01 7.180253694013469246e-04
2.549237649297380813e+03 1.044188881153347559e+01 7.181686836061116448e-04
2.549244594050729575e+03 1.043589134472019886e+01 7.153163488773988873e-04
2.549251538804079246e+03 1.043319419881946786e+01 7.144639267075538272e-04
2.549258483557428008e+03 1.043003824418063452e+01 7.128780857375072774e-04
2.549265428310311563e+03 1.042929309950619832e+01 7.128983852200337186e-04
2.549272373063195573e+03 1.042730034227455782e+01 7.120767861870950979e-04
2.549279317816079129e+03 1.042334002352252398e+01 7.102557670151170245e-04
2.549286262568496568e+03 1.042236276756085900e+01 7.104430751967580554e-04
2.549293207320914007e+03 1.042073423674580468e+01 7.096509263128025422e-04
2.549300152073332356e+03 1.041807911936129649e+01 7.082997879328856205e-04
2.549307096825285043e+03 1.041530134206617397e+01 7.072070102568927272e-04
2.549314041577702028e+03 1.041488876328562085e+01 7.070215882227441195e-04
2.549320986329188599e+03 1.041213025550568538e+01 7.057504809399248180e-04
2.549327931081141287e+03 1.041139669500356213e+01 7.053595157210450998e-04
2.549334875832628313e+03 1.041016098310257121e+01 7.048620769214076131e-04
2.549341820584114430e+03 1.041165096439611126e+01 7.060886702066620927e-04
2.549348765335134431e+03 1.041349908632488841e+01 7.071451260599759953e-04
2.549355710086620547e+03 1.040891398087700814e+01 7.044632183695176799e-04
2.549362654837176706e+03 1.040841812328159932e+01 7.042646185549705003e-04
2.549369599588197161e+03 1.040906340042231371e+01 7.048814420611546928e-04
2.549376544338752865e+03 1.040692393910546620e+01 7.037643322115270115e-04
2.549383489089306750e+03 1.040852916118872251e+01 7.046910485629540250e-04
2.549390433839862453e+03 1.040663235275097698e+01 7.035190321141960657e-04
2.549397378589952496e+03 1.040764833542673351e+01 7.043969762994348877e-04
2.549404323340041628e+03 1.040623167166131324e+01 7.034612323899123868e-04
2.549411268090130761e+03 1.040509011450271615e+01 7.029848996685665640e-04
2.549418212839755142e+03 1.040852432060919064e+01 7.049546221416736142e-04
2.549425157589379523e+03 1.040481018404811486e+01 7.028091626366538046e-04
2.549432102339002995e+03 1.040743341742411410e+01 7.043002275241253430e-04
2.549439047088160805e+03 1.040496907210552280e+01 7.027350876050928981e-04
2.549445991837319525e+03 1.040703412606102063e+01 7.037724791860589663e-04
2.549452936586478245e+03 1.040734932576244098e+01 7.039644139886965793e-04
2.549459881335170394e+03 1.040801549598884712e+01 7.040899344450571133e-04
2.549466826083862998e+03 1.040959268964362572e+01 7.052952129011578466e-04
2.549473770832555601e+03 1.040925722363088468e+01 7.051072253957428246e-04
2.549480715580782999e+03 1.040984052788301106e+01 7.051781592112641708e-04
2.549487660329009032e+03 1.040975213503183738e+01 7.054733497826455287e-04
2.549494605077235519e+03 1.041052325778424326e+01 7.057047364798918606e-04
2.549501549824997710e+03 1.041270400833743004e+01 7.065798484958660556e-04
2.549508494572759446e+03 1.040932720713396442e+01 7.044894595927882891e-04
2.549515439320520272e+03 1.041035647582200419e+01 7.052185357407319112e-04
2.549522384067814983e+03 1.041320257895426060e+01 7.066773182248781539e-04
2.549529328815110603e+03 1.041130053689011703e+01 7.054990865609406551e-04
2.549536273562407132e+03 1.041196436052686458e+01 7.054094095275605667e-04
2.549543218309702752e+03 1.041382125508935630e+01 7.066730375993013867e-04
2.549550163056532256e+03 1.041538190528452112e+01 7.073844486566651258e-04
2.549557107802895189e+03 1.041676114100335049e+01 7.080627371211261527e-04
2.549564052549725602e+03 1.041557104060207628e+01 7.073787002827313687e-04
2.549570997296089899e+03 1.041509560691110359e+01 7.069759847290253045e-04
2.549577942042454197e+03 1.041763429710879940e+01 7.085680175303945855e-04
2.549584886788353288e+03 1.041582100956956403e+01 7.074225198300679654e-04
2.549591831534251469e+03 1.041667269149371933e+01 7.076881227081923938e-04
2.549598776280150560e+03 1.041639885108549102e+01 7.078228085060455201e-04
2.549605721026048741e+03 1.041789618440767917e+01 7.083174731108577565e-04
2.549612665771481261e+03 1.041692056931080934e+01 7.077886312292354333e-04
2.549619610516449484e+03 1.041515674648826462e+01 7.065751714754602182e-04
2.549626555261882004e+03 1.041722508810738113e+01 7.082234682666296941e-04
2.549633500006849317e+03 1.041571538688868692e+01 7.073772212541309294e-04
2.549640444751816176e+03 1.041612854167756730e+01 7.074921367290661067e-04
2.549647389496318283e+03 1.041693642151994048e+01 7.080399222372655470e-04
2.549654334240820390e+03 1.041721050611215205e+01 7.080687884958001849e-04
2.549661278985321132e+03 1.041713422677291057e+01 7.085115904152261427e-04
2.549668223729357123e+03 1.041737704810053167e+01 7.085157678232917658e-04
2.549675168473393569e+03 1.041228777331300570e+01 7.055274002592625384e-04
2.549682113217429560e+03 1.041550825551165715e+01 7.072873720266063726e-04
2.549689057961465096e+03 1.041435767728019357e+01 7.069573963936634725e-04
2.549696002705034516e+03 1.041515345394416237e+01 7.076308931665904918e-04
2.549702947448139639e+03 1.041526070326857045e+01 7.077153872317381396e-04
2.549709892191710424e+03 1.041000676993590091e+01 7.051765184637278543e-04
2.549716836934814637e+03 1.041019303474305957e+01 7.051230616766834998e-04
2.549723781677454099e+03 1.040871769383097778e+01 7.046724537135969036e-04
2.549730726420558312e+03 1.040669658504065431e+01 7.035277101275036905e-04
2.549737671163197774e+03 1.040630704554568808e+01 7.038216580987189481e-04
2.549744615905371120e+03 1.040189698806370977e+01 7.013343117760011385e-04
2.549751560648009217e+03 1.040195826329126483e+01 7.020163852017879697e-04
2.549758505390183018e+03 1.040052531446164430e+01 7.015127908204400048e-04
2.549765450131890248e+03 1.039660776833613198e+01 6.995565914008723338e-04
2.549772394874063593e+03 1.039398648968471406e+01 6.985462749863444350e-04
2.549779339615771278e+03 1.039300809957133076e+01 6.985070922201922156e-04
2.549786284357013756e+03 1.039201604318841632e+01 6.981744232365602468e-04
2.549793229098721440e+03 1.038767963530760596e+01 6.961459679781383013e-04
2.549800173839963009e+03 1.038489483801369495e+01 6.948798534164310828e-04
2.549807118580739370e+03 1.038389151492892104e+01 6.947489936189071196e-04
2.549814063321515277e+03 1.038118060938194098e+01 6.932398379094006175e-04
2.549821008062292094e+03 1.038241307841102845e+01 6.944667760256377671e-04
2.549827952803068456e+03 1.038148612476254584e+01 6.943510592559309523e-04
2.549834897543379157e+03 1.037803241531396914e+01 6.925982926483569349e-04
2.549841842283689402e+03 1.037842342653789096e+01 6.929500270981672544e-04
2.549848787023534442e+03 1.037640061778569134e+01 6.919023810684472951e-04
2.549855731763379481e+03 1.037529781975213083e+01 6.912826526223815778e-04
2.549862676503224520e+03 1.037300148868192728e+01 6.904190501535844692e-04
2.549869621243069560e+03 1.037324547515209083e+01 6.905627037348291246e-04
2.549876565982449392e+03 1.037270654862833474e+01 6.902199961215186577e-04
2.549883510721827861e+03 1.037314095300078876e+01 6.907655087900004508e-04
2.549890455460741578e+03 1.036884390988345039e+01 6.882734971708783477e-04
2.549897400199654840e+03 1.037054080946082735e+01 6.896225586277064624e-04
2.549904344938569920e+03 1.037191565409002614e+01 6.902324074613150557e-04
2.549911289677017976e+03 1.037192476950347242e+01 6.900462656906048656e-04
2.549918234415465122e+03 1.037166352805619063e+01 6.901776514861461065e-04
2.549925179153912723e+03 1.037201019046612238e+01 6.904030076847343829e-04
2.549932123891895571e+03 1.037085565404413856e+01 6.893824730678076856e-04
2.549939068629878420e+03 1.037222346581819998e+01 6.902525080184519898e-04
2.549946013367861269e+03 1.037185938070805413e+01 6.898972831562728142e-04
2.549952958105377093e+03 1.037240048464470554e+01 6.904881516846222804e-04
2.549959902842893825e+03 1.037214292544982186e+01 6.900523144692239080e-04
2.549966847579944442e+03 1.037257034728693661e+01 6.902151691292266735e-04
2.549973792317461630e+03 1.037318240352538545e+01 6.905852252614586451e-04
2.549980737054512247e+03 1.037449121663870955e+01 6.912208020611837304e-04
2.549987681791097202e+03 1.037408760623880966e+01 6.908681449244286586e-04
2.549994626527682158e+03 1.037451314647598011e+01 6.911749051198135376e-04
2.550001571264268478e+03 1.037649930449295432e+01 6.922460248822544454e-04
2.550008516000388227e+03 1.037490365108776480e+01 6.910511348915033842e-04
2.550015460736507521e+03 1.037770975739317514e+01 6.927876478972545566e-04
2.550022405472627725e+03 1.037747162959806779e+01 6.924955591707951733e-04
2.550029350208747928e+03 1.037791897005594066e+01 6.925710408326764397e-04
2.550036294944401106e+03 1.037402469237230029e+01 6.902766436057899491e-04
2.550043239679589533e+03 1.037682447193589574e+01 6.917097089679361032e-04
2.550050184415243166e+03 1.037948093449250386e+01 6.933025246289069646e-04
2.550057129149967295e+03 1.037919485774921391e+01 6.928178923953208111e-04
2.550064073885155267e+03 1.037826344779579024e+01 6.925955999232907920e-04
2.550071018619877123e+03 1.037766686576096475e+01 6.921790619947459401e-04
2.550077963354600797e+03 1.037765998948259316e+01 6.920338300064464866e-04
2.550084908089324017e+03 1.038114655949934395e+01 6.943155796036767219e-04
2.550091852823580666e+03 1.037870244802446784e+01 6.929911389777407803e-04
2.550098797557836861e+03 1.037865435151873861e+01 6.924263635053958151e-04
2.550105742291628303e+03 1.037769302002886107e+01 6.919510143018312064e-04
2.550112687025420200e+03 1.037903717393802872e+01 6.929267052574896281e-04
2.550119631759211643e+03 1.037797558196333370e+01 6.919556526132724077e-04
2.550126576492536515e+03 1.038124198665330233e+01 6.936086404038463438e-04
2.550133521225862751e+03 1.038459495959725487e+01 6.956240347046531523e-04
2.550140465959188987e+03 1.038260435989667663e+01 6.944332787235959039e-04
2.550147410692048652e+03 1.038479761170531823e+01 6.953615828786609450e-04
2.550154355424907862e+03 1.038295768434955946e+01 6.940025880440077889e-04
2.550161300157768892e+03 1.038627472104864680e+01 6.960074598406973184e-04
2.550168244890163805e+03 1.038541414926774031e+01 6.951314393893304579e-04
2.550175189622557809e+03 1.038722167166151422e+01 6.961568923310097225e-04
2.550182134354487062e+03 1.038820052484814660e+01 6.965943331218675798e-04
2.550189079086414495e+03 1.038734059168158552e+01 6.962484958368331863e-04
2.550196023818343747e+03 1.038929702337654071e+01 6.976195253560194464e-04
2.550202968550272999e+03 1.038851866047311567e+01 6.969987167069023734e-04
2.550209913281735680e+03 1.038554058163403049e+01 6.953869738385896155e-04
2.550216858012732700e+03 1.038538691104099421e+01 6.952990292588910170e-04
2.550223802744196291e+03 1.038307276303653204e+01 6.943273752786713196e-04
2.550230747475194221e+03 1.038336849078266866e+01 6.945683271298293097e-04
2.550237692205726034e+03 1.038393551615337707e+01 6.948378301502345939e-04
2.550244636936722600e+03 1.038196149781936661e+01 6.939118182219729952e-04
2.550251581666789207e+03 1.038430969963308392e+01 6.951787661884765599e-04
2.550258526397321020e+03 1.038293195120814794e+01 6.945876489317326591e-04
2.550265471127386263e+03 1.038142032939513904e+01 6.937540054690829626e-04
2.550272415857452415e+03 1.038327099362015993e+01 6.951393307795569569e-04
2.550279360587519022e+03 1.037596411233979410e+01 6.909925104625674799e-04
2.550286305317119968e+03 1.038039041729903467e+01 6.936405179990427815e-04
2.550293250046254798e+03 1.037502976378767805e+01 6.909878143129448771e-04
2.550300194775854834e+03 1.037647358090340610e+01 6.917459063198236726e-04
2.550307139504989209e+03 1.037436028677588062e+01 6.909281003985783898e-04
2.550314084234124493e+03 1.037517771461413574e+01 6.913884968317026520e-04
2.550321028962794117e+03 1.037372071330040590e+01 6.911349152356274523e-04
2.550327973691462830e+03 1.037136661099425439e+01 6.900525728426973489e-04
2.550334918419666792e+03 1.036914647311689208e+01 6.890965524302101282e-04
2.550341863148335506e+03 1.036615736991363157e+01 6.876754584399923532e-04
2.550348807876538558e+03 1.036595591952134576e+01 6.879593511170757668e-04
2.550355752604276404e+03 1.036604192549317283e+01 6.883970096002603543e-04
2.550362697332014250e+03 1.036331553562640195e+01 6.865795151948774150e-04
2.550369642059753005e+03 1.036239054742704191e+01 6.864188972044208380e-04
2.550376586787489941e+03 1.036040674696650576e+01 6.857507641571235907e-04
2.550383531514761671e+03 1.035872675356720762e+01 6.850615218155945785e-04
2.550390476242033856e+03 1.035629192196345905e+01 6.838134905856343114e-04
2.550397420968841288e+03 1.035744164203774886e+01 6.843213569716232640e-04
2.550404365695648266e+03 1.035678316118948494e+01 6.843470155321814156e-04
2.550411310422453880e+03 1.035620997769570018e+01 6.841091360630785750e-04
2.550418255148793833e+03 1.035271229058844433e+01 6.822319803228958255e-04
2.550425199875135149e+03 1.035356942191537222e+01 6.831169662308305855e-04
2.550432144601476466e+03 1.035355406038918424e+01 6.831641024936141752e-04
2.550439089327816873e+03 1.035311071970967056e+01 6.831695946656803770e-04
2.550446034053691619e+03 1.035120233540449597e+01 6.817997521249181958e-04
2.550452978779101613e+03 1.035122545819566930e+01 6.822534478533107127e-04
2.550459923504977269e+03 1.035157975934972008e+01 6.820883599767125745e-04
2.550466868229920692e+03 1.035074541173142570e+01 6.819137913101993610e-04
2.550473812955329777e+03 1.035371543811913853e+01 6.835532439126588890e-04
2.550480757680274110e+03 1.035274413016161255e+01 6.828922158427121322e-04
2.550487702405218442e+03 1.034999231206576020e+01 6.814645410816920447e-04
2.550494647130162775e+03 1.034928123700997737e+01 6.809054712588294726e-04
2.550501591854640083e+03 1.035067664943581711e+01 6.817377438950641142e-04
2.550508536579118299e+03 1.035145812894058892e+01 6.824494423488230554e-04
2.550515481303596516e+03 1.035241455369071062e+01 6.826306356033808422e-04
2.550522426027609072e+03 1.035062817800689672e+01 6.815684286150179528e-04
2.550529370751621173e+03 1.035287550445663562e+01 6.825549591002286372e-04
2.550536315475634183e+03 1.035163564875019659e+01 6.820473424143107428e-04
2.550543260199181077e+03 1.035392771608170825e+01 6.828927274352516227e-04
2.550550204922727517e+03 1.035477967689885048e+01 6.834558683587088537e-04
2.550557149646274411e+03 1.035665193485275992e+01 6.840501192508124158e-04
2.550564094369355189e+03 1.036007736382237532e+01 6.861074991871747054e-04
2.550571039092436877e+03 1.035694122538267870e+01 6.840489187276876026e-04
2.550577983815518564e+03 1.035848082312213059e+01 6.847612796069605084e-04
2.550584928538134136e+03 1.036075492226979300e+01 6.858223363040385394e-04
2.550591873260747889e+03 1.036051558428524721e+01 6.856437897867326443e-04
2.550598817983364825e+03 1.036377862196567534e+01 6.873309192970154585e-04
2.550605762705515190e+03 1.036259243787879036e+01 6.866836241967620930e-04
2.550612707427664645e+03 1.036142029651345986e+01 6.859716368587616452e-04
2.550619652149814101e+03 1.036402940377111115e+01 6.872902439939391084e-04
2.550626596871963557e+03 1.036139800695666935e+01 6.857620204628173382e-04
