2.201744975272072224e+03 1.204823537552251267e+01 1.729052390721370642e-03
2.201751919820982948e+03 1.205290989422370629e+01 1.735736890697506512e-03
2.201758864370359333e+03 1.204717861303695514e+01 1.726200029288781903e-03
2.201765808919270057e+03 1.204820631543047327e+01 1.728462870887101420e-03
2.201772753468179417e+03 1.204196478784623814e+01 1.719213661293873428e-03
2.201779698016624025e+03 1.204939921803727820e+01 1.729960201425947324e-03
2.201786642565068178e+03 1.204642790553321063e+01 1.725107045056033803e-03
2.201793587113979356e+03 1.204824239914778694e+01 1.728000988193752023e-03
2.201800531661958303e+03 1.204653809060560654e+01 1.726701962188409000e-03
2.201807476210402911e+03 1.204798623226186471e+01 1.729657254029050295e-03
2.201814420758381402e+03 1.204428633800951687e+01 1.722031450767060132e-03
2.201821365306359894e+03 1.204606405967019178e+01 1.726640819030602660e-03
2.201828309854339750e+03 1.204506943844546640e+01 1.727174017128211116e-03
2.201835254401853035e+03 1.204299363849086646e+01 1.722375579831708853e-03
2.201842198949365866e+03 1.204193208397966153e+01 1.720374616069025864e-03
2.201849143496879606e+03 1.203879823504170332e+01 1.715674876364076508e-03
2.201856088043927230e+03 1.204344014332238544e+01 1.723249008489818488e-03
2.201863032591440060e+03 1.204221246178358307e+01 1.723710367590602097e-03
2.201869977138022932e+03 1.204434591190651105e+01 1.725220149486761043e-03
2.201876921685071011e+03 1.204159454212414815e+01 1.722885149529519147e-03
2.201883866231652519e+03 1.203948347528594809e+01 1.717948025257398344e-03
2.201890810778234027e+03 1.203837135571441230e+01 1.717560764684739928e-03
2.201897755324815535e+03 1.204194114707377317e+01 1.721499358649496636e-03
2.201904699870931381e+03 1.203664516452430533e+01 1.714866837125553559e-03
2.201911644417048592e+03 1.203186082893270203e+01 1.708811924449541841e-03
2.201918588963164893e+03 1.203322513132787464e+01 1.709919389298541169e-03
2.201925533509281649e+03 1.203789800534673482e+01 1.717743126189235151e-03
2.201932478054932290e+03 1.203676985568907654e+01 1.716889391287750553e-03
2.201939422600582475e+03 1.203598245022659619e+01 1.715213041419128264e-03
2.201946367145766999e+03 1.203388753942159184e+01 1.712980179162222833e-03
2.201953311690952432e+03 1.203176288370741176e+01 1.709174122859300361e-03
2.201960256236137411e+03 1.203751254253371172e+01 1.717707761859486914e-03
2.201967200781322390e+03 1.203735289654551366e+01 1.717822118286389073e-03
2.201974145326041253e+03 1.202663266678725940e+01 1.702925741978661769e-03
2.201981089870760570e+03 1.203442372112643710e+01 1.713426649235764857e-03
2.201988034415479433e+03 1.202548388303070404e+01 1.701157049694400304e-03
2.201994978959734453e+03 1.202733040432682365e+01 1.703730723401333715e-03
2.202001923503988110e+03 1.203050265332188395e+01 1.707485218724968815e-03
2.202008868048240856e+03 1.202769920459429187e+01 1.704132964797605218e-03
2.202015812592029761e+03 1.202717510543049428e+01 1.702656388562383532e-03
2.202022757135817301e+03 1.202970856394602528e+01 1.707899748360586093e-03
2.202029701679605751e+03 1.203243594475322809e+01 1.711396652475460174e-03
2.202036646222928084e+03 1.203292600430668458e+01 1.711726365911734942e-03
2.202043590766249963e+03 1.202970893344854808e+01 1.708355889146136218e-03
2.202050535309572297e+03 1.202661031862608176e+01 1.703524306127290932e-03
2.202057479852428514e+03 1.202195060988147546e+01 1.695930093623144834e-03
2.202064424395285641e+03 1.202687422744471668e+01 1.704368970964621581e-03
2.202071368938143678e+03 1.202183652056908691e+01 1.696263514121364342e-03
2.202078313480534234e+03 1.202749713598289105e+01 1.704893127000846982e-03
2.202085258023389997e+03 1.202621764596986864e+01 1.703095447548659547e-03
2.202092202565314892e+03 1.202532407332644659e+01 1.701017802691850902e-03
2.202099147107705903e+03 1.202660278573557662e+01 1.703035235887692721e-03
2.202106091649632162e+03 1.202555020641537098e+01 1.703210676873673354e-03
2.202113036191557512e+03 1.202623012990324547e+01 1.702676128247330913e-03
2.202119980733017201e+03 1.202858939202381627e+01 1.705130261223487083e-03
2.202126925274476434e+03 1.202694800254004548e+01 1.704201457208560097e-03
2.202133869815936123e+03 1.203406686463304354e+01 1.712934063705355385e-03
2.202140814356929695e+03 1.203502986007012332e+01 1.714824937516445762e-03
2.202147758897924177e+03 1.202742430638761384e+01 1.701853166886836081e-03
2.202154703438918659e+03 1.203055677795987499e+01 1.707861319597869408e-03
2.202161647979912232e+03 1.203356223134297132e+01 1.712288162149777941e-03
2.202168592520441052e+03 1.203347427556600024e+01 1.712868433039259819e-03
2.202175537060968509e+03 1.203751799508650855e+01 1.717433311302344343e-03
2.202182481601031668e+03 1.202935539888450478e+01 1.706276008511057153e-03
2.202189426141094373e+03 1.203558254674829087e+01 1.716937290469485030e-03
2.202196370681157532e+03 1.203481449344538134e+01 1.712327049629152166e-03
2.202203315220754121e+03 1.203487258895056655e+01 1.712599146074148633e-03
2.202210259760816371e+03 1.203634919640691159e+01 1.715187767597314015e-03
2.202217204299948662e+03 1.203392886942902784e+01 1.711294618105086134e-03
2.202224148839545705e+03 1.203742671313250945e+01 1.717412083134378046e-03
2.202231093378677542e+03 1.203881401936449969e+01 1.718126875843186980e-03
2.202238037917808924e+03 1.203808249846864165e+01 1.716896854834496031e-03
2.202244982456473736e+03 1.204138463303312534e+01 1.722806114267508119e-03
2.202251926995139456e+03 1.203645063955091388e+01 1.713956304215961002e-03
2.202258871533805177e+03 1.204033889790300549e+01 1.720631939949713359e-03
2.202265816072470443e+03 1.203553410253102030e+01 1.713407625100473244e-03
2.202272760610671412e+03 1.203481194523767428e+01 1.711777294771930002e-03
2.202279705148405810e+03 1.203555326958666605e+01 1.711996189594990666e-03
2.202286649686605415e+03 1.203904926009789200e+01 1.718489291708628951e-03
2.202293594224339813e+03 1.203631316072047852e+01 1.713094190896810153e-03
2.202300538762074211e+03 1.203923020833168778e+01 1.718191618557406023e-03
2.202307483299342948e+03 1.203621863740858799e+01 1.713099398357996591e-03
2.202314427836611685e+03 1.203694404463788992e+01 1.713785657081746874e-03
2.202321372373880422e+03 1.204151509298874956e+01 1.722623160404437078e-03
2.202328316911149614e+03 1.204524626399707010e+01 1.727325530955026731e-03
2.202335261447951780e+03 1.203337861599010949e+01 1.709431997630209317e-03
2.202342205984755310e+03 1.204169053749727070e+01 1.721554090582835209e-03
2.202349150521094089e+03 1.203545972716688262e+01 1.711143449416168381e-03
2.202356095057431048e+03 1.203768851449721744e+01 1.715949494574085061e-03
2.202363039593768008e+03 1.204421037391715998e+01 1.726054850277156929e-03
2.202369984130104967e+03 1.204023689230895400e+01 1.718745802650149942e-03
2.202376928665976266e+03 1.204668930051741249e+01 1.729533750650252789e-03
2.202383873201848928e+03 1.204173152735024210e+01 1.721419159789834867e-03
2.202390817737255475e+03 1.204224878353176109e+01 1.722363688538898182e-03
2.202397762272661566e+03 1.203858150785143977e+01 1.716021971385022849e-03
2.202404706808067658e+03 1.203787393558241092e+01 1.716111845447390247e-03
2.202411651343472840e+03 1.204105447328058709e+01 1.720208322591735639e-03
2.202418595878412816e+03 1.204234632571523100e+01 1.723064837228803926e-03
2.202425540413354156e+03 1.203838192606107249e+01 1.716138921095524588e-03
2.202432484947828925e+03 1.204207042197799460e+01 1.722779395371542384e-03
2.202439429482304149e+03 1.203646562413100618e+01 1.716014425786218864e-03
2.202446374016778464e+03 1.203946919691123085e+01 1.718462246010886386e-03
2.202453318551252778e+03 1.203752297961130147e+01 1.715105515003428980e-03
2.202460263085262341e+03 1.203926530479738055e+01 1.719637964089517409e-03
2.202467207619271903e+03 1.203612885013898648e+01 1.714413197931059481e-03
2.202474152152814895e+03 1.203384227376337101e+01 1.711247005515230792e-03
2.202481096686357887e+03 1.203315845431265885e+01 1.712028571860644763e-03
2.202488041219901334e+03 1.203101025993273332e+01 1.708198902617227236e-03
2.202494985753444780e+03 1.203661943313640492e+01 1.717327700628147992e-03
2.202501930286523475e+03 1.203325496576901088e+01 1.712139498488251437e-03
2.202508874819600805e+03 1.202901051356567308e+01 1.705364944013915878e-03
2.202515819352213384e+03 1.203097512836811234e+01 1.707481455943814881e-03
2.202522763885291170e+03 1.203470191290622004e+01 1.714776167223050398e-03
2.202529708417437178e+03 1.203356578663611032e+01 1.715384360920985509e-03
2.202536652950048847e+03 1.203080385894017645e+01 1.708147686927375146e-03
2.202543597482195764e+03 1.202760652065068747e+01 1.704469503038062283e-03
2.202550542014343137e+03 1.203656625181800521e+01 1.717885712212989047e-03
2.202557486546488690e+03 1.203219485082240325e+01 1.711186190588656142e-03
2.202564431078169491e+03 1.202932175115391367e+01 1.708526229100847593e-03
2.202571375609850293e+03 1.202707883379828502e+01 1.706166287726828537e-03
2.202578320141531094e+03 1.202970959165143050e+01 1.708755561778388951e-03
2.202585264672746234e+03 1.202585566056749400e+01 1.703203893621538017e-03
2.202592209203961829e+03 1.202395284292006394e+01 1.699265187326824125e-03
2.202599153735176515e+03 1.202833941800180106e+01 1.707193954436908275e-03
2.202606098265925993e+03 1.202723733926409366e+01 1.705343880621230457e-03
2.202613042796675018e+03 1.202345796281028001e+01 1.699485663555995235e-03
2.202619987327424951e+03 1.202864116942302175e+01 1.707683673535159491e-03
2.202626931857710133e+03 1.202251027865796296e+01 1.698400758639202106e-03
2.202633876387993041e+03 1.202707862569022268e+01 1.705138599521237698e-03
2.202640820918276404e+03 1.202684826754667746e+01 1.704229460835826127e-03
2.202647765448094560e+03 1.202924791020928019e+01 1.707814057663898603e-03
2.202654709977911807e+03 1.203192675193827910e+01 1.712480572831044049e-03
2.202661654507731328e+03 1.202750637906140518e+01 1.705516340732867505e-03
2.202668599037084277e+03 1.202515554726687697e+01 1.702519680444607988e-03
2.202675543566435863e+03 1.202635258290598586e+01 1.705074280644998993e-03
2.202682488095788813e+03 1.202737760978851611e+01 1.706819932091632221e-03
2.202689432624675646e+03 1.202920124255328460e+01 1.708377618889639045e-03
2.202696377154027687e+03 1.202756714930211857e+01 1.707668082929302607e-03
2.202703321682448404e+03 1.202412350801502150e+01 1.703888168794887113e-03
2.202710266211336148e+03 1.202230587575168386e+01 1.697966837310617514e-03
2.202717210739757320e+03 1.202373829849520348e+01 1.700281049130413381e-03
2.202724155268178038e+03 1.202746315173704872e+01 1.706509066996855046e-03
2.202731099796133549e+03 1.202547248273699765e+01 1.703146030656987799e-03
2.202738044324555631e+03 1.203022051706871132e+01 1.709883031740201545e-03
2.202744988852510687e+03 1.202861606092052682e+01 1.707206770893883842e-03
2.202751933380000992e+03 1.202206847231323650e+01 1.699084921497904469e-03
2.202758877907489932e+03 1.202393103032472510e+01 1.701165845091875961e-03
2.202765822434979327e+03 1.202777368114177392e+01 1.706019562125864327e-03
2.202772766962470087e+03 1.202603562769453482e+01 1.703663382911266072e-03
2.202779711489494730e+03 1.202422496016068010e+01 1.701064969591528772e-03
2.202786656016518918e+03 1.203025101411783737e+01 1.709012739909288991e-03
2.202793600543543562e+03 1.202625768770994341e+01 1.703782539371523613e-03
2.202800545070101180e+03 1.202603168419413393e+01 1.703269383441808997e-03
2.202807489596659252e+03 1.202940775757214453e+01 1.708601017726131890e-03
2.202814434123217325e+03 1.202783075296571802e+01 1.706040670974741293e-03
2.202821378649310645e+03 1.202847867377063551e+01 1.708222506215235654e-03
2.202828323175870537e+03 1.202993456467658362e+01 1.708958204650652766e-03
2.202835267701497287e+03 1.202314531340380377e+01 1.700210808446830273e-03
2.202842212227589698e+03 1.202336490143387948e+01 1.699451334020293239e-03
2.202849156753216903e+03 1.202775964409699228e+01 1.706340380773384595e-03
2.202856101278844108e+03 1.203050606655985177e+01 1.711045177526870605e-03
2.202863045804005651e+03 1.202467628305677216e+01 1.700739962739465346e-03
2.202869990329633765e+03 1.203099012200798157e+01 1.710975634597783172e-03
2.202876934854329193e+03 1.202761203930920608e+01 1.704664730666466833e-03
2.202883879379490281e+03 1.202762422132773423e+01 1.703951372192618729e-03
2.202890823904185709e+03 1.202871637380171066e+01 1.705876921121812989e-03
2.202904712953578382e+03 1.202637663675295876e+01 1.702989438149405668e-03
2.202911657477809058e+03 1.203468093882959522e+01 1.714786692796675107e-03
2.202918602002038369e+03 1.202669861333789392e+01 1.704521075529920717e-03
2.202925546526269045e+03 1.203206254203615799e+01 1.714472124888142233e-03
2.202932491050032695e+03 1.203161638503605069e+01 1.711113352735845741e-03
2.202939435573798164e+03 1.203156303902744639e+01 1.709700644775032823e-03
2.202946380097562724e+03 1.202953410467811857e+01 1.708487218919906361e-03
2.202953324621326828e+03 1.203083458435912867e+01 1.708246938074668795e-03
2.202960269144626636e+03 1.202604742610128241e+01 1.701418388314518242e-03
2.202967213667925080e+03 1.203939044777675349e+01 1.721427852766677351e-03
2.202974158190757407e+03 1.203272606991452598e+01 1.711236523263420968e-03
2.202981102713591554e+03 1.203200861032842717e+01 1.710986932330216563e-03
2.202988047236424791e+03 1.203197592110164571e+01 1.711382676459855586e-03
2.202994991759258482e+03 1.203360767469302317e+01 1.711996684614021423e-03
2.203001936281624694e+03 1.203228828423629260e+01 1.711178177207385749e-03
2.203008880803992724e+03 1.203700518507411132e+01 1.717699469311822092e-03
2.203015825326360755e+03 1.203836470046614338e+01 1.719720591551287007e-03
2.203022769848263124e+03 1.203353566551809628e+01 1.711588306240700765e-03
2.203029714370630245e+03 1.203260599344594262e+01 1.711837945071669484e-03
2.203036658892066953e+03 1.203791531665665993e+01 1.720428482278211265e-03
2.203043603413968412e+03 1.203372117592099855e+01 1.712892539861559900e-03
2.203050547935404666e+03 1.203437637080138600e+01 1.712834823959314507e-03
2.203057492456841373e+03 1.203279297253451396e+01 1.711388408117680377e-03
2.203064436977811965e+03 1.203245524935786825e+01 1.710841058091485019e-03
2.203071381499248218e+03 1.203284117890576255e+01 1.711005118153061371e-03
2.203078326020218356e+03 1.203136191993587012e+01 1.709280896588087932e-03
2.203085270540722377e+03 1.203205649020029711e+01 1.710038160780670991e-03
2.203092215061693423e+03 1.202988557076690768e+01 1.706934610315576735e-03
2.203099159582198808e+03 1.203259040743438213e+01 1.710632296963655397e-03
2.203106104102238533e+03 1.202960584840399783e+01 1.708938511321306383e-03
2.203113048622743918e+03 1.203053592386700998e+01 1.708840304448616156e-03
2.203119993142782732e+03 1.202688255408678231e+01 1.703265256745234695e-03
2.203126937662821547e+03 1.203019525553764346e+01 1.708602779541826744e-03
2.203133882182395610e+03 1.203026961522202321e+01 1.708739276491957285e-03
2.203140826701969672e+03 1.202403368634292313e+01 1.700017610597053452e-03
2.203147771221542826e+03 1.202545977414326117e+01 1.702647513275178277e-03
2.203154715741115979e+03 1.202603242091222313e+01 1.702867561248255172e-03
2.203161660260223925e+03 1.203127307305654270e+01 1.710735517987044220e-03
2.203168604779331872e+03 1.202405330396497618e+01 1.700226828944238549e-03
2.203175549298440274e+03 1.202660381546930601e+01 1.705586957715096502e-03
2.203182493817083014e+03 1.202013987211107526e+01 1.696195928710167314e-03
2.203189438335725754e+03 1.202265017106272715e+01 1.700530184787100345e-03
2.203196382854367585e+03 1.202542808924711970e+01 1.704792269759279480e-03
2.203203327373008960e+03 1.202164634463836101e+01 1.699444484799150085e-03
2.203210271891185585e+03 1.201545241705028921e+01 1.689207206625468766e-03
2.203217216409362663e+03 1.202288668141118322e+01 1.701603638066435725e-03
2.203224160927074536e+03 1.201900328616602032e+01 1.695610584612949369e-03
2.203231105445250250e+03 1.202023582733345819e+01 1.699764880956542617e-03
2.203238049962961213e+03 1.202255560212906182e+01 1.701634833722642185e-03
2.203244994480672631e+03 1.201770560248690956e+01 1.695442066638599282e-03
2.203251938997917023e+03 1.201910548764713482e+01 1.696293254686721125e-03
2.203258883515162324e+03 1.201468094381588614e+01 1.690098925233250379e-03
2.203265828032408081e+03 1.201577277639582775e+01 1.693607501542842165e-03
2.203272772549187721e+03 1.201622268856793241e+01 1.693763210554457155e-03
2.203279717066433477e+03 1.201446878028681198e+01 1.690747999798882613e-03
2.203286661583212663e+03 1.201442996422529497e+01 1.692257581371569989e-03
2.203293606099526642e+03 1.201110531247461388e+01 1.687472391468847113e-03
2.203300550616307646e+03 1.200991066972469845e+01 1.684390377972471483e-03
2.203307495132620716e+03 1.201143854215987439e+01 1.687589060227790609e-03
2.203314439648469033e+03 1.200834357255858009e+01 1.682054531720090802e-03
2.203321384164783467e+03 1.201075998177340587e+01 1.685673578970539425e-03
2.203328328680630875e+03 1.201454557908748733e+01 1.692190852115512583e-03
2.203335273196479648e+03 1.201145235350834639e+01 1.689327316370397994e-03
2.203342217711862759e+03 1.201294378012823927e+01 1.689622348491320002e-03
2.203349162227710622e+03 1.201640310991671612e+01 1.694758798873869819e-03
2.203356106743093733e+03 1.201183997844665186e+01 1.688540153419758544e-03
2.203363051258010273e+03 1.201354396961214555e+01 1.689127068808266930e-03
2.203369995773392475e+03 1.201865386839568650e+01 1.697238839793973513e-03
2.203376940288309925e+03 1.201319063262942244e+01 1.688890540657284316e-03
2.203383884803227375e+03 1.200416406748806430e+01 1.676242764631633063e-03
2.203390829317678254e+03 1.201400853911333932e+01 1.689447836737082353e-03
2.203397773832129133e+03 1.201457495221976757e+01 1.690177569615234059e-03
2.203404718346580466e+03 1.201296827174832416e+01 1.688128424951739707e-03
2.203411662861032710e+03 1.201964689931676666e+01 1.696931823728771004e-03
2.203418607375018382e+03 1.201340630490802752e+01 1.688458605519322937e-03
2.203425551889004055e+03 1.201516012347034490e+01 1.688574969224390611e-03
2.203432496402989273e+03 1.202235680172031884e+01 1.700669094113868747e-03
2.203439440916508829e+03 1.202155692270348020e+01 1.700227338211087943e-03
2.203446385430494502e+03 1.202093539244276954e+01 1.699225085980638362e-03
2.203453329943549761e+03 1.202327965696967027e+01 1.700747240740173956e-03
2.203460274457070227e+03 1.201987329193818255e+01 1.695127685769525416e-03
2.203467218970124577e+03 1.201781504248590871e+01 1.691959781170211674e-03
2.203481107996231913e+03 1.202487603950305051e+01 1.703406448956572197e-03
2.203488052509286717e+03 1.202540778110430075e+01 1.702532327609139777e-03
2.203494997021875406e+03 1.202796990748875849e+01 1.706166017352344884e-03
2.203501941534464549e+03 1.202165125298651915e+01 1.696464560196896858e-03
2.203508886046588032e+03 1.202826047336735016e+01 1.707131161446959070e-03
2.203515830558711059e+03 1.202729555559582764e+01 1.705110259111615109e-03
2.203522775070833632e+03 1.202745216508708559e+01 1.705814497027595238e-03
2.203529719582957568e+03 1.202290904384311077e+01 1.696808148566938870e-03
2.203536664094614935e+03 1.203303982605058664e+01 1.712239541330307568e-03
2.203543608606737507e+03 1.202541901679704850e+01 1.700725634416436422e-03
2.203550553117928757e+03 1.203216964379316600e+01 1.713539009699806314e-03
2.203557497629585669e+03 1.202734624104837202e+01 1.702938391235749287e-03
2.203564442140777373e+03 1.202987164188920133e+01 1.706685851516186875e-03
2.203571386651969533e+03 1.203308958869598655e+01 1.711696966440662488e-03
2.203578331163161238e+03 1.203529825326846137e+01 1.713740612221208029e-03
2.203585275673888191e+03 1.203273996881477714e+01 1.710573063419598520e-03
2.203592220184613325e+03 1.203083212753461417e+01 1.707761378688159954e-03
2.203599164695338914e+03 1.203560456713877080e+01 1.715018998631243248e-03
2.203606109206064957e+03 1.203695802488640965e+01 1.716598098587066631e-03
2.203613053716325339e+03 1.203144467392202266e+01 1.708345208571562584e-03
2.203619998226587086e+03 1.204099246453468197e+01 1.721938425668118706e-03
2.203633887246640825e+03 1.203942800288742632e+01 1.720371163517386316e-03
2.203640831756436000e+03 1.203374294800875433e+01 1.710302577426544212e-03
2.203647776266230721e+03 1.203472965458588106e+01 1.710976473247525055e-03
2.203654720776025442e+03 1.204012473931213378e+01 1.719275675523963733e-03
2.203661665285355411e+03 1.203775044918253911e+01 1.715628417023339980e-03
2.203668609794684016e+03 1.203165006572135631e+01 1.708767780952817530e-03
2.203675554304013076e+03 1.203876496870274870e+01 1.717680615750923415e-03
2.203682498812876020e+03 1.204200209849774694e+01 1.721189520174797472e-03
2.203689443321739418e+03 1.203737243033483928e+01 1.716941128131928285e-03
2.203696387830604181e+03 1.203607687579192920e+01 1.713324321851732559e-03
2.203703332339001008e+03 1.203884016686867930e+01 1.719700707267801838e-03
2.203710276847863952e+03 1.203575002721319365e+01 1.713337937254974909e-03
2.203717221356262598e+03 1.203598704792575091e+01 1.712810258052188065e-03
2.203724165864194219e+03 1.203822360783571277e+01 1.716181960047033841e-03
2.203731110372591957e+03 1.203855215618032659e+01 1.716443275239705165e-03
2.203738054880524942e+03 1.203979834794100867e+01 1.719470696608910165e-03
2.203744999388457018e+03 1.204100753546531877e+01 1.721156122460328715e-03
2.203751943895922977e+03 1.203307430232790409e+01 1.709972794914656376e-03
2.203758888403854144e+03 1.203511131243793386e+01 1.713678769560642154e-03
2.203765832911320558e+03 1.203534503510301334e+01 1.714455801223530810e-03
2.203772777418787427e+03 1.203502789751857271e+01 1.712623284628408873e-03
2.203779721925789090e+03 1.203373228638900372e+01 1.711356545098246520e-03
2.203786666432788934e+03 1.203395836438357058e+01 1.712294640810231106e-03
2.203793610939790597e+03 1.203030116795208571e+01 1.706864701329505098e-03
2.203800555446790440e+03 1.202751440459651988e+01 1.704064760267807403e-03
2.203807499953325987e+03 1.202857158279942240e+01 1.704438653707836086e-03
2.203814444459861988e+03 1.203104904685188004e+01 1.709145322361001846e-03
2.203821388966397080e+03 1.203108494452944477e+01 1.710247290308794391e-03
2.203828333472465602e+03 1.202453007020312192e+01 1.701199638841181805e-03
2.203835277979000239e+03 1.202773152189745609e+01 1.704433420210751601e-03
2.203842222485069669e+03 1.202813621510245490e+01 1.706385014633503110e-03
2.203849166990673893e+03 1.202657974598409929e+01 1.702848129812871251e-03
2.203856111496744234e+03 1.202611342678065220e+01 1.704766094187901973e-03
2.203863056002347548e+03 1.202859607830458089e+01 1.707152643683661685e-03
2.203870000507950863e+03 1.202675685374225800e+01 1.705671964800623041e-03
2.203876945013088971e+03 1.202800920600920342e+01 1.705918527358026449e-03
2.203883889518226624e+03 1.202278050215976002e+01 1.700313476735252575e-03
2.203890834023365642e+03 1.202357299202914653e+01 1.699929173534127803e-03
2.203897778528504205e+03 1.201934117217303566e+01 1.693718917661477278e-03
2.203904723033641403e+03 1.202445700377785442e+01 1.700818852021378788e-03
2.203911667538313850e+03 1.202073232831851612e+01 1.695305986983350549e-03
2.203918612042985387e+03 1.202364496446134545e+01 1.700135696716391365e-03
2.203925556547193082e+03 1.202559188949239122e+01 1.704030155906066744e-03
2.203932501051865984e+03 1.202232039704669475e+01 1.697423487822248729e-03
2.203939445556072315e+03 1.202751950920153945e+01 1.705881282021858144e-03
2.203946390059813893e+03 1.202500732383091808e+01 1.701405755637390568e-03
2.203953334564020224e+03 1.202236534397852274e+01 1.698502301136901611e-03
2.203960279067760894e+03 1.202788321750178646e+01 1.706199743372183077e-03
2.203967223571503382e+03 1.202408690448275941e+01 1.700028077527146074e-03
2.203974168075244961e+03 1.202627306648041738e+01 1.704153834784348119e-03
2.203981112578519969e+03 1.202082982173721781e+01 1.695931018519822092e-03
2.203988057081794977e+03 1.202862220028724138e+01 1.707207087857544672e-03
2.203995001585069986e+03 1.203325212727618876e+01 1.713440261269889072e-03
2.204001946088345903e+03 1.202971010125035356e+01 1.708119565990360829e-03
2.204008890591155250e+03 1.202966367796587832e+01 1.706555596199517064e-03
2.204015835093965961e+03 1.202928171079078545e+01 1.706995630345129822e-03
2.204022779596776218e+03 1.203495334224214020e+01 1.715140340313218558e-03
2.204029724099119903e+03 1.203751918553111899e+01 1.719178766711564272e-03
2.204036668601463589e+03 1.203568632092010837e+01 1.714995254307178372e-03
2.204043613103807729e+03 1.203418855673205989e+01 1.711425952519950427e-03
2.204050557606151870e+03 1.203839852920799025e+01 1.717473890672025242e-03
2.204057502108030803e+03 1.203561103350118522e+01 1.714565163202715157e-03
2.204064446610374944e+03 1.203376406094870532e+01 1.711319306731456415e-03
2.204071391111786852e+03 1.203789159266335140e+01 1.717902014077174857e-03
2.204078335613665786e+03 1.203720639780978097e+01 1.715173938944899871e-03
2.204085280115079513e+03 1.203245080106318987e+01 1.708440780462995969e-03
2.204092224616491876e+03 1.203560467659408673e+01 1.713168632044284037e-03
2.204099169117905603e+03 1.204154907900285743e+01 1.721748947745688294e-03
2.204106113618851850e+03 1.203682835331567347e+01 1.713741199003298394e-03
2.204113058120264668e+03 1.204319594842568364e+01 1.724076061504544680e-03
2.204120002621211370e+03 1.204578155420437646e+01 1.727178644718658455e-03
2.204126947121693775e+03 1.204250363216268305e+01 1.720961949383235023e-03
2.204133891622640931e+03 1.204222609653749920e+01 1.722405185956107053e-03
2.204140836123121971e+03 1.204373608079141533e+01 1.722421512174489690e-03
2.204147780623603467e+03 1.204264819504037831e+01 1.721596569595689992e-03
2.204154725123619755e+03 1.204761231069662486e+01 1.728642063938007518e-03
2.204161669623635134e+03 1.204833160542592907e+01 1.729676158799792413e-03
2.204168614123650968e+03 1.204235051010282476e+01 1.719447459874176316e-03
2.204175558623667712e+03 1.204410198936357368e+01 1.721535830417795458e-03
2.204182503123683091e+03 1.204770436473544493e+01 1.728523337931795432e-03
2.204189447623232354e+03 1.204506674070981198e+01 1.723199637989213020e-03
2.204196392122782981e+03 1.205681521212778584e+01 1.741670199857108144e-03
2.204203336622334064e+03 1.204878245020470473e+01 1.728752259330026703e-03
2.204210281121418575e+03 1.204891224109337244e+01 1.728907794759682991e-03
2.204217225620503541e+03 1.205183847055082325e+01 1.732934576354100724e-03
2.204224170119588052e+03 1.205322592466253084e+01 1.735623504160218938e-03
2.204231114618671654e+03 1.204752044985406201e+01 1.727929727735748842e-03
2.204238059117290049e+03 1.205384772336018884e+01 1.735871046942068880e-03
2.204245003615908900e+03 1.205064806773992636e+01 1.730837656478178286e-03
2.204251948114529114e+03 1.204997906071993619e+01 1.729606790323059669e-03
2.204258892612681848e+03 1.204711032053868536e+01 1.727365694212198164e-03
2.204265837111300243e+03 1.204669286857716237e+01 1.725543643074656849e-03
2.204272781608988225e+03 1.205236375076133370e+01 1.734720932311058575e-03
2.204279726107140959e+03 1.205028613906735124e+01 1.729775253856836179e-03
2.204286670605294603e+03 1.204492967563752792e+01 1.721545468946007349e-03
2.204293615102983040e+03 1.205035459429953804e+01 1.731847730532066381e-03
2.204300559600670113e+03 1.204829798853947587e+01 1.727316241054235825e-03
2.204307504097891524e+03 1.204515312646222469e+01 1.722776756277322749e-03
2.204314448595579051e+03 1.205212825917037200e+01 1.734385882193840295e-03
2.204321393092800463e+03 1.205030181645012810e+01 1.730553572224239472e-03
2.204328337590022329e+03 1.205018082088665388e+01 1.732914558489439920e-03
2.204335282086778989e+03 1.204923493332236184e+01 1.730767353068931539e-03
2.204342226584000400e+03 1.204634870354085230e+01 1.727060145946022508e-03
2.204349171080757515e+03 1.204788883628369867e+01 1.730533355861502837e-03
2.204356115577047603e+03 1.204090990095594904e+01 1.719282843979388258e-03
2.204363060073803354e+03 1.204448159555971998e+01 1.725216692037176381e-03
2.204370004570095261e+03 1.203458362490622235e+01 1.709596478656493423e-03
2.204376949066384896e+03 1.204002768199342199e+01 1.718058889838140844e-03
2.204383893562675439e+03 1.204098335423828559e+01 1.719673726023397339e-03
2.204390838058499867e+03 1.204118415983426615e+01 1.720539759906552710e-03
2.204397782554324294e+03 1.203452476134791382e+01 1.710065076667000635e-03
2.204404727050150541e+03 1.203690923287694581e+01 1.714930911786467218e-03
2.204411671545975878e+03 1.204004312898804763e+01 1.720777913625796051e-03
2.204418616041334644e+03 1.203460475248563988e+01 1.711378769498809235e-03
2.204425560536693411e+03 1.203670690482426764e+01 1.714082796161897279e-03
2.204432505032053086e+03 1.203892609788157486e+01 1.718176701384168704e-03
2.204439449527411398e+03 1.203559071680475512e+01 1.713187785295121812e-03
2.204446394022305867e+03 1.203645905733728227e+01 1.714241285984081714e-03
2.204453338517199882e+03 1.203246727956826945e+01 1.710119239418703575e-03
2.204460283012092987e+03 1.203661203832241000e+01 1.715365651321248399e-03
2.204467227506521340e+03 1.203206750872652897e+01 1.708156710326915514e-03
2.204474172001414445e+03 1.202993524459756536e+01 1.704919281697963619e-03
2.204481116495842343e+03 1.202919338698236373e+01 1.706371040714417227e-03
2.204488060989805035e+03 1.203206081487431689e+01 1.710213482815659989e-03
2.204495005484232934e+03 1.203117007629738922e+01 1.708016918052774127e-03
2.204501949978195626e+03 1.203398206223004330e+01 1.713782768475507904e-03
2.204508894472156953e+03 1.203000894757366801e+01 1.707121626522273977e-03
2.204515838966118281e+03 1.203293938651861517e+01 1.712305969778489187e-03
2.204522783459616676e+03 1.202709257665050124e+01 1.704726120806103994e-03
2.204529727953113252e+03 1.202869562399060221e+01 1.706479543787861207e-03
2.204536672446609373e+03 1.203078506313931229e+01 1.709312234277573844e-03
2.204543616940105949e+03 1.203072063156238514e+01 1.710143660793448511e-03
2.204550561433136863e+03 1.202954101420305832e+01 1.706658166087197384e-03
2.204557505926167323e+03 1.202774150573414325e+01 1.703696472191634738e-03
2.204564450419199602e+03 1.202793105172976951e+01 1.705899757753132030e-03
2.204571394912230062e+03 1.202086547351510504e+01 1.694762226740852704e-03
2.204578339404794860e+03 1.201847691712172761e+01 1.692836127063918929e-03
2.204585283897360114e+03 1.201779770497786970e+01 1.690196793912790907e-03
2.204592228389924912e+03 1.202443676636976555e+01 1.700481960590619198e-03
2.204599172882025414e+03 1.201725055989691704e+01 1.689055099087936928e-03
2.204606117374125006e+03 1.202580175076411173e+01 1.703588204986667418e-03
2.204613061866224598e+03 1.202238415092839396e+01 1.698668487965223316e-03
2.204620006358324645e+03 1.202708428617394354e+01 1.704534261537015523e-03
2.204626950850423782e+03 1.202452614808515996e+01 1.700586260416469446e-03
2.204633895342056803e+03 1.202184893899082319e+01 1.697015735015981307e-03
2.204640839833692553e+03 1.202463754395425433e+01 1.701667450177236874e-03
2.204647784324861277e+03 1.202236598152624225e+01 1.696654971408007549e-03
2.204654728816493844e+03 1.202255905323936247e+01 1.697749595707444444e-03
2.204661673307662113e+03 1.203189153579540083e+01 1.711857937195847843e-03
2.204668617798829928e+03 1.202589604503285159e+01 1.701847234985602196e-03
2.204675562289532991e+03 1.202711826796506323e+01 1.703834059626677718e-03
2.204682506780701260e+03 1.203029718263734615e+01 1.711151981617548912e-03
2.204689451271403868e+03 1.202302299551630149e+01 1.696666143023802973e-03
2.204696395762106931e+03 1.203213727850202730e+01 1.710794543448775204e-03
2.204703340252343878e+03 1.203225505117963223e+01 1.709664166524643746e-03
2.204710284743046032e+03 1.203272743331448247e+01 1.711688910422476178e-03
2.204717229233282978e+03 1.203271452016527476e+01 1.711564434597481971e-03
2.204724173723519925e+03 1.203649766493284368e+01 1.715767157585720067e-03
2.204731118213292120e+03 1.203130187853673760e+01 1.707335401053230485e-03
2.204738062703063406e+03 1.203424552478077914e+01 1.711827404159810620e-03
2.204745007192834237e+03 1.203746069433982768e+01 1.717006117974285376e-03
2.204751951682605522e+03 1.203993806423375368e+01 1.720287786404914743e-03
2.204758896172376353e+03 1.203731239870485759e+01 1.715672121897285785e-03
2.204765840661682432e+03 1.204194805905611432e+01 1.721442917947988132e-03
2.204772785143537931e+03 1.204012369693381856e+01 1.719130645955339485e-03
2.204779729632843100e+03 1.204436109983056724e+01 1.725086830351430650e-03
2.204786674122148725e+03 1.203746503360361331e+01 1.713088158948446616e-03
2.204793618610988233e+03 1.204004627034848873e+01 1.716980251799039197e-03
2.204800563099829105e+03 1.204715300231583974e+01 1.729052155575433632e-03
2.204807507588669523e+03 1.204195061846045967e+01 1.719772854995762828e-03
2.204814452077043370e+03 1.204611791113300256e+01 1.729920592968643613e-03
2.204821396565418127e+03 1.204440789966846737e+01 1.723024765287005074e-03
2.204828341053791519e+03 1.205054857405962210e+01 1.731934061868573927e-03
2.204835285542165821e+03 1.204202587982176098e+01 1.719154834733115826e-03
2.204842230030074916e+03 1.205485665715074539e+01 1.739330312474655828e-03
2.204849174517984011e+03 1.204899488188645407e+01 1.729133370045787300e-03
2.204856119005891742e+03 1.204868321359751526e+01 1.728661803705312415e-03
2.204863063493800382e+03 1.204967793167941537e+01 1.728739291021645554e-03
2.204870007981243361e+03 1.204566206705316134e+01 1.722660838536896593e-03
2.204876952468686795e+03 1.204808624991997235e+01 1.726604273423655968e-03
2.204883896956130229e+03 1.205248768367387058e+01 1.733274963142790708e-03
2.204890841443573663e+03 1.204722329969440864e+01 1.725471884684256314e-03
2.204897785930550071e+03 1.205075545983660135e+01 1.730459095385548365e-03
2.204904730417526935e+03 1.205040033705302527e+01 1.730403491629039711e-03
2.204911674904505162e+03 1.205193855165190087e+01 1.732980693824896475e-03
2.204918619391016364e+03 1.205217324890529618e+01 1.732533188743979723e-03
2.204925563877994591e+03 1.204899494754677747e+01 1.727676044595508314e-03
2.204932508364506248e+03 1.204741779424973913e+01 1.726190817473911539e-03
2.204939452851017904e+03 1.204647610879628417e+01 1.724184227928652864e-03
2.204946397337062990e+03 1.204773164219056980e+01 1.726403108858584091e-03
2.204953341823109440e+03 1.204831566077004368e+01 1.727616990166121799e-03
2.204960286309155435e+03 1.204732194618501673e+01 1.726357810210099077e-03
2.204967230795201885e+03 1.204815686941070396e+01 1.726907299911238820e-03
2.204974175281247881e+03 1.204205605053398642e+01 1.718702169800184233e-03
2.204981119766827760e+03 1.204291835031329327e+01 1.722101285077731140e-03
2.204988064252408549e+03 1.204397913328123693e+01 1.722401213911341688e-03
2.204995008737987973e+03 1.204779845395800919e+01 1.729407624123519439e-03
2.205001953223103556e+03 1.204625134897071348e+01 1.725037360313810050e-03
2.205008897708218683e+03 1.204541322368677392e+01 1.724317089518127453e-03
2.205015842193332901e+03 1.204696643440342463e+01 1.727167311468751120e-03
2.205022786678447574e+03 1.204243754251119825e+01 1.721626196074112864e-03
2.205029731163096585e+03 1.203808136105232940e+01 1.716248301504312481e-03
2.205036675648211713e+03 1.204383828237031295e+01 1.722622136679261701e-03
2.205043620132860269e+03 1.204243460463607995e+01 1.721275142463921711e-03
2.205050564617044529e+03 1.204076767174337981e+01 1.718026651615703337e-03
2.205057509101693086e+03 1.204354052920227858e+01 1.722754484684025289e-03
2.205064453585875981e+03 1.204197976422075378e+01 1.721219140263639640e-03
2.205071398070058876e+03 1.204052276279567479e+01 1.718489610150974794e-03
2.205078342554242681e+03 1.203831311997444509e+01 1.715831801623720005e-03
2.205085287037960825e+03 1.203349963335563722e+01 1.708600108622222117e-03
2.205092231521678514e+03 1.203604553294269586e+01 1.712765881779936819e-03
2.205099176005395748e+03 1.204092645073659007e+01 1.720714470364646462e-03
2.205106120489113437e+03 1.204208624925862026e+01 1.722908566057115669e-03
2.205113064972365464e+03 1.203998623063117179e+01 1.719433620776209762e-03
2.205120009455617947e+03 1.203753194245602032e+01 1.717084073016310027e-03
2.205126953938870429e+03 1.203301998518175076e+01 1.710582707929536161e-03
2.205133898422122002e+03 1.203627780622346677e+01 1.714761363718787703e-03
2.205140842904907913e+03 1.203180561784263602e+01 1.709215462341785773e-03
2.205147787387695189e+03 1.203360871760614792e+01 1.711833942961421464e-03
2.205154731870481555e+03 1.203320682012991583e+01 1.711397308834372057e-03
2.205161676353267922e+03 1.203520412504691350e+01 1.714417770527262418e-03
2.205175565317908422e+03 1.202657190644146645e+01 1.703556451278407605e-03
2.205182509800230036e+03 1.202466699081965729e+01 1.700706253714517890e-03
2.205189454282550287e+03 1.202955902430011292e+01 1.707554921440962176e-03
2.205196398764405330e+03 1.202541990268832706e+01 1.701363262333782742e-03
2.205203343246261284e+03 1.202916803640595411e+01 1.710856161041852345e-03
2.205210287728115873e+03 1.203073277409080255e+01 1.711299264592465019e-03
2.205217232209504800e+03 1.203069348599626665e+01 1.708582224211704264e-03
2.205224176691360299e+03 1.202482278015809314e+01 1.699521119309008481e-03
2.205231121172749226e+03 1.203082543816695349e+01 1.708697234643354783e-03
2.205238065654139518e+03 1.202577066861989330e+01 1.702518349591335568e-03
2.205245010135063239e+03 1.202367999403734089e+01 1.698216945288263903e-03
2.205251954616453077e+03 1.202604844945551754e+01 1.702350995520574223e-03
2.205258899097375888e+03 1.202360569463423445e+01 1.699427858945920782e-03
2.205265843577834403e+03 1.202738819938247339e+01 1.704414418311121001e-03
2.205272788058758579e+03 1.202573505501943529e+01 1.702989923330913702e-03
2.205279732539216639e+03 1.202437587566098642e+01 1.700289896413173085e-03
2.205286677019674244e+03 1.202771150395360600e+01 1.704642746624404149e-03
2.205293621500131849e+03 1.202460175923336827e+01 1.700529858227116430e-03
2.205300565980590363e+03 1.202734207114047571e+01 1.704563445782303951e-03
2.205307510460582307e+03 1.202531173130703657e+01 1.701442212020537253e-03
2.205314454940575160e+03 1.202522518887204228e+01 1.702225515851440692e-03
2.205321399420568468e+03 1.202671192683614443e+01 1.705428423988685242e-03
2.205328343900095206e+03 1.202905082708194229e+01 1.707509464583447734e-03
2.205335288380086240e+03 1.202578139378784527e+01 1.702814840768772505e-03
2.205342232859613432e+03 1.202686450851070887e+01 1.703555943539321587e-03
2.205349177339139715e+03 1.202854959160102410e+01 1.708807199529433461e-03
2.205356121818201245e+03 1.202571880058107112e+01 1.701418032118780840e-03
2.205363066297263686e+03 1.202817228943599304e+01 1.703697177955625823e-03
2.205370010776324307e+03 1.203185213337703274e+01 1.709914995982679238e-03
2.205376955255384928e+03 1.203194404921471339e+01 1.710237903843641076e-03
2.205383899734446459e+03 1.203085291331687401e+01 1.709493567398539474e-03
2.205390844213040964e+03 1.203045438358709518e+01 1.706970366560463118e-03
2.205397788691636379e+03 1.203307266495914973e+01 1.709714020878852882e-03
2.205404733170232248e+03 1.202937668222594958e+01 1.703908411928034506e-03
2.205411677648362001e+03 1.203845548816745215e+01 1.716582242364142344e-03
2.205418622126957416e+03 1.202904559444071708e+01 1.703463227520774469e-03
2.205425566605086715e+03 1.203445808709686027e+01 1.710994629179662333e-03
2.205432511082751262e+03 1.204012828798902035e+01 1.719014825260792691e-03
2.205439455560881925e+03 1.204043608184485770e+01 1.722231838256354152e-03
2.205446400038546017e+03 1.204568111100717687e+01 1.726537923453533904e-03
2.205453344516209654e+03 1.203929039984553384e+01 1.716213111116634844e-03
2.205460288993873291e+03 1.204435691346335879e+01 1.723354820423102576e-03
2.205467233471072177e+03 1.204835623666432021e+01 1.729032021656730150e-03
2.205474177948736724e+03 1.204167495222318252e+01 1.719266984214570197e-03
2.205481122425935609e+03 1.204370536368197797e+01 1.722335767970022179e-03
2.205488066903134040e+03 1.205367214203363879e+01 1.737627996254888750e-03
2.205495011379865900e+03 1.205148499898522729e+01 1.732137445285657868e-03
2.205501955856599579e+03 1.205287167420739536e+01 1.733884419148052844e-03
2.205508900333331439e+03 1.205506816853276852e+01 1.737450998627726060e-03
2.205515844810064664e+03 1.205338253013777106e+01 1.733839701918044127e-03
2.205522789286797433e+03 1.205546507789887301e+01 1.736524633579266232e-03
2.205529733763064542e+03 1.205510078846159949e+01 1.737069598932442210e-03
2.205536678239331650e+03 1.205925598802444121e+01 1.744635428597327139e-03
2.205543622715597849e+03 1.204945287183239877e+01 1.728899105609356867e-03
2.205550567191400205e+03 1.205477989119430049e+01 1.734209537733197824e-03
2.205557511667202562e+03 1.205255942449901596e+01 1.731491860522033554e-03
2.205564456143004008e+03 1.205740350485323731e+01 1.739357323910507977e-03
2.205571400618804546e+03 1.205488042115319658e+01 1.735233610710428280e-03
2.205578345094605993e+03 1.205499417125305150e+01 1.735373944556237169e-03
2.205585289569941779e+03 1.205400861764530873e+01 1.734208977981749941e-03
2.205592234045278019e+03 1.205949073793241055e+01 1.741272885959499212e-03
2.205599178520614259e+03 1.206203954781011234e+01 1.746826949131133214e-03
2.205606122995483929e+03 1.206122385073746983e+01 1.745697529791633788e-03
2.205613067470819260e+03 1.205489025843871786e+01 1.736272190618962747e-03
2.205620011945689839e+03 1.205770547468699583e+01 1.739516435791343095e-03
2.205626956420093848e+03 1.205461582833383005e+01 1.736113631057515988e-03
2.205633900894964427e+03 1.205508373920420873e+01 1.738951149439647154e-03
2.205640845369368890e+03 1.205911445941433158e+01 1.742009111079127542e-03
2.205647789843772898e+03 1.205144484378186220e+01 1.731110327012672263e-03
2.205654734318177816e+03 1.205185157834812415e+01 1.732111432485513918e-03
2.205661678792116618e+03 1.205875188412854015e+01 1.745377528664827623e-03
2.205668623266521536e+03 1.205519361546200052e+01 1.736895012402717544e-03
2.205675567740460792e+03 1.204815438383186255e+01 1.727361393689872977e-03
2.205682512214399139e+03 1.205198896378247397e+01 1.732274878869826317e-03
2.205689456687871825e+03 1.204934534571365745e+01 1.729390052224097363e-03
2.205696401161345420e+03 1.205006350747148325e+01 1.729397800131313341e-03
2.205703345634818106e+03 1.204668222326746729e+01 1.725374191376545258e-03
2.205710290108291701e+03 1.205233673314675258e+01 1.734150160690007582e-03
2.205717234581765297e+03 1.205058577357528726e+01 1.731995195166924567e-03
2.205724179054773231e+03 1.204750336236364916e+01 1.727454675809863595e-03
2.205731123527779800e+03 1.204864334087256061e+01 1.728845412237384757e-03
2.205738068000787280e+03 1.204712048064160967e+01 1.726653940560429973e-03
2.205745012473329098e+03 1.204355880114461819e+01 1.720781063102589997e-03
2.205751956946337032e+03 1.204660740678647102e+01 1.726233288827266118e-03
2.205758901418879759e+03 1.204958326710916161e+01 1.732764260076314570e-03
2.205765845891421122e+03 1.204458317647058152e+01 1.726119960063634412e-03
2.205772790363496370e+03 1.204450586790412103e+01 1.725538515730477189e-03
2.205779734836038187e+03 1.204019887258700194e+01 1.718666183731848082e-03
2.205786679308113435e+03 1.204195872668444700e+01 1.720576044737210600e-03
2.205793623779725749e+03 1.204552883259300522e+01 1.727229378438699479e-03
2.205800568251801906e+03 1.204302948457698363e+01 1.722878236666396719e-03
2.205807512723411946e+03 1.203622461837788826e+01 1.711824904046915698e-03
2.205814457195022442e+03 1.204323859630392590e+01 1.724064852780728824e-03
2.205821401666632937e+03 1.204182477949425945e+01 1.722065853764672728e-03
2.205828346138243433e+03 1.204464836625813717e+01 1.725157739215143690e-03
2.205835290609389631e+03 1.203615464669952750e+01 1.715696549775060607e-03
2.205842235080534010e+03 1.204073562729673341e+01 1.720387582441896884e-03
2.205849179551677935e+03 1.203242645699799951e+01 1.708300309629056822e-03
2.205856124022823678e+03 1.203467291613084456e+01 1.711516401895886962e-03
2.205863068493501942e+03 1.203490372207581593e+01 1.711247594603563594e-03
2.205870012964181569e+03 1.203515849420466211e+01 1.713579922583341117e-03
2.205876957434862106e+03 1.203687743462280935e+01 1.717037734902988541e-03
2.205883901905541279e+03 1.203542408549848908e+01 1.714105468603640105e-03
2.205890846375753426e+03 1.203111966670534727e+01 1.706241357909250899e-03
2.205897790845967393e+03 1.203020505820177455e+01 1.707821135551187888e-03
2.205904735316180449e+03 1.203506274343851956e+01 1.712349431460469295e-03
2.205911679786394416e+03 1.203774354419631543e+01 1.716907373312782535e-03
2.205918624256142721e+03 1.203713490232232175e+01 1.715643935750535854e-03
2.205925568725890116e+03 1.203797520136238219e+01 1.716677162865182932e-03
2.205932513195637966e+03 1.204049431961792749e+01 1.720661020441252706e-03
2.205939457665385362e+03 1.203567751035242850e+01 1.713608019970109912e-03
2.205946402134668460e+03 1.204135784332542869e+01 1.722655037114113018e-03
2.205953346603951559e+03 1.203788959648941592e+01 1.716914261655427083e-03
2.205960291073232838e+03 1.203787566752067129e+01 1.716032797276981561e-03
2.205967235542515027e+03 1.203616626770880060e+01 1.715430538783589134e-03
2.205974180011331555e+03 1.203827865169558820e+01 1.717589039115663234e-03
2.205981124480148083e+03 1.203352034302459828e+01 1.709796362527356197e-03
2.205988068948964610e+03 1.204274802194951732e+01 1.723138989023945133e-03
2.205995013417782047e+03 1.203837082652138335e+01 1.716164048924718067e-03
2.206001957886132459e+03 1.204269717669459538e+01 1.721868144108555697e-03
2.206008902354482416e+03 1.204211470502128911e+01 1.720920010871846957e-03
2.206015846822834192e+03 1.204600680815488190e+01 1.726968286353766820e-03
2.206022791291184149e+03 1.204513762523752796e+01 1.726617808383186081e-03
2.206029735759069354e+03 1.204094077330065815e+01 1.718756658906362301e-03
2.206036680227422039e+03 1.204388969430874390e+01 1.723040590626546053e-03
2.206043624695306789e+03 1.204742932529165778e+01 1.727700341461642364e-03
2.206050569162725424e+03 1.204497172817318429e+01 1.722998247507326157e-03
2.206057513630611083e+03 1.204890106744038114e+01 1.730482788166166864e-03
2.206064458098030627e+03 1.205082592614722259e+01 1.731121431054308312e-03
2.206071402565451081e+03 1.205337954207328366e+01 1.734118627463511258e-03
2.206078347032869715e+03 1.205056100218061665e+01 1.730904144869670203e-03
2.206085291499823597e+03 1.205013310264605764e+01 1.729282460106258603e-03
2.206092235966777935e+03 1.205337344433475799e+01 1.734140252155454620e-03
2.206099180433730908e+03 1.205453110153669627e+01 1.735465918729600264e-03
2.206106124900685245e+03 1.205431139450415579e+01 1.735007756473883316e-03
2.206113069367640492e+03 1.205616894556081142e+01 1.736344939872188449e-03
2.206120013834128258e+03 1.205708912317117409e+01 1.738900346240793236e-03
2.206126958300616025e+03 1.205676973033610011e+01 1.738078028843520776e-03
2.206133902767104701e+03 1.205537641481883071e+01 1.736012668203889674e-03
2.206140847233125896e+03 1.206281630161512020e+01 1.747333970883265062e-03
2.206147791699149366e+03 1.205836086481382274e+01 1.738964304792460763e-03
2.206154736165172380e+03 1.206052539419690461e+01 1.743533305796131925e-03
2.206161680631194940e+03 1.206536901042650101e+01 1.751013866854170958e-03
2.206168625097217500e+03 1.206069489351752644e+01 1.743295212738943823e-03
2.206175569562773944e+03 1.205834499814666216e+01 1.739070257459333479e-03
2.206182514028330843e+03 1.206168113737838787e+01 1.743135229796442332e-03
2.206189458493888196e+03 1.205805825939066267e+01 1.739196389473127505e-03
2.206196402958979888e+03 1.205826213121806489e+01 1.738115889315639071e-03
2.206203347424537242e+03 1.206761777860756446e+01 1.753630783139580041e-03
2.206210291889627570e+03 1.205676787423968577e+01 1.737504905338313824e-03
2.206217236354717897e+03 1.205806540900332635e+01 1.739695470053708500e-03
2.206224180819343928e+03 1.206048061168496233e+01 1.744264890734419093e-03
2.206231125284436530e+03 1.205413265937825251e+01 1.734218245568657684e-03
2.206238069749062106e+03 1.205524004704571794e+01 1.735274121007541852e-03
2.206245014213221566e+03 1.205725403151474140e+01 1.738378596806132567e-03
2.206251958677847142e+03 1.204998065483709446e+01 1.728843168020739339e-03
2.206258903142006602e+03 1.205166534531900702e+01 1.734430368656781447e-03
2.206265847606632633e+03 1.205488224420881060e+01 1.737998859743223809e-03
2.206272792070327341e+03 1.205565446429462284e+01 1.738037579950805697e-03
2.206279736534486801e+03 1.205245854927683347e+01 1.735603558104700100e-03
2.206286680998181055e+03 1.205374097244355625e+01 1.736084572362199671e-03
2.206293625462340970e+03 1.204942864148650905e+01 1.730198999495279359e-03
2.206300569926034768e+03 1.204544694062150079e+01 1.723670969307272097e-03
2.206307514389263360e+03 1.204928686390298687e+01 1.729876466636895991e-03
2.206314458852958978e+03 1.204775099391223847e+01 1.729013412697641633e-03
2.206321403316187116e+03 1.204552829624098820e+01 1.723905936374262385e-03
2.206328347779415708e+03 1.204414204316993420e+01 1.722806367683936152e-03
2.206335292242178639e+03 1.204797894235151468e+01 1.728490141595592517e-03
2.206342236705407231e+03 1.204013601359393171e+01 1.717628068351287210e-03
2.206349181168171071e+03 1.204086170547311596e+01 1.718790963792047244e-03
2.206356125630934457e+03 1.203991317834906738e+01 1.718100919267789893e-03
2.206363070093696479e+03 1.203854895149997262e+01 1.715830476569974892e-03
2.206370014555993293e+03 1.203732677518324579e+01 1.714153993709462316e-03
2.206376959018290108e+03 1.203884571553934002e+01 1.717613727540245926e-03
2.206383903480587378e+03 1.203885679261761865e+01 1.718711599728869584e-03
2.206390847942886467e+03 1.203856707812767191e+01 1.716864839444184323e-03
2.206397792405183282e+03 1.203661175641251546e+01 1.714330293055912890e-03
2.206404736867013980e+03 1.203294520862427142e+01 1.710173179218172149e-03
2.206411681328846043e+03 1.203386650413316694e+01 1.711069708464090953e-03
2.206418625790676742e+03 1.202963254928945958e+01 1.705505519258325529e-03
2.206425570252043599e+03 1.203181518628456637e+01 1.709468013533407046e-03
2.206432514713410001e+03 1.203087297870712291e+01 1.708293246579609213e-03
2.206439459174775948e+03 1.203854479524143173e+01 1.718896290649172404e-03
2.206446403636141440e+03 1.202701793673796260e+01 1.702962080665006281e-03
2.206453348097507387e+03 1.202866474816056197e+01 1.705337790889464075e-03
2.206460292558407673e+03 1.203118873150612167e+01 1.709502712040487883e-03
2.206467237019307959e+03 1.203311250254346909e+01 1.712498641149733146e-03
2.206474181480209609e+03 1.202453044756513556e+01 1.699659470529396327e-03
2.206481125940643324e+03 1.202706451682770705e+01 1.703803496096996861e-03
2.206488070401543609e+03 1.202548071235264970e+01 1.702053009125871963e-03
2.206495014861978234e+03 1.203044544029819818e+01 1.709135263058463331e-03
2.206501959322412858e+03 1.202812005807311024e+01 1.704827588680914467e-03
2.206508903782382731e+03 1.202938472596910557e+01 1.707209067796846592e-03
2.206515848242817356e+03 1.203060123234241807e+01 1.708590301810120581e-03
2.206522792702786319e+03 1.202566130672227729e+01 1.700706030063422851e-03
2.206529737162754373e+03 1.203150615158345538e+01 1.709937220282625823e-03
2.206536681622258584e+03 1.203543993300563386e+01 1.716098096930320643e-03
2.206543626082227547e+03 1.203637875578947813e+01 1.717337881706729099e-03
2.206550570541730394e+03 1.202353879016920857e+01 1.697861168137676470e-03
2.206557515001233696e+03 1.202866672923402369e+01 1.705804519634369605e-03
2.206564459460270882e+03 1.203421471939081222e+01 1.712277301060458360e-03
2.206571403919774639e+03 1.202650077206399892e+01 1.702742424693390842e-03
2.206578348378811825e+03 1.203127391785964839e+01 1.708499260648133761e-03
2.206585292837849920e+03 1.202908765689110382e+01 1.705345267929544474e-03
2.206592237296888470e+03 1.203505624238837513e+01 1.713529539428792960e-03
2.206599181755459995e+03 1.202908187137133034e+01 1.704749269142283741e-03
2.206606126214031519e+03 1.203717764716632566e+01 1.716616126849327502e-03
2.206613070672603953e+03 1.203692007654170482e+01 1.715799796494612726e-03
2.206620015131175933e+03 1.203748323847893076e+01 1.718366020373215952e-03
2.206626959589748367e+03 1.203840989319613186e+01 1.717984039445946166e-03
2.206633904047855140e+03 1.203535796720163731e+01 1.713444882180419808e-03
2.206640848505961003e+03 1.203476765500490053e+01 1.712852726402415383e-03
2.206647792964066412e+03 1.203492593761079199e+01 1.714796365020900860e-03
2.206654737421707978e+03 1.203758311564157069e+01 1.714966396338177181e-03
2.206661681879348635e+03 1.203680027753753912e+01 1.715068262881460238e-03
2.206668626336989291e+03 1.203850748106783719e+01 1.716400775564902751e-03
2.206675570794630403e+03 1.203651655662134878e+01 1.712860290474161077e-03
2.206682515252271060e+03 1.203931347018013476e+01 1.716765544224000371e-03
2.206689459709445600e+03 1.204401484092909769e+01 1.723340985712452705e-03
2.206696404166620596e+03 1.204397093542755570e+01 1.723964774536308059e-03
2.206703348623796046e+03 1.204675083452462658e+01 1.727676018948120671e-03
2.206710293080971496e+03 1.204525427598756337e+01 1.725761854330813911e-03
2.206717237537680376e+03 1.204392222374263888e+01 1.722733773808782188e-03
2.206724181994390165e+03 1.204657535517173272e+01 1.725489645574137306e-03
2.206731126451098589e+03 1.204715429799724014e+01 1.729105593632794709e-03
2.206738070907807924e+03 1.204579383272290549e+01 1.724863793961962889e-03
2.206745015364052506e+03 1.205012966886361170e+01 1.730827822015147460e-03
2.206751959820296634e+03 1.204659939059222928e+01 1.725915936136931386e-03
2.206758904276539397e+03 1.204989695922651016e+01 1.733043998556871822e-03
2.206765848732783070e+03 1.204460787111097630e+01 1.722006853998382962e-03
2.206772793188561536e+03 1.204651989213142826e+01 1.725575758927867191e-03
2.206779737644339548e+03 1.205001196625335069e+01 1.729881097195178075e-03
2.206786682100117559e+03 1.204327434898822879e+01 1.719740711010577655e-03
2.206793626555896026e+03 1.204909796584309944e+01 1.730700663315362002e-03
2.206800571011207921e+03 1.204707642693874625e+01 1.725016893220519473e-03
2.206807515466519362e+03 1.204962400874951278e+01 1.729912594409231154e-03
2.206814459921832622e+03 1.205096241859065564e+01 1.730536283110233574e-03
2.206821404377144972e+03 1.205173876069443395e+01 1.733504038877201449e-03
2.206828348832457777e+03 1.204540295342413003e+01 1.722444561629985198e-03
2.206835293287304921e+03 1.205031251404376391e+01 1.731389500731670816e-03
2.206842237742151156e+03 1.204848292327300641e+01 1.729061191424335203e-03
2.206849182196996935e+03 1.205049421512281427e+01 1.730890944912860316e-03
2.206856126651378418e+03 1.205399400302209933e+01 1.735378755350292825e-03
2.206863071105759900e+03 1.204858357679998981e+01 1.727523763431087350e-03
2.206870015560140928e+03 1.205367538256594884e+01 1.735544108134822383e-03
2.206876960014522410e+03 1.205172867666063219e+01 1.731751919766188683e-03
2.206883904468902983e+03 1.205433269987365996e+01 1.736128914323030025e-03
2.206890848922817895e+03 1.205464186172354069e+01 1.736046615461651682e-03
2.206897793376734626e+03 1.204512455820139927e+01 1.722621204466675280e-03
2.206904737830649992e+03 1.205011840993238614e+01 1.729970969622952187e-03
2.206911682284564904e+03 1.204909293131883530e+01 1.727030390973923000e-03
2.206918626738015519e+03 1.205338730248731771e+01 1.735109950613231882e-03
2.206925571191463860e+03 1.204630431094584253e+01 1.726235751092590693e-03
2.206932515644913565e+03 1.205483642533484634e+01 1.738803144146288575e-03
2.206939460098364634e+03 1.204725037179593627e+01 1.725899649144514540e-03
2.206946404551348678e+03 1.205058263521135409e+01 1.731255700893069615e-03
2.206953349004332267e+03 1.204877396376667420e+01 1.728939313977671637e-03
2.206960293457315856e+03 1.204925640776899165e+01 1.729629113816952063e-03
2.206967237910299446e+03 1.204610597824482809e+01 1.726348745274449304e-03
2.206974182362817828e+03 1.205012285288872143e+01 1.732038051212125450e-03
2.206981126815337120e+03 1.204486318630032393e+01 1.723285459967564652e-03
2.206988071267855503e+03 1.204880781486623320e+01 1.729503399436273410e-03
2.206995015720373885e+03 1.204944784434336036e+01 1.730814764063098822e-03
2.207001960172427061e+03 1.204732593805784013e+01 1.728098973615454061e-03
2.207008904624944535e+03 1.204377770387329427e+01 1.723629017299334451e-03
2.207015849076998620e+03 1.203864241699893789e+01 1.713931582865456989e-03
2.207022793528585680e+03 1.204151175145087294e+01 1.719673423146744545e-03
2.207029737980637947e+03 1.204419694724214196e+01 1.724955420422391583e-03
2.207036682432225462e+03 1.204165987444517505e+01 1.720033881334855075e-03
2.207043626883812067e+03 1.204311787984556048e+01 1.722397043630334666e-03
2.207050571335398672e+03 1.204636613261343037e+01 1.727987271518658307e-03
2.207057515786986642e+03 1.204050309163043231e+01 1.719712309458676543e-03
2.207064460238108040e+03 1.203815471730850994e+01 1.715194599353438588e-03
2.207071404689228984e+03 1.204220519133601108e+01 1.721163987392652613e-03
2.207078349140350383e+03 1.203858521624744427e+01 1.717078403115580550e-03
2.207085293591006121e+03 1.203860920989913730e+01 1.717946909722908259e-03
2.207092238042127519e+03 1.203699187246490965e+01 1.714762957111409325e-03
2.207099182492784166e+03 1.203347809611655883e+01 1.710138173169950537e-03
2.207106126943439904e+03 1.203668093543680584e+01 1.714214630789813107e-03
2.207113071393629525e+03 1.203546499278006721e+01 1.713277347847041131e-03
2.207120015844285263e+03 1.203806327879908089e+01 1.719237721030745288e-03
2.207126960294474884e+03 1.203861744617294782e+01 1.717220510149332488e-03
2.207133904744665415e+03 1.203378127345763815e+01 1.709769572476983008e-03
2.207140849194391194e+03 1.203733234560835719e+01 1.715921615333544778e-03
2.207147793644580815e+03 1.203876860450917441e+01 1.717923593549519319e-03
2.207154738094304776e+03 1.204191910146557198e+01 1.724370017080476816e-03
2.207161682544029645e+03 1.203785333791557477e+01 1.716906582782419793e-03
2.207168626993753605e+03 1.203902404309007856e+01 1.718745234409231213e-03
2.207175571443012359e+03 1.203775061891231246e+01 1.715844120265515868e-03
2.207182515892272477e+03 1.204030233933496241e+01 1.720775137098213333e-03
2.207189460341530321e+03 1.204488144152124818e+01 1.726127397233387069e-03
2.207196404790789074e+03 1.204273009716511922e+01 1.723074449136487987e-03
2.207203349239581257e+03 1.204024115813879448e+01 1.718354305768116401e-03
2.207210293688840011e+03 1.204800362219024912e+01 1.730261612801225427e-03
2.207217238137634467e+03 1.204306570004821353e+01 1.724835644486740101e-03
2.207224182586427560e+03 1.204536902077770222e+01 1.727945521502765713e-03
2.207231127034754536e+03 1.204340316562113067e+01 1.721980181091815280e-03
2.207238071483081967e+03 1.204237730412197394e+01 1.721652430499858149e-03
2.207245015931408943e+03 1.204478782673679760e+01 1.726322640921939839e-03
2.207251960379735920e+03 1.204689110793875884e+01 1.726417106967186033e-03
2.207258904828064260e+03 1.204730204293579554e+01 1.727307929876086912e-03
2.207265849275926485e+03 1.205063917633034620e+01 1.731196505989036211e-03
2.207272793723787800e+03 1.204884268706891426e+01 1.728593468359486233e-03
2.207279738171650479e+03 1.205380516859005624e+01 1.736328207926959594e-03
2.207286682619510884e+03 1.205625241258728053e+01 1.738153443824171952e-03
2.207293627066907447e+03 1.204810071014867923e+01 1.725891919759352244e-03
2.207300571514304920e+03 1.205537805662994266e+01 1.736855554485836409e-03
2.207307515961701029e+03 1.205748460976748149e+01 1.739201511131044505e-03
2.207314460409096682e+03 1.205528615939723913e+01 1.735107380317932801e-03
2.207321404856027129e+03 1.205607810374839062e+01 1.738539879186079724e-03
2.207328349302957122e+03 1.205837100126319150e+01 1.741049565060260240e-03
2.207335293749888024e+03 1.206329825942682632e+01 1.748445078357385414e-03
2.207342238196818926e+03 1.205651398198627966e+01 1.736010139851658102e-03
2.207349182643748918e+03 1.205827299616712622e+01 1.739078601007001349e-03
2.207356127090213704e+03 1.206539659012126542e+01 1.750958169685666935e-03
2.207363071536678945e+03 1.205840469727649378e+01 1.738621044234843743e-03
2.207370015983143276e+03 1.206380227849265552e+01 1.745469091864391455e-03
2.207376960429142400e+03 1.206493186637705683e+01 1.747290033885129162e-03
2.207383904875142434e+03 1.205526335183765596e+01 1.735666748749109881e-03
2.207390849321141559e+03 1.206778742410330807e+01 1.751946886809797790e-03
2.207397793767139774e+03 1.206114510312846200e+01 1.741458969286645503e-03
2.207404738213139353e+03 1.206593297998542624e+01 1.748698372670366274e-03
2.207411682658672817e+03 1.206313558045171597e+01 1.744191145973122015e-03
2.207418627104207189e+03 1.206405714275265240e+01 1.745437588641741327e-03
2.207425571549740653e+03 1.206777171078343613e+01 1.751667608031558417e-03
2.207432515995274116e+03 1.206815757552766399e+01 1.750807885014683775e-03
2.207439460440341463e+03 1.206966979104905313e+01 1.753831840425726808e-03
2.207446404885409720e+03 1.207303967120122223e+01 1.758490626867528946e-03
2.207453349330477522e+03 1.207106398315760210e+01 1.755734897520188275e-03
2.207460293775545324e+03 1.206981159800536396e+01 1.752862396467144701e-03
2.207467238220147919e+03 1.206352835418980973e+01 1.743488659520636306e-03
2.207474182664750060e+03 1.206674249842822988e+01 1.749752643656016324e-03
2.207481127109351291e+03 1.207350553143030680e+01 1.760282420942944296e-03
2.207488071553952977e+03 1.205990502165042244e+01 1.737588204130252612e-03
2.207495015998089912e+03 1.206547720776970500e+01 1.747324345932219254e-03
2.207501960442226846e+03 1.206990689471496658e+01 1.755652527066905002e-03
2.207508904886362870e+03 1.206175193037798010e+01 1.742830906367439552e-03
2.207515849330499350e+03 1.206760986000060321e+01 1.751937682377413541e-03
2.207522793774635829e+03 1.206911806380906782e+01 1.753559632617880193e-03
2.207529738218307102e+03 1.206806528987473293e+01 1.752115703332644782e-03
2.207536682661977920e+03 1.206249171711088586e+01 1.744174856786517847e-03
2.207543627105649648e+03 1.206001256224292995e+01 1.740560381581258932e-03
2.207550571548853895e+03 1.205935969669642738e+01 1.741509461303321306e-03
2.207557515992059052e+03 1.205941470995679055e+01 1.741049336464812981e-03
2.207564460435264664e+03 1.206026047101530807e+01 1.742178343551323500e-03
2.207571404878469366e+03 1.206280206562169965e+01 1.746180938304423046e-03
2.207578349321674978e+03 1.205148888398105100e+01 1.731116783951764174e-03
2.207585293764414928e+03 1.205950752830515604e+01 1.742701508733569740e-03
2.207592238207153969e+03 1.205341766003199488e+01 1.733158167552276141e-03
2.207599182649893464e+03 1.205021212734551384e+01 1.728642747364597361e-03
2.207606127092632960e+03 1.205621304284695583e+01 1.742246195882956152e-03
2.207613071534906794e+03 1.205009788330644938e+01 1.730065848149607219e-03
2.207620015977181538e+03 1.205027170385571544e+01 1.730358145630301204e-03
2.207626960419455372e+03 1.204593883336645632e+01 1.724040483030862955e-03
2.207633904861729206e+03 1.204625902102288926e+01 1.724712152916540965e-03
2.207640849303536470e+03 1.204423104477828055e+01 1.723253344613910869e-03
2.207647793745345098e+03 1.204558095361505998e+01 1.725233447703031176e-03
2.207654738187153271e+03 1.204125800585167561e+01 1.718273320628870655e-03
2.207661682628961898e+03 1.204798558540441356e+01 1.729526742519186871e-03
2.207668627070304410e+03 1.204578090644976207e+01 1.727314879319333685e-03
2.207675571512113038e+03 1.204234177166541109e+01 1.722218882573214784e-03
2.207682515953454640e+03 1.204415684546839493e+01 1.724098311312149533e-03
2.207689460394332400e+03 1.203614343533546638e+01 1.713205340621241695e-03
2.207696404835674912e+03 1.204043089653819543e+01 1.720687897846017627e-03
2.207703349276551307e+03 1.204101033619783045e+01 1.722535732476708709e-03
2.207710293717429067e+03 1.203252535004309287e+01 1.706810121230645325e-03
2.207717238158305008e+03 1.203414939216624902e+01 1.710807328673731196e-03
2.207724182599181404e+03 1.203301315412736905e+01 1.710548602527748067e-03
2.207731127039593957e+03 1.203516487155023995e+01 1.712595298732074800e-03
2.207738071480005601e+03 1.203710046362860808e+01 1.717811213582013481e-03
2.207745015920415881e+03 1.203517188324004117e+01 1.713845240793063955e-03
2.207751960360361409e+03 1.203103414923195658e+01 1.707721567825905588e-03
2.207758904800773053e+03 1.203650630304288072e+01 1.716485091744472712e-03
2.207793626999569369e+03 1.203212842508301073e+01 1.709659353621266692e-03
2.207800571439049236e+03 1.203701787451043614e+01 1.716385927409172637e-03
2.207807515872009844e+03 1.202957841478484724e+01 1.708699269360476353e-03
2.207814460311491075e+03 1.203154810894555027e+01 1.709460511460941627e-03
2.207821404750505280e+03 1.203357303407184808e+01 1.711886522221586207e-03
2.207828349189518576e+03 1.203216038306416635e+01 1.709837234354626492e-03
2.207835293628532781e+03 1.202999126609901381e+01 1.705491593258078031e-03
2.207842238067080871e+03 1.203511441431120055e+01 1.714188085867536342e-03
2.207849182506095531e+03 1.203097671741812391e+01 1.707734657706061736e-03
2.207856126944644984e+03 1.202968549536711507e+01 1.705159103679394642e-03
2.207863071382727867e+03 1.203630242691151508e+01 1.714806026888329379e-03
2.207870015821275956e+03 1.203565026734246324e+01 1.713035625222818952e-03
2.207876960259357929e+03 1.203814985561741757e+01 1.716993643402506611e-03
2.207883904697440357e+03 1.204013419697225196e+01 1.720046885480027441e-03
2.207890849135524604e+03 1.203582963068887501e+01 1.713151516961128632e-03
2.207897793573607942e+03 1.204413417316259860e+01 1.728322651556267507e-03
2.207904738011224254e+03 1.204066483145363264e+01 1.721119847116206296e-03
2.207911682448841930e+03 1.204000232799016246e+01 1.720603491819248758e-03
2.207918626886458696e+03 1.204324503001990543e+01 1.721522665133251931e-03
2.207925571324075918e+03 1.204219933279521371e+01 1.721337029444955672e-03
2.207932515761227933e+03 1.204502417319031160e+01 1.724387237075297079e-03
2.207939460198379948e+03 1.205321015724849687e+01 1.737123610541570782e-03
2.207946404635531508e+03 1.204600640675290357e+01 1.725413215582941766e-03
2.207953349072683523e+03 1.204735227208028547e+01 1.726833041824320149e-03
2.207960293509368512e+03 1.204906807521622447e+01 1.729893337642684787e-03
2.207967237946054411e+03 1.204756854256975629e+01 1.726505544260260481e-03
2.207974182382741674e+03 1.205269589277770770e+01 1.734274626633778996e-03
2.207981126819427118e+03 1.204800913434816856e+01 1.726331783363695095e-03
2.207988071255646901e+03 1.205226766063055344e+01 1.733108512462807130e-03
2.207995015692332800e+03 1.205014200013399872e+01 1.728968136074791623e-03
2.208001960128553037e+03 1.205380683869227454e+01 1.735224058584136078e-03
2.208008904564308068e+03 1.205167673300078590e+01 1.732454309147427518e-03
2.208015849000529215e+03 1.205282705385585906e+01 1.733506523442335809e-03
2.208022793436282882e+03 1.205525043267187790e+01 1.737373392665938565e-03
2.208029737872037458e+03 1.205344247607323105e+01 1.733769889631690169e-03
2.208036682307792489e+03 1.205069042879424757e+01 1.728968823550867690e-03
2.208043626743546156e+03 1.205928433736240279e+01 1.741490182386747900e-03
2.208050571178835526e+03 1.205844954124181001e+01 1.740807900233919776e-03
2.208057515614125350e+03 1.205777798163452985e+01 1.739680928396691081e-03
2.208064460049414265e+03 1.205239076263474907e+01 1.732063281100912995e-03
2.208071404484702725e+03 1.205885550419272789e+01 1.741006384954291338e-03
2.208078348919525979e+03 1.205240922969190720e+01 1.731956509963864096e-03
2.208085293354349233e+03 1.205877293654812910e+01 1.740293586368563041e-03
2.208092237789172941e+03 1.205542821109489182e+01 1.736576847332809478e-03
2.208099182223996650e+03 1.205350015732615532e+01 1.732586982726713309e-03
2.208106126658353787e+03 1.205216238911527071e+01 1.732152963465072087e-03
2.208113071092710925e+03 1.205410847368932714e+01 1.733848641331720876e-03
2.208120015527068972e+03 1.205104883551004669e+01 1.729939264886290419e-03
2.208126959961427019e+03 1.205165200343235377e+01 1.730762911265554824e-03
2.208133904395318950e+03 1.205251191276676082e+01 1.732659966400866775e-03
2.208140848829676997e+03 1.205273456764266982e+01 1.733890723112322708e-03
2.208147793263568474e+03 1.205419934015899130e+01 1.735439413897161415e-03
2.208154737696994744e+03 1.205361543280618797e+01 1.736614152826243020e-03
2.208161682130886675e+03 1.205550655515623149e+01 1.738434667468847844e-03
2.208168626564312945e+03 1.204827641834524066e+01 1.726788181842767340e-03
2.208175570997739669e+03 1.205461342764484201e+01 1.736858997313381813e-03
2.208182515431165939e+03 1.205086612392975809e+01 1.731898419536786766e-03
2.208189459864126547e+03 1.204439377079175166e+01 1.720877350286839028e-03
2.208196404297551908e+03 1.205313257197774846e+01 1.735895426575863711e-03
2.208203348730513426e+03 1.204609538284571713e+01 1.725920596564253654e-03
2.208210293163474944e+03 1.205008259624280065e+01 1.731249345994239795e-03
2.208217237595968982e+03 1.204429231083327778e+01 1.721397439744002441e-03
2.208224182028930500e+03 1.204945281062624929e+01 1.730415384451639482e-03
2.208231126461424537e+03 1.204834946896446368e+01 1.728586617670199764e-03
2.208238070893919485e+03 1.204631628827865342e+01 1.726070286563236370e-03
2.208245015325949680e+03 1.204147884355456988e+01 1.721476684848546141e-03
2.208251959758445082e+03 1.204348679341251049e+01 1.723572242523064169e-03
2.208258904190473459e+03 1.204066197183776943e+01 1.718627975156517516e-03
2.208265848622503199e+03 1.203872621127408848e+01 1.716132372558618058e-03
2.208272793054532031e+03 1.204239111730102785e+01 1.722662885852535445e-03
2.208279737486095655e+03 1.203906475460813219e+01 1.718955156458566681e-03
2.208286681917659735e+03 1.204158087760336926e+01 1.721772895613050839e-03
2.208293626349223814e+03 1.203885814421372302e+01 1.718039093896122195e-03
2.208300570780786984e+03 1.203703051917886668e+01 1.717862043948144724e-03
2.208307515211884947e+03 1.203715770215647041e+01 1.715093148068930380e-03
2.208314459643448572e+03 1.203722091035353436e+01 1.716212941874117057e-03
2.208321404074546081e+03 1.203520392842619380e+01 1.712249118607254549e-03
2.208328348505179747e+03 1.203125183576840485e+01 1.706318014865897213e-03
2.208335292936277256e+03 1.203344744317488590e+01 1.710033134554551654e-03
2.208342237366909558e+03 1.203557475605058080e+01 1.714630345784540731e-03
2.208349181797541860e+03 1.203208124783216526e+01 1.708732003250697587e-03
2.208356126228173707e+03 1.203307950217159927e+01 1.709935797215401867e-03
2.208363070658806464e+03 1.203053070162009952e+01 1.707995528132019367e-03
2.208370015088974469e+03 1.203605424116408074e+01 1.714662450081069029e-03
2.208376959519139746e+03 1.203358778434760623e+01 1.712293148947943103e-03
2.208383903949306386e+03 1.203395271002247746e+01 1.712118282001935795e-03
2.208390848379473482e+03 1.202876809133258718e+01 1.705768769059933443e-03
2.208397792809174007e+03 1.203309354224623107e+01 1.711604369909148918e-03
2.208404737238874986e+03 1.203180574772065725e+01 1.710094281350254619e-03
2.208411681668576875e+03 1.202997531999213976e+01 1.709088895189127570e-03
2.208418626098277855e+03 1.202597507200427884e+01 1.700785908779302476e-03
2.208425570527512718e+03 1.202866849921985981e+01 1.706635392928327428e-03
2.208432514956748491e+03 1.202944068958536405e+01 1.705999326955483014e-03
2.208439459385983355e+03 1.202727270077878963e+01 1.705413398475511292e-03
2.208446403815219128e+03 1.202457986415175739e+01 1.700174165118454759e-03
2.208453348243989240e+03 1.202767344256820969e+01 1.703907492208735740e-03
2.208460292673224558e+03 1.202635286541261728e+01 1.702520302916558492e-03
2.208467237101993305e+03 1.203266009344057785e+01 1.711365205738606121e-03
2.208474181530298210e+03 1.203135213044292762e+01 1.708660655730362020e-03
2.208481125959067413e+03 1.203161648434331532e+01 1.709610204655519390e-03
2.208488070387371863e+03 1.203237351643858588e+01 1.709886478078192790e-03
2.208495014815676768e+03 1.203664373462681070e+01 1.716553963824530822e-03
2.208501959243980309e+03 1.203645696301001777e+01 1.715327392821721763e-03
2.208508903672283395e+03 1.203715633008788011e+01 1.716031865190036391e-03
2.208515848100122639e+03 1.203399225414179341e+01 1.709429017192650455e-03
2.208522792527960974e+03 1.203805702615265538e+01 1.716380766250556918e-03
2.208529736955799308e+03 1.204275942645865349e+01 1.723176097199468184e-03
2.208536681383638552e+03 1.204222641875660216e+01 1.721077527433221123e-03
2.208543625811010315e+03 1.204856074761076457e+01 1.729867490747531754e-03
2.208550570238382534e+03 1.204668566904719462e+01 1.726809484428388835e-03
2.208557514665754752e+03 1.204939327699344886e+01 1.730561906065125090e-03
2.208564459093127425e+03 1.204870909546296609e+01 1.730168747903440378e-03
2.208571403520035346e+03 1.204603256140475587e+01 1.727639405587611671e-03
2.208578347946942358e+03 1.204802283044238109e+01 1.730032776730241594e-03
2.208585292373848915e+03 1.204816494597944398e+01 1.727631799684672086e-03
2.208592236800756382e+03 1.204676926413689841e+01 1.724727736907641145e-03
2.208599181227196823e+03 1.204665332402667843e+01 1.723035426152000772e-03
2.208606125653639083e+03 1.205410119285859238e+01 1.734697848857843930e-03
2.208613070080080888e+03 1.205331599712741664e+01 1.732923344656616977e-03
2.208620014506522239e+03 1.205610956328528438e+01 1.738300248433835918e-03
2.208626958932963589e+03 1.205385375059150022e+01 1.733880529674875935e-03
2.208633903358938824e+03 1.206433465050089993e+01 1.750426273266955744e-03
2.208640847784914968e+03 1.206195165118479906e+01 1.746652435574021309e-03
2.208647792210891112e+03 1.205540702625206073e+01 1.737629313243762826e-03
2.208654736636401594e+03 1.205775447769965503e+01 1.738400148424268724e-03
2.208661681061910713e+03 1.205734858415148025e+01 1.736748851860306234e-03
2.208668625487885947e+03 1.206131198739305610e+01 1.744076422358244302e-03
2.208675569912930769e+03 1.206147058027786123e+01 1.743395386484550324e-03
2.208682514338441251e+03 1.205873275283451918e+01 1.738867785427738750e-03
2.208689458763486073e+03 1.205972156562832431e+01 1.740292137466476190e-03
2.208696403188530439e+03 1.205755528366593055e+01 1.737577570084074914e-03
2.208703347613573897e+03 1.206338179995007387e+01 1.746518979400581324e-03
2.208710292038618718e+03 1.205742795789601018e+01 1.737353219764063792e-03
2.208717236463197423e+03 1.205441181413958951e+01 1.731306250647697640e-03
2.208724180887776583e+03 1.205785754856804459e+01 1.738158954744306248e-03
2.208731125312355289e+03 1.205782913502651787e+01 1.738254302166326523e-03
2.208738069736934449e+03 1.205462910947944444e+01 1.732856576193014158e-03
2.208745014161047038e+03 1.206131660165233477e+01 1.742792554762655037e-03
2.208751958585625289e+03 1.205592068449652388e+01 1.736060762640298993e-03
2.208758903009273581e+03 1.205792177449860780e+01 1.738998584225838343e-03
2.208765847433387080e+03 1.205851489159365642e+01 1.741872097895606330e-03
2.208772791857499669e+03 1.205691092453582414e+01 1.741119690143395514e-03
2.208779736281147507e+03 1.205744543722840234e+01 1.739371625692480222e-03
2.208786680704793980e+03 1.205432111852068466e+01 1.734255198338119450e-03
2.208793625128440908e+03 1.205357752030370477e+01 1.734353432742627866e-03
2.208800569551624449e+03 1.205213628133916082e+01 1.734351229633325020e-03
2.208807513974806170e+03 1.204673332926697960e+01 1.724898007715201841e-03
2.208814458397986982e+03 1.204900739156685496e+01 1.729168907135818396e-03
2.208821402821169613e+03 1.205017555865677537e+01 1.731358846002008581e-03
2.208828347244350880e+03 1.204399359493152133e+01 1.721355316629315582e-03
2.208835291667066485e+03 1.204724081539333724e+01 1.727118283481907145e-03
2.208842236089783455e+03 1.204742429704785067e+01 1.727570507787803229e-03
2.208849180512499515e+03 1.204819625436642916e+01 1.728971608970556210e-03
2.208856124934749914e+03 1.204530122786428059e+01 1.726552697183706938e-03
2.208863069357465974e+03 1.204193674892767696e+01 1.720305191434135135e-03
2.208870013779715919e+03 1.204537278108523601e+01 1.726792961506431546e-03
2.208876958201966318e+03 1.204032386334055182e+01 1.719039558633155256e-03
2.208883902623751965e+03 1.203584555914334686e+01 1.713803793588814959e-03
2.208890847046002364e+03 1.203801799956392671e+01 1.717761330653549837e-03
2.208897791467786647e+03 1.203912963865784924e+01 1.719200919456503277e-03
2.208904735889571384e+03 1.203863813981234543e+01 1.718970170630855368e-03
2.208911680311356122e+03 1.204060605338288070e+01 1.721280247464419128e-03
2.208918624732675653e+03 1.203431094475119423e+01 1.711428597075665900e-03
2.208925569153995639e+03 1.203357629559135056e+01 1.711396451241938791e-03
2.208932513575314260e+03 1.203138276461573675e+01 1.709085570496091718e-03
2.208939457996632427e+03 1.203603874086168446e+01 1.717574076947038508e-03
2.208946402417486752e+03 1.202901907123616709e+01 1.708244482051425725e-03
2.208953346838339712e+03 1.202650428394781024e+01 1.702031639926528984e-03
2.208960291259193582e+03 1.202997003520263242e+01 1.706960247470655284e-03
2.208967235680047906e+03 1.202956074574782619e+01 1.707320887872538530e-03
2.208974180100901322e+03 1.202152330714483597e+01 1.695392705020952852e-03
2.208981124521288166e+03 1.203312203853751683e+01 1.712266001649977295e-03
2.208988068941675920e+03 1.202751811991100617e+01 1.705004835385017870e-03
2.208995013362063219e+03 1.202644995823838592e+01 1.704146578703775788e-03
2.209001957781985766e+03 1.203157427686982572e+01 1.711282041764260404e-03
2.209008902202374429e+03 1.202956223652915746e+01 1.707953378969980082e-03
2.209015846622296067e+03 1.202824231558211032e+01 1.706675813077444728e-03
2.209022791041752498e+03 1.202743898279181067e+01 1.703912995699401753e-03
2.209029735461674591e+03 1.202776175436003570e+01 1.706471580975802609e-03
2.209036679881131477e+03 1.202685686404556442e+01 1.704534968538465528e-03
2.209043624300587908e+03 1.202126759886559348e+01 1.695844150036005275e-03
2.209050568720044339e+03 1.202833757211238108e+01 1.707542558899976257e-03
2.209057513139500770e+03 1.202816001830253256e+01 1.707999974529472937e-03
2.209064457558491540e+03 1.202788490750972805e+01 1.704636606650152247e-03
2.209071401977481855e+03 1.202542537659086364e+01 1.701169686673838655e-03
2.209078346396473535e+03 1.202807207140029711e+01 1.706376234459520492e-03
2.209085290815463850e+03 1.203001471287576685e+01 1.707415436650726965e-03
2.209092235233989413e+03 1.203453560602899586e+01 1.714543694602819720e-03
2.209099179652979728e+03 1.203096560868322129e+01 1.711719819486405385e-03
2.209106124071504382e+03 1.202690791532113579e+01 1.702274144696648691e-03
2.209113068489564284e+03 1.203114218304633454e+01 1.709647374911910664e-03
2.209120012908089393e+03 1.203395057348766173e+01 1.714165112544123893e-03
2.209126957326149750e+03 1.202700369878489717e+01 1.702393210754835420e-03
2.209133901744209652e+03 1.203639074726591041e+01 1.715574279056122052e-03
2.209140846162267735e+03 1.203544384657150701e+01 1.712675737666617768e-03
2.209147790579861976e+03 1.203344305474020537e+01 1.710378870488202816e-03
2.209154734997456671e+03 1.203432820924015267e+01 1.710855631817935702e-03
2.209161679415050457e+03 1.203948693400709047e+01 1.718963313984064011e-03
2.209168623832643334e+03 1.203943148503321403e+01 1.718702604488167108e-03
2.209175568250238030e+03 1.204315358995174812e+01 1.725531900677299653e-03
2.209182512667365700e+03 1.203629177923571447e+01 1.712941938290492771e-03
2.209189457084493370e+03 1.204624868474015464e+01 1.728003445976300251e-03
2.209196401501622404e+03 1.204206330077674636e+01 1.721255964194779234e-03
2.209203345918284867e+03 1.204162765532997703e+01 1.719539545964331216e-03
2.209210290335412992e+03 1.205037664894816984e+01 1.735368054137273811e-03
2.209217234752075910e+03 1.204662437830482169e+01 1.729349710411281485e-03
2.209224179168737919e+03 1.204546181694290752e+01 1.725281314155996089e-03
2.209231123584933812e+03 1.204931682977193574e+01 1.732881662599595985e-03
2.209238068001597640e+03 1.205113746684900100e+01 1.732885740608574665e-03
2.209245012417795351e+03 1.204711497706428602e+01 1.726373303265383739e-03
2.209251956833992153e+03 1.204864079394776866e+01 1.729041915974073454e-03
2.209258901249722385e+03 1.205449620449630288e+01 1.737613549605703661e-03
2.209265845665919642e+03 1.204926157218415561e+01 1.729964620919547183e-03
2.209272790081650783e+03 1.205007491316863799e+01 1.732017307162782164e-03
2.209279734497382378e+03 1.205055407575106763e+01 1.731883502932611172e-03
2.209286678912647858e+03 1.204591122603519260e+01 1.724436079879895431e-03
2.209293623328378999e+03 1.204839295407227517e+01 1.728281724278558050e-03
2.209300567743644478e+03 1.205533750316611830e+01 1.738743382618821234e-03
2.209307512158909958e+03 1.205004100795577493e+01 1.731501521583518220e-03
2.209314456574175438e+03 1.204640609071197055e+01 1.724372386882925276e-03
2.209321400988975256e+03 1.205127454811290377e+01 1.732006571374420777e-03
2.209328345403775984e+03 1.205140938825961605e+01 1.732740445802232344e-03
2.209335289818574893e+03 1.204662021651305537e+01 1.725772597536355014e-03
2.209342234233374256e+03 1.205073120819914756e+01 1.732147729715767699e-03
2.209349178647708868e+03 1.204965041452794949e+01 1.730660683379774828e-03
2.209356123062509596e+03 1.204604855164719801e+01 1.724560120307168723e-03
2.209363067476843753e+03 1.204438831203994731e+01 1.724302969035654927e-03
2.209370011890712703e+03 1.204570855047390765e+01 1.726712623466571377e-03
2.209376956305045951e+03 1.204488558962934519e+01 1.724410767041022283e-03
2.209383900718913992e+03 1.204241688783717024e+01 1.719882060003113423e-03
2.209390845132782943e+03 1.204805306348810312e+01 1.729807648589345515e-03
2.209397789546651438e+03 1.204613266604002320e+01 1.726967751377597986e-03
2.209404733960520389e+03 1.204093646923020344e+01 1.720343427416389653e-03
2.209411678373923678e+03 1.204025679500848334e+01 1.717282328928157594e-03
2.209418622787326058e+03 1.204104785212470219e+01 1.722097572244507980e-03
2.209425567200728437e+03 1.203625170075760131e+01 1.713103580214429345e-03
2.209432511613666520e+03 1.203912356580634402e+01 1.716964138565348508e-03
2.209439456027070264e+03 1.203448649145657967e+01 1.710531031003431103e-03
2.209446400440006528e+03 1.203950898092654853e+01 1.718068346692459142e-03
2.209453344852944156e+03 1.203945097864068359e+01 1.718125884004905336e-03
2.209460289265414758e+03 1.203406930314543466e+01 1.709487250398884339e-03
2.209467233678351931e+03 1.203772896424855077e+01 1.716767425228617411e-03
2.209474178090824353e+03 1.203018220082258516e+01 1.705096342190748956e-03
2.209481122503296319e+03 1.204225632950971914e+01 1.723557468791395587e-03
2.209488066915301715e+03 1.203501853395047405e+01 1.712478682867291492e-03
2.209495011327773682e+03 1.203357846687970678e+01 1.711196017434455470e-03
2.209501955739779078e+03 1.203522396690028273e+01 1.714560803891976380e-03
2.209508900151784474e+03 1.203385803821187316e+01 1.710889781648093416e-03
2.209515844563790779e+03 1.203219150515779745e+01 1.708618912188714393e-03
2.209522788975331423e+03 1.203591027846780470e+01 1.714853241986317393e-03
2.209529733386871612e+03 1.203561543755559349e+01 1.716270484881332560e-03
2.209536677798411347e+03 1.203028273160478534e+01 1.706428680560193988e-03
2.209543622209951536e+03 1.202999931433235581e+01 1.706645698914100546e-03
2.209550566621026519e+03 1.202928996513572102e+01 1.707209018555781591e-03
2.209557511032567618e+03 1.203002728627566142e+01 1.707083438504213707e-03
2.209564455443642146e+03 1.203149546098169331e+01 1.709168948473818858e-03
2.209571399854250558e+03 1.203254357386404827e+01 1.710927928102033918e-03
2.209578344265325086e+03 1.203292586153629529e+01 1.711729145527312798e-03
2.209585288675933498e+03 1.202959916644366345e+01 1.707225032356806836e-03
2.209592233086542365e+03 1.203248275877363760e+01 1.711764729380364650e-03
2.209599177497152596e+03 1.203223747553561296e+01 1.711119768746311061e-03
2.209606121907294892e+03 1.202749469152486839e+01 1.704572710085289081e-03
2.209613066317903758e+03 1.202484994893534243e+01 1.701377554320103068e-03
2.209620010728046964e+03 1.202610455858788008e+01 1.703579266174847992e-03
2.209626955138190169e+03 1.202376174332278325e+01 1.699758828998524339e-03
2.209633899547867259e+03 1.202200638864243132e+01 1.697132142907644987e-03
2.209640843957546622e+03 1.202386556915069882e+01 1.700307160113205974e-03
2.209647788367223257e+03 1.202306436427826775e+01 1.699575702220540007e-03
2.209654732776900346e+03 1.202918850878493373e+01 1.708221428762620462e-03
2.209661677186578345e+03 1.202584966060904392e+01 1.702670339891999189e-03
2.209668621595789773e+03 1.202558955932048512e+01 1.703233278223851904e-03
2.209675566005002565e+03 1.202644168795281487e+01 1.704653367726565545e-03
2.209682510414214903e+03 1.202197023860112601e+01 1.698334990391300349e-03
2.209689454823425876e+03 1.202651617203370904e+01 1.704762341082598004e-03
2.209696399232172553e+03 1.202197459567852356e+01 1.699429188353457094e-03
2.209703343640918320e+03 1.202364027084908216e+01 1.702168208067371055e-03
2.209710288049664996e+03 1.202529295537437548e+01 1.702819072063779370e-03
2.209717232458411672e+03 1.202264326958326279e+01 1.697788619547662727e-03
2.209724176866692687e+03 1.202645417466210986e+01 1.704850813824269635e-03
2.209731121274972793e+03 1.202568229955682710e+01 1.702276372354646211e-03
2.209738065683252898e+03 1.202641711645594569e+01 1.706334644398604028e-03
2.209745010091533914e+03 1.202903234868477611e+01 1.707460232647531936e-03
2.209751954499348358e+03 1.202369676418629929e+01 1.700486991965202655e-03
2.209758898907164166e+03 1.202947496159326235e+01 1.707623838559758651e-03
2.209765843314979520e+03 1.202307186608519274e+01 1.698919644009241024e-03
2.209772787722793964e+03 1.202570776794210516e+01 1.700984374152840657e-03
2.209779732130142293e+03 1.203019893301367027e+01 1.708249163028514959e-03
2.209786676537957646e+03 1.202918804467718061e+01 1.705975020287220454e-03
2.209793620945306884e+03 1.203051441516903708e+01 1.708007735699480605e-03
2.209800565352190915e+03 1.203251434929020114e+01 1.709929863659434123e-03
2.209807509759540608e+03 1.203253267413614580e+01 1.710160165668422839e-03
2.209814454166424184e+03 1.203546689939041414e+01 1.714214295560656390e-03
2.209821398573306851e+03 1.203436864432296716e+01 1.711919933809292376e-03
2.209828342980191337e+03 1.203596855619776562e+01 1.713365184076783660e-03
2.209835287386609707e+03 1.203778093026892115e+01 1.715445139662259959e-03
2.209842231793027622e+03 1.203799531899825581e+01 1.717308406036896235e-03
2.209849176199445537e+03 1.203711937875374716e+01 1.714919432771933819e-03
2.209856120605862998e+03 1.204077776969509905e+01 1.719082612797922681e-03
2.209863065012280458e+03 1.204198459966704604e+01 1.722393508261050015e-03
2.209870009418233622e+03 1.204182035589970745e+01 1.719392838172237054e-03
2.209876953824185875e+03 1.204452370266686501e+01 1.723570813597339680e-03
2.209883898230138584e+03 1.204902387987618440e+01 1.729931198478765197e-03
2.209890842635625177e+03 1.204529440666529005e+01 1.725103504937176239e-03
2.209897787041576976e+03 1.204548224662782552e+01 1.724857171324294808e-03
2.209904731447063114e+03 1.204794056466765717e+01 1.727375853030316049e-03
2.209911675852084954e+03 1.205606097208415228e+01 1.739565470241863452e-03
2.209918620257572002e+03 1.205612612019843688e+01 1.740558961114858829e-03
2.209925564662592478e+03 1.205124065564135805e+01 1.732014237399195390e-03
2.209932509067613410e+03 1.205206539886101602e+01 1.731753129563077002e-03
2.209939453472633886e+03 1.205144068382740485e+01 1.732008376661913407e-03
2.209946397877655727e+03 1.205479665338653739e+01 1.736575127324104569e-03
2.209953342282211452e+03 1.205322471683109598e+01 1.733570842211235247e-03
2.209960286686766267e+03 1.205784231791148642e+01 1.739303390604288917e-03
2.209967231091321537e+03 1.205594507378589952e+01 1.737294665020275080e-03
2.209974175495876352e+03 1.205875219961562550e+01 1.740854096603230636e-03
2.209981119899966416e+03 1.205907717785968281e+01 1.741602871432243937e-03
2.209988064304056479e+03 1.205688442819320727e+01 1.739409320181680568e-03
2.209995008708146543e+03 1.205815421268540533e+01 1.739304418248929958e-03
2.210001953111770945e+03 1.205500719794836328e+01 1.734240913976363083e-03
2.210008897515860099e+03 1.205427241607429067e+01 1.734199863883964868e-03
2.210015841919483591e+03 1.205788499063540797e+01 1.739556345846668970e-03
2.210022786323107994e+03 1.205371872292738900e+01 1.732384135919755276e-03
2.210029730726266280e+03 1.205418314555109305e+01 1.735263710900949779e-03
2.210036675129890682e+03 1.205315070492517293e+01 1.733537698506994271e-03
2.210043619533048968e+03 1.205222749213873179e+01 1.735556929911496191e-03
2.210050563936207254e+03 1.204785416533112219e+01 1.728136401292175613e-03
2.210057508338898970e+03 1.205076718864141228e+01 1.729611600105761347e-03
2.210064452742057256e+03 1.205566802302579177e+01 1.738751946721435590e-03
2.210071397144750335e+03 1.205459203806774582e+01 1.736617674472808745e-03
2.210078341547443415e+03 1.205233802626195150e+01 1.733225336513981741e-03
2.210085285950136495e+03 1.205090255593616178e+01 1.731190976005472911e-03
2.210092230352363003e+03 1.205244180181764158e+01 1.734756503871516618e-03
2.210099174754589512e+03 1.204998572364954690e+01 1.730478906535699727e-03
2.210106119156817385e+03 1.204742258804811428e+01 1.728035216025038730e-03
2.210113063559045258e+03 1.204801265773921770e+01 1.728143954272722384e-03
2.210120007960805651e+03 1.204814929328788153e+01 1.729024883953990529e-03
2.210126952362566954e+03 1.204277312856270576e+01 1.721295578502494896e-03
2.210133896764327801e+03 1.204205663376394675e+01 1.720865929609047100e-03
2.210140841166089103e+03 1.204704122551277123e+01 1.729075794225922499e-03
2.210147785567385654e+03 1.203722013984776495e+01 1.715389927157327148e-03
2.210154729969146956e+03 1.203914033989133081e+01 1.717274606964304309e-03
2.210161674370442597e+03 1.203887194800462090e+01 1.718350974072989151e-03
2.210168618771273032e+03 1.203512374167945431e+01 1.712773924854248423e-03
2.210175563172568218e+03 1.203069733318839063e+01 1.705971491369138874e-03
2.210182507573397743e+03 1.203440633409172378e+01 1.712102108154286810e-03
2.210189451974228632e+03 1.203648838523582931e+01 1.716333674664665505e-03
2.210196396375059066e+03 1.202834270823265506e+01 1.704891051384289881e-03
2.210203340775422930e+03 1.202813426276485664e+01 1.705150308197730252e-03
2.210210285175787249e+03 1.202985778759159352e+01 1.707679484521194575e-03
2.210217229576151112e+03 1.202992738389633942e+01 1.709290972978056659e-03
2.210224173976515431e+03 1.203119620580257454e+01 1.710857843352494483e-03
2.210231118376414997e+03 1.202609640970975846e+01 1.702974400524776650e-03
2.210238062776778861e+03 1.202130878424951277e+01 1.696480571374000407e-03
2.210245007176677518e+03 1.202324368685611589e+01 1.699718054912813464e-03
2.210251951576110969e+03 1.202011892127422321e+01 1.694100269841198898e-03
2.210258895976008716e+03 1.201782754659375740e+01 1.692056227701112031e-03
2.210265840375442622e+03 1.202115772329689136e+01 1.696844193940138124e-03
2.210272784774876527e+03 1.202656625287880487e+01 1.706720591828010756e-03
2.210279729174309068e+03 1.201712424213389596e+01 1.690419959065569012e-03
2.210286673573275948e+03 1.201712554084086904e+01 1.690467281532794441e-03
2.210293617972708944e+03 1.201918264031314187e+01 1.694037033232833819e-03
2.210300562371676278e+03 1.202054071257218659e+01 1.696451291113937072e-03
2.210307506770177952e+03 1.201337277873264853e+01 1.687118463012135614e-03
2.210314451169146650e+03 1.201761083740858993e+01 1.693588554509531385e-03
2.210321395567648324e+03 1.202335071984178683e+01 1.700830912717295803e-03
2.210328339966149088e+03 1.201818205607634837e+01 1.692938981804643613e-03
2.210335284364650761e+03 1.202173927066688286e+01 1.698184430164446966e-03
2.210342228762687228e+03 1.202429703388868454e+01 1.701098420047041484e-03
2.210349173161188901e+03 1.202095137828473703e+01 1.696673857160106019e-03
2.210356117559225368e+03 1.202141673582866943e+01 1.696359650772247003e-03
2.210363061956794809e+03 1.202330413404762588e+01 1.699161335940016070e-03
2.210370006354830366e+03 1.202346472941690436e+01 1.699735694706086455e-03
2.210376950752401626e+03 1.202496197712982529e+01 1.702971784096468048e-03
2.210383895149972432e+03 1.202100634302298232e+01 1.696066215587731241e-03
2.210390839547543692e+03 1.202991156559497732e+01 1.709898946557952088e-03
2.210397783945113588e+03 1.203253641638084126e+01 1.712746746376549991e-03
2.210404728342218732e+03 1.202635333472232304e+01 1.703601834396410806e-03
2.210411672739322967e+03 1.202737037176191137e+01 1.703456807889729835e-03
2.210418617136427201e+03 1.202841570618016398e+01 1.707082569884581106e-03
2.210425561533067139e+03 1.203367274835045997e+01 1.712798656463917915e-03
2.210432505929706167e+03 1.203468293316010751e+01 1.713839003142727168e-03
2.210439450326345195e+03 1.203408081225524562e+01 1.713869409844866838e-03
2.210446394722984223e+03 1.203889279656089428e+01 1.719484775785116559e-03
2.210453339119622797e+03 1.203415101471880000e+01 1.712276852697026909e-03
2.210460283515795709e+03 1.204021417596480958e+01 1.721709159922293376e-03
2.210467227911969985e+03 1.203672128636072003e+01 1.714977103257491007e-03
2.210474172308144261e+03 1.203630190927017374e+01 1.714693039126411085e-03
2.210481116703851512e+03 1.203903615290248119e+01 1.719097082608364319e-03
2.210488061100024424e+03 1.203922675154556288e+01 1.717904976266843974e-03
2.210495005495732130e+03 1.204220284168839328e+01 1.722682795700992194e-03
2.210501949891439835e+03 1.203922057447048921e+01 1.718499505223393788e-03
2.210508894286682789e+03 1.203677142206058903e+01 1.714719183138702736e-03
2.210515838681924834e+03 1.204248277051780569e+01 1.721267556616708954e-03
2.210522783077165968e+03 1.204205745010452233e+01 1.720680845079218882e-03
2.210529727472408922e+03 1.204801409012659086e+01 1.729977504819424057e-03
2.210536671867650057e+03 1.204331392307388171e+01 1.720866049907163620e-03
2.210543616262426440e+03 1.204399498343441444e+01 1.723764756876578364e-03
2.210550560657204642e+03 1.204934468328990427e+01 1.730200583483511604e-03
2.210557505051980570e+03 1.205248164726307181e+01 1.735433819947837259e-03
2.210564449446290382e+03 1.204679331994504743e+01 1.726937588700392691e-03
2.210571393841067675e+03 1.204902108936134297e+01 1.730012999713920543e-03
2.210578338235377487e+03 1.204758181220598523e+01 1.728672650425717950e-03
2.210585282629223457e+03 1.204599094945643323e+01 1.726739997841762264e-03
2.210592227023534633e+03 1.204972475714929914e+01 1.730814709176463437e-03
2.210599171417378784e+03 1.204663955189678148e+01 1.727650250684536126e-03
2.210606115811223390e+03 1.204832577689975537e+01 1.729061299508912733e-03
2.210613060205068905e+03 1.204481691943509780e+01 1.723308456688537032e-03
2.210620004598914420e+03 1.204783806525044554e+01 1.727976061703012265e-03
2.210626948992294274e+03 1.204851011324238286e+01 1.731881209224927966e-03
2.210633893385674128e+03 1.204443477489529357e+01 1.722727445234621376e-03
2.210640837779053072e+03 1.204960662260499582e+01 1.730703835123243665e-03
2.210647782171966355e+03 1.204793267293207748e+01 1.729049697951709746e-03
2.210654726565346209e+03 1.204350784544127251e+01 1.723093645439186450e-03
2.210661670958259947e+03 1.204792123993577491e+01 1.730694844814703939e-03
2.210668615350708478e+03 1.204224672195559265e+01 1.720055866538277613e-03
2.210675559743622671e+03 1.204547625502670449e+01 1.724953378615728169e-03
2.210682504136069838e+03 1.204831794406008605e+01 1.729960846609912388e-03
2.210689448528517914e+03 1.204101696287331791e+01 1.719553351610976629e-03
2.210696392920965991e+03 1.204647617059086073e+01 1.727875284013674585e-03
2.210703337312949316e+03 1.203980313632869326e+01 1.717126453475751550e-03
2.210710281705398302e+03 1.204693524234084379e+01 1.728903584749376908e-03
2.210717226097379353e+03 1.204333581549618870e+01 1.723529195126312146e-03
2.210724170488897016e+03 1.204259904280772631e+01 1.722132812186074171e-03
2.210731114880878977e+03 1.203787416685790923e+01 1.715472725744691344e-03
2.210738059272396185e+03 1.203470614086688428e+01 1.711974135718009535e-03
2.210745003663913394e+03 1.203900877536630176e+01 1.719370993322349951e-03
2.210751948055430148e+03 1.203846277103763107e+01 1.717919602792898973e-03
2.210758892446480331e+03 1.203894975644098153e+01 1.718576735964130655e-03
2.210765836837997995e+03 1.203656023412508347e+01 1.714971351982811200e-03
2.210772781229048633e+03 1.203457408094520709e+01 1.712615656976509016e-03
2.210779725619634519e+03 1.203540998134778306e+01 1.713305410060565834e-03
2.210786670010686521e+03 1.203148333374907608e+01 1.707579371094474678e-03
2.210793614401271043e+03 1.203704261368557660e+01 1.717925591171458712e-03
2.210800558791856474e+03 1.202833995470645512e+01 1.705818475002537091e-03
2.210807503182441906e+03 1.202880410048738824e+01 1.706032213906589394e-03
2.210814447572561221e+03 1.202993400475874708e+01 1.707436793589785359e-03
2.210821391962681446e+03 1.203023427557546832e+01 1.707840299760735297e-03
2.210828336352802580e+03 1.203356718775424916e+01 1.713316927800778364e-03
2.210835280742921441e+03 1.203247061137440710e+01 1.712398048296394620e-03
2.210842225126521953e+03 1.202275266995702019e+01 1.697155152783522050e-03
2.210849169516641268e+03 1.202385655826967259e+01 1.699648948170490257e-03
2.210856113905830171e+03 1.202524763749365810e+01 1.701774853460647939e-03
2.210863058295483825e+03 1.202156393935683987e+01 1.695677823783323926e-03
2.210870002685138843e+03 1.202240583635795268e+01 1.698183447830927751e-03
2.210876947074327290e+03 1.202226092542581704e+01 1.697385075004664194e-03
2.210883891463515283e+03 1.202747942676528758e+01 1.706105489527201622e-03
2.210890835852238524e+03 1.203084300413772567e+01 1.710613157505022413e-03
2.210897780241426972e+03 1.202288267815473333e+01 1.699329575535798130e-03
2.210904724630150213e+03 1.202146829715030840e+01 1.698592145880829189e-03
2.210911669018872999e+03 1.201992629036936755e+01 1.694562911292809160e-03
2.210918613407595331e+03 1.202277723241479634e+01 1.699047132932465787e-03
2.210925557795852001e+03 1.202117004070074024e+01 1.698604788236748051e-03
2.210932502184110035e+03 1.202996343612132790e+01 1.710582218866582398e-03
2.210939446572367615e+03 1.202464724883819613e+01 1.701934657691159562e-03
2.210946390960624740e+03 1.202803436291541317e+01 1.706519800838221133e-03
2.210953335348416658e+03 1.202506473305145107e+01 1.702827801098720419e-03
2.210960279736206758e+03 1.202489209367308298e+01 1.701431599752284939e-03
2.210967224123998676e+03 1.202547062313898962e+01 1.702013275516954353e-03
2.210974168511790594e+03 1.202874507112596092e+01 1.706913692032997320e-03
2.210981112899116397e+03 1.202572140987922111e+01 1.703980920907633692e-03
2.210988057286443109e+03 1.202290400854158214e+01 1.697495181980396934e-03
2.210995001673768456e+03 1.202940798800016786e+01 1.709859725654403308e-03
2.211001946061094714e+03 1.203329853294538410e+01 1.712485511922500403e-03
2.211008890447953945e+03 1.202396477837751121e+01 1.698998919107076212e-03
2.211015834834814541e+03 1.202592512884716669e+01 1.701565930391497937e-03
2.211022779221676046e+03 1.203167410297497852e+01 1.712156185783634404e-03
2.211029723608535278e+03 1.202886060287636205e+01 1.705857592770676587e-03
2.211036667994929303e+03 1.203395794444124256e+01 1.712007913810727157e-03
2.211043612381324238e+03 1.203958127680816403e+01 1.720478954608460316e-03
2.211050556767718263e+03 1.203453042619005586e+01 1.711990234043719557e-03
2.211057501153647536e+03 1.203289328351687359e+01 1.709862798646545959e-03
2.211064445540042925e+03 1.203506828323136801e+01 1.712948728839061531e-03
2.211071389925970834e+03 1.203812206253155104e+01 1.718366111549820630e-03
2.211078334311900107e+03 1.204372419382287340e+01 1.724804803755382266e-03
2.211085278697363719e+03 1.204211516340685684e+01 1.721967154819548920e-03
2.211092223082825967e+03 1.204115958549102672e+01 1.719832478199760520e-03
2.211099167468289579e+03 1.203999694246059882e+01 1.717357620775449576e-03
2.211106111853753646e+03 1.204440683553448999e+01 1.723517573390305219e-03
2.211113056239215894e+03 1.205003085598836599e+01 1.731754527932415945e-03
2.211120000624213390e+03 1.204965048238877401e+01 1.729849375613819445e-03
2.211126945009210885e+03 1.205067868933139863e+01 1.731468490006278288e-03
2.211133889394207927e+03 1.204912207460043483e+01 1.729269229509414153e-03
2.211140833778740671e+03 1.205365094759945421e+01 1.734974528547048381e-03
2.211147778163272960e+03 1.205635745416156368e+01 1.738624852127370213e-03
2.211154722547804340e+03 1.206056879819965566e+01 1.745825780591135678e-03
2.211161666932336175e+03 1.205395722155188487e+01 1.734229644877855218e-03
2.211168611316402348e+03 1.205469702738639093e+01 1.735186654799969995e-03
2.211175555700934638e+03 1.206269051695943695e+01 1.746344998620398114e-03
2.211182500085000811e+03 1.206381071875413724e+01 1.748895795433896361e-03
2.211189444468601323e+03 1.205775108324684908e+01 1.739296305432697131e-03
2.211196388852667496e+03 1.206053970729014146e+01 1.745525131345115931e-03
2.211203333236268008e+03 1.206427329719834951e+01 1.747295516090985974e-03
2.211210277619868521e+03 1.205901745429318694e+01 1.739895567750459910e-03
2.211217222003003371e+03 1.206305939138296601e+01 1.745928892129269220e-03
2.211224166386604338e+03 1.206758749668888520e+01 1.751654602903723315e-03
2.211231110769739644e+03 1.206301086049811566e+01 1.744299689574832935e-03
2.211238055152874949e+03 1.206886692832151908e+01 1.755007970975177699e-03
2.211244999535543684e+03 1.206632370180924418e+01 1.750117350078403368e-03
2.211251943918678080e+03 1.206745049215788157e+01 1.752979421002000835e-03
2.211258888301348634e+03 1.206804583589503466e+01 1.752194239911757231e-03
2.211265832684018278e+03 1.207545611769439731e+01 1.764048910396250622e-03
2.211272777066220442e+03 1.206484966924952751e+01 1.746432882493012496e-03
2.211279721448424425e+03 1.206550777475424852e+01 1.747784474188991081e-03
2.211286665831093160e+03 1.207250422347264163e+01 1.758638993842760343e-03
2.211293610212831481e+03 1.207028213345406975e+01 1.754045259699011945e-03
2.211300554595035919e+03 1.206740813338073259e+01 1.751327080047158360e-03
2.211307498976772877e+03 1.206753139150109888e+01 1.752335885240927484e-03
2.211314443358511198e+03 1.206805532739688225e+01 1.752565656307080062e-03
2.211321387740249520e+03 1.206492046307370281e+01 1.747527659111665658e-03
2.211328332121521271e+03 1.206165770200606246e+01 1.743207768990771541e-03
2.211335276503259138e+03 1.205979292025913807e+01 1.739675407350643657e-03
2.211342220884531798e+03 1.206245636934479215e+01 1.744590181335863065e-03
2.211349165265337888e+03 1.206423442686718062e+01 1.748268865601308383e-03
2.211356109646610548e+03 1.206086560844584099e+01 1.745324370633364632e-03
2.211363054027417093e+03 1.206107704757865307e+01 1.745542381454341738e-03
2.211369998408223182e+03 1.205377222056524822e+01 1.733009396208258241e-03
2.211376942789030181e+03 1.205819009185815638e+01 1.740070005206233693e-03
2.211383887169371974e+03 1.205372772091891775e+01 1.732896281580921603e-03
2.211390831549711947e+03 1.206075416770847752e+01 1.745727241485140998e-03
2.211397775930052376e+03 1.205196828774188944e+01 1.732059076950735266e-03
2.211404720310394168e+03 1.205703710559731690e+01 1.742393017714585074e-03
2.211411664690269390e+03 1.205691788765382633e+01 1.740983194264938321e-03
2.211418609070145067e+03 1.204929711706383699e+01 1.728809137447763445e-03
2.211425553450020743e+03 1.205399291294309982e+01 1.737680510631224281e-03
2.211432497829429394e+03 1.204788378970300577e+01 1.728133942629011058e-03
2.211439442209304616e+03 1.205104040581568370e+01 1.732712917672169124e-03
2.211446386588714631e+03 1.204372596108936300e+01 1.721705317190876019e-03
2.211453330968124192e+03 1.204495493338260559e+01 1.724288551791938132e-03
2.211460275347068546e+03 1.204919539850183341e+01 1.731016369679567058e-03
2.211467219726012445e+03 1.204869806198061255e+01 1.730120499625164730e-03
2.211474164104956344e+03 1.204376468767844877e+01 1.723260983677467936e-03
2.211481108483900243e+03 1.204340248170475114e+01 1.722001098701658305e-03
2.211488052862843688e+03 1.204356612987521302e+01 1.728182256092109523e-03
2.211494997241322380e+03 1.204004766091082779e+01 1.718911122404313515e-03
2.211501941619801073e+03 1.204338014574438454e+01 1.722991126895888651e-03
2.211508885998278856e+03 1.204273875644540936e+01 1.723044617784084053e-03
2.211515830376291888e+03 1.203973716758864221e+01 1.719132911832219708e-03
2.211522774754304010e+03 1.203960188457728719e+01 1.718631131924987622e-03
2.211529719132316586e+03 1.203743075685322239e+01 1.714951321159189452e-03
2.211536663510330072e+03 1.203561701498186842e+01 1.713205551948961992e-03
2.211543607887876988e+03 1.203658713363412147e+01 1.714304154019708924e-03
2.211550552265423903e+03 1.203998287164348824e+01 1.720939915970520675e-03
2.211557496642970364e+03 1.203932014513082116e+01 1.719243922745787622e-03
2.211564441020516824e+03 1.203445775699725573e+01 1.711809912726348611e-03
2.211571385397598988e+03 1.203974168429840930e+01 1.718593138757705009e-03
2.211578329774681151e+03 1.203966268543758389e+01 1.720414505323809894e-03
2.211585274151761951e+03 1.203767085985204766e+01 1.716578575244797396e-03
2.211592218528377543e+03 1.203461418448094733e+01 1.712121079138438900e-03
2.211599162904993136e+03 1.204190216293500448e+01 1.722440412506177215e-03
2.211606107281608274e+03 1.204555669006448149e+01 1.727997173404956406e-03
2.211613051658223867e+03 1.204316552918293404e+01 1.724430486718112748e-03
2.211619996034840369e+03 1.204192643986519862e+01 1.721557422113405289e-03
2.211626940410989846e+03 1.204051524391165096e+01 1.719828893728722824e-03
2.211633884787139323e+03 1.203783446672641766e+01 1.715508403487652064e-03
2.211640829162824502e+03 1.204043236515921755e+01 1.720223661350011972e-03
2.211647773538973979e+03 1.203876793717606652e+01 1.716844847780576349e-03
2.211654717914658249e+03 1.204090881837336724e+01 1.719444345950585113e-03
2.211661662290343429e+03 1.204186925037572919e+01 1.720746302172224086e-03
2.211668606665562038e+03 1.204635030030710929e+01 1.728651970905571104e-03
2.211675551041245399e+03 1.204406274817518607e+01 1.723212495801342914e-03
2.211682495416464462e+03 1.204777747456669346e+01 1.731248125252089851e-03
2.211689439791683981e+03 1.204662955041418293e+01 1.726804567844103305e-03
2.211696384166437383e+03 1.204547399232336069e+01 1.726383555011487677e-03
2.211703328541189421e+03 1.204317230182765286e+01 1.723676978893198862e-03
2.211710272916408940e+03 1.204707426054699049e+01 1.726120017071342862e-03
2.211717217290695771e+03 1.204871599542177485e+01 1.729933471326731888e-03
2.211724161665447809e+03 1.204997610688982945e+01 1.730834421235420998e-03
2.211731106039736460e+03 1.205194635451309537e+01 1.732507904385259274e-03
2.211738050414023746e+03 1.204974192605710215e+01 1.729027107719969397e-03
2.211744994788311033e+03 1.205270022972984734e+01 1.733900477718761709e-03
2.211751939162133112e+03 1.205201884070216600e+01 1.734404611201187689e-03
2.211758883535953828e+03 1.205146035113360981e+01 1.731533707330103287e-03
2.211765827909774998e+03 1.205248625239198823e+01 1.733458985525693176e-03
2.211772772283597988e+03 1.205609450251318648e+01 1.738776539953108304e-03
2.211779716656953951e+03 1.205624845988478100e+01 1.738540413278818076e-03
2.211786661030309915e+03 1.205367632488111340e+01 1.733681998102817130e-03
2.211793605403665424e+03 1.205723642964803233e+01 1.739890753969963299e-03
2.211800549776556181e+03 1.205071432223589589e+01 1.731865111142309515e-03
2.211807494149912600e+03 1.206175589586231567e+01 1.746855828118902077e-03
2.211814438522337696e+03 1.205203072589398516e+01 1.731646336071129789e-03
2.211821382895227543e+03 1.205650723185683404e+01 1.738194138865796230e-03
2.211828327268117391e+03 1.205897739567573979e+01 1.742091947455636381e-03
2.211835271640542487e+03 1.205438670289035841e+01 1.735700766473782623e-03
2.211842216012967128e+03 1.205533350704263285e+01 1.737360521377930055e-03
2.211849160384926108e+03 1.205949093753131152e+01 1.742366329598669722e-03
2.211856104757351659e+03 1.205994067756720156e+01 1.742209861802366437e-03
2.211863049129309729e+03 1.206293072332204908e+01 1.747465227226726280e-03
2.211869993501268254e+03 1.205478292602908752e+01 1.735627843506111099e-03
2.211876937872762483e+03 1.205628753502704953e+01 1.737187075330851645e-03
2.211883882244721462e+03 1.205704792564382366e+01 1.739151567262608392e-03
2.211890826616214781e+03 1.206252001816194586e+01 1.746958167217338345e-03
2.211897770987242893e+03 1.205702916533045865e+01 1.739217637462504807e-03
2.211904715358736667e+03 1.206004789790025100e+01 1.743934286581507592e-03
2.211911659729764324e+03 1.205942847299419007e+01 1.743155150874152719e-03
2.211918604100791526e+03 1.205715883873152983e+01 1.739333890851148517e-03
2.211925548471819184e+03 1.205549260457074645e+01 1.737551945139807286e-03
2.211932492842381635e+03 1.205812580943907797e+01 1.743278409313953840e-03
2.211939437212943631e+03 1.205625663333138498e+01 1.739000762417389949e-03
2.211946381583506081e+03 1.205086009650312562e+01 1.730482543405432181e-03
2.211953325954067623e+03 1.205322460441070476e+01 1.734805538121118483e-03
2.211960270324163503e+03 1.205488759736508619e+01 1.738944921964369296e-03
2.211967214694260292e+03 1.204993919201796615e+01 1.729711960246755253e-03
2.211974159064357082e+03 1.205318509002119320e+01 1.734819531041904535e-03
2.211981103433987300e+03 1.205398028580892600e+01 1.736946882546672741e-03
2.211988047803618429e+03 1.205033624915527923e+01 1.730232405158021883e-03
2.211994992173249102e+03 1.205249744710629223e+01 1.735527146676560818e-03
2.212001936542878866e+03 1.205136052936046731e+01 1.733401079365087284e-03
2.212008880912510449e+03 1.205484989581148092e+01 1.739462030594187336e-03
2.212015825281675916e+03 1.204665664483353105e+01 1.726158977031462018e-03
2.212022769650374812e+03 1.205012404191686670e+01 1.731738501018869648e-03
2.212029714019540734e+03 1.204798445640009064e+01 1.727864277272395110e-03
2.212036658388238720e+03 1.204632793414389802e+01 1.727164417609772934e-03
2.212043602756938526e+03 1.204762711755251026e+01 1.729377711045593756e-03
2.212050547125638332e+03 1.203919055283494721e+01 1.716265645640206250e-03
2.212057491494338137e+03 1.204610360839349781e+01 1.726266570265994321e-03
2.212064435862571372e+03 1.204569631089086101e+01 1.728868557677062890e-03
2.212071380230805516e+03 1.203868079660701262e+01 1.716668131628573462e-03
2.212078324599039661e+03 1.203874856775815516e+01 1.718703372824909210e-03
2.212085268966807234e+03 1.204102713506962274e+01 1.721818692407277307e-03
2.212092213334576172e+03 1.203942462786336520e+01 1.720771767645432526e-03
2.212099157702344655e+03 1.203415474020080111e+01 1.711939409380629218e-03
2.212106102069646568e+03 1.203919426635817302e+01 1.720782656936116961e-03
2.212113046437414141e+03 1.203405733848872927e+01 1.712894450535612685e-03
2.212119990804716508e+03 1.203377362436962983e+01 1.715224372761956287e-03
2.212126935172018875e+03 1.202948278836117879e+01 1.707055849027359776e-03
2.212133879538856490e+03 1.203482275909605015e+01 1.715914096291789020e-03
2.212140823905693651e+03 1.202678754726684041e+01 1.702998309706114976e-03
2.212147768272529447e+03 1.203158832278153412e+01 1.710641549458712845e-03
2.212154712639365243e+03 1.202987405643026086e+01 1.708098676997549508e-03
2.212161657005737197e+03 1.202811101506066827e+01 1.706613534329552880e-03
2.212168601372108242e+03 1.202915219836221716e+01 1.707562055022544389e-03
2.212175545738479741e+03 1.203017790338660475e+01 1.709943980893974345e-03
2.212182490104850785e+03 1.203360225318484922e+01 1.714258516403724441e-03
2.212196378836661552e+03 1.202515809359138466e+01 1.702091442272343508e-03
2.212203323202566935e+03 1.202548790568026860e+01 1.703163681285922151e-03
2.212210267568006657e+03 1.202570171839646029e+01 1.703719755532189135e-03
2.212217211933446379e+03 1.203147354883943976e+01 1.711960105644119972e-03
2.212224156298887010e+03 1.202562614285582754e+01 1.703478611176699985e-03
2.212231100664325822e+03 1.202487006914669365e+01 1.704024866507130968e-03
2.212238045029299428e+03 1.202903332279921500e+01 1.708737610030796380e-03
2.212251933759249368e+03 1.202517304242700824e+01 1.702770393280814533e-03
2.212258878123758223e+03 1.202784168922211094e+01 1.707365367090236865e-03
2.212265822488265258e+03 1.202896971969186879e+01 1.707836172694881301e-03
2.212272766852774566e+03 1.202862157216268457e+01 1.708865921465697098e-03
2.212279711217282511e+03 1.202617508584783756e+01 1.703213807365784984e-03
2.212286655581325249e+03 1.203137034903046754e+01 1.711295566347397195e-03
2.212293599945368896e+03 1.202752309851161883e+01 1.705296733127882429e-03
2.212300544309411634e+03 1.203030813122174614e+01 1.710793745192976285e-03
2.212307488673453918e+03 1.203065892223002287e+01 1.710289902974901051e-03
2.212314433037030994e+03 1.202363821483129591e+01 1.699938696623948860e-03
2.212321377400608071e+03 1.202684495104733386e+01 1.704262751872960818e-03
2.212328321764185603e+03 1.202958524049629574e+01 1.711683606605946765e-03
2.212335266127297928e+03 1.203192946678822395e+01 1.712980028416626922e-03
2.212342210490408888e+03 1.203395086079343734e+01 1.715553777964977031e-03
2.212356099216631264e+03 1.203045075372105721e+01 1.710438305345956958e-03
2.212363043579277473e+03 1.203041433876755129e+01 1.709677156696852917e-03
2.212369987941923682e+03 1.203294675299676442e+01 1.713538141764385080e-03
2.212376932304569436e+03 1.202748945363108923e+01 1.704922997232257049e-03
2.212383876666749075e+03 1.203230204330879793e+01 1.711459884388171230e-03
2.212390821028928258e+03 1.203550415214804659e+01 1.718017903004264964e-03
2.212397765391108805e+03 1.203379059543071605e+01 1.713650079546706834e-03
2.212404709753289353e+03 1.203875011585831523e+01 1.720247183175032269e-03
2.212411654115004239e+03 1.204004408136637672e+01 1.721885275959063148e-03
2.212418598476719126e+03 1.203752803604866806e+01 1.718790974027082502e-03
2.212425542838434012e+03 1.203912689064349628e+01 1.720094457466255552e-03
2.212446375922179868e+03 1.204470655542511714e+01 1.727241826075906483e-03
2.212453320283429093e+03 1.204544269774877918e+01 1.727501849528364965e-03
2.212460264644212202e+03 1.204702335158936144e+01 1.730035013539438877e-03
2.212467209004995311e+03 1.204616682317228538e+01 1.729030172206885143e-03
2.212474153365777966e+03 1.204438755603263722e+01 1.726293797450167804e-03
2.212481097726561529e+03 1.205288859384086919e+01 1.737315400394831783e-03
2.212488042086879432e+03 1.205049655653061791e+01 1.733818734716873530e-03
2.212494986447196879e+03 1.205311775312025269e+01 1.738429222390555726e-03
2.212501930807048666e+03 1.204576577369885726e+01 1.724616942067207443e-03
2.212508875167366114e+03 1.205260606047365002e+01 1.735318308089303868e-03
2.212515819527217445e+03 1.205134126865511490e+01 1.733356973917221959e-03
2.212522763886604025e+03 1.205296122894778144e+01 1.736765851290214026e-03
2.212529708246456721e+03 1.205623681239793044e+01 1.739269439607972955e-03
2.212536652605841937e+03 1.205763538529268253e+01 1.742382554541126128e-03
2.212543596965228062e+03 1.205651465860273674e+01 1.741277914022892805e-03
2.212550541324614642e+03 1.205386039056108416e+01 1.735044545154453086e-03
2.212557485683534651e+03 1.205884325100104348e+01 1.742475880195477325e-03
2.212564430042455569e+03 1.206003193551038244e+01 1.744958811538308355e-03
2.212571374401376943e+03 1.205540265640758513e+01 1.737591886126767585e-03
2.212578318759830836e+03 1.206027855728665976e+01 1.745032791770347079e-03
2.212585263118750845e+03 1.206242380069033970e+01 1.747779685363429940e-03
2.212592207477206557e+03 1.205903384615873719e+01 1.742866915199713790e-03
2.212599151835195698e+03 1.206204955317544147e+01 1.747235514877531646e-03
2.212606096193650956e+03 1.206218410640110150e+01 1.748677720394014321e-03
2.212619984909164032e+03 1.205922305109805670e+01 1.745518631618814698e-03
2.212626929267153173e+03 1.206349795314164730e+01 1.749874532981262427e-03
2.212633873624675289e+03 1.205818729945878687e+01 1.741809769547712425e-03
2.212640817982200588e+03 1.206214997377375475e+01 1.749826615819454140e-03
2.212661651053839705e+03 1.205629750124438182e+01 1.740897046509075818e-03
2.212668595410897069e+03 1.205064787980758290e+01 1.733402589472348094e-03
2.212682484124081384e+03 1.205307451723546563e+01 1.737103116057391603e-03
2.212689428480673996e+03 1.205232180362954963e+01 1.736952919729463753e-03
2.212696372837266154e+03 1.204807762730417764e+01 1.731128390382738035e-03
2.212703317193392650e+03 1.204625992355936859e+01 1.729953608948418169e-03
2.212710261549518691e+03 1.204554628196008892e+01 1.728628678552847657e-03
2.212724150261306931e+03 1.204010195735437527e+01 1.723709841755545393e-03
2.212731094616968221e+03 1.203860125727051233e+01 1.721212593954509450e-03
2.212738038972628601e+03 1.203676955361953738e+01 1.718810048099799186e-03
2.212744983328288981e+03 1.203867452893312340e+01 1.720322174643609293e-03
2.212751927683483700e+03 1.203299853235287387e+01 1.713658392956814939e-03
2.212765816393875411e+03 1.203409575650355556e+01 1.715690633447416666e-03
2.212772760748605378e+03 1.203186130954105337e+01 1.713632747660735062e-03
2.212779705103334891e+03 1.203201033097976769e+01 1.713106640363492097e-03
2.212800538167057312e+03 1.202726556536177682e+01 1.707016872207441473e-03
2.212821371229384113e+03 1.202637670184671492e+01 1.706933851948619612e-03
2.212869981703177473e+03 1.202542098080691524e+01 1.705113984915366133e-03
2.212960258280203561e+03 1.202834502142289885e+01 1.708390832286401425e-03
2.215474115632955545e+03 1.202987928546405172e+01 1.712250709901868423e-03
2.215494948822406968e+03 1.203478496167060818e+01 1.715898870824188790e-03
2.215550503989466506e+03 1.204011980293451067e+01 1.721100968046805841e-03
2.215564392779950595e+03 1.204308826290118795e+01 1.725730850865880113e-03
2.215578281569969931e+03 1.204962327355695706e+01 1.734061741849515044e-03
2.215606059148608892e+03 1.205219161805373140e+01 1.737075772057504117e-03
2.215619947936765584e+03 1.204823062902592490e+01 1.733887037116265068e-03
2.215626892330611099e+03 1.205536222255437195e+01 1.739942014084228756e-03
2.215633836724455250e+03 1.205587466345953018e+01 1.740252516262442376e-03
2.215647725511680164e+03 1.205696464841724413e+01 1.741562544771037193e-03
2.215668558691818816e+03 1.205561492932732115e+01 1.740096610878248381e-03
2.215675503084733464e+03 1.205613334668466408e+01 1.741309545852493543e-03
2.215682447477645837e+03 1.205570124671230126e+01 1.739188898240256066e-03
2.215689391870094369e+03 1.205775059156365359e+01 1.743231555076731575e-03
2.215696336262543355e+03 1.206072888398822940e+01 1.747142171097279062e-03
2.215710225047439508e+03 1.206073186500392147e+01 1.748575793322124398e-03
2.215724113831403884e+03 1.205503644719301803e+01 1.738162577762430907e-03
2.215738002614903962e+03 1.204845292556858993e+01 1.728999756039257618e-03
2.215744947006420261e+03 1.205500287415458871e+01 1.740036647281720554e-03
2.215751891397470899e+03 1.205167874501330871e+01 1.734062297775836731e-03
2.215765780180039656e+03 1.205592662271402205e+01 1.740651811458053273e-03
2.215772724570625542e+03 1.205310358979687635e+01 1.738442439719493655e-03
2.215779668961677089e+03 1.205271498549314302e+01 1.736439521515196907e-03
2.215793557742847497e+03 1.205028528873646820e+01 1.733114488259747312e-03
2.215800502132966358e+03 1.205504407498436592e+01 1.740082231471682317e-03
2.215807446523087037e+03 1.204938399758673562e+01 1.731295120564152294e-03
2.215814390913206807e+03 1.204951482137609275e+01 1.730942447289671301e-03
2.215821335302861371e+03 1.204987506220753168e+01 1.733478245525786436e-03
2.215828279692515935e+03 1.204704412368983846e+01 1.728971806881667104e-03
2.215835224082169589e+03 1.204961537079283751e+01 1.731063709848025111e-03
2.215842168471357581e+03 1.205085624640941333e+01 1.733350748702082141e-03
2.215849112860546938e+03 1.205224406706952500e+01 1.736586199239652153e-03
2.215856057249736295e+03 1.204362004764817939e+01 1.722685587625723096e-03
2.215869946027647075e+03 1.204716805345707797e+01 1.729760327743149785e-03
2.215876890416369406e+03 1.204906190360175877e+01 1.733149728276155328e-03
2.215883834804626531e+03 1.204602062392320150e+01 1.727744767572846020e-03
2.215890779192884111e+03 1.204369126583853955e+01 1.723028282412219841e-03
2.215897723581142145e+03 1.204119954636254164e+01 1.721794153970318281e-03
2.215904667968932699e+03 1.204346865114386134e+01 1.725162136296675688e-03
2.215911612356724618e+03 1.204357827397008585e+01 1.724642551294096283e-03
2.215918556744516081e+03 1.204255326897273726e+01 1.724096757817666090e-03
2.215925501132307090e+03 1.204600046268127045e+01 1.729149366211386440e-03
2.215932445519632438e+03 1.203836976951606630e+01 1.719410975887252944e-03
2.215939389906493943e+03 1.203598473451333284e+01 1.715643864153074388e-03
2.215946334293819746e+03 1.203624693953562996e+01 1.715750827004884106e-03
2.215953278680678977e+03 1.203741272212490188e+01 1.718237540534405493e-03
2.215960223067540028e+03 1.203713794764659362e+01 1.718760394895799170e-03
2.215967167453934508e+03 1.203342472705700494e+01 1.712726727741185374e-03
2.215974111840328987e+03 1.203337961902956366e+01 1.713243540611455919e-03
2.215981056226723922e+03 1.203157495063633675e+01 1.710585657128230012e-03
2.215988000612653195e+03 1.203737395652951570e+01 1.720777021553979028e-03
2.215994944998582014e+03 1.202737451083330278e+01 1.705359944329000238e-03
2.216001889384509923e+03 1.203195333767957287e+01 1.712216502185074469e-03
2.216008833770439651e+03 1.202850721902271935e+01 1.708314057229657918e-03
2.216015778155902808e+03 1.203234320124155232e+01 1.712019542883394009e-03
2.216022722541365965e+03 1.202937381345621226e+01 1.707670428912295112e-03
2.216029666926363916e+03 1.202901972389705954e+01 1.708947435562026274e-03
2.216036611311360957e+03 1.202813468988591872e+01 1.706929456106346527e-03
2.216043555696357998e+03 1.203046208837574582e+01 1.708977418034883381e-03
2.216050500080890743e+03 1.202690138212243909e+01 1.706164302275795788e-03
2.216057444465423032e+03 1.202337930552394418e+01 1.700444854300974321e-03
2.216064388849953957e+03 1.202706532656007887e+01 1.705691662660880226e-03
2.216071333234021040e+03 1.202937051716047812e+01 1.710026587886474001e-03
2.216078277618551965e+03 1.202457157995649695e+01 1.703959040527614150e-03
2.216085222002152932e+03 1.203160764009690098e+01 1.712814954235392529e-03
2.216092166386220470e+03 1.202874988161327074e+01 1.708461319789589218e-03
2.216099110769820982e+03 1.202302301607153900e+01 1.699255414097087342e-03
2.216106055153421039e+03 1.202688873059964969e+01 1.705123149999401583e-03
2.216112999536555435e+03 1.202772502226024187e+01 1.705744039409528082e-03
2.216119943919690741e+03 1.202934671340009132e+01 1.708247140617083276e-03
2.216126888302825591e+03 1.203070643228170766e+01 1.710878507039853775e-03
2.216133832685494781e+03 1.203336940296589042e+01 1.715909536668116468e-03
2.216140777068164425e+03 1.203085139182839214e+01 1.709538252833496140e-03
2.216147721450833160e+03 1.202841378302966291e+01 1.706111005315808947e-03
2.216154665833501895e+03 1.203209819481661569e+01 1.711603628533960248e-03
2.216161610215705878e+03 1.203445598023809637e+01 1.714677460138308704e-03
2.216168554597444654e+03 1.203192635578524694e+01 1.710518303434287526e-03
2.216175498979648182e+03 1.203399153311646508e+01 1.714636410333271119e-03
2.216189387743123461e+03 1.203260536145894122e+01 1.710818031041834702e-03
2.216196332124395667e+03 1.203742135534013258e+01 1.717458906501555509e-03
2.216203276505667418e+03 1.204248262572935779e+01 1.725057850854234617e-03
2.216210220886940988e+03 1.204076167976686840e+01 1.721739488093769086e-03
2.216217165267747987e+03 1.203617358874392629e+01 1.714768100340323485e-03
2.216224109649019738e+03 1.204073206985584399e+01 1.722384893672116108e-03
2.216231054029361076e+03 1.203665267143933981e+01 1.714135946489358771e-03
2.216237998410167165e+03 1.203876749820391012e+01 1.720057743987382431e-03
2.216244942790508503e+03 1.204597553364581053e+01 1.727708720193113371e-03
2.216251887170849841e+03 1.204494252658222564e+01 1.724474112246319156e-03
2.216258831550725063e+03 1.204245823524182057e+01 1.721722529427905561e-03
2.216265775930599375e+03 1.204919279896427575e+01 1.733679751802476299e-03
2.216272720310475506e+03 1.204456106008772842e+01 1.724402392612144281e-03
2.216279664690349819e+03 1.205069533893809819e+01 1.732833250406841342e-03
2.216286609069759379e+03 1.204977055796561913e+01 1.731057094338986314e-03
2.216293553449170759e+03 1.205371969472167137e+01 1.736801946416952460e-03
2.216300497828114203e+03 1.204900381638749884e+01 1.729938606829938604e-03
2.216307442207057647e+03 1.205312466979779273e+01 1.734390096189011767e-03
2.216314386586001547e+03 1.205269197585191954e+01 1.735456343124744567e-03
2.216321330964945901e+03 1.205142404998444050e+01 1.732605391026874851e-03
2.216328275343424593e+03 1.205153535251095320e+01 1.732361658782182639e-03
2.216335219721902376e+03 1.205342492497496032e+01 1.734799623634877873e-03
2.216342164099915408e+03 1.205856514759940801e+01 1.742506049919739786e-03
2.216349108477927984e+03 1.205594878969476369e+01 1.738472703928729129e-03
2.216356052855940106e+03 1.205445240444841737e+01 1.737487571396180604e-03
2.216362997233953593e+03 1.205600591383359621e+01 1.738760208246029363e-03
2.216369941611500963e+03 1.205534903732498009e+01 1.738487577371107670e-03
2.216376885989046968e+03 1.205382369845791679e+01 1.735656198455360569e-03
2.216383830366594339e+03 1.205172182484075982e+01 1.735106556437942312e-03
2.216390774743675138e+03 1.205816163741105740e+01 1.743996923625125645e-03
2.216397719120755937e+03 1.205456977711814126e+01 1.736017533903141171e-03
2.216404663497372439e+03 1.205674071890518917e+01 1.739982915809819199e-03
2.216411607874453694e+03 1.205614113389018449e+01 1.738928042313939507e-03
2.216418552251069741e+03 1.205255964179796990e+01 1.733483727197980074e-03
2.216425496627219673e+03 1.205120276901249632e+01 1.730308430331293015e-03
2.216432441003835265e+03 1.205019272545973408e+01 1.731048101799321148e-03
2.216439385379984742e+03 1.204971612343701892e+01 1.732321927697651762e-03
2.216446329755669467e+03 1.205154537424080630e+01 1.732557796524186906e-03
2.216453274131820763e+03 1.205222183641296141e+01 1.734491730344801027e-03
2.216460218507504578e+03 1.204699067909114518e+01 1.727271756635015334e-03
2.216467162882722732e+03 1.204650199955834111e+01 1.726906863533567192e-03
2.216474107258407457e+03 1.205111493781185317e+01 1.733260029709686673e-03
2.216481051633626066e+03 1.204326043511291111e+01 1.722539175861167353e-03
2.216487996008845130e+03 1.204908109963059104e+01 1.731600119479474948e-03
2.216494940383598532e+03 1.204545681584739469e+01 1.725900732217494366e-03
2.216501884758351025e+03 1.204007301322480572e+01 1.720105987085984332e-03
2.216508829133103518e+03 1.204188217756557044e+01 1.721343115330036281e-03
2.216515773507856466e+03 1.204214923180324703e+01 1.721452406573306757e-03
2.216522717882144207e+03 1.203978872589143734e+01 1.718191978590869785e-03
2.216529662256431493e+03 1.204202893292664456e+01 1.722591974892932537e-03
2.216536606630253573e+03 1.203897091443446854e+01 1.717829618860160310e-03
2.216543551004075653e+03 1.204024103024770476e+01 1.721070873466327370e-03
2.216550495377897278e+03 1.203800499423178749e+01 1.719028806958860026e-03
2.216557439751717993e+03 1.203210603998885020e+01 1.710532490100027253e-03
2.216564384125074412e+03 1.203525694389512246e+01 1.714701071178565978e-03
2.216571328498431285e+03 1.202721014009478040e+01 1.703861635072869600e-03
2.216578272871786339e+03 1.203081383605297994e+01 1.708494964045715074e-03
2.216585217244677551e+03 1.203176675232963255e+01 1.709839863159919081e-03
2.216592161617566944e+03 1.202611262136465697e+01 1.703081704598188341e-03
2.216599105990456792e+03 1.203187972157463825e+01 1.712737974851655980e-03
2.216606050362882343e+03 1.202480355755708175e+01 1.701283456730200800e-03
2.216612994735307439e+03 1.202484044169216304e+01 1.702205817291254026e-03
2.216619939107731625e+03 1.202169609120321070e+01 1.698165140795460538e-03
2.216626883479691060e+03 1.202707499952778747e+01 1.706422679692468731e-03
2.216633827851650040e+03 1.202607106999604270e+01 1.703666069560283262e-03
2.216640772223609019e+03 1.202672704842559703e+01 1.705454032563755856e-03
2.216647716595568909e+03 1.202310642287320874e+01 1.700460609151024319e-03
2.216654660967062227e+03 1.202623770902645894e+01 1.706282825938018654e-03
2.216661605338555091e+03 1.202250132216559919e+01 1.698427907696884636e-03
2.216668549709582294e+03 1.203137472763683746e+01 1.712650433562731746e-03
2.216675494081076522e+03 1.202924300139716252e+01 1.707988254919257055e-03
2.216682438452104179e+03 1.202833986626496632e+01 1.705958304920344656e-03
2.216689382822666630e+03 1.202935829348454355e+01 1.707659137386601271e-03
2.216696327193228626e+03 1.203040890635944216e+01 1.709354362111772160e-03
2.216703271563789713e+03 1.202728381876266184e+01 1.704390907182057628e-03
2.216710215934351254e+03 1.203235580148536599e+01 1.711584949346242612e-03
2.216717160304914159e+03 1.202714344378709299e+01 1.703403724961970482e-03
2.216724104675010949e+03 1.203013849465944851e+01 1.706933159629074820e-03
2.216731049044641622e+03 1.203745267390399754e+01 1.719441156138793456e-03
2.216737993414737957e+03 1.203436247057706865e+01 1.713211349921217944e-03
2.216744937784369085e+03 1.203497816780510732e+01 1.713266094958161090e-03
2.216751882153998395e+03 1.203864502206139164e+01 1.722569822643551770e-03
2.216758826523164316e+03 1.203507018433032449e+01 1.711204647035563173e-03
2.216765770892796354e+03 1.204287081837031970e+01 1.723776048364602468e-03
2.216772715261960911e+03 1.204487366159652950e+01 1.724718324829530762e-03
2.216779659630659808e+03 1.204670163785763748e+01 1.729012125329613047e-03
2.216786603999359613e+03 1.204854322249912535e+01 1.730807005704203391e-03
2.216793548368058509e+03 1.204631678428399688e+01 1.726720961157075318e-03
2.216800492736758315e+03 1.205130327876431373e+01 1.735804724806985994e-03
2.216807437105458575e+03 1.204032206769187496e+01 1.716689411057292997e-03
2.216814381473692265e+03 1.204624697657209609e+01 1.724736629354081804e-03
2.216821325841459384e+03 1.204839312781609095e+01 1.727681200975940542e-03
2.216828270209693528e+03 1.204579282422177222e+01 1.723247739518348918e-03
2.216835214577461102e+03 1.204494277576645267e+01 1.721117564662164772e-03
2.216842158945229585e+03 1.205080754103799912e+01 1.731773262333205542e-03
2.216849103312532407e+03 1.205629130839304786e+01 1.738919426310448543e-03
2.216856047680299980e+03 1.205675464108761119e+01 1.738905850860975651e-03
2.216862992047601892e+03 1.205692312836187874e+01 1.738714134031034246e-03
2.216869936414439508e+03 1.205476688021086851e+01 1.734787010176250472e-03
2.216876880781741420e+03 1.205040787774383304e+01 1.727848328037270885e-03
2.216883825148579035e+03 1.205956125488310349e+01 1.742069042812707108e-03
2.216890769514950534e+03 1.205570918667776148e+01 1.735774033199805359e-03
2.216897713881787240e+03 1.205792771026922239e+01 1.738903351753869715e-03
2.216904658248157830e+03 1.205347612024979753e+01 1.732232367999157838e-03
2.216911602614528420e+03 1.205918244312254650e+01 1.741070876009954190e-03
2.216918546980434257e+03 1.205656195124359620e+01 1.737197007574773928e-03
2.216925491346805757e+03 1.206194256107270846e+01 1.745847139165564513e-03
2.216932435712711595e+03 1.206360028570048293e+01 1.746644687621742202e-03
2.216939380078150862e+03 1.205921454717162433e+01 1.740520284859943751e-03
2.216946324443590584e+03 1.206458146700455103e+01 1.749894365695029699e-03
2.216953268809029396e+03 1.206311543443623790e+01 1.745534557627711342e-03
2.216960213174470482e+03 1.206348593592651142e+01 1.746136967844963157e-03
2.216967157539910659e+03 1.206355928120593823e+01 1.746347230149692797e-03
2.216974101904883810e+03 1.205806468214262495e+01 1.737337777336310377e-03
2.216981046269858325e+03 1.206407495975753363e+01 1.748199851309741428e-03
2.216987990634367634e+03 1.206483884446836896e+01 1.752237240479587004e-03
2.216994934998875124e+03 1.206922219702976129e+01 1.755175196429298269e-03
2.217001879363383978e+03 1.206571134121650957e+01 1.750089837077440161e-03
2.217008823727892832e+03 1.206318983413152068e+01 1.746100765699246625e-03
2.217015768091936025e+03 1.206142950505766542e+01 1.743240368042309803e-03
2.217022712455977398e+03 1.206057831879295072e+01 1.742946891048785312e-03
2.217029656820021046e+03 1.206441854157136717e+01 1.748155961647053589e-03
2.217036601184063784e+03 1.205614940788406209e+01 1.737042592049045696e-03
2.217043545547641770e+03 1.206547287734196949e+01 1.750211128023721179e-03
2.217050489911218392e+03 1.206433170886253059e+01 1.749594865394477582e-03
2.217057434274329353e+03 1.205957837736428218e+01 1.742034766683936116e-03
2.217064378637440313e+03 1.205673852720325812e+01 1.737665725505433073e-03
2.217071323000552638e+03 1.205356941364114931e+01 1.733289517604920784e-03
2.217078267363664509e+03 1.205532013547193593e+01 1.736360468000834644e-03
2.217085211726309808e+03 1.204930194719916159e+01 1.729478577834559286e-03
2.217092156089422133e+03 1.205726059788513993e+01 1.740036436391445259e-03
2.217099100451602681e+03 1.205114735760400180e+01 1.730140332511885450e-03
2.217106044814247525e+03 1.205223954419427557e+01 1.733172402631356262e-03
2.217112989176427618e+03 1.205047137406158342e+01 1.730634132332330415e-03
2.217119933538608620e+03 1.205016661143600487e+01 1.731263264295538826e-03
2.217126877900788713e+03 1.205332132518317501e+01 1.735843199339950297e-03
2.217133822262502690e+03 1.204950526541904843e+01 1.729609902486617563e-03
2.217140766624217576e+03 1.204809436144250512e+01 1.728202069577852457e-03
2.217147710985931553e+03 1.205004319462306306e+01 1.731692995884787567e-03
2.217154655347180324e+03 1.204405935599800159e+01 1.722224663004117383e-03
2.217161599708430458e+03 1.204610535120415094e+01 1.727551277852816406e-03
2.217168544069678319e+03 1.204841130355923084e+01 1.730530198898781648e-03
2.217175488430927089e+03 1.204538507164948591e+01 1.724888152859035051e-03
2.217182432791710653e+03 1.204478012082299543e+01 1.724968699555396801e-03
2.217189377152492852e+03 1.204595544185716172e+01 1.727234531105724738e-03
2.217196321513276416e+03 1.203858901529710224e+01 1.716984382043621740e-03
2.217203265873594319e+03 1.204348951729639872e+01 1.724107445358559823e-03
2.217210210233912221e+03 1.203550009481129557e+01 1.713601898282146726e-03
2.217217154594230124e+03 1.203449434505117743e+01 1.712087278171595724e-03
2.217224098954546662e+03 1.203963528282819695e+01 1.719948713916689010e-03
2.217231043314398903e+03 1.204000790155218681e+01 1.724088218377530608e-03
2.217237987674251144e+03 1.203677362049552535e+01 1.715218328424851675e-03
2.217244932034102931e+03 1.204069283328772855e+01 1.721759776663397664e-03
2.217251876393489511e+03 1.203436013701509388e+01 1.711840142658402949e-03
2.217258820752875181e+03 1.203036687514688197e+01 1.708264646196602440e-03
2.217265765112260397e+03 1.203264284358940728e+01 1.709401086616703543e-03
2.217272709471181770e+03 1.203978576600312245e+01 1.721211288232058064e-03
2.217279653830567440e+03 1.203998556679516696e+01 1.722706652018207718e-03
2.217286598189488359e+03 1.203240605379220085e+01 1.710726415278770226e-03
2.217293542547943616e+03 1.203354223445581184e+01 1.712200790563433604e-03
2.217300486906864080e+03 1.202804437990583430e+01 1.705085575866262075e-03
2.217307431265317973e+03 1.202602193451298085e+01 1.700779860718720608e-03
2.217314375623308479e+03 1.203513312331220320e+01 1.715250518769097102e-03
2.217321319981764191e+03 1.202916844899694127e+01 1.705297022545387798e-03
2.217328264339752877e+03 1.203773629910788756e+01 1.717967112650527510e-03
2.217335208697741564e+03 1.203581252133124480e+01 1.714718587683917864e-03
2.217342153055731160e+03 1.203842214118251519e+01 1.718175299797170116e-03
2.217349097413253730e+03 1.203741976121797208e+01 1.716143628449685139e-03
2.217356041770777665e+03 1.203057009523395848e+01 1.706311871701161843e-03
2.217362986128302509e+03 1.204095754437647336e+01 1.722016821803059455e-03
2.217369930485825080e+03 1.203507288532077979e+01 1.712981863858255684e-03
2.217376874842882899e+03 1.203575475047757770e+01 1.713020986769114330e-03
2.217383819199941172e+03 1.204070925828850847e+01 1.720587013618547680e-03
2.217390763556532875e+03 1.204132968386283586e+01 1.721206483633349379e-03
2.217397707913590239e+03 1.204057927254528870e+01 1.718652214106114766e-03
2.217404652270183760e+03 1.204788867637500616e+01 1.730424984896647466e-03
2.217411596626775463e+03 1.204002805829696143e+01 1.716543836161704608e-03
2.217418540982901959e+03 1.204557821416151953e+01 1.725823215212152813e-03
2.217425485339028455e+03 1.204896757793494366e+01 1.731724014204500230e-03
2.217432429695155406e+03 1.204062705916890152e+01 1.717742014407797188e-03
2.217439374051283266e+03 1.204736105812312807e+01 1.728848584016535496e-03
2.217446318406943192e+03 1.204125391202247108e+01 1.717626935808447535e-03
2.217453262763070143e+03 1.204962859408432152e+01 1.731467151791409725e-03
2.217460207118265316e+03 1.204467859295587040e+01 1.721781242222473335e-03
2.217467151473924787e+03 1.204380258587517538e+01 1.720756479780631825e-03
2.217474095829121325e+03 1.204780967298342631e+01 1.726684036640064928e-03
2.217481040184316953e+03 1.205373205277173376e+01 1.737079198871611767e-03
2.217487984539511672e+03 1.205153551774206910e+01 1.735774529851501040e-03
2.217494928894241639e+03 1.204964528188620676e+01 1.728992110618177321e-03
2.217501873248969787e+03 1.205349647733813256e+01 1.733639307126005544e-03
2.217508817603699754e+03 1.205537064563907990e+01 1.737834920590565968e-03
2.217515761958430176e+03 1.205256258967491334e+01 1.732847808356957793e-03
2.217522706312694936e+03 1.205839783594282366e+01 1.740781195557391083e-03
2.217529650666957878e+03 1.205447867662826056e+01 1.737751500287381019e-03
2.217536595021221729e+03 1.205533185055964474e+01 1.736924174475493231e-03
2.217543539375019918e+03 1.205436248104622443e+01 1.733034731616065307e-03
2.217550483729284679e+03 1.205749004708430938e+01 1.737648173034042230e-03
2.217557428082617207e+03 1.206102413922693550e+01 1.745571375587429228e-03
2.217564372436415397e+03 1.205689940977629959e+01 1.740922965869018228e-03
2.217571316789747925e+03 1.206142264008417442e+01 1.747107633432379596e-03
2.217578261143079999e+03 1.205948371169744071e+01 1.744735923560600688e-03
2.217585205496412527e+03 1.205009639913248698e+01 1.726640251632089286e-03
2.217592149849745510e+03 1.205716027424591275e+01 1.737154564584698739e-03
2.217599094202612378e+03 1.206040977811824177e+01 1.742856811669938385e-03
2.217606038555479245e+03 1.205719991132779079e+01 1.737957576468006837e-03
2.217612982908346112e+03 1.206156082519660622e+01 1.744903992309411846e-03
2.217619927260746863e+03 1.205824744037232676e+01 1.741006428634688961e-03
2.217626871613148523e+03 1.205590760231040015e+01 1.735750375909811188e-03
2.217633815965550639e+03 1.206575940048016271e+01 1.751804338356531847e-03
2.217640760317952299e+03 1.206307254515896688e+01 1.751141495452178745e-03
2.217647704669886934e+03 1.205334054280585221e+01 1.732315461545367793e-03
2.217654649021822934e+03 1.205996865788262440e+01 1.741905750865028329e-03
2.217661593373758024e+03 1.206070509836592741e+01 1.745160535369569580e-03
2.217668537725227907e+03 1.206095409417277509e+01 1.744473034381016988e-03
2.217675482076698245e+03 1.205936478491782182e+01 1.741422714619617887e-03
2.217682426428169038e+03 1.205898253253235453e+01 1.740856435059216561e-03
2.217689370779638466e+03 1.206064220383911056e+01 1.745929444049448484e-03
2.217696315130642688e+03 1.205972070513406535e+01 1.744224852812196894e-03
2.217703259481646455e+03 1.205873425254804765e+01 1.742916023095576620e-03
2.217710203832651587e+03 1.205717662528964951e+01 1.738275541678864153e-03
2.217717148183656718e+03 1.205353473803972264e+01 1.733699728673538830e-03
2.217724092534194369e+03 1.205698189915461960e+01 1.739864715426984619e-03
2.217731036884732475e+03 1.205115949857833790e+01 1.730248031721931274e-03
2.217737981235271491e+03 1.205113304954095810e+01 1.730299243539527767e-03
2.217744925585344390e+03 1.204900763028600785e+01 1.727506278636431816e-03
2.217751869935417744e+03 1.205301540005802607e+01 1.733357310879405158e-03
2.217758814285491098e+03 1.205415443203520098e+01 1.735749613622316560e-03
2.217765758635563998e+03 1.205371623517507906e+01 1.738396024244414110e-03
2.217772702985171236e+03 1.205622716372904968e+01 1.740456427102571226e-03
2.217779647334778019e+03 1.204936557710321310e+01 1.730467657838591399e-03
2.217786591684385712e+03 1.204155826512151073e+01 1.719369856522301974e-03
2.217793536033526834e+03 1.204566958755738604e+01 1.725175381075882020e-03
2.217800480383134982e+03 1.203734045160211785e+01 1.712403658052092780e-03
2.217807424732276559e+03 1.204401122011579695e+01 1.723295942251393351e-03
2.217814369080952019e+03 1.204397833980794985e+01 1.725966043198621982e-03
2.217821313430093596e+03 1.204211586610526830e+01 1.722212329284326026e-03
2.217828257778769967e+03 1.204215827128023797e+01 1.722298264077094972e-03
2.217835202127445882e+03 1.204915969938966214e+01 1.732115787990430285e-03
2.217842146475656591e+03 1.203877576851248499e+01 1.720642093479580722e-03
2.217849090824332507e+03 1.203418527347196409e+01 1.711042049364897011e-03
2.217856035172543216e+03 1.203546896500516539e+01 1.714051632596809210e-03
2.217862979520753015e+03 1.202985709489819932e+01 1.703972011617995623e-03
2.217869923868497608e+03 1.203669567961243025e+01 1.714719272195168714e-03
2.217876868216243565e+03 1.203087528410547336e+01 1.706791667315003640e-03
2.217883812563986794e+03 1.204081712522832248e+01 1.722531101797847948e-03
2.217890756911731387e+03 1.203489458638484422e+01 1.713429023648831194e-03
2.217897701259476435e+03 1.203151673833706781e+01 1.707434166920018467e-03
2.217904645606754912e+03 1.203466622564260824e+01 1.712853712305349111e-03
2.217911589954034753e+03 1.203486271225408721e+01 1.713236779154127427e-03
2.217918534300848478e+03 1.202959344666680153e+01 1.704825253903036707e-03
2.217925478648126955e+03 1.203532747546508475e+01 1.715033010085977114e-03
2.217932422994939770e+03 1.203194418316371284e+01 1.709154673781466006e-03
2.217939367341753496e+03 1.203302042030031238e+01 1.710870089163987143e-03
2.217946311688101105e+03 1.203489547602148768e+01 1.712788784908397637e-03
2.217953256034913920e+03 1.203913077589888481e+01 1.719694591113138816e-03
2.217960200381262439e+03 1.203344134540307309e+01 1.710322868556368552e-03
2.217967144727144841e+03 1.203282833369135751e+01 1.709275682406893263e-03
2.217974089073491996e+03 1.203272038836837154e+01 1.711037154162561727e-03
2.217981033419373944e+03 1.203533769991610924e+01 1.712636374385790184e-03
2.217987977765256346e+03 1.204220010593965284e+01 1.723062841991126158e-03
2.217994922111139203e+03 1.203355785269360823e+01 1.709535223265937513e-03
2.218001866456555035e+03 1.203984663721096915e+01 1.719187652064324470e-03
2.218008810801971777e+03 1.203838181564112197e+01 1.717096043940991674e-03
2.218015755147386699e+03 1.204516957172277003e+01 1.727033500811219965e-03
2.218022699492802985e+03 1.204009263265156982e+01 1.719876459772410639e-03
2.218029643837754520e+03 1.204645878053402264e+01 1.728609313236736120e-03
2.218036588182706055e+03 1.203951971394966769e+01 1.716083443925248532e-03
2.218043532527655771e+03 1.204581381070074286e+01 1.725257261399745388e-03
2.218050476872606396e+03 1.204376684564317124e+01 1.722317400453435288e-03
2.218057421217091360e+03 1.204433282044523779e+01 1.723573350289368854e-03
2.218064365561575414e+03 1.204270697497669573e+01 1.719349526951266050e-03
2.218071309906061288e+03 1.205224556332276720e+01 1.733452246845911459e-03
2.218078254250081955e+03 1.204599260035074515e+01 1.723870912503224634e-03
2.218085198594100802e+03 1.204953788607940446e+01 1.729157846777164709e-03
2.218092142938120105e+03 1.204415443547136988e+01 1.721112878788558101e-03
2.218099087282139408e+03 1.205054342700941028e+01 1.729792242428052854e-03
2.218106031625693504e+03 1.205884291724212432e+01 1.742668817024327051e-03
2.218112975969712807e+03 1.205043557309707580e+01 1.729314101471444553e-03
2.218119920313266903e+03 1.205530782268426648e+01 1.736374538734192403e-03
2.218126864656354428e+03 1.205811062117488852e+01 1.739619219180054939e-03
2.218133808999907615e+03 1.205328465624479861e+01 1.732865211807299664e-03
2.218140753342996049e+03 1.205784295866756750e+01 1.740844668963970011e-03
2.218147697685618368e+03 1.205612991449988591e+01 1.737671991199633750e-03
2.218154642028706348e+03 1.205515119961732218e+01 1.734747999047703097e-03
2.218161586371329577e+03 1.205935622136156482e+01 1.740955805694323301e-03
2.218168530713951441e+03 1.205687495635345208e+01 1.738082388815558911e-03
2.218175475056574214e+03 1.205923648938918902e+01 1.741547964026432657e-03
2.218182419399196078e+03 1.206076741389562734e+01 1.744698063629910407e-03
2.218189363741353645e+03 1.205811333428116505e+01 1.739476315530196805e-03
2.218196308083510303e+03 1.206184343450594554e+01 1.745584129604342343e-03
2.218203252425666960e+03 1.205685511573572022e+01 1.736924982404100927e-03
2.218210196767357957e+03 1.205624025898561769e+01 1.736189133392610287e-03
2.218217141109048498e+03 1.205440306088367386e+01 1.734687425006985716e-03
2.218224085450739949e+03 1.206088647385178625e+01 1.744469388243528049e-03
2.218231029792431400e+03 1.206035657637172953e+01 1.743041044028642138e-03
2.218237974133657190e+03 1.205733804154342259e+01 1.738299173947148359e-03
2.218244918474881615e+03 1.205808227400618549e+01 1.740369984172774383e-03
2.218251862816106950e+03 1.205927745966929265e+01 1.742332325235840295e-03
2.218258807157331830e+03 1.205175910220403068e+01 1.730956982207034096e-03
2.218265751498091959e+03 1.205542411856351137e+01 1.735745525413391957e-03
2.218272695838852997e+03 1.205648123483714507e+01 1.739265150227436649e-03
2.218279640179612670e+03 1.205565384141822882e+01 1.737588009780099453e-03
2.218286584520371889e+03 1.205049250104708491e+01 1.731983650556618865e-03
2.218293528860665901e+03 1.204861651945496348e+01 1.728775407701583318e-03
2.218300473200959914e+03 1.204838156548208872e+01 1.729119025795291349e-03
2.218307417541253926e+03 1.204929379756197250e+01 1.729491462819677866e-03
2.218314361881082732e+03 1.204571576448422121e+01 1.727945005994463651e-03
2.218321306221377199e+03 1.204477181534954511e+01 1.725181654150495384e-03
2.218328250561205095e+03 1.204037789372573997e+01 1.718258922205916951e-03
2.218335194900567330e+03 1.204134951273122134e+01 1.719261284760446266e-03
2.218342139240396136e+03 1.205056995237091932e+01 1.733396336785244119e-03
2.218349083579758826e+03 1.204269193476793731e+01 1.721950362704615777e-03
2.218356027919121971e+03 1.204441503873341901e+01 1.724780502626258516e-03
2.218362972258485115e+03 1.203533911326392314e+01 1.712420695078775007e-03
2.218369916597381234e+03 1.204157546176209514e+01 1.720601932154372776e-03
2.218376860936277808e+03 1.203902648281219712e+01 1.719190968781011356e-03
2.218383805275176655e+03 1.204035959495538677e+01 1.720257254521315258e-03
2.218390749614074593e+03 1.204241810990055050e+01 1.724109814541901955e-03
2.218397693952505051e+03 1.203599135385767660e+01 1.716653462674760326e-03
2.218404638291402080e+03 1.203855587205442568e+01 1.719231046578620836e-03
2.218411582629367331e+03 1.203119242629504448e+01 1.707141493740008424e-03
2.218418526967799153e+03 1.203569929588818788e+01 1.713631064211113388e-03
2.218425471305764404e+03 1.203124990047843212e+01 1.706769005656197423e-03
2.218432415643731474e+03 1.203528063673203086e+01 1.714236853492783668e-03
2.218439359981696725e+03 1.203418175848855576e+01 1.714868108133374251e-03
2.218446304319661976e+03 1.202854679590726228e+01 1.703218049006671817e-03
2.218453248657162476e+03 1.202938427449104175e+01 1.705978333896188831e-03
2.218460192994662066e+03 1.203134401773311701e+01 1.709878964921443274e-03
2.218467137332162565e+03 1.202642669629357819e+01 1.701873111963908862e-03
2.218474081663143807e+03 1.202776504957124004e+01 1.706853924003555456e-03
2.218481026000644306e+03 1.202853481564861937e+01 1.705877960786009303e-03
2.218487970337677325e+03 1.202986715552550123e+01 1.708902000507817737e-03
2.218494914674712618e+03 1.202707421123167286e+01 1.703912499567816503e-03
2.218501859011281795e+03 1.202257214932126494e+01 1.698322239818176324e-03
2.218508803347850971e+03 1.202125283258745192e+01 1.696615772799350396e-03
2.218522692020987961e+03 1.202021526844613675e+01 1.695129150885124137e-03
2.218529636357557138e+03 1.202599266710563519e+01 1.705694135397635815e-03
2.218536580693659744e+03 1.202102954926248124e+01 1.696493395760909810e-03
2.218543525029763259e+03 1.202602689682102799e+01 1.704029483207313272e-03
2.218550469365401113e+03 1.201790782141833880e+01 1.691891703509447800e-03
2.218557413701503719e+03 1.201919952138349323e+01 1.695978593150927359e-03
2.218564358037141574e+03 1.201552025712793892e+01 1.689422640645075937e-03
2.218571302372778064e+03 1.202226269634744682e+01 1.699783217728880781e-03
2.218578246708415463e+03 1.201728290725156967e+01 1.691425273051325347e-03
2.218585191043588566e+03 1.201672845166701897e+01 1.690750328451616361e-03
2.218592135378759849e+03 1.202017294007066894e+01 1.694526317114795379e-03
2.218599079713931587e+03 1.202166837233503927e+01 1.698826188033314899e-03
2.218606024049103326e+03 1.202142550109950747e+01 1.696941831324029135e-03
2.218612968383809402e+03 1.201861998445784785e+01 1.692345858742919052e-03
2.218619912718515934e+03 1.202184005081557672e+01 1.698578554202827360e-03
2.218626857053222466e+03 1.202142000091962792e+01 1.697395723935950229e-03
2.218633801387928997e+03 1.202610280230770279e+01 1.703885409286746673e-03
2.218640745722168958e+03 1.202183798773695500e+01 1.697660256987543366e-03
2.218647690056874580e+03 1.202253319024532985e+01 1.697964204997909213e-03
2.218654634390649335e+03 1.202662659451833349e+01 1.704497258786471766e-03
2.218661578724890660e+03 1.203032293070154424e+01 1.708918267288223264e-03
2.218668523058664960e+03 1.202991986062369278e+01 1.709205314431113624e-03
2.218675467392440623e+03 1.202577408644289214e+01 1.701573210212781488e-03
2.218682411726214923e+03 1.202660365637818174e+01 1.702734552225618984e-03
2.218689356059989223e+03 1.202780798382947403e+01 1.705103494433001833e-03
2.218696300393298770e+03 1.202982771934641981e+01 1.706550411636031288e-03
2.218703244726607409e+03 1.202731388772566490e+01 1.702240806529134974e-03
2.218710189059916956e+03 1.202870715519611267e+01 1.704210261360787886e-03
2.218717133393226504e+03 1.203441828078255149e+01 1.713452145296334933e-03
2.218724077726069936e+03 1.203174383290413019e+01 1.709044792090956468e-03
2.218731022058913368e+03 1.203460146291451593e+01 1.712148849127184723e-03
2.218737966391756345e+03 1.203223115775301899e+01 1.708495499150823301e-03
2.218744910724600686e+03 1.203826904680750154e+01 1.718777507447503397e-03
2.218751855056978911e+03 1.204073133292723341e+01 1.720262071822527923e-03
2.218758799389355772e+03 1.203356787993177335e+01 1.709310851976526780e-03
2.218765743721733998e+03 1.204209538257794598e+01 1.722431898700917466e-03
2.218772688053646107e+03 1.203720589092848492e+01 1.715784578186511618e-03
2.218779632386023422e+03 1.204106953110467870e+01 1.720514704366326360e-03
2.218786576717936896e+03 1.203901376644203758e+01 1.718304904543721751e-03
2.218793521049382889e+03 1.203823689243244210e+01 1.716666873877178675e-03
2.218800465381294998e+03 1.203877586041737224e+01 1.716378832337025649e-03
2.218807409712741446e+03 1.203702617911992867e+01 1.713345924767813774e-03
2.218814354044187894e+03 1.204242305713488648e+01 1.721958977482574695e-03
2.218821298375634797e+03 1.203783006313863169e+01 1.714430757692988940e-03
2.218828242706616493e+03 1.204448945516536540e+01 1.725445724853481638e-03
2.218835187038062941e+03 1.203977841363728274e+01 1.717511634366595836e-03
2.218842131369043273e+03 1.204235089170607509e+01 1.720849872090296669e-03
2.218849075700023604e+03 1.203843440975637868e+01 1.717697863193782312e-03
2.218856020030539185e+03 1.204142876158118547e+01 1.720713482775543084e-03
2.218862964361054765e+03 1.204356042062859800e+01 1.723207407902330873e-03
2.218869908691569435e+03 1.204916175071313234e+01 1.731008333320274619e-03
2.218876853022085470e+03 1.204106722596448620e+01 1.720482172144690170e-03
2.218883797352599686e+03 1.204314314182756185e+01 1.723884588963301269e-03
2.218890741682649150e+03 1.204511584014007397e+01 1.726006030646662272e-03
2.218897686012699523e+03 1.203793730532060913e+01 1.715393763860864271e-03
2.218904630342748987e+03 1.204047921248943709e+01 1.719651817401316981e-03
2.218911574672332335e+03 1.204082574668782968e+01 1.719373231202556834e-03
2.218918519001916593e+03 1.203994349524421104e+01 1.718175026485945552e-03
2.218925463331500396e+03 1.204317592891858268e+01 1.722075931209846424e-03
2.218932407661083744e+03 1.204108991741593648e+01 1.720017803758989387e-03
2.218939351990202340e+03 1.203740988410268642e+01 1.715298879968373642e-03
2.218946296319787507e+03 1.204336343129286568e+01 1.724013863112868004e-03
2.218953240648905194e+03 1.204097480387478925e+01 1.719977125905613330e-03
2.218960184977557219e+03 1.204246991707365311e+01 1.722874702279173506e-03
2.218967129306675361e+03 1.203801904110783205e+01 1.716546728111303889e-03
2.218974073635327841e+03 1.203809508975935394e+01 1.718107605712622821e-03
2.218981017963980321e+03 1.204012134336850259e+01 1.721854030472699543e-03
2.218987962292634165e+03 1.203656985550763636e+01 1.714482813711717176e-03
2.218994906620820075e+03 1.203908856015424078e+01 1.718583252648097411e-03
2.219001850949472555e+03 1.203456350568263744e+01 1.711292461421379512e-03
2.219008795277659374e+03 1.203320175223093536e+01 1.710737289219910976e-03
2.219015739605380077e+03 1.203226422736566548e+01 1.708651491759841231e-03
2.219022683933567350e+03 1.203173836647528283e+01 1.708257059341323006e-03
2.219029628261289417e+03 1.203340563062335100e+01 1.711778848310184422e-03
2.219036572589011030e+03 1.202707392344380466e+01 1.701603238294412731e-03
2.219043516916731278e+03 1.203721741644974585e+01 1.716788614633283847e-03
2.219050461243986319e+03 1.203684604769930822e+01 1.716960172734400799e-03
2.219057405571243635e+03 1.203120154060959024e+01 1.709159077835209224e-03
2.219064349898499131e+03 1.202949857449755022e+01 1.706115901125422347e-03
2.219071294225754173e+03 1.202846818366987947e+01 1.706318702681982116e-03
2.219078238553010124e+03 1.202840243814863186e+01 1.705162281001306075e-03
2.219085182879799049e+03 1.203316999235211426e+01 1.714875815350320716e-03
2.219092127206588430e+03 1.202673053217487187e+01 1.703934776597085298e-03
2.219099071532913968e+03 1.203032960638134519e+01 1.709837021398806414e-03
2.219106015859703803e+03 1.202562013149367459e+01 1.701773089066069581e-03
2.219112960186027976e+03 1.202725404061810721e+01 1.705726372239957682e-03
2.219119904512352605e+03 1.202004937208908686e+01 1.694170500527175530e-03
2.219126848838675869e+03 1.202578294122023905e+01 1.702444179561351471e-03
2.219133793164533927e+03 1.202923358673701237e+01 1.709525781811487011e-03
2.219140737490859465e+03 1.202261388524561880e+01 1.697754692239639412e-03
2.219147681816718432e+03 1.202442897275358646e+01 1.701030246157917043e-03
2.219154626142110828e+03 1.202041979169772290e+01 1.695371807293338286e-03
2.219161570467968886e+03 1.202353937966348596e+01 1.698984276541876375e-03
2.219168514793362647e+03 1.202418333811700712e+01 1.700282403690166156e-03
2.219175459118755498e+03 1.202465337403502232e+01 1.700846476364191581e-03
2.219182403444148349e+03 1.202502188055537147e+01 1.701362592711990048e-03
2.219189347769075994e+03 1.203143477079704482e+01 1.711897719155813010e-03
2.219196292094468390e+03 1.202326334137764796e+01 1.699600466004262418e-03
2.219203236419395580e+03 1.202413943356032178e+01 1.700035581920143930e-03
2.219210180743857563e+03 1.202703175251576972e+01 1.704026521416892931e-03
2.219217125068784298e+03 1.202828597177553149e+01 1.707450910029775391e-03
2.219224069393246282e+03 1.203077523127935677e+01 1.707416006871723471e-03
2.219231013717708265e+03 1.202726811222567171e+01 1.703818402258701998e-03
2.219237958042168884e+03 1.202890179155892802e+01 1.705459191186664255e-03
2.219244902366164752e+03 1.202885984750830950e+01 1.704372656953492262e-03
2.219251846690626735e+03 1.202756130268586432e+01 1.703095626960921720e-03
2.219258791014623512e+03 1.203114482901312776e+01 1.707379203400020539e-03
2.219265735338153718e+03 1.203870773030318730e+01 1.718223445308995467e-03
2.219272679662149585e+03 1.203723494479746314e+01 1.714949338426871280e-03
2.219279623985679791e+03 1.204089733090945202e+01 1.720861835956140427e-03
2.219286568309209997e+03 1.204526618683192396e+01 1.725934230462764689e-03
2.219293512632740658e+03 1.204259285083684716e+01 1.721754393325984666e-03
2.219300456955805657e+03 1.204569406123659547e+01 1.725884018801582048e-03
2.219307401279335409e+03 1.204829021290249003e+01 1.729595939201547918e-03
2.219314345602399953e+03 1.204293335206353177e+01 1.722599871663715605e-03
2.219321289925464498e+03 1.204410093726279740e+01 1.721462162910347964e-03
2.219328234248062927e+03 1.204657814661602444e+01 1.724719622882791127e-03
2.219335178570661810e+03 1.204830460183011098e+01 1.726255218349670483e-03
2.219342122893727719e+03 1.205494541660717189e+01 1.736471318876317343e-03
2.219349067215860487e+03 1.205618995691099293e+01 1.738157499970646421e-03
2.219356011538458915e+03 1.205922715540824441e+01 1.743889430910957293e-03
2.219362955860592592e+03 1.205582592421341204e+01 1.736066290441114386e-03
2.219369900182725814e+03 1.205380403641951759e+01 1.732788156880181452e-03
2.219376844504859491e+03 1.205719577462052960e+01 1.737285964044306278e-03
2.219383788826993168e+03 1.205469713524447073e+01 1.733822712440760347e-03
2.219390733148660729e+03 1.205350172854768154e+01 1.732756695793013493e-03
2.219397677470327835e+03 1.205561833048816744e+01 1.735043522856319787e-03
2.219404621791994941e+03 1.205965355014916618e+01 1.740001316125076121e-03
2.219411566113197296e+03 1.206021834039490059e+01 1.741491388408241510e-03
2.219418510434864857e+03 1.205693634674685200e+01 1.736868558231817027e-03
2.219425454756067666e+03 1.206113928522783318e+01 1.744669228978818669e-03
2.219432399077269565e+03 1.206055253926282944e+01 1.742447948024842706e-03
2.219439343398004894e+03 1.205816682140556750e+01 1.738061123381705406e-03
2.219446287719206339e+03 1.206607012209298446e+01 1.749947639357413327e-03
2.219453232039943941e+03 1.206791386429874713e+01 1.753077326964056111e-03
2.219460176360681089e+03 1.206001181442471548e+01 1.741329660197079741e-03
2.219467120680950757e+03 1.206013708970317388e+01 1.742529099645860613e-03
2.219474065001686995e+03 1.205898931348738934e+01 1.740442769012991338e-03
2.219481009321958481e+03 1.205617919693262508e+01 1.737176843045219786e-03
2.219487953642227694e+03 1.205753884076891325e+01 1.738358417205504913e-03
2.219494897962033519e+03 1.205583767111544979e+01 1.734816551340613057e-03
2.219501842282305461e+03 1.205359833442449080e+01 1.733267659661107346e-03
2.219508786602109467e+03 1.205381949978566425e+01 1.732102520452163692e-03
2.219515730921913928e+03 1.205649683168426378e+01 1.738508881826065231e-03
2.219522675241719298e+03 1.205456463921519017e+01 1.734339807158081581e-03
2.219529619561058098e+03 1.205395895127771944e+01 1.734423032350867122e-03
2.219536563880397352e+03 1.205850412619607326e+01 1.743268219623429326e-03
2.219543508199737971e+03 1.205374065681492546e+01 1.734009999880457408e-03
2.219550452519077226e+03 1.205939783046706104e+01 1.743445303555507704e-03
2.219557396837949909e+03 1.205505475147862171e+01 1.735935208465737376e-03
2.219564341156823957e+03 1.205392078883783746e+01 1.734070414837944477e-03
2.219571285475698005e+03 1.205269657619413337e+01 1.732692553611815331e-03
2.219578229794571598e+03 1.205223261491752851e+01 1.732400803170373350e-03
2.219585174113445646e+03 1.205676475623379851e+01 1.739875995646423482e-03
2.219592118431853578e+03 1.205645152008232124e+01 1.738621422291574195e-03
2.219599062750261055e+03 1.205259579601239039e+01 1.733024592438346103e-03
2.219606007068668987e+03 1.205205590004571370e+01 1.732867997229616073e-03
2.219612951386612167e+03 1.205331746101192536e+01 1.733991470446614655e-03
2.219619895704554438e+03 1.204688315155172873e+01 1.725126290661751832e-03
2.219626840022496253e+03 1.205104219123511200e+01 1.731420823382853660e-03
2.219633784340438979e+03 1.204443656651236871e+01 1.721000525680351553e-03
2.219640728658380795e+03 1.204456027540153329e+01 1.722689528246193220e-03
2.219647672975856949e+03 1.204364737625208193e+01 1.721629062009733631e-03
2.219654617293334468e+03 1.204693279076112589e+01 1.727178459026860796e-03
2.219661561610811532e+03 1.203964115039347149e+01 1.715963819693650015e-03
2.219668505927822480e+03 1.204248385065040772e+01 1.721658076686868920e-03
2.219675450244832973e+03 1.204181904596083186e+01 1.720969507687892738e-03
2.219682394562309582e+03 1.204516391433920752e+01 1.726686979801346890e-03
2.219689338878854414e+03 1.203819158413622503e+01 1.715510516017614874e-03
2.219696283195867181e+03 1.203479409205469253e+01 1.710453694557445862e-03
2.219703227512412468e+03 1.204178619903346181e+01 1.722171190003744497e-03
2.219710171828956845e+03 1.203750108210413039e+01 1.716273159932186132e-03
2.219717116145502587e+03 1.203550840007566514e+01 1.713728088885045023e-03
2.219724060462047419e+03 1.203342168886499586e+01 1.713458743555317746e-03
2.219731004778127954e+03 1.203577119506127779e+01 1.714780685187630325e-03
2.219737949094207579e+03 1.203717247515925237e+01 1.716940243861384127e-03
2.219744893410287659e+03 1.203442341400409177e+01 1.713037986258172073e-03
2.219751837726366830e+03 1.203712143723779704e+01 1.717332388811500373e-03
2.219758782041980339e+03 1.203003272858564365e+01 1.708773881615771725e-03
2.219765726357594758e+03 1.202830198978935172e+01 1.705854145832835095e-03
2.219772670673208268e+03 1.203199835215019675e+01 1.710803346422753004e-03
2.219779614988823141e+03 1.202777491402941124e+01 1.705092344111234148e-03
2.219786559303971899e+03 1.203089915548096656e+01 1.709373900413803772e-03
2.219793503619119292e+03 1.203053050922566314e+01 1.710009800030201340e-03
2.219800447934267595e+03 1.202602073630639978e+01 1.702544726586074789e-03
2.219807392249415898e+03 1.202124482053341659e+01 1.695744154602406078e-03
2.219814336564099449e+03 1.202199242951850700e+01 1.698065880142850866e-03
2.219821280879247752e+03 1.202361369834977012e+01 1.700295463137618205e-03
2.219828225193930393e+03 1.202253665862044762e+01 1.698449413997643988e-03
2.219835169508147374e+03 1.202761816364900405e+01 1.705788005777497587e-03
2.219842113822830015e+03 1.202532474449316169e+01 1.702654635601742739e-03
2.219849058137047450e+03 1.202841475310873243e+01 1.706008581620094494e-03
2.219856002451264885e+03 1.202502728690421563e+01 1.700934363435133633e-03
2.219862946765481865e+03 1.201961573036887643e+01 1.694081447280566160e-03
2.219869891079232730e+03 1.202635420739897221e+01 1.702674740450239692e-03
2.219876835393450165e+03 1.202766728294032639e+01 1.705515729252441749e-03
2.219883779707201029e+03 1.202696993892574184e+01 1.706260904040830936e-03
2.219890724020486687e+03 1.202843654672166807e+01 1.706491608306694163e-03
2.219897668334238915e+03 1.202356845502072957e+01 1.698306753219848810e-03
2.219904612647524573e+03 1.202894734358746653e+01 1.705763843770390044e-03
2.219911556960809321e+03 1.202493500832371609e+01 1.699809212356579629e-03
2.219918501274095433e+03 1.203100862382818370e+01 1.709802955905195994e-03
2.219925445587381546e+03 1.202666725371987155e+01 1.700960572792508145e-03
2.219932389900201997e+03 1.202918270693334435e+01 1.706754940289576666e-03
2.219939334213021993e+03 1.203330719235129997e+01 1.710950207415420053e-03
2.219946278525841990e+03 1.203111343346877860e+01 1.707448748945680729e-03
2.219953222838661986e+03 1.203624974382418955e+01 1.714813046840467847e-03
2.219960167151015412e+03 1.203110577836706696e+01 1.706317400993702165e-03
2.219967111463371566e+03 1.203194871974001501e+01 1.708634060152107795e-03
2.219974055775725901e+03 1.203050876829127169e+01 1.706398297844862952e-03
2.219981000088079327e+03 1.203722844796547342e+01 1.717264039974728419e-03
2.219987944399968910e+03 1.203912894911638354e+01 1.719887488880438324e-03
2.219994888711857129e+03 1.203622002870669760e+01 1.713284742550787165e-03
2.220001833023744894e+03 1.203561940512084405e+01 1.712061881581434771e-03
2.220008777335634932e+03 1.204488728344638382e+01 1.731229877100604964e-03
2.220015721647057944e+03 1.204045551237479472e+01 1.719642690374738672e-03
2.220022665958480957e+03 1.203979640850867128e+01 1.718257919105772337e-03
2.220029610269903969e+03 1.203660547946508430e+01 1.713548130331207483e-03
2.220036554581326982e+03 1.204337251220912464e+01 1.724009603324294041e-03
2.220043498892749994e+03 1.204294140714098305e+01 1.722735326466740338e-03
2.220050443203707346e+03 1.204412266728521708e+01 1.726068407792041978e-03
2.220057387514666061e+03 1.204344238480768325e+01 1.722121267876726078e-03
2.220064331825622958e+03 1.204162597479232311e+01 1.720655545274670005e-03
2.220071276136114193e+03 1.204301757996667810e+01 1.723780383654282232e-03
2.220078220446605883e+03 1.203800685931952330e+01 1.714171879937297300e-03
2.220085164757098482e+03 1.204436333972328654e+01 1.724167059268906163e-03
2.220092109067590172e+03 1.204333149770047129e+01 1.723373678148919013e-03
2.220099053378081862e+03 1.204147651562540133e+01 1.720054412544109708e-03
2.220105997688107891e+03 1.203742963722799075e+01 1.713857123812144402e-03
2.220112941998133465e+03 1.203871094632222594e+01 1.716111387852543683e-03
2.220119886308159494e+03 1.203932198046021007e+01 1.716719616719144300e-03
2.220126830618185977e+03 1.203496602036917729e+01 1.710600769654957009e-03
2.220133774927746344e+03 1.204085651661811163e+01 1.720905390618205104e-03
2.220140719237307621e+03 1.204181029956714966e+01 1.722079911418115516e-03
2.220147663546867989e+03 1.203871717360444649e+01 1.717037496989082517e-03
2.220154607856427901e+03 1.203768182182749591e+01 1.716435458108570705e-03
2.220161552165522153e+03 1.203835307442007263e+01 1.716090647135446118e-03
2.220168496474617314e+03 1.203685273130326649e+01 1.714817942187054495e-03
2.220175440783712929e+03 1.203255927377578161e+01 1.708240128356501185e-03
2.220182385092807181e+03 1.203347726981320065e+01 1.711264017325855912e-03
2.220189329401436225e+03 1.203998222064321233e+01 1.720452275049893370e-03
2.220196273710064816e+03 1.203508314803027091e+01 1.713396010219375102e-03
2.220203218018693406e+03 1.203509448223961975e+01 1.713092978310665595e-03
2.220210162327323360e+03 1.203054012934702932e+01 1.705888073607042792e-03
2.220217106635953314e+03 1.203249971850922861e+01 1.710108547201736077e-03
2.220224050944115788e+03 1.203415336692959947e+01 1.712360124624566536e-03
2.220230995252279627e+03 1.203235888190546099e+01 1.710173942171311617e-03
2.220237939560443010e+03 1.202878781193514079e+01 1.705379646212896918e-03
2.220244883868140278e+03 1.202631509231065010e+01 1.702630812752495412e-03
2.220251828175839364e+03 1.203162979308646818e+01 1.708804223433423421e-03
2.220258772483537541e+03 1.203088225723752025e+01 1.707145446715224030e-03
2.220265716791234809e+03 1.202801393422731735e+01 1.705056040056822375e-03
2.220272661098932076e+03 1.202717102658138337e+01 1.705894071982567376e-03
2.220279605406164592e+03 1.202716784273164663e+01 1.703934410679846080e-03
2.220286549713396653e+03 1.202817007409395522e+01 1.706476747504566231e-03
2.220293494020629169e+03 1.202642866106084441e+01 1.703673081845296765e-03
2.220300438327861229e+03 1.202117585548846890e+01 1.698600276242906567e-03
2.220307382634627174e+03 1.202517499802863554e+01 1.702831060791435173e-03
2.220314326941393574e+03 1.202536560517383002e+01 1.702589636666924054e-03
2.220321271248159974e+03 1.201913981619768101e+01 1.692801756431961844e-03
2.220328215554926373e+03 1.202139423761211035e+01 1.697212741381899691e-03
2.220335159861228021e+03 1.202046906223643319e+01 1.696128989042053857e-03
2.220342104167528305e+03 1.202151657632187920e+01 1.700775347065942248e-03
2.220349048473829043e+03 1.202343188300918086e+01 1.700643412014667122e-03
2.220355992780129327e+03 1.202123855375419836e+01 1.697858488030449392e-03
2.220362937086430975e+03 1.201813175177776039e+01 1.693286172839295186e-03
2.220369881392266507e+03 1.201496587684519923e+01 1.688532854596531962e-03
2.220376825698101584e+03 1.202063831731288168e+01 1.697442269635946778e-03
2.220383770003936661e+03 1.201870494360419883e+01 1.694924564231056622e-03
2.220390714309306532e+03 1.202015785679566839e+01 1.697766830053171021e-03
2.220397658614675038e+03 1.201620355327649747e+01 1.691433905221383528e-03
2.220404602920044454e+03 1.201629674875220921e+01 1.691412017068666569e-03
2.220411547225415234e+03 1.201234929154927578e+01 1.685145366746087147e-03
2.220418491530784195e+03 1.201466957491402887e+01 1.690139590672441955e-03
2.220425435835687949e+03 1.201658515278016814e+01 1.692700528104334025e-03
2.220432380140591704e+03 1.201531604472523718e+01 1.690998295738466032e-03
2.220439324445495004e+03 1.201662400690713284e+01 1.693093022132389136e-03
2.220446268750399668e+03 1.201912598944789501e+01 1.695625895124963168e-03
2.220453213054838670e+03 1.201524300296398806e+01 1.690645431540126718e-03
2.220460157359276309e+03 1.201650464396695384e+01 1.691685570623640200e-03
2.220467101663713493e+03 1.202063788963709534e+01 1.697185066262246484e-03
2.220474045968152041e+03 1.201779034524135525e+01 1.695196366958856039e-03
2.220480990272124018e+03 1.201584127259015133e+01 1.690138058631179439e-03
2.220487934576096450e+03 1.202025000036841185e+01 1.696367697345262321e-03
2.220494878880069791e+03 1.201978146632595035e+01 1.696616405910125139e-03
2.220501823184042223e+03 1.201962992657540674e+01 1.694638155049889641e-03
2.220508767487548994e+03 1.202222963067625017e+01 1.699571445016663691e-03
2.220515711791520971e+03 1.202690941074600239e+01 1.706043054661137565e-03
2.220522656095029106e+03 1.201911125862164731e+01 1.693227085837678385e-03
2.220529600398070215e+03 1.202717873158403350e+01 1.704577339505794226e-03
2.220536544701576986e+03 1.202413010303984109e+01 1.700241064848303715e-03
2.220543489004618550e+03 1.202511909060834761e+01 1.701868946900914710e-03
2.220550433307658750e+03 1.202856432384567498e+01 1.704752209347947965e-03
2.220557377610699405e+03 1.202930965449918510e+01 1.710199650965410836e-03
2.220564321913741423e+03 1.203047628525994384e+01 1.710669455727015752e-03
2.220571266216316872e+03 1.203426548103740146e+01 1.716838231974101648e-03
2.220578210518892774e+03 1.203343004663412152e+01 1.710804727248001417e-03
2.220585154821467768e+03 1.203165223119956906e+01 1.707896582702926255e-03
2.220592099124042761e+03 1.203332441693934030e+01 1.710204787868062999e-03
2.220599043426152548e+03 1.203865147959173498e+01 1.716999658411767467e-03
2.220605987728263244e+03 1.203387401070637353e+01 1.709946988197187656e-03
2.220612932030373941e+03 1.203260192569527298e+01 1.707686209414952319e-03
2.220619876332482818e+03 1.204405709354968224e+01 1.724558719617845948e-03
2.220626820634126943e+03 1.204119014308562718e+01 1.719494952165585974e-03
2.220633764935771524e+03 1.204130749052837679e+01 1.718634387825514242e-03
2.220640709237416104e+03 1.204844302471445694e+01 1.728404241076494713e-03
2.220647653539060229e+03 1.204989879810356967e+01 1.731819788077732956e-03
2.220654597840239148e+03 1.205133385206807262e+01 1.731402464906565009e-03
2.220661542141882819e+03 1.204802151545905176e+01 1.727560435795452839e-03
2.220668486443060374e+03 1.204706896910803771e+01 1.724572503511561609e-03
2.220675430744239748e+03 1.205459296776914968e+01 1.736555970807365573e-03
2.220682375044953005e+03 1.205347996446377934e+01 1.734944978038000614e-03
2.220689319345665353e+03 1.204961407388408112e+01 1.727074213293992378e-03
2.220696263646379066e+03 1.205518678098119878e+01 1.737590595256586004e-03
2.220703207947090959e+03 1.205762256220102202e+01 1.739456463181768666e-03
2.220710152247803308e+03 1.205516089629592358e+01 1.735697337786171451e-03
2.220717096548050904e+03 1.205416392911089396e+01 1.733329428695298477e-03
2.220724040848298955e+03 1.205672965650741091e+01 1.737055964031377665e-03
2.220730985148547006e+03 1.206142616952021385e+01 1.745472685365010703e-03
2.220737929448793693e+03 1.205760031835369972e+01 1.737631855647926108e-03
2.220744873748575628e+03 1.205930291879460015e+01 1.743459479635237931e-03
2.220751818048355744e+03 1.205813118321044186e+01 1.741246339459476700e-03
2.220758762348138134e+03 1.205453543513293013e+01 1.734037048008475138e-03
2.220765706647920524e+03 1.206083977447710254e+01 1.744708111410959647e-03
2.220772650947702004e+03 1.205814763563193814e+01 1.739932508845642945e-03
2.220779595247016914e+03 1.205173043008423406e+01 1.729365457246456479e-03
2.220786539546333188e+03 1.205349071076199152e+01 1.732065072974466177e-03
2.220793483845648552e+03 1.205768073204598778e+01 1.739380396829653345e-03
2.220800428144498255e+03 1.205024601576049825e+01 1.727251108097299084e-03
2.220807372443349777e+03 1.204806655270452609e+01 1.724931138049310341e-03
2.220814316742199935e+03 1.204938976312872967e+01 1.728659707852615076e-03
2.220821261041049638e+03 1.205897527186414209e+01 1.741618348865510381e-03
2.220828205339899796e+03 1.205234831944400042e+01 1.733168370336192476e-03
2.220835149638283838e+03 1.205150499389357854e+01 1.732215071863111655e-03
2.220842093936668334e+03 1.205162878201273813e+01 1.732083396764695898e-03
2.220849038235054650e+03 1.204987686703385918e+01 1.730244349641935553e-03
2.220855982533439146e+03 1.205081485064083857e+01 1.732183739548269399e-03
2.220862926831357527e+03 1.204603687281317015e+01 1.724159965780771610e-03
2.220869871129275907e+03 1.204935326389670180e+01 1.730542962806888964e-03
2.220876815427195197e+03 1.204424157478044677e+01 1.723409050450343087e-03
2.220883759725114487e+03 1.203907180714069547e+01 1.715419901945437102e-03
2.220890704022567661e+03 1.203952529131419880e+01 1.717806442830737898e-03
2.220897648320020835e+03 1.204055804801432572e+01 1.717976861133273378e-03
2.220904592617474009e+03 1.203874758000772793e+01 1.716522186952580209e-03
2.220911536914926728e+03 1.203963156645959920e+01 1.719201487104570067e-03
2.220918481212380357e+03 1.203979858820775739e+01 1.718509591346700132e-03
2.220925425509368324e+03 1.204187125600761910e+01 1.722973829522566128e-03
2.220932369806355382e+03 1.203227430359468109e+01 1.707848228314222437e-03
2.220939314103343349e+03 1.203515320667401234e+01 1.712283926005123049e-03
2.220946258399864746e+03 1.203206313746196443e+01 1.708125180346283705e-03
2.220953202696851804e+03 1.203477399303828577e+01 1.713092024224251771e-03
2.220960146993375020e+03 1.202767069086630336e+01 1.702697515169688787e-03
2.220967091289897326e+03 1.202859972929921462e+01 1.705396734312478527e-03
2.220974035585953516e+03 1.202926662424503945e+01 1.706523445240667406e-03
2.220980979882474912e+03 1.202581340794742104e+01 1.701243108217501436e-03
2.220987924178531557e+03 1.202524127378530316e+01 1.700920792877430240e-03
2.220994868474586838e+03 1.202364593183379959e+01 1.699684353276068255e-03
2.221001812770177366e+03 1.202429809705543562e+01 1.700868203441353735e-03
2.221008757066234921e+03 1.202216400733296275e+01 1.698330674715253352e-03
2.221015701361824995e+03 1.202207107384540841e+01 1.698931503974826377e-03
2.221022645657415524e+03 1.201943597146927445e+01 1.694213203933410709e-03
2.221029589953006507e+03 1.202377251027404981e+01 1.702809050768372369e-03
2.221036534248130920e+03 1.202385378040042063e+01 1.701505400337692325e-03
2.221043478543256242e+03 1.202053995037654310e+01 1.698306690508322517e-03
2.221050422838381564e+03 1.202041768310465741e+01 1.696641016169151989e-03
2.221057367133505977e+03 1.201442412736903265e+01 1.689841030971382229e-03
2.221064311428630390e+03 1.201683308844414100e+01 1.691908249245756193e-03
2.221071255723290506e+03 1.201518735101133473e+01 1.691565155032926076e-03
2.221078200017949712e+03 1.201806731621577740e+01 1.694861599445748228e-03
2.221085144312608918e+03 1.201732229797201867e+01 1.693123540662603817e-03
2.221092088607268579e+03 1.201646769137207293e+01 1.693703060722784618e-03
2.221099032901462579e+03 1.201901891158244062e+01 1.695791867939060562e-03
2.221105977195655214e+03 1.201233922309528168e+01 1.686193829687475084e-03
2.221112921489848304e+03 1.201672997618201677e+01 1.693179835252831044e-03
2.221119865784043668e+03 1.201324189098577300e+01 1.688001438314258975e-03
2.221126810077771552e+03 1.200992278582503836e+01 1.682958124200378087e-03
2.221133754371498981e+03 1.201698491916662626e+01 1.692840641607226259e-03
2.221140698665226410e+03 1.201409860905429561e+01 1.689237637601768158e-03
2.221147642958953838e+03 1.201307996437537895e+01 1.686484372077378703e-03
2.221154587252682632e+03 1.201531340614175392e+01 1.690317066669422144e-03
2.221161531545945763e+03 1.201593498002504568e+01 1.690856772398552149e-03
2.221168475839207531e+03 1.201895078065241584e+01 1.695256483060625157e-03
2.221175420132469299e+03 1.201530147658156444e+01 1.689008060591141135e-03
2.221182364425265860e+03 1.201484304103998291e+01 1.687726085493730221e-03
2.221189308718528082e+03 1.201402879973280058e+01 1.688297225842398447e-03
2.221196253011325098e+03 1.201444564605293586e+01 1.687611342745540602e-03
2.221203197304122568e+03 1.201945713899060308e+01 1.695614205294553294e-03
2.221210141596453923e+03 1.202015307337243399e+01 1.695399122659578669e-03
2.221217085889250029e+03 1.202034307760499843e+01 1.694751523565670402e-03
2.221224030181580474e+03 1.202157989011215378e+01 1.697761162222336797e-03
2.221230974473911374e+03 1.202656002545787750e+01 1.703815686823790566e-03
2.221237918765777067e+03 1.202403478111947877e+01 1.700315864204127950e-03
2.221244863058107967e+03 1.202059473817955748e+01 1.695006791465558226e-03
2.221251807349973660e+03 1.202707318635944311e+01 1.704292980543987198e-03
2.221258751641838444e+03 1.202574422431955448e+01 1.699993250498462154e-03
2.221265695933703682e+03 1.202659136731385381e+01 1.702436733731707867e-03
2.221272640225103714e+03 1.202693465696122388e+01 1.702670307081787827e-03
2.221279584516502837e+03 1.202848184096118445e+01 1.704278234958579762e-03
2.221286528807902414e+03 1.203067596591364286e+01 1.709294786728978712e-03
2.221293473099302901e+03 1.203281169226996994e+01 1.710903455226156630e-03
2.221300417390702023e+03 1.203350673029407680e+01 1.711485804692951598e-03
2.221307361681635484e+03 1.203484128931958885e+01 1.713462024330950897e-03
2.221314305972570764e+03 1.203727987849002723e+01 1.715730732847603078e-03
2.221321250263504226e+03 1.203827838420166607e+01 1.716516261430760248e-03
2.221328194554438141e+03 1.203529674106292369e+01 1.714119616992193073e-03
2.221335138844906396e+03 1.204004223400786699e+01 1.722653494650019500e-03
2.221342083135375560e+03 1.204247184454088249e+01 1.722704029825357060e-03
2.221349027425842905e+03 1.203840398254071076e+01 1.715847524101256046e-03
2.221355971716311615e+03 1.204015019597112968e+01 1.719754763837868811e-03
2.221362916006315572e+03 1.204162019251328708e+01 1.719875988960666447e-03
2.221369860296316801e+03 1.203693839315738323e+01 1.713095811251333454e-03
2.221376804586319395e+03 1.203704963764835689e+01 1.713149522072065665e-03
2.221383748876321988e+03 1.203542168090291753e+01 1.711313760452536992e-03
2.221390693166325036e+03 1.203763664934507105e+01 1.714851289874149299e-03
2.221397637455861968e+03 1.204285254902683100e+01 1.724215217213057082e-03
2.221404581745399355e+03 1.203869729538905986e+01 1.716401825883485943e-03
2.221411526034936287e+03 1.203549322026475110e+01 1.712778081229939962e-03
2.221418470324007558e+03 1.203444890838407311e+01 1.712536982216215876e-03
2.221425414613544490e+03 1.203814641476263425e+01 1.716373311545664254e-03
2.221432358902615306e+03 1.202913368179584630e+01 1.704012344201695983e-03
2.221439303191687486e+03 1.203477184583667636e+01 1.713308254948944526e-03
2.221446247480293550e+03 1.203236842805026718e+01 1.708884880197350260e-03
2.221480968923322052e+03 1.203177211910939448e+01 1.709581557984983253e-03
2.221487913211461546e+03 1.202616937085623228e+01 1.702497565375360108e-03
2.221494857499601949e+03 1.202395063770805805e+01 1.699844141384268710e-03
2.221501801787741442e+03 1.202559471644619826e+01 1.702403419518755141e-03
2.221508746070758662e+03 1.203033584496043318e+01 1.709360335022227888e-03
2.221515690358433403e+03 1.202559833372041176e+01 1.701293111808442485e-03
2.221522634646108600e+03 1.201978082162158934e+01 1.693346653696011254e-03
2.221529578933781977e+03 1.202270393019132655e+01 1.700274952116357426e-03
2.221536523221457173e+03 1.201391685613502069e+01 1.685399958580472346e-03
2.221543467508664889e+03 1.202104823398305911e+01 1.696766854592025127e-03
2.221550411795873515e+03 1.201720717406331218e+01 1.691269291443460747e-03
2.221557356083083505e+03 1.201810177220719034e+01 1.692462411716251849e-03
2.221564300370291676e+03 1.201592083561613933e+01 1.689993372802077931e-03
2.221571244657034640e+03 1.201555898999536254e+01 1.689959975720786928e-03
2.221578188943777604e+03 1.201789525411803083e+01 1.694153154605166668e-03
2.221585133230521024e+03 1.201352528919228924e+01 1.687801109709007995e-03
2.221592077517263988e+03 1.201157871195978366e+01 1.685461045603410014e-03
2.221599021804007407e+03 1.201564214979907241e+01 1.692298213612540916e-03
2.221605966090285165e+03 1.201304482772053461e+01 1.686521427841452874e-03
2.221612910376562013e+03 1.200606242195920004e+01 1.676153199007624720e-03
2.221619854662838407e+03 1.201429203934135970e+01 1.688990055414616494e-03
2.221626798948650958e+03 1.201069721593323969e+01 1.684013891957879348e-03
2.221633743234462600e+03 1.201011465652145560e+01 1.683227833889041616e-03
2.221640687520274696e+03 1.200962839935045245e+01 1.682456090922671010e-03
2.221647631806086338e+03 1.200612663681215508e+01 1.677611412035740672e-03
2.221654576091897979e+03 1.201232272316061334e+01 1.687399807628413599e-03
2.221661520377243505e+03 1.201075165715030835e+01 1.684531882925769134e-03
2.221668464662589486e+03 1.201571334679056058e+01 1.691718697683115098e-03
2.221675408947935921e+03 1.201304784647376778e+01 1.687213293211103741e-03
2.221682353233281901e+03 1.201516312324543101e+01 1.690544837772645515e-03
2.221689297518162675e+03 1.201081255249437341e+01 1.684168512488057844e-03
2.221696241803508201e+03 1.201555125209272745e+01 1.690513752295677184e-03
2.221703186088388520e+03 1.201733990793112383e+01 1.694360414469476975e-03
2.221710130372804088e+03 1.201404111002229769e+01 1.688619825128932122e-03
2.221717074657684861e+03 1.201384417356948653e+01 1.688553782351261655e-03
2.221724018942099065e+03 1.201327747117370315e+01 1.688237082776059862e-03
2.221730963226513268e+03 1.200856724495603522e+01 1.679060649882405066e-03
2.221737907510928380e+03 1.201339818879671029e+01 1.686930630406036080e-03
2.221744851794876922e+03 1.201776611757119717e+01 1.692762601012821758e-03
2.221751796079292490e+03 1.201750827490295315e+01 1.693807063872923742e-03
2.221758740363241941e+03 1.201478187507612105e+01 1.688429167712517890e-03
2.221765684647190938e+03 1.201655972746494250e+01 1.689695617077880286e-03
2.221772628930673363e+03 1.202121602991027771e+01 1.696321532042747299e-03
2.221779573214622360e+03 1.201982184852402824e+01 1.693841932295403387e-03
2.221786517498106150e+03 1.201798801182391507e+01 1.690417537673585607e-03
2.221793461781589485e+03 1.202145019756394717e+01 1.694810087311344072e-03
2.221800406065073730e+03 1.202642095473421691e+01 1.702855931207544748e-03
2.221807350348090949e+03 1.202521004532028570e+01 1.700193814189088779e-03
2.221814294631108623e+03 1.202413590885019445e+01 1.699671274379402916e-03
2.221821238914125843e+03 1.202906108400213903e+01 1.705481821597257903e-03
2.221828183197143971e+03 1.202838192390790795e+01 1.705611862813999824e-03
2.221835127479696439e+03 1.203050611381307888e+01 1.705789750149473011e-03
2.221842071762714568e+03 1.203262788929168359e+01 1.708489758621101369e-03
2.221849016045267035e+03 1.203464887858572752e+01 1.711416731230854622e-03
2.221855960327818138e+03 1.203475942622058703e+01 1.710327838290192888e-03
2.221862904609904490e+03 1.204060391732595292e+01 1.722517127851924592e-03
2.221869848892456957e+03 1.203932257383834425e+01 1.716863128896377409e-03
2.221876793174544218e+03 1.204379670091875099e+01 1.723176308061439730e-03
2.221883737456630115e+03 1.204352692800861213e+01 1.721767158084516964e-03
2.221890681738250350e+03 1.204438530274568286e+01 1.722385981286074204e-03
2.221897626020337157e+03 1.204634725067688095e+01 1.725036934982092504e-03
2.221904570301956937e+03 1.204329376137897611e+01 1.719833932353035310e-03
2.221911514583578537e+03 1.204942165879748117e+01 1.728336814608542752e-03
2.221918458864734021e+03 1.205248117465013635e+01 1.731765874703110200e-03
2.221925403146354256e+03 1.205602853152553067e+01 1.737626734580691341e-03
2.221932347427509740e+03 1.204906411874989480e+01 1.725338309249471605e-03
2.221939291708664314e+03 1.205586488310387772e+01 1.735396281319198783e-03
2.221946235989818433e+03 1.205775754007324707e+01 1.737864164591237113e-03
2.221953180270509620e+03 1.206135655098940695e+01 1.742648311506774005e-03
2.221960124551664194e+03 1.205329451623029513e+01 1.730387383606486317e-03
2.221967068832353561e+03 1.205589775885035309e+01 1.734075213926126015e-03
2.221974013113042929e+03 1.206055366048913413e+01 1.741062299066449591e-03
2.221980957393267545e+03 1.205986021184924795e+01 1.739932676614208262e-03
2.221987901673956912e+03 1.206037555589504962e+01 1.741831620866540796e-03
2.221994845954181073e+03 1.206358990898819528e+01 1.744235232826698255e-03
2.222001790234404325e+03 1.206548086791696051e+01 1.750636443061273292e-03
2.222008734514162370e+03 1.206505217361068105e+01 1.747343658591173294e-03
2.222015678794385622e+03 1.206562727243819744e+01 1.747902501934915469e-03
2.222022623074144121e+03 1.206856457195240928e+01 1.752186712649323429e-03
2.222029567353902621e+03 1.206570821599469667e+01 1.749418542069915627e-03
2.222036511633660666e+03 1.206494594344877491e+01 1.745102794798694635e-03
2.222043455912953505e+03 1.207032371651978409e+01 1.754589072881088726e-03
2.222050400192244979e+03 1.206687423107383239e+01 1.749268935294161784e-03
2.222057344471536908e+03 1.206480269643585324e+01 1.746580888531848105e-03
2.222064288750830201e+03 1.206016064072130334e+01 1.740059444289112625e-03
2.222071233030122585e+03 1.206701878560862795e+01 1.751532271150511204e-03
2.222078177308949307e+03 1.206342000041662388e+01 1.747279812356817468e-03
2.222085121587776939e+03 1.205656995482463500e+01 1.733822266462594708e-03
2.222092065866602752e+03 1.206059329057034546e+01 1.741464272935954512e-03
2.222099010145429475e+03 1.205824314449091617e+01 1.737816746755090156e-03
2.222105954423791445e+03 1.205460942292905102e+01 1.732020675447187678e-03
2.222112898702152961e+03 1.205906054762460755e+01 1.738850931268446157e-03
2.222119842980514022e+03 1.205630471441006790e+01 1.734690761902129164e-03
2.222126787258874629e+03 1.205640865831487751e+01 1.735540679657513038e-03
2.222133731536770483e+03 1.205206119807249898e+01 1.729484932009534752e-03
2.222140675815131090e+03 1.204962241003188339e+01 1.725566054813628672e-03
2.222147620093026944e+03 1.205188654140842885e+01 1.730016890794063098e-03
2.222154564370457592e+03 1.205604067551990966e+01 1.736278504364825248e-03
2.222161508648352083e+03 1.205614653000221992e+01 1.737689706675181857e-03
2.222168452925781367e+03 1.205103539275019209e+01 1.729351408854173672e-03
2.222175397203212015e+03 1.204805529796973751e+01 1.725727289314768790e-03
2.222182341480641298e+03 1.204713544497145072e+01 1.723218560693033771e-03
2.222189285758071492e+03 1.204602922069944526e+01 1.722966026820162882e-03
2.222196230035036479e+03 1.204835790905809922e+01 1.725650218729888382e-03
2.222203174312000101e+03 1.205097903829543782e+01 1.731007708339830703e-03
2.222210118588963269e+03 1.204998446586327709e+01 1.731912382674916009e-03
2.222217062865927346e+03 1.204980678221859236e+01 1.731539770730986015e-03
2.222224007142426672e+03 1.204549407940810113e+01 1.725888930812284746e-03
2.222230951418925542e+03 1.204358035849921826e+01 1.720996846135010609e-03
2.222237895695423958e+03 1.204085224674464172e+01 1.717744134524338932e-03
2.222244839971921920e+03 1.204331968417781695e+01 1.723494973425526060e-03
2.222251784247954674e+03 1.203751813771211587e+01 1.713570243224851915e-03
2.222258728523986974e+03 1.203852153982047213e+01 1.715922352478294966e-03
2.222265672800486755e+03 1.203645553274749247e+01 1.714100730465205986e-03
2.222272617076054303e+03 1.203195833764671718e+01 1.706568693166686046e-03
2.222279561352086603e+03 1.203213704229527892e+01 1.707407754162129426e-03
2.222286505627654151e+03 1.203288732357976087e+01 1.710852141983671684e-03
2.222293449903220790e+03 1.203394711519849558e+01 1.711451470415322916e-03
2.222300394178786973e+03 1.202581567314408062e+01 1.699302840653403633e-03
2.222307338454354976e+03 1.203135713428181042e+01 1.708539346163761522e-03
2.222314282729456863e+03 1.202836262362016662e+01 1.702511382507910197e-03
2.222321227004557841e+03 1.202743496674727730e+01 1.701657806573351160e-03
2.222328171279659728e+03 1.203389491772231779e+01 1.712600838449494182e-03
2.222335115554760705e+03 1.202866417784812114e+01 1.704689980507287893e-03
2.222342059829396476e+03 1.202741849404980101e+01 1.702833850877594245e-03
2.222349004104032247e+03 1.202789044727403045e+01 1.702429502147011133e-03
2.222355948378668927e+03 1.202771946445286488e+01 1.702569072634599855e-03
2.222362892653304698e+03 1.203098268659200265e+01 1.708093296787568200e-03
2.222369836927474353e+03 1.202795239413739203e+01 1.706136492153140748e-03
2.222376781202110124e+03 1.202991099880344805e+01 1.706557751885128633e-03
2.222383725476280688e+03 1.202996448892634440e+01 1.705856029533465035e-03
2.222390669750451707e+03 1.203289941039312616e+01 1.710639769707216059e-03
2.222397614024156610e+03 1.202988677113284410e+01 1.705854810442744953e-03
2.222404558297859694e+03 1.202715519767220798e+01 1.701825155575802584e-03
2.222411502572029804e+03 1.202694458951332379e+01 1.702374475560145504e-03
2.222418446845269500e+03 1.202713121303586163e+01 1.701516477132405990e-03
2.222425391118973948e+03 1.203355504199158155e+01 1.710405437230515160e-03
2.222432335392213190e+03 1.203317108710196948e+01 1.712321251284031065e-03
2.222439279665917638e+03 1.203275133315283973e+01 1.709369321659768995e-03
2.222446223938690309e+03 1.202771546225629429e+01 1.701936595093955697e-03
2.222453168211928642e+03 1.203115779922125483e+01 1.707094271110340270e-03
2.222460112485167429e+03 1.202957821677247985e+01 1.706664626736284929e-03
2.222467056757941464e+03 1.203430855219395923e+01 1.710673063058726004e-03
2.222474001030714589e+03 1.203394190156019050e+01 1.709166100806566897e-03
2.222480945303488170e+03 1.203423086510123952e+01 1.711138855281808552e-03
2.222487889575794725e+03 1.203433512017916840e+01 1.711657861713425767e-03
2.222494833848102189e+03 1.203664664177313171e+01 1.714376949237423134e-03
2.222501778120410563e+03 1.203396192302454715e+01 1.710419152286397166e-03
2.222508722392718028e+03 1.203539952319030526e+01 1.711526969016678636e-03
2.222515666665025492e+03 1.203873400841980867e+01 1.716146860584144302e-03
2.222522610936867750e+03 1.203686255914704084e+01 1.712962971025718331e-03
2.222529555208709553e+03 1.204381201735962392e+01 1.723154149989159726e-03
2.222536499480550901e+03 1.203963139493738410e+01 1.716321717382596505e-03
2.222543443752393159e+03 1.204069511824834571e+01 1.718961922415939824e-03
2.222550388023770211e+03 1.203764567453660739e+01 1.713267095518997531e-03
2.222557332295145898e+03 1.204479109930073477e+01 1.723394254625661105e-03
2.222564276566521585e+03 1.203756280040334659e+01 1.712637237033349255e-03
2.222571220837898181e+03 1.204396123236207039e+01 1.722334019976542617e-03
2.222578165108808207e+03 1.204088304878567151e+01 1.717711234290480050e-03
2.222585109380184349e+03 1.204577124101916041e+01 1.725109077777657856e-03
2.222592053651096194e+03 1.204477969233584034e+01 1.723054722778987174e-03
2.222598997921540558e+03 1.204046579706248998e+01 1.717198798975744147e-03
2.222605942192450584e+03 1.204500976186500871e+01 1.722882211215256238e-03
2.222612886462895403e+03 1.204376324809602394e+01 1.721080820286627084e-03
2.222619830733339768e+03 1.204699152375344440e+01 1.726892398295422739e-03
2.222626775003785497e+03 1.204651793053286823e+01 1.724953532112025222e-03
2.222633719274230316e+03 1.204702521494839118e+01 1.726471594349368805e-03
2.222640663544209474e+03 1.204424337336005202e+01 1.721853817921905087e-03
2.222647607814188632e+03 1.204287496523108381e+01 1.718136997298055652e-03
2.222654552084167335e+03 1.204846115816563668e+01 1.728730525747223688e-03
2.222661496354146948e+03 1.204479821342278534e+01 1.721924833158017080e-03
2.222668440623660899e+03 1.204289062904790519e+01 1.720338111298164770e-03
2.222675384893174396e+03 1.204399794322555906e+01 1.721571553336164297e-03
2.222682329162688347e+03 1.204619598193858643e+01 1.726329053546206069e-03
2.222689273432201844e+03 1.204097667625634926e+01 1.717503221068934207e-03
2.222696217701249225e+03 1.204101373223436866e+01 1.717346176341958850e-03
2.222703161970297970e+03 1.204414451567925326e+01 1.721545855238909529e-03
2.222710106239345805e+03 1.203933500184886718e+01 1.715905391486059273e-03
2.222717050508393640e+03 1.204171731661344147e+01 1.719684898600812219e-03
2.222723994777441931e+03 1.204061498566975175e+01 1.718023307702483448e-03
2.222730939046023195e+03 1.203768539031848839e+01 1.713787969328554091e-03
2.222737883314604915e+03 1.204199115877224635e+01 1.719820798374677726e-03
2.222744827583188453e+03 1.203669485193011646e+01 1.712012147249529145e-03
2.222751771851304966e+03 1.204140992427950252e+01 1.720427343701365830e-03
2.222758716119887140e+03 1.204133364745245061e+01 1.719365038745257913e-03
2.222765660388003653e+03 1.203428872983425357e+01 1.710612901579221896e-03
2.222772604656120166e+03 1.203357748547687933e+01 1.708943541978223245e-03
2.222779548924236678e+03 1.203198899132856425e+01 1.707507580734416320e-03
2.222786493191887985e+03 1.203323229155798124e+01 1.711587209113559242e-03
2.222793437459538836e+03 1.203428805526004730e+01 1.710954878664229691e-03
2.222800381727189233e+03 1.202884740514700290e+01 1.705048941165553935e-03
2.222807325994840539e+03 1.203154765944938731e+01 1.708036856357427694e-03
2.222814270262025275e+03 1.203396128461061565e+01 1.710662369860380984e-03
2.222821214529210920e+03 1.202811811008762177e+01 1.702817460003186283e-03
2.222828158796397020e+03 1.202753685896003866e+01 1.702660273654017353e-03
2.222835103063582665e+03 1.203226991581175476e+01 1.709279627680305048e-03
2.222842047330766945e+03 1.202505084395403223e+01 1.699957171898686028e-03
2.222848991597486474e+03 1.203008167152321484e+01 1.707412747719825241e-03
2.222855935864206458e+03 1.202656682748081707e+01 1.702008264301248935e-03
2.222862880130925987e+03 1.202728391060493784e+01 1.703878676211969265e-03
2.222869824397645971e+03 1.202305598121876962e+01 1.697869808055250170e-03
2.222876768663899384e+03 1.202441574557077786e+01 1.699903289960374726e-03
2.222883712930152797e+03 1.202433476596175055e+01 1.698651310622524254e-03
2.222890657196406664e+03 1.202297322840096960e+01 1.697396651823530151e-03
2.222897601462661441e+03 1.201966829716925211e+01 1.692884959624402479e-03
2.222904545728450103e+03 1.202166100275078975e+01 1.695416705710642421e-03
2.222911489994237400e+03 1.202011243576188271e+01 1.693180846977003582e-03
2.222918434260026515e+03 1.201934290840070574e+01 1.695404102272592486e-03
2.222925378525814267e+03 1.202267906163251077e+01 1.698664436916885821e-03
2.222932322791135903e+03 1.201814697469980686e+01 1.691365450675104453e-03
2.222939267056925473e+03 1.202525136077935208e+01 1.701001622955414846e-03
2.222946211322248018e+03 1.202043202360044027e+01 1.695400739146188818e-03
2.222953155587104902e+03 1.201704638725377627e+01 1.689614420575068351e-03
2.222960099852427902e+03 1.201999786795088809e+01 1.693363522445736659e-03
2.222967044117283876e+03 1.201930912412260000e+01 1.692875049811919498e-03
2.222973988382140305e+03 1.202034891353589963e+01 1.694652471958711312e-03
2.222980932646998554e+03 1.201956566312927421e+01 1.693013335418053732e-03
2.222987876911855892e+03 1.202015660897958327e+01 1.694975045802683301e-03
2.222994821176247115e+03 1.202075355436179827e+01 1.694038918767922560e-03
2.223001765440637428e+03 1.202171315990730882e+01 1.695682502445787672e-03
2.223008709705029560e+03 1.202175383292073896e+01 1.696413378120984958e-03
2.223015653969419873e+03 1.202037221014615298e+01 1.693282035632146269e-03
2.223022598233345434e+03 1.202246149781784013e+01 1.695814850623787035e-03
2.223029542497272359e+03 1.202532212721699345e+01 1.700193433976478251e-03
2.223036486761197921e+03 1.202489608579032065e+01 1.699147336755051172e-03
2.223043431025123027e+03 1.202553280013566805e+01 1.701405754138564331e-03
2.223050375288582927e+03 1.202744035903264397e+01 1.702269960182095469e-03
2.223057319552043737e+03 1.202383207577571156e+01 1.695916747014855359e-03
2.223064263815503637e+03 1.203390727418848449e+01 1.711008267583037732e-03
2.223071208078963537e+03 1.203280224937725684e+01 1.709173051441628547e-03
2.223078152342422982e+03 1.203249509101519799e+01 1.708197521021035618e-03
2.223085096605417220e+03 1.203736219747877456e+01 1.714195064779497043e-03
2.223092040868411459e+03 1.203367872148466056e+01 1.708839189556194066e-03
2.223098985131406153e+03 1.203993916182289148e+01 1.716857047337821615e-03
2.223105929393935185e+03 1.203884931910622136e+01 1.715292070228634745e-03
2.223112873656929423e+03 1.204111888701898003e+01 1.717348920172595723e-03
2.223119817919457546e+03 1.204284004540278730e+01 1.719824784026130048e-03
2.223126762181985669e+03 1.205055554992458156e+01 1.730958254160388371e-03
2.223133706444049039e+03 1.204763828949169202e+01 1.724503671779642391e-03
2.223140650706578526e+03 1.204937327041814399e+01 1.729915509415194327e-03
2.223147594968641897e+03 1.205386028017384348e+01 1.733640400077812943e-03
2.223154539230703904e+03 1.205512567238481303e+01 1.734733207371543786e-03
2.223161483492767729e+03 1.205565863794383574e+01 1.735567280776495079e-03
2.223168427754364075e+03 1.205325398616601262e+01 1.730049880872028744e-03
2.223175372015961329e+03 1.205856789441301835e+01 1.737674011633645252e-03
2.223182316277559949e+03 1.205508245117725963e+01 1.732278383580935317e-03
2.223189260539156749e+03 1.206491474731966562e+01 1.746826132890117464e-03
2.223196204800287887e+03 1.206275230949748511e+01 1.743034339832589012e-03
2.223203149061885597e+03 1.206382765683347635e+01 1.745374606095369697e-03
2.223210093323016736e+03 1.206624906639410355e+01 1.748815576115173064e-03
2.223217037584148329e+03 1.206360392663207115e+01 1.742451563640964310e-03
2.223223981844815626e+03 1.206338879586390078e+01 1.741349896146183844e-03
2.223230926105481103e+03 1.206540693788574714e+01 1.747142493227542498e-03
2.223237870366612697e+03 1.206521171205699083e+01 1.744081379405193867e-03
2.223244814626812968e+03 1.206805988575461974e+01 1.748126364896371385e-03
2.223251758887478445e+03 1.207224467898270071e+01 1.754926504988636596e-03
2.223258703147679171e+03 1.206846507439713179e+01 1.749188577956847573e-03
2.223265647408346013e+03 1.207299945959264065e+01 1.755192790593758899e-03
2.223272591668080167e+03 1.206935132299632762e+01 1.750239325237543716e-03
2.223279535928279984e+03 1.207805602614884499e+01 1.763896610040850124e-03
2.223286480188015048e+03 1.207174694308203122e+01 1.753086254038524862e-03
2.223293424448215774e+03 1.207196038157236906e+01 1.752922856107026273e-03
2.223300368707949929e+03 1.207250770387336303e+01 1.753900795901679925e-03
2.223307312967219332e+03 1.207566862048970080e+01 1.759502160343581973e-03
2.223314257226954396e+03 1.207080270912089759e+01 1.752569887403389965e-03
2.223321201486222890e+03 1.207142142639347071e+01 1.752607277561147019e-03
2.223328145745491383e+03 1.207014419763558166e+01 1.751805429472983377e-03
2.223335090004761696e+03 1.206899954952611864e+01 1.749151635065337995e-03
2.223342034263564983e+03 1.206866542050062385e+01 1.748399822462556050e-03
2.223348978522833477e+03 1.206878851189228818e+01 1.749128861881604465e-03
2.223355922781637219e+03 1.207260223899622176e+01 1.754357917431440287e-03
2.223362867040440051e+03 1.207021750930100090e+01 1.752236140377843795e-03
2.223369811298776767e+03 1.206784747469757058e+01 1.748057763619274060e-03
2.223376755557115757e+03 1.206424598427984307e+01 1.743267793198321645e-03
2.223383699815919044e+03 1.206615059479324970e+01 1.747275292999554046e-03
2.223390644073791009e+03 1.207143764499499916e+01 1.754350853999419582e-03
2.223397588332129089e+03 1.206746679146442602e+01 1.749414590907349661e-03
2.223404532590000599e+03 1.206304736586254123e+01 1.743123210027800992e-03
2.223411476848337770e+03 1.206373576422146598e+01 1.743444631197628263e-03
2.223418421106210644e+03 1.206509965401582285e+01 1.746382259379449875e-03
2.223425365363616947e+03 1.206352564532644678e+01 1.744062261564535438e-03
2.223432309621488912e+03 1.206114824345038627e+01 1.740766659734014959e-03
2.223439253878895670e+03 1.206417987746017140e+01 1.745619679219257564e-03
2.223446198136301064e+03 1.206308468488830954e+01 1.743819705243851567e-03
2.223453142393707367e+03 1.205673510906459178e+01 1.734063179146276470e-03
2.223460086650648918e+03 1.205844834840172197e+01 1.739704663624935723e-03
2.223467030907590470e+03 1.205302149175656190e+01 1.731377202438270230e-03
2.223473975164530202e+03 1.205408199622741883e+01 1.732358926744852765e-03
2.223480919421470389e+03 1.204520133741483257e+01 1.719770305973997463e-03
2.223487863678411941e+03 1.205266137120154468e+01 1.731448457336988173e-03
2.223494807934886921e+03 1.204394925661236471e+01 1.719402914359737748e-03
2.223501752191361902e+03 1.204872251920825121e+01 1.726436079443562652e-03
2.223508696447837337e+03 1.204615588717344821e+01 1.723903993313752802e-03
2.223515640703845747e+03 1.204356531024459365e+01 1.720504199649922766e-03
2.223522584960321183e+03 1.204455027082592444e+01 1.723307637928240925e-03
2.223529529216330502e+03 1.204401234019427847e+01 1.721895698446283427e-03
2.223536473472339821e+03 1.204507842921642258e+01 1.726046907786440163e-03
2.223543417727883934e+03 1.204169495509687593e+01 1.718420448706193529e-03
2.223550361983893708e+03 1.204115723747567657e+01 1.718833721383254253e-03
2.223557306239436912e+03 1.204751104097425163e+01 1.728911395992853168e-03
2.223564250494980570e+03 1.204338787417690426e+01 1.721405248426973724e-03
2.223571194750524683e+03 1.203693359892032611e+01 1.714174472893689218e-03
2.223578139005602679e+03 1.204006737351629752e+01 1.717144567559890887e-03
2.223585083260680221e+03 1.203328379409692239e+01 1.708280953906035496e-03
2.223592027515759128e+03 1.203868650545016372e+01 1.715854554641919362e-03
2.223598971770836215e+03 1.203549911304691911e+01 1.711254089867137113e-03
2.223605916025448550e+03 1.203590833764708989e+01 1.711995906672270909e-03
2.223612860280527457e+03 1.203714617470544290e+01 1.714618385157551037e-03
2.223619804535140247e+03 1.202518253883108912e+01 1.695838393345776166e-03
2.223626748789286466e+03 1.203429059944590129e+01 1.709904343426317920e-03
2.223633693043898802e+03 1.203316229394576276e+01 1.709773235627275005e-03
2.223640637298045931e+03 1.203008245473164983e+01 1.703683197672437987e-03
2.223647581552191696e+03 1.203656299150773634e+01 1.713033988719574836e-03
2.223654525806338825e+03 1.202810159214057961e+01 1.701003587427540181e-03
2.223661470060486408e+03 1.202902283502388059e+01 1.701955391841616884e-03
2.223668414314167421e+03 1.203107416400244389e+01 1.708483631499144433e-03
2.223675358567847979e+03 1.203640312269565094e+01 1.713296186244541493e-03
2.223682302821528992e+03 1.203087962058859084e+01 1.706644988170177846e-03
2.223689247075210005e+03 1.203589077492178383e+01 1.711861274857808023e-03
2.223696191328425357e+03 1.203086808728326496e+01 1.705841760127873880e-03
2.223703135581642073e+03 1.203557541019723054e+01 1.711326018833229240e-03
2.223710079834856970e+03 1.203725916675236896e+01 1.713762300639292075e-03
2.223717024088071412e+03 1.204027941697528625e+01 1.718048949679175591e-03
2.223723968340822012e+03 1.204019360031571750e+01 1.718823369430681541e-03
2.223730912593571702e+03 1.204050075762808447e+01 1.719409806276144675e-03
2.223737856846321392e+03 1.203912857439745743e+01 1.716732378647577379e-03
2.223744801099071537e+03 1.203667103175271791e+01 1.712868908652640529e-03
2.223751745351355112e+03 1.203972026851833732e+01 1.716638452438950819e-03
2.223758689604104347e+03 1.203824668155682964e+01 1.715795243475536601e-03
2.223765633856388376e+03 1.204307187421107628e+01 1.722999833875185063e-03
2.223772578108207654e+03 1.203500861406130440e+01 1.709839718902420990e-03
2.223779522360492138e+03 1.204111969871813237e+01 1.718591864936964498e-03
2.223786466612310505e+03 1.203369576253106032e+01 1.706420055414476986e-03
2.223793410864128418e+03 1.203613458465136432e+01 1.711172489573308713e-03
2.223800355115946331e+03 1.204097801353812081e+01 1.718866150811312324e-03
2.223807299367765154e+03 1.204158099066214582e+01 1.719862147398583526e-03
2.223814243619117860e+03 1.203201314906394970e+01 1.704287666600571693e-03
2.223821187870471476e+03 1.203485705416267670e+01 1.708556250018764119e-03
2.223828132121824183e+03 1.204105544913220349e+01 1.718838659734142627e-03
2.223835076372711228e+03 1.204252739102525815e+01 1.719536745657538343e-03
2.223842020624063935e+03 1.204093064160559834e+01 1.717170552409330803e-03
2.223848964874950980e+03 1.203576482762999866e+01 1.711266232905772058e-03
2.223855909125838934e+03 1.204019136531417189e+01 1.716010608740144248e-03
2.223862853376260318e+03 1.203938784794068795e+01 1.716809716392156447e-03
2.223869797627146909e+03 1.204140589184583021e+01 1.718020564540836612e-03
2.223876741877568747e+03 1.203923805788462253e+01 1.714592545002903293e-03
2.223883686127988767e+03 1.204564476378634019e+01 1.725721008443190747e-03
2.223890630377944944e+03 1.203802260857031570e+01 1.713382827482059709e-03
2.223897574628367693e+03 1.204032542469739298e+01 1.715407582968783446e-03
2.223904518878322961e+03 1.203651720927737578e+01 1.710408560967721994e-03
2.223911463128278228e+03 1.204094913528532906e+01 1.716929728402214264e-03
2.223918407378233951e+03 1.204075733427530004e+01 1.717179089366810711e-03
2.223925351627724012e+03 1.204320216893997042e+01 1.722209158670641883e-03
2.223932295877214528e+03 1.204145720965656885e+01 1.720006585603519071e-03
2.223939240126705499e+03 1.204278173244052752e+01 1.721161900586293605e-03
2.223946184376195106e+03 1.204201809269958545e+01 1.720388044041692597e-03
2.223953128625684258e+03 1.203581057393007470e+01 1.710158215478813212e-03
2.223960072874709567e+03 1.203720203427629976e+01 1.714128634771417813e-03
2.223967017123733967e+03 1.203394698653383443e+01 1.707065616870798164e-03
2.223973961372758367e+03 1.204127007530866855e+01 1.718981463089845835e-03
2.223980905621318016e+03 1.203694524770751784e+01 1.713478318591222680e-03
2.223987849869876300e+03 1.203076063153841169e+01 1.703675170707203562e-03
2.223994794118434584e+03 1.202939233887766690e+01 1.701737265446363499e-03
2.224001738366993777e+03 1.203242142230236489e+01 1.708480979199355565e-03
2.224008682615552971e+03 1.203341126713097076e+01 1.708736068419297116e-03
2.224015626863646503e+03 1.202711915113614793e+01 1.699800672542963170e-03
2.224022571111739580e+03 1.202466383010977147e+01 1.696919812561443553e-03
2.224029515359832658e+03 1.202563561920736213e+01 1.699431135846632499e-03
2.224036459607925281e+03 1.202809668009014743e+01 1.704030589936721476e-03
2.224043403855551787e+03 1.203406325646897557e+01 1.713693537054867449e-03
2.224050348103180568e+03 1.202392071985691402e+01 1.698700755876536095e-03
2.224057292350807984e+03 1.202260749965176068e+01 1.698498162839159583e-03
2.224064236598434945e+03 1.202236233598388537e+01 1.698117751017883372e-03
2.224071180845597610e+03 1.202645576714179576e+01 1.703309134988886895e-03
2.224078125092758910e+03 1.202102005929747719e+01 1.696119418301915297e-03
2.224085069339920210e+03 1.202429627511724952e+01 1.700547472968520421e-03
2.224092013587082420e+03 1.201662364547739870e+01 1.690870302896154906e-03
2.224098957833778968e+03 1.201921813665305905e+01 1.692410896641050998e-03
2.224105902080475062e+03 1.201736541577390049e+01 1.690939342889242417e-03
2.224112846327171610e+03 1.201864463552366935e+01 1.696186386107352388e-03
2.224119790573867249e+03 1.201769788075589140e+01 1.693668034030496039e-03
2.224126734820097681e+03 1.201612300950753287e+01 1.689441318610066141e-03
2.224133679066794684e+03 1.201059723819112435e+01 1.682864633516249287e-03
2.224140623313025117e+03 1.201617081662553588e+01 1.690165143843753732e-03
2.224147567558788978e+03 1.201282882770510163e+01 1.685907976507483759e-03
2.224154511805019411e+03 1.201729943143767798e+01 1.693358111412209812e-03
2.224161456050784182e+03 1.201753722584360418e+01 1.692360751700790547e-03
2.224168400296548953e+03 1.201312949574418099e+01 1.686889505427932373e-03
2.224175344542315088e+03 1.200850277108404640e+01 1.679402124962620091e-03
2.224182288787613288e+03 1.200930991051223096e+01 1.680351043694936191e-03
2.224189233033378059e+03 1.201380925711933934e+01 1.687371954250791676e-03
2.224196177278677624e+03 1.201536681158300723e+01 1.688417855683210051e-03
2.224203121523511527e+03 1.201156900741483469e+01 1.682692080488723931e-03
2.224210065768810637e+03 1.201306189117089218e+01 1.687756570501319905e-03
2.224217010013644540e+03 1.201529853077830623e+01 1.688424342980146238e-03
2.224223954258477988e+03 1.201370502664564199e+01 1.688036943751769188e-03
2.224230898503310982e+03 1.201707375702171987e+01 1.690514470352852535e-03
2.224237842748143976e+03 1.201561763174085229e+01 1.690740505076088413e-03
2.224244786992512672e+03 1.201640006352086587e+01 1.689990023432831568e-03
2.224251731236880914e+03 1.201754368970683196e+01 1.690897075154346738e-03
2.224258675481248247e+03 1.201410494602591861e+01 1.685011248824136573e-03
2.224265619725150373e+03 1.202089108374458348e+01 1.695636241369703669e-03
2.224272563969518160e+03 1.202370942084766270e+01 1.700139001002728099e-03
2.224279508213419376e+03 1.201812462519398039e+01 1.692802891788771497e-03
2.224286452457322412e+03 1.201515784075237292e+01 1.686322779564351088e-03
2.224293396700759331e+03 1.202105558041552591e+01 1.694200589835484798e-03
2.224300340944661457e+03 1.202700623420204806e+01 1.703134216763016419e-03
2.224307285188097921e+03 1.202294458924956899e+01 1.697711859776434911e-03
2.224314229431533931e+03 1.202684790007895721e+01 1.701820891574043915e-03
2.224321173674504280e+03 1.203037970588105310e+01 1.706371874821918395e-03
2.224328117917942109e+03 1.202871675285488884e+01 1.705056702490725679e-03
2.224335062160912912e+03 1.202984896995064545e+01 1.704724785732918526e-03
2.224342006403883715e+03 1.203104315358774379e+01 1.706134597874096361e-03
2.224348950646388403e+03 1.203479214777294892e+01 1.712675783895803178e-03
2.224355894889358751e+03 1.203125971746165845e+01 1.705443441140110832e-03
2.224362839131864348e+03 1.203474017982057553e+01 1.710239872646160094e-03
2.224369783374370400e+03 1.204101133901266962e+01 1.719244162375542897e-03
2.224376727616875542e+03 1.203229050210837414e+01 1.705449467049412974e-03
2.224383671858914568e+03 1.204119176996397478e+01 1.717566590335399069e-03
2.224390616100954503e+03 1.203736691477920573e+01 1.711521749146020961e-03
2.224397560342993529e+03 1.204346787550456277e+01 1.723049928150318256e-03
2.224404504585033465e+03 1.204652217264266767e+01 1.725026605796481935e-03
2.224411448826608193e+03 1.204581411996762519e+01 1.722816446145110716e-03
2.224418393068182468e+03 1.205026136831582129e+01 1.728994021920647779e-03
2.224425337309756287e+03 1.204844063892683614e+01 1.724439749073853646e-03
2.224432281551329197e+03 1.204908099121417386e+01 1.725822940793541281e-03
2.224439225792903471e+03 1.205475261832349609e+01 1.737370046481783283e-03
2.224446170034011629e+03 1.204992968831717448e+01 1.726829193679359263e-03
2.224453114275119788e+03 1.205392855361841065e+01 1.731431305130148434e-03
2.224460058516228401e+03 1.205539028015315495e+01 1.732698089692757959e-03
2.224467002756870443e+03 1.205603970739630526e+01 1.733457642249648526e-03
2.224473946997512485e+03 1.206068250392842245e+01 1.740851138600492702e-03
2.224480891238154982e+03 1.206523150369408981e+01 1.747314403110480354e-03
2.224487835478797933e+03 1.205788603233144229e+01 1.735855903436301370e-03
2.224494779719440430e+03 1.206550034719841236e+01 1.747020018486466651e-03
2.224501723959618175e+03 1.206421459057660961e+01 1.744987204318300704e-03
2.224508668199795011e+03 1.206542447327982082e+01 1.745614228936950276e-03
2.224515612439970937e+03 1.206783344569182326e+01 1.748816778275057724e-03
2.224522556679683476e+03 1.206587674479561301e+01 1.745554614465722734e-03
2.224529500919394195e+03 1.206465724303274989e+01 1.744708210228083619e-03
2.224536445159104915e+03 1.206253054720639994e+01 1.739578761362590249e-03
2.224543389394159931e+03 1.206737767891882918e+01 1.747426460475505223e-03
2.224550333633871105e+03 1.207630577350932199e+01 1.760815813823372617e-03
2.224557277873116163e+03 1.206994505502057535e+01 1.753893917128631578e-03
2.224564222112362586e+03 1.206455026150114840e+01 1.741475600103362109e-03
2.224571166351608554e+03 1.207524396936721089e+01 1.757759576881656825e-03
2.224578110590387951e+03 1.206892174035103338e+01 1.748166328436705349e-03
2.224585054829633464e+03 1.207232319242390339e+01 1.753366413009861896e-03
2.224591999068413315e+03 1.207448255554023930e+01 1.756590991280561689e-03
2.224598943307192712e+03 1.207206003190911048e+01 1.752639867892091590e-03
2.224605887545507358e+03 1.207645338628534049e+01 1.759220189152994407e-03
2.224612831783822003e+03 1.207006912065292603e+01 1.750151168985792944e-03
2.224619776022135738e+03 1.207156573590818738e+01 1.752406799287182853e-03
2.224626720260449929e+03 1.207860698363887408e+01 1.763286140076605240e-03
2.224633664498764119e+03 1.207955895730899698e+01 1.763885805966402967e-03
2.224640608736613103e+03 1.206731828448153898e+01 1.746782670713749840e-03
2.224647552974462542e+03 1.207037116881745220e+01 1.750804924481411682e-03
2.224654497212311526e+03 1.207062083073432923e+01 1.750622903451909277e-03
2.224661441450159145e+03 1.207291684359926620e+01 1.755547541277184846e-03
2.224668385687542013e+03 1.207464883275329903e+01 1.759408312106679759e-03
2.224675329924924426e+03 1.206978971085939989e+01 1.749977173211797769e-03
2.224682274162308204e+03 1.207329970203721459e+01 1.757342309283674471e-03
2.224689218399225410e+03 1.207595802431349519e+01 1.761121099872398153e-03
2.224696162636608278e+03 1.207237271781635179e+01 1.754938032503359753e-03
2.224703106873525485e+03 1.207147910886183695e+01 1.752960617969563780e-03
2.224710051110442691e+03 1.206804220398377225e+01 1.749239783405158108e-03
2.224716995346893782e+03 1.206764279131406248e+01 1.747440596990298403e-03
2.224723939583811443e+03 1.206646162522662991e+01 1.747363795332714225e-03
2.224730883820263443e+03 1.207040103271872411e+01 1.752870143738650445e-03
2.224737828056714989e+03 1.206549116182134895e+01 1.746050168041507434e-03
2.224744772292700873e+03 1.206349518019823108e+01 1.742783471011627189e-03
2.224751716528686302e+03 1.206308161161036985e+01 1.743382939713462561e-03
2.224758660765138302e+03 1.206399227723484024e+01 1.744706565943525715e-03
2.224765605000658979e+03 1.205915512835179548e+01 1.737704182239291871e-03
2.224772549236644409e+03 1.205733659029054827e+01 1.736052606166345715e-03
2.224779493472165541e+03 1.205806790449040378e+01 1.737086121349748708e-03
2.224786437707684854e+03 1.206006453455398564e+01 1.740524170098837380e-03
2.224793381943205077e+03 1.205788037339059926e+01 1.740704912615985639e-03
2.224800326178726664e+03 1.204988505647190067e+01 1.724764277639276961e-03
2.224807270413781225e+03 1.205369447610300782e+01 1.731829961647313914e-03
2.224814214648834877e+03 1.205086142890917600e+01 1.729233659279624542e-03
2.224821158883889439e+03 1.204654179053650687e+01 1.721533549634021590e-03
2.224828103118944000e+03 1.205263278795957405e+01 1.732711752120653578e-03
2.224835047353532900e+03 1.205000623565764606e+01 1.730062702022814106e-03
2.224841991588122255e+03 1.204917718683135597e+01 1.727578501494430848e-03
2.224848935822712065e+03 1.204784782360453832e+01 1.724749460120736898e-03
2.224855880056834394e+03 1.204816419960105911e+01 1.726519982274601862e-03
2.224862824291423749e+03 1.205040704896254233e+01 1.728996457192230043e-03
2.224869768525546533e+03 1.204693763197016843e+01 1.725459306725910880e-03
2.224876712759669317e+03 1.204448530551145780e+01 1.721038373973497824e-03
2.224883656993327349e+03 1.204386759557687370e+01 1.719620110939823997e-03
2.224890601227451953e+03 1.204678402936125359e+01 1.723328576946193394e-03
2.224897545461109075e+03 1.204472832227365764e+01 1.721387314544369721e-03
2.224904489694766653e+03 1.204443693340380150e+01 1.719414123263246670e-03
2.224911433927958569e+03 1.205111265957332733e+01 1.731143314468215448e-03
2.224918378161150940e+03 1.205042457474789686e+01 1.728796291430377552e-03
2.224925322394808973e+03 1.204630339576486264e+01 1.722560178010077965e-03
2.224932266627535682e+03 1.204906473591891469e+01 1.727821969537546862e-03
2.224939210860727144e+03 1.204512454425304746e+01 1.721724101891084109e-03
2.224946155093452944e+03 1.204991594490557638e+01 1.730258618585666991e-03
2.224953099326179654e+03 1.204864255043811205e+01 1.726352641133367975e-03
2.224960043558905909e+03 1.204561066047463491e+01 1.721935627081411279e-03
2.224966987791632619e+03 1.204915036488502267e+01 1.725859495766728178e-03
2.224973932023893212e+03 1.204763946330763780e+01 1.724259705233526863e-03
2.224980876256152897e+03 1.204882726249966041e+01 1.726074355895564939e-03
2.224987820488413490e+03 1.205127300914915800e+01 1.729506165887902819e-03
2.224994764720208423e+03 1.204963123930423485e+01 1.727709180256749430e-03
2.225001708952469471e+03 1.205141560365418840e+01 1.729155518533155231e-03
2.225008653184264404e+03 1.205478703633503201e+01 1.734726766047988301e-03
2.225015597416059791e+03 1.204416477602755542e+01 1.719036049129113279e-03
2.225022541647389062e+03 1.204870215565610003e+01 1.725483994993043998e-03
2.225029485878717423e+03 1.204534095628516788e+01 1.719954750196650128e-03
2.225036430110048514e+03 1.205174089319613628e+01 1.729363583704214774e-03
2.225043374341377785e+03 1.205210156627964224e+01 1.730507402078340726e-03
2.225050318572706601e+03 1.205212714292207643e+01 1.730566141104112774e-03
2.225057262803570666e+03 1.205619738698360699e+01 1.736229917668456139e-03
2.225064207034433366e+03 1.205210104539362170e+01 1.729263164548357126e-03
2.225071151265296976e+03 1.205507111982666402e+01 1.734650681792638529e-03
2.225078095495695379e+03 1.205038575797527400e+01 1.729982192150912070e-03
2.225085039726559444e+03 1.205608884342451148e+01 1.737688925946400103e-03
2.225091983956956938e+03 1.205041350594438043e+01 1.727958839795428001e-03
2.225098928186889680e+03 1.205232721725270650e+01 1.729364711833976257e-03
2.225105872417287173e+03 1.205348671152653672e+01 1.732341264687883246e-03
2.225112816647219461e+03 1.205715389991563846e+01 1.736614882035318521e-03
2.225119760877152657e+03 1.205433311220824244e+01 1.732527541783057852e-03
2.225126705107084945e+03 1.205518437728088621e+01 1.734381169819086644e-03
2.225133649336551571e+03 1.205580119518803883e+01 1.735757127376954352e-03
2.225140593566018197e+03 1.205915402743980636e+01 1.739453543882707714e-03
2.225147537795483913e+03 1.205730647806633193e+01 1.737412643204953736e-03
2.225154482024950539e+03 1.204996036793759551e+01 1.726313053293278580e-03
2.225161426254418529e+03 1.206109004166694731e+01 1.743772718294328734e-03
2.225168370483419949e+03 1.205183908046654118e+01 1.728751191071244272e-03
2.225175314712420459e+03 1.205657190210917840e+01 1.736375548555617017e-03
2.225182258940955762e+03 1.205140214053278314e+01 1.728473354878009693e-03
2.225189203169956272e+03 1.205444872715769478e+01 1.733291364864341299e-03
2.225196147398492485e+03 1.205726596725782329e+01 1.738987147243722421e-03
2.225203091627027334e+03 1.205750520939132997e+01 1.738334113079814192e-03
2.225210035855563547e+03 1.205381950184976958e+01 1.734690615338241185e-03
2.225216980083632734e+03 1.204891505276056307e+01 1.726638367364457605e-03
2.225223924311701921e+03 1.205097120693971391e+01 1.730225952548232948e-03
2.225230868539772018e+03 1.204813043794818483e+01 1.723456273100339381e-03
2.225237812767841660e+03 1.205197486128537854e+01 1.731417178457191801e-03
2.225244756995446096e+03 1.205045013497987050e+01 1.731479901334062252e-03
2.225251701223050532e+03 1.204697393724965515e+01 1.723086950298873422e-03
2.225258645450654058e+03 1.204596045149851058e+01 1.722674603425515495e-03
2.225265589678257584e+03 1.204288772839311150e+01 1.720405733962399476e-03
2.225272533905395903e+03 1.204662146401900280e+01 1.724319693116350754e-03
2.225279478132534678e+03 1.204387845750603070e+01 1.720079742215347785e-03
2.225286422359672997e+03 1.204571437469147632e+01 1.722756818508033687e-03
2.225293366586346565e+03 1.204301049428173087e+01 1.719759329034445481e-03
2.225300310813483975e+03 1.204746455131178173e+01 1.726131632376778002e-03
2.225307255040156633e+03 1.203655863742896059e+01 1.712113160625046817e-03
2.225314199266830201e+03 1.204113800637661669e+01 1.718243428311731075e-03
2.225321143493037198e+03 1.204113429904618471e+01 1.719127200552161882e-03
2.225328087719244195e+03 1.203655052470090325e+01 1.710710577231436312e-03
2.225335031945451647e+03 1.204391378128852708e+01 1.722148448712719276e-03
2.225341976171657734e+03 1.203925270854475471e+01 1.714497829989374911e-03
2.225348920397864276e+03 1.203552182488567723e+01 1.709215942526442784e-03
2.225355864623606521e+03 1.204093739738288171e+01 1.718728314399116429e-03
2.225362808849347857e+03 1.203404888128932981e+01 1.708618110670059777e-03
2.225369753075089648e+03 1.203970049362474271e+01 1.717316716034502288e-03
2.225376697300364867e+03 1.203419334404819274e+01 1.710032603773947940e-03
2.225383641525640087e+03 1.203614550606515898e+01 1.712184209349049873e-03
2.225390585750915307e+03 1.204076962046261734e+01 1.717985271663899707e-03
2.225397529976192345e+03 1.203443279854475279e+01 1.710394037749631392e-03
2.225404474201468020e+03 1.203262066696000332e+01 1.706921325377268230e-03
2.225411418426278033e+03 1.203315398292933835e+01 1.707576732275101596e-03
2.225418362651088501e+03 1.203559812036119325e+01 1.711326765454203487e-03
2.225425306875431943e+03 1.203287648899123852e+01 1.706376223951414604e-03
2.225432251100242411e+03 1.203746653261646671e+01 1.713014632507711037e-03
2.225439195324587672e+03 1.203182346721400542e+01 1.705371959685879173e-03
2.225446139548932024e+03 1.203980989504566779e+01 1.716555662809192114e-03
2.225453083772809805e+03 1.203982456259923950e+01 1.717571892103223960e-03
2.225460027997154612e+03 1.203607581527907477e+01 1.711728083317364327e-03
2.225466972221032847e+03 1.204057901807090403e+01 1.718724660939969237e-03
2.225473916444912447e+03 1.203978333190900507e+01 1.717077268579974246e-03
2.225480860668325931e+03 1.203485642604031725e+01 1.708979682048378506e-03
2.225487804891738961e+03 1.203869232956699520e+01 1.716265348277079507e-03
2.225494749115617196e+03 1.203586801304763299e+01 1.711009625670515495e-03
2.225501693338564564e+03 1.203844857494470588e+01 1.717190879665487320e-03
2.225508637561978048e+03 1.203372173175272408e+01 1.707223812709386451e-03
2.225515581784925416e+03 1.204275427039596202e+01 1.720231256116068475e-03
2.225522526007872784e+03 1.204351260214702002e+01 1.723021755286328416e-03
2.225529470230820607e+03 1.203680194725770924e+01 1.711037802842110605e-03
2.225536414453302314e+03 1.204514173367254415e+01 1.723034793165586836e-03
2.225543358676249227e+03 1.204632276279393110e+01 1.726356260088124069e-03
2.225550302898730934e+03 1.203817678059775176e+01 1.712443828034945856e-03
2.225557247120746979e+03 1.204016120857898287e+01 1.715308974176187658e-03
2.225564191343229595e+03 1.204815288043595345e+01 1.726748771058896808e-03
2.225571135565245640e+03 1.205011986343847319e+01 1.730647007461034483e-03
2.225578079787261231e+03 1.204477725103506458e+01 1.721361087185641547e-03
2.225585024008811615e+03 1.205296282780118666e+01 1.732373262237036715e-03
2.225591968230828570e+03 1.205297246459701554e+01 1.732519694960959079e-03
2.225598912452378954e+03 1.204899102962640889e+01 1.725588410858263115e-03
2.225605856673928429e+03 1.205251144997358104e+01 1.730092785285107689e-03
2.225612800895014061e+03 1.205246839393461578e+01 1.730030476194058383e-03
2.225619745116563990e+03 1.205368296042194132e+01 1.731717600185800170e-03
2.225626689337647804e+03 1.205339920283257271e+01 1.731378222136513824e-03
2.225633633558268684e+03 1.205729595011135125e+01 1.738923017898596091e-03
2.225640577779352952e+03 1.206021819408380757e+01 1.742248339201346976e-03
2.225647521999972014e+03 1.206340032488039782e+01 1.749322166915208204e-03
2.225654466220591530e+03 1.205642831842484419e+01 1.733924118821608771e-03
2.225661410441210137e+03 1.205833460212186914e+01 1.737490642565141024e-03
2.225668354661363082e+03 1.206062432513723692e+01 1.738564935702445816e-03
2.225675298881983053e+03 1.206601851569706696e+01 1.748903264523809543e-03
2.225682243102136454e+03 1.206244495728909349e+01 1.740743222794025307e-03
2.225689187321824193e+03 1.206171219747539247e+01 1.739735642429588109e-03
2.225696131541977593e+03 1.206539249495910404e+01 1.745437415953352131e-03
2.225703075761664877e+03 1.206499671325574141e+01 1.743349257778245521e-03
2.225710019981353526e+03 1.206922348561715630e+01 1.749284891260349849e-03
2.225716964200576513e+03 1.207309493124670929e+01 1.756491903914255944e-03
2.225723908420262887e+03 1.207165493751625185e+01 1.752972362808793202e-03
2.225730852639484965e+03 1.207194449327581509e+01 1.754277200690289524e-03
2.225737796858241381e+03 1.207363693673934435e+01 1.755746051271243413e-03
2.225744741077463459e+03 1.207833580228922621e+01 1.761407546430979448e-03
2.225751685296219875e+03 1.207570944852091444e+01 1.758905274300346169e-03
2.225758629514977656e+03 1.207257793501046272e+01 1.752838771480428855e-03
2.225765573733733618e+03 1.208250580318071954e+01 1.766686755296426915e-03
2.225772517952489579e+03 1.207798389274617890e+01 1.758236401055234422e-03
2.225779462170780334e+03 1.207623130009209511e+01 1.755954828051710425e-03
2.225786406389071090e+03 1.208055863760599813e+01 1.763255646620569186e-03
2.225793350606896638e+03 1.208093821661785228e+01 1.765202456300478525e-03
2.225800294825187848e+03 1.208305560082345664e+01 1.766494578072721816e-03
2.225807239043012942e+03 1.208320445924230135e+01 1.766715277977889487e-03
2.225814183260837581e+03 1.208586307249617953e+01 1.769966462175140377e-03
2.225821127478197468e+03 1.208618223485160570e+01 1.770925848842365121e-03
2.225828071696022107e+03 1.208481041327532424e+01 1.768099539935488003e-03
2.225835015913381540e+03 1.208527815670340289e+01 1.770009312835598477e-03
2.225841960130741427e+03 1.208539594903242076e+01 1.771080817853037210e-03
2.225848904347634743e+03 1.208305217941554588e+01 1.765144488193455888e-03
2.225855848564528969e+03 1.209203151301582402e+01 1.781020141497694767e-03
2.225862792781422286e+03 1.208598925527104129e+01 1.771782927663778217e-03
2.225869736998317421e+03 1.208609144225144405e+01 1.770613534353515303e-03
2.225876681214745986e+03 1.208619952932275510e+01 1.771017278130421419e-03
2.225883625431638848e+03 1.208471388566653815e+01 1.768364350189564112e-03
2.225890569648067412e+03 1.208187758883546969e+01 1.763077077519194886e-03
2.225897513864029861e+03 1.208089756132561732e+01 1.763484536211343615e-03
2.225904458080457516e+03 1.208190591876729592e+01 1.767253977379002697e-03
2.225911402296420420e+03 1.208372833966081394e+01 1.768367987346376822e-03
2.225918346511918116e+03 1.208032480673738185e+01 1.763972892559847365e-03
2.225925290727880110e+03 1.207732882955567355e+01 1.758366009507033104e-03
2.225932234943376443e+03 1.207728192447888738e+01 1.758555485675210306e-03
2.225939179158873230e+03 1.207914359381392089e+01 1.762743715338529723e-03
2.225946123374370018e+03 1.208365082386612599e+01 1.770492969065990893e-03
2.225953067589867715e+03 1.208209426273557696e+01 1.767761609646707321e-03
2.225960011804899295e+03 1.207446689797343886e+01 1.755961814592703080e-03
2.225966956019929512e+03 1.207625535722265298e+01 1.758620268274968448e-03
2.225973900234494977e+03 1.207238744403872666e+01 1.753693022620030594e-03
2.225980844449526103e+03 1.207651457293407837e+01 1.759681853680082923e-03
2.225987788664092022e+03 1.207584114633491446e+01 1.759231397132173923e-03
2.225994732878657942e+03 1.207505918277514212e+01 1.758197606082824958e-03
2.226001677092757745e+03 1.207603406496164666e+01 1.760268522957367243e-03
2.226008621306857549e+03 1.207057079323439019e+01 1.751005922413177013e-03
2.226015565520956898e+03 1.207170224246710966e+01 1.752413782777899982e-03
2.226022509735056701e+03 1.206848685422054324e+01 1.749686511641982767e-03
2.226029453949156505e+03 1.206791527701870592e+01 1.748528510725973727e-03
2.226036398162792011e+03 1.207092497410132914e+01 1.753088481155862200e-03
2.226043342376425244e+03 1.207067402550730151e+01 1.753606514524173052e-03
2.226050286589593270e+03 1.206820442434193197e+01 1.750322369217259316e-03
2.226057230803227412e+03 1.206487740750047344e+01 1.746296231473537649e-03
2.226064175016395893e+03 1.206417629620635346e+01 1.744059522492827710e-03
2.226071119229564374e+03 1.206589004740885152e+01 1.747050079735832512e-03
2.226078063442268558e+03 1.206796988655594660e+01 1.749805545661662883e-03
2.226085007655437039e+03 1.206375175377585585e+01 1.743736453858321222e-03
2.226091951868138949e+03 1.206720158462102432e+01 1.748903769813218816e-03
2.226098896080376562e+03 1.205944130197384290e+01 1.736870622307574996e-03
2.226105840293079382e+03 1.205881450447903092e+01 1.736477999479050897e-03
2.226112784505316995e+03 1.206147294933652603e+01 1.740977387976267755e-03
2.226119728717554608e+03 1.206080081477573884e+01 1.741520860249805508e-03
2.226126672929326105e+03 1.206030184551954321e+01 1.741086935769919214e-03
2.226133617141562354e+03 1.205955330985796969e+01 1.739619806574042339e-03
2.226140561353333851e+03 1.205861327642916869e+01 1.738170990604462861e-03
2.226147505565105803e+03 1.205787469605638229e+01 1.736660997134908393e-03
2.226154449776412548e+03 1.206336271099519131e+01 1.746408293114481980e-03
2.226161393987717929e+03 1.205784846023516366e+01 1.736489698668222583e-03
2.226168338199023310e+03 1.206114507552767989e+01 1.741462938185920056e-03
2.226175282410329146e+03 1.205708807393744308e+01 1.736729877521028722e-03
2.226182226621169320e+03 1.205529113236273275e+01 1.734121506106150188e-03
2.226189170832009950e+03 1.205444203149407301e+01 1.731836778940880166e-03
2.226196115042850579e+03 1.205623347217782992e+01 1.735518788599430895e-03
2.226203059253690299e+03 1.205707031973899745e+01 1.737577198361534144e-03
2.226210003464065267e+03 1.206018991785113492e+01 1.743055684866650669e-03
2.226216947674438870e+03 1.205837783356979287e+01 1.738663109493746202e-03
2.226223891884813384e+03 1.205730220336746683e+01 1.738952147905754256e-03
2.226230836094723145e+03 1.205271454342563331e+01 1.730028216670495989e-03
2.226237780305098113e+03 1.205318569347921454e+01 1.730786235126599397e-03
2.226244724514541304e+03 1.205582248843089310e+01 1.734958039814344082e-03
2.226251668724449701e+03 1.205549919264578485e+01 1.734465036578164681e-03
2.226258612933892437e+03 1.205325220597682545e+01 1.731045191703270078e-03
2.226265557143802653e+03 1.206232844783199454e+01 1.745846235677427994e-03
2.226272501352779727e+03 1.205421222270727100e+01 1.731683294391783224e-03
2.226279445562222918e+03 1.205447217153889383e+01 1.732595323386347617e-03
2.226286389771200902e+03 1.205718092105742301e+01 1.736317195975747591e-03
2.226293333980177977e+03 1.205488547650528197e+01 1.732171255253372923e-03
2.226300278189155051e+03 1.205880375436169594e+01 1.738634139105987115e-03
2.226307222397667374e+03 1.205012053805949002e+01 1.725849146282274925e-03
2.226314166606180152e+03 1.205711721462941277e+01 1.736440208884748810e-03
2.226321110814691565e+03 1.206090359981309312e+01 1.741085809938644003e-03
2.226328055022738226e+03 1.205292337548098125e+01 1.729190698481480578e-03
2.226334999231249640e+03 1.206237171606142056e+01 1.744208694212793717e-03
2.226341943439294937e+03 1.206045077781936214e+01 1.742131276366041441e-03
2.226348887646876392e+03 1.206350458873479958e+01 1.747659145175638152e-03
2.226355831854923053e+03 1.206123653122118533e+01 1.741046467068834997e-03
2.226362776062503599e+03 1.206192386794732840e+01 1.742150796019681196e-03
2.226369720270084599e+03 1.206209148850170010e+01 1.742765741338720732e-03
2.226376664477199029e+03 1.206057273546680442e+01 1.742183198184513518e-03
2.226383608684779574e+03 1.206125047928999372e+01 1.745046871982882265e-03
2.226390552891895368e+03 1.206100456351257755e+01 1.740445942703029757e-03
2.226397497098543681e+03 1.206022025298860356e+01 1.739106381977191225e-03
2.226404441305658565e+03 1.205784757439272781e+01 1.736448138796182475e-03
2.226411385512307788e+03 1.206329918453885952e+01 1.745481071165840264e-03
2.226418329718957011e+03 1.205935343706474150e+01 1.738679146969736430e-03
2.226425273925141028e+03 1.205715232312578955e+01 1.735321583311004272e-03
2.226432218131791160e+03 1.206004686406721049e+01 1.740858417514210563e-03
2.226439162337975176e+03 1.205840860812172899e+01 1.738656723154747988e-03
2.226446106543692622e+03 1.206115839243378041e+01 1.742988542736699118e-03
2.226453050749875729e+03 1.205527379920550857e+01 1.734415213255419402e-03
2.226459994955593629e+03 1.205348002523932927e+01 1.730935798491878156e-03
2.226466939161311984e+03 1.204890116724713245e+01 1.724353504450614610e-03
2.226473883366564223e+03 1.205546240694530979e+01 1.735455378895155816e-03
2.226480827572282578e+03 1.205150453070851846e+01 1.730173004365040228e-03
2.226487771777534363e+03 1.205341640605496956e+01 1.732108011945802419e-03
2.226494715982786602e+03 1.205683230391214522e+01 1.738841942975828149e-03
2.226501660187573634e+03 1.204994156468791466e+01 1.726486529260095118e-03
2.226508604392361121e+03 1.204868093912696736e+01 1.725415029317352690e-03
2.226515548597146335e+03 1.205061334922620553e+01 1.728437840765060206e-03
2.226522492801933367e+03 1.204951852108441379e+01 1.727646503654179560e-03
2.226529437006253829e+03 1.204779240797000384e+01 1.724425336862296654e-03
2.226536381210574291e+03 1.205069823323922584e+01 1.729685471243546258e-03
2.226543325414896572e+03 1.204665284943260772e+01 1.724629842048684344e-03
2.226550269618752282e+03 1.204538611188157837e+01 1.722156513349782682e-03
2.226557213822607082e+03 1.204179619024046133e+01 1.719831577728157422e-03
2.226564158026462337e+03 1.203842386399795217e+01 1.714500028013560967e-03
2.226571102230317592e+03 1.204348843864265284e+01 1.721549231470353254e-03
2.226578046433706731e+03 1.204618832319896526e+01 1.725215947363192013e-03
2.226584990637097690e+03 1.203915000174662353e+01 1.714805493457893923e-03
2.226591934840486829e+03 1.204084562061328967e+01 1.718552808659578246e-03
2.226598879043410307e+03 1.203958758165099852e+01 1.716682512868396380e-03
2.226605823246334694e+03 1.203335363673426706e+01 1.709054493851323766e-03
2.226612767449258172e+03 1.204065819658011804e+01 1.718187544776975844e-03
2.226619711652182104e+03 1.203749392370231064e+01 1.717052405653798257e-03
2.226626655854640831e+03 1.203845091859123428e+01 1.715177412848730700e-03
2.226633600057100011e+03 1.203636885845039295e+01 1.712738771262064955e-03
2.226640544259557373e+03 1.203328207905108194e+01 1.707288409891334147e-03
2.226647488461549983e+03 1.203599978098142742e+01 1.713872264317454390e-03
2.226654432663543048e+03 1.203243684656893819e+01 1.707445687743337466e-03
2.226661376865535658e+03 1.203528232542824128e+01 1.712720479819167946e-03
2.226668321067529178e+03 1.203039551067925039e+01 1.704846011362996360e-03
2.226675265269056126e+03 1.203693840822789163e+01 1.715674403892721717e-03
2.226682209470582620e+03 1.203102461913157306e+01 1.706268360818060477e-03
2.226689153671643908e+03 1.203306140342183639e+01 1.709625295280453941e-03
2.226696097873169947e+03 1.203546103672424294e+01 1.712977014785578437e-03
2.226703042074231234e+03 1.203197091227997007e+01 1.706741236125313430e-03
2.226709986275293886e+03 1.202595554932822530e+01 1.698244054882450593e-03
2.226716930475889058e+03 1.203165628511806950e+01 1.706501163648132396e-03
2.226723874676949890e+03 1.203352973216204802e+01 1.708748718301627764e-03
2.226730818877080310e+03 1.203133967708935614e+01 1.706676001010598792e-03
2.226737763077675481e+03 1.203286318484915185e+01 1.706468915495547040e-03
2.226744707277805446e+03 1.204201256891398764e+01 1.719620660699440516e-03
2.226751651478402437e+03 1.203419389919550220e+01 1.707920300477824621e-03
2.226758595678065831e+03 1.204193344024556822e+01 1.720908416890608783e-03
2.226765539878195796e+03 1.204370989719740415e+01 1.721396707190728540e-03
2.226772484077860554e+03 1.203809535568369071e+01 1.712652278371931680e-03
2.226779428277524858e+03 1.204529311430307459e+01 1.723321340081111373e-03
2.226786372476723955e+03 1.205202181175540588e+01 1.731458511355440152e-03
2.226793316676388713e+03 1.204948665064360469e+01 1.727362405887051915e-03
2.226800260875586901e+03 1.205080697344825147e+01 1.729959932603455930e-03
2.226807205074785543e+03 1.205153656449172139e+01 1.730222698059431016e-03
2.226814149273518524e+03 1.205099379288535388e+01 1.729074617251447586e-03
2.226821093472251960e+03 1.205705875156182216e+01 1.737636461204156548e-03
2.226828037670984941e+03 1.205505148933554160e+01 1.734330279195852491e-03
2.226834981869717922e+03 1.205403451735309517e+01 1.732327025288186561e-03
2.226841926067984787e+03 1.205686372197087941e+01 1.735487958716627754e-03
2.226848870266252106e+03 1.205645426238000617e+01 1.736152481783385894e-03
2.226855814464519426e+03 1.205773256190439291e+01 1.735547440942688440e-03
2.226862758662321539e+03 1.206298824526256475e+01 1.742670552014016078e-03
2.226869702860123652e+03 1.206398523592140926e+01 1.743325475177036604e-03
2.226876647057925766e+03 1.206669335252422925e+01 1.746533890906489190e-03
2.226883591255261308e+03 1.206776087627900651e+01 1.749624528155368152e-03
2.226890535453062512e+03 1.207296022933278401e+01 1.755877737634001495e-03
2.226897479650398964e+03 1.207488265729350729e+01 1.760608841211952404e-03
2.226904423847269754e+03 1.206986286314760903e+01 1.751693466534433611e-03
2.226911368044605297e+03 1.207137389684675277e+01 1.754808728407885720e-03
2.226918312241476542e+03 1.207353041644713620e+01 1.755284423270339969e-03
2.226925256437880307e+03 1.207631976074169522e+01 1.759943770615112445e-03
2.226932200634750643e+03 1.207547628066627787e+01 1.758204656644427608e-03
2.226939144831155318e+03 1.207328885480016822e+01 1.755109305889371698e-03
2.226946089027560902e+03 1.207506679651901749e+01 1.756776365061216757e-03
2.226953033223965576e+03 1.207232866152061135e+01 1.753316591492165349e-03
2.226959977419904590e+03 1.207496815373376542e+01 1.756796795768227927e-03
2.226966921615842693e+03 1.207989664119805084e+01 1.764689923446110652e-03
2.226973865811781252e+03 1.207434120410128386e+01 1.755136162644180915e-03
2.226980810007255968e+03 1.207809502777384836e+01 1.759786459353733816e-03
2.226987754202729775e+03 1.207860440489011467e+01 1.761446399558725144e-03
2.226994698398202672e+03 1.208267838965448782e+01 1.767868988939943087e-03
2.227001642593676479e+03 1.208096507559375077e+01 1.767207691910426762e-03
2.227008586788683715e+03 1.207675146509176045e+01 1.757719995650032724e-03
2.227015530983690951e+03 1.208470549882526868e+01 1.770580251698013023e-03
2.227022475178699551e+03 1.207922946856085566e+01 1.761674595328526242e-03
2.227029419373242035e+03 1.208209024894852668e+01 1.765570022749500360e-03
2.227036363567783610e+03 1.208696390871641846e+01 1.773970765617696775e-03
2.227043307762325639e+03 1.208555652557715199e+01 1.770333545863641200e-03
2.227050251956402008e+03 1.208163092448809728e+01 1.765992609679312110e-03
2.227057196150944492e+03 1.208240950591700624e+01 1.765221082845906111e-03
2.227064140345021769e+03 1.208608902465478430e+01 1.771131859061268743e-03
2.227071084538632022e+03 1.208885362873681935e+01 1.776200830059655690e-03
2.227078028732707480e+03 1.208587368952786001e+01 1.771384767857674342e-03
2.227084972926318642e+03 1.208991474906581054e+01 1.776382097528695584e-03
2.227091917119462778e+03 1.208294363704826502e+01 1.765331863450399479e-03
2.227098861313073940e+03 1.209090362272597652e+01 1.776826537877000548e-03
2.227105805506219895e+03 1.208692876764637880e+01 1.771305377053365455e-03
2.227112749699364940e+03 1.208629109095201848e+01 1.769591230265549946e-03
2.227119693892509531e+03 1.208807188524678899e+01 1.772974327679378067e-03
2.227126638085188915e+03 1.208681353571894412e+01 1.774717691171422270e-03
2.227133582277868300e+03 1.208707914580464049e+01 1.770349203252109425e-03
2.227140526470547684e+03 1.208829138592888874e+01 1.771759731223273475e-03
2.227147470662762316e+03 1.209081257565939005e+01 1.776765168561667690e-03
2.227154414855441246e+03 1.208887035945599031e+01 1.773852304449337076e-03
2.227161359047188853e+03 1.209065547940802077e+01 1.776918992990049288e-03
2.227168303239403485e+03 1.208840255314776790e+01 1.771500314305572525e-03
2.227175247431151547e+03 1.209242357813955593e+01 1.778419279539606357e-03
2.227182191623365725e+03 1.209538752465913447e+01 1.784745120740446628e-03
2.227189135814648580e+03 1.209022559165551947e+01 1.775192973457237000e-03
2.227196080006396187e+03 1.209319883846104560e+01 1.778262474945038448e-03
2.227203024197678133e+03 1.209091257869208569e+01 1.774866262096052704e-03
2.227209968388960533e+03 1.209449474836541150e+01 1.780647487293585260e-03
2.227216912580242933e+03 1.208821735490962368e+01 1.770642221935177923e-03
2.227223856771060582e+03 1.208925010675416800e+01 1.773134592351227742e-03
2.227230800961876866e+03 1.208844921716720933e+01 1.772501625788714362e-03
2.227237745152694060e+03 1.208656793224517934e+01 1.768955552667636055e-03
2.227244689343044229e+03 1.209185458233350197e+01 1.777395912398974705e-03
2.227251633533860968e+03 1.209113840481735735e+01 1.776766403590286777e-03
2.227258577724212500e+03 1.208963630832072589e+01 1.773639917673008794e-03
2.227265521914097917e+03 1.208807132595015510e+01 1.771976110441812573e-03
2.227272466104449904e+03 1.209531654816846036e+01 1.784150294441419135e-03
2.227279410294335321e+03 1.209066850276911431e+01 1.775223245718837673e-03
2.227286354484219373e+03 1.209324490660299212e+01 1.779602339223189389e-03
2.227293298673640038e+03 1.208643158035462761e+01 1.770007810851933431e-03
2.227300242863525455e+03 1.208688677259560507e+01 1.770720382908107715e-03
2.227307187052945665e+03 1.208940613281243159e+01 1.774678161401025593e-03
2.227314131241899304e+03 1.208575450653285266e+01 1.769657029252583863e-03
2.227321075431319059e+03 1.208051232326067392e+01 1.762521028323770595e-03
2.227328019620273153e+03 1.208648600806834317e+01 1.773026651711864625e-03
2.227334963809228157e+03 1.208516301096182133e+01 1.769933276067481602e-03
2.227341907998182251e+03 1.207930823993031666e+01 1.761344627217147551e-03
2.227348852186670229e+03 1.208235577825607265e+01 1.766098403548936038e-03
2.227355796375624777e+03 1.208565629648735928e+01 1.771824689810532665e-03
2.227362740563647094e+03 1.208014362878642700e+01 1.766552610723181238e-03
2.227369684752135527e+03 1.207595830206073906e+01 1.758375987574846725e-03
2.227376628940158298e+03 1.207468159704124133e+01 1.754910816328838011e-03
2.227383573128648095e+03 1.207211211095123815e+01 1.753548363768525457e-03
2.227390517316204750e+03 1.208145347441685580e+01 1.767652328136156033e-03
2.227397461504227522e+03 1.207600947341137676e+01 1.758152099655622318e-03
2.227404405691783722e+03 1.207475876925187919e+01 1.756813563473621793e-03
2.227411349879806494e+03 1.207107454771198185e+01 1.750999094156798939e-03
2.227418294066898397e+03 1.207067393583401582e+01 1.750343218370013169e-03
2.227425238254455962e+03 1.207025603635596767e+01 1.752794509254171611e-03
2.227432182441546956e+03 1.207032519668466897e+01 1.749869164277566844e-03
2.227439126629104976e+03 1.207186331603546137e+01 1.753182389633582824e-03
2.227446070815730309e+03 1.207522869916031460e+01 1.757474222512327763e-03
2.227453015002821303e+03 1.207689566148956573e+01 1.760172078512451917e-03
2.227459959189448455e+03 1.206610426819284143e+01 1.744070610858071283e-03
2.227466903376539449e+03 1.207221530830393341e+01 1.753350689861563798e-03
2.227473847562699575e+03 1.206795970207068969e+01 1.749091595118911760e-03
2.227480791749325363e+03 1.207231892272598195e+01 1.756349379061769968e-03
2.227487735935950695e+03 1.207006230699355420e+01 1.750552667404822217e-03
2.227494680122110822e+03 1.207000072234033006e+01 1.750416231053593874e-03
2.227501624308271857e+03 1.206723416807459515e+01 1.746781489468866681e-03
2.227508568494431984e+03 1.206983360858542298e+01 1.751272056270190445e-03
2.227515512680125994e+03 1.207029930828277919e+01 1.751709048318402830e-03
2.227522456865820914e+03 1.207169238338041239e+01 1.753631822430358695e-03
2.227529401051981040e+03 1.206901609382003926e+01 1.748937735845165504e-03
2.227536345237209389e+03 1.207672731019160217e+01 1.764242117722137878e-03
2.227543289422905218e+03 1.207367194543416922e+01 1.756203122096438012e-03
2.227550233608599228e+03 1.207256073832041210e+01 1.755519338622597066e-03
2.227557177793827577e+03 1.207233577599716945e+01 1.755117811774185898e-03
2.227564121979056381e+03 1.206918541172841941e+01 1.750155415754224217e-03
2.227571066164285639e+03 1.207189553930155235e+01 1.754851527240855772e-03
