3.235291921951816221e+03 1.042994537823715717e+01 1.400174982389871831e-03
3.235294236986333999e+03 1.043454198701714297e+01 1.404568693235179033e-03
3.235296552020968193e+03 1.043062818532784064e+01 1.398492697932591155e-03
3.235298867055485061e+03 1.043208993644757854e+01 1.399847670431257456e-03
3.235301182090119255e+03 1.043224527462080964e+01 1.398590647011371899e-03
3.235303497124754358e+03 1.043926969378467717e+01 1.406392078886929990e-03
3.235305812159387642e+03 1.043831549228465505e+01 1.404398407982007397e-03
3.235308127194022745e+03 1.043529321118726472e+01 1.399341850114039403e-03
3.235310442228656029e+03 1.043954853881398037e+01 1.403228538084668256e-03
3.235312757263290223e+03 1.043952227946599542e+01 1.401663122825968838e-03
3.235315072298039922e+03 1.044028018231166932e+01 1.401975968280991811e-03
3.235317387332673206e+03 1.043719171861423334e+01 1.396018871117061686e-03
3.235319702367423815e+03 1.043984731719534231e+01 1.398449989954768293e-03
3.235322017402058009e+03 1.043987770502942247e+01 1.398429140573997616e-03
3.235324332436809073e+03 1.043777207141632957e+01 1.394043686811570482e-03
3.235326647471560136e+03 1.044358387087778617e+01 1.399860130901723655e-03
3.235328962506310745e+03 1.044659159010143235e+01 1.401760525512752180e-03
3.235331277541060444e+03 1.044332624563789835e+01 1.396335752590681465e-03
3.235333592575810144e+03 1.044431492497000846e+01 1.396282969611424996e-03
3.235335907610560753e+03 1.044323782231384357e+01 1.394484022589380975e-03
3.235338222645311362e+03 1.044431029115313336e+01 1.395202893709037448e-03
3.235340537680061061e+03 1.044629754866368465e+01 1.395534059817232688e-03
3.235342852714928540e+03 1.044617231145416625e+01 1.394845353564213306e-03
3.235345167749679604e+03 1.044883891021795463e+01 1.396626463177483768e-03
3.235347482784546628e+03 1.044402008062606058e+01 1.388664585723975138e-03
3.235349797819297237e+03 1.044893629862800566e+01 1.394750255807247286e-03
3.235352112854163352e+03 1.044682279379307310e+01 1.389975147038060655e-03
3.235354427889030376e+03 1.044597366569117369e+01 1.387612999731408642e-03
3.235356742923895581e+03 1.044669690762652259e+01 1.387412961370243806e-03
3.235359057958762605e+03 1.045005151556051715e+01 1.391107105938157052e-03
3.235361372993630084e+03 1.045370912708417066e+01 1.394232506309568079e-03
3.235363688028498018e+03 1.045076501502692601e+01 1.389790538458272667e-03
3.235366003063364587e+03 1.044953898364177292e+01 1.387365317259509241e-03
3.235368318098231612e+03 1.045223853634214883e+01 1.389793332105295799e-03
3.235370633133214142e+03 1.045433940345241552e+01 1.390658974683701282e-03
3.235372948168081166e+03 1.045295796609947558e+01 1.388864291213024469e-03
3.235375263203063696e+03 1.045208991774477525e+01 1.385989946057746046e-03
3.235377578237930720e+03 1.045594927571636745e+01 1.390245909545283296e-03
3.235379893272914160e+03 1.045321480276443538e+01 1.385646513012835481e-03
3.235382208307898054e+03 1.045307463052332508e+01 1.384593050076563924e-03
3.235384523342881948e+03 1.045676823776081754e+01 1.388558340490540950e-03
3.235386838377865388e+03 1.045654508135844907e+01 1.386871755587064077e-03
3.235389153412847918e+03 1.045878445795751688e+01 1.388705662348872641e-03
3.235391468447831357e+03 1.045825342023388060e+01 1.387618872547646733e-03
3.235393783482813888e+03 1.045886656328734787e+01 1.387546259150673061e-03
3.235396098517796418e+03 1.045322596947362825e+01 1.380067202933684409e-03
3.235398413552896272e+03 1.046147236939023628e+01 1.389497761618519725e-03
3.235400728587879712e+03 1.045709889213239308e+01 1.383150618025806621e-03
3.235403043622980022e+03 1.045690633168752726e+01 1.381806847719807725e-03
3.235405358657963916e+03 1.046088099241525704e+01 1.386088783206918104e-03
3.235407673693063771e+03 1.046326385059518138e+01 1.387785014492911532e-03
3.235409988728162716e+03 1.045605091605582615e+01 1.378867096471455590e-03
3.235412303763145246e+03 1.045889341449315069e+01 1.381024521883025954e-03
3.235414618798244192e+03 1.046056649386432902e+01 1.382412175025222361e-03
3.235416933833344956e+03 1.046295243025267752e+01 1.384680510213877119e-03
3.235419248868444811e+03 1.045895894094515732e+01 1.378552450516791310e-03
3.235421563903660171e+03 1.046472226867087230e+01 1.385157590727059207e-03
3.235423878938760936e+03 1.046617343516556531e+01 1.387351271687601662e-03
3.235426193973860791e+03 1.045505351112420911e+01 1.372423495684479793e-03
3.235428509008959736e+03 1.046017087264965895e+01 1.377200785901416293e-03
3.235430824044175097e+03 1.046704000414905167e+01 1.385036129998499892e-03
3.235433139079274952e+03 1.046459710309465407e+01 1.381949729161334765e-03
3.235435454114491222e+03 1.046045969280272558e+01 1.375860224476251406e-03
3.235437769149591531e+03 1.046100148013012010e+01 1.375504311235904503e-03
3.235440084184807347e+03 1.046320697578811654e+01 1.377226896277248874e-03
3.235442399220022708e+03 1.046276244906684383e+01 1.376149706841194855e-03
3.235444714255239887e+03 1.046226550403486577e+01 1.375126740100107671e-03
3.235447029290456157e+03 1.046473658500388737e+01 1.376967215865343604e-03
3.235449344325671518e+03 1.046426899184550052e+01 1.375626017395268838e-03
3.235451659360887788e+03 1.046523410224232364e+01 1.376099002193242101e-03
3.235453974396104059e+03 1.046796839207902075e+01 1.378644726107370027e-03
3.235456289431320329e+03 1.046722475548317455e+01 1.377186933976306529e-03
3.235458604466535689e+03 1.046693702886391542e+01 1.375784491110596539e-03
3.235460919501868375e+03 1.046950300102250431e+01 1.379227701867022848e-03
3.235463234537084645e+03 1.046831626957778738e+01 1.376679881339549745e-03
3.235465549572300915e+03 1.047032515566296063e+01 1.378459428695056515e-03
3.235467864607632691e+03 1.047078841879391575e+01 1.378309678255029919e-03
3.235470179642965377e+03 1.046721837073173944e+01 1.374560653398885059e-03
3.235472494678181647e+03 1.047036356967367610e+01 1.376344880553161901e-03
3.235474809713515242e+03 1.047158247668714814e+01 1.377050610537781244e-03
3.235477124748847018e+03 1.046754660040665641e+01 1.371164416646947215e-03
3.235479439784178794e+03 1.046845991554216937e+01 1.371855777311650759e-03
3.235481754819510570e+03 1.047343926581230278e+01 1.377568272427512862e-03
3.235484069854844165e+03 1.047353965271832799e+01 1.377166317654236445e-03
3.235486384890176851e+03 1.047072170882559838e+01 1.373382269022552964e-03
3.235488699925508627e+03 1.046999854384022655e+01 1.371374913260932230e-03
3.235491014960842222e+03 1.046814284046469368e+01 1.368419265821214925e-03
3.235493329996174907e+03 1.047379917933104210e+01 1.374743548223429862e-03
3.235495645031623098e+03 1.047108443119618038e+01 1.370749404742595875e-03
3.235497960066955784e+03 1.047478323881215445e+01 1.374782901664212001e-03
3.235500275102403975e+03 1.047632230595416836e+01 1.375815483256090811e-03
3.235502590137735751e+03 1.046721048067773907e+01 1.364574006142374929e-03
3.235504905173185762e+03 1.047139397770995473e+01 1.368364298742968032e-03
3.235507220208634863e+03 1.046947862163622034e+01 1.365710606059582092e-03
3.235509535243968003e+03 1.047050424024613235e+01 1.366854060303932016e-03
3.235511850279416649e+03 1.046800976704778741e+01 1.363493027336701822e-03
3.235514165314865750e+03 1.046802426127481489e+01 1.362717626202231179e-03
3.235516480350313941e+03 1.047073600518572256e+01 1.365123993086154531e-03
3.235518795385762132e+03 1.047289029813922667e+01 1.367954913813415130e-03
3.235521110421211233e+03 1.047207611727833232e+01 1.365800780574968291e-03
3.235523425456661244e+03 1.047164254382701998e+01 1.364625841640213421e-03
3.235525740492110344e+03 1.047338819391737985e+01 1.366460003951271282e-03
3.235528055527558990e+03 1.047349512287439310e+01 1.365756758127991896e-03
3.235530370563124961e+03 1.047347931581624891e+01 1.364776609417003026e-03
3.235532685598573153e+03 1.047520129019812885e+01 1.365996272307162676e-03
3.235535000634137759e+03 1.046881046606921117e+01 1.358142116709113193e-03
3.235537315669586860e+03 1.046868357183997489e+01 1.358427858573794033e-03
3.235539630705152376e+03 1.046703329599703025e+01 1.355162000702902830e-03
3.235541945740600568e+03 1.047092019322640866e+01 1.359250669981767979e-03
3.235544260776166084e+03 1.046993156529458702e+01 1.357546425505293383e-03
3.235546575811732964e+03 1.046960066013697599e+01 1.357588162619910660e-03
3.235548890847181610e+03 1.047446717900485957e+01 1.362219006384308680e-03
3.235551205882747126e+03 1.046842436469884063e+01 1.353861219379250917e-03
3.235553520918311733e+03 1.047173300266247331e+01 1.357867274130243693e-03
3.235555835953877249e+03 1.047239611620956978e+01 1.359128019449168433e-03
3.235558150989441856e+03 1.047186265163416152e+01 1.356651997099431184e-03
3.235560466025007372e+03 1.046982748890922466e+01 1.355145392263162364e-03
3.235562781060571979e+03 1.046680278621831128e+01 1.349941617818817058e-03
3.235565096096138404e+03 1.047276027489126982e+01 1.357237952351935230e-03
3.235567411131821245e+03 1.047256621650889485e+01 1.356339879577471647e-03
3.235569726167385852e+03 1.047065420724058349e+01 1.354362860666365230e-03
3.235572041202951368e+03 1.046897609056752287e+01 1.351315956803660892e-03
3.235574356238632390e+03 1.046661000057228819e+01 1.348220673626046454e-03
3.235576671274197906e+03 1.046837553008395716e+01 1.350536254959344273e-03
3.235578986309878928e+03 1.047044593558286607e+01 1.353097819104482746e-03
3.235581301345444444e+03 1.046590473828961443e+01 1.346312114177015398e-03
3.235583616381126376e+03 1.047023705191595333e+01 1.350957551464758042e-03
3.235585931416809217e+03 1.046743739725371292e+01 1.348222833663247208e-03
3.235588246452374733e+03 1.046792449608663844e+01 1.348119619897650842e-03
3.235590561488055755e+03 1.046671285403793661e+01 1.346697834865479698e-03
3.235592876523737687e+03 1.047072822674465797e+01 1.350826790406813634e-03
3.235595191559418708e+03 1.046744804796448847e+01 1.347364578987050344e-03
3.235597506595099730e+03 1.046900660063481148e+01 1.348502952765809944e-03
3.235599821630781662e+03 1.047075967707088751e+01 1.350167021540782820e-03
3.235602136666463593e+03 1.046498640558156623e+01 1.343299264099219762e-03
3.235604451702145980e+03 1.046786559107009396e+01 1.346101921102785563e-03
3.235606766737828366e+03 1.047349368323490459e+01 1.351587838268115309e-03
3.235609081773626713e+03 1.047000020617740468e+01 1.348600995008914817e-03
3.235611396809307735e+03 1.046768545832935615e+01 1.345140195486421849e-03
3.235613711844988757e+03 1.046723934111828846e+01 1.345455427584566887e-03
3.235616026880787103e+03 1.046808413955508854e+01 1.344956115111300282e-03
3.235618341916468125e+03 1.046828154241272202e+01 1.345172107005589450e-03
3.235620656952266927e+03 1.046872311526639976e+01 1.344647130651562082e-03
3.235622971987949313e+03 1.046531171594653387e+01 1.341170226607916061e-03
3.235625287023747660e+03 1.047011364535489264e+01 1.346357025078846617e-03
3.235627602059429591e+03 1.046605412976414407e+01 1.341583030026186106e-03
3.235629917095227484e+03 1.046324391882598981e+01 1.338138278277220929e-03
3.235632232131025376e+03 1.046928700313157279e+01 1.345591668639542753e-03
3.235634547166823722e+03 1.046191187163224612e+01 1.335764247977061329e-03
3.235636862202504744e+03 1.046449654880451874e+01 1.339190853459066091e-03
3.235639177238303091e+03 1.046287267165112844e+01 1.336567949403630025e-03
3.235641492274101438e+03 1.046997632923342714e+01 1.345580801540748788e-03
3.235643807309899785e+03 1.046295402302788702e+01 1.337471345750697836e-03
3.235646122345698132e+03 1.046204016363149591e+01 1.334969309021726046e-03
3.235648437382544216e+03 1.046551025874505214e+01 1.339289733373160611e-03
3.235650752418341654e+03 1.046883462352442606e+01 1.342854100640417537e-03
3.235653067454140000e+03 1.046557346180400216e+01 1.339070129367173588e-03
3.235655382489938347e+03 1.046641293956918695e+01 1.339992134631733198e-03
3.235657697525852200e+03 1.046003724061941043e+01 1.331897886923960996e-03
3.235660012561651001e+03 1.046590251580837538e+01 1.339069134673795793e-03
3.235662327597448893e+03 1.046548442425192071e+01 1.337862427065563027e-03
3.235664642633363655e+03 1.046248660376430450e+01 1.334382615545473159e-03
3.235666957669162912e+03 1.046010334585948520e+01 1.331362022013084711e-03
3.235669272705076764e+03 1.046787682549612519e+01 1.339859742012885699e-03
3.235671587740874202e+03 1.045913551971291433e+01 1.330354872131854754e-03
3.235673902776788509e+03 1.046291969810043376e+01 1.333424585410728077e-03
3.235676217812703726e+03 1.046615125310991168e+01 1.337331965993624697e-03
3.235678532848502073e+03 1.046126512784283769e+01 1.331569074023478648e-03
3.235680847884416835e+03 1.046278503602922427e+01 1.333197837500486220e-03
3.235683162920331597e+03 1.046169728657667797e+01 1.332255570786780542e-03
3.235685477956246359e+03 1.046254878060241822e+01 1.331982086455548451e-03
3.235687792992160212e+03 1.046149522715371383e+01 1.331288780675172860e-03
3.235690108027957649e+03 1.046219584448360251e+01 1.331791160519019872e-03
3.235692423063872411e+03 1.046464178341265772e+01 1.335101347786374782e-03
3.235694738099787173e+03 1.046805834850227157e+01 1.338334780929521838e-03
3.235697053135702845e+03 1.046161336087507010e+01 1.330160661255608799e-03
3.235699368171733113e+03 1.046408924472076230e+01 1.332515965248278920e-03
3.235701683207647875e+03 1.046187694212119368e+01 1.329631493157675242e-03
3.235703998243562637e+03 1.046219992314916247e+01 1.330755725542886493e-03
3.235706313279477399e+03 1.046776310430890256e+01 1.336682762762466965e-03
3.235708628315391252e+03 1.046175949222914880e+01 1.329072125636256109e-03
3.235710943351422429e+03 1.046896087445249002e+01 1.336756868907109817e-03
3.235713258387337191e+03 1.046349558282732772e+01 1.330803178443460289e-03
3.235715573423251953e+03 1.045929298128137219e+01 1.325863760629811998e-03
3.235717888459282221e+03 1.046573607252535609e+01 1.333516570200009039e-03
3.235720203495196984e+03 1.046092257676756354e+01 1.326956688277787857e-03
3.235722518531228161e+03 1.046163777380769844e+01 1.328646820206300398e-03
3.235724833567142468e+03 1.046415146207280777e+01 1.329835317971426447e-03
3.235727148603173191e+03 1.046185240044606957e+01 1.327179817294356053e-03
3.235729463639204369e+03 1.046315356584794998e+01 1.328285289241246201e-03
3.235731778675119131e+03 1.046098202875944949e+01 1.325634262160023955e-03
3.235734093711151218e+03 1.046328450626979212e+01 1.327625756190300077e-03
3.235736408747181486e+03 1.046336055246016805e+01 1.327849893694450778e-03
3.235738723783211753e+03 1.046422926368655126e+01 1.328166269261730299e-03
3.235741038819242931e+03 1.045851536579965924e+01 1.321374974452183167e-03
3.235743353855157693e+03 1.046919139890304074e+01 1.333745823464775864e-03
3.235745668891188870e+03 1.046170938487460411e+01 1.324680835599519870e-03
3.235747983927219138e+03 1.046621528743808227e+01 1.328775984897984704e-03
3.235750298963251225e+03 1.046565151768240121e+01 1.328678791355924604e-03
3.235752613999282403e+03 1.046558169415402162e+01 1.327942427749629261e-03
3.235754929035429086e+03 1.046826856899654778e+01 1.330685712496578084e-03
3.235757244071460264e+03 1.046493858161634094e+01 1.327032196854464928e-03
3.235759559107491441e+03 1.046481316415901652e+01 1.326566845931375672e-03
3.235761874143521709e+03 1.046558476985987163e+01 1.326592675957791179e-03
3.235764189179552886e+03 1.046785036302590477e+01 1.329178546551931621e-03
3.235766504215584064e+03 1.046725595954708155e+01 1.327696396990979974e-03
3.235768819251731657e+03 1.046901608376044379e+01 1.328930279255335738e-03
3.235771134287763743e+03 1.046856882401394095e+01 1.328883604783054036e-03
3.235773449323910427e+03 1.046879883867043581e+01 1.328950542041946233e-03
3.235775764359940695e+03 1.046745533424776653e+01 1.325973190288135765e-03
3.235778079395971872e+03 1.046661320950923901e+01 1.325187173350734181e-03
3.235780394432118555e+03 1.047146255722704922e+01 1.330794627960687300e-03
3.235782709468149733e+03 1.047090748875392308e+01 1.329113759993181274e-03
3.235785024504298235e+03 1.047451197847007975e+01 1.332910982509958242e-03
3.235787339540445828e+03 1.047147422125038041e+01 1.329014048756276250e-03
3.235789654576477005e+03 1.047240137105555036e+01 1.330339102538909699e-03
3.235791969612623689e+03 1.046993270925899822e+01 1.326646527846793953e-03
3.235794284648771281e+03 1.047098885762599707e+01 1.327184040634115563e-03
3.235796599684801549e+03 1.047414588894286425e+01 1.331181306736594749e-03
3.235798914720949142e+03 1.047368791988736447e+01 1.329680116269307084e-03
3.235801229757095825e+03 1.047236387716369066e+01 1.327684302522318159e-03
3.235803544793244328e+03 1.047540498870269232e+01 1.331602499340115136e-03
3.235805859829391920e+03 1.047555367633080614e+01 1.330866720916298873e-03
3.235808174865540423e+03 1.047006416098335535e+01 1.324278859838095386e-03
3.235810489901687106e+03 1.047677677097271065e+01 1.332982287640518959e-03
3.235812804937833789e+03 1.047770993173928389e+01 1.332194457091859241e-03
3.235815119973981382e+03 1.047528743998163492e+01 1.329537964163172688e-03
3.235817435010128065e+03 1.047763317516235304e+01 1.331994530376206468e-03
3.235819750046274748e+03 1.047740917438184027e+01 1.331203229339909247e-03
3.235822065082423251e+03 1.047661244826439919e+01 1.330459781714623353e-03
3.235824380118571753e+03 1.048007268017686755e+01 1.333181042498582467e-03
3.235826695154719346e+03 1.048031484968647398e+01 1.333518180017519020e-03
3.235829010190866029e+03 1.048519598199079361e+01 1.339316594084856730e-03
3.235831325227129128e+03 1.048136372996934895e+01 1.333824092411774360e-03
3.235833640263276720e+03 1.047881691757210021e+01 1.331176091997731369e-03
3.235835955299424313e+03 1.048260968319732989e+01 1.335230056592393716e-03
3.235838270335687412e+03 1.048148266833738873e+01 1.333471665816572151e-03
3.235840585371835004e+03 1.047924717616422718e+01 1.330387746135214093e-03
3.235842900407983961e+03 1.048586089618279971e+01 1.338341518119219890e-03
3.235845215444248424e+03 1.048721565088863983e+01 1.339078248710090123e-03
3.235847530480395108e+03 1.048659144422051526e+01 1.338836112125928266e-03
3.235849845516658206e+03 1.047953220639393912e+01 1.329846218828368816e-03
3.235852160552805799e+03 1.048283919006361486e+01 1.333098387981331749e-03
3.235854475589068898e+03 1.048641339498367486e+01 1.336452499495959260e-03
3.235856790625215581e+03 1.048635163617162291e+01 1.336284484752695099e-03
3.235859105661479589e+03 1.048743499411288482e+01 1.337095261826383658e-03
3.235861420697744506e+03 1.048818303859547285e+01 1.337525105252065092e-03
3.235863735733893009e+03 1.048348739560649179e+01 1.332266887056085623e-03
3.235866050770156107e+03 1.048931079465654648e+01 1.338730374506392259e-03
3.235868365806419206e+03 1.048756414561339945e+01 1.336392446922994972e-03
3.235870680842683214e+03 1.048712824794540666e+01 1.335625518740043332e-03
3.235872995878830807e+03 1.048554750506321476e+01 1.334353535077179107e-03
3.235875310915093905e+03 1.049019399161308819e+01 1.339033044936994554e-03
3.235877625951357913e+03 1.049314429269689875e+01 1.340917996085481739e-03
3.235879940987622376e+03 1.048949221574022950e+01 1.337485435950519193e-03
3.235882256023886839e+03 1.049226962987196288e+01 1.339928704491495735e-03
3.235884571060150847e+03 1.048897022275671276e+01 1.336777952290718000e-03
3.235886886096413946e+03 1.048899959684791838e+01 1.335231391459083556e-03
3.235889201132677499e+03 1.049592797167023583e+01 1.343762178454876608e-03
3.235891516168941052e+03 1.049269074777154032e+01 1.338922952156960900e-03
3.235893831205204151e+03 1.049604186763698976e+01 1.342090633746004019e-03
3.235896146241468159e+03 1.049823069758761562e+01 1.345255524404288285e-03
3.235898461277732167e+03 1.049849219123672484e+01 1.344845923940670611e-03
3.235900776313997085e+03 1.049310190273659416e+01 1.338230538410418394e-03
3.235903091350261093e+03 1.049612943733528425e+01 1.341108871557680987e-03
3.235905406386640607e+03 1.049516049906878123e+01 1.340503131688596710e-03
3.235907721422904615e+03 1.049980428584697378e+01 1.345461418285640118e-03
3.235910036459167713e+03 1.050227433797427956e+01 1.347713812769801931e-03
3.235912351495431722e+03 1.049733939648630177e+01 1.341736841140149560e-03
3.235914666531812145e+03 1.050169734795078824e+01 1.346275996763458306e-03
3.235916981568075244e+03 1.049354106872922188e+01 1.336770457623694293e-03
3.235919296604340161e+03 1.049928517488557311e+01 1.343151177757779960e-03
3.235921611640720585e+03 1.050045184987767399e+01 1.343343016419262749e-03
3.235923926676984593e+03 1.050126066444651229e+01 1.345157392235040274e-03
3.235926241713247691e+03 1.050460415931533475e+01 1.348167926790321079e-03
3.235928556749628115e+03 1.050192638907230247e+01 1.345213961193046865e-03
3.235930871785891213e+03 1.050107981650955047e+01 1.342947464530705936e-03
3.235933186822270727e+03 1.050283436959889904e+01 1.345926263386400690e-03
3.235935501858535645e+03 1.050259664763446565e+01 1.345487428735912903e-03
3.235937816894916068e+03 1.050459188252664511e+01 1.346471093768582435e-03
3.235940131931180076e+03 1.050318391581666688e+01 1.345040692273828577e-03
3.235942446967561409e+03 1.050851916681187781e+01 1.350970009892048500e-03
3.235944762003940923e+03 1.050941458264954775e+01 1.351953461422435773e-03
3.235947077040204476e+03 1.050698296515487762e+01 1.349177266115859182e-03
3.235949392076584445e+03 1.050855575554054155e+01 1.350944236598381702e-03
3.235951707112963959e+03 1.050765841531150002e+01 1.349680647113100755e-03
3.235954022149227967e+03 1.050664890002546947e+01 1.347644062328078301e-03
3.235956337185609300e+03 1.051229745638610780e+01 1.354401352748732653e-03
3.235958652221989723e+03 1.050849485252711091e+01 1.349007931817282997e-03
3.235960967258370147e+03 1.051007621517762303e+01 1.350792645598382878e-03
3.235963282294634155e+03 1.050995282411924947e+01 1.349923524683441277e-03
3.235965597331013669e+03 1.051288028134392327e+01 1.353082808665042073e-03
3.235967912367393183e+03 1.050783507970978370e+01 1.347986852733770551e-03
3.235970227403772697e+03 1.051203002866130554e+01 1.352091873225187832e-03
3.235972542440154029e+03 1.051107579630861011e+01 1.350207463339131138e-03
3.235974857476534453e+03 1.051151477589910854e+01 1.349796466131568786e-03
3.235977172512914876e+03 1.051107379050072232e+01 1.350627129220904020e-03
3.235979487549296209e+03 1.051522948415201775e+01 1.354344713320003273e-03
3.235981802585675723e+03 1.051464948655179299e+01 1.354091441631592382e-03
3.235984117622056147e+03 1.051178236342976291e+01 1.350148096358783816e-03
3.235986432658434751e+03 1.051144748376688476e+01 1.350282708841602343e-03
3.235988747694815174e+03 1.051459723501415944e+01 1.354082205091048470e-03
3.235991062731196052e+03 1.051778461453275781e+01 1.356688165667127360e-03
3.235993377767576476e+03 1.050903700516418482e+01 1.345818192989588213e-03
3.235995692803956445e+03 1.051779043730448571e+01 1.355685634561434568e-03
3.235998007840336868e+03 1.051322908176811310e+01 1.350034974673503321e-03
3.236000322876718201e+03 1.051568602716351464e+01 1.353160710609550973e-03
3.236002637913097715e+03 1.051074451551926714e+01 1.346899926429125181e-03
3.236004952949593644e+03 1.051054408928686357e+01 1.346622475715741982e-03
3.236007267985973158e+03 1.051449415423783229e+01 1.350779072249468429e-03
3.236009583022354036e+03 1.051552966877124540e+01 1.352169817419938448e-03
3.236011898058734914e+03 1.051852053890440075e+01 1.356021274412706756e-03
3.236014213095115338e+03 1.051543172489683542e+01 1.351982688492093902e-03
3.236016528131612176e+03 1.051679248063624961e+01 1.353534184091219469e-03
3.236018843167992600e+03 1.051574926281900524e+01 1.351835684137933386e-03
3.236021158204372114e+03 1.051498688437089157e+01 1.350261605992542557e-03
3.236023473240868498e+03 1.051610372555086848e+01 1.351217550468516299e-03
3.236025788277248466e+03 1.051458678170587824e+01 1.349315310528822077e-03
3.236028103313628890e+03 1.051522312921029823e+01 1.350241974473978795e-03
3.236030418350125728e+03 1.052140966118307652e+01 1.358216227257933372e-03
3.236032733386506152e+03 1.051124019508961993e+01 1.344950599468031343e-03
3.236035048423002991e+03 1.051841763204216029e+01 1.354268668854987289e-03
3.236037363459384324e+03 1.051521319877561034e+01 1.348894234976468626e-03
3.236039678495880253e+03 1.051688545314326362e+01 1.351869769792718185e-03
3.236041993532259767e+03 1.051535288830732107e+01 1.349602689628419568e-03
3.236044308568755696e+03 1.051645203771099268e+01 1.349865389511477548e-03
3.236046623605137029e+03 1.051739205704298818e+01 1.351580664124812665e-03
3.236048938641633868e+03 1.052010256299598367e+01 1.353671105935515652e-03
3.236051253678014291e+03 1.051973584291417474e+01 1.354144437436988592e-03
3.236053568714510220e+03 1.051929200557114719e+01 1.353333089232600876e-03
3.236055883750890644e+03 1.052001507007599557e+01 1.353644315355495174e-03
3.236058198787387482e+03 1.051604513564587684e+01 1.349100890233061742e-03
3.236060513823884321e+03 1.052060561614830370e+01 1.354165800094291007e-03
3.236062828860263835e+03 1.051750320103156078e+01 1.352077188672960858e-03
3.236065143896760674e+03 1.051657116209953458e+01 1.349347575737463003e-03
3.236067458933141097e+03 1.051903717284285378e+01 1.351861386222256859e-03
3.236069773969637936e+03 1.051602670581745613e+01 1.348876291887912649e-03
3.236072089006134775e+03 1.051326744369102784e+01 1.344624686145507808e-03
3.236074404042631613e+03 1.051591801557094286e+01 1.348155779745131280e-03
3.236076719079011127e+03 1.052199358715831679e+01 1.356294063712290077e-03
3.236079034115507966e+03 1.051886550621234306e+01 1.352475235380597727e-03
3.236081349152004805e+03 1.051298634434030532e+01 1.344651920280622200e-03
3.236083664188501643e+03 1.052083743597188814e+01 1.353555557205535177e-03
3.236085979224882067e+03 1.051645914395961512e+01 1.347876090253334342e-03
3.236088294261378906e+03 1.051678742832882385e+01 1.348713378545105717e-03
3.236090609297874835e+03 1.051911397483180544e+01 1.350409324219722582e-03
3.236092924334371673e+03 1.051221184155567379e+01 1.342901344824158454e-03
3.236095239370868512e+03 1.051531862841627252e+01 1.346275400579502804e-03
3.236097554407248481e+03 1.051966540120263716e+01 1.350682586149321105e-03
3.236099869443744865e+03 1.051632697227535829e+01 1.347600042200606087e-03
3.236102184480241704e+03 1.051588662933955654e+01 1.347034883591565358e-03
3.236104499516738997e+03 1.052079903323548571e+01 1.352117757104272407e-03
3.236106814553235381e+03 1.051612485493772908e+01 1.346222995791457322e-03
3.236109129589732220e+03 1.051590843445326939e+01 1.346952762979935743e-03
3.236111444626228149e+03 1.052065398646702477e+01 1.351183246521283797e-03
3.236113759662724988e+03 1.052048322526573543e+01 1.350881662208106666e-03
3.236116074699221826e+03 1.051715614871359072e+01 1.346836998777963456e-03
3.236118389735717756e+03 1.052121015440796903e+01 1.352867279270807219e-03
3.236120704772215049e+03 1.052270074635425878e+01 1.354121319706942357e-03
3.236123019808712343e+03 1.051862922307708814e+01 1.349260371629634747e-03
3.236125334845209181e+03 1.051448312956591380e+01 1.343886937127251099e-03
3.236127649881705111e+03 1.051878058566156859e+01 1.348465195728319266e-03
3.236129964918201040e+03 1.051703570920286346e+01 1.347242533108491177e-03
3.236132279954697879e+03 1.051658113705036435e+01 1.345995839115759086e-03
3.236134594991194717e+03 1.051662566966200174e+01 1.346200001573332698e-03
3.236136910027691556e+03 1.051590954421105906e+01 1.345605950779798360e-03
3.236139225064189304e+03 1.051464377130796279e+01 1.343456687716122365e-03
3.236141540100686143e+03 1.051895889475999368e+01 1.349097221698986699e-03
3.236143855137182072e+03 1.051331451108906201e+01 1.342547987513878537e-03
3.236146170173794417e+03 1.051753905194880190e+01 1.346574096400134958e-03
3.236148485210291255e+03 1.051646295701563716e+01 1.345765716070373855e-03
3.236150800246788094e+03 1.051503440914244081e+01 1.343813469294068575e-03
3.236153115283284933e+03 1.051523158114632928e+01 1.344162307379810932e-03
3.236155430319781772e+03 1.051474004544257390e+01 1.343791591531215066e-03
3.236157745356278610e+03 1.051466180229751934e+01 1.343803790362031432e-03
3.236160060392891864e+03 1.051381642881090528e+01 1.343171906943951572e-03
3.236162375429387794e+03 1.051315760031229019e+01 1.342426409872934500e-03
3.236164690465883723e+03 1.051816311500253320e+01 1.348363301965427915e-03
3.236167005502380562e+03 1.051856810328703595e+01 1.348077435010453266e-03
3.236169320538878310e+03 1.051370151923499030e+01 1.342156749308609466e-03
3.236171635575490654e+03 1.051227610697242376e+01 1.341235993103910172e-03
3.236173950611987493e+03 1.051363033605509401e+01 1.341318435269918830e-03
3.236176265648485241e+03 1.051489957882551707e+01 1.342460620307865150e-03
3.236178580684981171e+03 1.051662435470748491e+01 1.346129298109841228e-03
3.236180895721594425e+03 1.050988605990923652e+01 1.336701494001415764e-03
3.236183210758090354e+03 1.051505404414938916e+01 1.343322207644123559e-03
3.236185525794587193e+03 1.051583636457334592e+01 1.344395699420568302e-03
3.236187840831199537e+03 1.051485064668159453e+01 1.342895277628627969e-03
3.236190155867697285e+03 1.051502854724003555e+01 1.343631338527810030e-03
3.236192470904193215e+03 1.051538693324423335e+01 1.343455911214269964e-03
3.236194785940806923e+03 1.051264669198651980e+01 1.340681246592232995e-03
3.236197100977304217e+03 1.050810210813984824e+01 1.335979770982969250e-03
3.236199416013800146e+03 1.051663324237436115e+01 1.345015346781343411e-03
3.236201731050413400e+03 1.051217205875217608e+01 1.339926038513079625e-03
3.236204046086909329e+03 1.051609674019619156e+01 1.344120343882861286e-03
3.236206361123521674e+03 1.051041924103130043e+01 1.338106126870291981e-03
3.236208676160018967e+03 1.051158029171532604e+01 1.340250712607051137e-03
3.236210991196516261e+03 1.051355833953638985e+01 1.341660999597450981e-03
3.236213306233129970e+03 1.051221753123818914e+01 1.339952146842050612e-03
3.236215621269627263e+03 1.051134246576509135e+01 1.337835433882901071e-03
3.236217936306238698e+03 1.050875561018062854e+01 1.336192095587385815e-03
3.236220251342735537e+03 1.051142600672431016e+01 1.338307808151726263e-03
3.236222566379232376e+03 1.050908778647804453e+01 1.335600979695587614e-03
3.236224881415844720e+03 1.050812101210979321e+01 1.334914967207677643e-03
3.236227196452342014e+03 1.051298620773318859e+01 1.340352882612197470e-03
3.236229511488955723e+03 1.051376412709088903e+01 1.341605882161385661e-03
3.236231826525451652e+03 1.050825457116819628e+01 1.334237150141970307e-03
3.236234141562065815e+03 1.051056351802797195e+01 1.336622872003363598e-03
3.236236456598561745e+03 1.051078390672119767e+01 1.337716287120440349e-03
3.236238771635174089e+03 1.051343666545891686e+01 1.340466014478396573e-03
3.236241086671670928e+03 1.051392759545185918e+01 1.340621221730831352e-03
3.236243401708284182e+03 1.050829395035013292e+01 1.334326674889333699e-03
3.236245716744781021e+03 1.050900098660964943e+01 1.334494518635861125e-03
3.236248031781394275e+03 1.051240303534561704e+01 1.338842513976449102e-03
3.236250346817891113e+03 1.051148139572164197e+01 1.337726260156812128e-03
3.236252661854504368e+03 1.051441583314549533e+01 1.340279191547087429e-03
3.236254976891001206e+03 1.050750471269258490e+01 1.332603801407356839e-03
3.236257291927613551e+03 1.051109329666838299e+01 1.336202803822539873e-03
3.236259606964110390e+03 1.051303614693409294e+01 1.339559763133394733e-03
3.236261922000722734e+03 1.051652443253418134e+01 1.343496468201014647e-03
3.236264237037220028e+03 1.051348269260894774e+01 1.339657404852528195e-03
3.236266552073832827e+03 1.051367464633608151e+01 1.338829363761663950e-03
3.236268867110446081e+03 1.051270229459975347e+01 1.338539837677407609e-03
3.236271182146943829e+03 1.051153875716366315e+01 1.336943056733809650e-03
3.236273497183556174e+03 1.051311368643189859e+01 1.338386108088027463e-03
3.236275812220052103e+03 1.051399036825504041e+01 1.340041020302036459e-03
3.236278127256665357e+03 1.050891671016461260e+01 1.333572143723139392e-03
3.236280442293162196e+03 1.051371514901532045e+01 1.339366639867851667e-03
3.236282757329773631e+03 1.051302488502012977e+01 1.338914258328435325e-03
3.236285072366387794e+03 1.051744282585206491e+01 1.343279889333225076e-03
3.236287387402884633e+03 1.050794282668346646e+01 1.331927712906050927e-03
3.236289702439498797e+03 1.050724084677717940e+01 1.331705292564895355e-03
3.236292017475994726e+03 1.051401727987439827e+01 1.338959789645031030e-03
3.236294332512607980e+03 1.050836390011301447e+01 1.332283012608922882e-03
3.236296647549221234e+03 1.051640983042471333e+01 1.341447256763811770e-03
3.236298962585717163e+03 1.051104496887315420e+01 1.335120956300912560e-03
3.236301277622330417e+03 1.051062327747977498e+01 1.334793412311586049e-03
3.236303592658942762e+03 1.051303749296718770e+01 1.337780347385802201e-03
3.236305907695440965e+03 1.050714952734849383e+01 1.330063025257299542e-03
3.236308222732054674e+03 1.051070849238561067e+01 1.334595315526588633e-03
3.236310537768667018e+03 1.051311813236989678e+01 1.337669963663352772e-03
3.236312852805163857e+03 1.050811293000914759e+01 1.330531392749044906e-03
3.236315167841776201e+03 1.051403186429418390e+01 1.337474244928576507e-03
3.236317482878272131e+03 1.051283935615460763e+01 1.336771800664550121e-03
3.236319797914885385e+03 1.051550327376964766e+01 1.338433311347108018e-03
3.236322112951498639e+03 1.051737367936168610e+01 1.340810221379539055e-03
3.236324427987995932e+03 1.051678826919769882e+01 1.340452541338916625e-03
3.236326743024609641e+03 1.051555635092309338e+01 1.338296794925817115e-03
3.236329058061222895e+03 1.051502908268158976e+01 1.338742902055806757e-03
3.236331373097718824e+03 1.051642760226309115e+01 1.339171281471462135e-03
3.236333688134331169e+03 1.051948047142905907e+01 1.342684401351112739e-03
3.236336003170944423e+03 1.051355368028730375e+01 1.335627879269914511e-03
3.236338318207440352e+03 1.051813065188898833e+01 1.340797554507994552e-03
3.236340633244054061e+03 1.052148113570585153e+01 1.345443950435891867e-03
3.236342948280667770e+03 1.051632566215008069e+01 1.339526729046366851e-03
3.236345263317164608e+03 1.052118999788432951e+01 1.344327710212970877e-03
3.236347578353777863e+03 1.051795082203919662e+01 1.339794322774969133e-03
3.236349893390390207e+03 1.052109402068121113e+01 1.343777730485551380e-03
3.236352208427003461e+03 1.051681071180065175e+01 1.338501198260168236e-03
3.236354523463500300e+03 1.052150846066153278e+01 1.344030332062413555e-03
3.236356838500111735e+03 1.052020948777919251e+01 1.341276453690399238e-03
3.236359153536725898e+03 1.052164370845896890e+01 1.343282448460194874e-03
3.236361468573223647e+03 1.052121006029003780e+01 1.343191045153640031e-03
3.236363783609836901e+03 1.052063540227579530e+01 1.341903675502528022e-03
3.236366098646450155e+03 1.051899093756429338e+01 1.339615231565062644e-03
3.236368413682946084e+03 1.052740027322389871e+01 1.349556562997549208e-03
3.236370728719559338e+03 1.052338220843487093e+01 1.345266710924245598e-03
3.236373043756171683e+03 1.052330557345078432e+01 1.345016693419641245e-03
3.236375358792667612e+03 1.052292547465621553e+01 1.344001651717843370e-03
3.236377673829280866e+03 1.052221698445885778e+01 1.343025159044218628e-03
3.236379988865895029e+03 1.052331340242481161e+01 1.344458576382050359e-03
3.236382303902509193e+03 1.052358212607722265e+01 1.344387003541655306e-03
3.236384618939005122e+03 1.052329540995492252e+01 1.343085673825433757e-03
3.236386933975618376e+03 1.052281816647500534e+01 1.343973818494393398e-03
3.236389249012230721e+03 1.052706946334915727e+01 1.347307174677395440e-03
3.236391564048726650e+03 1.052469561871339998e+01 1.345130478390985833e-03
3.236393879085339904e+03 1.052804126240150318e+01 1.348233942740153851e-03
3.236396194121953158e+03 1.052587063581497517e+01 1.345560035593230388e-03
3.236398509158450906e+03 1.052543808730497688e+01 1.345019759536074909e-03
3.236400824195064160e+03 1.052791975616728593e+01 1.347233405500466736e-03
3.236403139231677415e+03 1.052759336193077999e+01 1.347501554496246309e-03
3.236405454268173344e+03 1.052629321014975972e+01 1.345138336472966522e-03
3.236407769304785688e+03 1.052800423203007441e+01 1.346836595205536677e-03
3.236410084341398488e+03 1.053103527516539906e+01 1.350509918851716890e-03
3.236412399378011287e+03 1.053158428234764443e+01 1.350767540739052823e-03
3.236414714414507216e+03 1.053172999186496739e+01 1.350982306688036649e-03
3.236417029451121380e+03 1.053016668254319121e+01 1.349189786501070855e-03
3.236419344487735998e+03 1.053183818089332924e+01 1.350866080342815780e-03
3.236421659524232382e+03 1.053488567184437130e+01 1.354173735953465019e-03
3.236423974560844727e+03 1.052945991026312456e+01 1.347351810519534406e-03
3.236426289597457526e+03 1.053142471384419565e+01 1.349207467227293150e-03
3.236428604633953910e+03 1.053579812995802278e+01 1.354442336609692566e-03
3.236430919670567164e+03 1.052916950397831464e+01 1.346746817666124489e-03
3.236433234707179508e+03 1.053453033433506647e+01 1.351976925054212226e-03
3.236435549743677257e+03 1.053437814352229118e+01 1.351949043290755388e-03
3.236437864780291420e+03 1.053487808619824939e+01 1.352519056746241980e-03
3.236440179816904674e+03 1.053597464828640895e+01 1.353496382411843550e-03
3.236442494853399694e+03 1.053606378152415957e+01 1.353654326861250231e-03
3.236444809890012948e+03 1.053308894411039276e+01 1.349218053172888737e-03
3.236447124926626202e+03 1.053455869770740350e+01 1.351354257603771571e-03
3.236449439963122131e+03 1.053426749835963960e+01 1.351360432239589191e-03
3.236451754999735385e+03 1.054239088802768265e+01 1.360209481332238417e-03
3.236454070036349549e+03 1.053408651764755533e+01 1.350015448210176204e-03
3.236456385072847297e+03 1.053983760318361007e+01 1.356982672891581063e-03
3.236458700109458732e+03 1.053664737528147199e+01 1.353125635214708035e-03
3.236461015146071986e+03 1.053435039754409352e+01 1.350153061176945874e-03
3.236463330182568825e+03 1.053939615167641719e+01 1.355433225316263549e-03
3.236465645219181170e+03 1.053737289979580893e+01 1.352938256809334576e-03
3.236467960255677099e+03 1.054165947665121017e+01 1.357449623548058178e-03
3.236470275292290353e+03 1.054027787253997595e+01 1.356607184775964403e-03
3.236472590328904516e+03 1.054166102075999056e+01 1.357913576388873568e-03
3.236474905365402265e+03 1.054326441048269025e+01 1.359711125845592837e-03
3.236477220402014609e+03 1.053616544981987602e+01 1.350434037182451094e-03
3.236479535438627863e+03 1.054021339880759101e+01 1.354960996989902416e-03
3.236481850475123792e+03 1.053917724501887143e+01 1.354113765913528234e-03
3.236484165511736137e+03 1.053879031099153352e+01 1.353686020233218525e-03
3.236486480548232976e+03 1.054133681685070378e+01 1.355939137687759647e-03
3.236488795584846230e+03 1.054080920137024258e+01 1.355458781791829548e-03
3.236491110621459939e+03 1.053790436784563056e+01 1.351527710975987005e-03
3.236493425657958142e+03 1.054305652151295369e+01 1.358070258912724227e-03
3.236495740694569577e+03 1.054433412709540896e+01 1.359347308876652670e-03
3.236498055731066415e+03 1.054609240950680338e+01 1.361568212663392171e-03
3.236500370767678760e+03 1.054387475257491147e+01 1.358930898435598434e-03
3.236502685804292014e+03 1.054288854961363953e+01 1.357388543672709454e-03
3.236505000840788853e+03 1.054215668941594863e+01 1.356174682734531808e-03
3.236507315877401197e+03 1.053917248386807337e+01 1.352634070437194833e-03
3.236509630913898945e+03 1.054460156168667950e+01 1.358351468290141303e-03
3.236511945950513109e+03 1.054518781599548305e+01 1.359834684328434283e-03
3.236514260987009038e+03 1.054417322848628658e+01 1.358131211391625827e-03
3.236516576023622292e+03 1.054288359586696444e+01 1.357458450437027059e-03
3.236518891060118222e+03 1.054611205179663180e+01 1.359856324385248045e-03
3.236521206096730566e+03 1.054516511807526413e+01 1.358780127887154613e-03
3.236523521133343820e+03 1.054434400694629304e+01 1.358445961916802513e-03
3.236525836169839749e+03 1.054230260329606139e+01 1.355492145769828525e-03
3.236528151206454822e+03 1.054558162482351413e+01 1.359525523632545193e-03
3.236530466242951661e+03 1.054441157100632687e+01 1.357395656471526183e-03
3.236532781279564460e+03 1.054676097155575754e+01 1.361413348314289423e-03
3.236535096316060844e+03 1.054658355187688201e+01 1.361407653326298251e-03
3.236537411352673189e+03 1.054950738080138706e+01 1.363834661082027845e-03
3.236539726389170028e+03 1.054589819259749106e+01 1.359623806668073826e-03
3.236542041425783282e+03 1.054053071884678161e+01 1.353360533369375859e-03
3.236544356462279211e+03 1.054408832159766440e+01 1.357281471205764624e-03
3.236546671498892465e+03 1.054480446956156925e+01 1.358464012835272107e-03
3.236548986535390213e+03 1.054376549706121935e+01 1.357275784934632934e-03
3.236551301572003467e+03 1.054355836502377208e+01 1.356922834151915499e-03
3.236553616608500306e+03 1.054506078030273031e+01 1.359873133915489099e-03
3.236555931644996235e+03 1.054859216144791390e+01 1.362268922510554304e-03
3.236558246681608580e+03 1.054662987013421116e+01 1.360967829374754023e-03
3.236560561718105419e+03 1.054507114203311957e+01 1.358457189952090929e-03
3.236562876754717763e+03 1.054417765823940911e+01 1.357641282932435869e-03
3.236565191791215057e+03 1.054312540087854444e+01 1.356334354124962482e-03
3.236567506827828765e+03 1.054683644483254490e+01 1.360986910297545469e-03
3.236569821864325604e+03 1.053916804258314954e+01 1.351433556853456983e-03
3.236572136900822443e+03 1.054611776402235179e+01 1.360520223164537459e-03
3.236574451937435697e+03 1.054571729143024506e+01 1.358449552915239923e-03
3.236576766973931626e+03 1.054389366263083438e+01 1.357314967193431554e-03
3.236579082010544880e+03 1.053816483898934209e+01 1.351002256895471060e-03
3.236581397047040809e+03 1.054619196532048875e+01 1.359280335632563445e-03
3.236583712083537648e+03 1.054246075623518308e+01 1.354810253445283118e-03
3.236586027120151812e+03 1.054303646276700768e+01 1.356236473216409447e-03
3.236588342156648650e+03 1.053765769618026127e+01 1.350203566411497472e-03
3.236590657193144580e+03 1.053654299627164015e+01 1.349847862309495666e-03
3.236592972229757834e+03 1.054443327150329424e+01 1.357999037209005333e-03
3.236595287266254672e+03 1.053755118369116239e+01 1.350976244533732716e-03
3.236597602302750602e+03 1.054153246054990944e+01 1.354937600143077230e-03
3.236599917339362946e+03 1.053822271598233051e+01 1.351476264537615664e-03
3.236602232375859785e+03 1.054032927443960155e+01 1.354813818676017453e-03
3.236604547412357988e+03 1.053774652624151820e+01 1.351554301146958102e-03
3.236606862448971697e+03 1.053629523512058519e+01 1.349941028425965693e-03
3.236609177485467626e+03 1.053753303770086447e+01 1.351156192410409062e-03
3.236611492521963555e+03 1.053518300953435194e+01 1.348928718065628982e-03
3.236613807558460394e+03 1.053587999101851658e+01 1.349534140912499658e-03
3.236616122595072738e+03 1.053388902317519715e+01 1.347698934982672053e-03
3.236618437631568668e+03 1.053548538747857677e+01 1.349226938149111809e-03
3.236620752668065961e+03 1.053759196354513605e+01 1.352060139980882552e-03
3.236623067704564164e+03 1.053370576077543141e+01 1.347390111908979872e-03
3.236625382741177418e+03 1.053514714591998924e+01 1.349604969060619634e-03
3.236627697777674257e+03 1.053525036728484032e+01 1.349603626517384414e-03
3.236630012814170186e+03 1.053605936441449487e+01 1.350884311668768814e-03
3.236632327850666115e+03 1.053524986213177073e+01 1.350504926625250689e-03
3.236634642887162954e+03 1.053505001496039206e+01 1.349850891711208874e-03
3.236636957923658883e+03 1.053435541421791477e+01 1.349335518608196435e-03
3.236639272960272137e+03 1.053063509088974392e+01 1.345544506690978187e-03
3.236641587996769886e+03 1.053310349861169115e+01 1.348446421484860791e-03
3.236643903033266724e+03 1.052903549046903464e+01 1.343794108548371832e-03
3.236646218069763563e+03 1.053139259004593242e+01 1.346284499588890331e-03
3.236648533106260402e+03 1.053038278189059085e+01 1.345660765367828618e-03
3.236650848142756331e+03 1.053083704231979922e+01 1.346188555788858411e-03
3.236653163179252260e+03 1.052878481155842216e+01 1.344158960220137155e-03
3.236655478215864605e+03 1.052908747310851112e+01 1.344464409170538456e-03
3.236657793252362353e+03 1.052213124367096242e+01 1.337430348222616236e-03
3.236660108288860101e+03 1.052700138293842969e+01 1.342732337551304092e-03
3.236662423325356940e+03 1.052549681469004739e+01 1.340861385328018240e-03
3.236664738361853779e+03 1.052187640015595704e+01 1.337262889715219770e-03
3.236667053398349708e+03 1.052628503438994301e+01 1.342239585066710419e-03
3.236669368434845637e+03 1.052141087949233800e+01 1.336981425265886415e-03
3.236671683471341566e+03 1.052512847803030738e+01 1.341475719631193570e-03
3.236673998507838405e+03 1.052475442943638662e+01 1.341757453136094031e-03
3.236676313544335244e+03 1.052528328829585469e+01 1.341721715554464569e-03
3.236678628580832992e+03 1.052298789960749303e+01 1.339350637877627023e-03
3.236680943617330740e+03 1.052096907393289449e+01 1.337096031749331537e-03
3.236683258653826670e+03 1.052295949708729772e+01 1.339916953711119433e-03
3.236685573690322599e+03 1.052509936477795094e+01 1.342719661278367164e-03
3.236687888726819438e+03 1.051888450476332793e+01 1.335016619386209706e-03
3.236690203763315367e+03 1.052279834654273216e+01 1.339829571430168221e-03
3.236692518799812206e+03 1.052600161229351983e+01 1.343648322242106284e-03
3.236694833836309044e+03 1.051753979093005853e+01 1.333932375687255740e-03
3.236697148872806792e+03 1.052769265458071324e+01 1.346224552534590162e-03
3.236699463909187216e+03 1.051905501695992839e+01 1.336528982276257967e-03
3.236701778945683145e+03 1.051983062531774138e+01 1.336743338635583162e-03
3.236704093982179984e+03 1.051974910150287812e+01 1.336729397444183726e-03
3.236706409018675913e+03 1.052212511994282451e+01 1.339189005348983370e-03
3.236708724055172752e+03 1.051946232827543248e+01 1.336961564734099554e-03
3.236711039091668681e+03 1.051882986615658488e+01 1.335614751018895235e-03
3.236713354128165975e+03 1.052187176672106617e+01 1.339476756524471792e-03
3.236715669164546853e+03 1.051911594390019822e+01 1.336217927608319587e-03
3.236717984201043691e+03 1.052135392777301526e+01 1.338283152213820765e-03
3.236720299237540530e+03 1.051943473876128543e+01 1.336255479573618182e-03
3.236722614274037369e+03 1.052103858650843726e+01 1.339153454430480703e-03
3.236724929310533298e+03 1.052081518081672407e+01 1.338516684107028069e-03
3.236727244346912812e+03 1.051678205071686634e+01 1.333667526651702686e-03
3.236729559383409651e+03 1.051762839492363177e+01 1.334280164323539556e-03
3.236731874419907399e+03 1.051881631476085133e+01 1.335990488550426250e-03
3.236734189456404238e+03 1.051779290058121674e+01 1.334763766444117252e-03
3.236736504492784661e+03 1.051889055533042594e+01 1.336588822651971816e-03
3.236738819529280590e+03 1.052117198003608500e+01 1.338697241212651219e-03
3.236741134565777429e+03 1.051818759545764159e+01 1.335738725696984652e-03
3.236743449602156943e+03 1.051510875751528218e+01 1.332281796474299104e-03
3.236745764638653782e+03 1.051799740256766036e+01 1.334544080150158220e-03
3.236748079675150620e+03 1.051762862102915541e+01 1.334526062873379621e-03
3.236750394711531044e+03 1.052003350277080074e+01 1.337586203211989320e-03
3.236752709748027883e+03 1.051836341787974760e+01 1.336476739573715274e-03
3.236755024784409215e+03 1.051645615620759422e+01 1.334390692228865343e-03
3.236757339820905145e+03 1.052062065733675134e+01 1.337972881438377788e-03
3.236759654857401074e+03 1.051775761298883971e+01 1.333859124494612709e-03
3.236761969893780588e+03 1.052168310759242686e+01 1.339121734055150840e-03
3.236764284930277427e+03 1.051880941551230464e+01 1.335908132503955525e-03
3.236766599966657850e+03 1.052071669556702815e+01 1.337467408047312905e-03
3.236768915003154689e+03 1.051688831176759464e+01 1.333469069750001885e-03
3.236771230039536022e+03 1.052137178229430248e+01 1.338162190728663060e-03
3.236773545076032860e+03 1.052208230010840850e+01 1.339530758595377071e-03
3.236775860112412374e+03 1.052389605366685466e+01 1.341692327746906452e-03
3.236778175148909213e+03 1.052065156411547520e+01 1.337435888416923895e-03
3.236780490185288727e+03 1.052219335874821837e+01 1.339592693906135152e-03
3.236782805221784656e+03 1.052100269418009404e+01 1.337813639098956895e-03
3.236785120258165989e+03 1.052150839218360545e+01 1.338324468316095649e-03
3.236787435294662828e+03 1.052545880306500337e+01 1.343428319921390621e-03
3.236789750331043251e+03 1.051891719322156149e+01 1.335518884718743743e-03
3.236792065367423675e+03 1.051980264356604522e+01 1.336789051298528912e-03
3.236794380403919604e+03 1.051770267646837098e+01 1.332988561229922356e-03
3.236796695440300027e+03 1.052141725841906350e+01 1.338509248009200079e-03
3.236799010476796866e+03 1.052064195581550266e+01 1.336951920831846823e-03
3.236801325513176380e+03 1.052638846547142926e+01 1.343197652973699818e-03
3.236803640549556803e+03 1.052138254014546526e+01 1.337505250760067342e-03
3.236805955586053642e+03 1.052270940852652181e+01 1.340710559869644084e-03
3.236808270622434975e+03 1.052175051492086411e+01 1.339165314700408544e-03
3.236810585658815398e+03 1.052311231821142812e+01 1.340355670798257974e-03
3.236812900695194912e+03 1.051791038037192294e+01 1.333752719698236668e-03
3.236815215731691751e+03 1.052436881336291563e+01 1.341472294889057421e-03
3.236817530768071265e+03 1.052466604450022558e+01 1.341511151595819107e-03
3.236819845804451688e+03 1.052432584006251304e+01 1.341100208980536236e-03
3.236822160840832112e+03 1.051584833534706931e+01 1.331369443924545343e-03
3.236824475877212535e+03 1.052285857345233744e+01 1.339350450523194274e-03
3.236826790913709374e+03 1.052267295065909636e+01 1.339135678740790980e-03
3.236829105950089797e+03 1.052314294618200918e+01 1.338925857183689188e-03
3.236831420986470221e+03 1.052360499992110832e+01 1.339934777310139956e-03
3.236833736022849735e+03 1.052448748143978818e+01 1.341085951995486889e-03
3.236836051059230158e+03 1.052171606830510697e+01 1.338704610135081586e-03
3.236838366095609672e+03 1.052301935780748821e+01 1.338867634876663706e-03
3.236840681131990095e+03 1.052144120159214324e+01 1.337379720866312040e-03
3.236842996168487844e+03 1.052301882884566098e+01 1.338822894350722098e-03
3.236845311204868267e+03 1.052166106131626222e+01 1.337502360808982046e-03
3.236847626241248690e+03 1.052734172154621639e+01 1.344317549024023114e-03
3.236849941277628204e+03 1.052430169323499420e+01 1.340316259560542797e-03
3.236852256314007718e+03 1.052872952535591899e+01 1.344849726652866742e-03
3.236854571350388142e+03 1.051962901203891754e+01 1.335545671439618146e-03
3.236856886386769020e+03 1.052574239113212684e+01 1.342425224000996309e-03
3.236859201423149898e+03 1.052485674143796679e+01 1.341535589402273552e-03
3.236861516459529412e+03 1.052581975893874322e+01 1.341859454776703426e-03
3.236863831495792965e+03 1.052607950956043048e+01 1.341940050158347978e-03
3.236866146532173843e+03 1.052352367478761153e+01 1.339722291125382487e-03
3.236868461568554267e+03 1.052470313197270002e+01 1.341062889069473060e-03
3.236870776604933781e+03 1.052644124152203098e+01 1.342766199630192380e-03
3.236873091641314204e+03 1.052523898989620577e+01 1.340889645718213547e-03
3.236875406677694627e+03 1.052293550716636972e+01 1.338695016264562819e-03
3.236877721714075051e+03 1.052309569066594364e+01 1.338558261220400454e-03
3.236880036750454565e+03 1.052542125416822039e+01 1.341552402554913427e-03
3.236882351786719028e+03 1.052555069041380165e+01 1.341130040646549551e-03
3.236884666823099906e+03 1.052153449727492074e+01 1.336525093569751422e-03
3.236886981859479420e+03 1.052152747286744372e+01 1.337721581681041057e-03
3.236889296895859843e+03 1.052974328952739036e+01 1.346182234801546066e-03
3.236891611932122942e+03 1.052595422774632716e+01 1.342133447178047324e-03
3.236893926968504275e+03 1.052310070107771800e+01 1.338521377053682833e-03
3.236896242004883788e+03 1.052752554840777854e+01 1.343784248951333067e-03
3.236898557041264212e+03 1.052666431642769496e+01 1.342388557462656897e-03
3.236900872077528220e+03 1.052755204644027565e+01 1.343440330798428145e-03
3.236903187113908643e+03 1.052635568930889676e+01 1.342263014335294677e-03
3.236905502150288157e+03 1.052720745443581585e+01 1.342484692244731281e-03
3.236907817186552165e+03 1.052641486032243989e+01 1.341373004460880321e-03
3.236910132222931679e+03 1.052750244933021051e+01 1.342254929151935052e-03
3.236912447259196597e+03 1.053020032287788865e+01 1.346673362945848126e-03
3.236914762295577020e+03 1.052863630396576156e+01 1.343745737199216741e-03
3.236917077331956534e+03 1.052739898114016093e+01 1.342022450505291932e-03
3.236919392368220997e+03 1.052548163237763035e+01 1.341346887533980542e-03
3.236921707404601875e+03 1.052759274532289169e+01 1.342250214635064840e-03
3.236924022440864974e+03 1.053030894708777332e+01 1.345420883467458644e-03
3.236926337477245397e+03 1.052749641186987439e+01 1.342051007188381538e-03
3.236928652513508496e+03 1.052734244208918568e+01 1.341649173790214087e-03
3.236930967549888919e+03 1.052992832895333031e+01 1.344950618541946750e-03
3.236933282586152927e+03 1.053383505776526086e+01 1.348800758134139494e-03
3.236935597622416481e+03 1.053118024825631949e+01 1.346497926519005500e-03
3.236937912658797359e+03 1.052960208831584765e+01 1.344634112403195192e-03
3.236940227695061367e+03 1.052599211449742889e+01 1.339539639582156818e-03
3.236942542731441790e+03 1.052765003977390279e+01 1.341905490762408584e-03
3.236944857767704889e+03 1.053102549192139215e+01 1.345523455319287643e-03
3.236947172803968897e+03 1.053028211455073659e+01 1.344629326807916195e-03
3.236949487840232905e+03 1.052965661502935824e+01 1.343815680363667255e-03
3.236951802876613328e+03 1.052947818199569063e+01 1.344176162693615402e-03
3.236954117912876427e+03 1.052750472449747932e+01 1.341020054294368323e-03
3.236956432949141345e+03 1.053157399386857840e+01 1.345247394353816031e-03
3.236958747985521768e+03 1.053590490928518264e+01 1.350168978165683549e-03
3.236961063021784867e+03 1.053692549536627787e+01 1.351066997187355418e-03
3.236963378058048875e+03 1.053329988148921714e+01 1.347934492753060645e-03
3.236965693094312883e+03 1.053299397349521982e+01 1.347173156060569319e-03
3.236968008130576891e+03 1.053372331656800576e+01 1.348301788355476920e-03
3.236970323166839989e+03 1.053416286074321562e+01 1.348145250319519699e-03
3.236972638203220413e+03 1.053054680621491457e+01 1.344684888430401149e-03
3.236974953239483966e+03 1.053169562954315452e+01 1.346291099846013729e-03
3.236977268275748429e+03 1.053214876632049979e+01 1.345619754085018108e-03
3.236979583312012437e+03 1.053477931124216838e+01 1.349001432044856768e-03
3.236981898348275536e+03 1.053273727261314363e+01 1.346165871802472522e-03
3.236984213384539544e+03 1.053437956986108759e+01 1.348122128501257370e-03
3.236986528420803552e+03 1.054034755540980939e+01 1.355589800095244758e-03
3.236988843457066650e+03 1.053043341115880516e+01 1.343873651831670006e-03
3.236991158493330659e+03 1.053140455658455821e+01 1.345564012400158205e-03
3.236993473529594667e+03 1.052915006234362494e+01 1.343038665690886703e-03
3.236995788565858675e+03 1.053342367188562179e+01 1.347037381345762841e-03
3.236998103602122683e+03 1.053246222878596505e+01 1.345784690052476140e-03
3.237000418638386691e+03 1.053836840368072458e+01 1.353072112384923935e-03
3.237002733674650699e+03 1.053118542354622633e+01 1.344267349150330510e-03
3.237005048710798292e+03 1.053660259747002570e+01 1.350684298262986791e-03
3.237007363747061390e+03 1.053103119285978018e+01 1.344391567813634338e-03
3.237009678783325398e+03 1.053595991813695321e+01 1.350020605836326154e-03
3.237011993819588952e+03 1.053373450580152770e+01 1.347876326235609946e-03
3.237014308855853415e+03 1.053731647290494955e+01 1.351687385947815010e-03
3.237016623892000098e+03 1.053432701632171309e+01 1.348219458101023805e-03
3.237018938928264106e+03 1.053552984308891638e+01 1.348883162390088729e-03
3.237021253964528114e+03 1.053602730531318166e+01 1.350107288461457541e-03
3.237023569000792122e+03 1.053712040885255874e+01 1.351199023941287948e-03
3.237025884036939715e+03 1.053350743188379290e+01 1.347525572085215163e-03
3.237028199073202813e+03 1.053271354464055420e+01 1.345941171540399528e-03
3.237030514109466822e+03 1.053758889227647799e+01 1.351881930395847911e-03
3.237032829145615324e+03 1.053583982712256528e+01 1.349513058314980767e-03
3.237035144181878422e+03 1.053791821648901461e+01 1.352203670561869658e-03
3.237037459218026015e+03 1.053881886904039789e+01 1.354283996479261482e-03
3.237039774254290023e+03 1.053775782997531252e+01 1.351859480322114941e-03
3.237042089290553122e+03 1.053416243488422310e+01 1.346812225655258984e-03
3.237044404326700715e+03 1.053251475942730231e+01 1.346007347120790421e-03
3.237046719362964723e+03 1.053448017941111203e+01 1.349993412926896522e-03
3.237049034399112315e+03 1.053747568479312591e+01 1.351913314800897966e-03
3.237051349435376324e+03 1.053529117916198388e+01 1.349480096270312159e-03
3.237053664471523007e+03 1.053380919331185162e+01 1.347618613200873838e-03
3.237055979507671054e+03 1.053430117757279660e+01 1.347328367356249003e-03
3.237058294543934608e+03 1.053186094074823664e+01 1.345781866547952205e-03
3.237060609580082200e+03 1.053534855722175578e+01 1.349243166815327580e-03
3.237062924616346208e+03 1.053533582127220036e+01 1.349102953275751115e-03
3.237065239652492892e+03 1.053745895105605612e+01 1.351778379228112548e-03
3.237067554688640939e+03 1.053591880873352338e+01 1.350295472505384266e-03
3.237069869724905402e+03 1.053135368772148261e+01 1.345021791726262739e-03
3.237072184761052085e+03 1.053221366939302328e+01 1.345946301872742506e-03
3.237074499797199678e+03 1.053571817731892324e+01 1.350082533545076020e-03
3.237076814833347271e+03 1.053288081154863498e+01 1.346964449377424568e-03
3.237079129869611279e+03 1.053407157349963086e+01 1.348229049882012634e-03
3.237081444905757962e+03 1.053162255339104014e+01 1.345821365663531655e-03
3.237083759941904646e+03 1.053179470337729029e+01 1.345915937099627542e-03
3.237086074978053148e+03 1.053320575794025871e+01 1.348774396050079951e-03
3.237088390014200741e+03 1.053575684584065186e+01 1.350954509540293769e-03
3.237090705050348333e+03 1.053101341832609528e+01 1.344756534942102887e-03
3.237093020086495926e+03 1.053230902450344786e+01 1.346286090151292171e-03
3.237095335122759479e+03 1.053004572404556249e+01 1.344017657859606068e-03
3.237097650158906617e+03 1.052804504922489848e+01 1.342712649386504451e-03
3.237099965195054210e+03 1.052951321199452117e+01 1.343578606737872837e-03
3.237102280231200893e+03 1.052960070451618790e+01 1.344576964039293594e-03
3.237104595267348941e+03 1.052891979690592450e+01 1.343112524164758077e-03
3.237106910303496079e+03 1.052824061095176233e+01 1.343594690129713614e-03
3.237109225339527256e+03 1.052709971406115663e+01 1.341844479421706133e-03
3.237111540375675759e+03 1.052950465849161077e+01 1.344550279265907186e-03
3.237113855411822442e+03 1.052620032312922049e+01 1.340982353496774282e-03
3.237116170447969125e+03 1.052352365981391813e+01 1.338275231765203264e-03
3.237118485484116718e+03 1.052943753201663313e+01 1.345794126209842690e-03
3.237120800520264311e+03 1.052239453147051762e+01 1.337333301398788317e-03
3.237123115556411904e+03 1.052287586150149679e+01 1.338254228244109469e-03
3.237125430592443081e+03 1.052448568892545744e+01 1.339333484066054661e-03
3.237127745628590674e+03 1.052431223717639419e+01 1.340197187745007044e-03
3.237130060664738266e+03 1.052358003970776323e+01 1.339287038493578970e-03
3.237132375700885859e+03 1.052358619578327215e+01 1.339426526717993554e-03
3.237134690736916127e+03 1.052389929385834755e+01 1.339732975094682027e-03
3.237137005773063720e+03 1.052785409830019958e+01 1.344585778744219204e-03
3.237139320809210403e+03 1.052083035584782067e+01 1.336443391513527203e-03
3.237141635845241581e+03 1.052287478378565666e+01 1.338776799315662342e-03
3.237143950881390083e+03 1.051832214493667195e+01 1.334601270243712104e-03
3.237146265917537676e+03 1.052257751244483330e+01 1.339841575575401829e-03
3.237148580953568853e+03 1.051859773180188640e+01 1.335754529659975362e-03
3.237150895989715536e+03 1.051751190498561073e+01 1.333681217414073479e-03
3.237153211025746714e+03 1.051752732983035443e+01 1.334477863753698486e-03
3.237155526061893397e+03 1.051896453140866505e+01 1.335960261772167713e-03
3.237157841097923665e+03 1.051876115389447364e+01 1.336512995149469543e-03
3.237160156134071258e+03 1.051794120737743832e+01 1.335183209295344280e-03
3.237162471170104254e+03 1.051776895392215749e+01 1.335291238745425291e-03
3.237164786206251847e+03 1.051711650719982138e+01 1.334271013371197750e-03
3.237167101242282115e+03 1.051289119581902298e+01 1.330052983363472002e-03
3.237169416278313292e+03 1.051547621305086189e+01 1.333532720940234064e-03
3.237171731314459976e+03 1.051629262613101190e+01 1.334526569489305698e-03
3.237174046350491153e+03 1.051093141855879942e+01 1.327958989189672407e-03
3.237176361386521421e+03 1.051767002099621351e+01 1.335927423440532846e-03
3.237178676422669014e+03 1.051342817587969947e+01 1.332362423867736829e-03
3.237180991458701101e+03 1.051271449264043589e+01 1.332124665247683181e-03
3.237183306494732278e+03 1.051073200718775169e+01 1.328831237752159476e-03
3.237185621530763001e+03 1.050829020768991739e+01 1.325881404895203628e-03
3.237187936566793724e+03 1.051193495586690929e+01 1.330405788294557884e-03
3.237190251602941316e+03 1.050849989538431295e+01 1.327610162822241268e-03
3.237192566638971584e+03 1.050869747074241367e+01 1.326649448322546462e-03
3.237194881675001852e+03 1.051043266718920854e+01 1.330714294661952809e-03
3.237197196711033939e+03 1.051059539890136918e+01 1.330456026504829407e-03
3.237199511747066026e+03 1.050993275204549171e+01 1.329776525397749357e-03
3.237201826783097204e+03 1.050757112034861684e+01 1.327251624206187818e-03
3.237204141819127472e+03 1.050935439424619133e+01 1.329637524647208540e-03
3.237206456855157739e+03 1.050529700712938208e+01 1.325002650651070169e-03
3.237208771891188917e+03 1.050698548063776450e+01 1.327091720944714379e-03
3.237211086927219185e+03 1.050196183071982148e+01 1.321863683172306647e-03
3.237213401963250362e+03 1.050705976559540922e+01 1.326591555811036964e-03
3.237215716999281995e+03 1.050329975274259375e+01 1.322599224953794131e-03
3.237218032035313627e+03 1.050252286416606040e+01 1.322858965637248654e-03
3.237220347071228389e+03 1.049975552514544930e+01 1.319627493752185488e-03
3.237222662107258657e+03 1.050035730203764395e+01 1.321573269379158018e-03
3.237224977143289834e+03 1.050012314914039457e+01 1.320992243881369743e-03
3.237227292179320102e+03 1.050135318821375741e+01 1.321779660624161634e-03
3.237229607215351280e+03 1.050389816781569507e+01 1.325080157870825318e-03
3.237231922251265132e+03 1.049818557070495650e+01 1.317976311148719203e-03
3.237234237287297219e+03 1.049972475924151993e+01 1.320214423279677043e-03
3.237236552323329306e+03 1.049339564932451552e+01 1.313486119579102690e-03
3.237238867359243159e+03 1.049811673397125134e+01 1.319240418204811228e-03
3.237241182395274336e+03 1.050077920186773994e+01 1.322218664380192792e-03
3.237243497431304604e+03 1.049849976013239150e+01 1.320148001406607841e-03
3.237245812467219366e+03 1.049746353989342040e+01 1.318676330686447155e-03
3.237248127503249634e+03 1.049645483115000744e+01 1.317673870957722934e-03
3.237250442539165306e+03 1.049191842322199619e+01 1.312953612991546578e-03
3.237252757575196938e+03 1.049461350161018736e+01 1.315876368314737328e-03
3.237255072611112155e+03 1.049555583616201559e+01 1.317345540758911538e-03
3.237257387647142423e+03 1.049587174726180194e+01 1.317220121420149782e-03
3.237259702683057185e+03 1.049682535561318275e+01 1.318596484335506818e-03
3.237262017719087453e+03 1.049597003560892006e+01 1.318587054242534914e-03
3.237264332760007164e+03 1.049447748570314864e+01 1.316388543537512024e-03
3.237266647795921472e+03 1.049922986351742082e+01 1.322115131890798856e-03
3.237268962831953104e+03 1.049139187519499217e+01 1.313474530973857786e-03
3.237271277867868776e+03 1.049564638726746502e+01 1.317802397439270376e-03
3.237273592903783538e+03 1.049512095990728433e+01 1.318138848942075874e-03
3.237275907939698300e+03 1.049216716882503420e+01 1.314769180052709641e-03
3.237278222975728568e+03 1.049704062681979799e+01 1.321155533951920294e-03
3.237280538011643330e+03 1.049142132676288952e+01 1.313383723482648788e-03
3.237282853047557182e+03 1.049288789119810872e+01 1.315237611222396181e-03
3.237285168083471945e+03 1.049489067467899339e+01 1.317036232866698308e-03
3.237287483119386707e+03 1.049061786067591839e+01 1.313172584513408198e-03
3.237289798155417884e+03 1.049448413286257953e+01 1.319421058550572035e-03
3.237292113191332646e+03 1.049497226329005350e+01 1.319167044407810541e-03
3.237294428227247408e+03 1.049294052229147134e+01 1.315917810163250070e-03
3.237296743263162170e+03 1.049249807016455271e+01 1.316140024055971773e-03
3.237299058299076023e+03 1.049219514804405406e+01 1.315051864060999640e-03
3.237301373334989876e+03 1.049242357486652821e+01 1.315338346595674134e-03
3.237303688370904638e+03 1.049294686250250308e+01 1.316284438033339232e-03
3.237306003406820309e+03 1.049051405357206868e+01 1.313750004687787082e-03
3.237308318442735072e+03 1.048943972027363891e+01 1.313816717787300069e-03
3.237310633478533418e+03 1.048864185603293997e+01 1.310696876178697604e-03
3.237312948514448181e+03 1.048601224754581551e+01 1.308805713890150027e-03
3.237315263550362033e+03 1.048772187418394530e+01 1.311029860970143283e-03
3.237317578586275886e+03 1.049336104554139126e+01 1.317863403577044677e-03
3.237319893622189738e+03 1.048688206405141266e+01 1.310370915838804254e-03
3.237322208658104955e+03 1.048971581692494048e+01 1.312716625650195727e-03
3.237324523693903757e+03 1.049324230571936134e+01 1.317851685903691792e-03
3.237326838729818974e+03 1.049144938877722666e+01 1.315240658543854937e-03
3.237329153765734191e+03 1.049049565806684825e+01 1.314427847503104544e-03
3.237331468801531628e+03 1.048569342163606777e+01 1.309517451635708925e-03
3.237333783837446390e+03 1.048803147268154135e+01 1.311660412221361729e-03
3.237336098873360243e+03 1.048775380822058345e+01 1.310679390521699754e-03
3.237338413909157680e+03 1.049113650466993342e+01 1.314798577923983894e-03
3.237340728945073351e+03 1.048839872098155013e+01 1.312765850368540366e-03
3.237343043980871698e+03 1.049002361072372835e+01 1.314188120312107053e-03
3.237345359016786006e+03 1.048467591622781647e+01 1.307511299173197850e-03
3.237347674052584807e+03 1.048755804079368481e+01 1.311136789915191706e-03
3.237349989088498660e+03 1.048531161259371025e+01 1.307928635018137768e-03
3.237352304124297007e+03 1.048755113399272432e+01 1.311654414063389033e-03
3.237354619160094444e+03 1.048331943032429336e+01 1.306573372476082639e-03
3.237356934196009206e+03 1.048654080237677277e+01 1.311022822515345125e-03
3.237359249231807553e+03 1.048566654197100689e+01 1.309150640470761956e-03
3.237361564267605900e+03 1.048861447943088443e+01 1.312915921752894066e-03
3.237363879303520662e+03 1.048582929919449569e+01 1.309161175811309830e-03
3.237366194339319463e+03 1.048772075219083533e+01 1.311631558030642696e-03
3.237368509375117355e+03 1.048796960361566377e+01 1.311996269246027986e-03
3.237370824410914793e+03 1.048596251362962661e+01 1.309672021247903616e-03
3.237373139446830010e+03 1.048882288433623877e+01 1.313419386228184115e-03
3.237375454482628811e+03 1.048623867701428303e+01 1.310008544751081142e-03
3.237377769518426248e+03 1.048568305007197310e+01 1.309069088812524337e-03
3.237380084554223686e+03 1.048624543615404825e+01 1.310463046140095643e-03
3.237382399590022942e+03 1.048967217929146045e+01 1.314086278703029955e-03
3.237384714625821289e+03 1.049026782028120230e+01 1.314585257144090368e-03
3.237387029661618726e+03 1.048824250065355734e+01 1.311793476704865152e-03
3.237389344697416163e+03 1.049095083982212095e+01 1.315231863484185451e-03
3.237391659733214965e+03 1.048860035967702942e+01 1.314078807928071874e-03
3.237393974769013766e+03 1.048778253336448252e+01 1.311751639610725818e-03
3.237396289804811204e+03 1.048511510666402202e+01 1.309084556158728084e-03
3.237398604840609551e+03 1.048289924701580844e+01 1.306913018863604297e-03
3.237400919876407897e+03 1.048703470844066388e+01 1.311027420417162220e-03
3.237403234912207154e+03 1.048045551282500298e+01 1.303077090443480754e-03
3.237405549947888176e+03 1.048360406632721009e+01 1.306762057444618881e-03
3.237407864983686068e+03 1.048734245461230685e+01 1.311418357055251427e-03
3.237410180019484869e+03 1.048411302058982386e+01 1.308049127706556198e-03
3.237412495055283216e+03 1.048678621846892867e+01 1.310506118015874761e-03
3.237414810090964238e+03 1.048417649334918345e+01 1.308256384548926819e-03
3.237417125126761675e+03 1.048627560746391296e+01 1.310299713771557496e-03
3.237419440162560932e+03 1.049010932618054959e+01 1.314393382833815502e-03
3.237421755198242863e+03 1.048990042091051222e+01 1.314312169010930674e-03
3.237424070234041210e+03 1.048865574300632986e+01 1.313028691880789144e-03
3.237426385269722232e+03 1.048172683499677404e+01 1.304788189252742035e-03
3.237428700305520579e+03 1.048602874729621348e+01 1.309442905596369666e-03
3.237431015341202510e+03 1.048563612568350223e+01 1.309396727684148613e-03
3.237433330377000857e+03 1.048946641822850978e+01 1.313137945599547043e-03
3.237435645412681879e+03 1.048901861491898480e+01 1.313499495951978360e-03
3.237437960448480226e+03 1.048498188234754025e+01 1.308652637482055417e-03
3.237440275484162157e+03 1.048447745002829556e+01 1.308911414129076143e-03
3.237442590519960959e+03 1.048568787970755523e+01 1.309897398688346631e-03
3.237444905555643345e+03 1.048831242171505984e+01 1.312333939712334802e-03
3.237447220591324367e+03 1.048744573641398858e+01 1.311438832041107510e-03
3.237449535627122714e+03 1.048657216818638815e+01 1.310136246632395869e-03
3.237451850662803736e+03 1.048869542123047793e+01 1.312665516374509527e-03
3.237454165698484758e+03 1.048236921622095430e+01 1.306218954413390599e-03
3.237456480734167599e+03 1.048854551239572963e+01 1.312346621487523162e-03
3.237458795769848621e+03 1.048729164920906065e+01 1.310728216611170994e-03
3.237461110805647877e+03 1.048752525890798282e+01 1.311279186160233109e-03
3.237463425841329808e+03 1.048916500568116206e+01 1.313706627517288120e-03
3.237465740877011740e+03 1.048849988122634258e+01 1.312723994429878301e-03
3.237468055912692762e+03 1.048926572444215388e+01 1.313362420317873381e-03
3.237470370948374693e+03 1.048958736977375494e+01 1.312988461870292839e-03
3.237472685984055715e+03 1.049004794246250682e+01 1.314843651066843018e-03
3.237475001019737647e+03 1.049269050959397021e+01 1.316984265470805271e-03
3.237477316055420033e+03 1.049073213119105219e+01 1.313623030007571605e-03
3.237479631091102419e+03 1.048959107859942463e+01 1.312519419179057623e-03
3.237481946126784351e+03 1.048949019564434870e+01 1.312297134649303022e-03
3.237484261162348957e+03 1.048730977593520564e+01 1.310616690115259551e-03
3.237486576198030889e+03 1.048695145585395672e+01 1.309688052806517447e-03
3.237488891233711911e+03 1.049005550215721350e+01 1.313641816866853614e-03
3.237491206269393842e+03 1.049098918362763477e+01 1.314182223661550112e-03
3.237493521305075774e+03 1.049221193358689419e+01 1.315215557827033484e-03
3.237495836340641290e+03 1.048979103440673022e+01 1.312669196710335119e-03
3.237498151376323221e+03 1.049548501511202936e+01 1.320008578457625885e-03
3.237500466412005153e+03 1.048800144772422627e+01 1.311261927360532530e-03
3.237502781447569760e+03 1.049219846050415761e+01 1.315018633003899344e-03
3.237505096483251691e+03 1.049152126653318362e+01 1.314535029481208629e-03
3.237507411518817207e+03 1.048990775228040917e+01 1.312091439619183977e-03
3.237509726554498229e+03 1.049328098840845236e+01 1.315955423403318862e-03
3.237512041590064655e+03 1.048951189130071882e+01 1.312591213875634539e-03
3.237514356625746586e+03 1.049087382756445486e+01 1.312806886187538628e-03
3.237516671661312103e+03 1.048954825251149359e+01 1.312105302914397817e-03
3.237518986696993124e+03 1.048989619837647602e+01 1.312780374842184572e-03
3.237521301732558641e+03 1.049015827482311813e+01 1.312067411766839903e-03
3.237523616768239663e+03 1.049149870315213740e+01 1.314372438654567380e-03
3.237525931803805179e+03 1.049159636643446980e+01 1.313812490641552266e-03
3.237528246839369785e+03 1.049146925427964128e+01 1.313897044040678508e-03
3.237530561875052626e+03 1.048999675194090031e+01 1.311949670802399059e-03
3.237532876910619052e+03 1.049353578270259746e+01 1.316312987304043246e-03
3.237535191946183659e+03 1.048809809648400915e+01 1.311486562297304800e-03
3.237537506981749175e+03 1.049359481693308638e+01 1.316766437322166574e-03
3.237539822017314691e+03 1.048909070551669664e+01 1.312016249402862562e-03
3.237542137052995713e+03 1.048871079025361475e+01 1.311867723900556233e-03
3.237544452088561229e+03 1.048841892566463763e+01 1.311616139085198260e-03
3.237546767124125836e+03 1.048891625193751764e+01 1.311926010049223107e-03
3.237549082159692261e+03 1.048812047582472040e+01 1.310613235798548841e-03
3.237551397195258687e+03 1.048772707982320185e+01 1.310341919117542515e-03
3.237553712230823294e+03 1.049005571891646404e+01 1.312966582915447511e-03
3.237556027266388810e+03 1.049042962685756031e+01 1.313096361764133331e-03
3.237558342301953417e+03 1.048403633397059842e+01 1.306307378299067460e-03
3.237560657337518478e+03 1.048637498297246751e+01 1.308526714268158468e-03
3.237562972372967124e+03 1.048882924225857671e+01 1.311680716967376058e-03
3.237565287408532640e+03 1.048759392822881686e+01 1.310790211121089189e-03
3.237567602444099066e+03 1.048581935955252753e+01 1.308547249190609302e-03
3.237569917479664582e+03 1.048904197777969749e+01 1.312795154976767161e-03
3.237572232515229189e+03 1.048794939184581132e+01 1.310875591864695683e-03
3.237574547550678290e+03 1.049007350832946628e+01 1.313209234902648626e-03
3.237576862586243806e+03 1.048936797990024061e+01 1.312791168722419501e-03
3.237579177621808412e+03 1.048559015065072053e+01 1.308737242340068723e-03
3.237581492657257513e+03 1.049398620741116517e+01 1.317967959584342291e-03
3.237583807692823029e+03 1.049108611098551869e+01 1.315424512321892742e-03
3.237586122728389000e+03 1.048594869731622659e+01 1.309490853017679021e-03
3.237588437763837646e+03 1.048659372731725981e+01 1.309966747841328225e-03
3.237590752799403162e+03 1.048385106972598990e+01 1.307422860190798723e-03
3.237593067834852263e+03 1.048591874507745914e+01 1.309462878555436903e-03
3.237595382870416870e+03 1.048787175957465223e+01 1.312104530413263793e-03
3.237597697905865971e+03 1.049080687042450677e+01 1.315666746709812096e-03
3.237600012941315072e+03 1.048646493431604831e+01 1.310684718503566000e-03
3.237602327976879678e+03 1.048602118542941675e+01 1.310341829226551163e-03
3.237604643012329689e+03 1.048639288361961874e+01 1.310777697637638363e-03
3.237606958047778789e+03 1.048125023686156787e+01 1.305404086158325509e-03
3.237609273083344306e+03 1.048568345143454117e+01 1.310133339916862020e-03
3.237611588118792497e+03 1.048479345405380236e+01 1.309327416338321778e-03
3.237613903154240688e+03 1.048656808721688094e+01 1.311412347604252971e-03
3.237616218189690699e+03 1.048477811929344305e+01 1.309444318035467422e-03
3.237618533225139799e+03 1.048531123358761086e+01 1.309562061241558708e-03
3.237620848260587991e+03 1.048009274858714690e+01 1.304567322382765198e-03
3.237623163296153962e+03 1.048512294619340679e+01 1.309927790959352278e-03
3.237625478331602608e+03 1.048266860394938860e+01 1.307659611878660231e-03
3.237627793367051709e+03 1.048193421500570288e+01 1.306810404697293952e-03
3.237630108402500809e+03 1.048265345901024936e+01 1.307776025888767336e-03
3.237632423437949910e+03 1.048088409339772298e+01 1.306128035297477981e-03
3.237634738473399011e+03 1.047626213169957055e+01 1.301270359689437727e-03
3.237637053508730787e+03 1.047962271764454556e+01 1.304988093862126603e-03
3.237639368544179888e+03 1.047903355754943178e+01 1.304334871187824013e-03
3.237641683579628989e+03 1.047880391917524712e+01 1.304610138827494523e-03
3.237643998615078090e+03 1.047859441204346354e+01 1.305216177927867203e-03
3.237646313650527190e+03 1.047674886556534979e+01 1.302994281739211849e-03
3.237648628685858966e+03 1.047673075477353066e+01 1.303645565186820066e-03
3.237650943721308067e+03 1.047726766480504956e+01 1.303608414289335413e-03
3.237653258756757168e+03 1.047171787080555028e+01 1.298056093967792438e-03
3.237655573792206269e+03 1.047294588886801137e+01 1.298985901061805361e-03
3.237657888827538045e+03 1.047554345196988201e+01 1.302801611356216652e-03
3.237660203862987146e+03 1.047343926333846831e+01 1.300013351415792119e-03
3.237662518898320741e+03 1.047020800650261485e+01 1.296968762497994554e-03
3.237664833933768932e+03 1.047296874217567897e+01 1.299605639564586522e-03
3.237667148969102072e+03 1.047528991100906026e+01 1.304555514600497191e-03
3.237669464004550719e+03 1.047481311520790470e+01 1.303218430108673371e-03
3.237671779039883404e+03 1.047161536676157212e+01 1.299279738915980675e-03
3.237674094075331595e+03 1.046664098195609327e+01 1.294874261222391486e-03
3.237676409110664281e+03 1.046926153113189706e+01 1.297284592712435666e-03
3.237678724145996966e+03 1.047016213866628576e+01 1.299551280936405784e-03
3.237681039181446067e+03 1.046855746570667733e+01 1.296999756317316352e-03
3.237683354216778753e+03 1.046324078725202078e+01 1.291926707212181060e-03
3.237685669252112348e+03 1.046766240997920860e+01 1.297405810829919872e-03
3.237687984287443214e+03 1.046555297832997056e+01 1.294513371836218457e-03
3.237690299322892315e+03 1.046181078529316011e+01 1.290431931703972307e-03
3.237692614358224091e+03 1.046407771800688558e+01 1.293480360790506042e-03
3.237694929393556777e+03 1.046790761251050483e+01 1.297866688718194404e-03
3.237697244428889917e+03 1.046139482844124124e+01 1.290958236880557957e-03
3.237699559464222148e+03 1.045960989319501344e+01 1.289098606359848206e-03
3.237701874499555743e+03 1.046050155142091853e+01 1.290415961899080187e-03
3.237704189534888428e+03 1.046043792489070157e+01 1.289595317015273124e-03
3.237706504570220204e+03 1.045348850768471038e+01 1.282774027428355140e-03
3.237708819605552890e+03 1.046046588355446083e+01 1.291096219051373218e-03
3.237711134640884666e+03 1.045725489314820145e+01 1.288796681038338610e-03
3.237713449676217351e+03 1.045907988141461153e+01 1.289707740966608345e-03
3.237715764711550037e+03 1.045671679585885805e+01 1.287957326196337033e-03
3.237718079746767216e+03 1.045649506093552894e+01 1.288592328176683174e-03
3.237720394782099902e+03 1.045867458304666542e+01 1.290437767441753123e-03
3.237722709817431678e+03 1.045614806605129310e+01 1.288315835176797458e-03
3.237725024852764363e+03 1.045233970970453186e+01 1.284362691340611325e-03
3.237727339887979724e+03 1.045347701671857976e+01 1.286190605330067094e-03
3.237729654923312410e+03 1.045092911738577968e+01 1.282923870978045161e-03
3.237731969958527770e+03 1.044831813515859409e+01 1.280189891506762446e-03
3.237734284993861365e+03 1.045232997118630891e+01 1.285485525761916699e-03
3.237736600029194051e+03 1.044985338359322569e+01 1.283821779918234256e-03
3.237738915064411231e+03 1.044956808986998098e+01 1.282558239714548390e-03
3.237741230099742097e+03 1.045213599975454599e+01 1.285347918658355819e-03
3.237743545134958367e+03 1.044768274711227463e+01 1.281178532079868017e-03
3.237745860170173728e+03 1.044422434918354803e+01 1.277089041625399006e-03
3.237748175205506413e+03 1.044677051851845562e+01 1.280589835533583023e-03
3.237750490240722684e+03 1.044609660523276595e+01 1.280966305185039051e-03
3.237752805276055369e+03 1.044463676782934947e+01 1.278458841930805567e-03
3.237755120311273004e+03 1.044293002938198889e+01 1.277290881055034855e-03
3.237757435346488819e+03 1.044418654960044890e+01 1.278676681178902855e-03
3.237759750381704180e+03 1.044098559643529889e+01 1.275139326701151378e-03
3.237762065416919995e+03 1.044415562515721163e+01 1.279209361502533105e-03
3.237764380452252226e+03 1.044360445473869703e+01 1.278785586959723178e-03
3.237766695487467587e+03 1.044285763580464099e+01 1.278105368647917397e-03
3.237769010522684766e+03 1.044316482443612060e+01 1.278880863762553921e-03
3.237771325557901946e+03 1.044207988226765593e+01 1.277708343489234247e-03
3.237773640593118216e+03 1.043959832169942459e+01 1.275578574826840509e-03
3.237775955628333577e+03 1.043544558348638596e+01 1.271740192155473761e-03
3.237778270663549847e+03 1.043739846126757875e+01 1.273743259031208299e-03
3.237780585698765208e+03 1.043647681466556953e+01 1.272805220345669562e-03
3.237782900733980568e+03 1.043144213636753825e+01 1.267252765197617688e-03
3.237785215769196839e+03 1.043650606682155946e+01 1.273531909765788801e-03
3.237787530804296694e+03 1.043459994871369290e+01 1.270639168240537444e-03
3.237789845839513873e+03 1.043295158454534466e+01 1.270376248790356082e-03
3.237792160874730143e+03 1.043438437014413189e+01 1.271496989569741469e-03
3.237794475909946414e+03 1.043422743857750490e+01 1.272086335671624140e-03
3.237796790945045359e+03 1.043366632921687653e+01 1.271483713996511338e-03
3.237799105980260720e+03 1.043222177829453656e+01 1.269219040348803324e-03
3.237801421015476990e+03 1.043144277399025732e+01 1.269565702540705358e-03
3.237803736050576845e+03 1.043367346988807398e+01 1.271800881577838304e-03
3.237806051085793115e+03 1.042792860902183349e+01 1.265313841146588694e-03
3.237808366120893879e+03 1.042859336668999504e+01 1.265599548210448672e-03
3.237810681156110149e+03 1.043022073806890937e+01 1.268170031735306111e-03
3.237812996191209095e+03 1.042730527399347373e+01 1.265384693247587631e-03
3.237815311226425365e+03 1.043144828584197903e+01 1.269910699005895446e-03
3.237817626261524310e+03 1.042917912157696492e+01 1.267514005832305309e-03
3.237819941296741035e+03 1.042728633960367901e+01 1.266050470094651041e-03
3.237822256331841345e+03 1.042976704381061737e+01 1.269060645568708540e-03
3.237824571366940290e+03 1.042726657073415453e+01 1.266460947030943101e-03
3.237826886402040145e+03 1.042651840887590886e+01 1.265555839384235534e-03
3.237829201437255961e+03 1.042647573453385590e+01 1.265618046116096657e-03
3.237831516472356270e+03 1.042617760843010721e+01 1.264595361030725583e-03
3.237833831507455216e+03 1.042576955509353098e+01 1.265084633435216693e-03
3.237836146542554161e+03 1.042727714493990554e+01 1.266545510365197150e-03
3.237838461577654925e+03 1.042216893253499066e+01 1.260784564430871869e-03
3.237840776612754780e+03 1.042230796313370966e+01 1.260899542442054386e-03
3.237843091647853726e+03 1.042307316934772210e+01 1.262214112913298070e-03
3.237845406682952671e+03 1.042525055767389830e+01 1.265032735351770713e-03
3.237847721718052981e+03 1.042355464232787376e+01 1.263359192337524736e-03
3.237850036753153290e+03 1.041920252085199472e+01 1.258274001766987796e-03
3.237852351788253145e+03 1.042442408000786358e+01 1.263683304456720939e-03
3.237854666823353000e+03 1.042013897146549084e+01 1.259653872795073312e-03
3.237856981858452855e+03 1.042739312836633303e+01 1.267103711285025996e-03
3.237859296893552710e+03 1.042409951644930644e+01 1.263817824461831467e-03
3.237861611928535240e+03 1.041921272584887959e+01 1.258200231535538038e-03
3.237863926963634185e+03 1.042239386906813969e+01 1.262223550004528717e-03
3.237866241998734040e+03 1.042176344321313231e+01 1.261766101757200642e-03
3.237868557033834804e+03 1.041918461705545873e+01 1.258929920407924783e-03
3.237870872068818244e+03 1.042380119382868386e+01 1.263621895209709675e-03
3.237873187103918099e+03 1.042476652230437750e+01 1.264968147594159979e-03
3.237875502138900629e+03 1.042216363304383009e+01 1.262642329309198634e-03
3.237877817174000484e+03 1.042035571241131997e+01 1.259939565665414750e-03
3.237880132208983014e+03 1.042492952101212467e+01 1.264891675876223670e-03
3.237882447244082869e+03 1.042222248362981318e+01 1.262193458809036982e-03
3.237884762279066308e+03 1.041679058975201322e+01 1.256511334651717231e-03
3.237887077314167072e+03 1.042034703676723240e+01 1.259678468360510501e-03
3.237889392349150512e+03 1.042203589003239372e+01 1.262679304925342413e-03
3.237891707384133497e+03 1.041866925936578880e+01 1.258425263178872874e-03
3.237894022419232897e+03 1.042181159021234116e+01 1.262094533030744172e-03
3.237896337454216336e+03 1.041892390758742692e+01 1.258644796208833625e-03
3.237898652489198867e+03 1.042253837125861082e+01 1.263057432947886681e-03
3.237900967524181397e+03 1.042363157429615583e+01 1.263827915360324567e-03
3.237903282559164836e+03 1.041974333774873607e+01 1.260537638479076626e-03
3.237905597594266055e+03 1.041987941652722860e+01 1.259702720832694446e-03
3.237907912629249495e+03 1.042217136879890305e+01 1.262839725314814044e-03
3.237910227664232480e+03 1.042138564671671652e+01 1.261326273177254152e-03
3.237912542699215464e+03 1.042142959390639056e+01 1.261728809551679537e-03
3.237914857734198449e+03 1.042030421572445142e+01 1.260351898527576394e-03
3.237917172769180979e+03 1.041997334224063110e+01 1.260243869090893519e-03
3.237919487804047094e+03 1.042124650158667798e+01 1.261238852276215993e-03
3.237921802839031898e+03 1.041489970286511380e+01 1.254590120205752125e-03
3.237924117874016702e+03 1.041716498442772476e+01 1.257622507815544079e-03
3.237926432908999232e+03 1.042031123818018301e+01 1.260430360735721560e-03
3.237928747943981762e+03 1.041808331144200395e+01 1.258132675582380533e-03
3.237931062978848786e+03 1.042058986427321265e+01 1.261174482843635189e-03
3.237933378013831316e+03 1.042028952180098500e+01 1.260244819944519173e-03
3.237935693048814755e+03 1.042116137921725105e+01 1.260989857759353900e-03
3.237938008083681780e+03 1.041866293432645563e+01 1.258627745659524370e-03
3.237940323118666129e+03 1.042009139638060944e+01 1.261351360939474671e-03
3.237942638153649568e+03 1.041991413550426593e+01 1.260787050268698901e-03
3.237944953188515683e+03 1.042057507417578321e+01 1.261059746193680768e-03
3.237947268223499123e+03 1.042005179154540428e+01 1.260090548756145510e-03
3.237949583258366147e+03 1.042309159604155155e+01 1.263905481336580899e-03
3.237951898293348677e+03 1.041770127833981618e+01 1.257688588927936661e-03
3.237954213328215701e+03 1.041903286389712591e+01 1.259917280155147500e-03
3.237956528363082725e+03 1.042165396105230357e+01 1.262984447797556612e-03
3.237958843398066165e+03 1.041580222537336198e+01 1.256054828378755069e-03
3.237961158432933189e+03 1.042056965270868574e+01 1.260855976260973716e-03
3.237963473467800213e+03 1.042216322919909288e+01 1.262872960656946956e-03
3.237965788502667237e+03 1.042022227247785082e+01 1.260513504137099686e-03
3.237968103537533352e+03 1.041753952060023813e+01 1.257490800073493131e-03
3.237970418572515882e+03 1.041874188136285184e+01 1.258960427474108785e-03
3.237972733607382906e+03 1.041688759936846509e+01 1.257618531244857844e-03
3.237975048642250840e+03 1.041650940990381002e+01 1.256855677374301046e-03
3.237977363677117864e+03 1.041626678784610505e+01 1.256110029568580392e-03
3.237979678711984889e+03 1.041933249890350410e+01 1.259801847591958054e-03
3.237981993746851913e+03 1.042144772649385054e+01 1.261923450311748475e-03
3.237984308781718028e+03 1.042006869333479102e+01 1.260386800414536358e-03
3.237986623816584142e+03 1.041923519821376942e+01 1.259666900253308746e-03
3.237988938851334751e+03 1.042122556659571231e+01 1.260848177505287339e-03
3.237991253886202685e+03 1.042207793747308742e+01 1.262242210485875916e-03
3.237993568921068800e+03 1.041653273844399230e+01 1.257455642865362494e-03
3.237995883955935824e+03 1.041804865750512121e+01 1.258568936922481712e-03
3.237998198990803758e+03 1.041924331400998227e+01 1.260001389826946507e-03
3.238000514025553457e+03 1.041921986655923504e+01 1.260177541194268348e-03
3.238002829060419572e+03 1.041698649095231310e+01 1.257912300845729107e-03
3.238005144095170181e+03 1.042063122274269915e+01 1.261150214937862375e-03
3.238007459130037205e+03 1.041943176083520584e+01 1.259860739996619119e-03
3.238009774164904229e+03 1.041813976965244315e+01 1.258841543168558001e-03
3.238012089199654838e+03 1.041798333574929813e+01 1.258623097962782581e-03
3.238014404234521862e+03 1.041741342065198772e+01 1.258231429225803184e-03
3.238016719269272471e+03 1.041783394035524246e+01 1.258669554457216054e-03
3.238019034304022171e+03 1.042292721497706509e+01 1.263617825842033296e-03
3.238021349338889195e+03 1.041763066856777442e+01 1.257662404997142913e-03
3.238023664373640713e+03 1.042406263835756519e+01 1.264345327859128136e-03
3.238025979408390413e+03 1.041888112677856171e+01 1.259676174485250839e-03
3.238028294443257437e+03 1.041584003325974805e+01 1.257289661403198679e-03
3.238030609478007136e+03 1.041898102148364558e+01 1.259960138949577828e-03
3.238032924512757745e+03 1.041796092651868832e+01 1.258540960696497447e-03
3.238035239547509264e+03 1.041907112639795407e+01 1.259655576596941566e-03
3.238037554582258963e+03 1.042078073869870281e+01 1.262214023440333659e-03
3.238039869617008662e+03 1.041958644752013541e+01 1.261606086645733309e-03
3.238042184651760181e+03 1.041690135141128337e+01 1.258329289575896336e-03
3.238044499686510790e+03 1.041485553219956373e+01 1.255838325085267089e-03
3.238046814721260489e+03 1.041828748041087849e+01 1.259357408187082019e-03
3.238049129756010188e+03 1.041444395179318150e+01 1.255055113016390229e-03
3.238051444790761707e+03 1.041688173707981235e+01 1.257772017231993059e-03
3.238053759825512316e+03 1.041606024772241312e+01 1.256128025088486646e-03
3.238056074860262925e+03 1.041873330495007544e+01 1.260056777234295653e-03
3.238058389895013534e+03 1.041843875522053153e+01 1.259495226610185710e-03
3.238060704929647727e+03 1.041670733846327224e+01 1.258315125655615988e-03
3.238063019964397427e+03 1.041554182347290691e+01 1.256626921183208326e-03
3.238065334999147126e+03 1.041620629479708704e+01 1.257170272331691648e-03
3.238067650033781320e+03 1.041594546763639784e+01 1.256982459949399769e-03
3.238069965068531928e+03 1.041559589767538441e+01 1.256371399142258575e-03
3.238072280103283447e+03 1.041449812223581972e+01 1.255574282336747050e-03
3.238074595137917640e+03 1.041724664449121818e+01 1.258091344943104272e-03
3.238076910172668249e+03 1.041754495936467428e+01 1.259555328063647305e-03
3.238079225207301533e+03 1.041534615949139919e+01 1.256418037106200088e-03
3.238081540241935727e+03 1.041908786727041125e+01 1.261501375814515951e-03
3.238083855276685426e+03 1.041161598305730074e+01 1.252536770372948000e-03
3.238086170311318710e+03 1.041498108539714806e+01 1.256498452502168538e-03
3.238088485345954723e+03 1.041247924602614461e+01 1.253885520566222229e-03
3.238090800380706241e+03 1.041393202459429546e+01 1.255747280056074668e-03
3.238093115415338616e+03 1.041437100476715294e+01 1.256211208791773283e-03
3.238095430449972810e+03 1.041557069778539457e+01 1.257536093414145847e-03
3.238097745484606094e+03 1.041322647165950954e+01 1.255174357762025694e-03
3.238100060519240287e+03 1.041320047421488582e+01 1.255095584827179865e-03
3.238102375553990896e+03 1.041386649514621965e+01 1.256667506521053556e-03
3.238104690588625090e+03 1.041288302570260349e+01 1.254972753661534471e-03
3.238107005623260193e+03 1.040779228778525756e+01 1.249839113818766679e-03
3.238109320657894386e+03 1.041050029453976578e+01 1.253266565138641021e-03
3.238111635692527670e+03 1.041326938068604058e+01 1.255631800095438578e-03
3.238113950727045449e+03 1.040871344869293935e+01 1.251141394861148871e-03
3.238116265761678733e+03 1.041253995132175980e+01 1.255577608825307135e-03
3.238118580796312472e+03 1.041300492253405174e+01 1.255253304770920968e-03
3.238120895830947120e+03 1.040884293755856405e+01 1.251047906075571916e-03
3.238123210865581314e+03 1.041203617616202592e+01 1.255228233776315740e-03
3.238125525900099092e+03 1.041105808305438707e+01 1.254340539153940516e-03
3.238127840934733285e+03 1.040743227251504699e+01 1.250575964662648453e-03
3.238130155969366569e+03 1.040729239445963827e+01 1.250254695589519049e-03
3.238132471003884348e+03 1.041070743352646488e+01 1.254377902090295571e-03
3.238134786038517632e+03 1.040658131184686042e+01 1.250117431351622848e-03
3.238137101073035410e+03 1.040395684795133491e+01 1.247523648478092136e-03
3.238139416107670058e+03 1.040985724442232829e+01 1.253324821241977739e-03
3.238141731142188291e+03 1.040501004885692993e+01 1.248025165235062874e-03
3.238144046176822030e+03 1.041106247152006681e+01 1.255120416673905859e-03
3.238146361211340263e+03 1.040424291081550656e+01 1.248142373411178542e-03
3.238148676245973547e+03 1.040484193276041758e+01 1.249306371691282728e-03
3.238150991280491326e+03 1.040755987580298658e+01 1.251956912573378225e-03
3.238153306315008194e+03 1.040540310874035512e+01 1.250323055369020799e-03
3.238155621349525973e+03 1.040474407446615501e+01 1.249602781015604234e-03
3.238157936384160166e+03 1.040696366426551300e+01 1.251819862125784543e-03
3.238160251418677944e+03 1.040052886292401624e+01 1.244788597235021782e-03
3.238162566453195723e+03 1.040254291163549993e+01 1.248021085966171881e-03
3.238164881487713501e+03 1.039994006463408560e+01 1.245534773909221177e-03
3.238167196522231279e+03 1.040097496841058700e+01 1.247143089490604633e-03
3.238169511556748148e+03 1.040050426385300497e+01 1.246105581356636181e-03
3.238171826591265926e+03 1.040190792802583175e+01 1.247592577533001732e-03
3.238174141625783705e+03 1.039787744885131815e+01 1.243193192633196146e-03
3.238176456660301483e+03 1.039782149236388165e+01 1.244067392998076966e-03
3.238178771694819261e+03 1.040432397060011738e+01 1.250782394604454993e-03
3.238181086729336130e+03 1.039590270227442659e+01 1.241932501525414359e-03
3.238183401763738402e+03 1.039492133672965402e+01 1.241323095008694611e-03
3.238185716798255271e+03 1.039496021653713242e+01 1.241558726146883319e-03
3.238188031832773049e+03 1.038964628528402123e+01 1.237148130959953582e-03
3.238190346867291737e+03 1.039243987914594314e+01 1.239122361012921216e-03
3.238192661901692190e+03 1.039356837582994331e+01 1.241211187906089870e-03
3.238194976936209059e+03 1.039638363690628076e+01 1.244465845778358094e-03
3.238197291970610422e+03 1.039063252001970028e+01 1.238560902201046605e-03
3.238199607005128200e+03 1.038897403226610727e+01 1.236619022775433882e-03
3.238201922039529563e+03 1.039269601785615293e+01 1.241089902553185959e-03
3.238204237074048251e+03 1.038973021758004478e+01 1.238399207556779760e-03
3.238206552108448705e+03 1.038878853296461813e+01 1.237489006796440617e-03
3.238208867142966483e+03 1.038978067878071521e+01 1.238446841625786892e-03
3.238211182177367846e+03 1.038735777841360353e+01 1.236011491598816743e-03
3.238213497211768299e+03 1.038753751069999787e+01 1.236024113702234540e-03
3.238215812246285168e+03 1.038660725262313456e+01 1.236331918128112401e-03
3.238218127280686986e+03 1.038568940311425948e+01 1.235316037548796295e-03
3.238220442314973297e+03 1.038416201440452902e+01 1.233245041986873181e-03
3.238222757349490166e+03 1.038471824053188719e+01 1.234677953235548652e-03
3.238225072384007944e+03 1.038299171302459811e+01 1.232928534929721718e-03
3.238227387418292892e+03 1.038219220227636796e+01 1.232801571208188771e-03
3.238229702452809761e+03 1.038392811220413137e+01 1.234129296686040144e-03
3.238232017487093799e+03 1.037610876306322893e+01 1.227005083118834711e-03
3.238234332521610668e+03 1.038147061635466883e+01 1.232642968354190393e-03
3.238236647555896980e+03 1.037852557946118104e+01 1.229352050091460239e-03
3.238238962590415213e+03 1.037897996628591635e+01 1.230114665355606148e-03
3.238241277624700160e+03 1.038198563216978521e+01 1.233090555502664755e-03
3.238243592658984198e+03 1.037537084328456594e+01 1.227484146031260041e-03
3.238245907693501977e+03 1.038188681757270082e+01 1.233801750402989611e-03
3.238248222727786015e+03 1.037488283116622512e+01 1.227386114297695239e-03
3.238250537762070508e+03 1.037576067952842607e+01 1.228075719110290976e-03
3.238252852796588741e+03 1.037411832471052797e+01 1.227157329388412366e-03
3.238255167830874598e+03 1.037578304310445354e+01 1.228834274734289835e-03
3.238257482865159545e+03 1.037411857116876845e+01 1.227195108338665231e-03
3.238259797899677324e+03 1.037476120620184084e+01 1.227788342121071763e-03
3.238262112933961362e+03 1.037496838341344052e+01 1.228478318607212523e-03
3.238264427968246309e+03 1.036918704373034217e+01 1.222588972410985648e-03
3.238266743002530347e+03 1.036917468633841288e+01 1.222764054050409863e-03
3.238269058036814386e+03 1.037293559737147319e+01 1.227083407042942878e-03
3.238271373071332164e+03 1.037276240557927665e+01 1.227285930247604259e-03
3.238273688105618021e+03 1.036875794939589390e+01 1.223232022827628121e-03
3.238276003139903878e+03 1.036573592991097748e+01 1.220570227347017762e-03
3.238278318174187916e+03 1.036813133179611413e+01 1.223186401656653271e-03
3.238280633208472864e+03 1.036913240260635405e+01 1.223877892489393104e-03
3.238282948242756902e+03 1.036405371010693699e+01 1.218645885468863784e-03
3.238285263277040940e+03 1.036768705674682600e+01 1.222528612113655622e-03
3.238287578311325888e+03 1.036529221781861310e+01 1.219622156050104546e-03
3.238289893345611745e+03 1.036661503770636372e+01 1.221918249140730838e-03
3.238292208379896692e+03 1.036267284615434647e+01 1.218582366886714107e-03
3.238294523414181640e+03 1.036638233996001901e+01 1.223270132003788802e-03
3.238296838448465678e+03 1.036500877100469253e+01 1.221239733718369963e-03
3.238299153482750626e+03 1.036613815287955376e+01 1.222217515933044819e-03
3.238301468517034664e+03 1.036323224271571775e+01 1.219921408984916359e-03
3.238303783551320066e+03 1.036222428358527026e+01 1.218954068980494668e-03
3.238306098585604559e+03 1.036348565955997358e+01 1.220321108939938356e-03
3.238308413619889507e+03 1.036439986581975958e+01 1.221570955178230078e-03
3.238310728654175364e+03 1.036129284210622004e+01 1.218131510305317652e-03
3.238313043688226571e+03 1.036175645949437651e+01 1.218972317271043229e-03
3.238315358722511519e+03 1.035979085867076499e+01 1.217422853509922799e-03
3.238317673756795557e+03 1.036076425985188365e+01 1.218128329371441108e-03
3.238319988791080959e+03 1.035964204144432443e+01 1.217369277998821709e-03
3.238322303825366362e+03 1.035526450507421359e+01 1.213446379677756218e-03
3.238324618859417569e+03 1.036150331840734751e+01 1.219390310832284491e-03
3.238326933893701607e+03 1.035627049157391966e+01 1.213871024500619679e-03
3.238329248927987010e+03 1.035668610908483167e+01 1.214815986604853319e-03
3.238331563962039581e+03 1.035609446812568457e+01 1.214062851297312935e-03
3.238333878996323620e+03 1.035591338846760223e+01 1.214226278778366818e-03
3.238336194030609022e+03 1.035575023694948094e+01 1.213073989635782236e-03
3.238338509064660684e+03 1.035516370585975565e+01 1.214335759374294329e-03
3.238340824098945632e+03 1.035768760939211930e+01 1.216050143283871950e-03
3.238343139132997749e+03 1.035814055891170327e+01 1.216692812019888733e-03
3.238345454167281787e+03 1.035565701500212299e+01 1.213658472804899670e-03
3.238347769201333904e+03 1.035454972211270075e+01 1.212832267374988095e-03
3.238350084235619761e+03 1.035810224408542268e+01 1.216811029002953836e-03
3.238352399269671878e+03 1.035641998336184422e+01 1.214654587769033222e-03
3.238354714303956825e+03 1.035488864335216874e+01 1.213515709980649438e-03
3.238357029338008033e+03 1.035402807341933951e+01 1.213308409629860378e-03
3.238359344372292526e+03 1.035307917909733888e+01 1.212163103581813742e-03
3.238361659406344188e+03 1.035616271087298834e+01 1.214510693161043996e-03
3.238363974440628226e+03 1.035676856409033419e+01 1.216012458365414023e-03
3.238366289474681253e+03 1.035457775987578444e+01 1.213372664037874272e-03
3.238368604508734279e+03 1.035275504786565826e+01 1.212545311925556550e-03
3.238370919543019227e+03 1.035264376263540953e+01 1.211545271751833996e-03
3.238373234577070434e+03 1.035451047306156980e+01 1.213409404438186862e-03
3.238375549611121642e+03 1.035057891120201035e+01 1.210002353916624692e-03
3.238377864645406589e+03 1.035432435480825752e+01 1.213101311016925605e-03
3.238380179679458706e+03 1.035295195727879047e+01 1.213332536208887313e-03
3.238382494713509914e+03 1.035467998224726216e+01 1.213280333780305436e-03
3.238384809747562940e+03 1.035589412662999109e+01 1.214683330342258795e-03
3.238387124781615967e+03 1.035560302501517072e+01 1.214766518353334584e-03
3.238389439815900005e+03 1.035459904253647423e+01 1.214718142373525343e-03
3.238391754849951212e+03 1.035255035211856089e+01 1.211792417914649232e-03
3.238394069884003329e+03 1.035478293446450593e+01 1.214599604080158308e-03
3.238396384918055446e+03 1.035187394999406330e+01 1.210619864097798757e-03
3.238398699952106654e+03 1.035425572046168696e+01 1.213858082974273236e-03
3.238401014986158771e+03 1.035035638775577382e+01 1.208917996738570044e-03
3.238403330020211797e+03 1.035083444747007597e+01 1.210034510139138420e-03
3.238405645054264824e+03 1.035414891616532529e+01 1.212827531440413900e-03
3.238407960088316031e+03 1.035371485006158743e+01 1.213086459329119600e-03
3.238410275122367239e+03 1.035122939745111381e+01 1.210187615206220974e-03
3.238412590156419355e+03 1.035644684837472518e+01 1.215802907443554745e-03
3.238414905190470563e+03 1.035299425761993319e+01 1.212185775879104192e-03
3.238417220224522680e+03 1.035319553844095708e+01 1.212939910969332421e-03
3.238419535258575706e+03 1.035337755708097873e+01 1.212509880466433772e-03
3.238421850292627823e+03 1.035554542028825686e+01 1.214689578357144861e-03
3.238424165326679940e+03 1.035655826571715110e+01 1.215303211015979473e-03
3.238426480360731148e+03 1.035370404222797092e+01 1.212713369471283675e-03
3.238428795394783265e+03 1.035486421240590538e+01 1.214132832571724599e-03
3.238431110428601642e+03 1.035570979534226232e+01 1.214870041440012718e-03
3.238433425462653759e+03 1.035696286077033257e+01 1.215564450948024506e-03
3.238435740496706785e+03 1.035296686802220023e+01 1.211579908355453310e-03
3.238438055530757993e+03 1.035094920064108415e+01 1.210582481223600008e-03
3.238440370564577279e+03 1.035580257478823185e+01 1.214621742561535194e-03
3.238442685598630305e+03 1.035756681574100213e+01 1.216601008256346659e-03
3.238445000632680603e+03 1.035255336569641571e+01 1.211270878108043061e-03
3.238447315666499890e+03 1.035679446123134539e+01 1.215710074505522249e-03
3.238449630700552007e+03 1.035473469517928891e+01 1.213769095108557490e-03
3.238451945734604124e+03 1.035330257646168306e+01 1.212987068729848425e-03
3.238454260768423410e+03 1.035127788704955876e+01 1.209900643374407650e-03
3.238456575802474617e+03 1.035430006524698499e+01 1.212961611937596980e-03
3.238458890836527644e+03 1.035302650072527442e+01 1.211558537411466189e-03
3.238461205870346475e+03 1.035019187924348216e+01 1.208739489979859761e-03
3.238463520904398138e+03 1.035195658309912226e+01 1.210193155010971539e-03
3.238465835938218333e+03 1.035538636822631098e+01 1.213910780852421470e-03
3.238468150972269996e+03 1.035530725487242165e+01 1.213856411233352412e-03
3.238470466006088827e+03 1.035601772279581922e+01 1.214809918444400465e-03
3.238472781040140489e+03 1.035590749588729054e+01 1.215046389949998949e-03
3.238475096073959321e+03 1.035535995299085954e+01 1.214151775465192396e-03
3.238477411107778607e+03 1.035151544126445344e+01 1.210622795769218706e-03
3.238479726141830724e+03 1.035678880883260611e+01 1.215790609788797378e-03
3.238482041175650011e+03 1.035366962474145680e+01 1.212260764625526467e-03
3.238484356209470207e+03 1.035776171145936431e+01 1.216575747279824296e-03
3.238486671243521414e+03 1.035099240122361053e+01 1.209224609164138032e-03
3.238488986277340700e+03 1.035709511987522724e+01 1.216155838222628691e-03
3.238491301311159077e+03 1.035678995816789438e+01 1.215836065426373824e-03
3.238493616345211194e+03 1.035502305989359684e+01 1.214027572130468554e-03
3.238495931379030026e+03 1.035644471703392355e+01 1.213687091088631181e-03
3.238498246412849767e+03 1.035899477319983930e+01 1.217297996707268582e-03
3.238500561446669508e+03 1.035679734538556396e+01 1.215120012187749163e-03
3.238502876480721170e+03 1.035666384034042053e+01 1.215468914769150550e-03
3.238505191514540002e+03 1.035925485875285901e+01 1.217848995642205074e-03
3.238507506548358833e+03 1.035624951273654837e+01 1.214556828053266896e-03
3.238509821582177210e+03 1.035980438911969870e+01 1.217680645722024092e-03
3.238512136615995587e+03 1.035724269246286511e+01 1.215267949653492906e-03
3.238514451649816692e+03 1.035888096683731341e+01 1.217516167420846151e-03
3.238516766683636888e+03 1.035800461018563823e+01 1.216388917483576197e-03
3.238519081717455265e+03 1.035852010819152369e+01 1.216652115212699115e-03
3.238521396751273642e+03 1.036047510539369298e+01 1.218885797157617324e-03
3.238523711785092928e+03 1.035641932459339287e+01 1.215188341961076501e-03
3.238526026818912214e+03 1.035467912794664969e+01 1.212149305788933493e-03
3.238528341852729682e+03 1.035703732461528404e+01 1.215392875466267224e-03
3.238530656886549878e+03 1.035878072544833728e+01 1.217403005282513941e-03
3.238532971920370073e+03 1.035738823244337148e+01 1.215555988354703092e-03
3.238535286954189360e+03 1.035641285916247334e+01 1.214497865536172611e-03
3.238537601988007737e+03 1.035742185470452270e+01 1.215439362719616511e-03
3.238539917021827023e+03 1.035688262202781473e+01 1.215880250656138119e-03
3.238542232055646309e+03 1.035531310359179180e+01 1.213377286340214635e-03
3.238544547089231855e+03 1.035813288448895086e+01 1.215951776294796512e-03
3.238546862123051142e+03 1.035736021111642557e+01 1.215432211366457554e-03
3.238549177156870428e+03 1.036360924177778209e+01 1.221799244068716168e-03
3.238551492190689714e+03 1.035649107475006048e+01 1.214049327289936069e-03
3.238553807224276170e+03 1.035891732824244649e+01 1.216856370453648544e-03
3.238556122258095456e+03 1.035955996344536523e+01 1.216848864764588471e-03
3.238558437291914743e+03 1.035909148117044509e+01 1.217338847598879855e-03
3.238560752325733120e+03 1.035883406639471360e+01 1.216682067135425004e-03
3.238563067359320030e+03 1.035871377077078215e+01 1.216854871546596247e-03
3.238565382393138862e+03 1.035835205185664165e+01 1.215933161606266117e-03
3.238567697426725317e+03 1.035881842339505532e+01 1.216136064609867409e-03
3.238570012460544604e+03 1.035879800700452158e+01 1.216537970260846450e-03
3.238572327494363890e+03 1.035902628593112595e+01 1.216671553274618076e-03
3.238574642527950346e+03 1.035965811652526369e+01 1.217625679391328960e-03
3.238576957561768722e+03 1.036078921340597780e+01 1.218739655269223798e-03
3.238579272595355178e+03 1.035879072043185367e+01 1.217006124008788125e-03
3.238581587629175374e+03 1.035645871144667751e+01 1.213818912039150771e-03
3.238583902662760465e+03 1.036024134115766948e+01 1.217509191080426521e-03
3.238586217696579297e+03 1.035660879695345393e+01 1.214000714481879278e-03
3.238588532730165753e+03 1.036107513549708337e+01 1.218169207400607171e-03
3.238590847763752208e+03 1.035997384019199430e+01 1.217285033944150250e-03
3.238593162797571495e+03 1.035754827326157645e+01 1.214950106426213776e-03
3.238595477831157950e+03 1.036203145316073559e+01 1.218667567252313365e-03
3.238597792864978146e+03 1.036208569495533283e+01 1.219987906298938742e-03
3.238600107898563692e+03 1.035642666613820495e+01 1.213388889651975493e-03
3.238602422932149238e+03 1.035806175545382679e+01 1.214881765197942456e-03
3.238604737965735694e+03 1.035894250532061989e+01 1.216052523082953273e-03
3.238607052999554980e+03 1.035896086196366817e+01 1.216169624226274637e-03
3.238609368033141436e+03 1.036180217915745949e+01 1.219210071395075484e-03
3.238611683066727892e+03 1.036140951882144634e+01 1.218690524033184388e-03
3.238613998100315257e+03 1.035777796008835239e+01 1.214768048697047230e-03
3.238616313133900803e+03 1.035911141800694679e+01 1.216169320139779721e-03
3.238618628167719180e+03 1.035564783488673157e+01 1.213596126287065386e-03
3.238620943201304726e+03 1.035885944211298337e+01 1.215810870034687635e-03
3.238623258234891182e+03 1.036184871185790257e+01 1.218886231532147809e-03
3.238625573268477638e+03 1.035653911104481928e+01 1.214246239773849418e-03
3.238627888302065003e+03 1.036242336093172511e+01 1.220124818277923233e-03
3.238630203335652368e+03 1.036200706112524195e+01 1.219120465314160870e-03
3.238632518369237914e+03 1.036048059536552834e+01 1.216949024672185891e-03
3.238634833402824370e+03 1.036002292344856990e+01 1.217400004758443198e-03
3.238637148436409461e+03 1.035785661326834806e+01 1.215629580755217326e-03
3.238639463469995462e+03 1.036182856713027256e+01 1.218677653888395945e-03
3.238641778503581463e+03 1.035838368878126481e+01 1.215852003554159476e-03
3.238644093537168374e+03 1.036111956580191951e+01 1.218383076888302982e-03
3.238646408570755739e+03 1.035631150993566507e+01 1.213504774963921826e-03
3.238648723604342194e+03 1.035463890247311625e+01 1.212108501550852001e-03
3.238651038637927741e+03 1.036054097720122691e+01 1.218100378017959121e-03
3.238653353671281366e+03 1.035995538270200633e+01 1.217613644699605535e-03
3.238655668704866912e+03 1.035705697048737761e+01 1.214197804861795243e-03
3.238657983738453368e+03 1.035826131635814740e+01 1.215613333362188919e-03
3.238660298772039823e+03 1.036105879501136329e+01 1.218865888108169220e-03
3.238662613805627188e+03 1.035759402990375122e+01 1.215113283166243145e-03
3.238664928838980813e+03 1.035953648497065060e+01 1.217123680559077485e-03
3.238667243872567269e+03 1.035521007604099886e+01 1.212430722539396604e-03
3.238669558906152815e+03 1.035769088482861733e+01 1.215766223908665766e-03
3.238671873939505531e+03 1.035428526272331062e+01 1.212432637472667584e-03
3.238674188973091532e+03 1.035756791105887764e+01 1.216432961855501210e-03
3.238676504006677987e+03 1.035338330268232809e+01 1.211406023790852042e-03
3.238678819040032067e+03 1.035564053447902566e+01 1.214388055633192770e-03
3.238681134073618978e+03 1.035518864179349663e+01 1.214048160088633879e-03
3.238683449106972148e+03 1.035528601878422350e+01 1.213309271052970739e-03
3.238685764140558604e+03 1.035491127710085735e+01 1.213342028529815295e-03
3.238688079173912229e+03 1.035933116077680083e+01 1.218409554331812599e-03
3.238690394207497775e+03 1.035091710743706628e+01 1.209543786540157647e-03
3.238692709240852309e+03 1.035332876652909917e+01 1.212243565542548123e-03
3.238695024274437856e+03 1.035506238757472630e+01 1.214118952478816012e-03
3.238697339307790571e+03 1.035512443923638237e+01 1.215152820883536001e-03
3.238699654341377936e+03 1.035042061643329703e+01 1.209675814489756356e-03
3.238701969374731561e+03 1.035012975335431662e+01 1.209583784540193630e-03
3.238704284408085186e+03 1.035276187993961727e+01 1.212646304711464994e-03
3.238706599441671642e+03 1.035071984749284013e+01 1.210544984116561276e-03
3.238708914475025267e+03 1.035150701598573875e+01 1.211208091495325065e-03
3.238711229508377983e+03 1.035143463531523622e+01 1.211577298971250457e-03
3.238713544541964438e+03 1.034891724376679711e+01 1.209086141217114233e-03
3.238715859575317154e+03 1.035323745705126441e+01 1.213724086509301902e-03
3.238718174608670779e+03 1.034665244553007746e+01 1.207379821050420538e-03
3.238720489642025314e+03 1.034872373933022516e+01 1.210170998648958662e-03
3.238722804675611769e+03 1.034611443418573096e+01 1.206741246172000426e-03
3.238725119708965394e+03 1.034403390125701705e+01 1.204804190056570166e-03
3.238727434742318110e+03 1.034409144558529725e+01 1.205349472265570274e-03
3.238729749775671735e+03 1.034291363871154701e+01 1.204947833246987300e-03
3.238732064809024450e+03 1.035014422985209137e+01 1.211393812023088806e-03
3.238734379842377166e+03 1.034580380921063281e+01 1.207951383095434575e-03
3.238736694875731700e+03 1.034526955037322971e+01 1.207285285652764245e-03
3.238739009909086235e+03 1.034501666442086076e+01 1.206976214143166319e-03
3.238741324942439860e+03 1.034299422379655553e+01 1.205404426171620543e-03
3.238743639975792576e+03 1.034134892552410889e+01 1.203570834506142951e-03
3.238745955009146201e+03 1.034439762436421972e+01 1.207073131467180154e-03
3.238748270042498916e+03 1.034366065290996062e+01 1.206580645639135103e-03
3.238750585075851632e+03 1.034288599995059954e+01 1.205963532832156435e-03
3.238752900109205257e+03 1.034343390612789904e+01 1.206962428503114944e-03
3.238755215142559791e+03 1.034264617069731074e+01 1.206129442248356871e-03
3.238757530175914326e+03 1.033722705586453294e+01 1.200900352508908319e-03
3.238759845209267041e+03 1.033835628281173591e+01 1.201838159028733102e-03
3.238762160242619757e+03 1.034045310324573563e+01 1.203883949931818746e-03
3.238764475275973382e+03 1.034128839164753444e+01 1.205253047972362941e-03
3.238766790309094176e+03 1.033674471529131722e+01 1.200696190210748639e-03
3.238769105342446892e+03 1.033775388345245538e+01 1.202637425597904465e-03
3.238771420375800972e+03 1.033343465195319411e+01 1.197891777051241901e-03
3.238773735409155051e+03 1.033739825912319610e+01 1.202400819071365590e-03
3.238776050442275846e+03 1.033249929364065700e+01 1.197378775972740518e-03
3.238778365475628561e+03 1.033362752939594387e+01 1.198445277500815101e-03
3.238780680508982186e+03 1.033371133095220529e+01 1.198586573968982117e-03
3.238782995542102526e+03 1.033296590522036063e+01 1.197593581318863974e-03
3.238785310575455696e+03 1.033653704276503049e+01 1.201196784905175655e-03
3.238787625608810231e+03 1.033269624191510516e+01 1.198002365673587425e-03
3.238789940641930116e+03 1.033564805264365027e+01 1.201255302797334329e-03
3.238792255675284650e+03 1.033137749377730508e+01 1.197441928973445955e-03
3.238794570708405445e+03 1.033241143079594870e+01 1.198246202164408077e-03
3.238796885741758160e+03 1.033043925110225025e+01 1.197455162431819561e-03
3.238799200774878500e+03 1.033080369222276573e+01 1.196842425856739457e-03
3.238801515808231670e+03 1.032825865169915858e+01 1.195140609361314363e-03
3.238803830841352919e+03 1.033146001280506354e+01 1.198335315225237865e-03
3.238806145874706090e+03 1.032685918881064069e+01 1.194334142144170153e-03
3.238808460907826884e+03 1.032702698523014107e+01 1.193966717391125101e-03
3.238810775940947678e+03 1.032783505422824000e+01 1.194761115119467041e-03
3.238813090974301304e+03 1.032690358335064396e+01 1.193950180790763049e-03
3.238815406007421188e+03 1.032542562475744319e+01 1.193075307354243223e-03
3.238817721040542892e+03 1.032889696547419867e+01 1.197117842843920020e-03
3.238820036073896517e+03 1.032427119615409516e+01 1.191489212805526892e-03
3.238822351107017312e+03 1.032732137906253200e+01 1.195274385941276192e-03
3.238824666140137197e+03 1.032445017534380582e+01 1.192182077450232823e-03
3.238826981173257536e+03 1.032652068495997177e+01 1.194274100698828342e-03
3.238829296206611616e+03 1.032268292367448659e+01 1.190369853168673879e-03
3.238831611239732410e+03 1.032092389945131927e+01 1.188631336797747132e-03
3.238833926272853205e+03 1.032376789975553777e+01 1.192244737298056882e-03
3.238836241305973999e+03 1.032231961585938151e+01 1.190717647287778055e-03
3.238838556339094794e+03 1.032221277586252661e+01 1.190479314775775687e-03
3.238840871372214679e+03 1.032132908802239157e+01 1.190619966519146150e-03
3.238843186405334563e+03 1.032227875270395856e+01 1.191239470106071879e-03
3.238845501438455358e+03 1.032052901625903729e+01 1.189920922128875555e-03
3.238847816471576152e+03 1.032261298978462527e+01 1.191883242271955454e-03
3.238850131504697856e+03 1.031839321482784477e+01 1.187202612654201074e-03
3.238852446537818651e+03 1.032219603880878012e+01 1.191983870971771459e-03
3.238854761570939445e+03 1.031966939817703732e+01 1.189306167244354433e-03
3.238857076604059330e+03 1.031667754083621702e+01 1.186276465501017287e-03
3.238859391637179215e+03 1.031946495743777525e+01 1.189548906896500512e-03
3.238861706670300009e+03 1.031836434402743308e+01 1.188546630390589732e-03
3.238864021703419894e+03 1.031627276860860221e+01 1.186812910140412018e-03
3.238866336736541598e+03 1.031705215415029286e+01 1.186494800655628346e-03
3.238868651769663302e+03 1.031749353513148115e+01 1.187176288811327357e-03
3.238870966802551266e+03 1.031811622857776811e+01 1.188839161901064298e-03
3.238873281835671150e+03 1.031746329656481009e+01 1.187495242058181875e-03
3.238875596868791490e+03 1.031554624912050144e+01 1.185691552209198292e-03
3.238877911901911830e+03 1.031464139923667034e+01 1.184746629457018603e-03
3.238880226940619650e+03 1.031636573334346885e+01 1.186690469633899705e-03
3.238882541973508069e+03 1.031696861011059418e+01 1.187564879242440901e-03
3.238884857006630227e+03 1.031646347511036055e+01 1.187190538180131613e-03
3.238887172039750112e+03 1.031706274622869657e+01 1.188444048583641756e-03
3.238889487072638076e+03 1.031573525260206203e+01 1.186418646462000966e-03
3.238891802105758870e+03 1.031727103407181545e+01 1.187720490277277725e-03
3.238894117138645925e+03 1.031930673572099266e+01 1.191007236572719750e-03
3.238896432171766719e+03 1.031482549123657400e+01 1.185733967262277665e-03
3.238898747204654683e+03 1.031686133972399944e+01 1.188033342877567065e-03
3.238901062237774568e+03 1.031710320680382864e+01 1.187641525527814322e-03
3.238903377270662986e+03 1.031539973181169501e+01 1.186191358876983754e-03
3.238905692303784235e+03 1.031480955855781190e+01 1.185418150230869560e-03
3.238908007336672199e+03 1.031482511793169010e+01 1.185396565460711477e-03
3.238910322369792084e+03 1.031333044467615601e+01 1.184647796707362886e-03
3.238912637402680048e+03 1.031316034805891846e+01 1.183953518983790797e-03
3.238914952435801752e+03 1.031681628712150633e+01 1.187728248820425075e-03
3.238917267468688806e+03 1.031716870931614949e+01 1.188372803221389397e-03
3.238919582501575860e+03 1.031345144193675978e+01 1.184866458668914829e-03
3.238921897534696654e+03 1.031563629058092602e+01 1.186470489269059311e-03
3.238924212567584618e+03 1.031889335176821376e+01 1.190147056483377127e-03
3.238926527600472582e+03 1.031525427966979080e+01 1.186471808677056232e-03
3.238928842633594286e+03 1.031705608100083005e+01 1.187538649753664636e-03
3.238931157666482250e+03 1.031602104756886717e+01 1.186514763123454894e-03
3.238933472699369304e+03 1.031596581272924595e+01 1.186713622377889073e-03
3.238935787732256358e+03 1.031618099989466586e+01 1.187108794534102226e-03
3.238938102765144322e+03 1.031606664331021683e+01 1.186879682031239270e-03
3.238940417798032286e+03 1.031536957215803874e+01 1.186337520687743988e-03
3.238942732831153080e+03 1.031658171388118284e+01 1.188149650788192105e-03
3.238945047864041044e+03 1.031542505927486175e+01 1.185705651687108146e-03
3.238947362896929462e+03 1.031656622160755710e+01 1.186969547868056002e-03
3.238949677929816971e+03 1.032068538494567811e+01 1.191076427123726258e-03
3.238951992962704026e+03 1.031888152591598562e+01 1.189750171553227622e-03
3.238954307995591535e+03 1.031769880572309717e+01 1.188000576229303242e-03
3.238956623028479044e+03 1.031612596654893821e+01 1.186844602543540069e-03
3.238958938061367007e+03 1.031466505988717230e+01 1.184557243495009239e-03
3.238961253094255881e+03 1.031868720159742203e+01 1.188584111918298105e-03
3.238963568127144754e+03 1.031688519733326359e+01 1.186707562490195433e-03
3.238965883160031808e+03 1.031726999997325755e+01 1.187198446067189031e-03
3.238968198192686486e+03 1.031609557217557693e+01 1.186050023519282350e-03
3.238970513225573995e+03 1.031650874082375680e+01 1.186407432638355262e-03
3.238972828258461050e+03 1.031889920861587839e+01 1.188634763275899344e-03
3.238975143291348104e+03 1.032128147298098497e+01 1.191317365895221787e-03
3.238977458324237432e+03 1.031960181739763627e+01 1.189194810718636509e-03
3.238979773356893475e+03 1.031527266861641934e+01 1.184970617677060791e-03
3.238982088389780984e+03 1.031973354333339188e+01 1.189201467232204939e-03
3.238984403422668493e+03 1.032098236225304611e+01 1.190821740690721758e-03
3.238986718455556002e+03 1.031673013830211261e+01 1.185822700374935786e-03
3.238989033488210225e+03 1.032107446374865134e+01 1.190954161105618140e-03
3.238991348521098189e+03 1.031993387987328781e+01 1.189901838533367895e-03
3.238993663553986153e+03 1.032445379947688835e+01 1.193567577498461357e-03
3.238995978586642195e+03 1.032104838436443117e+01 1.190300347429758612e-03
3.238998293619530159e+03 1.031921328150299644e+01 1.188675633859161704e-03
3.239000608652185292e+03 1.032061192326383647e+01 1.189363787672685245e-03
3.239002923685072346e+03 1.032678493734418446e+01 1.195644165778898035e-03
3.239005238717726570e+03 1.032120428189817574e+01 1.189674177836590229e-03
3.239007553750614989e+03 1.032200785171805180e+01 1.190484732348279576e-03
3.239009868783269667e+03 1.032160116101779224e+01 1.190140048725424641e-03
3.239012183816157631e+03 1.032564522524841522e+01 1.194016758400862511e-03
3.239014498848812764e+03 1.032361652454034839e+01 1.191297511074865170e-03
3.239016813881700728e+03 1.032225486130102077e+01 1.190562034052764558e-03
3.239019128914355861e+03 1.032225515469345467e+01 1.189814610082379990e-03
3.239021443947010084e+03 1.032499326632614256e+01 1.192810299748364895e-03
3.239023758979898048e+03 1.032544355043130935e+01 1.193011794670266338e-03
3.239026074012553181e+03 1.032751283650295804e+01 1.194889927395244127e-03
3.239028389045208314e+03 1.032726679494203026e+01 1.194755779208412890e-03
3.239030704077863447e+03 1.032941847099024457e+01 1.196760953009206327e-03
3.239033019110750956e+03 1.032695939362257853e+01 1.193946207146979240e-03
3.239035334143406544e+03 1.032674657114231564e+01 1.194167577839048196e-03
3.239037649176061677e+03 1.032925695702286362e+01 1.196314306802453205e-03
3.239039964208716810e+03 1.032902586961794356e+01 1.195768471928741142e-03
3.239042279241371489e+03 1.032802457457414391e+01 1.195459609769889591e-03
3.239044594274258998e+03 1.032859037240506872e+01 1.195594709117050363e-03
3.239046909306913221e+03 1.032709016755702258e+01 1.193042956438381246e-03
3.239049224339568354e+03 1.033218576721652582e+01 1.198362316870671320e-03
3.239051539372223942e+03 1.033333072699034361e+01 1.198980074465824013e-03
3.239053854404879985e+03 1.033238114676219155e+01 1.198904871609740531e-03
3.239056169437534663e+03 1.033303926457580069e+01 1.199167495712942164e-03
3.239058484470189796e+03 1.033348147450273302e+01 1.199497504235335233e-03
3.239060799502844020e+03 1.033211465121194728e+01 1.197610237643061907e-03
3.239063114535499153e+03 1.033072958062330926e+01 1.196141671123135321e-03
3.239065429568153377e+03 1.033609554773565264e+01 1.201683499752996846e-03
3.239067744600807600e+03 1.033414219792933153e+01 1.199225413318901617e-03
3.239070059633231722e+03 1.033477888768933894e+01 1.200288709821589403e-03
3.239072374665887764e+03 1.033168618761860458e+01 1.196978602202187656e-03
3.239074689698541988e+03 1.033174080589820676e+01 1.196541211747605095e-03
3.239077004731196212e+03 1.033542864472812894e+01 1.200688382358360354e-03
3.239079319763851345e+03 1.033475859140457054e+01 1.199868075437272082e-03
3.239081634796272738e+03 1.033411618505854968e+01 1.199295913987627298e-03
3.239083949828927871e+03 1.033530477633520128e+01 1.200806299085231416e-03
3.239086264861583004e+03 1.033769487407706755e+01 1.202909162352316539e-03
3.239088579894239047e+03 1.033462303199695853e+01 1.199726646263350911e-03
3.239090894926661349e+03 1.033670950747870521e+01 1.201315308310461471e-03
3.239093209959315573e+03 1.033481754268417596e+01 1.199248190693025370e-03
3.239095524991970706e+03 1.033498340018002537e+01 1.199395474489898996e-03
3.239097840024392099e+03 1.033804439425076893e+01 1.202420038229664928e-03
3.239100155057047232e+03 1.033580781808304749e+01 1.200333767941371777e-03
3.239102470089469080e+03 1.033751951892695686e+01 1.202110211629512683e-03
3.239104785122124667e+03 1.033480936882820167e+01 1.198692575295062139e-03
3.239107100154546515e+03 1.033432254645917325e+01 1.198425745339675753e-03
3.239109415187202103e+03 1.033513640486910390e+01 1.198973706347981720e-03
3.239111730219624405e+03 1.033987698373413444e+01 1.204030838480555201e-03
3.239114045252278629e+03 1.033982108470591399e+01 1.203957894295237330e-03
3.239116360284700932e+03 1.033359933487394144e+01 1.197330923401812835e-03
3.239118675317124143e+03 1.033862042862779518e+01 1.202595443888014115e-03
3.239120990349778367e+03 1.033786506651524384e+01 1.202512045690864485e-03
3.239123305382199760e+03 1.033876933523882791e+01 1.202980600453085018e-03
3.239125620414854893e+03 1.033463642426820073e+01 1.198868481287336876e-03
3.239127935447277196e+03 1.034072527408558706e+01 1.205037287127260067e-03
3.239130250479699498e+03 1.033783421144459425e+01 1.202258512887513595e-03
3.239132565512121801e+03 1.033684242775252748e+01 1.200811501669778614e-03
3.239134880544777843e+03 1.033587893038533601e+01 1.199509591327269998e-03
3.239137195577199236e+03 1.034076569292366088e+01 1.204603346315718344e-03
3.239139510609620629e+03 1.033820968860700695e+01 1.202560797429058420e-03
3.239141825642042932e+03 1.033687377178342359e+01 1.200356502958841104e-03
3.239144140674465234e+03 1.034046531399616597e+01 1.204402402368960449e-03
3.239146455706887082e+03 1.033704424034031355e+01 1.200542035899135850e-03
3.239148770739309839e+03 1.033682989502058724e+01 1.200376068264796337e-03
3.239151085771965882e+03 1.033787782715423376e+01 1.201113424079667397e-03
3.239153400804387275e+03 1.034248209160959853e+01 1.205562481964390356e-03
3.239155715836808668e+03 1.033589846802980894e+01 1.199910609601406025e-03
3.239158030869230970e+03 1.033946074907105483e+01 1.202793762047430111e-03
3.239160345901653272e+03 1.034265632726431505e+01 1.206359973644296210e-03
3.239162660934074665e+03 1.033663770502953128e+01 1.201207659502527818e-03
3.239164975966265047e+03 1.033941165701859077e+01 1.203412927900336269e-03
3.239167290998688259e+03 1.033595467472027352e+01 1.200196874178812616e-03
3.239169606031109652e+03 1.033690740660339813e+01 1.201354010441331574e-03
3.239171921063531499e+03 1.033874274654597869e+01 1.203053271005080291e-03
3.239174236095953347e+03 1.033650392276123320e+01 1.200246581834287863e-03
3.239176551128374740e+03 1.033641967173534937e+01 1.200655863994098179e-03
3.239178866160797952e+03 1.033586888700127560e+01 1.200329412084169501e-03
3.239181181192987424e+03 1.033806000473391506e+01 1.202392858349701906e-03
3.239183496225409726e+03 1.033232190400964257e+01 1.196439512623260560e-03
3.239185811257832029e+03 1.033620489735545078e+01 1.199767006235251269e-03
3.239188126290020591e+03 1.033795992447069523e+01 1.202069486020730660e-03
3.239190441322442894e+03 1.033501504333713150e+01 1.200337371912769350e-03
3.239192756354865196e+03 1.033420973731389303e+01 1.199225045820510090e-03
3.239195071387054668e+03 1.033380051198529337e+01 1.198184588213039616e-03
3.239197386419476970e+03 1.033532708077682827e+01 1.200269640493538100e-03
3.239199701451899273e+03 1.033300658677121575e+01 1.197786950255249651e-03
3.239202016484087835e+03 1.033486476847214064e+01 1.200215907303073953e-03
3.239204331516510138e+03 1.033315600531440737e+01 1.198236794789045000e-03
3.239206646548699609e+03 1.033400563630735469e+01 1.199397945067912866e-03
3.239208961581121912e+03 1.033265974547045829e+01 1.197887412672736605e-03
3.239211276613312293e+03 1.033031932702049538e+01 1.195915736568423310e-03
3.239213591645733686e+03 1.033213691311546079e+01 1.197130968559681919e-03
3.239215906677923158e+03 1.032993731517569636e+01 1.195798205693186312e-03
3.239218221710111720e+03 1.032860615510592339e+01 1.194002082039280531e-03
3.239220536742534023e+03 1.032755545754820758e+01 1.193590451826066377e-03
3.239222851774723495e+03 1.032809678168577960e+01 1.194687929519365390e-03
3.239225166806912966e+03 1.032975017015124308e+01 1.195891952496905926e-03
3.239227481839336178e+03 1.033158269263364915e+01 1.197447034908043174e-03
3.239229796871524741e+03 1.032606989328458269e+01 1.192442214884502708e-03
3.239232111903714213e+03 1.033150773924902310e+01 1.197975543362402159e-03
3.239234426935902775e+03 1.032721639109902156e+01 1.193882126111698834e-03
3.239236741968324168e+03 1.032897063312063501e+01 1.195498763356857026e-03
3.239239057000513640e+03 1.032733273706840293e+01 1.194155743928991672e-03
3.239241372032704021e+03 1.032974916410120159e+01 1.197423332131245877e-03
3.239243687064894402e+03 1.032517436527187726e+01 1.192020474850263075e-03
3.239246002097082965e+03 1.032450141989636450e+01 1.191547416008030373e-03
3.239248317129272436e+03 1.032544968808037034e+01 1.192620599205478776e-03
3.239250632161460999e+03 1.032312491806828803e+01 1.190896150474286559e-03
3.239252947193649561e+03 1.032502309897173909e+01 1.193803888407077947e-03
3.239255262225839033e+03 1.032550129022993701e+01 1.193975354884654113e-03
3.239257577258030324e+03 1.032328230197863483e+01 1.192217459812124980e-03
3.239259892290219796e+03 1.032367006643501917e+01 1.192612881129511164e-03
3.239262207322408358e+03 1.032079159007154701e+01 1.189379402569788659e-03
3.239264522354597830e+03 1.032266129050854531e+01 1.191105968601356702e-03
3.239266837386786392e+03 1.032329695919963264e+01 1.192400648394768576e-03
3.239269152418974954e+03 1.032073897011127350e+01 1.190509573785347762e-03
3.239271467451165336e+03 1.031892025425455373e+01 1.188914055789094164e-03
3.239273782483354807e+03 1.031581809505749447e+01 1.185990301708254781e-03
3.239276097515310994e+03 1.031927676537446281e+01 1.189455039722670101e-03
3.239278412547500920e+03 1.031654297835271983e+01 1.186920300650185466e-03
3.239280727579690392e+03 1.031821222941061045e+01 1.189302311387285035e-03
3.239283042611878955e+03 1.031395933520970942e+01 1.184523321704179181e-03
3.239285357643834686e+03 1.031553476888865362e+01 1.185775895737309002e-03
3.239287672676024158e+03 1.031437141462913942e+01 1.185444305074038421e-03
3.239289987708213630e+03 1.031589760446835058e+01 1.188323945177203675e-03
3.239292302740170271e+03 1.031024130395409877e+01 1.181916656102173111e-03
3.239294617772359743e+03 1.031084116702517406e+01 1.182861299940955865e-03
3.239296932804549215e+03 1.031142481723378168e+01 1.183786136677653826e-03
3.239299247836505856e+03 1.031030266025936903e+01 1.182775922046465930e-03
3.239301562868696237e+03 1.031153447809548140e+01 1.184072872465246522e-03
3.239303877900651969e+03 1.031113472699540523e+01 1.183428334260839968e-03
3.239306192932841441e+03 1.030639214706935292e+01 1.178872672847251736e-03
3.239308507964797172e+03 1.031154123268250977e+01 1.184304371685847637e-03
3.239310822996985735e+03 1.030546709301240504e+01 1.178800111823432055e-03
3.239313138028943285e+03 1.030831070310411235e+01 1.181423048345396068e-03
3.239315453060899927e+03 1.030441199184963708e+01 1.178522688469957900e-03
3.239317768093090308e+03 1.030368999314532097e+01 1.177642930328865389e-03
3.239320083125046494e+03 1.030464658929759914e+01 1.178201752976409987e-03
3.239322398157002681e+03 1.030430537605998076e+01 1.178606179374258080e-03
3.239324713189191243e+03 1.030528145154881869e+01 1.180032651258073858e-03
3.239327028221147884e+03 1.030448062122247954e+01 1.179223261754250946e-03
3.239329343253103616e+03 1.030153690936254662e+01 1.176536021854971553e-03
3.239331658285293088e+03 1.030082951366407684e+01 1.176358113985351934e-03
3.239333973317250639e+03 1.030037546874366505e+01 1.175938582270987572e-03
3.239336288349208189e+03 1.030214376760690165e+01 1.177592503831757873e-03
3.239338603381163921e+03 1.030236762186404320e+01 1.178322590765846925e-03
3.239340918413119653e+03 1.029744462697791363e+01 1.173639312815018872e-03
3.239343233445076294e+03 1.029948383281083224e+01 1.175948383122585317e-03
3.239345548477032025e+03 1.029682101949045148e+01 1.173319260148151643e-03
3.239347863508988667e+03 1.030215618307575554e+01 1.178492826838646113e-03
3.239350178541179048e+03 1.029525789451518847e+01 1.172037859768994619e-03
3.239352493573135689e+03 1.029782557570411328e+01 1.174652613955370255e-03
3.239354808605092330e+03 1.029633161611057801e+01 1.173522891900937197e-03
3.239357123636816141e+03 1.029555775862356271e+01 1.172951433937964756e-03
3.239359438668771872e+03 1.029448654717932143e+01 1.171515103119279535e-03
3.239361753700727604e+03 1.029474231936245232e+01 1.172424210792569850e-03
3.239364068732684245e+03 1.029440401053236798e+01 1.171831112170525387e-03
3.239366383764641796e+03 1.029381962233073011e+01 1.171029768520760348e-03
3.239368698796597982e+03 1.029478449852310540e+01 1.173072751276620822e-03
3.239371013828555078e+03 1.029819116347350061e+01 1.175293013529117277e-03
3.239373328860511720e+03 1.029212029348774671e+01 1.170021012379945415e-03
3.239375643892233711e+03 1.029283234016646809e+01 1.171636407823562452e-03
3.239377958924190352e+03 1.029384696096857610e+01 1.172395671783892524e-03
3.239380273956146993e+03 1.029244754292412090e+01 1.171940090824405943e-03
3.239382588987871713e+03 1.029307734777145278e+01 1.172075433923769816e-03
3.239384904019827445e+03 1.029044780886041188e+01 1.169283712560577294e-03
3.239387219051784086e+03 1.029120700586299897e+01 1.170903255423319913e-03
3.239389534083508806e+03 1.029053508932122440e+01 1.169447062893299184e-03
3.239391849115463629e+03 1.028770439376147650e+01 1.167111143618703058e-03
3.239394164147421179e+03 1.029218471183427575e+01 1.171479557519292678e-03
3.239396479179144990e+03 1.029024939378610881e+01 1.169628778239702096e-03
3.239398794211100721e+03 1.028773127516327612e+01 1.166938618374882075e-03
3.239401109242824532e+03 1.029105574617135943e+01 1.170540054349966013e-03
3.239403424274781173e+03 1.028930582979361752e+01 1.168973452933319774e-03
3.239405739306504984e+03 1.029185710591556457e+01 1.170787846290154014e-03
3.239408054338461625e+03 1.029234595038249012e+01 1.171802171321875740e-03
3.239410369370185435e+03 1.028673399138195776e+01 1.166215694489473051e-03
3.239412684401909246e+03 1.028536045912530028e+01 1.165569156504324888e-03
3.239414999433865887e+03 1.029042539350074037e+01 1.169527499103999082e-03
3.239417314465588788e+03 1.028891532867946523e+01 1.168400553974755602e-03
3.239419629497311689e+03 1.029278996782585409e+01 1.172714076908506955e-03
3.239421944529268330e+03 1.028870507169688508e+01 1.167858012271710908e-03
3.239424259560993505e+03 1.029123465235856827e+01 1.170902559325040851e-03
3.239426574592717770e+03 1.028608962852566755e+01 1.165979461993412857e-03
3.239428889624440671e+03 1.028772402205635395e+01 1.167818574822173956e-03
3.239431204656397313e+03 1.028801291575877386e+01 1.167439490258999129e-03
3.239433519688120214e+03 1.028793861947124100e+01 1.167252020059550291e-03
3.239435834719843115e+03 1.029181005205156119e+01 1.171805396691888695e-03
3.239438149751566925e+03 1.028779416479205899e+01 1.167436322755637532e-03
3.239440464783290736e+03 1.028789680599294165e+01 1.167183712301549580e-03
3.239442779815016365e+03 1.028905420351259536e+01 1.168917990018227557e-03
3.239445094846740176e+03 1.029160695563031425e+01 1.170160926763579023e-03
3.239447409878462167e+03 1.029140600061103683e+01 1.170777270524917804e-03
3.239449724910185978e+03 1.028793341004707429e+01 1.167450841785159154e-03
3.239452039941909788e+03 1.028850656209047720e+01 1.168138150615226226e-03
3.239454354973633599e+03 1.028841298837179252e+01 1.167604120358203042e-03
3.239456670005357410e+03 1.028795263132986904e+01 1.167589796099547739e-03
3.239458985037081220e+03 1.029086815275815603e+01 1.169845598575489825e-03
3.239461300068805031e+03 1.028896009011719670e+01 1.167294745459903802e-03
3.239463615100528841e+03 1.029118883918739513e+01 1.169925080915518037e-03
3.239465930132251742e+03 1.029065831541981879e+01 1.169668873136566747e-03
3.239468245163742722e+03 1.028834693826059699e+01 1.167005632373096635e-03
3.239470560195466078e+03 1.029152432147651908e+01 1.169731611172074998e-03
3.239472875227190343e+03 1.029258145464081586e+01 1.171962405777768074e-03
3.239475190258914154e+03 1.029149287706502491e+01 1.169640299283353528e-03
3.239477505290404224e+03 1.029552387443546557e+01 1.173386799552437500e-03
3.239479820322128035e+03 1.029253503650745927e+01 1.170399360412761620e-03
3.239482135353851845e+03 1.029344907936503084e+01 1.171373553335539140e-03
3.239484450385342825e+03 1.029402452387864741e+01 1.172010771205794994e-03
3.239486765417066636e+03 1.029249615247804428e+01 1.171454222752449023e-03
3.239489080448557615e+03 1.029405590354005362e+01 1.172051268726236484e-03
3.239491395480281426e+03 1.029235790334678669e+01 1.170420429447733375e-03
3.239493710512004327e+03 1.029550305927644160e+01 1.173487624488197883e-03
3.239496025543495307e+03 1.029391371750829265e+01 1.171760840878029739e-03
3.239498340575218208e+03 1.029398947068858838e+01 1.172172296885201723e-03
3.239500655606710097e+03 1.029351906234184710e+01 1.171168032514963804e-03
3.239502970638201532e+03 1.029707837151942229e+01 1.175221847984256763e-03
3.239505285669924888e+03 1.029447962620993451e+01 1.172940741442710100e-03
3.239507600701415868e+03 1.029662688162930806e+01 1.173936660431060958e-03
3.239509915733138769e+03 1.029530453161295966e+01 1.172439215400096577e-03
3.239512230764629749e+03 1.029701706346164514e+01 1.174084676858639167e-03
3.239514545796119819e+03 1.029383576801723521e+01 1.170823815308942410e-03
3.239516860827844539e+03 1.029935755303394984e+01 1.176056073672090974e-03
3.239519175859336428e+03 1.029393743025252661e+01 1.170526023733876701e-03
3.239521490890826499e+03 1.029944367232977243e+01 1.175484119613563489e-03
3.239523805922316569e+03 1.029609075471977953e+01 1.172858317562811914e-03
3.239526120953807549e+03 1.029488889043218336e+01 1.171451847279200145e-03
3.239528435985531360e+03 1.029752069665788028e+01 1.174644836463813874e-03
3.239530751017022340e+03 1.029936832564452942e+01 1.175307532687669583e-03
3.239533066048513319e+03 1.029866757139792455e+01 1.175619009793376323e-03
3.239535381080004299e+03 1.030241086067950640e+01 1.178197149154699194e-03
3.239537696111495279e+03 1.029985933363678896e+01 1.175636085600219706e-03
3.239540011142986259e+03 1.029991385619809030e+01 1.175831029630913186e-03
3.239542326174476329e+03 1.029871758957113315e+01 1.173561541507112853e-03
3.239544641205967309e+03 1.030081716448594698e+01 1.176395340651915531e-03
3.239546956237458289e+03 1.030328579066711114e+01 1.178943017099798362e-03
3.239549271268949269e+03 1.030288740817672810e+01 1.179065562763202115e-03
3.239551586300440249e+03 1.029959824944027780e+01 1.175308259972560315e-03
3.239553901331931229e+03 1.029963004308024921e+01 1.174964417650659195e-03
3.239556216363422209e+03 1.029911597492912279e+01 1.173809049168752670e-03
3.239558531394679449e+03 1.030265138761331478e+01 1.177517875863747735e-03
3.239560846426171338e+03 1.030326378461826309e+01 1.178780893626171040e-03
3.239563161457662318e+03 1.030150453901396723e+01 1.176201860889592669e-03
3.239565476489152388e+03 1.030245340431340217e+01 1.178224113188408150e-03
3.239567791520643368e+03 1.030273744658573420e+01 1.177987663506338111e-03
3.239570106551899698e+03 1.030239388609433249e+01 1.177102743956744699e-03
3.239572421583390678e+03 1.030105887789869001e+01 1.176027741032772099e-03
3.239574736614882568e+03 1.030064439186048020e+01 1.175772227063105139e-03
3.239577051646140717e+03 1.030514306755667597e+01 1.179635300877843749e-03
3.239579366677631697e+03 1.030648968766437790e+01 1.180119744601823648e-03
3.239581681708889846e+03 1.030732365137163953e+01 1.181994938920583656e-03
3.239583996740380826e+03 1.030450841919953220e+01 1.178516359975586344e-03
3.239586311771870896e+03 1.030566781689379141e+01 1.179678457903549039e-03
3.239588626803128136e+03 1.030380036105332664e+01 1.178130204728771802e-03
3.239590941834620025e+03 1.030645314092935472e+01 1.180555104201647977e-03
3.239593256865879084e+03 1.030587501498003533e+01 1.180324436320272403e-03
3.239595571897137233e+03 1.030287531868697393e+01 1.176880691748859306e-03
3.239597886928627304e+03 1.030612917485123603e+01 1.180072346843774730e-03
3.239600201959884998e+03 1.030469846979826976e+01 1.178276528505854117e-03
3.239602516991375524e+03 1.030585983013603979e+01 1.179389826350423940e-03
3.239604832022632763e+03 1.030518762727233550e+01 1.178537714028322263e-03
3.239607147053890913e+03 1.030689895197495431e+01 1.180212024173487575e-03
3.239609462085382802e+03 1.030868463113094613e+01 1.182331463774544166e-03
3.239611777116641861e+03 1.030445845054999765e+01 1.178225529479109837e-03
3.239614092147899100e+03 1.030397678688052387e+01 1.178048214947929363e-03
3.239616407179157250e+03 1.030868164697930922e+01 1.182024657002880320e-03
3.239618722210414489e+03 1.030797349131979246e+01 1.180727209931550781e-03
3.239621037241905469e+03 1.030901963159224799e+01 1.182124479573953791e-03
3.239623352273163619e+03 1.030741221116153383e+01 1.181164583567887762e-03
3.239625667304421768e+03 1.030924417000246152e+01 1.182629990840054031e-03
3.239627982335679917e+03 1.030698782610088138e+01 1.180011709376886566e-03
3.239630297366938066e+03 1.030747239295050477e+01 1.180793490234664138e-03
3.239632612398196216e+03 1.030325093405432391e+01 1.176578370766112863e-03
3.239634927429453455e+03 1.030621600950832573e+01 1.180278186571177661e-03
3.239637242460712059e+03 1.030869966001892379e+01 1.182066632696676146e-03
3.239639557491969754e+03 1.030730357930861985e+01 1.180111489777518202e-03
3.239641872523227903e+03 1.030585056588840764e+01 1.178727643400762646e-03
3.239644187554485143e+03 1.031023841809085440e+01 1.183184531907559333e-03
3.239646502585743292e+03 1.030641838145844957e+01 1.179228103470273629e-03
3.239648817617002351e+03 1.030814758009443999e+01 1.180696416921711740e-03
3.239651132648260045e+03 1.030905219024354302e+01 1.181706386380267657e-03
3.239653447679285819e+03 1.031092879132906504e+01 1.183964210264162875e-03
3.239655762710543513e+03 1.031170687923669860e+01 1.184258463341260424e-03
3.239658077741801208e+03 1.031210843633381025e+01 1.184964937731933059e-03
3.239660392773058447e+03 1.031058578157157513e+01 1.183078557934859722e-03
3.239662707804083766e+03 1.030886634163306681e+01 1.181370121053482939e-03
3.239665022835341915e+03 1.031041261148589072e+01 1.182353917840326014e-03
3.239667337866600974e+03 1.031130503388207487e+01 1.183549945784467339e-03
3.239669652897626293e+03 1.030869332997615473e+01 1.180744896249535372e-03
3.239671967928884442e+03 1.030895898167262814e+01 1.181027775149021651e-03
3.239674282960141682e+03 1.031336574396175365e+01 1.185009496064028936e-03
3.239676597991166091e+03 1.030709156810591232e+01 1.178997126741907755e-03
3.239678913022424240e+03 1.031085569957779668e+01 1.183189083168707887e-03
3.239681228053448649e+03 1.031175517420821208e+01 1.183673704045208738e-03
3.239683543084708617e+03 1.031044924600294266e+01 1.183068200896686449e-03
3.239685858115733936e+03 1.031133318073107930e+01 1.183625775748485412e-03
3.239688173146991176e+03 1.031182104496247121e+01 1.184304990451452363e-03
3.239690488178016494e+03 1.031296245888476015e+01 1.185361910590224327e-03
3.239692803209040903e+03 1.031086434919938455e+01 1.182479470095108192e-03
3.239695118240298143e+03 1.030940446958401147e+01 1.181704858374197677e-03
3.239697433271323916e+03 1.030872867827827122e+01 1.180585819657996912e-03
3.239699748302349690e+03 1.031461033722246867e+01 1.186551727726305096e-03
3.239702063333607839e+03 1.030895662088682663e+01 1.180622291647039730e-03
3.239704378364633158e+03 1.030959384534054557e+01 1.181752801516242155e-03
3.239706693395658476e+03 1.031248235388120094e+01 1.184241903801308690e-03
3.239709008426682885e+03 1.030863650314600655e+01 1.180619222582786560e-03
3.239711323457941035e+03 1.031006521664272668e+01 1.182236511323436203e-03
3.239713638488967263e+03 1.031139538991449101e+01 1.183172200706442264e-03
3.239715953519991672e+03 1.031286964946499296e+01 1.184579928495528567e-03
3.239718268551016536e+03 1.031162322819672283e+01 1.183112352016307649e-03
3.239720583582042309e+03 1.031039656336306010e+01 1.181861006206517267e-03
3.239722898613067628e+03 1.030998303020959028e+01 1.181780104764787453e-03
3.239725213644092491e+03 1.031196022707496951e+01 1.183375035834611936e-03
3.239727528675118265e+03 1.030933552885435134e+01 1.181609614554776340e-03
3.239729843706142674e+03 1.031021334972854220e+01 1.182180840385465550e-03
3.239732158737167993e+03 1.031023778613134922e+01 1.181724233289310711e-03
3.239734473768193311e+03 1.031057052647725847e+01 1.182004622493253512e-03
3.239736788799217720e+03 1.030918531073763234e+01 1.180561422451523960e-03
3.239739103830243039e+03 1.031224046697599661e+01 1.184227743356991132e-03
3.239741418861269267e+03 1.030785159314238086e+01 1.180104580566757174e-03
3.239743733892061755e+03 1.031332243341512545e+01 1.185595306512702164e-03
3.239746048923087073e+03 1.030811799851129962e+01 1.180538562541132239e-03
3.239748363954111483e+03 1.031151765059495418e+01 1.183946799699080567e-03
3.239750678985136801e+03 1.031004714456587479e+01 1.182446819265978383e-03
3.239752994015928380e+03 1.031259005323252609e+01 1.184787474454873906e-03
3.239755309046953698e+03 1.030817878891951622e+01 1.180427181784453978e-03
3.239757624077979472e+03 1.031144914559243020e+01 1.184085049856234027e-03
3.239759939108773324e+03 1.030859122271035133e+01 1.181047453810758242e-03
3.239762254139797733e+03 1.031379426561968238e+01 1.186302968010854390e-03
3.239764569170822142e+03 1.031084129621851808e+01 1.183466776485770202e-03
3.239766884201613721e+03 1.030661796506784533e+01 1.178700534026454758e-03
3.239769199232639039e+03 1.030873052200199069e+01 1.181018274074545219e-03
3.239771514263431982e+03 1.031201194673984034e+01 1.184821263984793408e-03
3.239773829294457755e+03 1.030862245504018659e+01 1.181327191353047368e-03
3.239776144325250243e+03 1.030830172316751003e+01 1.180702148336178030e-03
3.239778459356275562e+03 1.030806728493359614e+01 1.180276290688348243e-03
3.239780774387067140e+03 1.030789318614233174e+01 1.181054761144049005e-03
3.239783089418092004e+03 1.030526088183255773e+01 1.178770850251488781e-03
3.239785404448884037e+03 1.030723812638974479e+01 1.180919366814339646e-03
3.239787719479676980e+03 1.030871080414723195e+01 1.181535211570306030e-03
3.239790034510702753e+03 1.030586326505788541e+01 1.178832157282323333e-03
3.239792349541494332e+03 1.030521205792169503e+01 1.179288298985265273e-03
3.239794664572286820e+03 1.030812717462591621e+01 1.182136774308205959e-03
3.239796979603080217e+03 1.030452239954984428e+01 1.178881265527466880e-03
3.239799294634103717e+03 1.030782601808196830e+01 1.181695093218624844e-03
3.239801609664897114e+03 1.030399817497426085e+01 1.178474362487769937e-03
3.239803924695689602e+03 1.030041747429153887e+01 1.175361813995399714e-03
3.239806239726481181e+03 1.030411417525551698e+01 1.178637304337288834e-03
3.239808554757273669e+03 1.030320993097743809e+01 1.177442295347785406e-03
3.239810869788066157e+03 1.030135426746790372e+01 1.176110452643383455e-03
3.239813184818858645e+03 1.030247426848699277e+01 1.176585781000351154e-03
3.239815499849651133e+03 1.030187415041195287e+01 1.177106426165435652e-03
3.239817814880443620e+03 1.030522593372551476e+01 1.180421357475976629e-03
3.239820129911236108e+03 1.030331606677848555e+01 1.178298517467650909e-03
3.239822444942027687e+03 1.030170497123483386e+01 1.176462169972337934e-03
3.239824759972820175e+03 1.030226811473049864e+01 1.178109604392567778e-03
3.239827075003611753e+03 1.030026364127625449e+01 1.176030208558038245e-03
3.239829390034404241e+03 1.030195616106531453e+01 1.178298957631450849e-03
3.239831705065197639e+03 1.029943184275395396e+01 1.175051680797294931e-03
3.239834020095991036e+03 1.029928518850988972e+01 1.174788812442646106e-03
3.239836335126549784e+03 1.029978306328975712e+01 1.175688605643525385e-03
3.239838650157342272e+03 1.030110376887809664e+01 1.177478935400561510e-03
3.239840965188133850e+03 1.029494902884334095e+01 1.171952575556712509e-03
3.239843280218926338e+03 1.029785585227346800e+01 1.174954124272857602e-03
3.239845595249485996e+03 1.029943563128441930e+01 1.175401389712108684e-03
3.239847910280278484e+03 1.029743756014435974e+01 1.174206272765059358e-03
3.239850225311070972e+03 1.029920100601324862e+01 1.175454932494950436e-03
3.239852540341630629e+03 1.029923761754245781e+01 1.175321230075983660e-03
3.239854855372422207e+03 1.029844116830016887e+01 1.174321770646504382e-03
3.239857170402981865e+03 1.029895796896107463e+01 1.175837843575235596e-03
3.239859485433774353e+03 1.029885401945498380e+01 1.176157361803799317e-03
3.239861800464334010e+03 1.029531851240197682e+01 1.172438694652198432e-03
3.239864115495126498e+03 1.029576557211866827e+01 1.174398146968314146e-03
3.239866430525686155e+03 1.029631897774451943e+01 1.173788824325057044e-03
3.239868745556478643e+03 1.029776853741570086e+01 1.174930370464802309e-03
3.239871060587038301e+03 1.029293017788103626e+01 1.170159565159668239e-03
3.239873375617829879e+03 1.029540095248073506e+01 1.172207181610397924e-03
3.239875690648389991e+03 1.029694549540572446e+01 1.174878088196274796e-03
3.239878005678949194e+03 1.029583241481490674e+01 1.173755179395142472e-03
3.239880320709741682e+03 1.029840390155816365e+01 1.175600594765621905e-03
3.239882635740301339e+03 1.029097684758803055e+01 1.168528448307427263e-03
3.239884950770860087e+03 1.029732744008923717e+01 1.174843785881237975e-03
3.239887265801419744e+03 1.029425514391908614e+01 1.172298439411573103e-03
3.239889580832212232e+03 1.029311055181546664e+01 1.169836546440253125e-03
3.239891895862771889e+03 1.029259910756193186e+01 1.169859083305153447e-03
3.239894210893332001e+03 1.029229528836099483e+01 1.169912421688341963e-03
3.239896525923891204e+03 1.029449516947428656e+01 1.172266570581952062e-03
3.239898840954450861e+03 1.029284212502177276e+01 1.170527910373715848e-03
3.239901155985009609e+03 1.029275978919874213e+01 1.170574075638913933e-03
3.239903471015569266e+03 1.029027040405796534e+01 1.168560614446709570e-03
3.239905786046128924e+03 1.029218216618804504e+01 1.170049546131353944e-03
3.239908101076689491e+03 1.029180604613472383e+01 1.170273685097167468e-03
3.239910416107249148e+03 1.028994505092902934e+01 1.168944012263375964e-03
3.239912731137807896e+03 1.029108918971250120e+01 1.170174555030889475e-03
3.239915046168366644e+03 1.029124422678401629e+01 1.170394409029292372e-03
3.239917361198926301e+03 1.029169603506316655e+01 1.169752818729676317e-03
3.239919676229485503e+03 1.028905018324770992e+01 1.168016196290259240e-03
3.239921991260045615e+03 1.028880776711509171e+01 1.167506868835616746e-03
3.239924306290373352e+03 1.028989879010593711e+01 1.168632440246955171e-03
3.239926621320932099e+03 1.029139906999051490e+01 1.170325887949393321e-03
3.239928936351491757e+03 1.029244343207339440e+01 1.171122717017237819e-03
3.239931251382051414e+03 1.028991675787666615e+01 1.169284381617552914e-03
3.239933566412377331e+03 1.028584703156912816e+01 1.164846778248151233e-03
3.239935881442936989e+03 1.028910137870907349e+01 1.167909046396695474e-03
3.239938196473496646e+03 1.029149986236086178e+01 1.169957946148163621e-03
3.239940511503822563e+03 1.029123511610519692e+01 1.170532129275131134e-03
3.239942826534383130e+03 1.029130500295069339e+01 1.170905917404058616e-03
3.239945141564942787e+03 1.029076034487604829e+01 1.169382946966272601e-03
3.239947456595268704e+03 1.028886665497010533e+01 1.167563631865028333e-03
3.239949771625829271e+03 1.028954586313738950e+01 1.168594229812030963e-03
3.239952086656156098e+03 1.028956488577679629e+01 1.168176769387990538e-03
3.239954401686715755e+03 1.029217143971806436e+01 1.171162663974293196e-03
3.239956716717041672e+03 1.029196953975876738e+01 1.170790948465733365e-03
3.239959031747367590e+03 1.029192298212365131e+01 1.170515143869508981e-03
3.239961346777927247e+03 1.028825695230057136e+01 1.166820502890626114e-03
3.239963661808254528e+03 1.029335542611969423e+01 1.172728927955874953e-03
3.239965976838581810e+03 1.028929785248737083e+01 1.168509563004512235e-03
3.239968291869141467e+03 1.028575191125034394e+01 1.164501712863719304e-03
3.239970606899468294e+03 1.028894628412507117e+01 1.168193997821123349e-03
3.239972921929794211e+03 1.028870266115071885e+01 1.168048760779688252e-03
3.239975236960352959e+03 1.029153213649727761e+01 1.170905307373446653e-03
3.239977551990679785e+03 1.028645559997459813e+01 1.166125898782123440e-03
3.239979867021007522e+03 1.029071570467143459e+01 1.169780645834413765e-03
3.239982182051335258e+03 1.029010935637810498e+01 1.169275095479853626e-03
3.239984497081661175e+03 1.028676627691898915e+01 1.165969867095831324e-03
3.239986812111987092e+03 1.029118780011136636e+01 1.169952882353025641e-03
3.239989127142313919e+03 1.028843969618091947e+01 1.167900552596001871e-03
3.239991442172639836e+03 1.029269080715103613e+01 1.171782425184507512e-03
3.239993757202966663e+03 1.029155151638481058e+01 1.170830275270524348e-03
3.239996072233294399e+03 1.028887256982644871e+01 1.167989961869654375e-03
3.239998387263621225e+03 1.029078820724432752e+01 1.169902758320683816e-03
3.240000702293948052e+03 1.029125219248363976e+01 1.169481915217836839e-03
3.240003017324274879e+03 1.029032333649580799e+01 1.168886496075725694e-03
3.240005332354600796e+03 1.029150011239328499e+01 1.169802382847948390e-03
3.240007647384926713e+03 1.029206772263247771e+01 1.170241772264204007e-03
3.240009962415253995e+03 1.029066032938337649e+01 1.168582425227088608e-03
3.240012277445581276e+03 1.028946747756603841e+01 1.168086015628684148e-03
3.240014592475674363e+03 1.029125229903917749e+01 1.169531713380142415e-03
3.240016907506001189e+03 1.028846689949750015e+01 1.166624248793600525e-03
3.240019222536328471e+03 1.029347344189763191e+01 1.171146964861896622e-03
3.240021537566654843e+03 1.029529974730941611e+01 1.172777739887982760e-03
3.240023852596748839e+03 1.029269555989217366e+01 1.170225138582588979e-03
3.240026167627075665e+03 1.029224082798846851e+01 1.170150500555546674e-03
3.240028482657401582e+03 1.029419704050711815e+01 1.171510146504607013e-03
3.240030797687495578e+03 1.029404372005468815e+01 1.171566967282692932e-03
3.240033112717822405e+03 1.029474640180423783e+01 1.172004668447998920e-03
3.240035427747915946e+03 1.029450731710531208e+01 1.172030105764668411e-03
3.240037742778243228e+03 1.029662796852602824e+01 1.172987127263399373e-03
3.240040057808337224e+03 1.029407242500534458e+01 1.171047901439665898e-03
3.240042372838664505e+03 1.029640450131778984e+01 1.172951921528440997e-03
3.240044687868758047e+03 1.029753875823596587e+01 1.174387917821790401e-03
3.240047002898851133e+03 1.029766040323196918e+01 1.174397886303737201e-03
3.240049317929177505e+03 1.029379491752729336e+01 1.170786445199126962e-03
3.240051632959271046e+03 1.029744199196722931e+01 1.173027501014648703e-03
3.240053947989598782e+03 1.029763492362046051e+01 1.173157938783180292e-03
3.240056263019693688e+03 1.029811005142421365e+01 1.173706357484599920e-03
3.240058578049787684e+03 1.030251994199094412e+01 1.177511709059033936e-03
3.240060893079880771e+03 1.030120413122978107e+01 1.175862624018410470e-03
3.240063208110206688e+03 1.029891715226838755e+01 1.173851397562679236e-03
3.240065523140300684e+03 1.029986094049000656e+01 1.173901679443374807e-03
3.240067838170394680e+03 1.030358325140554321e+01 1.177466154050524566e-03
3.240070153200488676e+03 1.030227674956662653e+01 1.177351198981276209e-03
3.240072468230582672e+03 1.030493952673584701e+01 1.179255176985148906e-03
3.240074783260676668e+03 1.030658608783892483e+01 1.180200386155952656e-03
3.240077098290770664e+03 1.030471248148929320e+01 1.178534501816378777e-03
3.240079413320863750e+03 1.030500485340755112e+01 1.178623721768244084e-03
3.240081728350957746e+03 1.030742118572254462e+01 1.180837204023850884e-03
3.240084043381051742e+03 1.030686369010361858e+01 1.179308583301894205e-03
3.240086358411145739e+03 1.030871391952100424e+01 1.181953944017693570e-03
3.240088673441239735e+03 1.030963103905702916e+01 1.182846373054842210e-03
3.240090988471333731e+03 1.030978376353025183e+01 1.182360167804042067e-03
3.240093303501427727e+03 1.031209992483064397e+01 1.184029616872335619e-03
3.240095618531521723e+03 1.031395716041831534e+01 1.185500232210048204e-03
3.240097933561615719e+03 1.031378916495284059e+01 1.185325579157301421e-03
3.240100248591476884e+03 1.030866077823510452e+01 1.180743703893341991e-03
3.240102563621569971e+03 1.031216647934270370e+01 1.183979477063316519e-03
3.240104878651663512e+03 1.031098010146246224e+01 1.182422843446287453e-03
3.240107193681757053e+03 1.031517164640686168e+01 1.185583227150645335e-03
3.240109508711618219e+03 1.031709794394497237e+01 1.188351307574177316e-03
3.240111823741713124e+03 1.031337491150678431e+01 1.184405810246254558e-03
3.240114138771807120e+03 1.031557837800736088e+01 1.186356138333808123e-03
3.240116453801668285e+03 1.031653905898248347e+01 1.187138618677890294e-03
3.240118768831761372e+03 1.031574710373347514e+01 1.185527297168624582e-03
3.240121083861621628e+03 1.031566352910379969e+01 1.185479964264856464e-03
3.240123398891715624e+03 1.031902016899876706e+01 1.188779033763932022e-03
3.240125713921576789e+03 1.032058089925022237e+01 1.189732394877961478e-03
3.240128028951671695e+03 1.031874208681131933e+01 1.187344633663059640e-03
3.240130343981533770e+03 1.031954808355913755e+01 1.188681537988730197e-03
3.240132659011626856e+03 1.032223056181621956e+01 1.190289159653541229e-03
3.240134974041487112e+03 1.032143932970879874e+01 1.190894325003684839e-03
3.240137289071348278e+03 1.031885500412798429e+01 1.187065929015651252e-03
3.240139604101441364e+03 1.032185821310515728e+01 1.189406783869927358e-03
3.240141919131302984e+03 1.032442090682201119e+01 1.192782978937354443e-03
3.240144234161163695e+03 1.032138469383538215e+01 1.190052419226613313e-03
3.240146549191258600e+03 1.032011158811699758e+01 1.188275432320992078e-03
3.240148864221119766e+03 1.032780853138646826e+01 1.194552079887825722e-03
3.240151179250980022e+03 1.031973073786368111e+01 1.186929435459413082e-03
3.240153494280841187e+03 1.032854374777038942e+01 1.196000009023117771e-03
3.240155809310702352e+03 1.032195515045451017e+01 1.189306821650213362e-03
3.240158124340563518e+03 1.032792053838556612e+01 1.194799200243713182e-03
3.240160439370424683e+03 1.032483399246968503e+01 1.190880800152920764e-03
3.240162754400517770e+03 1.032751295629296528e+01 1.194109092861945186e-03
3.240165069430378935e+03 1.032933670259051695e+01 1.195140058847665807e-03
3.240167384460240100e+03 1.032927685952951613e+01 1.196179207171741907e-03
3.240169699490101266e+03 1.032902282341490086e+01 1.194276758434845718e-03
3.240172014519963341e+03 1.033027232963923403e+01 1.196268621160111309e-03
3.240174329549590766e+03 1.033207993166198690e+01 1.197893800625571921e-03
3.240176644579451477e+03 1.033223989759008710e+01 1.197749920274795510e-03
3.240178959609312187e+03 1.032777613782248238e+01 1.193162536314688405e-03
3.240181274639173353e+03 1.033134771924663298e+01 1.196797009106817609e-03
3.240183589669034063e+03 1.033066828329708997e+01 1.195160634784626138e-03
3.240185904698896593e+03 1.033172604314631826e+01 1.196565223518970388e-03
3.240188219728524473e+03 1.033334462733304271e+01 1.197553439608770249e-03
3.240190534758385184e+03 1.033214927655542148e+01 1.196619952855506415e-03
3.240192849788246349e+03 1.033252317119885788e+01 1.196836969270425807e-03
3.240195164818106605e+03 1.033458792799169501e+01 1.198846386106915260e-03
3.240197479847734485e+03 1.033500849103229591e+01 1.199174754459750650e-03
3.240199794877596105e+03 1.033468829103829556e+01 1.199193782146667619e-03
3.240202109907225349e+03 1.033552620551443368e+01 1.199835802947525100e-03
3.240204424937085605e+03 1.033523969128027176e+01 1.199182743249339704e-03
3.240206739966713940e+03 1.033414063890932511e+01 1.197859500220140169e-03
3.240209054996574196e+03 1.033521395565112044e+01 1.198405501544616428e-03
3.240211370026202530e+03 1.033736672498497811e+01 1.201073035697284306e-03
3.240213685056063696e+03 1.033726602711936948e+01 1.200492125229656341e-03
3.240216000085692485e+03 1.033402948040870939e+01 1.197745233695279767e-03
3.240218315115553196e+03 1.033811505205053649e+01 1.201044537488034402e-03
3.240220630145181985e+03 1.033815379265467271e+01 1.201611664361559905e-03
3.240222945175042696e+03 1.033872816050972254e+01 1.202537778733790393e-03
3.240225260204670121e+03 1.033681993743281247e+01 1.200511028205583728e-03
3.240227575234298456e+03 1.033841827892729270e+01 1.201318946842104118e-03
3.240229890263926791e+03 1.034062443661841080e+01 1.203295396438314093e-03
3.240232205293788866e+03 1.033723127378827300e+01 1.200170955333129414e-03
3.240234520323416291e+03 1.033975399738966061e+01 1.202850543357863143e-03
3.240236835353043716e+03 1.033751686231555311e+01 1.199746895739816103e-03
3.240239150382672506e+03 1.033726609197686841e+01 1.198972955224115707e-03
3.240241465412301295e+03 1.033647421936402111e+01 1.200180180293099154e-03
3.240243780441929630e+03 1.033816227156945722e+01 1.200556857544178221e-03
3.240246095471790795e+03 1.034173271395281724e+01 1.203871536337004777e-03
3.240248410501418221e+03 1.033880700965904964e+01 1.201274403468967009e-03
3.240250725531046555e+03 1.033905644856557160e+01 1.201396801466323404e-03
3.240253040560674890e+03 1.033927959974664823e+01 1.201925704861837689e-03
3.240255355590302315e+03 1.033525969287117974e+01 1.197531912519642474e-03
3.240257670619698729e+03 1.033801170786040657e+01 1.200530235525745391e-03
3.240259985649327518e+03 1.033913882687719799e+01 1.202101335492897476e-03
3.240262300678955398e+03 1.034300983100455085e+01 1.204791297532525288e-03
3.240264615708583733e+03 1.033920175717879708e+01 1.201587153795164809e-03
3.240266930738211158e+03 1.033794807133701354e+01 1.200162074779597072e-03
3.240269245767838584e+03 1.034073835507579098e+01 1.203097449555557254e-03
3.240271560797467828e+03 1.034086136244820509e+01 1.202760341039392890e-03
3.240273875826863332e+03 1.034020725971149979e+01 1.202251456254857563e-03
3.240276190856491667e+03 1.033792512321555535e+01 1.201111229103159986e-03
3.240278505886120001e+03 1.033979667539084346e+01 1.201976367586249416e-03
3.240280820915514596e+03 1.034139522407906853e+01 1.204075174263471689e-03
3.240283135945142931e+03 1.033555236708436631e+01 1.198944845362063952e-03
3.240285450974771265e+03 1.033817368387738966e+01 1.201235954137099774e-03
3.240287766004166770e+03 1.034252666708557378e+01 1.204703355695400328e-03
3.240290081033795104e+03 1.034148804690730472e+01 1.203960032199918526e-03
3.240292396063189699e+03 1.034194679333722178e+01 1.204020688583378774e-03
3.240294711092818034e+03 1.034194464983854722e+01 1.204511028636985918e-03
3.240297026122214447e+03 1.033841820201940109e+01 1.201080478017213689e-03
3.240299341151841872e+03 1.034082051732669427e+01 1.203585812791904599e-03
3.240301656181238286e+03 1.034457444612086618e+01 1.207117891738690657e-03
3.240303971210633790e+03 1.034080241721418325e+01 1.203247258962509810e-03
3.240306286240261215e+03 1.034100616886326662e+01 1.203819702948169795e-03
3.240308601269656720e+03 1.033719380397520737e+01 1.199364345574844854e-03
3.240310916299051314e+03 1.033582769633972553e+01 1.198984217978974658e-03
3.240313231328679649e+03 1.033728693741684523e+01 1.200006410052973120e-03
3.240315546358076062e+03 1.033875787128307522e+01 1.202339237369527214e-03
3.240317861387471567e+03 1.033890497351985971e+01 1.201848048634375542e-03
3.240320176416866161e+03 1.033813321759027914e+01 1.201275587424190149e-03
3.240322491446494496e+03 1.034092974540739007e+01 1.203904669036742238e-03
3.240324806475889091e+03 1.033692222426217455e+01 1.199946528286110949e-03
3.240327121505283685e+03 1.033809082892480369e+01 1.201741547621595083e-03
3.240329436534680099e+03 1.033700078182237370e+01 1.200732885508407630e-03
3.240331751564076058e+03 1.033556800878312742e+01 1.199125134323009200e-03
3.240334066593472016e+03 1.033506904225809464e+01 1.198391735883435824e-03
3.240336381622866611e+03 1.033356673048844065e+01 1.197005903988598288e-03
3.240338696652262115e+03 1.033446480251175004e+01 1.197801095856701990e-03
3.240341011681656710e+03 1.033425583450999596e+01 1.197912262702108092e-03
3.240343326711052214e+03 1.033597260618749658e+01 1.199848272965376751e-03
3.240345641740447718e+03 1.033585946488179808e+01 1.199141084953851818e-03
3.240347956769843222e+03 1.033836715298052233e+01 1.202280738882438972e-03
3.240350271799005895e+03 1.033479650254215620e+01 1.199045811377865214e-03
3.240352586828402309e+03 1.033496148858608876e+01 1.198595435731365485e-03
3.240354901857796904e+03 1.033549761181745197e+01 1.199664240323580940e-03
3.240357216887192408e+03 1.033344475901959925e+01 1.198233476182936118e-03
3.240359531916355081e+03 1.033260872393293184e+01 1.197518657668180395e-03
3.240361846945750585e+03 1.033475728043854147e+01 1.199391513037576787e-03
3.240364161975145180e+03 1.032997645117057672e+01 1.195246322688643887e-03
3.240366477004307853e+03 1.033264504935008077e+01 1.197738109460115292e-03
3.240368792033703357e+03 1.033155162413258665e+01 1.197266616564877061e-03
3.240371107063098862e+03 1.032955790716448341e+01 1.194652897289936403e-03
3.240373422092261990e+03 1.032932906155492070e+01 1.194044410459071687e-03
3.240375737121657494e+03 1.032846315408294480e+01 1.194705748364764154e-03
3.240378052150819713e+03 1.032897671961655739e+01 1.194543117805628701e-03
3.240380367180215217e+03 1.032926183551254695e+01 1.195397426685375786e-03
3.240382682209376526e+03 1.033026565908871497e+01 1.195814250752959317e-03
3.240384997238771575e+03 1.032460224590712627e+01 1.190355112844815018e-03
3.240387312267934249e+03 1.032709177506964515e+01 1.193230304523135426e-03
3.240389627297097832e+03 1.033096003390929063e+01 1.197847975293249087e-03
3.240391942326494245e+03 1.032647415685044834e+01 1.192129633709879816e-03
3.240394257355656009e+03 1.032402573988309413e+01 1.190884421027573175e-03
3.240396572384818683e+03 1.032646409226931539e+01 1.192972128237864814e-03
3.240398887413980447e+03 1.032483890877193033e+01 1.191051088803124621e-03
3.240401202443375041e+03 1.032567311980740854e+01 1.192087374987658424e-03
3.240403517472537715e+03 1.032818115099595957e+01 1.194814907024576963e-03
3.240405832501701298e+03 1.032405365627548832e+01 1.190058296039664268e-03
3.240408147530863971e+03 1.032435572165688242e+01 1.190882133990634872e-03
3.240410462560026644e+03 1.032595252458960466e+01 1.192360167120385837e-03
3.240412777589189318e+03 1.032888676200346545e+01 1.195898328428005421e-03
3.240415092618351082e+03 1.032344598217930454e+01 1.190010530050557508e-03
3.240417407647513755e+03 1.032407660093300983e+01 1.191260352424740624e-03
3.240419722676676429e+03 1.032883496570350168e+01 1.195318918230932597e-03
3.240422037705838193e+03 1.032661862907768580e+01 1.194403064394060528e-03
3.240424352735000866e+03 1.032151393072097534e+01 1.188331768243468560e-03
3.240426667764163994e+03 1.032528967666315545e+01 1.192470562939803658e-03
3.240428982793326213e+03 1.032388292530175988e+01 1.190833611841452151e-03
3.240431297822489796e+03 1.032697792609354437e+01 1.193627015259444589e-03
3.240433612851651560e+03 1.032496226326101230e+01 1.192770936792805552e-03
3.240435927880581403e+03 1.032232607360650256e+01 1.189144485084424937e-03
3.240438242909743167e+03 1.032192503234708347e+01 1.189314412058264806e-03
3.240440557938905840e+03 1.032852680743258134e+01 1.195931135574927490e-03
3.240442872968067604e+03 1.032398862213043245e+01 1.191310451870523533e-03
3.240445187996998357e+03 1.032216754626593591e+01 1.189158547906836927e-03
3.240447503026162849e+03 1.032439446776406378e+01 1.192135751712068009e-03
3.240449818055324613e+03 1.032103843780567765e+01 1.188494545310329019e-03
3.240452133084254001e+03 1.032588567223599263e+01 1.193500325090599739e-03
3.240454448113416220e+03 1.032601289216392892e+01 1.194177674104805222e-03
3.240456763142345153e+03 1.032363035622670289e+01 1.190679094819408661e-03
3.240459078171507826e+03 1.032572817462925840e+01 1.193250426785910298e-03
3.240461393200437669e+03 1.032388138932013533e+01 1.190804198898712772e-03
3.240463708229601252e+03 1.032345961290043235e+01 1.191396334692079988e-03
3.240466023258531095e+03 1.032496805630612968e+01 1.192030693339295221e-03
3.240468338287692859e+03 1.032357005650899850e+01 1.191021287260210851e-03
3.240470653316622702e+03 1.032683232112710847e+01 1.194571948668622565e-03
3.240472968345551635e+03 1.032721028793053364e+01 1.194892750266103067e-03
3.240475283374715218e+03 1.032534722179178210e+01 1.193363233492406202e-03
3.240477598403644151e+03 1.032016331957539457e+01 1.187992421040093109e-03
3.240479913432573994e+03 1.032189441736434432e+01 1.189377388288535148e-03
3.240482228461503837e+03 1.032353831900618957e+01 1.191068706722278776e-03
3.240484543490667420e+03 1.032380887675413206e+01 1.191109558669973222e-03
3.240486858519596353e+03 1.032337371564649686e+01 1.191136437071234214e-03
3.240489173548526196e+03 1.031997074743776288e+01 1.187563448910328818e-03
3.240491488577456039e+03 1.032200147501272980e+01 1.189293211842308139e-03
3.240493803606385882e+03 1.032337649311092953e+01 1.191315601302487485e-03
3.240711416304591694e+03 1.035156196550989804e+01 1.210988632305312574e-03
3.240713731332822135e+03 1.035190600000736261e+01 1.211614784239534604e-03
3.240716046361053941e+03 1.035046644689082740e+01 1.208996264517369756e-03
3.240718361389517668e+03 1.034838607602236493e+01 1.207321354736310120e-03
3.240720676417749019e+03 1.034945612683359428e+01 1.207648110320626517e-03
3.240722991445981279e+03 1.035253511763802337e+01 1.211266350897329111e-03
3.240725306474211720e+03 1.035390948009037615e+01 1.212178107103214922e-03
3.240727621502443071e+03 1.035135350202187787e+01 1.210010833156312682e-03
3.240729936530675332e+03 1.035203835660872151e+01 1.210540213905030374e-03
3.240732251559138604e+03 1.034992062121820666e+01 1.208160246236600127e-03
3.240734566587369955e+03 1.035429272333266937e+01 1.213114656066432246e-03
3.240736881615600396e+03 1.035387010948150355e+01 1.212043292005740005e-03
3.240739196643831747e+03 1.035416000348404886e+01 1.212442105047469411e-03
3.240741511672063098e+03 1.035354264784872669e+01 1.211326565061964866e-03
3.240743826700295358e+03 1.035216572849977013e+01 1.210112261664130634e-03
3.240746141728526709e+03 1.035657930043265296e+01 1.214234941155459572e-03
3.240748456756525229e+03 1.035422221980483570e+01 1.212658503156999060e-03
3.240750771784755671e+03 1.035227567366097645e+01 1.210309366730681103e-03
3.240753086812986112e+03 1.035388132917826276e+01 1.212146822038241397e-03
3.240755401841216553e+03 1.035518128401316318e+01 1.213538143119067061e-03
3.240757716869448814e+03 1.035700614794141572e+01 1.214819210023538503e-03
3.240760031897681074e+03 1.035044759475445453e+01 1.207843775316836668e-03
3.240762346925679594e+03 1.035438456404804342e+01 1.211831917580620229e-03
3.240764661953910490e+03 1.035734474061711552e+01 1.215279226967565501e-03
3.240766976982141387e+03 1.035803327915429684e+01 1.215814887841474559e-03
3.240769292010138997e+03 1.035700294418308154e+01 1.214723619755216566e-03
3.240771607038370348e+03 1.035636244135706363e+01 1.213628407639431124e-03
3.240773922066368868e+03 1.035667188411225759e+01 1.213955467682102749e-03
3.240776237094600219e+03 1.035263993364092627e+01 1.210409006390448031e-03
3.240778552122598740e+03 1.035951793214981542e+01 1.216790570820250371e-03
3.240780867150830090e+03 1.035792785019426887e+01 1.215629808001301906e-03
3.240783182178828611e+03 1.035647995990715664e+01 1.213943478411793567e-03
3.240785497207059507e+03 1.035764048453988018e+01 1.215141859041419040e-03
3.240787812235058027e+03 1.035437616690708218e+01 1.212170108814500206e-03
3.240790127263289833e+03 1.035335192374568791e+01 1.211043394800849320e-03
3.240792442291287443e+03 1.035167378635108726e+01 1.208937699264788640e-03
3.240794757319285509e+03 1.035691583716874753e+01 1.214420153073052623e-03
3.240797072347517314e+03 1.035631296869022577e+01 1.213784016839001634e-03
3.240799387375515835e+03 1.035522141029717424e+01 1.212825501550319563e-03
3.240801702403515264e+03 1.035716799726075443e+01 1.215406288369973772e-03
3.240804017431513785e+03 1.035608861340378439e+01 1.213448087490002656e-03
3.240806332459511395e+03 1.035176659280779177e+01 1.209255778299721338e-03
3.240808647487509006e+03 1.035768434532415938e+01 1.214657317142484212e-03
3.240810962515740357e+03 1.035840322586602369e+01 1.216329477399905566e-03
3.240813277543737968e+03 1.035484141619553178e+01 1.212288455956916271e-03
3.240815592571737398e+03 1.035712473695809877e+01 1.214944119485530331e-03
3.240817907599736827e+03 1.035106274590965469e+01 1.208125651552052109e-03
3.240820222627735347e+03 1.035503386639649825e+01 1.212395888754909737e-03
3.240822537655732958e+03 1.034971898819249603e+01 1.207411726696763343e-03
3.240824852683497738e+03 1.035560450865412108e+01 1.213260484304192746e-03
3.240827167711496259e+03 1.035038811950271587e+01 1.207705948619687900e-03
3.240829482739494779e+03 1.035197319764159118e+01 1.210416304288694468e-03
3.240831797767493299e+03 1.035345829298023013e+01 1.211250447047839372e-03
3.240834112795491819e+03 1.035284638285639147e+01 1.210981166625514248e-03
3.240836427823491249e+03 1.035282655209762659e+01 1.210339564466741957e-03
3.240838742851256029e+03 1.035408794297586255e+01 1.212979258235832988e-03
3.240841057879253640e+03 1.035648612285680237e+01 1.215247714908364524e-03
3.240843372907252160e+03 1.035196568354878188e+01 1.210805922354633553e-03
3.240845687935018759e+03 1.035243212912129174e+01 1.210715476519691556e-03
3.240848002963016370e+03 1.035396704128654122e+01 1.212272133499774735e-03
3.240850317991014890e+03 1.035153894540674635e+01 1.210379685069959887e-03
3.240852633018779670e+03 1.035004278104782038e+01 1.209044731958668420e-03
3.240854948046779100e+03 1.034926569664890295e+01 1.207445697589591693e-03
3.240857263074544790e+03 1.035354672837338441e+01 1.211888046912510709e-03
3.240859578102544219e+03 1.035061257357520148e+01 1.209398233430713978e-03
3.240861893130308090e+03 1.035118981479952360e+01 1.209457418105998761e-03
3.240864208158306610e+03 1.034855564967274688e+01 1.207449060162662374e-03
3.240866523186072300e+03 1.035341695640743076e+01 1.212297426557061792e-03
3.240868838213837080e+03 1.035162713140976720e+01 1.210480640729671032e-03
3.240871153241836510e+03 1.034918289302097705e+01 1.207878109739744972e-03
3.240873468269603109e+03 1.034995795141465535e+01 1.208568739816481222e-03
3.240875783297367889e+03 1.034911538770896833e+01 1.208060936221694954e-03
3.240878098325132669e+03 1.034742778799094509e+01 1.206922570575343946e-03
3.240880413353131189e+03 1.035172335863467019e+01 1.211341940323865541e-03
3.240882728380896879e+03 1.034809549736479006e+01 1.207361511452143986e-03
3.240885043408661659e+03 1.034956312715415550e+01 1.208486862337748670e-03
3.240887358436428258e+03 1.034692819961340504e+01 1.207125536006737341e-03
3.240889673464193947e+03 1.034976224631244612e+01 1.208731773871947425e-03
3.240891988491959637e+03 1.034835329119142955e+01 1.207836317493912130e-03
3.240894303519725327e+03 1.035335441943459500e+01 1.213400341683334516e-03
3.240896618547490107e+03 1.034813262887515073e+01 1.207460877399989946e-03
3.240898933575255796e+03 1.034901582829818700e+01 1.208696749088153692e-03
3.240901248603022395e+03 1.034555553299158071e+01 1.205064734281769551e-03
3.240903563630787175e+03 1.034668298740697523e+01 1.207025149123470975e-03
3.240905878658552865e+03 1.034902573963723071e+01 1.209206915920547302e-03
3.240908193686317645e+03 1.034784320228356336e+01 1.207882975814652789e-03
3.240910508713851414e+03 1.034861528850618839e+01 1.208454974800157343e-03
3.240912823741617103e+03 1.035065231631377358e+01 1.210451676960408712e-03
3.240915138769382793e+03 1.034723822385271852e+01 1.207072147396257749e-03
3.240917453797147573e+03 1.034445713519979115e+01 1.204692137245323659e-03
3.240919768824680432e+03 1.034649629198299081e+01 1.207155382023157152e-03
3.240922083852445212e+03 1.034698761977823800e+01 1.207738272090583655e-03
3.240924398880210902e+03 1.034542791466213885e+01 1.206566362076401042e-03
3.240926713907744670e+03 1.034437775003143933e+01 1.204802357195202279e-03
3.240929028935511269e+03 1.034415302503515655e+01 1.204937024429797270e-03
3.240931343963043219e+03 1.034536664318596877e+01 1.204808408613617472e-03
3.240933658990808908e+03 1.034504000351373776e+01 1.205058580803046887e-03
3.240935974018340858e+03 1.034469701782707496e+01 1.204976418585182538e-03
3.240938289046105638e+03 1.034526945932923958e+01 1.205897845294163920e-03
3.240940604073638951e+03 1.034381318417541173e+01 1.204701629343384560e-03
3.240942919101405096e+03 1.034505470085001555e+01 1.205790680255323629e-03
3.240945234128937955e+03 1.034520179666527540e+01 1.206201662354800842e-03
3.240947549156470814e+03 1.034057279471025481e+01 1.200936016800469323e-03
3.240949864184235594e+03 1.034661858941830914e+01 1.208111967261028645e-03
3.240952179211768453e+03 1.034409965686860566e+01 1.205087933419591705e-03
3.240954494239302221e+03 1.034409944034869611e+01 1.204691568190485685e-03
3.240956809266834171e+03 1.034555988877578336e+01 1.206928976593762580e-03
3.240959124294367030e+03 1.034544811398452424e+01 1.206665318473769269e-03
3.240961439322132719e+03 1.034273113907707931e+01 1.203803473151972931e-03
3.240963754349664669e+03 1.034528719396207741e+01 1.206061491556131328e-03
3.240966069377198437e+03 1.034339871371470210e+01 1.205070169018394692e-03
3.240968384404731296e+03 1.034177131433902730e+01 1.202969530695295131e-03
3.240970699432264155e+03 1.034295089647729426e+01 1.204449284383609124e-03
3.240973014459796104e+03 1.034184881491727381e+01 1.203075316514393318e-03
3.240975329487328963e+03 1.034346653784694681e+01 1.205386061881266518e-03
3.240977644514861822e+03 1.033911761059548340e+01 1.201298164643269670e-03
3.240979959542393772e+03 1.033669375579269989e+01 1.198510169076490075e-03
3.240982274569694709e+03 1.034341818716903916e+01 1.205700541260285377e-03
3.240984589597227568e+03 1.033904624120447480e+01 1.200718606581506953e-03
3.240986904624760427e+03 1.034174538994289350e+01 1.204276010379983332e-03
3.240989219652293286e+03 1.033893388573143923e+01 1.201184967265202935e-03
3.240991534679825236e+03 1.034603886974244702e+01 1.207963034466684330e-03
3.240993849707125264e+03 1.034328868251935774e+01 1.204823681116322896e-03
3.240996164734658123e+03 1.034298153520470187e+01 1.205159887723814081e-03
3.240998479762190982e+03 1.034070678204253113e+01 1.202998057513883891e-03
3.241000794789491010e+03 1.034010554951215610e+01 1.202232607598864795e-03
3.241003109817023869e+03 1.034034399392533388e+01 1.202293161049613861e-03
3.241005424844323898e+03 1.033991970777672265e+01 1.202272519567714913e-03
3.241007739871855847e+03 1.034096191692251487e+01 1.203581914012583293e-03
3.241010054899155875e+03 1.034040329208177056e+01 1.202371787553897136e-03
3.241012369926688734e+03 1.034154377566051863e+01 1.203550945815133307e-03
3.241014684953988763e+03 1.034004623195533945e+01 1.202521828456127933e-03
3.241016999981520712e+03 1.034009089302277928e+01 1.202153640060803696e-03
3.241019315008820740e+03 1.034115775781033442e+01 1.203494041220389346e-03
3.241021630036121678e+03 1.033657952883170772e+01 1.199132938702282460e-03
3.241023945063654082e+03 1.033978859480385282e+01 1.201709690635642883e-03
3.241026260090954565e+03 1.034372386725933701e+01 1.205951818209275751e-03
3.241028575118253684e+03 1.034042216083977905e+01 1.202095520906033181e-03
3.241030890145786543e+03 1.033982733090308059e+01 1.200944412761925997e-03
3.241033205173085662e+03 1.034010379496713483e+01 1.202211357578530058e-03
3.241035520200385690e+03 1.034055717499570903e+01 1.202536122668041232e-03
3.241037835227686628e+03 1.034356029319537384e+01 1.205298757040768444e-03
3.241040150254986656e+03 1.034025876313852521e+01 1.202030239138791650e-03
3.241042465282286685e+03 1.033758768528957894e+01 1.199257911646112564e-03
3.241044780309586713e+03 1.034029999570392100e+01 1.201579564312932899e-03
3.241047095336885832e+03 1.034108885537854050e+01 1.202234105498580299e-03
3.241049410364185860e+03 1.034206315064850834e+01 1.203386799554373096e-03
3.241051725391485888e+03 1.034380122854953044e+01 1.206217484214825450e-03
3.241054040418785917e+03 1.034099526692288684e+01 1.201504824904276120e-03
3.241056355446085945e+03 1.034064225161002604e+01 1.202012500656958948e-03
3.241058670473385973e+03 1.034059135640675464e+01 1.201633865569849864e-03
3.241060985500685092e+03 1.034243765633675949e+01 1.203892460932313177e-03
3.241063300527752290e+03 1.034349978730261377e+01 1.205543589185585629e-03
3.241065615555053228e+03 1.034221668454240728e+01 1.202857817827442154e-03
3.241067930582353256e+03 1.034314386898873295e+01 1.204395463353083798e-03
3.241070245609652375e+03 1.034442295364270237e+01 1.204998970466522991e-03
3.241072560636718663e+03 1.034636847413373140e+01 1.206870800972485031e-03
3.241074875664018691e+03 1.034522817842750264e+01 1.206293342045438189e-03
3.241077190691318719e+03 1.034775343897300637e+01 1.208395537030479893e-03
3.241079505718386827e+03 1.034370507629313707e+01 1.205448727594159207e-03
3.241081820745686855e+03 1.034450544728575849e+01 1.205094707291945151e-03
3.241084135772753143e+03 1.034809837623690143e+01 1.208762200878802035e-03
3.241086450800053171e+03 1.034568201653935482e+01 1.205373133394567562e-03
3.241088765827120369e+03 1.034865684485278337e+01 1.208511849229571434e-03
3.241091080854418578e+03 1.034574244475322047e+01 1.205308755969366086e-03
3.241093395881487595e+03 1.034667603976126848e+01 1.206436008288194316e-03
3.241095710908555702e+03 1.034869142997471236e+01 1.208332969153606221e-03
3.241098025935854821e+03 1.034949162300677905e+01 1.208648948434632147e-03
3.241100340962921109e+03 1.034923815662201818e+01 1.208309852880259548e-03
3.241102655989988307e+03 1.034429600433373508e+01 1.203109389547874376e-03
3.241104971017054595e+03 1.035108136980909599e+01 1.209576603266445446e-03
3.241107286044355078e+03 1.035245027135797358e+01 1.211021419920584258e-03
3.241109601071422730e+03 1.035299960599778579e+01 1.211925938305463040e-03
3.241111916098489928e+03 1.035277694550797634e+01 1.211280790336802422e-03
3.241114231125557126e+03 1.034986749406739293e+01 1.207629659534917559e-03
3.241116546152624323e+03 1.035491964334250525e+01 1.212847022164617768e-03
3.241118861179690612e+03 1.035138049914094438e+01 1.209082742646136639e-03
3.241121176206757809e+03 1.034970085987849941e+01 1.207018942365860282e-03
3.241123491233825007e+03 1.035731529533521567e+01 1.215404001833996503e-03
3.241125806260892205e+03 1.035625402604003398e+01 1.213764111386697597e-03
3.241128121287958493e+03 1.035753557978436667e+01 1.214455782855793130e-03
3.241130436315025690e+03 1.035308159834331398e+01 1.210364655193880718e-03
3.241132751342093798e+03 1.035730798193135094e+01 1.214216838288794667e-03
3.241135066369160995e+03 1.035380974206853288e+01 1.210882680832101347e-03
3.241137381395995362e+03 1.035749117874006231e+01 1.214126068423979857e-03
3.241139696423061650e+03 1.035818465314518022e+01 1.214700257757504124e-03
3.241142011450128848e+03 1.035880077167341007e+01 1.214999855544487929e-03
3.241144326477195136e+03 1.035649970415568966e+01 1.212767267782242572e-03
3.241146641504028594e+03 1.035687724840080826e+01 1.213136277379222748e-03
3.241148956531097610e+03 1.035997187660514385e+01 1.215057747684872638e-03
3.241151271558165718e+03 1.035893284185925012e+01 1.215245998232235801e-03
3.241153586584999175e+03 1.036531600981137657e+01 1.221328949461555641e-03
3.241155901612066373e+03 1.035860321537068174e+01 1.214068135708064799e-03
3.241158216638899830e+03 1.036586393259524463e+01 1.221834092771291935e-03
3.241160531665966118e+03 1.036031633879202829e+01 1.215398205895137224e-03
3.241162846692800940e+03 1.036247677364191944e+01 1.217319298241784911e-03
3.241165161719867683e+03 1.036414837283604840e+01 1.219392341198805452e-03
3.241167476746702960e+03 1.036580885862815649e+01 1.220490960611553917e-03
3.241169791773537327e+03 1.036141455921555732e+01 1.215412627575424270e-03
3.241172106800603615e+03 1.036666385641973065e+01 1.221291232569118260e-03
3.241174421827437982e+03 1.036510636261748175e+01 1.219436873431903367e-03
3.241176736854272349e+03 1.036583938219028056e+01 1.219181720422492666e-03
3.241179051881339547e+03 1.036465241143409166e+01 1.218525165328899259e-03
3.241181366908173914e+03 1.036744998858575961e+01 1.221750757988307500e-03
3.241183681935007371e+03 1.036591439936814041e+01 1.219245933411151200e-03
3.241185996961841738e+03 1.036808054734773421e+01 1.221272846238248989e-03
3.241188311988676105e+03 1.036701028597368257e+01 1.220742280231734440e-03
3.241190627015510927e+03 1.036744128978044088e+01 1.220485422407867034e-03
3.241192942042345749e+03 1.036756977231744159e+01 1.220680291215683975e-03
3.241195257069179206e+03 1.037146912107258956e+01 1.224512976383914124e-03
3.241197572096012664e+03 1.036860591870299508e+01 1.221204767053656525e-03
3.241199887122847031e+03 1.037558664003167941e+01 1.228343617252088430e-03
3.241202202149681398e+03 1.037161321509104006e+01 1.223796989616688161e-03
3.241204517176516674e+03 1.036647288442193826e+01 1.219471526730429639e-03
3.241206832203351496e+03 1.037159303534478560e+01 1.224252754408732425e-03
3.241209147230185408e+03 1.037238217580699029e+01 1.224578096584876203e-03
3.241211462257018866e+03 1.037251585735152659e+01 1.225181297143217466e-03
3.241213777283620402e+03 1.037419024681672930e+01 1.226346858528811748e-03
3.241216092310453860e+03 1.037534731253675346e+01 1.227149894258477460e-03
3.241218407337288227e+03 1.037288880369529487e+01 1.224603800263882611e-03
3.241220722363890673e+03 1.036923760355660207e+01 1.220275190518778320e-03
3.241223037390725040e+03 1.037381002234704397e+01 1.225032673471583219e-03
3.241225352417559407e+03 1.037158221950435433e+01 1.222920956941407362e-03
3.241227667444160488e+03 1.037444239853270389e+01 1.225240369330331995e-03
3.241229982470994401e+03 1.037642604788217326e+01 1.227428053282579763e-03
3.241232297497595937e+03 1.037733480723428059e+01 1.228451330400879594e-03
3.241234612524430304e+03 1.037696538445485395e+01 1.228096811513526435e-03
3.241236927551031840e+03 1.038000629258687546e+01 1.230593894738100762e-03
3.241239242577865298e+03 1.037742370018346350e+01 1.228141889330468511e-03
3.241241557604466834e+03 1.037760412666979448e+01 1.227920577438792928e-03
3.241243872631069280e+03 1.038010769196954541e+01 1.230188087448656721e-03
3.241246187657903647e+03 1.038177364970748151e+01 1.231903222840118875e-03
3.241248502684505183e+03 1.037856919735090955e+01 1.228910614155343710e-03
3.241250817711105810e+03 1.037882410661086219e+01 1.228720559501913319e-03
3.241253132737707347e+03 1.037736584797255723e+01 1.227010468842378282e-03
3.241255447764540804e+03 1.038168824460018058e+01 1.231817345551309856e-03
3.241257762791142341e+03 1.037910068810897357e+01 1.228528507355065727e-03
3.241260077817744786e+03 1.037881559616399052e+01 1.228468352796105835e-03
3.241262392844347232e+03 1.038099489710219991e+01 1.229885995360299831e-03
3.241264707870947859e+03 1.038123009278351283e+01 1.230066329397556902e-03
3.241267022897548486e+03 1.038525336196360982e+01 1.235093580105545022e-03
3.241269337924149113e+03 1.037966373326882774e+01 1.229183574862989905e-03
3.241271652950750649e+03 1.038294518126543231e+01 1.232186029065730857e-03
3.241273967977352186e+03 1.037904328570256496e+01 1.227464702755263429e-03
3.241276283003953722e+03 1.038283784721229175e+01 1.232339293788970846e-03
3.241278598030556168e+03 1.038435892399420979e+01 1.232971788346856135e-03
3.241280913057157704e+03 1.038083922840862172e+01 1.229856593224503683e-03
3.241283228083526410e+03 1.038027852376250593e+01 1.228127371083918016e-03
3.241285543110126127e+03 1.038495055511840981e+01 1.233622939154339990e-03
3.241287858136727664e+03 1.038091656875278090e+01 1.229223752828483354e-03
3.241290173163330110e+03 1.038296509370434961e+01 1.232046761491086429e-03
3.241292488189698815e+03 1.038287258826359327e+01 1.231500212759862418e-03
3.241294803216299442e+03 1.038418846793979888e+01 1.232353712357590718e-03
3.241297118242900979e+03 1.038388746407628638e+01 1.231756883401476186e-03
3.241299433269269684e+03 1.038657742276012641e+01 1.235066577729756554e-03
3.241301748295871221e+03 1.038160385076854553e+01 1.229753467449184925e-03
3.241304063322240836e+03 1.038330894538754023e+01 1.231390420453448058e-03
3.241306378348841463e+03 1.038612160572309939e+01 1.234579749424395342e-03
3.241308693375210169e+03 1.038474056182524308e+01 1.233237226477457973e-03
3.241311008401810795e+03 1.038811577001606778e+01 1.235590722840586167e-03
3.241313323428179956e+03 1.038637607284653619e+01 1.234438475233650637e-03
3.241315638454549116e+03 1.038660522374732231e+01 1.235145956337634727e-03
3.241317953481150653e+03 1.038682933983086976e+01 1.234956611927474565e-03
3.241320268507519359e+03 1.038552620003726012e+01 1.233810737903351168e-03
3.241322583533887155e+03 1.038387645041326124e+01 1.231608547221545126e-03
3.241324898560488691e+03 1.038391305165523093e+01 1.232105600502292906e-03
3.241327213586856942e+03 1.038587851924247119e+01 1.233358502147206132e-03
3.241329528613226103e+03 1.038668578471797055e+01 1.233948585912920297e-03
3.241331843639594808e+03 1.038747063408168714e+01 1.235531968146338921e-03
3.241334158665963059e+03 1.038615977545446789e+01 1.234124399327739567e-03
3.241336473692332220e+03 1.038815020522241639e+01 1.236267551114077212e-03
3.241338788718700016e+03 1.038635841610360799e+01 1.234097766735070155e-03
3.241341103745068722e+03 1.038678320828875457e+01 1.234532382351101725e-03
3.241343418771438337e+03 1.038978040337848974e+01 1.237622719393804581e-03
3.241345733797806133e+03 1.038909919495148060e+01 1.237525031933576179e-03
3.241348048824174839e+03 1.038776695178152920e+01 1.235938994933048502e-03
3.241350363850542635e+03 1.038993903598278834e+01 1.237015186089354592e-03
3.241352678876912250e+03 1.038634533610640887e+01 1.233182272479957419e-03
3.241354993903280956e+03 1.038518433066719382e+01 1.232536871107359645e-03
3.241357308929649662e+03 1.038704392629889917e+01 1.235573590841433948e-03
3.241359623955784627e+03 1.038640969235553513e+01 1.233852706463496336e-03
3.241361938982153333e+03 1.038949666465252442e+01 1.237002932693151945e-03
3.241364254008521129e+03 1.038767386950098981e+01 1.234709234328240039e-03
3.241366569034657005e+03 1.038628846252434634e+01 1.233684267692335395e-03
3.241368884061025710e+03 1.038844447823188410e+01 1.236084636459871058e-03
3.241371199087395325e+03 1.039010030502162074e+01 1.237671725168556364e-03
3.241373514113531201e+03 1.038862526749193194e+01 1.235488280601047253e-03
3.241375829139899906e+03 1.038760624858543657e+01 1.234400347268426335e-03
3.241378144166034872e+03 1.039322317225568248e+01 1.241609082904962915e-03
3.241380459192402668e+03 1.038795884143465287e+01 1.234872626535796040e-03
3.241382774218538998e+03 1.038859995190480490e+01 1.235253893783300584e-03
3.241385089244675328e+03 1.038994300028189066e+01 1.237175289742784966e-03
3.241387404271043124e+03 1.038766818778331391e+01 1.235200473470375636e-03
3.241389719297179909e+03 1.038746026801361921e+01 1.233484113199455638e-03
3.241392034323315784e+03 1.038581163509014083e+01 1.232847707294741678e-03
3.241394349349683580e+03 1.038951312711076547e+01 1.236350487241213080e-03
3.241396664375820365e+03 1.038628151255698917e+01 1.233080646729186594e-03
3.241398979401956240e+03 1.038724487103543836e+01 1.234544563836279928e-03
3.241401294428091205e+03 1.039005073763791742e+01 1.237789810708646906e-03
3.241403609454226171e+03 1.039016959886088465e+01 1.237456098446935559e-03
3.241405924480594877e+03 1.038932490764896599e+01 1.236228706627124025e-03
3.241408239506730752e+03 1.038906999105139839e+01 1.236548543743137612e-03
3.241410554532867081e+03 1.039138951699409752e+01 1.238302920745977878e-03
3.241412869559003411e+03 1.038985513508820979e+01 1.237031344040319652e-03
3.241415184585139286e+03 1.039029550696365689e+01 1.237133793355023022e-03
3.241417499611274252e+03 1.039133452632242616e+01 1.238139316795577915e-03
3.241419814637409218e+03 1.038915799549572583e+01 1.235933345391006417e-03
3.241422129663312262e+03 1.039077032626973462e+01 1.237167641282369609e-03
3.241424444689448137e+03 1.039230163767061121e+01 1.238835852515722275e-03
3.241426759715584922e+03 1.038936340149211546e+01 1.236030339182249286e-03
3.241429074741720797e+03 1.039051439420362044e+01 1.237497993896508660e-03
3.241431389767855762e+03 1.039031200636362406e+01 1.237248249119056800e-03
3.241433704793758807e+03 1.039165037616927734e+01 1.238281767567313025e-03
3.241436019819894682e+03 1.039220643205658234e+01 1.238525286773259088e-03
3.241438334846029647e+03 1.038851569410426734e+01 1.235219915722908382e-03
3.241440649871933601e+03 1.038985988958360096e+01 1.236402833389786595e-03
3.241442964898068567e+03 1.039128956376593749e+01 1.237818154403641253e-03
3.241445279923972066e+03 1.039375889273333975e+01 1.240637584737317540e-03
3.241447594950108396e+03 1.039146195397221994e+01 1.238250326357065055e-03
3.241449909976010986e+03 1.039030182989186457e+01 1.237631831095674156e-03
3.241452225002147316e+03 1.039083152722560399e+01 1.238013594738787346e-03
3.241454540028050360e+03 1.039083364875993176e+01 1.237888615282610591e-03
3.241456855054185326e+03 1.039023363805469735e+01 1.236709623098080192e-03
3.241459170080088370e+03 1.039279850742339484e+01 1.239545896187004047e-03
3.241461485105989595e+03 1.038723025112481047e+01 1.233913811824433526e-03
3.241463800132126380e+03 1.038955994880370781e+01 1.236697640263629367e-03
3.241466115158031243e+03 1.039246902614163659e+01 1.239561075949476877e-03
3.241468430183933378e+03 1.039143006569916849e+01 1.238100980263208938e-03
3.241470745209836423e+03 1.039210354325317809e+01 1.239602371162476209e-03
3.241473060235738558e+03 1.039326681717180634e+01 1.240217633453199455e-03
3.241475375261874433e+03 1.039046936377620511e+01 1.237107462583357997e-03
3.241477690287777023e+03 1.038770421568154845e+01 1.233989073134684946e-03
3.241480005313679612e+03 1.038810676418259504e+01 1.234635193414099609e-03
3.241482320339582657e+03 1.039181817203439273e+01 1.239028132967894599e-03
3.241484635365486611e+03 1.039103348472070110e+01 1.237501832831114628e-03
3.241486950391388746e+03 1.039188384168916457e+01 1.238620807428197825e-03
3.241489265417291790e+03 1.038962431467022185e+01 1.235596767943593745e-03
3.241491580443194835e+03 1.038994212898928637e+01 1.236466761979126147e-03
3.241493895468865503e+03 1.039211001449135807e+01 1.238341249109526417e-03
3.241496210494768093e+03 1.039223203662669803e+01 1.238201003143134379e-03
3.241498525520670228e+03 1.039278839991137815e+01 1.239591410493995956e-03
3.241500840546573272e+03 1.039499870043690422e+01 1.241402267843933838e-03
3.241503155572477226e+03 1.039575180380647623e+01 1.241756010735506994e-03
3.241505470598146985e+03 1.039489506788477691e+01 1.240878816244964360e-03
3.241507785624050484e+03 1.039367763872959216e+01 1.240297956875686123e-03
3.241510100649952619e+03 1.039204010608032647e+01 1.237432465583721865e-03
3.241512415675622833e+03 1.039319996209744446e+01 1.238831089383017614e-03
3.241514730701524968e+03 1.039330250393894417e+01 1.239144177890180850e-03
3.241517045727195182e+03 1.039517075708601546e+01 1.240991195025234559e-03
3.241519360753098226e+03 1.039519771973260909e+01 1.240887968210786481e-03
3.241521675778770259e+03 1.039119756560734587e+01 1.236403590324446078e-03
3.241523990804672394e+03 1.039678625374724774e+01 1.242603776810380237e-03
3.241526305830341698e+03 1.039526274416829388e+01 1.240382624956301279e-03
3.241528620856011912e+03 1.039431120253857266e+01 1.239693109035192812e-03
3.241530935881914957e+03 1.039685735124977484e+01 1.241944435613582132e-03
3.241533250907585170e+03 1.039476339761457702e+01 1.239072816935035161e-03
3.241535565933255384e+03 1.039822660856949454e+01 1.243603171896649501e-03
3.241537880959157974e+03 1.039698180231626878e+01 1.242085233403298619e-03
3.241540195984828642e+03 1.039406980875816089e+01 1.238356337744153527e-03
3.241542511010498856e+03 1.039784049073893435e+01 1.242055321834400431e-03
3.241544826036169070e+03 1.039635428174872089e+01 1.240281338099326943e-03
3.241547141061839284e+03 1.039901427164406833e+01 1.243444231845155070e-03
3.241549456087508588e+03 1.039818350332576458e+01 1.242831327134368870e-03
3.241551771113178802e+03 1.039971552114164410e+01 1.243278385943560752e-03
3.241554086138848106e+03 1.039938718638661896e+01 1.243390137168464337e-03
3.241556401164519229e+03 1.040022210776962908e+01 1.244098278822316052e-03
3.241558716190190353e+03 1.040143845163831315e+01 1.245412987550561937e-03
3.241561031215859657e+03 1.039873807811358652e+01 1.242374343099330930e-03
3.241563346241529871e+03 1.040265194118003222e+01 1.246649644266779964e-03
3.241565661267199175e+03 1.040008228502205867e+01 1.243389986912632906e-03
3.241567976292869389e+03 1.040311847509536491e+01 1.246141002243011638e-03
3.241570291318305863e+03 1.040534554871196171e+01 1.248667343587624027e-03
3.241572606343976076e+03 1.040589674897000450e+01 1.248242053904778529e-03
3.241574921369647200e+03 1.040562155234831465e+01 1.248138582466519226e-03
3.241577236395318323e+03 1.040680516714662929e+01 1.249527658470279664e-03
3.241579551420754797e+03 1.040752545341580237e+01 1.249737266360076903e-03
3.241581866446424101e+03 1.040421770615881414e+01 1.246982898830713412e-03
3.241584181471860575e+03 1.040305285462205731e+01 1.244213463337997183e-03
3.241586496497531698e+03 1.040656000540217896e+01 1.248191082026212703e-03
3.241588811522969081e+03 1.040698441966762111e+01 1.248727972981830778e-03
3.241591126548639295e+03 1.040809777610969178e+01 1.249678805057458358e-03
3.241593441574076678e+03 1.041041792750483452e+01 1.251720152997080936e-03
3.241595756599746892e+03 1.040828575859766758e+01 1.248920723573926621e-03
3.241598071625184275e+03 1.040915608852093222e+01 1.250077324463383724e-03
3.241600386650621658e+03 1.041136891292198641e+01 1.252322566707045597e-03
3.241602701676291872e+03 1.041167320435479482e+01 1.252882154727410222e-03
3.241605016701728346e+03 1.041110858665107664e+01 1.251926481574568411e-03
3.241607331727165729e+03 1.041394207124962001e+01 1.254317537052868775e-03
3.241609646752602202e+03 1.041131122961228073e+01 1.251037611618834554e-03
3.241611961778273326e+03 1.041417948245544167e+01 1.253677808740113206e-03
3.241614276803711618e+03 1.041511218488709822e+01 1.254766260178009169e-03
3.241616591829148092e+03 1.041342185361430239e+01 1.252608070328319880e-03
3.241618906854584566e+03 1.041318496650301917e+01 1.252658646369886461e-03
3.241621221880021949e+03 1.042153963980841169e+01 1.261410288062998286e-03
3.241623536905459332e+03 1.041746888357106116e+01 1.256523779221708917e-03
3.241625851930896715e+03 1.041614368974307325e+01 1.255155346954695862e-03
3.241628166956334098e+03 1.041978040208799783e+01 1.258546246888963410e-03
3.241630481981771936e+03 1.041764352523869341e+01 1.255553319772035421e-03
3.241632797007209774e+03 1.042024130693221551e+01 1.257971645745443101e-03
3.241635112032413417e+03 1.042041577922659101e+01 1.258055443078106433e-03
3.241637427057849891e+03 1.042327940507282058e+01 1.260932327553318435e-03
3.241639742083287274e+03 1.042144259802457285e+01 1.259012486323279932e-03
3.241642057108724657e+03 1.042774617577934038e+01 1.265642317471382715e-03
3.241644372133929210e+03 1.042596729957327462e+01 1.262005915578808153e-03
3.241646687159365683e+03 1.043016969416591522e+01 1.267570794345869445e-03
3.241649002184803976e+03 1.042598689099486720e+01 1.262350747789839356e-03
3.241651317210008528e+03 1.042566926212863976e+01 1.262174763289353836e-03
3.241653632235445912e+03 1.043031103916493052e+01 1.265588968487701711e-03
3.241655947260651374e+03 1.042672902545068858e+01 1.262139560433558514e-03
3.241658262286087847e+03 1.043091231743275848e+01 1.266623825133996427e-03
3.241660577311291490e+03 1.043397446108198068e+01 1.268973492505758678e-03
3.241662892336728873e+03 1.043103631644149054e+01 1.266013113983597378e-03
3.241665207361932517e+03 1.043275574100884917e+01 1.267649175717116888e-03
3.241667522387369900e+03 1.043407881814866123e+01 1.268925734898652090e-03
3.241669837412576271e+03 1.043507505197681873e+01 1.269422508400541369e-03
3.241672152437779914e+03 1.043441422109023620e+01 1.267741403442151178e-03
3.241674467462983557e+03 1.043361777507546684e+01 1.267261145857309299e-03
3.241676782488420940e+03 1.043698556254693344e+01 1.270024781592201139e-03
3.241679097513625948e+03 1.043666148578267183e+01 1.269849517330747012e-03
3.241681412538830500e+03 1.043481390819286858e+01 1.268246000112356739e-03
3.241683727564034598e+03 1.043836270860202475e+01 1.271266095621602929e-03
3.241686042589239150e+03 1.043791348371333072e+01 1.270172554221579188e-03
3.241688357614443703e+03 1.044305932171208440e+01 1.275967120891072790e-03
3.241690672639648255e+03 1.044496374505274261e+01 1.277392033976701251e-03
3.241692987664852808e+03 1.044296896927311735e+01 1.275765682413999976e-03
3.241695302690057360e+03 1.044468644616592634e+01 1.276251651024190234e-03
3.241697617715261913e+03 1.044242401431014144e+01 1.274375144609072663e-03
3.241699932740465556e+03 1.044443248383203127e+01 1.276689108910872197e-03
3.241702247765669199e+03 1.044439418465715441e+01 1.275713977529877941e-03
3.241704562790873752e+03 1.044351895203164737e+01 1.274770184890007974e-03
3.241706877815846383e+03 1.044636483387883885e+01 1.277814114460630373e-03
3.241709192841051845e+03 1.044452642608703918e+01 1.275792030965932494e-03
3.241711507866255488e+03 1.044650110449383718e+01 1.276921984988056919e-03
3.241713822891459131e+03 1.044873387999543013e+01 1.279660253733158571e-03
3.241716137916430853e+03 1.045117109113709830e+01 1.282238783037158332e-03
3.241718452941635405e+03 1.045032373492853139e+01 1.280576738657112973e-03
3.241720767966607127e+03 1.045181013317002439e+01 1.282424097660330668e-03
3.241723082991811680e+03 1.045050665397728196e+01 1.281230982447254148e-03
3.241725398017016232e+03 1.044792690012334546e+01 1.277617251301149583e-03
3.241727713041987954e+03 1.045421300411590160e+01 1.284459527848843359e-03
3.241730028066959676e+03 1.045260318626195684e+01 1.282852835730706118e-03
3.241732343092163319e+03 1.045435795329457740e+01 1.284598461179357366e-03
3.241734658117135041e+03 1.045531058004811520e+01 1.285514327807745980e-03
3.241736973142339593e+03 1.045564745155091302e+01 1.285566065955684630e-03
3.241739288167311315e+03 1.045288433311871046e+01 1.282623100980244445e-03
3.241741603192282128e+03 1.045324704191665965e+01 1.283067503673300047e-03
3.241743918217254759e+03 1.045478209122665270e+01 1.284269010343679681e-03
3.241746233242460221e+03 1.045392675584301401e+01 1.283036410943623733e-03
3.241748548267431488e+03 1.045282031436737036e+01 1.281184445621171139e-03
3.241750863292402755e+03 1.045797440797264599e+01 1.286723603157110011e-03
3.241753178317373568e+03 1.045664681876423252e+01 1.286198070963674939e-03
3.241755493342345289e+03 1.045659659950620046e+01 1.285639177154566286e-03
3.241757808367316102e+03 1.045900625708771869e+01 1.287931604867527998e-03
3.241760123392288733e+03 1.045339155061987313e+01 1.282165656423677825e-03
3.241762438417261365e+03 1.045627867498498631e+01 1.285037015768818484e-03
3.241764753442232177e+03 1.045556039587481401e+01 1.284734893707197706e-03
3.241767068467203899e+03 1.045345287145626045e+01 1.281471120475381146e-03
3.241769383492174711e+03 1.045434966226683038e+01 1.281772239360522104e-03
3.241771698517146433e+03 1.045584718148291969e+01 1.284533815197775848e-03
3.241774013541886234e+03 1.045457672825216733e+01 1.282413864371932145e-03
3.241776328566857501e+03 1.045920325541434437e+01 1.287617111645773370e-03
3.241778643591828768e+03 1.045662769286606242e+01 1.284842485513025415e-03
3.241780958616800035e+03 1.046072345413125326e+01 1.288541236816426530e-03
3.241783273641539381e+03 1.045799624087455193e+01 1.285623693289873054e-03
3.241785588666510193e+03 1.045868304890118594e+01 1.287112567933583387e-03
3.241787903691249994e+03 1.045538026176648927e+01 1.282261190270763155e-03
3.241790218716221716e+03 1.045955918696351716e+01 1.286675335677058994e-03
3.241792533740959698e+03 1.046172022588948636e+01 1.290172387381339700e-03
3.241794848765931420e+03 1.045799969225114978e+01 1.284676374058983878e-03
3.241797163790670311e+03 1.045816129502506797e+01 1.285449497339214873e-03
3.241799478815642033e+03 1.046212798180954096e+01 1.289936560488655695e-03
3.241801793840381833e+03 1.046356865795812574e+01 1.291025658833612998e-03
3.241804108865352646e+03 1.046120656318767850e+01 1.289590515184213613e-03
3.241806423890091537e+03 1.045895746866172615e+01 1.287067382192340955e-03
3.241808738914830428e+03 1.046146694760406604e+01 1.288357011879665611e-03
3.241811053939568410e+03 1.046008288822805454e+01 1.287531826528925559e-03
3.241813368964540132e+03 1.046265031547671143e+01 1.290017403613414465e-03
3.241815683989279023e+03 1.046312490135006890e+01 1.291115449975111006e-03
3.241817999014017914e+03 1.046017754240920183e+01 1.286904335445673364e-03
3.241820314038757715e+03 1.045913945761596153e+01 1.286134073088575965e-03
3.241822629063495697e+03 1.045788821413623282e+01 1.284643200005857171e-03
3.241824944088233678e+03 1.046298548517082772e+01 1.290885982308892293e-03
3.241827259112973024e+03 1.045830554483012165e+01 1.284483520880497264e-03
3.241829574137712370e+03 1.045998918138789691e+01 1.287483239489206318e-03
3.241831889162451262e+03 1.046214749897744412e+01 1.288371797827479607e-03
3.241834204187189243e+03 1.046322156073469856e+01 1.290736206935821353e-03
3.241836519211928135e+03 1.046114769323266458e+01 1.288098593176404804e-03
3.241838834236667026e+03 1.046480151890805033e+01 1.292473597487510785e-03
3.241841149261173086e+03 1.046075408061193102e+01 1.287235397578272893e-03
3.241843464285912887e+03 1.046205680782030534e+01 1.288844666498040713e-03
3.241845779310650869e+03 1.046304993005230521e+01 1.289685666978968416e-03
3.241848094335389760e+03 1.046068863909959745e+01 1.287513939408230787e-03
3.241850409359894911e+03 1.046023300238563181e+01 1.286677007857898753e-03
3.241852724384633802e+03 1.046318937488733170e+01 1.289959699074790921e-03
3.241855039409140772e+03 1.046490103455573717e+01 1.291770659557081504e-03
3.241857354433879664e+03 1.045937749807872130e+01 1.285533753000114247e-03
3.241859669458385724e+03 1.046325646320840974e+01 1.289688079586356591e-03
3.241861984483123706e+03 1.045949609015646509e+01 1.285352072301975627e-03
3.241864299507629767e+03 1.046242788853136396e+01 1.288391208401781785e-03
3.241866614532368658e+03 1.046389815173949245e+01 1.291394830392418851e-03
3.241868929556874718e+03 1.046167109332943923e+01 1.287983781303761628e-03
3.241871244581379869e+03 1.046321719077378098e+01 1.289912963380571761e-03
3.241873559606118761e+03 1.046448079343808502e+01 1.291353253979452345e-03
3.241875874630625731e+03 1.046322030782117452e+01 1.290189416553553983e-03
3.241878189655130882e+03 1.046144702128329840e+01 1.287685892879171642e-03
3.241880504679636942e+03 1.046112309552679065e+01 1.288122798343807997e-03
3.241882819704376743e+03 1.046063933458483675e+01 1.287392198201452913e-03
3.241885134728881894e+03 1.046293132290658079e+01 1.289212884876525869e-03
3.241887449753387045e+03 1.046609435066973859e+01 1.293233247842303941e-03
3.241889764777892196e+03 1.046180469268339763e+01 1.287947521810718556e-03
3.241892079802399167e+03 1.046412210932952291e+01 1.289769703739470415e-03
3.241894394826906137e+03 1.046562262390461484e+01 1.292045189678199275e-03
3.241896709851412197e+03 1.046586377194230266e+01 1.292462067654751674e-03
3.241899024875918258e+03 1.045949207503012701e+01 1.285349782061774148e-03
3.241901339900423409e+03 1.046630374421073562e+01 1.293441715800696702e-03
3.241903654924695729e+03 1.046050717021776677e+01 1.286538436215776439e-03
3.241905969949201790e+03 1.046339502521878906e+01 1.290025811289340595e-03
3.241908284973708760e+03 1.046195081122801085e+01 1.288152506859287488e-03
3.241910599998214821e+03 1.046498383687949030e+01 1.291930032585957748e-03
3.241912915022720881e+03 1.046487572669500388e+01 1.291461763875094730e-03
3.241915230046993202e+03 1.046456103663812698e+01 1.290931303684690612e-03
3.241917545071499262e+03 1.046655817817364564e+01 1.293130019505853070e-03
3.241919860095772947e+03 1.046372208510738666e+01 1.289513044209620934e-03
3.241922175120278553e+03 1.046562594367175159e+01 1.292063637113696414e-03
3.241924490144783704e+03 1.046583106477069691e+01 1.292456884749938013e-03
3.241926805169056934e+03 1.046162786902391950e+01 1.287343543919297227e-03
3.241929120193330164e+03 1.046563739923833936e+01 1.292339811705386270e-03
3.241931435217836224e+03 1.046192532521996732e+01 1.287680926419527928e-03
3.241933750242110364e+03 1.046248759281003515e+01 1.288136034072199978e-03
3.241936065266616424e+03 1.046606524577330077e+01 1.292466534285678344e-03
3.241938380290888745e+03 1.046149023018574553e+01 1.286945995163431538e-03
3.241940695315161520e+03 1.046872876871769797e+01 1.294439735984501084e-03
3.241943010339434295e+03 1.046407862861638627e+01 1.289396142068309319e-03
3.241945325363940356e+03 1.046551478578449590e+01 1.291265507714063924e-03
3.241947640388214040e+03 1.046661318644424199e+01 1.291911932545203789e-03
3.241949955412487725e+03 1.046832539198189238e+01 1.293554283433408182e-03
3.241952270436760955e+03 1.046845256095204135e+01 1.293950135052349387e-03
3.241954585461034185e+03 1.046314487079837363e+01 1.288269329555981335e-03
3.241956900485305596e+03 1.046603198623844833e+01 1.291742948783263997e-03
3.241959215509579735e+03 1.046820280228253708e+01 1.293426793236237410e-03
3.241961530533852965e+03 1.047051230823438672e+01 1.295767577971465578e-03
3.241963845558126195e+03 1.046650263775969592e+01 1.291300738876250331e-03
3.241966160582398970e+03 1.046849725452561408e+01 1.292885758167586132e-03
3.241968475606672655e+03 1.046864273791085864e+01 1.292900573541554132e-03
3.241970790630945885e+03 1.047260758125213798e+01 1.298008399952144988e-03
3.241973105654986284e+03 1.047272469656592442e+01 1.297813252009498647e-03
3.241975420679258605e+03 1.047151767345413553e+01 1.296478687572948443e-03
3.241977735703531835e+03 1.047322357511480639e+01 1.298413291751201104e-03
3.241980050727804155e+03 1.046932234757063540e+01 1.293344913895644798e-03
3.241982365751844554e+03 1.047367519824185678e+01 1.297795624671248347e-03
3.241984680776117784e+03 1.047650939985775764e+01 1.301496335689351393e-03
3.241986995800159093e+03 1.047553230984017603e+01 1.300609543461109978e-03
3.241989310824433232e+03 1.047017845868677099e+01 1.294771773500640391e-03
3.241991625848472722e+03 1.047163561569475121e+01 1.295331152376051273e-03
3.241993940872745043e+03 1.047309527970053900e+01 1.297615853339923906e-03
3.241996255896785442e+03 1.047278163850553412e+01 1.296731118787927380e-03
3.241998570921058672e+03 1.047349544197930982e+01 1.297118979023437505e-03
3.242000885945099071e+03 1.047831661102440393e+01 1.302624342956827490e-03
3.242003200969139925e+03 1.047397073409242196e+01 1.297418424676417348e-03
3.242005515993412700e+03 1.047466495174478673e+01 1.298331321351796092e-03
3.242007831017453100e+03 1.047560654506719757e+01 1.298672725060015997e-03
3.242010146041492590e+03 1.047557244187630765e+01 1.297961669801065776e-03
3.242012461065532989e+03 1.047669894791918566e+01 1.299618645279076480e-03
3.242014776089806219e+03 1.047972485978755763e+01 1.303811034755081831e-03
3.242017091113846618e+03 1.047179540642613205e+01 1.294269582505452529e-03
3.242019406137886108e+03 1.047795946475477180e+01 1.300498685338176809e-03
3.242021721161926962e+03 1.047632145088583755e+01 1.299211495059382146e-03
3.242024036185967816e+03 1.048049233379418688e+01 1.304018143573027052e-03
3.242026351210008215e+03 1.047335684024273661e+01 1.295912398246998939e-03
3.242028666234048615e+03 1.047933790905512197e+01 1.302842630290108753e-03
3.242030981258088104e+03 1.048056819479563373e+01 1.302582209859455597e-03
3.242033296281895673e+03 1.048110454330846508e+01 1.303681930234774087e-03
3.242035611305935163e+03 1.047882088027695602e+01 1.301367063473725296e-03
3.242037926329976017e+03 1.047880590569575787e+01 1.300847772325764264e-03
3.242040241354017780e+03 1.048027169786886503e+01 1.303131499566612377e-03
3.242042556377825349e+03 1.047986130103792135e+01 1.301923511562396796e-03
3.242044871401864839e+03 1.048143149894883130e+01 1.303764809086965619e-03
3.242047186425905238e+03 1.048228336178453013e+01 1.303889179845636129e-03
3.242049501449711897e+03 1.048150279152457642e+01 1.302987242044001404e-03
3.242051816473752297e+03 1.048384174661103962e+01 1.305244267729880258e-03
3.242054131497560775e+03 1.048327786848850884e+01 1.304692398518309373e-03
3.242056446521600265e+03 1.048600303048901061e+01 1.307628187518634433e-03
3.242058761545407833e+03 1.048641412985973176e+01 1.307357525281328944e-03
3.242061076569449142e+03 1.048422992754630378e+01 1.305214298508695263e-03
3.242063391593255801e+03 1.048687166779141755e+01 1.307315692634995448e-03
3.242065706617296200e+03 1.048652164797514530e+01 1.307091142447968160e-03
3.242068021641103769e+03 1.048544817560970088e+01 1.305491636792294663e-03
3.242070336664911338e+03 1.048919139332699224e+01 1.310557513460418018e-03
3.242072651688717997e+03 1.049043301115944082e+01 1.310710729180629159e-03
3.242074966712758396e+03 1.048436207684579102e+01 1.303752996949168871e-03
3.242077281736566420e+03 1.048966020395336507e+01 1.310262984477096604e-03
3.242079596760375352e+03 1.048806824358064738e+01 1.306881074073831025e-03
3.242081911784182012e+03 1.048654394210140417e+01 1.305329587898280009e-03
3.242084226807988671e+03 1.049185616233687668e+01 1.311675541280359287e-03
3.242086541831796239e+03 1.049172934788002998e+01 1.310689627451154917e-03
3.242088856855602899e+03 1.049147330271906498e+01 1.309987889058413131e-03
3.242091171879410922e+03 1.049390539327865213e+01 1.312376270580811743e-03
3.242093486903218491e+03 1.049918024797729643e+01 1.319176968085362554e-03
3.242095801927026059e+03 1.049594865393527421e+01 1.314906862662760037e-03
3.242098116950834083e+03 1.049493500271341162e+01 1.314155130462801380e-03
3.242100431974640742e+03 1.049575502504688274e+01 1.313906182129647620e-03
3.242102746998214570e+03 1.049635894790007384e+01 1.314799360990148757e-03
3.242105062022023048e+03 1.050037004498036275e+01 1.318780666247118321e-03
3.242107377045830617e+03 1.049894856735431858e+01 1.317336004874092347e-03
3.242109692069405355e+03 1.049994028254863920e+01 1.317590233547766406e-03
3.242112007093212014e+03 1.049891078341528328e+01 1.316634938281729559e-03
3.242114322117020038e+03 1.050178026084446614e+01 1.319715300217278288e-03
3.242116637140595230e+03 1.050103470332686584e+01 1.317698143503583325e-03
3.242118952164402799e+03 1.050013932740666256e+01 1.316842548124371121e-03
3.242121267187976628e+03 1.050143945209200780e+01 1.318447795922382407e-03
3.242123582211784196e+03 1.050118134600459996e+01 1.318533875489414460e-03
3.242125897235358480e+03 1.050632923298351962e+01 1.323178063928110142e-03
3.242128212258932763e+03 1.050762238768015777e+01 1.324888014663173430e-03
3.242130527282741241e+03 1.050890190907560218e+01 1.324635155826904120e-03
3.242132842306315979e+03 1.050694316412745266e+01 1.322781024612186941e-03
3.242135157329890717e+03 1.050359627255714656e+01 1.318113669512872756e-03
3.242137472353698286e+03 1.050892574274353208e+01 1.325730543941105273e-03
3.242139787377272114e+03 1.050773304280343012e+01 1.322883891763225505e-03
3.242142102400846852e+03 1.051224760049023388e+01 1.327531015779696193e-03
3.242144417424420681e+03 1.050902113249031800e+01 1.323654713937663608e-03
3.242146732447996328e+03 1.051240774635877884e+01 1.327320337133861298e-03
3.242149047471570157e+03 1.051092728182173097e+01 1.325335966133431255e-03
3.242151362495145804e+03 1.051623147521239865e+01 1.330942509785360515e-03
3.242153677518719633e+03 1.051491099565261500e+01 1.329225579029966620e-03
3.242155992542295280e+03 1.051808119909824768e+01 1.332728342763862470e-03
3.242158307565870018e+03 1.051891256366520544e+01 1.334231697786700558e-03
3.242160622589444756e+03 1.051334038743446087e+01 1.326914188563490344e-03
3.242162937613018585e+03 1.051355325546221309e+01 1.326585421860002577e-03
3.242165252636359583e+03 1.051863186460549393e+01 1.333097997153518711e-03
3.242167567659934321e+03 1.052082632552310670e+01 1.334971177780086993e-03
3.242169882683509513e+03 1.052189509062622541e+01 1.334267508842623294e-03
3.242172197707084706e+03 1.051885832149465649e+01 1.330652291388587614e-03
3.242174512730426613e+03 1.052027208449891127e+01 1.332519703965838204e-03
3.242176827754001351e+03 1.052380466687391802e+01 1.336002294078593704e-03
3.242179142777342349e+03 1.052602206044858768e+01 1.338742320167464776e-03
3.242181457800916178e+03 1.052410180259253281e+01 1.336554172583211174e-03
3.242183772824258995e+03 1.052576408862397273e+01 1.337702809570065141e-03
3.242186087847833733e+03 1.052969476060235365e+01 1.341299560501475968e-03
3.242188402871175640e+03 1.052789771006202990e+01 1.339539712485611359e-03
3.242190717894750378e+03 1.052775112962198989e+01 1.339082497341460018e-03
3.242193032918092285e+03 1.053134826845542094e+01 1.342518284830301499e-03
3.242195347941434193e+03 1.053235616136316821e+01 1.344278778102837120e-03
3.242197662965008931e+03 1.053306054307893724e+01 1.344947526748543421e-03
3.242199977988350838e+03 1.053265752698178481e+01 1.343783170455385570e-03
3.242202293011691836e+03 1.053135026183112188e+01 1.341360600732296581e-03
3.242204608035032834e+03 1.052986309048072755e+01 1.339276196372777335e-03
3.242206923058374741e+03 1.052945279309774307e+01 1.338823168559213949e-03
3.242209238081718013e+03 1.053510888220620068e+01 1.345369637153678898e-03
3.242211553105293206e+03 1.053442280748804194e+01 1.344137514239530321e-03
3.242213868128634203e+03 1.053482459613458389e+01 1.344682120627173219e-03
3.242216183151975201e+03 1.053202214524645264e+01 1.340692480663771904e-03
3.242218498175084278e+03 1.053139126051975971e+01 1.340027637384526163e-03
3.242220813198426185e+03 1.053544679974534404e+01 1.344465460505292085e-03
3.242223128221767183e+03 1.053782853414106313e+01 1.347468906925309694e-03
3.242225443245110000e+03 1.053904107343036500e+01 1.348150487411530407e-03
3.242227758268452817e+03 1.053824556973411397e+01 1.348495584208770888e-03
3.242230073291793815e+03 1.053885666912561980e+01 1.346941267342017601e-03
3.242232388314902892e+03 1.053976549378996808e+01 1.350260053901729696e-03
3.242234703338244799e+03 1.053830235597924059e+01 1.346692726443510625e-03
3.242237018361586706e+03 1.053925395554059641e+01 1.347574799958171574e-03
3.242239333384694874e+03 1.054138108084516823e+01 1.349935022772423944e-03
3.242241648408036781e+03 1.053954742946136669e+01 1.347957322414794186e-03
3.242243963431145858e+03 1.053989024252189921e+01 1.347450283693874202e-03
3.242246278454487765e+03 1.054509278197484434e+01 1.353577559855839111e-03
3.242248593477596842e+03 1.054218847594960273e+01 1.350081817896077192e-03
3.242250908500938749e+03 1.054096584365110090e+01 1.348051973461685026e-03
3.242253223524047826e+03 1.054379224761745171e+01 1.350654244091521912e-03
3.242255538547156902e+03 1.054240085438485686e+01 1.349320961183535315e-03
3.242257853570497900e+03 1.054501494380410165e+01 1.352073839982192169e-03
3.242260168593606068e+03 1.054219307071985590e+01 1.348642696084346136e-03
3.242262483616716509e+03 1.054606982776254220e+01 1.353829598706482147e-03
3.242264798639826040e+03 1.054474248176643592e+01 1.351969908239374725e-03
3.242267113663167493e+03 1.054709931406712542e+01 1.355244807934028947e-03
3.242269428686276115e+03 1.054629623109171277e+01 1.353180164796493777e-03
3.242271743709385191e+03 1.054771079241959519e+01 1.355024413347615279e-03
3.242274058732494268e+03 1.055059668276724061e+01 1.358217195195538874e-03
3.242276373755603345e+03 1.054937366141815502e+01 1.356155275111327330e-03
3.242278688778711512e+03 1.054440070720620248e+01 1.350308960223123821e-03
3.242281003801821043e+03 1.054453817610286670e+01 1.350211243545636165e-03
3.242283318831449833e+03 1.054942098311378551e+01 1.356171064799978733e-03
3.242285633854558000e+03 1.054666819528658728e+01 1.353709978820119824e-03
3.242287948877434246e+03 1.054923803794726389e+01 1.356202927558051129e-03
3.242290263900544232e+03 1.054994117549119004e+01 1.357408454587935055e-03
3.242292578923652400e+03 1.055110305170708251e+01 1.357681765068916762e-03
3.242294893946760567e+03 1.054920975509291026e+01 1.355500538712683337e-03
3.242297208969636813e+03 1.054792361284542146e+01 1.354048250544403423e-03
3.242299523992746799e+03 1.055223024103635865e+01 1.358714602949359727e-03
3.242301839015856785e+03 1.055026118890009990e+01 1.356407082485393744e-03
3.242304154038732122e+03 1.055329221541207119e+01 1.359640999792150829e-03
3.242306469061841199e+03 1.055171640906016073e+01 1.358875627435326408e-03
3.242308784084716535e+03 1.055395277350737260e+01 1.361444815165958454e-03
3.242311099107824703e+03 1.055200680929204182e+01 1.358333208522274297e-03
3.242313414130700949e+03 1.055374561456149074e+01 1.359912089674477926e-03
3.242315729153577195e+03 1.054935764803683895e+01 1.355060282132948459e-03
3.242318044176687181e+03 1.055146357166423421e+01 1.357575701469280636e-03
3.242320359199563427e+03 1.055024306526623512e+01 1.356578209564183058e-03
3.242322674222439673e+03 1.055349729373763523e+01 1.359614490859564458e-03
3.242324989245315010e+03 1.054726073577568712e+01 1.352360521840109686e-03
3.242327304268424086e+03 1.054878147979736625e+01 1.354366679994634896e-03
3.242329619291301242e+03 1.054756456506266993e+01 1.352474404711860156e-03
3.242331934314175669e+03 1.054727677376320827e+01 1.353124888106850467e-03
3.242334249337051915e+03 1.054961014478972281e+01 1.355540619401462759e-03
3.242336564359928161e+03 1.055058280251397029e+01 1.356569330610600923e-03
3.242338879382806226e+03 1.054954853854974139e+01 1.355023720782122694e-03
3.242341194405681563e+03 1.054771092078853734e+01 1.353422990025418809e-03
3.242343509428557809e+03 1.055286329010788648e+01 1.359339250555409743e-03
3.242345824451433145e+03 1.055048539673083496e+01 1.356351186717090138e-03
3.242348139474309392e+03 1.055312319430059276e+01 1.359393276599482007e-03
3.242350454496951897e+03 1.055323210133107636e+01 1.360744855632012393e-03
3.242352769519828144e+03 1.055149107692808741e+01 1.358025339453217172e-03
3.242355084542705299e+03 1.055624460731346481e+01 1.363517976362681747e-03
3.242357399565582000e+03 1.054631552573183129e+01 1.351688206686932955e-03
3.242359714588224961e+03 1.055149883023403312e+01 1.357751277624950079e-03
3.242362029611101207e+03 1.055049935896950331e+01 1.357359937652267284e-03
3.242364344633744622e+03 1.055035452882182412e+01 1.356529016902772999e-03
3.242366659656620868e+03 1.055297764455569443e+01 1.359358585218185290e-03
3.242368974679263374e+03 1.054952859125341824e+01 1.355340671601599437e-03
3.242371289702138711e+03 1.054849529602341818e+01 1.353357265648257425e-03
3.242373604724783036e+03 1.055108694563606520e+01 1.357740190869292452e-03
3.242375919747659282e+03 1.055239377123676192e+01 1.358796667111314546e-03
3.242378234770302697e+03 1.054540948989290072e+01 1.350590010027217375e-03
3.242380549792946113e+03 1.054850837340098657e+01 1.353821341578711774e-03
3.242382864815822359e+03 1.054738456465030616e+01 1.353713970909963416e-03
3.242385179838464865e+03 1.055437856586844347e+01 1.361241646762602906e-03
3.242387494861108280e+03 1.054475587184742125e+01 1.350693946783183353e-03
3.242389809883750786e+03 1.054711970090983186e+01 1.352743129611628506e-03
3.242392124906395566e+03 1.054596270566031357e+01 1.351784997833260435e-03
3.242394439929039436e+03 1.054638278177327138e+01 1.351933319042992803e-03
3.242396754951682851e+03 1.054700789742343758e+01 1.354124503790237561e-03
3.242399069974325357e+03 1.055113980634865278e+01 1.358044853185939090e-03
3.242401384996967863e+03 1.055034877121032721e+01 1.357048583532457185e-03
3.242403700019611279e+03 1.054742844877794461e+01 1.354002109819331130e-03
3.242406015042254694e+03 1.055035142432914874e+01 1.357053567535951169e-03
3.242408330064898109e+03 1.054905250306113018e+01 1.355798316046396374e-03
3.242410645087541980e+03 1.054624782589132970e+01 1.351902812921332775e-03
3.242412960110185850e+03 1.054282519218712721e+01 1.347885782809920023e-03
3.242415275132595525e+03 1.054697737565005866e+01 1.353662294298047138e-03
3.242417590155238940e+03 1.054709195384327103e+01 1.353430662585007561e-03
3.242419905177882356e+03 1.055094447083011389e+01 1.357668449633891343e-03
3.242422220200292486e+03 1.054972987530464756e+01 1.356552027862310134e-03
3.242424535222935447e+03 1.054904383965600800e+01 1.356035268182189139e-03
3.242426850245578862e+03 1.054658298986389653e+01 1.353756817257302861e-03
3.242429165267989902e+03 1.054892986952252087e+01 1.355512436788802949e-03
3.242431480290401851e+03 1.054951753368602851e+01 1.356166542175730972e-03
3.242433795313044357e+03 1.054879575047247897e+01 1.354648865927330454e-03
3.242436110335454032e+03 1.054455295434523876e+01 1.350601154541692479e-03
3.242438425358097447e+03 1.054938927796910519e+01 1.355381066003386471e-03
3.242440740380507123e+03 1.054532749638692657e+01 1.351243873828348891e-03
3.242443055402917707e+03 1.054944033743700516e+01 1.356347553515497694e-03
3.242445370425329202e+03 1.055088618370628950e+01 1.358212775047766769e-03
3.242447685447972617e+03 1.054787101552702211e+01 1.354299634656092217e-03
3.242450000470383202e+03 1.055045096632121115e+01 1.357427208812768968e-03
3.242452315492792877e+03 1.055035310661127212e+01 1.357981541974577272e-03
3.242454630515203917e+03 1.054607038578856759e+01 1.351469261599405657e-03
3.242456945537614502e+03 1.054589707523346576e+01 1.351555539079565219e-03
3.242459260560024632e+03 1.054813930071117056e+01 1.354379922254066041e-03
3.242461575582435216e+03 1.055087158994962593e+01 1.357457196137451831e-03
3.242463890604844892e+03 1.054967602944157257e+01 1.356327318715013202e-03
3.242466205627255931e+03 1.054916279930291090e+01 1.355794622972675625e-03
3.242468520649666971e+03 1.055066309784945666e+01 1.357065457666489523e-03
3.242470835671844725e+03 1.054575094700570048e+01 1.351756410159527834e-03
3.242473150694255310e+03 1.054865792519606060e+01 1.354660195457548085e-03
3.242475465716664985e+03 1.055031548604003966e+01 1.357594721643950487e-03
3.242477780739074660e+03 1.054654033308508509e+01 1.352299053897055171e-03
3.242480095761252414e+03 1.055214025696147040e+01 1.358627688518413996e-03
3.242482410783662999e+03 1.054747716958848081e+01 1.353498237632463040e-03
3.242484725806074948e+03 1.054983953519134587e+01 1.355538798639999501e-03
3.242487040828253157e+03 1.055191260600182801e+01 1.358554412965003004e-03
3.242489355850662832e+03 1.054990464145969931e+01 1.355560723709749041e-03
3.242491670872839677e+03 1.054998901218652030e+01 1.355883922780142230e-03
3.242493985895018341e+03 1.054992989222360222e+01 1.356065131736348441e-03
3.242496300917428471e+03 1.054875515422787480e+01 1.353140124963837093e-03
3.242498615939605770e+03 1.055249285599546916e+01 1.357952342312080535e-03
3.242500930961782615e+03 1.055050359616388533e+01 1.356525162664173499e-03
3.242503245984194109e+03 1.054929608395403662e+01 1.354597464961666093e-03
3.242505561006371863e+03 1.055223835360024154e+01 1.357774436320306668e-03
3.242507876028549617e+03 1.055493461047623072e+01 1.360393894507736434e-03
3.242510191050727371e+03 1.055964623092330257e+01 1.366511313701611720e-03
3.242512506072904216e+03 1.055135656122386045e+01 1.356230688151623945e-03
3.242514821095081970e+03 1.055588060825358276e+01 1.361289894502131772e-03
3.242517136117491646e+03 1.055580732017704548e+01 1.361450373890096127e-03
3.242519451139437024e+03 1.055707334921994445e+01 1.362752789677645817e-03
3.242521766161616142e+03 1.055444309077385512e+01 1.359621447598289906e-03
3.242524081183793896e+03 1.055658423846430694e+01 1.360880777626292644e-03
3.242526396205970741e+03 1.055627782002963144e+01 1.361759191677742401e-03
3.242528711228147586e+03 1.055481249199017491e+01 1.360152454752292135e-03
3.242531026250325340e+03 1.055601512677710119e+01 1.361118660139053367e-03
3.242533341272503094e+03 1.055916085446326136e+01 1.364481228626936247e-03
3.242535656294448472e+03 1.055418482201221941e+01 1.358314643607410645e-03
3.242537971316625772e+03 1.055702721598492566e+01 1.361314575219258046e-03
3.242540286338803980e+03 1.055525188805635040e+01 1.360414248015498657e-03
3.242542601360749359e+03 1.055835186279992044e+01 1.363609258949923788e-03
3.242544916382926203e+03 1.055801848312716373e+01 1.363229692257576873e-03
3.242547231404871127e+03 1.056063389354997284e+01 1.364349387663325430e-03
3.242549546427048881e+03 1.055655668715021100e+01 1.360238064843143600e-03
3.242551861448993805e+03 1.055756095371405934e+01 1.361869843391245441e-03
3.242554176471170649e+03 1.055851910874636701e+01 1.362322101492539645e-03
3.242556491493114663e+03 1.056039470033552874e+01 1.364665125057649281e-03
3.242558806515060951e+03 1.056157256236160080e+01 1.366542090607473668e-03
3.242561121537239160e+03 1.056246548439618849e+01 1.367340178051708885e-03
3.242563436559183174e+03 1.055910126311724007e+01 1.361463808568301112e-03
3.242565751581128097e+03 1.055986323155153528e+01 1.362707464099923316e-03
3.242568066603072111e+03 1.056225693988823444e+01 1.365729971208265274e-03
3.242570381625017944e+03 1.056672242490320457e+01 1.370636695090839867e-03
3.242572696646962868e+03 1.056581882200648081e+01 1.369316040192263126e-03
3.242575011669139712e+03 1.056487941179080536e+01 1.368621832481167104e-03
3.242577326691084636e+03 1.055840757489534099e+01 1.361724964897318433e-03
3.242579641713029559e+03 1.056423949729121148e+01 1.367268068913253618e-03
3.242581956734741652e+03 1.056377511916341128e+01 1.368157555688565528e-03
3.242584271756687031e+03 1.056712649391340975e+01 1.370428336024829196e-03
3.242586586778632409e+03 1.056677316819698298e+01 1.370162785067750898e-03
3.242588901800576423e+03 1.056792433637270712e+01 1.371385443024362126e-03
3.242591216822521346e+03 1.056853367624880313e+01 1.371351218224461108e-03
3.242593531844232530e+03 1.056522965254506907e+01 1.367300735417055491e-03
3.242595846866178363e+03 1.056578203090232115e+01 1.368612559183441692e-03
3.242598161888124196e+03 1.056653072153928896e+01 1.368687244056952324e-03
3.242600476909835379e+03 1.057153202091719102e+01 1.373362005340212364e-03
3.242602791931780303e+03 1.056941223758203385e+01 1.372184522715698667e-03
3.242605106953724317e+03 1.056644723095801908e+01 1.367490712715437083e-03
3.242607421975436409e+03 1.056852830768915297e+01 1.370298780254338399e-03
3.242609736997148048e+03 1.057137519260955827e+01 1.373269292618245485e-03
3.242612052019093426e+03 1.057204194174492251e+01 1.374459834977058382e-03
3.242614367040805064e+03 1.057383151189376669e+01 1.376343491798317706e-03
3.242616682062750442e+03 1.057487158621511369e+01 1.377049238054078601e-03
3.242618997084461625e+03 1.056994786065099134e+01 1.370687471322485805e-03
3.242621312106174628e+03 1.057543801835893760e+01 1.377571624773425880e-03
3.242623627127886721e+03 1.057212474603969277e+01 1.372869495642585003e-03
3.242625942149830735e+03 1.057655890773101248e+01 1.377181855609219217e-03
3.242628257171542828e+03 1.057548923137984076e+01 1.375964103692485724e-03
3.242630572193254011e+03 1.057570589355690771e+01 1.377183912679855442e-03
3.242632887214966104e+03 1.057514944607139995e+01 1.374828345599734842e-03
3.242635202236679106e+03 1.057576126245717241e+01 1.375963411933639772e-03
3.242637517258391199e+03 1.057642438683330610e+01 1.376050006606961695e-03
3.242639832280103292e+03 1.057933244776686443e+01 1.379061842842439507e-03
3.242642147301815385e+03 1.058052476186981394e+01 1.380798638825913313e-03
3.242644462323293737e+03 1.058328084620808696e+01 1.382351490616390158e-03
3.242646777345005830e+03 1.058449951338211648e+01 1.385510308939499153e-03
3.242649092366717923e+03 1.058351019638558732e+01 1.383681066514289839e-03
3.242651407388430016e+03 1.058634726468901910e+01 1.386692001828368536e-03
3.242653722410142109e+03 1.058724717555238115e+01 1.387984219643278701e-03
3.242656037431621371e+03 1.058504450482620207e+01 1.383797236685631359e-03
3.242658352453332554e+03 1.058850741176182275e+01 1.388538402965251587e-03
3.242660667474812726e+03 1.058718070556143864e+01 1.385734443787956047e-03
3.242662982496524819e+03 1.058991645449225061e+01 1.389258739277684195e-03
3.242665297518003172e+03 1.058773554261358107e+01 1.386331118815983506e-03
3.242667612539715265e+03 1.058907491650079535e+01 1.387168089799356574e-03
3.242669927561194072e+03 1.059245566885753398e+01 1.391110265050374099e-03
3.242672242582907074e+03 1.059261564135357325e+01 1.390842786167673052e-03
3.242674557604386791e+03 1.059303876246769427e+01 1.391758590129112561e-03
3.242676872625865144e+03 1.059507486207521865e+01 1.393016001205688286e-03
3.242679187647344406e+03 1.059477550370551313e+01 1.392915976442939520e-03
3.242681502669055590e+03 1.059213292125106243e+01 1.389280400138015069e-03
3.242683817690534852e+03 1.059307937343584882e+01 1.389553734915019651e-03
3.242686132712014114e+03 1.059678961764513438e+01 1.394435439209361013e-03
3.242688447733494286e+03 1.059586303131007057e+01 1.392797213954454936e-03
3.242690762754973548e+03 1.060211544920980131e+01 1.400096553690013739e-03
3.242693077776452810e+03 1.059740844753454070e+01 1.393979241233004760e-03
3.242695392797931163e+03 1.059959246373171027e+01 1.396501378233105072e-03
3.242697707819411335e+03 1.060200140420090165e+01 1.398730561640674228e-03
3.242700022840889687e+03 1.060317330044941464e+01 1.399679377787942450e-03
3.242702337862368950e+03 1.060080911670415915e+01 1.396863250184587164e-03
3.242704652883847302e+03 1.060694385141038154e+01 1.403957310883014375e-03
3.242706967905093734e+03 1.060358169357409253e+01 1.400233467069530915e-03
3.242709282926573906e+03 1.060835692036148536e+01 1.405079679158626957e-03
3.242711597948053168e+03 1.060837665976977817e+01 1.405359633346332749e-03
3.242713912969299599e+03 1.060578551491721377e+01 1.401725933092760976e-03
3.242716227990778862e+03 1.060400522999890427e+01 1.399001719835699922e-03
3.242718543012257214e+03 1.060436717400149220e+01 1.399473358143432699e-03
3.242720858033502736e+03 1.060541212300982750e+01 1.400273817201540217e-03
3.242723173054981999e+03 1.061132463232263490e+01 1.408535753572696687e-03
3.242725488076230249e+03 1.061117009940883094e+01 1.406436120911500054e-03
3.242727803097476681e+03 1.060753226122322701e+01 1.402193659902719854e-03
3.242730118118955033e+03 1.061306664053767612e+01 1.408501050743787581e-03
3.242732433140200555e+03 1.060795713535871876e+01 1.402018286771190662e-03
3.242734748161446987e+03 1.061332601384725471e+01 1.408243514899400672e-03
3.242737063182926249e+03 1.061411001120567121e+01 1.409312555792385660e-03
3.242739378204172681e+03 1.060940284247396548e+01 1.403249897519617730e-03
3.242741693225418203e+03 1.061537820037603019e+01 1.411215678721730246e-03
3.242744008246664634e+03 1.061337701899158859e+01 1.407422033676304337e-03
3.242746323267911976e+03 1.061210415716534250e+01 1.406187572235342376e-03
3.242748638289159317e+03 1.061853460043416320e+01 1.412925527793632138e-03
3.242750953310405748e+03 1.061778272395611111e+01 1.413388309866020660e-03
3.242753268331651270e+03 1.062022782808202592e+01 1.415354598697561757e-03
3.242755583352896792e+03 1.061362736758663061e+01 1.406480921755712005e-03
3.242757898374143224e+03 1.061301594073808019e+01 1.405932010224471805e-03
3.242760213395388746e+03 1.061674413011905038e+01 1.410387849294252038e-03
3.242762528416636542e+03 1.062052144503254247e+01 1.415021802219502446e-03
3.242764843437650597e+03 1.061689457471059050e+01 1.410228297165235043e-03
3.242767158458896120e+03 1.062120568868638593e+01 1.414694139351434666e-03
3.242769473480142551e+03 1.062253478408757168e+01 1.416491804848877189e-03
3.242771788501156152e+03 1.061766821606470756e+01 1.410616590323267002e-03
3.242774103522401674e+03 1.061771781362107170e+01 1.411117866375309312e-03
3.242776418543416185e+03 1.062257592962682295e+01 1.416323089935199626e-03
3.242778733564661707e+03 1.061948623344257392e+01 1.413607740633104209e-03
3.242781048585675308e+03 1.061971913652482158e+01 1.412469518293294098e-03
3.242783363606921739e+03 1.062705511153860272e+01 1.421809978542265670e-03
3.242785678627935340e+03 1.062280932380604881e+01 1.416228796370313939e-03
3.242787993648948941e+03 1.062206406883542797e+01 1.415367580527810342e-03
3.242790308670196282e+03 1.062448279032908260e+01 1.417768333995882190e-03
3.242792623691208519e+03 1.062270964743887447e+01 1.415712779206421135e-03
3.242794938712221665e+03 1.062295475026293801e+01 1.417255444788415161e-03
3.242797253733235266e+03 1.062300503439472266e+01 1.416001459058456461e-03
3.242799568754482607e+03 1.061764399690228799e+01 1.409610616452189151e-03
3.242801883775496208e+03 1.062273940326203991e+01 1.415950032379803721e-03
3.242804198796509809e+03 1.061970739073587033e+01 1.412346810504400878e-03
3.242806513817523410e+03 1.062166501834650667e+01 1.414214599188754395e-03
3.242808828838536101e+03 1.061964069472729832e+01 1.411043747191941412e-03
3.242811143859548793e+03 1.062420164616300156e+01 1.416787969245774650e-03
3.242813458880330018e+03 1.062053322774869102e+01 1.412518611518426368e-03
3.242815773901343164e+03 1.062061867577964414e+01 1.413028858558313620e-03
3.242818088922357674e+03 1.062115285950567589e+01 1.413402216705537213e-03
3.242820403943371275e+03 1.062048546133367566e+01 1.413521730830932495e-03
3.242822718964384876e+03 1.062646111450494146e+01 1.420344773106473838e-03
3.242825033985165646e+03 1.062049439429048192e+01 1.413695566853190441e-03
3.242827349006179247e+03 1.062514566164587393e+01 1.418432995119503579e-03
3.242829664026959108e+03 1.062203932354030833e+01 1.415000604205173115e-03
3.242831979047972709e+03 1.062222551494892997e+01 1.414932073762110607e-03
3.242834294068985400e+03 1.062156838721436181e+01 1.414568243195405816e-03
3.242836609089766171e+03 1.062218892772821555e+01 1.415464564416858478e-03
3.242838924110547850e+03 1.062084081540018055e+01 1.414416298993528874e-03
3.242841239131562361e+03 1.062223428200632647e+01 1.415610205866095744e-03
3.242843554152342222e+03 1.061883808460155976e+01 1.411514845073192628e-03
3.242845869173122082e+03 1.062096331670669613e+01 1.414128538505198939e-03
3.242848184194135683e+03 1.061974872014191185e+01 1.412292866980452378e-03
3.242850499214915999e+03 1.062233143480701614e+01 1.416422743753954555e-03
3.242852814235697224e+03 1.061685110562216927e+01 1.409720993395229948e-03
3.242855129256477994e+03 1.061887688226606308e+01 1.412441640913018577e-03
3.242857444277259674e+03 1.061421718809846126e+01 1.407053304867250058e-03
3.242859759298039535e+03 1.062090211724301625e+01 1.415054718821166877e-03
3.242862074318820305e+03 1.061822304187116472e+01 1.412119274326882699e-03
3.242864389339600166e+03 1.061889396162311527e+01 1.413909421865625201e-03
3.242866704360381846e+03 1.061989914374402488e+01 1.414821212013925430e-03
3.242869019381161706e+03 1.061599577472621547e+01 1.409138776771192607e-03
3.242871334401941567e+03 1.061972808489860931e+01 1.415196565497114922e-03
3.242873649422723247e+03 1.061611857965699102e+01 1.410589073891058707e-03
3.242875964443504927e+03 1.061531121420657087e+01 1.408853743341583658e-03
3.242878279464052866e+03 1.061361194468063474e+01 1.406944534587257307e-03
3.242880594484832727e+03 1.061679939968131237e+01 1.410734371348256909e-03
3.242882909505612588e+03 1.061277454590289437e+01 1.405684034767450781e-03
3.242885224526160528e+03 1.061337040921356056e+01 1.407299046821226243e-03
3.242887539546941298e+03 1.061479904734172663e+01 1.408284901341240675e-03
3.242889854567489238e+03 1.061342186524706754e+01 1.408139690745514698e-03
3.242892169588270917e+03 1.061446732084757727e+01 1.408871376931666560e-03
3.242894484608818857e+03 1.061120260203826327e+01 1.405283430693373336e-03
3.242896799629365887e+03 1.061248722730686467e+01 1.406524664177373398e-03
3.242899114650145748e+03 1.061288027013925372e+01 1.407347288874551431e-03
3.242901429670694597e+03 1.061105310708130389e+01 1.405125634580011275e-03
3.242903744691242537e+03 1.061004744415767043e+01 1.403574445330431266e-03
3.242906059712023307e+03 1.060964046963389151e+01 1.404041021137272891e-03
3.242908374732570337e+03 1.061080991293333575e+01 1.405061388409524362e-03
3.242910689753118277e+03 1.061016572346290232e+01 1.404129168931023738e-03
3.242913004773667126e+03 1.060725655696105285e+01 1.401193792910611531e-03
3.242915319794215065e+03 1.061046205189042624e+01 1.404107490215489220e-03
3.242917634814762096e+03 1.060980968204249031e+01 1.403315606018417988e-03
3.242919949835310035e+03 1.061558329487339414e+01 1.412390407394246072e-03
3.242922264855857520e+03 1.060983138867331554e+01 1.405472436358656731e-03
3.242924579876405005e+03 1.061002370930219385e+01 1.404899005070825305e-03
3.242926894896952945e+03 1.060966019281365291e+01 1.405017586731495795e-03
3.242929209917268963e+03 1.060971438616710216e+01 1.404161820285752425e-03
3.242931524937817812e+03 1.060792751949826140e+01 1.402798195339117300e-03
3.242933839958364842e+03 1.060762806830810057e+01 1.403387021350076085e-03
3.242936154978679042e+03 1.060914156361949878e+01 1.403582664347048951e-03
3.242938469999226982e+03 1.060781586315545866e+01 1.401899536865576371e-03
3.242940785019775831e+03 1.060665676651172262e+01 1.401542757647542123e-03
3.242943100040090030e+03 1.060797129441668574e+01 1.402585009679923776e-03
3.242945415060637515e+03 1.060839267272772091e+01 1.403455764517192676e-03
3.242947730080953079e+03 1.060706450600977924e+01 1.401298568392157599e-03
3.242950045101268188e+03 1.060684625442428342e+01 1.402499056445736733e-03
3.242952360121816128e+03 1.060809395664006693e+01 1.404473125995425080e-03
3.242954675142131236e+03 1.060347130230442758e+01 1.397506462252717839e-03
3.242956990162446345e+03 1.060130087880186167e+01 1.395099157182133750e-03
3.242959305182993376e+03 1.060615128197074064e+01 1.400633375766240259e-03
3.242961620203307575e+03 1.060346115552105672e+01 1.397870842768895528e-03
3.242963935223623594e+03 1.060292674906420096e+01 1.397630652813080252e-03
3.242966250243938703e+03 1.060389721650947870e+01 1.397868447329355442e-03
3.242968565264253812e+03 1.060495421501411961e+01 1.399691113368607470e-03
3.242970880284568921e+03 1.060837404291199881e+01 1.404114613516489925e-03
3.242973195304883120e+03 1.060796273557373937e+01 1.404612167744925984e-03
3.242975510325198229e+03 1.060686269986210917e+01 1.402770783990498838e-03
3.242977825345514248e+03 1.060880688836531149e+01 1.403904807493115865e-03
3.242980140365829357e+03 1.060300974573058852e+01 1.398080483293377869e-03
3.242982455386143556e+03 1.060840402429309037e+01 1.403742512235830065e-03
3.242984770406225834e+03 1.060702466158571511e+01 1.402145108969706780e-03
3.242987085426540489e+03 1.060764951769359854e+01 1.402809689842351082e-03
3.242989400446856052e+03 1.060536593814030937e+01 1.400364996968527127e-03
3.242991715466939240e+03 1.060716101383534848e+01 1.402677235075719918e-03
3.242994030487253440e+03 1.060563590608896511e+01 1.400935623673245064e-03
3.242996345507567639e+03 1.060998247313345288e+01 1.406900472646331135e-03
3.242998660527649918e+03 1.060484758277145012e+01 1.400080699824630698e-03
3.243000975547732196e+03 1.060696154597058438e+01 1.401705108349871227e-03
3.243003290568048214e+03 1.060675604962422369e+01 1.402720055250491126e-03
3.243005605588130038e+03 1.060764727712674471e+01 1.402759101062098961e-03
3.243007920608444692e+03 1.060634974919569551e+01 1.401041202747156525e-03
3.243010235628526971e+03 1.060842884510208428e+01 1.403753864959611519e-03
3.243012550648609249e+03 1.061130606264435272e+01 1.407967727872676397e-03
3.243014865668691073e+03 1.060421713910518804e+01 1.398785186475835903e-03
3.243017180689006636e+03 1.060159754340898175e+01 1.395916413251218052e-03
3.243019495709088460e+03 1.060659001834306281e+01 1.401727532099470135e-03
3.243021810729170284e+03 1.060703591490799269e+01 1.401829607722574140e-03
3.243024125749251652e+03 1.060728444058212538e+01 1.402146039107155613e-03
3.243026440769335750e+03 1.060941894521490703e+01 1.405114327792750467e-03
3.243028755789418028e+03 1.060534781751645994e+01 1.400475419867997992e-03
3.243031070809500306e+03 1.060377130510647525e+01 1.398388397773507033e-03
3.243033385829348845e+03 1.060826330240956494e+01 1.403887692527528959e-03
3.243035700849430214e+03 1.060676281741579352e+01 1.402020401982844063e-03
3.243038015869512492e+03 1.060430658596097331e+01 1.398963175282095942e-03
3.243040330889594770e+03 1.060747843962542625e+01 1.403336524476609748e-03
3.243042645909445127e+03 1.060563596606815828e+01 1.399843839368839632e-03
3.243044960929527406e+03 1.060607168246139942e+01 1.401173729702827591e-03
3.243047275949609684e+03 1.060797461185940982e+01 1.402809906133995399e-03
3.243049590969458222e+03 1.060746286480994272e+01 1.401951745116891170e-03
3.243051905989540955e+03 1.059881076077179785e+01 1.391749124049525494e-03
3.243054221009390858e+03 1.060599326475857218e+01 1.400817728762734134e-03
3.243056536029472227e+03 1.060534102489433472e+01 1.399710251824393559e-03
3.243058851049320765e+03 1.060970583355381969e+01 1.405613480043461797e-03
3.243061166069170213e+03 1.060627212897441396e+01 1.400139272426475807e-03
3.243063481089254310e+03 1.060691415693285933e+01 1.402227806405741909e-03
3.243065796109103758e+03 1.060881675321560635e+01 1.403225948470778611e-03
3.243068111128952296e+03 1.061154069609153616e+01 1.406621391777169343e-03
3.243070426148801744e+03 1.060785717132517014e+01 1.402624237750917362e-03
3.243072741168650282e+03 1.061075944981408981e+01 1.405447668522490177e-03
3.243075056188498820e+03 1.061044980784535241e+01 1.404745616261411255e-03
3.243077371208348268e+03 1.061438406298527681e+01 1.409604101767572299e-03
3.243079686228199080e+03 1.061462106583171483e+01 1.410826742870520747e-03
3.243082001248048527e+03 1.060670180951562180e+01 1.399765103262450320e-03
3.243084316267897520e+03 1.061092105098306249e+01 1.405725634479113376e-03
3.243086631287746513e+03 1.061387201547991843e+01 1.409169324026344214e-03
3.243088946307595961e+03 1.061038498919017492e+01 1.404728998346358544e-03
3.243091261327445864e+03 1.061180176932492181e+01 1.406229438225821676e-03
3.243093576347061571e+03 1.061092303694039529e+01 1.404910773829768375e-03
3.243095891366910109e+03 1.061365793910108835e+01 1.408620868724250056e-03
3.243098206386760012e+03 1.061202288262718341e+01 1.405065268298782109e-03
3.243100521406377084e+03 1.061785915414973047e+01 1.413487173919731861e-03
3.243102836426226986e+03 1.061230882988705382e+01 1.406048795566816221e-03
3.243105151445843148e+03 1.061012015972064582e+01 1.403410319878030865e-03
3.243107466465692596e+03 1.061445075920709691e+01 1.407989956417657210e-03
3.243109781485309213e+03 1.061544551233299671e+01 1.409834948545352724e-03
3.243112096505157751e+03 1.061911771003290639e+01 1.413941115494484575e-03
3.243114411524774368e+03 1.061560638483317831e+01 1.409002166158695654e-03
3.243116726544391895e+03 1.061492851401358806e+01 1.409290767420080500e-03
3.243119041564008512e+03 1.061704420266728910e+01 1.411557423937056816e-03
3.243121356583857505e+03 1.061430366774204437e+01 1.407842030541142176e-03
3.243123671603473667e+03 1.061310314088987994e+01 1.406007803468364674e-03
3.243125986623090284e+03 1.061600145310314325e+01 1.409542302106066248e-03
3.243128301642706901e+03 1.061522043732136389e+01 1.408742020385840522e-03
3.243130616662322609e+03 1.061063012871071010e+01 1.403247680858217290e-03
3.243132931681939226e+03 1.061631568390614788e+01 1.410567864214436716e-03
3.243135246701555843e+03 1.061847749736167934e+01 1.412440646914592257e-03
3.243137561721173370e+03 1.061679703687119947e+01 1.409975924075946348e-03
3.243139876740789987e+03 1.061998905794317594e+01 1.414490269948102518e-03
3.243142191760173773e+03 1.061939421747841550e+01 1.412901420235320761e-03
3.243144506779790390e+03 1.061527998439055054e+01 1.407870153726952043e-03
3.243146821799406098e+03 1.061937454092572253e+01 1.413432949980598582e-03
3.243149136819021805e+03 1.061764408770532420e+01 1.411140536896524598e-03
3.243151451838406047e+03 1.061673450928723028e+01 1.410243552705205431e-03
3.243153766858023118e+03 1.061583029598136463e+01 1.407841824056071597e-03
3.243156081877407814e+03 1.061798925703936547e+01 1.410756156777289057e-03
3.243158396897023522e+03 1.062251333260986996e+01 1.416503710035357929e-03
3.243160711916407308e+03 1.061810019289407947e+01 1.411663864812213445e-03
3.243163026936023925e+03 1.061525628998229287e+01 1.407954504239704785e-03
3.243165341955407712e+03 1.062224988223465871e+01 1.415336465732683433e-03
3.243167656974790589e+03 1.062061387337741536e+01 1.414028476348869754e-03
3.243169971994174375e+03 1.062134005603211584e+01 1.414439229746876229e-03
3.243172287013790992e+03 1.061916360743763121e+01 1.411871735633424057e-03
3.243174602033174779e+03 1.062067526486537616e+01 1.413490710114743368e-03
3.243176917052559020e+03 1.062003928483054871e+01 1.413326974782917918e-03
3.243179232071943261e+03 1.062354296129237596e+01 1.416974786823136474e-03
3.243181547091326138e+03 1.061903910250202543e+01 1.410958888579250678e-03
3.243183862110709015e+03 1.062198700095962245e+01 1.415555593287956722e-03
3.243186177130092801e+03 1.062267384434269246e+01 1.415119914677046833e-03
3.243188492149475678e+03 1.062071411746679850e+01 1.412644652735906350e-03
3.243190807168861284e+03 1.062414565020213075e+01 1.415806385800037022e-03
3.243193122188245070e+03 1.062424195411851002e+01 1.415932952571735638e-03
3.243195437207395116e+03 1.062311318932930071e+01 1.415404277041914030e-03
3.243197752226778903e+03 1.062256102787010725e+01 1.413697518072892963e-03
3.243200067246161780e+03 1.062295446742400351e+01 1.414683487391857905e-03
3.243202382265312735e+03 1.062358871698771168e+01 1.415404903420431227e-03
3.243204697284697431e+03 1.062484685077937385e+01 1.416540331942098144e-03
3.243207012304080308e+03 1.062932645850819391e+01 1.421939037636248387e-03
3.243209327323231264e+03 1.062166901784595119e+01 1.412984471184456628e-03
3.243211642342382220e+03 1.062483322735159419e+01 1.415459473440379336e-03
3.243213957361766916e+03 1.062837634888462723e+01 1.420803246097989640e-03
3.243216272380917871e+03 1.062812371587187243e+01 1.419549518787894572e-03
3.243218587400300748e+03 1.062944369513529175e+01 1.421168104249159649e-03
3.243220902419451704e+03 1.062583477122843512e+01 1.416995030643109898e-03
3.243223217438601750e+03 1.062692358470539489e+01 1.418054790283326816e-03
3.243225532457752706e+03 1.062430101066306065e+01 1.416076683840850970e-03
3.243227847476905026e+03 1.063006026034063645e+01 1.422830394781787701e-03
3.243230162496056437e+03 1.062803202389263646e+01 1.419306733031286665e-03
3.243232477515439314e+03 1.062910223551891242e+01 1.421201662833149670e-03
3.243234792534590269e+03 1.063341325932771042e+01 1.426056734834466044e-03
3.243237107553506576e+03 1.062884975515418162e+01 1.419447342340027967e-03
3.243239422572657986e+03 1.063185033594837847e+01 1.423742464142291201e-03
3.243241737591809397e+03 1.062665995603668634e+01 1.417282425233907942e-03
3.243244052610960352e+03 1.062558461458369585e+01 1.415129720599987012e-03
3.243246367630111308e+03 1.062870729549609550e+01 1.420357357053729378e-03
3.243248682649262264e+03 1.063012682993167246e+01 1.421745677226152627e-03
3.243250997668181299e+03 1.063079647516138238e+01 1.422047787376038569e-03
3.243253312687332254e+03 1.062743735124267452e+01 1.418075226488392472e-03
3.243255627706482301e+03 1.062565536152896861e+01 1.414804694030304122e-03
3.243257942725399516e+03 1.063298913802866075e+01 1.424388242653146230e-03
3.243260257744549563e+03 1.063393870724686252e+01 1.425310961423892917e-03
3.243262572763468597e+03 1.062831776033932663e+01 1.418714661242221307e-03
3.243264887782387632e+03 1.062870488087363086e+01 1.419504979356211397e-03
3.243267202801538588e+03 1.062772969851958393e+01 1.417644267975551710e-03
3.243269517820456713e+03 1.062979015003395844e+01 1.421345512980847978e-03
3.243271832839373928e+03 1.063453405342450253e+01 1.426462714383108527e-03
3.243274147858523975e+03 1.062963407916178937e+01 1.421692505526212912e-03
3.243276462877442100e+03 1.063066089812953763e+01 1.422041853262310824e-03
3.243278777896360225e+03 1.063237462029830560e+01 1.424429361976992494e-03
3.243281092915278350e+03 1.063202273013857635e+01 1.423737407705877095e-03
3.243283407934196930e+03 1.063031060876891942e+01 1.420354860561030830e-03
3.243285722953114600e+03 1.062826316075861222e+01 1.419554249131940076e-03
3.243288037972033635e+03 1.062826610792405901e+01 1.419042579754866860e-03
3.243290352990951760e+03 1.063041040343722798e+01 1.422318878456234510e-03
3.243292668009868976e+03 1.062954775449179934e+01 1.421071882893678836e-03
3.243294983028786191e+03 1.062981180691748762e+01 1.421973068605960743e-03
3.243297298047471486e+03 1.063205161385628550e+01 1.423739811244323491e-03
3.243299613066390066e+03 1.062551949935028794e+01 1.416204763735555384e-03
3.243301928085308646e+03 1.063264635871843566e+01 1.424014569851937912e-03
3.243304243103994850e+03 1.062772602883589279e+01 1.418865389972949389e-03
3.243306558122912065e+03 1.062719712005986494e+01 1.418832123954652828e-03
3.243308873141829281e+03 1.062916374412565190e+01 1.420207562844331625e-03
3.243311188160513666e+03 1.062633982964629098e+01 1.417220573141299029e-03
3.243313503179199870e+03 1.062747112796366800e+01 1.418065995655414272e-03
3.243315818198117995e+03 1.062725197680417644e+01 1.419256981413107282e-03
3.243318133216803290e+03 1.062514152740329365e+01 1.416071699916680252e-03
3.243320448235720960e+03 1.062785132250753328e+01 1.419577551579522499e-03
3.243322763254406709e+03 1.062518668877332928e+01 1.417043723777694671e-03
3.243325078273092004e+03 1.062857573927090016e+01 1.420609202274494007e-03
3.243327393291777298e+03 1.062213172466116085e+01 1.413866722694651253e-03
3.243329708310461683e+03 1.062367348922385624e+01 1.415351420062311129e-03
3.243332023329146978e+03 1.062549761880336163e+01 1.418984039387063576e-03
3.243334338347832272e+03 1.062469774286842927e+01 1.417935702522792702e-03
3.243336653366516657e+03 1.062226926185755360e+01 1.415188203939603435e-03
3.243338968385203771e+03 1.062646462645681922e+01 1.418779184795077898e-03
3.243341283403889065e+03 1.062589162234668549e+01 1.419263642960933228e-03
3.243343598422574360e+03 1.062302174602359450e+01 1.416043198584333081e-03
3.243345913441258745e+03 1.062075066146820745e+01 1.413025275916784691e-03
3.243348228459943130e+03 1.061744690929870316e+01 1.408322221690236744e-03
3.243350543478396048e+03 1.061556779776839221e+01 1.407850856628107628e-03
3.243352858497081797e+03 1.062154515098883323e+01 1.414635225329793260e-03
3.243355173515766182e+03 1.061657828973956441e+01 1.408863557588865920e-03
3.243357488534218646e+03 1.062043680794224798e+01 1.413434083781336991e-03
3.243359803552903941e+03 1.061789102060607526e+01 1.410903221857724927e-03
3.243362118571357314e+03 1.061841761711968246e+01 1.412100061822164259e-03
3.243364433590041699e+03 1.061289298865827035e+01 1.406327688901175222e-03
3.243366748608494163e+03 1.062049370675474691e+01 1.416086747826115480e-03
3.243369063626945717e+03 1.061675504949224091e+01 1.410053859644166702e-03
3.243371378645631012e+03 1.061071014368137888e+01 1.403504938398397479e-03
3.243373693664083930e+03 1.060940695587281724e+01 1.402564761547865375e-03
3.243376008682536849e+03 1.061526004926454192e+01 1.408615938522411477e-03
3.243378323700990222e+03 1.061207469271154480e+01 1.406652990152737568e-03
3.243380638719441777e+03 1.061139474740405930e+01 1.405208732313199685e-03
3.243382953737893331e+03 1.061082055206371955e+01 1.405252756180584359e-03
3.243385268756345795e+03 1.061328126032481833e+01 1.408771268478430311e-03
3.243387583774798259e+03 1.060651619860197847e+01 1.400977785780173866e-03
3.243389898793250723e+03 1.060825300637783997e+01 1.402979334339887968e-03
3.243392213811703186e+03 1.060536731776566910e+01 1.399559655403362747e-03
3.243394528830155650e+03 1.060841687415388002e+01 1.403462886649748699e-03
3.243396843848608114e+03 1.060770429522180791e+01 1.402958650539062012e-03
3.243399158866827747e+03 1.060507790129234351e+01 1.398976704292778737e-03
3.243401473885280211e+03 1.060494862189509746e+01 1.399147183173297818e-03
3.243403788903732675e+03 1.060709937716643481e+01 1.403008983034705146e-03
3.243406103921951399e+03 1.060831744041007596e+01 1.404454497617803159e-03
3.243408418940403863e+03 1.060726780189957985e+01 1.403491082408326457e-03
3.243410733958623041e+03 1.060567455715086282e+01 1.402283695928739594e-03
3.243413048977076869e+03 1.060288035426661324e+01 1.397395479225053364e-03
3.243415363995295593e+03 1.060424324530396056e+01 1.401241765060040612e-03
3.243417679013515226e+03 1.059975633642336490e+01 1.394114262140100759e-03
3.243419994031967690e+03 1.060018499077552079e+01 1.395609312078045392e-03
3.243422309050186414e+03 1.059949900852909366e+01 1.394767491430299764e-03
3.243424624068406047e+03 1.059924231722921384e+01 1.395053510412719733e-03
3.243426939086625680e+03 1.059806836336548663e+01 1.393187158961960289e-03
3.243429254104845313e+03 1.059944150500201587e+01 1.395200932386516171e-03
3.243431569123297777e+03 1.059691089082863158e+01 1.392226381160546148e-03
3.243433884141517410e+03 1.059884015879609720e+01 1.394164118453849631e-03
3.243436199159737043e+03 1.059911685639637824e+01 1.395695027885569470e-03
3.243438514177724755e+03 1.059625130833103768e+01 1.392469946819948094e-03
3.243440829195943479e+03 1.059954779624699128e+01 1.396312626465949025e-03
3.243443144214162203e+03 1.059842619093996596e+01 1.395505858967011244e-03
3.243445459232381836e+03 1.059287646279158501e+01 1.389790932774095716e-03
3.243447774250601924e+03 1.059539978473735999e+01 1.392680773488254439e-03
3.243450089268589181e+03 1.059409207385173879e+01 1.390857483046520002e-03
3.243452404286808815e+03 1.059440479779763322e+01 1.391179595710960362e-03
3.243454719305028448e+03 1.059518604736420855e+01 1.392515631506237479e-03
3.243457034323014341e+03 1.059495980597053766e+01 1.392201542450486251e-03
3.243459349341233974e+03 1.059621278100814656e+01 1.393863748611225053e-03
3.243461664359221686e+03 1.059241525982736931e+01 1.389629972729329891e-03
3.243463979377207579e+03 1.059449099901328495e+01 1.392444581663906771e-03
3.243466294395427212e+03 1.059083674474918624e+01 1.388368169139347344e-03
3.243468609413413105e+03 1.059345610449530994e+01 1.391769005231736434e-03
3.243470924431400817e+03 1.059073195879474483e+01 1.387905981378765186e-03
3.243473239449619996e+03 1.059265611413726837e+01 1.391001198047906416e-03
3.243475554467607253e+03 1.059129487904864320e+01 1.389201580279258953e-03
3.243477869485593146e+03 1.059791569421638613e+01 1.396919328488545982e-03
3.243480184503579949e+03 1.058965258010413102e+01 1.386923512672562581e-03
3.243482499521566751e+03 1.059034737055839237e+01 1.387735822881905595e-03
3.243484814539552644e+03 1.058843589427477383e+01 1.385984592416403087e-03
3.243487129557541266e+03 1.059048302093565930e+01 1.388136623598328024e-03
3.243489444575527159e+03 1.058803853224229385e+01 1.385496224346184808e-03
3.243491759593281131e+03 1.058684901925933630e+01 1.384164102396632200e-03
3.243494074611267479e+03 1.058780035319183987e+01 1.385025146944710104e-03
3.243496389629254736e+03 1.059104291427644284e+01 1.389429334104907987e-03
3.243498704647241539e+03 1.059149341097090158e+01 1.389326824485227893e-03
3.243501019664994601e+03 1.058958825928697678e+01 1.386789336416617687e-03
3.243503334682981404e+03 1.058553130848735080e+01 1.383475785328284070e-03
3.243505649700734921e+03 1.059000396577811287e+01 1.388882241694396622e-03
3.243507964718722178e+03 1.058966125262403857e+01 1.388002690248505214e-03
3.243510279736476150e+03 1.058645767852079977e+01 1.384458294889549280e-03
3.243512594754463862e+03 1.059582982375424365e+01 1.395125372702119915e-03
3.243514909772216924e+03 1.058974809775255466e+01 1.387244189521307436e-03
3.243517224789970896e+03 1.059209477609535099e+01 1.389876223635200594e-03
3.243519539807956789e+03 1.058864658114589652e+01 1.385959820242982452e-03
3.243521854825710761e+03 1.058924157773049224e+01 1.387330329529627097e-03
3.243524169843465643e+03 1.059256675813913162e+01 1.391818379348880395e-03
3.243526484861219615e+03 1.059256365283096812e+01 1.391645052551032484e-03
3.243528799878972677e+03 1.059193164279137811e+01 1.390105092627001541e-03
3.243531114896726649e+03 1.058822541062789568e+01 1.385572401972535181e-03
3.243533429914481076e+03 1.058965660498457240e+01 1.386745840628163641e-03
3.243535744932234593e+03 1.058957414058142099e+01 1.388490085175029609e-03
3.243538059949987655e+03 1.059060736166827965e+01 1.388712012565617012e-03
3.243540374967741627e+03 1.059088413785450911e+01 1.388692892693487455e-03
3.243542689985262768e+03 1.058758361945507787e+01 1.385231087160456592e-03
3.243545005003017650e+03 1.058964323999922996e+01 1.387416739004258652e-03
3.243547320020771622e+03 1.058730586813668673e+01 1.385047358022368190e-03
3.243549635038292763e+03 1.058574380593611153e+01 1.383089147718545835e-03
3.243551950056046735e+03 1.059606922202718593e+01 1.394894105342270102e-03
3.243554265073566967e+03 1.059150989980968482e+01 1.390035743713171745e-03
3.243556580091320029e+03 1.058808801244352438e+01 1.385957946038666620e-03
3.243558895108841170e+03 1.059086440971301002e+01 1.389483316817520953e-03
3.243561210126596052e+03 1.058792619928427925e+01 1.386339404528546182e-03
3.243563525144117193e+03 1.059170380535466549e+01 1.389952635300645929e-03
3.243565840161638334e+03 1.058795279537967460e+01 1.386229245049654937e-03
3.243568155179158566e+03 1.059030703921643735e+01 1.388219526572114036e-03
3.243570470196912993e+03 1.058599903563845146e+01 1.383315561585080717e-03
3.243572785214433679e+03 1.058788470281194627e+01 1.385790575968716539e-03
3.243575100231954821e+03 1.058608489707208378e+01 1.384427801901759545e-03
3.243577415249475507e+03 1.058711548740225794e+01 1.385344036161448343e-03
3.243579730266997103e+03 1.058507480028529102e+01 1.382202393223707412e-03
3.243582045284519154e+03 1.058520733326039931e+01 1.382818676838220304e-03
3.243584360302040295e+03 1.059020507472000006e+01 1.388614295263240978e-03
3.243586675319327696e+03 1.058423677579202327e+01 1.382463618772251544e-03
3.243588990336848838e+03 1.058623137386104496e+01 1.384740061727005858e-03
3.243591305354369069e+03 1.058356494479706988e+01 1.381536681935133628e-03
3.243593620371890211e+03 1.058939173751521601e+01 1.388166265021952440e-03
3.243595935389178067e+03 1.058874624290931621e+01 1.386659022076757461e-03
3.243598250406699663e+03 1.058783239548112398e+01 1.386548836892455977e-03
3.243600565423988883e+03 1.058818278375339261e+01 1.386646501166987526e-03
3.243602880441509114e+03 1.059320369964005693e+01 1.392961714440012861e-03
3.243605195458797425e+03 1.059177453088574161e+01 1.390966469847923362e-03
3.243607510476319021e+03 1.058513916902228402e+01 1.383584623082226425e-03
3.243609825493606877e+03 1.058741029071323503e+01 1.385466407976208717e-03
3.243612140510895188e+03 1.058732189533395207e+01 1.385633656765447412e-03
3.243614455528182589e+03 1.058797918345956646e+01 1.386524369827402082e-03
3.243616770545703730e+03 1.059005824927240980e+01 1.388289658786870124e-03
3.243619085562992950e+03 1.058492078341117981e+01 1.382239835255646716e-03
3.243621400580282170e+03 1.058397809820916713e+01 1.381832275349938102e-03
3.243623715597569571e+03 1.058642063503118536e+01 1.384468897401828222e-03
3.243626030614856973e+03 1.058445976541913858e+01 1.382188508519249185e-03
3.243628345632145283e+03 1.058952789095244640e+01 1.388728636732429467e-03
3.243630660649433594e+03 1.058960149511366566e+01 1.388726712338505739e-03
3.243632975666489074e+03 1.058788506319249123e+01 1.386405110194123633e-03
3.243635290683778294e+03 1.058802483576195286e+01 1.386268035603596856e-03
3.243637605701065695e+03 1.058444371789138216e+01 1.382142838362109818e-03
3.243639920718354006e+03 1.058639592795127093e+01 1.384410585745010202e-03
3.243642235735408576e+03 1.058980407122997569e+01 1.387875562641228315e-03
3.243644550752697796e+03 1.058651415846576249e+01 1.384338386172580173e-03
3.243646865769753276e+03 1.058820782894339985e+01 1.386479805341029681e-03
3.243649180787040677e+03 1.059059033423056029e+01 1.389352109886911150e-03
3.243651495804096157e+03 1.058778962376259791e+01 1.386614243673328899e-03
3.243653810821384013e+03 1.058969236581384266e+01 1.388332433220710758e-03
3.243656125838440857e+03 1.059531513510971301e+01 1.395809523226232331e-03
3.243658440855496337e+03 1.059014042976475167e+01 1.387720466031093763e-03
3.243660755872783739e+03 1.058450851154065298e+01 1.382007384252459045e-03
3.243663070889839219e+03 1.058883689447421617e+01 1.387730985674582966e-03
3.243665385906893789e+03 1.059111062846325524e+01 1.389623270457072306e-03
3.243667700923949269e+03 1.058795537525299935e+01 1.385977585571325629e-03
3.243670015941004749e+03 1.058892132903565297e+01 1.387455864061903736e-03
3.243672330958061139e+03 1.058392378767010555e+01 1.381149449552906971e-03
3.243674645975116619e+03 1.059266693067711884e+01 1.390928495120990474e-03
3.243676960992171189e+03 1.059249928245573358e+01 1.390314605030332825e-03
3.243679276009226669e+03 1.058942588811749985e+01 1.386977536017858963e-03
3.243681591026050228e+03 1.058744821284150106e+01 1.384495776177336289e-03
3.243683906043104798e+03 1.058948394764362888e+01 1.386253222283792335e-03
3.243686221060160278e+03 1.059170988020429327e+01 1.389764918194149332e-03
3.243688536076982018e+03 1.058676676383820237e+01 1.383640604935287843e-03
3.243690851094038408e+03 1.058734283345485139e+01 1.383987508172356993e-03
3.243693166111094797e+03 1.058781562290055334e+01 1.385526202944287449e-03
3.243695481127917446e+03 1.058925023544432165e+01 1.386230539166961742e-03
3.243697796144739186e+03 1.059090964875723095e+01 1.387935299829297104e-03
3.243700111161793757e+03 1.058660912089132289e+01 1.382433019747350209e-03
3.243702426178616406e+03 1.058836089129699509e+01 1.385583923737667431e-03
3.243704741195439055e+03 1.059795977713431014e+01 1.396992625672088036e-03
3.243707056212494535e+03 1.059407968230058827e+01 1.391722165893387103e-03
3.243709371229317185e+03 1.059577583301009618e+01 1.393170734527529294e-03
3.243711686246140744e+03 1.059176079359944822e+01 1.389082532505620578e-03
3.243714001262962483e+03 1.059356840461592952e+01 1.390905019308911247e-03
3.243716316279785133e+03 1.059340615970521071e+01 1.390571127633177849e-03
3.243718631296607782e+03 1.059161559840879718e+01 1.388101514790420236e-03
3.243720946313430431e+03 1.059474020970527164e+01 1.392167937896303083e-03
3.243723261330252171e+03 1.059528637987355815e+01 1.393161822485693016e-03
3.243725576347074821e+03 1.059060764702277169e+01 1.386994025704246141e-03
3.243727891363665549e+03 1.059415285436845267e+01 1.391379336830292053e-03
3.243730206380488198e+03 1.059488938987552054e+01 1.391733904070451564e-03
3.243732521397310848e+03 1.059194460764858547e+01 1.387507187209656911e-03
3.243734836413899757e+03 1.059453293174281185e+01 1.391320690292566740e-03
3.243737151430722406e+03 1.059573907343016330e+01 1.392403989735495774e-03
3.243739466447312225e+03 1.059627491699427537e+01 1.393232378497940996e-03
3.243741781464134874e+03 1.059249774275550671e+01 1.388770935516002447e-03
3.243744096480724693e+03 1.059665352192280707e+01 1.393478066039397553e-03
3.243746411497547342e+03 1.060279083449967708e+01 1.400692032457667886e-03
3.243748726514137161e+03 1.059782729819306546e+01 1.395192607125440376e-03
3.243751041530726070e+03 1.059843694093492950e+01 1.394958227981794646e-03
3.243753356547315889e+03 1.059694831401160009e+01 1.393014291983540789e-03
3.243755671564139448e+03 1.059922916426016393e+01 1.396088879690752290e-03
3.243757986580728357e+03 1.059567534576146386e+01 1.390755236672249970e-03
3.243760301597318175e+03 1.059769101924132073e+01 1.393038875400404164e-03
3.243762616613907085e+03 1.059952824454835607e+01 1.395300374061413063e-03
3.243764931630497813e+03 1.059709372540931227e+01 1.391657302098763677e-03
3.243767246647088541e+03 1.059989179331544307e+01 1.396550558668718366e-03
3.243769561663444620e+03 1.060115625022464769e+01 1.396798529140581271e-03
3.243771876680034438e+03 1.060028865844709856e+01 1.396370961430673649e-03
3.243774191696623348e+03 1.060569325348204650e+01 1.401714977826536623e-03
3.243776506713213166e+03 1.059888301288398083e+01 1.395012146238028793e-03
3.243778821729570154e+03 1.060327777050599884e+01 1.400128197794764341e-03
3.243781136746159973e+03 1.060215280164652896e+01 1.397952768665041388e-03
3.243783451762516961e+03 1.060078503543317296e+01 1.395762177172910285e-03
3.243785766779107689e+03 1.060437893650130192e+01 1.400707112848890339e-03
3.243788081795464677e+03 1.060301579451369847e+01 1.397839575067480944e-03
3.243790396812053586e+03 1.060386337053708949e+01 1.399452293302744102e-03
3.243792711828410575e+03 1.060511021269778453e+01 1.400762006993034681e-03
3.243795026844766653e+03 1.060264428218149213e+01 1.398187361281898449e-03
3.243797341861123641e+03 1.060343787568231022e+01 1.398157816080024219e-03
3.243799656877714369e+03 1.060275891396412540e+01 1.397012278388767761e-03
3.243801971894072267e+03 1.060950402880829202e+01 1.405028610605237168e-03
3.243804286910429255e+03 1.060138196778369135e+01 1.395591792584784108e-03
3.243806601926785333e+03 1.060351930818103483e+01 1.398035919815431450e-03
3.243808916943141412e+03 1.060750144161071340e+01 1.403395347342241764e-03
3.243811231959498400e+03 1.060325368727963458e+01 1.396905329534350914e-03
3.243813546975854933e+03 1.060819805016081219e+01 1.403654660953402959e-03
3.243815861991979546e+03 1.060403836320982407e+01 1.399016398305880570e-03
3.243818177008335624e+03 1.060427213369458954e+01 1.399486670192025490e-03
3.243820492024693067e+03 1.060593614684087704e+01 1.401681602869403595e-03
3.243822807040817679e+03 1.060640087117477748e+01 1.401299441724630562e-03
3.243825122057174667e+03 1.060719930585176485e+01 1.403902257877745257e-03
3.243827437073531655e+03 1.060580997359956967e+01 1.400322466743369933e-03
3.243829752089655813e+03 1.060486142276540100e+01 1.399242333705453221e-03
3.243832067106011891e+03 1.060484678502471922e+01 1.399132628956037622e-03
3.243834382122135139e+03 1.060505471573192438e+01 1.398619191140036992e-03
3.243836697138260206e+03 1.060400871229769137e+01 1.397722228046136342e-03
3.243839012154618104e+03 1.060083915305339985e+01 1.396035121894098445e-03
3.243841327170742261e+03 1.060262060326883748e+01 1.397596697028063171e-03
3.243843642186865509e+03 1.060250666984016377e+01 1.397698635239493989e-03
3.243845957202988757e+03 1.060513279159328981e+01 1.400681579925496271e-03
3.243848272219113824e+03 1.060549523010431550e+01 1.401608158133576480e-03
3.243850587235237981e+03 1.060312888237803719e+01 1.398883329692700728e-03
3.243852902251362138e+03 1.060343164906037572e+01 1.398361081925504667e-03
3.243855217267485386e+03 1.060700615881963316e+01 1.403031924171115616e-03
3.243857532283609999e+03 1.060773387535985002e+01 1.404088243044327453e-03
3.243859847307418022e+03 1.060075955611536180e+01 1.395596555522034873e-03
3.243862162323309349e+03 1.059870206450696983e+01 1.393699668616926778e-03
3.243864477339432597e+03 1.060400373612131375e+01 1.400525010256895931e-03
3.243866792355556754e+03 1.059769240970583937e+01 1.392471808206785294e-03
3.243869107371447171e+03 1.060319461503502758e+01 1.399440640437609254e-03
3.243871422387571329e+03 1.059932102968379475e+01 1.394765522512358752e-03
3.243873737403462655e+03 1.060288960258485602e+01 1.399360733873411793e-03
3.243876052419587722e+03 1.060209256171120984e+01 1.398210952724875762e-03
3.243878367435479049e+03 1.060004121806287003e+01 1.396060217808793753e-03
3.243880682451603207e+03 1.060025419998192575e+01 1.396300088155968478e-03
3.243882997467493624e+03 1.059757157577665510e+01 1.393961666592609221e-03
3.243885312483384951e+03 1.059563504755116803e+01 1.391086631197302470e-03
3.243887627499277187e+03 1.059685653771835234e+01 1.393179225710414583e-03
3.243889942515167604e+03 1.059378580139424209e+01 1.390570748866890201e-03
3.243892257531058476e+03 1.059580521577921175e+01 1.392707569893320224e-03
3.243894572546950258e+03 1.059654694869144542e+01 1.393875765534672044e-03
3.243896887562842039e+03 1.059420362226567036e+01 1.391611819254882747e-03
3.243899202578733821e+03 1.059543409443738504e+01 1.392548375696714153e-03
3.243901517594624238e+03 1.059465913201206000e+01 1.391981567569897799e-03
3.243903832610514655e+03 1.059306208556931850e+01 1.389784249034318802e-03
3.243906147626405982e+03 1.059237395100731050e+01 1.389686646152988106e-03
3.243908462642064933e+03 1.059384005838611031e+01 1.391151548343247954e-03
3.243910777657956714e+03 1.058442604915406804e+01 1.380097780209785501e-03
3.243913092673847132e+03 1.059255004011000523e+01 1.390257319525736593e-03
3.243915407689505628e+03 1.059024792764515688e+01 1.387991845390804981e-03
3.243917722705396955e+03 1.058833345427360939e+01 1.386357452537929609e-03
3.243920037721056360e+03 1.058919165032402709e+01 1.387125908512368755e-03
3.243922352736714856e+03 1.058870233784689141e+01 1.386853779529735207e-03
3.243924667752605274e+03 1.058771383638213770e+01 1.386539679359481214e-03
3.243926982768263770e+03 1.058962726162486234e+01 1.388640873547123972e-03
3.243929297783921356e+03 1.058768793279657139e+01 1.386318317423503813e-03
3.243931612799579852e+03 1.058708305045933074e+01 1.385287284385293763e-03
3.243933927815239258e+03 1.058570922582111962e+01 1.384608657064665110e-03
3.243936242830897754e+03 1.058282692123634483e+01 1.380478778997819029e-03
3.243938557846556250e+03 1.058093230138485197e+01 1.379134443207487163e-03
3.243940872862213837e+03 1.058316435900935204e+01 1.381656834120350468e-03
3.243943187877872333e+03 1.058525795638931299e+01 1.385758462730149725e-03
3.243945502893530829e+03 1.058511067707531517e+01 1.385020721996186406e-03
3.243947817909189325e+03 1.058204591390513372e+01 1.382003499377203572e-03
3.243950132924614991e+03 1.057897452836947849e+01 1.377879694345645473e-03
3.243952447940273487e+03 1.058167122123206916e+01 1.381835709582625174e-03
3.243954762955931528e+03 1.057894902626894229e+01 1.378456875667117502e-03
3.243957077971357648e+03 1.057753959041238545e+01 1.377370792580289317e-03
3.243959392987016145e+03 1.058143728240521497e+01 1.381492618287351879e-03
3.243961708002441810e+03 1.057706250887977539e+01 1.376934336450176327e-03
3.243964023018099397e+03 1.057706492438204826e+01 1.376436591042496391e-03
3.243966338033524153e+03 1.057719058163609915e+01 1.378881673061457466e-03
3.243968653048950728e+03 1.057304706249310655e+01 1.372992160110877644e-03
3.243970968064377303e+03 1.057496679234831483e+01 1.375669711144552254e-03
3.243973283080035799e+03 1.057317773374328951e+01 1.374274435466741424e-03
3.243975598095460555e+03 1.057805965608971732e+01 1.379925752014012639e-03
3.243977913110886220e+03 1.057169735373171449e+01 1.371973652348862285e-03
3.243980228126311886e+03 1.056835009445598672e+01 1.368380359277039529e-03
3.243982543141736642e+03 1.057218189603351277e+01 1.372870393896866072e-03
3.243984858157162307e+03 1.057400844996211120e+01 1.376341299488135139e-03
3.243987173172587973e+03 1.057055799338290036e+01 1.372362854295728577e-03
3.243989488187781717e+03 1.056983491203363812e+01 1.371097384590938681e-03
3.243991803203206928e+03 1.056615898633867978e+01 1.367238185979488541e-03
3.243994118218633048e+03 1.056943098221988109e+01 1.371508982847398535e-03
3.243996433233825883e+03 1.057146726985963348e+01 1.374008011712705155e-03
3.243998748249250639e+03 1.057450577373520240e+01 1.377909637065635132e-03
3.244001063264442564e+03 1.056775466451975376e+01 1.370764349469330221e-03
3.244003378279868230e+03 1.057098523045094218e+01 1.372982313158195361e-03
3.244005693295061519e+03 1.056855905752791891e+01 1.370983643116515001e-03
3.244008008310487639e+03 1.056432077832821648e+01 1.366050305076684998e-03
3.244010323325680474e+03 1.056239952541828941e+01 1.363621502692573956e-03
3.244012638340873309e+03 1.056307141341365963e+01 1.364471567124580283e-03
3.244014953356065234e+03 1.056485383600105976e+01 1.367535760913868607e-03
3.244017268371490900e+03 1.056495201428865016e+01 1.367335796319511755e-03
3.244019583386683735e+03 1.056275547288271355e+01 1.365167880258872334e-03
3.244021898401875660e+03 1.056772839321213908e+01 1.370560592771814974e-03
3.244024213417068950e+03 1.056118797173214396e+01 1.363874493570644154e-03
3.244026528432262239e+03 1.056357190639791099e+01 1.366175824761529543e-03
3.244028843447222243e+03 1.055951351572350205e+01 1.362010996014287626e-03
3.244031158462415533e+03 1.056407872726167163e+01 1.367056315355775521e-03
3.244033473477607913e+03 1.056718399486423721e+01 1.371385211297548173e-03
3.244035788492799838e+03 1.055964168693692784e+01 1.362867582272054385e-03
3.244038103507759843e+03 1.056624813125583096e+01 1.370113115522154403e-03
3.244040418522952677e+03 1.056578998035232075e+01 1.369636430953065582e-03
3.244042733537912682e+03 1.056122049302083354e+01 1.364735907371849698e-03
3.244045048553106426e+03 1.055981474958147892e+01 1.362710648558806753e-03
3.244047363568066430e+03 1.055906225236380536e+01 1.363052519194016135e-03
3.244049678583258356e+03 1.056025720345879826e+01 1.363880886712187223e-03
3.244051993598219269e+03 1.055520303540009586e+01 1.357976295682130144e-03
3.244054308613179273e+03 1.056286589198055381e+01 1.366648451169567239e-03
3.244056623628138368e+03 1.055942259185397702e+01 1.363068890520183251e-03
3.244058938643097463e+03 1.056027727252451776e+01 1.363797380978610564e-03
3.244061253658290298e+03 1.055751162454187231e+01 1.361354701803677405e-03
3.244063568673251211e+03 1.055514833114847839e+01 1.358197797252484957e-03
3.244065883688211215e+03 1.056280913764766360e+01 1.367408652291027477e-03
3.244068198702938389e+03 1.055646392089072449e+01 1.359866571077600946e-03
3.244070513717898393e+03 1.055595303552801312e+01 1.360446375223952134e-03
3.244072828732856578e+03 1.055954106119281199e+01 1.364567348361565196e-03
3.244075143747816583e+03 1.055330675102154636e+01 1.356515771570015105e-03
3.244077458762543756e+03 1.055879860032220918e+01 1.363406257214424622e-03
3.244079773777504670e+03 1.055029970018443208e+01 1.354013992182478152e-03
3.244082088792464674e+03 1.055363272703071331e+01 1.357479829634229782e-03
3.244084403807191848e+03 1.055525300354705465e+01 1.360104680697148388e-03
3.244086718822151852e+03 1.055773747781709737e+01 1.362732342811702599e-03
3.244089033836879025e+03 1.055353155336082871e+01 1.357682310008472481e-03
3.244091348851606199e+03 1.055763578229217003e+01 1.362719504979726520e-03
3.244093663866565294e+03 1.055411385903301991e+01 1.358799218759124475e-03
3.244095978881291558e+03 1.055349110387900602e+01 1.358141207782226313e-03
3.244098293896019641e+03 1.055331191728354767e+01 1.358429480489656499e-03
3.244100608910747724e+03 1.055313339935790573e+01 1.358212431831642628e-03
3.244102923925474897e+03 1.055419005720017722e+01 1.359975760785492793e-03
3.244105238940201161e+03 1.055292816146592649e+01 1.358152017420705560e-03
3.244107553954928335e+03 1.055102685267856799e+01 1.356430784812339731e-03
3.244109868969654599e+03 1.055271804964012006e+01 1.359325422367439837e-03
3.244112183984381772e+03 1.054829836136491572e+01 1.353263856104461793e-03
3.244114498999109856e+03 1.054937229730576220e+01 1.353530563177987242e-03
3.244116814013604198e+03 1.054837592173359795e+01 1.352945462074437886e-03
3.244119129028331372e+03 1.054876580472990177e+01 1.354266412183547080e-03
3.244121444043057636e+03 1.055356629279809688e+01 1.359786265140219439e-03
3.244123759057552888e+03 1.054446476505201069e+01 1.349709159518024159e-03
3.244126074072280062e+03 1.054991763296643370e+01 1.355050473358542255e-03
3.244128389086773495e+03 1.054969592963904823e+01 1.355005049233733898e-03
3.244130704101499759e+03 1.054689672721377214e+01 1.352154613367842787e-03
3.244133019115994102e+03 1.054819907698325743e+01 1.353619030604185118e-03
3.244135334130489355e+03 1.055179335837722121e+01 1.358151382711534705e-03
3.244137649144984607e+03 1.054790185724507978e+01 1.353148560056059669e-03
3.244139964159711781e+03 1.054947590747158159e+01 1.354514726855744668e-03
3.244142279174205214e+03 1.055111959422693424e+01 1.357051560267748605e-03
3.244144594188698647e+03 1.054507068962031191e+01 1.350964502079651580e-03
3.244146909203192990e+03 1.055130460230443568e+01 1.357401802588535178e-03
3.244149224217688243e+03 1.054942740790843558e+01 1.354868528167027433e-03
3.244151539231948846e+03 1.054805275338229720e+01 1.354535101505068484e-03
3.244153854246443188e+03 1.055012725301790688e+01 1.356207796973796101e-03
3.244156169260938441e+03 1.054865076243406641e+01 1.353577170136503315e-03
3.244158484275432784e+03 1.054935176168585187e+01 1.354825365704223888e-03
3.244160799289694296e+03 1.054682409789241859e+01 1.351479301992525436e-03
3.244163114304187729e+03 1.055013382106840147e+01 1.356162504015204955e-03
3.244165429318449242e+03 1.055062633984353759e+01 1.356796902432928038e-03
3.244167744332942675e+03 1.054995552670526138e+01 1.356385380218996361e-03
3.244170059347204187e+03 1.055229026052089480e+01 1.358745147140103015e-03
3.244172374361698985e+03 1.054490297091501283e+01 1.350659463464552257e-03
3.244174689375961862e+03 1.055135309559068801e+01 1.357410112513056030e-03
3.244177004390222464e+03 1.054650840758170460e+01 1.350923743240246442e-03
3.244179319404483067e+03 1.055126646945301694e+01 1.357140991204317795e-03
3.244181634418743670e+03 1.055168164699584921e+01 1.357115867687464297e-03
3.244183949433238922e+03 1.054738185095549596e+01 1.352741079743548323e-03
3.244186264447500434e+03 1.054924444896045443e+01 1.355172860743557349e-03
3.244188579461528207e+03 1.054841900777184094e+01 1.354378871060014531e-03
3.244190894475790628e+03 1.054921071051467329e+01 1.354088570896193420e-03
3.244193209490052141e+03 1.054624808125068824e+01 1.350935417762150551e-03
3.244195524504313653e+03 1.055113003760520662e+01 1.356777684156738623e-03
3.244197839518575165e+03 1.055106376979424887e+01 1.356215283661753399e-03
3.244200154532603847e+03 1.055014708837362214e+01 1.355266012771269004e-03
3.244202469546864450e+03 1.054847571308298093e+01 1.353925279320388831e-03
3.244204784560892222e+03 1.055248350835623405e+01 1.359516600381976406e-03
3.244207099575154643e+03 1.054988059668127498e+01 1.354933576928742198e-03
3.244209414589184235e+03 1.054990226475479353e+01 1.355052042711252973e-03
3.244211729603445747e+03 1.054743744272455608e+01 1.353541381100237294e-03
3.244214044617474428e+03 1.054714795549318040e+01 1.352820264282109239e-03
3.244216359631502201e+03 1.054813047066676646e+01 1.353432603279206220e-03
3.244218674645530882e+03 1.054896729833646773e+01 1.354694516222304523e-03
3.244220989659792394e+03 1.055321171104757560e+01 1.358325087104007020e-03
3.244223304673820166e+03 1.054695471732968137e+01 1.351068052010070920e-03
3.244225619687848848e+03 1.055284375605733160e+01 1.358316732918578513e-03
3.244227934701876620e+03 1.055174864243519828e+01 1.357700981746967454e-03
3.244230249715906211e+03 1.055242419927001052e+01 1.357546598056318067e-03
3.244232564729702972e+03 1.055251187205340813e+01 1.356999923816711940e-03
3.244234879743730744e+03 1.054643100830330305e+01 1.350505193962918751e-03
3.244237194757759426e+03 1.055271774519318306e+01 1.358672277128828570e-03
3.244239509771787198e+03 1.055282162402459001e+01 1.357222010285462311e-03
3.244241824785583958e+03 1.055390761003439692e+01 1.359366336107352326e-03
3.244244139799612640e+03 1.054780565320577246e+01 1.352407039824690986e-03
3.244246454813407581e+03 1.055020379599366898e+01 1.355421381049874046e-03
3.244248769827437172e+03 1.055221676037544398e+01 1.358019017874717354e-03
3.244251084841233023e+03 1.054893632578215801e+01 1.353510154194567964e-03
3.244253399855028874e+03 1.054949531466469281e+01 1.354115654288838740e-03
3.244255714868824725e+03 1.055376316072050535e+01 1.358775301804151982e-03
3.244258029882853407e+03 1.054937572924463218e+01 1.353738348663526599e-03
3.244260344896648348e+03 1.055256052632246622e+01 1.357284891553364172e-03
3.244262659910444199e+03 1.055241165739013276e+01 1.357040469797048381e-03
3.244264974924240050e+03 1.055527454537719478e+01 1.360538621498223657e-03
3.244267289938036811e+03 1.054968976222004073e+01 1.354228073894908711e-03
3.244269604951831752e+03 1.054904467062604922e+01 1.352762647086326554e-03
3.244271919965394773e+03 1.054883763352505177e+01 1.353336363369465282e-03
3.244274234979189714e+03 1.054622250056415034e+01 1.351674185270277826e-03
3.244276549992985565e+03 1.055250733696525067e+01 1.357267081508367222e-03
3.244278865006782326e+03 1.054908269784284336e+01 1.353899666806547032e-03
3.244281180020345346e+03 1.055193995724589051e+01 1.356701457966239454e-03
3.244283495034140287e+03 1.055290915150225572e+01 1.358454362999936575e-03
3.244285810047703308e+03 1.055576444380777801e+01 1.361783658993130555e-03
3.244288125061499159e+03 1.055195935061756707e+01 1.355603519140021048e-03
3.244290440075062179e+03 1.055394565052599276e+01 1.359069242135335729e-03
3.244292755088625199e+03 1.055345949950940110e+01 1.357758926828311289e-03
3.244295070102421050e+03 1.055629321213367611e+01 1.361976981873871907e-03
3.244297385115983161e+03 1.055840268237969681e+01 1.364357123924373003e-03
3.244299700129546181e+03 1.055056162611375825e+01 1.355413095602921603e-03
3.244302015143109202e+03 1.055328600752386770e+01 1.357653311136519225e-03
3.244304330156673132e+03 1.055133908866513615e+01 1.355860295308097168e-03
3.244306645170236152e+03 1.055764109870955103e+01 1.362616907393269985e-03
3.244308960183799172e+03 1.055153906373664796e+01 1.355762584711087864e-03
3.244311275197128452e+03 1.056003093161934991e+01 1.365093044884521612e-03
3.244313590210691927e+03 1.055753802752563786e+01 1.362706360886878094e-03
3.244315905224255403e+03 1.055652094003258945e+01 1.361639898942536720e-03
3.244318220237817513e+03 1.055359551973785948e+01 1.357500586237581465e-03
3.244320535251147703e+03 1.055407491405797948e+01 1.358167918493800516e-03
3.244322850264710723e+03 1.055335825984391462e+01 1.357779453504472838e-03
3.244325165278040913e+03 1.055635805757989765e+01 1.361004484897826178e-03
3.244327480291371103e+03 1.055530816440894526e+01 1.359316059573834751e-03
3.244329795304934123e+03 1.055862097340965811e+01 1.363391334302169319e-03
3.244332110318264313e+03 1.055256838071981917e+01 1.356899685163799347e-03
3.244334425331593593e+03 1.055821782491775629e+01 1.363766155851904712e-03
3.244336740344923783e+03 1.055891067501432978e+01 1.363890347007891586e-03
3.244339055358253972e+03 1.055135502457977559e+01 1.354953363756985140e-03
3.244341370371816993e+03 1.055619024624014912e+01 1.360663512595369599e-03
3.244343685384915261e+03 1.055496516054024525e+01 1.359746671825825442e-03
3.244346000398244541e+03 1.055572605379652629e+01 1.360176866028222709e-03
3.244348315411574731e+03 1.055513609094188610e+01 1.359419196982412752e-03
3.244350630424905830e+03 1.055446050888595444e+01 1.359358698815676079e-03
3.244352945438235110e+03 1.055585172677119132e+01 1.360924213081689130e-03
3.244355260451331560e+03 1.055221455785286544e+01 1.356729916557238404e-03
3.244357575464661750e+03 1.055623770306938880e+01 1.361120645023323333e-03
3.244359890477992394e+03 1.055360504706122171e+01 1.358157026505849843e-03
3.244362205491090208e+03 1.055569240753022164e+01 1.360445859327227489e-03
3.244364520504187567e+03 1.055197935356523686e+01 1.356248139376652799e-03
3.244366835517517757e+03 1.055450393864746772e+01 1.359968943101831683e-03
3.244369150530614206e+03 1.055188522747357815e+01 1.356507288145814135e-03
3.244371465543712020e+03 1.055158653445609218e+01 1.356167935719626919e-03
3.244373780556809834e+03 1.055209625824351427e+01 1.356814045548512468e-03
3.244376095570139114e+03 1.055219223555161889e+01 1.357999441467349364e-03
3.244378410583236018e+03 1.054851952820407845e+01 1.352454290517045863e-03
3.244380725596333832e+03 1.055204445919334155e+01 1.357677974740040261e-03
3.244383040609431191e+03 1.055006632803096700e+01 1.354444295476163939e-03
3.244385355622295720e+03 1.054808212082351560e+01 1.352265327725142444e-03
3.244387670635393079e+03 1.054888521388908451e+01 1.353518345080635893e-03
3.244389985648490438e+03 1.055184364412186326e+01 1.357733089427122248e-03
3.244392300661586887e+03 1.055242757963053357e+01 1.357845223127907962e-03
3.244394615674450961e+03 1.054970850853983144e+01 1.354866294113215913e-03
3.244396930687549684e+03 1.054914586963089818e+01 1.354927602984323191e-03
3.244399245700414212e+03 1.054967570803185239e+01 1.354912351945719746e-03
3.244401560713510662e+03 1.054566507428237543e+01 1.350306440618982825e-03
3.244403875726375190e+03 1.054701015362697092e+01 1.352212187714278138e-03
3.244406190739239719e+03 1.055156891053668389e+01 1.357990300960842511e-03
3.244408505752337533e+03 1.054744676631228373e+01 1.353370510144808348e-03
3.244410820765200697e+03 1.054459514829415490e+01 1.350394827247516569e-03
3.244413135778065225e+03 1.054201388888809987e+01 1.347158645139008180e-03
3.244415450790929754e+03 1.054292018566200895e+01 1.348486182861973045e-03
3.244417765803795191e+03 1.054072830575366559e+01 1.346297255296328120e-03
3.244420080816659720e+03 1.054505356820236628e+01 1.351812677842353840e-03
3.244422395829524248e+03 1.054206209903097857e+01 1.349131265260532014e-03
3.244424710842388777e+03 1.054180981813867390e+01 1.348483061722602003e-03
3.244427025855019565e+03 1.054169001077612755e+01 1.349051026185328845e-03
3.244429340867884093e+03 1.054519774193626347e+01 1.352909075601184613e-03
3.244431655880748622e+03 1.053634399619160078e+01 1.343354722212303145e-03
3.244433970893381229e+03 1.053882825862934247e+01 1.345507074353659857e-03
3.244436285906245757e+03 1.054223473145890999e+01 1.350114185586265237e-03
3.244438600918876546e+03 1.053541538270353151e+01 1.342515696254628675e-03
3.244440915931740165e+03 1.053671876217180348e+01 1.344445409919675996e-03
3.244443230944372772e+03 1.053537904749228282e+01 1.343385934869302089e-03
3.244445545957004470e+03 1.053356674003834570e+01 1.340310006248737361e-03
3.244447860969636167e+03 1.053822355870003236e+01 1.346387581966539517e-03
3.244450175982266501e+03 1.053436967353998810e+01 1.342996982181338377e-03
3.244452490994898653e+03 1.053827808480328088e+01 1.348041738567560535e-03
3.244454806007531261e+03 1.053367067222946574e+01 1.341810123242466067e-03
3.244457121020162958e+03 1.053237618761568939e+01 1.340777471729740801e-03
3.244459436032793747e+03 1.053471838633761948e+01 1.344081922789340825e-03
3.244461751045425444e+03 1.053294249437511176e+01 1.342312698781034357e-03
3.244464066058057142e+03 1.052644063978712552e+01 1.336283633702270955e-03
3.244466381070687930e+03 1.052753864464264844e+01 1.337311706849938272e-03
3.244468696083087707e+03 1.053277290660941290e+01 1.343913064049403550e-03
3.244471011095718950e+03 1.052853458114408625e+01 1.337912639112519113e-03
3.244473326108118272e+03 1.052457253958313466e+01 1.334532384769286780e-03
3.244475641120749515e+03 1.052546036399001572e+01 1.335485476865639612e-03
3.244477956133148837e+03 1.052621178008816116e+01 1.336073030798117216e-03
3.244480271145547704e+03 1.052482801900601572e+01 1.334843938819032984e-03
3.244482586158179402e+03 1.052188692629638922e+01 1.332309280130956680e-03
3.244484901170577359e+03 1.052570129522275977e+01 1.337330737761280091e-03
3.244487216182975317e+03 1.052567133659452203e+01 1.338128992243352864e-03
3.244489531195375548e+03 1.051884911111345744e+01 1.330401986197759243e-03
3.244491846207774870e+03 1.051911265672543649e+01 1.329837571547171516e-03
3.244494161220173737e+03 1.051579085881790476e+01 1.326767875105641994e-03
3.244496476232571695e+03 1.051858819941877421e+01 1.330180420304034015e-03
3.244498791244737731e+03 1.051799002537345373e+01 1.329713243063882768e-03
3.244501106257136598e+03 1.051396128920852213e+01 1.325216917714597395e-03
3.244503421269534556e+03 1.051736318818309357e+01 1.329480782570455124e-03
3.244505736281700592e+03 1.051600226619108014e+01 1.328485310895763686e-03
3.244508051294100369e+03 1.051656496052311773e+01 1.330511809614296544e-03
3.244510366306266405e+03 1.051493590208233364e+01 1.327561545623524766e-03
3.244512681318665273e+03 1.051367629108847623e+01 1.326626088268624418e-03
3.244514996330831309e+03 1.051352993311058626e+01 1.326689624316446017e-03
3.244517311342997345e+03 1.051622916661196960e+01 1.329899777195363460e-03
3.244519626355395303e+03 1.051175011063997822e+01 1.325436373021852488e-03
3.244521941367560430e+03 1.050985062864567965e+01 1.322726284166989182e-03
3.244524256379726921e+03 1.051441957172657382e+01 1.328644216239165381e-03
3.244526571391894322e+03 1.051064974684300068e+01 1.324220865798878422e-03
3.244528886404060358e+03 1.051262323277613397e+01 1.327564547696763204e-03
3.244531201416225485e+03 1.050690626853300813e+01 1.320559594510088090e-03
3.244533516428390612e+03 1.050914223489780497e+01 1.323685933605075636e-03
3.244535831440324728e+03 1.051047267771962979e+01 1.325629900478774922e-03
3.244538146452490764e+03 1.050844744692096455e+01 1.322944558036432761e-03
3.244540461464655891e+03 1.050407186184170527e+01 1.318332900277340274e-03
3.244542776476588188e+03 1.050883896315160726e+01 1.324331169467033277e-03
3.244545091488755133e+03 1.050984817812185312e+01 1.325234488582872515e-03
3.244547406500689249e+03 1.050219860220557422e+01 1.315365935547258133e-03
3.244549721512855285e+03 1.050537850874375856e+01 1.320128689278236974e-03
3.244552036524787582e+03 1.050284095608794033e+01 1.317816336451590629e-03
3.244554351536720787e+03 1.050424828752440654e+01 1.319724393767694433e-03
3.244556666548653084e+03 1.050144039328209544e+01 1.316151612891623733e-03
3.244558981560819120e+03 1.050504026034831995e+01 1.320311432674635063e-03
3.244561296572753236e+03 1.050283340352543071e+01 1.318805796343311540e-03
3.244563611584685987e+03 1.050640471639833784e+01 1.321454991197634722e-03
3.244565926596386817e+03 1.050294538349260343e+01 1.318605114016820762e-03
3.244568241608319113e+03 1.050331550097682332e+01 1.319573871430073818e-03
3.244570556620253228e+03 1.049939751806780208e+01 1.314965701647932000e-03
3.244572871632186434e+03 1.050009684113156183e+01 1.316018977159466802e-03
3.244575186643885900e+03 1.050282434185709235e+01 1.318830361423828368e-03
3.244577501655818196e+03 1.049918235521242416e+01 1.314572745539375857e-03
3.244579816667751402e+03 1.050187305494870316e+01 1.317719134960043757e-03
3.244582131679452687e+03 1.049846954561315471e+01 1.314880009817062569e-03
3.244584446691153971e+03 1.050235798289367750e+01 1.320639085475870710e-03
3.244586761703087177e+03 1.050183204596423892e+01 1.319169665160332006e-03
3.244589076714785733e+03 1.049939006488301096e+01 1.315892737202460899e-03
3.244591391726486108e+03 1.049805768568339204e+01 1.314195537601347760e-03
3.244593706738186938e+03 1.050230799796982950e+01 1.319388360127848013e-03
3.244596021749887768e+03 1.050183525165589771e+01 1.319478782541400400e-03
3.244598336761820065e+03 1.049305796927531809e+01 1.309077407893208863e-03
3.244600651773288064e+03 1.049761349484759698e+01 1.314013823354486530e-03
3.244602966784988894e+03 1.049626117993580543e+01 1.313219001594537671e-03
3.244605281796689269e+03 1.049834804370213348e+01 1.315400269987415010e-03
3.244607596808388735e+03 1.050164013763562743e+01 1.318959297868591311e-03
3.244609911820089110e+03 1.049904310922406658e+01 1.316573853526542765e-03
3.244612226831555745e+03 1.049714779968816813e+01 1.313706092583636709e-03
3.244614541843256120e+03 1.049685046537502053e+01 1.313783140719742724e-03
3.244616856854723665e+03 1.049829528598328920e+01 1.316171996732170852e-03
3.244619171866424949e+03 1.049675538124211904e+01 1.313976219603462487e-03
3.244621486877893403e+03 1.049452865409189428e+01 1.311722602928589625e-03
3.244623801889360038e+03 1.048962137853794374e+01 1.306844022624895595e-03
3.244626116900826673e+03 1.049609297278206910e+01 1.313446897485529051e-03
3.244628431912527049e+03 1.049560796105791383e+01 1.312781814323250818e-03
3.244630746923994593e+03 1.049485410959481158e+01 1.312191096292134084e-03
3.244633061935462138e+03 1.049759277547653191e+01 1.315642025042457587e-03
3.244635376946929682e+03 1.049582047828379494e+01 1.313292987380485074e-03
3.244637691958163941e+03 1.049631494507388041e+01 1.313896845560919187e-03
3.244640006969632850e+03 1.049218175305200873e+01 1.309350309511054080e-03
3.244642321981100395e+03 1.049490370412274842e+01 1.311561250054158736e-03
3.244644636992567030e+03 1.049348334501450708e+01 1.310101324550925345e-03
3.244646952003801744e+03 1.049410089089652054e+01 1.311067703202709999e-03
3.244649267015268379e+03 1.049210103211716394e+01 1.309289153977826956e-03
3.244651582026503092e+03 1.049618281090319272e+01 1.313839140948151393e-03
3.244653897037970637e+03 1.049560563218129161e+01 1.313326169894256943e-03
3.244656212049206260e+03 1.049511586958042919e+01 1.312926157277157944e-03
3.244658527060440974e+03 1.049444513174333871e+01 1.311527587571621831e-03
3.244660842071907609e+03 1.049883784970981893e+01 1.317317415731667548e-03
3.244663157083143233e+03 1.049884719407440770e+01 1.316349071838170907e-03
3.244665472094377492e+03 1.049302037422249612e+01 1.310126770588134750e-03
3.244667787105611751e+03 1.049675209793383601e+01 1.314715229643242727e-03
3.244670102116845555e+03 1.049695932188407710e+01 1.315586734581774414e-03
3.244672417128080269e+03 1.049334642466600442e+01 1.310970435576655751e-03
3.244674732139083517e+03 1.049233786276316849e+01 1.308790029640414469e-03
3.244677047150318685e+03 1.049837082074963135e+01 1.315747108740642282e-03
3.244679362161553399e+03 1.049233934912448163e+01 1.309363101112380641e-03
3.244681677172554373e+03 1.048924790259057183e+01 1.305739682034520862e-03
3.244683992183788177e+03 1.049480865131990370e+01 1.311886946830551851e-03
3.244686307194790061e+03 1.049361111355411325e+01 1.310564152804899116e-03
3.244688622206025684e+03 1.049283887582699393e+01 1.310133318204814061e-03
3.244690937217026658e+03 1.049605823583612896e+01 1.313341496960126033e-03
3.244693252228028996e+03 1.049449032451475716e+01 1.311983425541412077e-03
3.244695567239264165e+03 1.049805365761802278e+01 1.315409118351582030e-03
3.244697882250265138e+03 1.049565371350458065e+01 1.313077368807905824e-03
3.244700197261267476e+03 1.049850633521350929e+01 1.314843901175578172e-03
3.244702512272268905e+03 1.049733175006614516e+01 1.314840118687926954e-03
3.244704827283270788e+03 1.049973745858059004e+01 1.317219890757152399e-03
3.244707142294271762e+03 1.049497288171448339e+01 1.311597016613237979e-03
3.244709457305040814e+03 1.049841750884876035e+01 1.315588162314388623e-03
3.244711772316044062e+03 1.049531721427808151e+01 1.311721206092883061e-03
3.244714087327046400e+03 1.049601833975313525e+01 1.312240403093673782e-03
3.244716402337813633e+03 1.050033757167327231e+01 1.317620561668613561e-03
3.244718717348815517e+03 1.049878974802403242e+01 1.315624852783140158e-03
3.244721032359585024e+03 1.049282972456730434e+01 1.308414444702902255e-03
3.244723347370587362e+03 1.049659493716489678e+01 1.312806840938007509e-03
3.244725662381355505e+03 1.049410840813363066e+01 1.310375419899426335e-03
3.244727977392123648e+03 1.049947671356427215e+01 1.316209314418847554e-03
3.244730292402893610e+03 1.050133256533575121e+01 1.318001117279660444e-03
3.244732607413895948e+03 1.049674720305260500e+01 1.312674705946164592e-03
3.244734922424665001e+03 1.049855497289207307e+01 1.313854243728396773e-03
3.244737237435433599e+03 1.049652712977619728e+01 1.311979708169620611e-03
3.244739552445969821e+03 1.050244611672792416e+01 1.319739804210007077e-03
3.244741867456737964e+03 1.049866425063542685e+01 1.314634430496375165e-03
3.244744182467507017e+03 1.049854293966912522e+01 1.314358207093198122e-03
3.244746497478276524e+03 1.050077045138572274e+01 1.316615235383103129e-03
3.244748812488813201e+03 1.050476797962642372e+01 1.321296174407017490e-03
3.244751127499582253e+03 1.049907441130698160e+01 1.315488250114556093e-03
3.244753442510117566e+03 1.049885174826195922e+01 1.314668536899839648e-03
3.244755757520887073e+03 1.049800677352253153e+01 1.313715354494141745e-03
3.244758072531423750e+03 1.050418587220696054e+01 1.320578020620453031e-03
3.244760387541959062e+03 1.050139559798600430e+01 1.317372922404635776e-03
3.244762702552727205e+03 1.050165636255751878e+01 1.317727843605738958e-03
3.244765017563263427e+03 1.050217130152687517e+01 1.317455584536445651e-03
3.244767332573800559e+03 1.050056595074973131e+01 1.316073616304318629e-03
3.244769647584337690e+03 1.050066148925470344e+01 1.315965133554851960e-03
3.244771962594873003e+03 1.050280626430299336e+01 1.319373865324024661e-03
3.244774277605409225e+03 1.050076143411500418e+01 1.315884156800022856e-03
3.244776592615711706e+03 1.050370183838765570e+01 1.319411214838283816e-03
3.244778907626247928e+03 1.049855246990754409e+01 1.313665583002342468e-03
3.244781222636784150e+03 1.050078075157004243e+01 1.315607874492328265e-03
3.244783537647087542e+03 1.050277029692772146e+01 1.318464655397768269e-03
3.244785852657623764e+03 1.050441290625962587e+01 1.319890867676875006e-03
3.244788167667927155e+03 1.050486103309627239e+01 1.320385607165360832e-03
3.244790482678464286e+03 1.050336947844441937e+01 1.319291694706929783e-03
3.244792797688767678e+03 1.050211157935318340e+01 1.317577870321114336e-03
3.244795112699070160e+03 1.050309332665525197e+01 1.317721122141875820e-03
3.244797427709372641e+03 1.050510396465397811e+01 1.321922299730469291e-03
3.244799742719676033e+03 1.050314593210202396e+01 1.318845891421550854e-03
3.244802057729980334e+03 1.049885628912812230e+01 1.313421000608738266e-03
3.244804372740283725e+03 1.050442796630681919e+01 1.319695568000198594e-03
3.244806687750587116e+03 1.050216136913014431e+01 1.316577809032054656e-03
3.244809002760889598e+03 1.050876373972421796e+01 1.324710564002037775e-03
3.244811317771192989e+03 1.050484096517535448e+01 1.319730811959676656e-03
3.244813632781264005e+03 1.050220904161539082e+01 1.317308289035718427e-03
3.244815947791567851e+03 1.050551118485784663e+01 1.321214110200116636e-03
3.244818262801870333e+03 1.050782000794068338e+01 1.323255537166254147e-03
3.244820577811939984e+03 1.050086473556773470e+01 1.315802609143807474e-03
3.244822892822010999e+03 1.050788540952841821e+01 1.323310189639445057e-03
3.244825207832314845e+03 1.050473023116441951e+01 1.320085229781670826e-03
3.244827522842386315e+03 1.050664885002329818e+01 1.322519310306427987e-03
3.244829837852455967e+03 1.050161525103485438e+01 1.316237677251983276e-03
3.244832152862525618e+03 1.050598710360390164e+01 1.321109592731654989e-03
3.244834467872596178e+03 1.050311762102404423e+01 1.318500194619958397e-03
3.244836782882666739e+03 1.050822310211382238e+01 1.323347686090007615e-03
3.244839097892738209e+03 1.049978362265764176e+01 1.313610625641120503e-03
3.244841412902807861e+03 1.050374875538312658e+01 1.319085519468409483e-03
3.244843727912879331e+03 1.050504441892607055e+01 1.320416192744563837e-03
3.244846042922716151e+03 1.050432807979187722e+01 1.319599936380171611e-03
3.244848357932786712e+03 1.050464977445040482e+01 1.319165647277879480e-03
3.244850672942625351e+03 1.050414945874449657e+01 1.318988926043129003e-03
3.244852987952695003e+03 1.050486611201827714e+01 1.320471363301131077e-03
3.244855302962532733e+03 1.050620625960230825e+01 1.321331267914958689e-03
3.244857617972602384e+03 1.050904716594433630e+01 1.324617028084757765e-03
3.244859932982440569e+03 1.050735312336541227e+01 1.322152559469503760e-03
3.244862247992278753e+03 1.050314338758478527e+01 1.317308753795048840e-03
3.244864563002116483e+03 1.050933314821417675e+01 1.324939346716367660e-03
3.244866878011954213e+03 1.050046586445037811e+01 1.314428552783333294e-03
3.244869193021791034e+03 1.050122473979118709e+01 1.315813406428955040e-03
3.244871508031628764e+03 1.050706873964630361e+01 1.322042252005206902e-03
3.244873823041467404e+03 1.050730370591051255e+01 1.322570110164799284e-03
3.244876138051071393e+03 1.050628365973482481e+01 1.321181189987202667e-03
3.244878453060909123e+03 1.050614571526290852e+01 1.321279887088841476e-03
3.244880768070746853e+03 1.050575184719419930e+01 1.321075513020616987e-03
3.244883083080351753e+03 1.050544439469832803e+01 1.320402229048041201e-03
3.244885398090190392e+03 1.050284790428712967e+01 1.318281517089931560e-03
3.244887713099794382e+03 1.050389824064880528e+01 1.319375369435416955e-03
3.244890028109399282e+03 1.050555855196454225e+01 1.320629888560134356e-03
3.244892343119236102e+03 1.050462209980620010e+01 1.319437689222564131e-03
3.244894658128841002e+03 1.050219821584370017e+01 1.316318395828606352e-03
3.244896973138446810e+03 1.049871202472544240e+01 1.313283285602246655e-03
3.244899288148051710e+03 1.050305013836856816e+01 1.318171347508505405e-03
3.244901603157655700e+03 1.050295696794045242e+01 1.318383031888839020e-03
3.244903918167260599e+03 1.050300293157367726e+01 1.318682572874887559e-03
3.244906233176632668e+03 1.050292553756491110e+01 1.317776811583378730e-03
3.244908548186237567e+03 1.049994599757170022e+01 1.315500875441012697e-03
3.244910863195841557e+03 1.050630699177325944e+01 1.321119735968454088e-03
3.244913178205213626e+03 1.050275534782176834e+01 1.318352771368851237e-03
3.244915493214818980e+03 1.050243258436435845e+01 1.318356234787292601e-03
3.244917808224191958e+03 1.050024627023114299e+01 1.316123093730153185e-03
3.244920123233797312e+03 1.049880612647728917e+01 1.314286853252750369e-03
3.244922438243168472e+03 1.050369478317268346e+01 1.321140606690853966e-03
3.244924753252539631e+03 1.049963712618078482e+01 1.315864845304857934e-03
3.244927068261911700e+03 1.049499128723319075e+01 1.310582571475906333e-03
3.244929383271283768e+03 1.050107852817200893e+01 1.317565334332329759e-03
3.244931698280655837e+03 1.049654738247505747e+01 1.313196606473292357e-03
3.244934013290027906e+03 1.049634506697529446e+01 1.313367866455880748e-03
3.244936328299400884e+03 1.049366651335217249e+01 1.310464728192355923e-03
3.244938643308772953e+03 1.049570342620975616e+01 1.312927831661238115e-03
3.244940958318145022e+03 1.049826698151415449e+01 1.315450842583199735e-03
3.244943273327284260e+03 1.049548648401182049e+01 1.312900980830459478e-03
3.244945588336655419e+03 1.049502366641694451e+01 1.313495880315450771e-03
3.244947903345793748e+03 1.048826548918692758e+01 1.304964730872239720e-03
3.244950218355165816e+03 1.049178545584251054e+01 1.309773472741963601e-03
3.244952533364305964e+03 1.049529922960832451e+01 1.313504614183030232e-03
3.244954848373445202e+03 1.048698986187639903e+01 1.304639159506341311e-03
3.244957163382584440e+03 1.048946291272718945e+01 1.308374278921443186e-03
3.244959478391723678e+03 1.049050973180386315e+01 1.310901084193024898e-03
3.244961793401095747e+03 1.048721147807839671e+01 1.306058954536721715e-03
3.244964108410002154e+03 1.048764705741215053e+01 1.307013864120600910e-03
3.244966423419140483e+03 1.048868961916868869e+01 1.308764701531280571e-03
3.244968738428279721e+03 1.048138179303344408e+01 1.300248393158428498e-03
3.244971053437418959e+03 1.048338457253357348e+01 1.302496093310489102e-03
3.244973368446559107e+03 1.048399800913211166e+01 1.303192597563621741e-03
3.244975683455465514e+03 1.048264816286973655e+01 1.302825484560119970e-03
3.244977998464604752e+03 1.048255007834134034e+01 1.302527244261082870e-03
3.244980313473510250e+03 1.048227333081740120e+01 1.302727043632085843e-03
3.244982628482415748e+03 1.048012024125958064e+01 1.300156031566159637e-03
3.244984943491554986e+03 1.047916989356210316e+01 1.299620195684053408e-03
3.244987258500462303e+03 1.048216633643460760e+01 1.303221739908637855e-03
3.244989573509368711e+03 1.047934283871244610e+01 1.299869071722106707e-03
3.244991888518275118e+03 1.047790577857277050e+01 1.299586596499707194e-03
3.244994203527180616e+03 1.047784206576934096e+01 1.299053974466880118e-03
3.244996518536087933e+03 1.047535632586041565e+01 1.296000764301354254e-03
3.244998833544994341e+03 1.047372984457993716e+01 1.294504775369529573e-03
3.245001148553899839e+03 1.047627843991695507e+01 1.297801749898051761e-03
3.245003463562573415e+03 1.047500198066186172e+01 1.297599449352044264e-03
3.245005778571478913e+03 1.047070672410166736e+01 1.292835077808299725e-03
3.245008093580386230e+03 1.047225616891016919e+01 1.294685894135966719e-03
3.245010408589060717e+03 1.047188862973532508e+01 1.294785784135308888e-03
3.245012723597734293e+03 1.047060802257657208e+01 1.293616237560029410e-03
3.245015038606639791e+03 1.047410034656470934e+01 1.297588570399809760e-03
3.245017353615313368e+03 1.047013598737903450e+01 1.293876974172474470e-03
3.245019668623986036e+03 1.047304678990341742e+01 1.297648870151742531e-03
3.245021983632659612e+03 1.046392391976119640e+01 1.287281842815738786e-03
3.245024298641333189e+03 1.046379802488835509e+01 1.287221265458662282e-03
3.245026613650006766e+03 1.047121324776339435e+01 1.295222379834378313e-03
3.245028928658681252e+03 1.046536119522764174e+01 1.289931071349216052e-03
3.245031243667354829e+03 1.046763885963106233e+01 1.293211936214099357e-03
3.245033558675795575e+03 1.046504602261863148e+01 1.289582629629793670e-03
3.245035873684469152e+03 1.046198844722816013e+01 1.286698598070462043e-03
3.245038188693141819e+03 1.046256775622843449e+01 1.287544275232439112e-03
3.245040503701581656e+03 1.046376348771930331e+01 1.288296774131730913e-03
3.245042818710255233e+03 1.046262595307974763e+01 1.287925866776862402e-03
3.245045133718696889e+03 1.045786810721409132e+01 1.283003058259139491e-03
3.245047448727137635e+03 1.046057867285595933e+01 1.286341010597837802e-03
3.245049763735578381e+03 1.046031469451873264e+01 1.287019846522129011e-03
3.245052078744018218e+03 1.046018084901550260e+01 1.286384402940908295e-03
3.245054393752459873e+03 1.045745369110766632e+01 1.283721680824070552e-03
3.245056708760899710e+03 1.045979658392225353e+01 1.286756300446884830e-03
3.245059023769340456e+03 1.045719811172619984e+01 1.283627748572411381e-03
3.245061338777781202e+03 1.045714294572060510e+01 1.283701039758565737e-03
3.245063653786221948e+03 1.045720810623246422e+01 1.284439197012217588e-03
3.245065968794430773e+03 1.045269022577641316e+01 1.279406388985511196e-03
3.245068283802871520e+03 1.045782575298470007e+01 1.285271691240850740e-03
3.245070598811079435e+03 1.045641823189385988e+01 1.283672759783193850e-03
3.245072913819519272e+03 1.045513972136558856e+01 1.282484609837670131e-03
3.245075228827726278e+03 1.045427883525471735e+01 1.281893088357644647e-03
3.245077543835934193e+03 1.045080919332502312e+01 1.277625110205851287e-03
3.245079858844375849e+03 1.045198044220980726e+01 1.279713022186648600e-03
3.245082173852583765e+03 1.045386932231958710e+01 1.282013044210102625e-03
3.245084488860791680e+03 1.045220664200405736e+01 1.280530912601097766e-03
3.245086803868998686e+03 1.044615876406446375e+01 1.274496732833218550e-03
3.245089118876974680e+03 1.045199683690314707e+01 1.280015581449809323e-03
3.245091433885181686e+03 1.045115824972288721e+01 1.279836205573026391e-03
3.245093748893389602e+03 1.044569415659767486e+01 1.273109706193409222e-03
3.245096063901596608e+03 1.044831669748459113e+01 1.277089625693198123e-03
3.245098378909572602e+03 1.044755471827166815e+01 1.276538963503085714e-03
3.245100693917780973e+03 1.044651245040707366e+01 1.275538118568161905e-03
3.245103008925756512e+03 1.044552186993644050e+01 1.274216171249340770e-03
3.245105323933730688e+03 1.044803713780646071e+01 1.276957276315890313e-03
3.245107638941937694e+03 1.044535907240309669e+01 1.273975400482244696e-03
3.245109953949913688e+03 1.044501433366378151e+01 1.274117293775245191e-03
3.245112268957888773e+03 1.044845525477111181e+01 1.277722388650946728e-03
3.245114583965863858e+03 1.044592044027689681e+01 1.274508417911457544e-03
3.245116898973838033e+03 1.044432206003403962e+01 1.273236006224613562e-03
3.245119213981813118e+03 1.044766866890186208e+01 1.277907008247755561e-03
3.245121528989789113e+03 1.044654844100182700e+01 1.275305308804484169e-03
3.245123843997532276e+03 1.044876552780724666e+01 1.277998399808515963e-03
3.245126159005505997e+03 1.044526609218665314e+01 1.274160027289890059e-03
3.245128474013247796e+03 1.044322509349012762e+01 1.273264760417592255e-03
3.245130789021222881e+03 1.044383042313909726e+01 1.273042333513046227e-03
3.245133104028965136e+03 1.044604023713542773e+01 1.275749581058372925e-03
3.245135419036940220e+03 1.044399030929630356e+01 1.273911281839808620e-03
3.245137734044682929e+03 1.044481844631432033e+01 1.274995112785310292e-03
3.245140049052424729e+03 1.044098867528998831e+01 1.271078743828310499e-03
3.245142364060166983e+03 1.044055685023598912e+01 1.270722721575097370e-03
3.245144679067909237e+03 1.044344304485871433e+01 1.274223338820997409e-03
3.245146994075651492e+03 1.044512041593277374e+01 1.276357938642632903e-03
3.245149309083393746e+03 1.044556256667409855e+01 1.276164939929959156e-03
3.245151624091135091e+03 1.044495592140636475e+01 1.275421180421283055e-03
3.245153939098643605e+03 1.044582942624527533e+01 1.276747676389425974e-03
3.245156254106387678e+03 1.044260675436327901e+01 1.272746462020320386e-03
3.245158569113897101e+03 1.044020972924426260e+01 1.271122179330880621e-03
3.245160884121639356e+03 1.044109519351368753e+01 1.271483115545384577e-03
3.245163199129147870e+03 1.044054571797233599e+01 1.271102364620155982e-03
3.245165514136889215e+03 1.044037184280561981e+01 1.270472121952135377e-03
3.245167829144398638e+03 1.044186437617511842e+01 1.272315427956568611e-03
3.245170144151908971e+03 1.043897063000645886e+01 1.269653871263782619e-03
3.245172459159418395e+03 1.044122972903956992e+01 1.271981733246607899e-03
3.245174774166927818e+03 1.044105232333371269e+01 1.271320822045460828e-03
3.245177089174437242e+03 1.044019190188974555e+01 1.271139011117722317e-03
3.245179404181946666e+03 1.044006761485986878e+01 1.270852456712240775e-03
3.245181719189223259e+03 1.044287607354678293e+01 1.274099325788714690e-03
3.245184034196732682e+03 1.044173404249819193e+01 1.272018156382407868e-03
3.245186349204241196e+03 1.043929593027793779e+01 1.270172070764763158e-03
3.245188664211517789e+03 1.044273768061134078e+01 1.274121848623068973e-03
3.245190979219027213e+03 1.043821251911865922e+01 1.268750922853594020e-03
3.245193294226304715e+03 1.044153984411700264e+01 1.271948315351443051e-03
3.245195609233581308e+03 1.044230075512147593e+01 1.273379751857524203e-03
3.245197924240856992e+03 1.043930929911367400e+01 1.269396080138087681e-03
3.245200239248132675e+03 1.043834451010703646e+01 1.270093266760224070e-03
3.245202554255410178e+03 1.044244737978723769e+01 1.273809395573172838e-03
3.245204869262686771e+03 1.043958680353021506e+01 1.270465870557488863e-03
3.245207184269963363e+03 1.043843880642001842e+01 1.268930118546175842e-03
3.245209499277239047e+03 1.044038504863335781e+01 1.271093309836418073e-03
3.245211814284516549e+03 1.043876360893987076e+01 1.269172574851372718e-03
3.245214129291561221e+03 1.044261364402691150e+01 1.272553523789801948e-03
3.245216444298836905e+03 1.044116825430846340e+01 1.272219500708592641e-03
3.245218759305879757e+03 1.044616207533343832e+01 1.277594325017852427e-03
3.245221074313156350e+03 1.044189452437725762e+01 1.272509033916745507e-03
3.245223389320200113e+03 1.044125472260629550e+01 1.271677032013906637e-03
3.245225704327244785e+03 1.044069154909446517e+01 1.271264379684537964e-03
3.245228019334287637e+03 1.044547046712704130e+01 1.276498111617503694e-03
3.245230334341332309e+03 1.044213012004581564e+01 1.272675935709116114e-03
3.245232649348375162e+03 1.044277206519718959e+01 1.273576774341103179e-03
3.245234964355418924e+03 1.044189333991336532e+01 1.273602336562611528e-03
3.245237279362462687e+03 1.044231216429236042e+01 1.273285445677622280e-03
3.245239594369506449e+03 1.044497095333866987e+01 1.275903271861143946e-03
3.245241909376550211e+03 1.044336340420373510e+01 1.273670594818426252e-03
3.245244224383360233e+03 1.044627277464346449e+01 1.276930539056859385e-03
3.245246539390403996e+03 1.044282867113567725e+01 1.273511256816918383e-03
3.245248854397215837e+03 1.044136839730853872e+01 1.271425248374685691e-03
3.245251169404026768e+03 1.043880227876936750e+01 1.268367076716776440e-03
3.245253484411069621e+03 1.043899733891671033e+01 1.269093490563586281e-03
3.245255799417880553e+03 1.043972323747608755e+01 1.269817591363676034e-03
3.245258114424691939e+03 1.044077571243713543e+01 1.271076960646710073e-03
3.245260429431503326e+03 1.044463132132797512e+01 1.275725437992161542e-03
3.245262744438313348e+03 1.044410537283181739e+01 1.274330742232640751e-03
3.245265059445124280e+03 1.044453469710261651e+01 1.274374673818070344e-03
3.245267374451701926e+03 1.044663424082238379e+01 1.276484743709971684e-03
3.245269689458514222e+03 1.044462898920387239e+01 1.273918163599221595e-03
3.245272004465325153e+03 1.044151533440488677e+01 1.271741245478481786e-03
3.245274319471902345e+03 1.044214019176827435e+01 1.271629032120234239e-03
3.245276634478713277e+03 1.044275197360053298e+01 1.272638287640529215e-03
3.245278949485290468e+03 1.044246915512120921e+01 1.271893337748313760e-03
3.245281264491869024e+03 1.044132021262887378e+01 1.271005600878690302e-03
3.245283579498446670e+03 1.044121336439949665e+01 1.271374054686948791e-03
3.245285894505258057e+03 1.044251306448281724e+01 1.272131133487076557e-03
3.245288209511835703e+03 1.043953119511328076e+01 1.268500466920054800e-03
3.245290524518413804e+03 1.044454443705396329e+01 1.274713116746176546e-03
3.245292839524759074e+03 1.044694211470983802e+01 1.276195061548137397e-03
3.245295154531337175e+03 1.044131782113769447e+01 1.271171322865120249e-03
3.245297469537915276e+03 1.044579323830060424e+01 1.275709137337769934e-03
3.245299784544493377e+03 1.044503627114398370e+01 1.275280888700570979e-03
3.245302099550838648e+03 1.044765775812745723e+01 1.278905551410198203e-03
3.245304414557184828e+03 1.044370511166048843e+01 1.273402063305787563e-03
3.245306729563762474e+03 1.044214318182083900e+01 1.272020649897942328e-03
3.245309044570107289e+03 1.044582489809759274e+01 1.276324940703732914e-03
3.245311359576451650e+03 1.044286713158813384e+01 1.272563339054645030e-03
3.245313674583030661e+03 1.044683428359905264e+01 1.277006355241593755e-03
3.245315989589375931e+03 1.044935160642754823e+01 1.279811249811971295e-03
3.245318304595488371e+03 1.044288546026628595e+01 1.272699758526506979e-03
3.245320619601832732e+03 1.044458310089985886e+01 1.274983587766799356e-03
3.245322934608178002e+03 1.044611428452220991e+01 1.276066786061868553e-03
3.245325249614524182e+03 1.044326776587554662e+01 1.272711685314516878e-03
3.245327564620869452e+03 1.044726992851081171e+01 1.277833998523651270e-03
3.245329879626981892e+03 1.044619294495979034e+01 1.276600875615217833e-03
3.245332194633093422e+03 1.044490742884815404e+01 1.274847849099770706e-03
3.245334509639438693e+03 1.044322605446274110e+01 1.272629471321421943e-03
3.245336824645551133e+03 1.044579764344706696e+01 1.275733834358272175e-03
3.245339139651662663e+03 1.044822453975034549e+01 1.278142487794132250e-03
3.245341454658008843e+03 1.044317363800305642e+01 1.272825285249292284e-03
3.245343769664121282e+03 1.044501548979157768e+01 1.274301206075207065e-03
3.245346084670233722e+03 1.044346311807325911e+01 1.273675886492426062e-03
3.245348399676113331e+03 1.044779329573655247e+01 1.277757024728169190e-03
3.245350714682225771e+03 1.044897190355606931e+01 1.278579060974151683e-03
3.245353029688338211e+03 1.044855147078970603e+01 1.278570642915682421e-03
3.245355344694449741e+03 1.044559465544764976e+01 1.274974535662691403e-03
3.245357659700329350e+03 1.044747568244683578e+01 1.278368205099112385e-03
3.245359974706441790e+03 1.044383151308135105e+01 1.273213279804764463e-03
3.245362289712322308e+03 1.044417709684262263e+01 1.273682987933832987e-03
3.245364604718201463e+03 1.044565005006682057e+01 1.275497694675244197e-03
3.245366919724080617e+03 1.044532000385363979e+01 1.275119769256651122e-03
3.245369234730192147e+03 1.044811228266347669e+01 1.277868429161052978e-03
3.245371549736072666e+03 1.044523054118340077e+01 1.274993440088817908e-03
3.245373864741952275e+03 1.044765759894350232e+01 1.277842140154465678e-03
3.245376179747830975e+03 1.044534174195955067e+01 1.275249999676268198e-03
3.245378494753477753e+03 1.044504404212201543e+01 1.274944889450620655e-03
3.245380809759358272e+03 1.044582894785173011e+01 1.276257807452818626e-03
3.245383124765238790e+03 1.044591744556548640e+01 1.276136328631316368e-03
3.245385439770884659e+03 1.044467408848776380e+01 1.275131161938377732e-03
3.245387754776764268e+03 1.044526815645628659e+01 1.274891587438567626e-03
3.245390069782410137e+03 1.044167809978144135e+01 1.271496298462677530e-03
3.245392384788056916e+03 1.044682434144914929e+01 1.277966881312904554e-03
3.245394699793937434e+03 1.044781924517925020e+01 1.278827794764415045e-03
3.245397014799583303e+03 1.044521084348240159e+01 1.275256768459500679e-03
3.245399329805230536e+03 1.044922467445728209e+01 1.280353444532458937e-03
3.245401644810876860e+03 1.044077390125853810e+01 1.270755624338367612e-03
3.245403959816523638e+03 1.044321403375780832e+01 1.273027280565172800e-03
3.245406274821937586e+03 1.044410002907103063e+01 1.273968145306692565e-03
3.245408589827584365e+03 1.044279796565065155e+01 1.273278454612099351e-03
3.245410904833231143e+03 1.044244241719457733e+01 1.272677694791565913e-03
3.245413219838644181e+03 1.044537949106834240e+01 1.275951611649623740e-03
3.245415534844291415e+03 1.043865082574084724e+01 1.268626226404533271e-03
3.245417849849706727e+03 1.043998436520097428e+01 1.269534387687971900e-03
3.245420164855119765e+03 1.044275846471389002e+01 1.273691302157700092e-03
3.245422479860533713e+03 1.044214017520276272e+01 1.272734239113495255e-03
3.245424794866179582e+03 1.044635249164095292e+01 1.278143637487371949e-03
3.245427109871593984e+03 1.044097926768440843e+01 1.272509557450809264e-03
3.245429424877008387e+03 1.044458002136309638e+01 1.275779455897794231e-03
3.245431739882187685e+03 1.044398929406628795e+01 1.274851164655179054e-03
3.245434054887601633e+03 1.043910542735373603e+01 1.269590378478305682e-03
3.245436369900699901e+03 1.044137309803542379e+01 1.272501142700807652e-03
3.245438684905881018e+03 1.044154149489753891e+01 1.272275022831873556e-03
3.245440999911295876e+03 1.043945518164268549e+01 1.271026332698803806e-03
3.245443314916476083e+03 1.044220964591091594e+01 1.273384804049676033e-03
3.245445629921889122e+03 1.043927535473235935e+01 1.271370848545690709e-03
3.245447944927070239e+03 1.044445043509996651e+01 1.275912653543957590e-03
3.245450259932252266e+03 1.044214770011616622e+01 1.273851675019917673e-03
3.245452574937432928e+03 1.043950889105551383e+01 1.270702930908007003e-03
3.245454889942614500e+03 1.043785765254838438e+01 1.269488990847383782e-03
3.245457204947794708e+03 1.043980821336372955e+01 1.270927252579185252e-03
3.245459519952976734e+03 1.043910585834616889e+01 1.271214942924687877e-03
3.245461834958157851e+03 1.043587141285568265e+01 1.267025463524330863e-03
3.245464149963106138e+03 1.043819000977854650e+01 1.270489066707039495e-03
3.245466464968286346e+03 1.043148649346897372e+01 1.262400130389261348e-03
3.245468779973466553e+03 1.043592125507717228e+01 1.267594093532197104e-03
3.245471094978415749e+03 1.043972929162715957e+01 1.273056893853302413e-03
3.245473409983364945e+03 1.043673794509010655e+01 1.269304050189003306e-03
3.245475724988545153e+03 1.043334131355768868e+01 1.265578540051147524e-03
3.245478039993493439e+03 1.043904764433774446e+01 1.271438504186973807e-03
3.245480354998441726e+03 1.043471911657693063e+01 1.267231371934429609e-03
3.245482670003389103e+03 1.043305186494297665e+01 1.265870357668304365e-03
3.245484985008338299e+03 1.043545897427664215e+01 1.268510482732802553e-03
3.245487300013052845e+03 1.043594854843592401e+01 1.269395904569154158e-03
3.245489615018001132e+03 1.043482745346399021e+01 1.267889818556774137e-03
3.245491930022950328e+03 1.043387636562725973e+01 1.266795967313245593e-03
3.245494245027665784e+03 1.043119221527273233e+01 1.264447296552637405e-03
3.245496560032614070e+03 1.043074384230581764e+01 1.264308630134000112e-03
3.245498875037328617e+03 1.043532250313569421e+01 1.269387715060541670e-03
3.245501190042044072e+03 1.043062956903612815e+01 1.264578410538880595e-03
3.245503505046991449e+03 1.042746919527760774e+01 1.261915821871025835e-03
3.245505820051706905e+03 1.042599425143717085e+01 1.260684896067804789e-03
3.245508135056423271e+03 1.042592521552258944e+01 1.260279713162746956e-03
3.245510450061138727e+03 1.042765553504246334e+01 1.262649077228413788e-03
3.245512765065854182e+03 1.042358016456052283e+01 1.258342410093471085e-03
3.245515080070336808e+03 1.042297434544005164e+01 1.257823712334526578e-03
3.245517395075053173e+03 1.042215484811017667e+01 1.257591905369478133e-03
3.245519710079767719e+03 1.042797142922561981e+01 1.264351012933915153e-03
3.245522025084249435e+03 1.042112351358018962e+01 1.255877262492893819e-03
3.245524340088964891e+03 1.041964169556593589e+01 1.254703550780295745e-03
3.245526655093447062e+03 1.041983220530600462e+01 1.256217091234943005e-03
3.245528970097931051e+03 1.042255957246628917e+01 1.258663726675118876e-03
3.245531285102646507e+03 1.041627586554255558e+01 1.252981773262627557e-03
3.245533600107128223e+03 1.041966047248533833e+01 1.256672656495036629e-03
3.245535915111610848e+03 1.042058437808909410e+01 1.258111581800487253e-03
3.245538230116093018e+03 1.041696454513363967e+01 1.254204671802593455e-03
3.245540545120343268e+03 1.041530756417283854e+01 1.253333361398999190e-03
3.245542860124825893e+03 1.041709464656215012e+01 1.255025607712799245e-03
3.245545175129307609e+03 1.042049739481178960e+01 1.259230276998780755e-03
3.245547490133558313e+03 1.041425627347619454e+01 1.253248548671715692e-03
3.245549805138040938e+03 1.041424369690706975e+01 1.252888181677058125e-03
3.245552120142290732e+03 1.041257594570979172e+01 1.251084132644887008e-03
3.245554435146773358e+03 1.040986069894224109e+01 1.248148680185971054e-03
3.245556750151022243e+03 1.041043947717717977e+01 1.249406500310177399e-03
3.245559065155271128e+03 1.041290530916045043e+01 1.252324368674111394e-03
3.245561380159521832e+03 1.040810341459645727e+01 1.247236756038959393e-03
3.245563695163771627e+03 1.041068488267558578e+01 1.251323066732575777e-03
3.245566010168022331e+03 1.040854670175068364e+01 1.248063509879975474e-03
3.245568325172271216e+03 1.040475435038708163e+01 1.245260464672326862e-03
3.245570640176289089e+03 1.040770724468444719e+01 1.247707953977791103e-03
3.245572955180538884e+03 1.040862922033981341e+01 1.249675924283206400e-03
3.245575270184554938e+03 1.040376415062183391e+01 1.244734203514383025e-03
3.245577585188804733e+03 1.041053245535137250e+01 1.252500372058078714e-03
3.245579900192820787e+03 1.040220519415684208e+01 1.243081611024096384e-03
3.245582215197071037e+03 1.040371402841393333e+01 1.244729339063013968e-03
3.245584530201089365e+03 1.040371797513088836e+01 1.244316026105814427e-03
3.245586845205106329e+03 1.040726248553352740e+01 1.248871891503169169e-03
3.245589160209122383e+03 1.040270440713790556e+01 1.245023885025094059e-03
3.245591475213139347e+03 1.040334111216658641e+01 1.244791703938380760e-03
3.245593790217156311e+03 1.039923996935997685e+01 1.241360391575312486e-03
3.245596105220940444e+03 1.040045047886155061e+01 1.242187400067541660e-03
3.245598420224956499e+03 1.039827222320786682e+01 1.239961236833398740e-03
3.245600735228972553e+03 1.040098446370719998e+01 1.243122820250647286e-03
3.245603050232757596e+03 1.040008308474352816e+01 1.242411961116514406e-03
3.245605365236542639e+03 1.040215814695640795e+01 1.244463474136328195e-03
3.245607680240558693e+03 1.040269998919011485e+01 1.244969251393663549e-03
3.245609995244342826e+03 1.040138818551357858e+01 1.243979478578721883e-03
3.245612310248126505e+03 1.039952382577813417e+01 1.242049908968106790e-03
3.245614625251910184e+03 1.039843991503339282e+01 1.240920592277098850e-03
3.245616940255695226e+03 1.040117736633384382e+01 1.243748902223133041e-03
3.245619255259479360e+03 1.039871153032937912e+01 1.241613580186232092e-03
3.245621570263263038e+03 1.039957201510578422e+01 1.242414139129552342e-03
3.245623885267047626e+03 1.039888021484313185e+01 1.241813571079789826e-03
3.245626200270598929e+03 1.039770461467725227e+01 1.240202520268257006e-03
3.245628515274383062e+03 1.040351754735836565e+01 1.246294212582538165e-03
3.245630830277934365e+03 1.039624383184602330e+01 1.238918900517443911e-03
3.245633145281717589e+03 1.039794326710979888e+01 1.240420487665775057e-03
3.245635460285268891e+03 1.039666796945922300e+01 1.239927539276493513e-03
3.245637775288820194e+03 1.039813497110159979e+01 1.241177423642073887e-03
3.245640090292371951e+03 1.039460243521336480e+01 1.238793091946443700e-03
3.245642405295923709e+03 1.039775259381176120e+01 1.240691001655436351e-03
3.245644720299474102e+03 1.039609150039084184e+01 1.239560923755338943e-03
3.245647035303025405e+03 1.039477519592255206e+01 1.237689857162838688e-03
3.245649350306576707e+03 1.039315378489519048e+01 1.236243947151658903e-03
3.245651665309895179e+03 1.039175939263275339e+01 1.234930286242804385e-03
3.245653980313445572e+03 1.039321851648372785e+01 1.236812674103899331e-03
3.245656295316764044e+03 1.039317104051069407e+01 1.237653144903153512e-03
3.245658610320316257e+03 1.039499783968157232e+01 1.238494028166522423e-03
3.245660925323634729e+03 1.039567983935372553e+01 1.239579207699293079e-03
3.245663240326953201e+03 1.039267131143749268e+01 1.237439795952033784e-03
3.245665555330271673e+03 1.039018591940084946e+01 1.234151359388955833e-03
3.245667870333589235e+03 1.039183095456383832e+01 1.236280286894948094e-03
3.245670185336907707e+03 1.039153219892624591e+01 1.236210454072207525e-03
3.245672500340226179e+03 1.039342696781307041e+01 1.238681251908968451e-03
3.245674815343544651e+03 1.038785871614773271e+01 1.233364212126109895e-03
3.245677130346863123e+03 1.038713259183300330e+01 1.232160036453995794e-03
3.245679445349948764e+03 1.038524518527474250e+01 1.229926075491116939e-03
3.245681760353267236e+03 1.038956175410700666e+01 1.235328660053191955e-03
3.245684075356353787e+03 1.039131088937212688e+01 1.237253562499566247e-03
3.245686390359671350e+03 1.038641057953163660e+01 1.231504448502502734e-03
3.245688705362756536e+03 1.038940476036655802e+01 1.235583036131517867e-03
3.245691020365841723e+03 1.038786558384364866e+01 1.234038215663480365e-03
3.245693335368928274e+03 1.039229920762160830e+01 1.238966576676931450e-03
3.245695650372013915e+03 1.038798528221851214e+01 1.234275706459143310e-03
3.245697965375099557e+03 1.038945391655381201e+01 1.236333606832268946e-03
3.245700280378185198e+03 1.038826295220785845e+01 1.234691481913490017e-03
3.245702595381269930e+03 1.038720552837510169e+01 1.233713469834721039e-03
3.245704910384122741e+03 1.038920911365767275e+01 1.235383646717023954e-03
3.245707225387209292e+03 1.038894864144448604e+01 1.235632233123113658e-03
3.245709540390061193e+03 1.038592930942434478e+01 1.233133965733789351e-03
3.245711855393146834e+03 1.038888665879523288e+01 1.235630691263646299e-03
3.245714170395999645e+03 1.038763162623025238e+01 1.235272699065504201e-03
3.245716485398853365e+03 1.038700453144825886e+01 1.233606155276566934e-03
3.245718800401706176e+03 1.038424479728107030e+01 1.230885629077628019e-03
3.245721115404558077e+03 1.038368713722654491e+01 1.231433826114478134e-03
3.245723430407410888e+03 1.038197198586237668e+01 1.229066547297060115e-03
3.245725745410262789e+03 1.038646034957175779e+01 1.233626120522578282e-03
3.245728060413116054e+03 1.038036881739307482e+01 1.227949220684151389e-03
3.245730375415969320e+03 1.038286228082541918e+01 1.230365807204593723e-03
3.245732690418589300e+03 1.038329860937959204e+01 1.230794049871786937e-03
3.245735005421441201e+03 1.038005144678605873e+01 1.227072284911452345e-03
3.245737320424062091e+03 1.038676123200753665e+01 1.233797880599451016e-03
3.245739635426914901e+03 1.038579712934194887e+01 1.233447717956874003e-03
3.245741950429534882e+03 1.038364949738880227e+01 1.231054235934909069e-03
3.245744265432153952e+03 1.038229008659429198e+01 1.229840318534855884e-03
3.245746580434773477e+03 1.038644388045764089e+01 1.234076649574643823e-03
3.245748895437393912e+03 1.038129566329008568e+01 1.228679004061430328e-03
3.245751210440014802e+03 1.038622026052792968e+01 1.233606595584453439e-03
3.245753525442634782e+03 1.038299186659798323e+01 1.230494690755878223e-03
3.245755840445253853e+03 1.038503094718430475e+01 1.232232280889010607e-03
3.245758155447640092e+03 1.038153638511268895e+01 1.229234207331601162e-03
3.245760470450260982e+03 1.038364371421747556e+01 1.231215869952362665e-03
3.245762785452648131e+03 1.038252828285308738e+01 1.229096075759845714e-03
3.245765100455267202e+03 1.038337071291609526e+01 1.231601447581036173e-03
3.245767415457654351e+03 1.038409292049093402e+01 1.231084357557822671e-03
3.245769730460041501e+03 1.038396871385064912e+01 1.231298469683205984e-03
3.245772045462428650e+03 1.038420180743343302e+01 1.231701889346535628e-03
3.245774360464816709e+03 1.038072416819864330e+01 1.227561530944791231e-03
3.245776675467203859e+03 1.038482909214369343e+01 1.231752350168244465e-03
3.245778990469590099e+03 1.038176898580088192e+01 1.228900396870977922e-03
3.245781305471977248e+03 1.038585132436867298e+01 1.233877389662224773e-03
3.245783620474365307e+03 1.038575616144948199e+01 1.232596409936326720e-03
3.245785935476518716e+03 1.038331525180984016e+01 1.230805762608156058e-03
3.245788250478905866e+03 1.038301131055170146e+01 1.230468769810955185e-03
3.245790565481060185e+03 1.038831274553284700e+01 1.236051575952484653e-03
3.245792880483448243e+03 1.038848832214491580e+01 1.235897118121093759e-03
3.245795195485601653e+03 1.038703376644674492e+01 1.233057939763899154e-03
3.245797510487755972e+03 1.038468728762321547e+01 1.231454163047509620e-03
3.245799825489910290e+03 1.038545477006836215e+01 1.232046673344051185e-03
3.245802140492063700e+03 1.039046793117707601e+01 1.237079978240233479e-03
3.245804455494218018e+03 1.038308194385867189e+01 1.229887281975936561e-03
3.245806770496373247e+03 1.038200665066649897e+01 1.228303097884446242e-03
3.245809085498527566e+03 1.038918449378649633e+01 1.235853273709098870e-03
3.245811400500448144e+03 1.038752509260495671e+01 1.234504855904189303e-03
3.245813715502602463e+03 1.038965405428920796e+01 1.235905206495679096e-03
3.245816030504523951e+03 1.038687362560158789e+01 1.232970558357815612e-03
3.245818345506679179e+03 1.038652047680145429e+01 1.232636303727847622e-03
3.245820660508599758e+03 1.038792913999771628e+01 1.233366406504772181e-03
3.245822975510521246e+03 1.038682410572588211e+01 1.233151012088608582e-03
3.245825290512442734e+03 1.038933449201649672e+01 1.235232511022345487e-03
3.245827605514365132e+03 1.038401768170970918e+01 1.229515091208883363e-03
3.245829920516285711e+03 1.038978985285820400e+01 1.234782287220702757e-03
3.245832235518207199e+03 1.039024806636146891e+01 1.236043764270771273e-03
3.245834550520128687e+03 1.038723477209536483e+01 1.233324310184673355e-03
3.245836865522050175e+03 1.039145948790363505e+01 1.237134454353727795e-03
3.245839180523738833e+03 1.038920265444087931e+01 1.234882806087880119e-03
3.245841495525660321e+03 1.038991359675223336e+01 1.235597959789740694e-03
3.245843810527348069e+03 1.038539833173071969e+01 1.231064032653848622e-03
3.245846125529269557e+03 1.039408322440477050e+01 1.239166511149017522e-03
3.245848440530959124e+03 1.039236415628604426e+01 1.236900473836504083e-03
3.245850755532647781e+03 1.038980709235407929e+01 1.235288906065483243e-03
3.245853070534336439e+03 1.039032970998627015e+01 1.235460505837258222e-03
3.245855385536024187e+03 1.039036010572717394e+01 1.234976630316162154e-03
3.245857700537711935e+03 1.039019206668009865e+01 1.235019083353039058e-03
3.245860015539401047e+03 1.039104274610928513e+01 1.236282819421867605e-03
3.245862330541090159e+03 1.039486605838622424e+01 1.239629833344187831e-03
3.245864645542779726e+03 1.039236262289911039e+01 1.236581710855175339e-03
3.245866960544234644e+03 1.039246543356054708e+01 1.236608237836512789e-03
3.245869275545923301e+03 1.039565585900150246e+01 1.239717284783332539e-03
3.245871590547379128e+03 1.039904186352798199e+01 1.243172061057214476e-03
3.245873905549067786e+03 1.039182182540520216e+01 1.235636086476972744e-03
3.245876220550522703e+03 1.039268436516150018e+01 1.236289657381934486e-03
3.245878535551977620e+03 1.039541203538241554e+01 1.239888576298579575e-03
3.245880850553434357e+03 1.039594534836594164e+01 1.239264129699238666e-03
3.245883165554891093e+03 1.039557688640058331e+01 1.239026583716328804e-03
3.245885480556346920e+03 1.039643645368099456e+01 1.240660761018687287e-03
3.245887795557802747e+03 1.039665313639221722e+01 1.239901980234159968e-03
3.245890110559257664e+03 1.039623375592165999e+01 1.239686586101519574e-03
3.245892425560480660e+03 1.039816064655723338e+01 1.240900748758954654e-03
3.245894740561937397e+03 1.039276746807435892e+01 1.236261069534274389e-03
3.245897055563158574e+03 1.039644999004533332e+01 1.239369407393674282e-03
3.245899370564615310e+03 1.040216945223411926e+01 1.245358826250668374e-03
3.245901685565838307e+03 1.040107155891326762e+01 1.244882281451134423e-03
3.245904000567294133e+03 1.040140987734525346e+01 1.244577431048867356e-03
3.245906315568517130e+03 1.039643756336781522e+01 1.239187269514599324e-03
3.245908630569740126e+03 1.039899581394036332e+01 1.242355859549108214e-03
3.245910945570962213e+03 1.040048030185282535e+01 1.243114651977856493e-03
3.245913260572185209e+03 1.040048933357359573e+01 1.243685419956938815e-03
3.245915575573408205e+03 1.040062208317116799e+01 1.243492408734326454e-03
3.245917890574399280e+03 1.040268617363140180e+01 1.246587392311082447e-03
3.245920205575622276e+03 1.039783378301232908e+01 1.240530357589825043e-03
3.245922520576845272e+03 1.040204562688393786e+01 1.245084000255449776e-03
3.245924835577834983e+03 1.039800169665486074e+01 1.240452118435003302e-03
3.245927150579058434e+03 1.040289450976366936e+01 1.245278611521442478e-03
3.245929465580047690e+03 1.040678548858982033e+01 1.249528567987479065e-03
3.245931780581037856e+03 1.040392388695523529e+01 1.246930356754786346e-03
3.245934095582027112e+03 1.039875306117184550e+01 1.242549650855053357e-03
3.245936410583018187e+03 1.040183622766672933e+01 1.244579984112974703e-03
3.245938725584242093e+03 1.040004128816962314e+01 1.243193387371571961e-03
3.245941040584999428e+03 1.039993090964894762e+01 1.242410251727407581e-03
3.245943355585988684e+03 1.040236042959784513e+01 1.244765090219430775e-03
3.245945670586978849e+03 1.040173138689760357e+01 1.244445337484940441e-03
3.245947985587968105e+03 1.039966892386159714e+01 1.242515454575602229e-03
3.245950300588726350e+03 1.039669762272673026e+01 1.239586172620825173e-03
3.245952615589715606e+03 1.039910206857129715e+01 1.242753714624755725e-03
3.245954930590472941e+03 1.039810156832245625e+01 1.241007663868862144e-03
3.245957245591464016e+03 1.040103495819599821e+01 1.244575719620847438e-03
3.245959560592222260e+03 1.039935103076120626e+01 1.242538898649118507e-03
3.245961875592978686e+03 1.040067799820308636e+01 1.243336978107764538e-03
3.245964190593735111e+03 1.039915499466463089e+01 1.242342027207149306e-03
3.245966505594492446e+03 1.039972856773546006e+01 1.242634082924295525e-03
3.245968820595249781e+03 1.039929400668488313e+01 1.241916365508552271e-03
3.245971135596007116e+03 1.040154475982971860e+01 1.244898592680125388e-03
3.245973450596765360e+03 1.039721191196260364e+01 1.241220992385160937e-03
3.245975765597522695e+03 1.039888567254948626e+01 1.242268319505350493e-03
3.245978080598046290e+03 1.039881786913224815e+01 1.242758191930765392e-03
3.245980395598804080e+03 1.039951804574088889e+01 1.243317541030997423e-03
3.245982710599328129e+03 1.040006761126917390e+01 1.244302485984012663e-03
3.245985025600084555e+03 1.040093699059875476e+01 1.244120298746109700e-03
3.245987340600609059e+03 1.039872636434483866e+01 1.243659802568295716e-03
3.245989655601134018e+03 1.039699236492638690e+01 1.240444923865164977e-03
3.245991970601891808e+03 1.039578885685529919e+01 1.239255582244549320e-03
3.245994285602417222e+03 1.039792418735149049e+01 1.242138936224011564e-03
3.245996600602940816e+03 1.039658802209654631e+01 1.241092308575014996e-03
3.245998915603465321e+03 1.039359622722937715e+01 1.238120356327421017e-03
3.246001230603989825e+03 1.039114525540683687e+01 1.235211740824737224e-03
3.246003545604280589e+03 1.039267571383080480e+01 1.237306191749003477e-03
3.246005860604805093e+03 1.039271861352121107e+01 1.237362473739572408e-03
3.246008175605328688e+03 1.039589949580527772e+01 1.241069350002973679e-03
3.246010490605621271e+03 1.039411661421502586e+01 1.238689649816955085e-03
3.246012805606146685e+03 1.039261052208968827e+01 1.237270603696546262e-03
3.246015120606438359e+03 1.039077663916917693e+01 1.236121966769302815e-03
3.246017435606729123e+03 1.039232587775612693e+01 1.237361929033022794e-03
3.246019750607252718e+03 1.039401416154418278e+01 1.239770774761781271e-03
3.246022065607544391e+03 1.039300470563055612e+01 1.237114604689321931e-03
3.246024380607836065e+03 1.039515634289718271e+01 1.241228668901200524e-03
3.246026695608127739e+03 1.039199782360264912e+01 1.237701601160415190e-03
3.246029010608420322e+03 1.039271382437875602e+01 1.238804827122183929e-03
3.246031325608711995e+03 1.038839700592971838e+01 1.234640901577715869e-03
3.246033640608770838e+03 1.038835761416872572e+01 1.234764483995568624e-03
3.246035955609063421e+03 1.039164487247095003e+01 1.237526705636189531e-03
3.246038270609354186e+03 1.038443973336606874e+01 1.230806372649695694e-03
3.246040585609412119e+03 1.038919624911060602e+01 1.236171090501232911e-03
3.246042900609703793e+03 1.038541997048344001e+01 1.233888509562611983e-03
3.246045215609762636e+03 1.038477388869847040e+01 1.231580489283545018e-03
3.246047530609821933e+03 1.038357315172873996e+01 1.231045702876151218e-03
3.246049845610114062e+03 1.038188818498508681e+01 1.229903354443577859e-03
3.246052160610172905e+03 1.038350874753146691e+01 1.231480941147577264e-03
3.246054475610230838e+03 1.038207317469091606e+01 1.231268679207854228e-03
3.246056790610289681e+03 1.038349780729031480e+01 1.231889002888656012e-03
3.246059105610348524e+03 1.038262833368390758e+01 1.231187986014993952e-03
3.246061420610407367e+03 1.037677696810286321e+01 1.225215657001477729e-03
3.246063735610232470e+03 1.038429876912664973e+01 1.232143643317165811e-03
3.246066050610292223e+03 1.038353101282141644e+01 1.232842664888122042e-03
3.246068365610351975e+03 1.037704222768809359e+01 1.226784015586377535e-03
3.246070680610177533e+03 1.037655084504218017e+01 1.225591106388008913e-03
3.246072995610235921e+03 1.037986518481446474e+01 1.229247401867048688e-03
3.246075310610061024e+03 1.037546269869229398e+01 1.224660987622567306e-03
3.246077625610119867e+03 1.038002215663818717e+01 1.230047038455328286e-03
3.246079940609946789e+03 1.037841007293032902e+01 1.228653861874903167e-03
3.246082255609771892e+03 1.037734701244577096e+01 1.226813056184620967e-03
3.246084570609597904e+03 1.037700709538673749e+01 1.227056670422803234e-03
3.246086885609424826e+03 1.037583762832352363e+01 1.226225282893376100e-03
3.246089200609250838e+03 1.037344236166972067e+01 1.223663740081190826e-03
3.246091515609076851e+03 1.037367441154915326e+01 1.224084094640443118e-03
3.246093830608901953e+03 1.037158761682805164e+01 1.222107753911062539e-03
3.246096145608727511e+03 1.037149783467775777e+01 1.223899808383643309e-03
3.246098460608553069e+03 1.037057329705530506e+01 1.221768167131799315e-03
3.246100775608146250e+03 1.036982079675373036e+01 1.221129580077003410e-03
3.246103090607973172e+03 1.036911303496666292e+01 1.221162501972703884e-03
3.246105405607567263e+03 1.036885369331011830e+01 1.220831355524897412e-03
3.246107720607392366e+03 1.036943897347317289e+01 1.221262017369434101e-03
3.246110035606985548e+03 1.037221852163772340e+01 1.224338358261784767e-03
3.246112350606578730e+03 1.036678511601406427e+01 1.219898210277485821e-03
3.246114665606404742e+03 1.036892312836949337e+01 1.221507690757067145e-03
3.246116980605997014e+03 1.036469110113209702e+01 1.217663836936255231e-03
3.246119295605590196e+03 1.036687124207021604e+01 1.219717387463868001e-03
3.246121610605183378e+03 1.036808003766636332e+01 1.220608745049620502e-03
3.246123925604778378e+03 1.036478349348667471e+01 1.218391923333515207e-03
3.246126240604370651e+03 1.036599355740547246e+01 1.219319209434648835e-03
3.246128555603962923e+03 1.036936066935461476e+01 1.222215324942729862e-03
3.246130870603323274e+03 1.036775125313880608e+01 1.221207024524606066e-03
3.246133185602916001e+03 1.036480918459283806e+01 1.218024573255425394e-03
3.246135500602509637e+03 1.036322864776969865e+01 1.217533212646788876e-03
3.246137815601869534e+03 1.036017105627553292e+01 1.213554779282328706e-03
3.246140130601463170e+03 1.036286028241042878e+01 1.217250361241597632e-03
3.246142445600823976e+03 1.036368582903575231e+01 1.218821165889930839e-03
3.246144760600184782e+03 1.036440570087173185e+01 1.218231372080413313e-03
3.246147075599777054e+03 1.035844288644949529e+01 1.212784373929864457e-03
3.246149390599137405e+03 1.036533755286163760e+01 1.219695188818775960e-03
3.246151705598496847e+03 1.036173551298982076e+01 1.215537739754910798e-03
3.246154020597857198e+03 1.036374211392194944e+01 1.217721409180874030e-03
3.246156335597218003e+03 1.036026658665829281e+01 1.214692593290343358e-03
3.246158650596578809e+03 1.036458328178928312e+01 1.218809404905541989e-03
3.246160965595939160e+03 1.036555061226478180e+01 1.219688028517763694e-03
3.246163280595298602e+03 1.035948555874498922e+01 1.214264826775736904e-03
3.246165595594658953e+03 1.035955313383479748e+01 1.214340821187142542e-03
3.246167910593787383e+03 1.035956775568914878e+01 1.215320580000595714e-03
3.246170225593146824e+03 1.035655125507814489e+01 1.211495648471686655e-03
3.246172540592274345e+03 1.036102531025130524e+01 1.216414629925445653e-03
3.246174855591634696e+03 1.035781887478828267e+01 1.213775803092399276e-03
3.246177170590763126e+03 1.036038886685346583e+01 1.216281063695789141e-03
3.246179485590123477e+03 1.035773320497935046e+01 1.213790433243651639e-03
3.246181800589250088e+03 1.035894468721496509e+01 1.214490995955683304e-03
3.246184115588376699e+03 1.035485606120126434e+01 1.210470144975628673e-03
3.246186430587737959e+03 1.035770909458638478e+01 1.213083533682558649e-03
3.246188745586865480e+03 1.035597242054156197e+01 1.212311956020532691e-03
3.246191060585992091e+03 1.035469058937550280e+01 1.210480348993149590e-03
3.246193375585119611e+03 1.035603733063547871e+01 1.212503224901513837e-03
3.246195690584247131e+03 1.035928017446489058e+01 1.215341587735626000e-03
3.246198005583376016e+03 1.035764896624545806e+01 1.213665219813727823e-03
3.246200320582503082e+03 1.035576415640046655e+01 1.212243873947685272e-03
3.246202635581397772e+03 1.035504823842264521e+01 1.211527729229020054e-03
3.246204950580524383e+03 1.035543675585713252e+01 1.211422547151356751e-03
3.246207265579651903e+03 1.035798546245433016e+01 1.214507956507137687e-03
3.246209580578546593e+03 1.035889993356474825e+01 1.215721550338333184e-03
3.246211895577674113e+03 1.035649266413897962e+01 1.212213377851489643e-03
3.246214210576568803e+03 1.035693689484258684e+01 1.213221451591008949e-03
3.246216525575697233e+03 1.035831927738114189e+01 1.214570305143512123e-03
3.246218840574591013e+03 1.036034617324931872e+01 1.216876826435332477e-03
3.246221155573719443e+03 1.035519829194514152e+01 1.211684502326623855e-03
3.246223470572613223e+03 1.035426647674715817e+01 1.211070540712329367e-03
3.246225785571507913e+03 1.035680864218336517e+01 1.212859507726479292e-03
3.246228100570401693e+03 1.035520022453783540e+01 1.211935625830203121e-03
3.246230415569297293e+03 1.035743222880224224e+01 1.214298760001497439e-03
3.246232730568191982e+03 1.035271769384491236e+01 1.209380777758012641e-03
3.246235045567086672e+03 1.035808966115788010e+01 1.213731926068753811e-03
3.246237360565981362e+03 1.035572782925621738e+01 1.212168144204322541e-03
3.246239675564876052e+03 1.035732260140963490e+01 1.213069925308314125e-03
3.246241990563770742e+03 1.035736574882271199e+01 1.214327007183952723e-03
3.246244305562665431e+03 1.035783662072882372e+01 1.214163310774539874e-03
3.246246620561559212e+03 1.035563822313221216e+01 1.211990886760039993e-03
3.246248935560220161e+03 1.035854901718509780e+01 1.214900456190157359e-03
3.246251250559116670e+03 1.035576819695933182e+01 1.212036768583042582e-03
3.246253565558012269e+03 1.035812464958679868e+01 1.214734078951090106e-03
3.246255880556673219e+03 1.035737580974594785e+01 1.213918230687112453e-03
3.246258195555566999e+03 1.035752252631639436e+01 1.213364125600639460e-03
3.246260510554228858e+03 1.035726506162728455e+01 1.213070943833204204e-03
3.246262825552890718e+03 1.035758398407347158e+01 1.213840594818523530e-03
3.246265140551785407e+03 1.035730168175741817e+01 1.213225767847370389e-03
3.246267455550447266e+03 1.035792420512602341e+01 1.213954674656010256e-03
3.246269770549109126e+03 1.035679596783407774e+01 1.212775854772708047e-03
3.246272085548003815e+03 1.036013722338066145e+01 1.215747726167611597e-03
3.246274400546665674e+03 1.035798234935921158e+01 1.213291750539925587e-03
3.246276715545327534e+03 1.035827514043156228e+01 1.212960987314518025e-03
3.246279030543989393e+03 1.035908723689365551e+01 1.215275625494297886e-03
3.246281345542650342e+03 1.036072436829899956e+01 1.216513776465304392e-03
3.246283660541312202e+03 1.036186325518864493e+01 1.216998784836210512e-03
3.246285975539974515e+03 1.035870411291704052e+01 1.213107412196449009e-03
3.246288290538636829e+03 1.036086585058192711e+01 1.216090539078016350e-03
3.246290605537065858e+03 1.036017552913332374e+01 1.215258628766170733e-03
3.246292920535726807e+03 1.036353741088398905e+01 1.218175562806770532e-03
3.246295235534388667e+03 1.036312142780190726e+01 1.217961371626750684e-03
3.246297550533051435e+03 1.035973461849591359e+01 1.214171449370987687e-03
3.246299865531479554e+03 1.036178647340036640e+01 1.216258587119004248e-03
3.246302180530141413e+03 1.036457359818450108e+01 1.218667472554665421e-03
3.246304495528569987e+03 1.036500188298323089e+01 1.218904802901432010e-03
3.246306810527232301e+03 1.036092340823331170e+01 1.215399688726811729e-03
3.246309125525662239e+03 1.036220963785564209e+01 1.217238307689340196e-03
3.246311440524323189e+03 1.036318019989574779e+01 1.218060042082250638e-03
3.246313755522752217e+03 1.036643331622597763e+01 1.219691659898377656e-03
3.246316070521414076e+03 1.036163849313384233e+01 1.215688813067483491e-03
3.246318385519843105e+03 1.036123641261811557e+01 1.216030223255237970e-03
3.246320700518271224e+03 1.036746893575968009e+01 1.221355573741425386e-03
3.246323015516933083e+03 1.036658951553630637e+01 1.221697773612977385e-03
3.246325330515362111e+03 1.036737791279261600e+01 1.223137441777549014e-03
3.246327645513792049e+03 1.036954194983558786e+01 1.225042795749849665e-03
3.246329960512221078e+03 1.036593099624125180e+01 1.221470574026747250e-03
3.246332275510649197e+03 1.036543200889449423e+01 1.221341816487128478e-03
3.246334590509078225e+03 1.036914067987571464e+01 1.225479727284435388e-03
3.246336905507507254e+03 1.036857458480338323e+01 1.226204588859590916e-03
3.246339220505937192e+03 1.036666863191284982e+01 1.224059836968601411e-03
3.246341535504365311e+03 1.036855496181521019e+01 1.227606475586908190e-03
3.246343850502794339e+03 1.037301883879972486e+01 1.232061124191545509e-03
3.246346165501223368e+03 1.036716358996772769e+01 1.227785614882323344e-03
3.246348480499653306e+03 1.036961504790403232e+01 1.230167251070536649e-03
3.246350795498082334e+03 1.037012623194286931e+01 1.232469381439586439e-03
3.246353110496277623e+03 1.036561686277325478e+01 1.228419148288937895e-03
3.246355425494705742e+03 1.036824512238856322e+01 1.232129006097647771e-03
3.246357740493134770e+03 1.037140361583593062e+01 1.235669537806523060e-03
3.246360055491563799e+03 1.036630729029592146e+01 1.231636506462605940e-03
3.246362370489760906e+03 1.037031156301714319e+01 1.236940808890485150e-03
3.246364685488189934e+03 1.036439074166288066e+01 1.230760075507765419e-03
3.246367000486618508e+03 1.036875738509199962e+01 1.236824352467912579e-03
3.246369315484815161e+03 1.036880064688838665e+01 1.236687975788554762e-03
3.246371630483244189e+03 1.037030452890607712e+01 1.239771519929523669e-03
3.246373945481440387e+03 1.037350426656751701e+01 1.243462712869867603e-03
3.246376260479868506e+03 1.036666607867484302e+01 1.237429247931579089e-03
3.246378575478063794e+03 1.037477141302089123e+01 1.246861816859435061e-03
3.246380890476493732e+03 1.037336527831398314e+01 1.245434287805621040e-03
3.246383205474690840e+03 1.037108098203810336e+01 1.242349838690137752e-03
3.246385520472886128e+03 1.037254254979575663e+01 1.245857058516888121e-03
3.246387835471315157e+03 1.037214905111546237e+01 1.245271064142865550e-03
3.246390150469511354e+03 1.037247270573743663e+01 1.245998916684858560e-03
3.246392465467706643e+03 1.037368800435937821e+01 1.249346356558768325e-03
3.246394780466136581e+03 1.037007404004500444e+01 1.245754319413597310e-03
3.246397095464331869e+03 1.037274382868022826e+01 1.250522555531529637e-03
3.246399410462528067e+03 1.037116338937500970e+01 1.249276655484170750e-03
3.246401725460725174e+03 1.037194308998113179e+01 1.250617675442382455e-03
3.246404040459154203e+03 1.037612482104190192e+01 1.255654447675672502e-03
3.246406355457350401e+03 1.037208625253197702e+01 1.252013703670952624e-03
3.246408670455545689e+03 1.036878494996758882e+01 1.249641791371633925e-03
3.246413300451938085e+03 1.037629144151155280e+01 1.258811948248483295e-03
3.246415615450134283e+03 1.037503167621441946e+01 1.258734234583309877e-03
3.246417930448330935e+03 1.037130449642756247e+01 1.255997646948996127e-03
3.246422560444722876e+03 1.037599700138990677e+01 1.263379651857055117e-03
3.246424875442919074e+03 1.037091029720227908e+01 1.258026149383344216e-03
3.246427190441116181e+03 1.037324648829565099e+01 1.261668876074199157e-03
3.246429505439311470e+03 1.037617930307278691e+01 1.266053644722496150e-03
3.246431820437506758e+03 1.037501194674434579e+01 1.265771731637644953e-03
3.246434135435702956e+03 1.037497890553443014e+01 1.266843784348594673e-03
3.246436450433900063e+03 1.037481925305248431e+01 1.267093997536107054e-03
3.246438765432097171e+03 1.037294968761014147e+01 1.266796681044363637e-03
3.246441080430292459e+03 1.037067153581960000e+01 1.265129053162954761e-03
3.246443395428487747e+03 1.037518735959514871e+01 1.270883268413393503e-03
3.246445710426684855e+03 1.037969422773125494e+01 1.276560260688181262e-03
3.246448025424881052e+03 1.037632352796741131e+01 1.274694486096498384e-03
3.246450340423077250e+03 1.037587035098008492e+01 1.275011720157513640e-03
3.246452655421271629e+03 1.037606716521639960e+01 1.276495196634022103e-03
3.246454970419468737e+03 1.037646750459687439e+01 1.277868174664928500e-03
3.246457285417433013e+03 1.037821970915677205e+01 1.280703247071321525e-03
3.246459600415629211e+03 1.037703151340650898e+01 1.280531180555500572e-03
3.246461915413825409e+03 1.037639796765332711e+01 1.280722037946072913e-03
3.246464230412020697e+03 1.037526731514694944e+01 1.279964789687932205e-03
3.246466545410216895e+03 1.037357229729227193e+01 1.279390704229851775e-03
3.246468860408413093e+03 1.037505996337917757e+01 1.283428265539528603e-03
3.246471175406375551e+03 1.037811725692729681e+01 1.286989660178936793e-03
3.246473490404572658e+03 1.037690975531580406e+01 1.287108776997813444e-03
3.246475805402768856e+03 1.037759261072327099e+01 1.289125898043511640e-03
3.246478120400965054e+03 1.037724652136159165e+01 1.289727282417011279e-03
3.246480435399162161e+03 1.037657884615613568e+01 1.291011544047783281e-03
3.246482750397124619e+03 1.038049561061088966e+01 1.296207198382855457e-03
3.246485065395319907e+03 1.037582416609710378e+01 1.292259691615097470e-03
3.246487380393516105e+03 1.038023202130063005e+01 1.297717293154469114e-03
3.246489695391713212e+03 1.037404664112930419e+01 1.292067966569752447e-03
3.246492010389908955e+03 1.037503815097170090e+01 1.294393659034702047e-03
3.246494325387872777e+03 1.037283979177382420e+01 1.292514580051591427e-03
3.246496640386068520e+03 1.036997801901249616e+01 1.291559334656631249e-03
3.246498955384265173e+03 1.037233718929438808e+01 1.294554225603825612e-03
3.246501270382461371e+03 1.036838188273359940e+01 1.291927872516338699e-03
3.246503585380656659e+03 1.037266022229714224e+01 1.298433209051177940e-03
3.246505900378619117e+03 1.037445653320336802e+01 1.301446282536743507e-03
3.246508215376815315e+03 1.036987450378923015e+01 1.297756084247392219e-03
3.246510530375012422e+03 1.037453758896666400e+01 1.303365477126928150e-03
3.246512845373209529e+03 1.036791111288272660e+01 1.297299655926866880e-03
3.246515160371405727e+03 1.037562937192042867e+01 1.307772926584550854e-03
3.246517475369601016e+03 1.036919576161799661e+01 1.301550292679918121e-03
3.246519790367565292e+03 1.037012302436783884e+01 1.304874458985416869e-03
3.246522105365760581e+03 1.036620758821469224e+01 1.301360932471723204e-03
3.246524420363956779e+03 1.037158531217270152e+01 1.308766348383654876e-03
3.246526735362152067e+03 1.036379296278279583e+01 1.301613027225824752e-03
3.246529050360348265e+03 1.037178198810550356e+01 1.311872419809900769e-03
3.246531365358546282e+03 1.037212828799910191e+01 1.312838722692141790e-03
3.246533680356741570e+03 1.037524143868622417e+01 1.318722406990996063e-03
3.246535995354937768e+03 1.037038469807298036e+01 1.314615182800714984e-03
3.246538310353133511e+03 1.036712737761466840e+01 1.313699759049289555e-03
3.246540625351329254e+03 1.036993607554921581e+01 1.317105419559811211e-03
3.246542940349292621e+03 1.036718982896145569e+01 1.316261247073722152e-03
3.246545255347488819e+03 1.037157851593311264e+01 1.323576630481947168e-03
3.246547570345685017e+03 1.037170244493259474e+01 1.325836923750383202e-03
3.246549885343881215e+03 1.037052847931694899e+01 1.326570110360136617e-03
3.246552200342078322e+03 1.036776890621129610e+01 1.324527915518449936e-03
3.246554515340507351e+03 1.036653257059157518e+01 1.325759634681160197e-03
3.246556830338702639e+03 1.036672761679632160e+01 1.327412002642340593e-03
3.246559145336898837e+03 1.036535072614943331e+01 1.327231266222548244e-03
3.246561460335094125e+03 1.036758024077678364e+01 1.331811365407934399e-03
3.246563775333291233e+03 1.036274519516092596e+01 1.327984521424087003e-03
3.246566090331488340e+03 1.036778259502132471e+01 1.336005369387741667e-03
3.246568405329683628e+03 1.036250205803991875e+01 1.331875819671957638e-03
3.246570720327879826e+03 1.036686696025125087e+01 1.339761304853604026e-03
3.246573035326308855e+03 1.036567281216262160e+01 1.339640904760998124e-03
3.246575350324505052e+03 1.036034975919495515e+01 1.335460375481148897e-03
3.246577665322701250e+03 1.036313700244526537e+01 1.340600468241349725e-03
3.246579980320896539e+03 1.036070330309034304e+01 1.340395634181098562e-03
3.246582295319324658e+03 1.035815127619345688e+01 1.339092647984263095e-03
3.249716819410709832e+03 1.052994014949196711e+01 1.350852848584815739e-03
3.249719134425203265e+03 1.052571236009347544e+01 1.344937829961050449e-03
3.249721449439698517e+03 1.052460959879519109e+01 1.342822942637605585e-03
3.249723764454426600e+03 1.053025956948164499e+01 1.349186650002357109e-03
3.249726079468920034e+03 1.053013472882443935e+01 1.348981157288098526e-03
3.249728394483414377e+03 1.052855181192141387e+01 1.346079336402951311e-03
3.249730709497908720e+03 1.053325731274614618e+01 1.352096160178453514e-03
3.249733024512635893e+03 1.052346984682935727e+01 1.339566036272680323e-03
3.249735339527130236e+03 1.053013030413085716e+01 1.347308609514766969e-03
3.249737654541623670e+03 1.053024956528450140e+01 1.347037812968311524e-03
3.249739969556118922e+03 1.052773099616645247e+01 1.343727396988076165e-03
3.249742284570614174e+03 1.052891918283620143e+01 1.345606961177762224e-03
3.249744599585107608e+03 1.052324999621387747e+01 1.338622294475131378e-03
3.249746914599601496e+03 1.053041989596051309e+01 1.346765580434723273e-03
3.249749229614096294e+03 1.053118689594081836e+01 1.346666182452316545e-03
3.249751544628590636e+03 1.052812109407120467e+01 1.343396112653813318e-03
3.249753859643317810e+03 1.052983122595347609e+01 1.345419037811835302e-03
3.249756174657811243e+03 1.053500679593399170e+01 1.351339347183034938e-03
3.249758489672306496e+03 1.052710121888156891e+01 1.341861212334950586e-03
3.249760804686801748e+03 1.052645894093044276e+01 1.340823219578634023e-03
3.249763119701295182e+03 1.053119978973737147e+01 1.346466979995795607e-03
3.249765434715788615e+03 1.052831319764897522e+01 1.341989470334038672e-03
3.249767749730283867e+03 1.052908272029595338e+01 1.343395392601682333e-03
3.249770064744778210e+03 1.052743199026346232e+01 1.341213628068340779e-03
3.249772379759039723e+03 1.053228209668011317e+01 1.346616833877217843e-03
3.249774694773533156e+03 1.052655354994574566e+01 1.339357688711196367e-03
3.249777009788028408e+03 1.053040185516209348e+01 1.345091894961802448e-03
3.249779324802522751e+03 1.052872549594031426e+01 1.341253318119960212e-03
3.249781639817017094e+03 1.052981224502738478e+01 1.342330283876204313e-03
3.249783954831511437e+03 1.053162214631408844e+01 1.344763139588341441e-03
3.249786269846005780e+03 1.053226808358997957e+01 1.344422339563161942e-03
3.249788584860500123e+03 1.053347372676938321e+01 1.345367055609299591e-03
3.249790899874760726e+03 1.053213533380342781e+01 1.344612572650560455e-03
3.249793214889255069e+03 1.053283222427734778e+01 1.343935234220508318e-03
3.249795529903750321e+03 1.053556907359164896e+01 1.348106768124033303e-03
3.249797844918244664e+03 1.053235653635989166e+01 1.343100460418338938e-03
3.249800159932739007e+03 1.053195001237614292e+01 1.343309876381127820e-03
3.249802474946999610e+03 1.053352499299413125e+01 1.344010664572492823e-03
3.249804789961494862e+03 1.053421020755809145e+01 1.344873494245410993e-03
3.249807104975989205e+03 1.053396911617744180e+01 1.344846016276091388e-03
3.249809419990482638e+03 1.053378121654396260e+01 1.343900829970185330e-03
3.249811735004744151e+03 1.053510496294808263e+01 1.344286181652115967e-03
3.249814050019238948e+03 1.053310153389035264e+01 1.342184209875229130e-03
3.249816365033733746e+03 1.053710344525535980e+01 1.346023604593176316e-03
3.249818680047995258e+03 1.053476020963122117e+01 1.343534367735890744e-03
3.249820995062488691e+03 1.053695550588232877e+01 1.346013430520596023e-03
3.249823310076983034e+03 1.053612220330104421e+01 1.345154774167056514e-03
3.249825625091245001e+03 1.053297070650948797e+01 1.341256615744624865e-03
3.249827940105739799e+03 1.053430032199018385e+01 1.343100769934918188e-03
3.249830255120000402e+03 1.053800109656102002e+01 1.346121541351941826e-03
3.249832570134494745e+03 1.053666630261058579e+01 1.344253569807922532e-03
3.249834885148757166e+03 1.054073235074357839e+01 1.348949372315628309e-03
3.249837200163251509e+03 1.053883806004495405e+01 1.346308826559141931e-03
3.249839515177512112e+03 1.053678349936810221e+01 1.344033366452595168e-03
3.249841830192006455e+03 1.054248706656557921e+01 1.349901385856930314e-03
3.249844145206267967e+03 1.054070378319274326e+01 1.347123542624797292e-03
3.249846460220763220e+03 1.053914282334732633e+01 1.345926701291834393e-03
3.249848775235023822e+03 1.053986621127820200e+01 1.346842371262136273e-03
3.249851090249518165e+03 1.053890591462764093e+01 1.344927683138167664e-03
3.249853405263779678e+03 1.054195898783599894e+01 1.348944389469467452e-03
3.249855720278274930e+03 1.053697598959809412e+01 1.343489331626908671e-03
3.249858035292536442e+03 1.054179142442003325e+01 1.348002741158089816e-03
3.249860350306797045e+03 1.054063736919728100e+01 1.347560177400775961e-03
3.249862665321292297e+03 1.054057673950156726e+01 1.347344917508466657e-03
3.249864980335553810e+03 1.053810239102737079e+01 1.344116751021079328e-03
3.249867295349814412e+03 1.053723984428268068e+01 1.343053999692105441e-03
3.249869610364308755e+03 1.053973958982121317e+01 1.346386582192975016e-03
3.249871925378571177e+03 1.053837549804902096e+01 1.344145753134173013e-03
3.249874240392832689e+03 1.054095015995952522e+01 1.346775593604058628e-03
3.249876555407326123e+03 1.054026995369248176e+01 1.345983288393652741e-03
3.249878870421587635e+03 1.053964781503410997e+01 1.344769529254362991e-03
3.249881185435849147e+03 1.054526530364795534e+01 1.352133347771831019e-03
3.249883500450110660e+03 1.054113813797039079e+01 1.346756983915418926e-03
3.249885815464605002e+03 1.053907495899378155e+01 1.344730432696250285e-03
3.249888130478866515e+03 1.053829771394558534e+01 1.344472040592875400e-03
3.249890445493128937e+03 1.054132715575337720e+01 1.347582470457176201e-03
3.249892760507390449e+03 1.054039855280215932e+01 1.345730093902195324e-03
3.249895075521651506e+03 1.054176921563982638e+01 1.347718531193340969e-03
3.249897390535912564e+03 1.054122595186990274e+01 1.347015280727579872e-03
3.249899705550174076e+03 1.054408556068451652e+01 1.350163212704098619e-03
3.249902020564669328e+03 1.054234683629213620e+01 1.347451115383670878e-03
3.249904335578929931e+03 1.053654064382013189e+01 1.340772502840089069e-03
3.249906650593191443e+03 1.053977804555459308e+01 1.344415629202606313e-03
3.249908965607453865e+03 1.054155752038988147e+01 1.347419737680168560e-03
3.249911280621715377e+03 1.054423412040046060e+01 1.350336151499795722e-03
3.249913595635976890e+03 1.054077430925055303e+01 1.345531553904220738e-03
3.249915910650237493e+03 1.053954631241258610e+01 1.344620093769569730e-03
3.249918225664499005e+03 1.054196427522132495e+01 1.346987031372673567e-03
3.249920540678761427e+03 1.054185349400922789e+01 1.346527603889877264e-03
3.249922855693022029e+03 1.054266395657024624e+01 1.348284399324791490e-03
3.249925170707282632e+03 1.054211565933671046e+01 1.346682789243606538e-03
3.249927485721545963e+03 1.054635882154453874e+01 1.352506066311264920e-03
3.249929800735574645e+03 1.054198424012783164e+01 1.347237943050877884e-03
3.249932115749836157e+03 1.054463690556698552e+01 1.349650930158222779e-03
3.249934430764096760e+03 1.054249169068904024e+01 1.347403456567078687e-03
3.249936745778358272e+03 1.054337610288697036e+01 1.348067946742844596e-03
3.249939060792620694e+03 1.054482784443055010e+01 1.349931241795093023e-03
3.249941375806881297e+03 1.054480989614162212e+01 1.350218389866780387e-03
3.249943690821142809e+03 1.054327329181612782e+01 1.347490716308529651e-03
3.249946005835171945e+03 1.054335438366066491e+01 1.348078037455948449e-03
3.249948320849433912e+03 1.054385089796048725e+01 1.348312688640173045e-03
3.249950635863695425e+03 1.054831116089050447e+01 1.353467503619395010e-03
3.249952950877956027e+03 1.054615411970736005e+01 1.350901099782715348e-03
3.249955265891984709e+03 1.054165070000576421e+01 1.345754400970018477e-03
3.249957580906246221e+03 1.054257306243480308e+01 1.347155698581858213e-03
3.249959895920507734e+03 1.054360130355135716e+01 1.347967344831326082e-03
3.249962210934535960e+03 1.054648134579804797e+01 1.351565610820916518e-03
3.249964525948798837e+03 1.054596712431744798e+01 1.350335863308054635e-03
3.249966840963060349e+03 1.054885224140108235e+01 1.353692053036371174e-03
3.249969155977088121e+03 1.054380546272233232e+01 1.348158915416842281e-03
3.249971470991349634e+03 1.055007394439113710e+01 1.355737915593379630e-03
3.249973786005611146e+03 1.054851335819106239e+01 1.353669861332392399e-03
3.249976101019639827e+03 1.054413965299700884e+01 1.347849008769240464e-03
3.249978416033901340e+03 1.054435155839224869e+01 1.348614868685142415e-03
3.249980731047930021e+03 1.054649768969212431e+01 1.349956799795482042e-03
3.249983046062191534e+03 1.054529471201614221e+01 1.348438562510039396e-03
3.249985361076220215e+03 1.054661989346429962e+01 1.350779594767151414e-03
3.249987676090481727e+03 1.054703878779325699e+01 1.350803969689091423e-03
3.249989991104510409e+03 1.055441812069214080e+01 1.358055779574573237e-03
3.249992306118771467e+03 1.055018963225474593e+01 1.353208394417496335e-03
3.249994621132800603e+03 1.055212178264106626e+01 1.355666052383081976e-03
3.249996936146829285e+03 1.054759663315206275e+01 1.350974110751556592e-03
3.249999251161090797e+03 1.055097208194179359e+01 1.354430601267324341e-03
3.250001566175119478e+03 1.054820300715154424e+01 1.351781751445097369e-03
3.250003881189380991e+03 1.055064822359153709e+01 1.353306824974873004e-03
3.250006196203409672e+03 1.054812358785455473e+01 1.350527922352213941e-03
3.250008511217438354e+03 1.055527212751110788e+01 1.359336672297042090e-03
3.250010826231699866e+03 1.055189386168788701e+01 1.355489400616736702e-03
3.250013141245727638e+03 1.055059937085613875e+01 1.353585414685752565e-03
3.250015456259757229e+03 1.054994333617825930e+01 1.352651893727467971e-03
3.250017771273785911e+03 1.055346742146615746e+01 1.356419022231568133e-03
3.250020086288047423e+03 1.054863154252674917e+01 1.352035055082754242e-03
3.250022401302076105e+03 1.055242275846603484e+01 1.355370716457634595e-03
3.250024716316105696e+03 1.055071425862655943e+01 1.353141146236966309e-03
3.250027031330133468e+03 1.055261006117326872e+01 1.356356774761627651e-03
3.250029346344394526e+03 1.055271849387284178e+01 1.355558039125518994e-03
3.250031661358423662e+03 1.055005689519184742e+01 1.351932897810893255e-03
3.250033976372452344e+03 1.055406004543983656e+01 1.356703636679426530e-03
3.250036291386481025e+03 1.055712024102463964e+01 1.360997027041939726e-03
3.250038606400509707e+03 1.054993051497675083e+01 1.351937981217561950e-03
3.250040921414539298e+03 1.055106560201157606e+01 1.353238957575279800e-03
3.250043236428567525e+03 1.055333789916757148e+01 1.355992108161149182e-03
3.250045551442595752e+03 1.055156223920193881e+01 1.353482065529238972e-03
3.250047866456624433e+03 1.055184298060342130e+01 1.354073474256541933e-03
3.250050181470652205e+03 1.055822188251278959e+01 1.361604925164761190e-03
3.250052496484681797e+03 1.055663808533813430e+01 1.359994141842154345e-03
3.250054811498710023e+03 1.055361996354174181e+01 1.356082948928285766e-03
3.250057126512739160e+03 1.055143494630283030e+01 1.353221862044894606e-03
3.250059441526767841e+03 1.055727157975725028e+01 1.359909082243068333e-03
3.250061756540797433e+03 1.055466678389010582e+01 1.357272251821990640e-03
3.250064071554825205e+03 1.055574219064223485e+01 1.357973340497988695e-03
3.250066386568853886e+03 1.055219941801977512e+01 1.353801015394095033e-03
3.250068701582881658e+03 1.055315563054368511e+01 1.355056734521671883e-03
3.250071016596911250e+03 1.054985457717401509e+01 1.351142917076468422e-03
3.250073331610939931e+03 1.055342305322775331e+01 1.355276712543290307e-03
3.250075646624735782e+03 1.055761968120738814e+01 1.360705572626329414e-03
3.250077961638764918e+03 1.055613915114094326e+01 1.358358049129281420e-03
3.250080276652793145e+03 1.055324276372013337e+01 1.354387689446408683e-03
3.250082591666821827e+03 1.055511414352744382e+01 1.358049234869682792e-03
3.250084906680849599e+03 1.055159483213117966e+01 1.353328128222703068e-03
3.250087221694646360e+03 1.055401333929408025e+01 1.355945547177686951e-03
3.250089536708674132e+03 1.055425430511083107e+01 1.356477070324778583e-03
3.250091851722703723e+03 1.055264778682538562e+01 1.354447333625954063e-03
3.250094166736499574e+03 1.055128832120081839e+01 1.352996712679467931e-03
3.250096481750528255e+03 1.055616927284734885e+01 1.358354278098699219e-03
3.250098796764557846e+03 1.055546620446055783e+01 1.358212250639317161e-03
3.250101111778352788e+03 1.055641673834015037e+01 1.359510705113710013e-03
3.250103426792380560e+03 1.055069739979007615e+01 1.351828072799814802e-03
3.250105741806177321e+03 1.055434265125530757e+01 1.357579187385306307e-03
3.250108056820205093e+03 1.055135413808922351e+01 1.352435759062880615e-03
3.250110371834234684e+03 1.055318192217145956e+01 1.355959115982728093e-03
3.250112686848030535e+03 1.054899754293530023e+01 1.351496921229659387e-03
3.250115001862059216e+03 1.055498781629805194e+01 1.357425938217866890e-03
3.250117316875855522e+03 1.055201869935044812e+01 1.353801227591198888e-03
3.250119631889883749e+03 1.055323058727856811e+01 1.355219228800002987e-03
3.250121946903678690e+03 1.054888908579433249e+01 1.351047481063501286e-03
3.250124261917708282e+03 1.055238701536353929e+01 1.355291469264924449e-03
3.250126576931503223e+03 1.055273499325300079e+01 1.355587670253520331e-03
3.250128891945299983e+03 1.055414440475817450e+01 1.356613117028047846e-03
3.250131206959328665e+03 1.055380121312782649e+01 1.356135880997321385e-03
3.250133521973124971e+03 1.055089884283376023e+01 1.353124709723107144e-03
3.250135836986921277e+03 1.055108282592931879e+01 1.354114888997659137e-03
3.250138152000949049e+03 1.055358676750938152e+01 1.357129857785510044e-03
3.250140467014743990e+03 1.054979285139017087e+01 1.351469949194795137e-03
3.250142782028539841e+03 1.055030155788716684e+01 1.352978191825538650e-03
3.250145097042569432e+03 1.054916693245734116e+01 1.351932910474199423e-03
3.250147412056365283e+03 1.054939718608843613e+01 1.352394351838460095e-03
3.250149727070161134e+03 1.054686368046347766e+01 1.349337996019523084e-03
3.250152042083956985e+03 1.054641290338670245e+01 1.349093100450242735e-03
3.250154357097985667e+03 1.054621121760012414e+01 1.348214310501017615e-03
3.250156672111781518e+03 1.054751254750461165e+01 1.350489014784117146e-03
3.250158987125577369e+03 1.054519539093456970e+01 1.347899933876209495e-03
3.250161302139373220e+03 1.054742206281543204e+01 1.350668271843953779e-03
3.250163617153168161e+03 1.054558374506249407e+01 1.348803097914288204e-03
3.250165932166964922e+03 1.054552174871776238e+01 1.348842959095043238e-03
3.250168247180760773e+03 1.054353166614698978e+01 1.346534676069671308e-03
3.250170562194557078e+03 1.054318560812154359e+01 1.345363450087365192e-03
3.250172877208586215e+03 1.054889173623654486e+01 1.352280119436403017e-03
3.250175192222381156e+03 1.054657935981678918e+01 1.349570588523663203e-03
3.250177507236176098e+03 1.054664443472146118e+01 1.349936009143443529e-03
3.250179822249971949e+03 1.054807452503729159e+01 1.351897204260102013e-03
3.250182137263768709e+03 1.054362832141240247e+01 1.347962909538218904e-03
3.250184452277331729e+03 1.054050165219097224e+01 1.344196455991684275e-03
3.250186767291127580e+03 1.054626233937478297e+01 1.350733969473048943e-03
3.250189082304924341e+03 1.054430162846870900e+01 1.347951088287868780e-03
3.250191397318720192e+03 1.054403576935128051e+01 1.348319964193058027e-03
3.250193712332515133e+03 1.054370893284559862e+01 1.347643228802478631e-03
3.250196027346310075e+03 1.054492148161731180e+01 1.348889424325749051e-03
3.250198342360105926e+03 1.054571738427642025e+01 1.350031201528793887e-03
3.250200657373902686e+03 1.054294273925100889e+01 1.347039588874948549e-03
3.250202972387465707e+03 1.053999995170362780e+01 1.343433067918957781e-03
3.250205287401261558e+03 1.054156039401259903e+01 1.346644077621912293e-03
3.250207602415058318e+03 1.053944640062610638e+01 1.343652944033576439e-03
3.250209917428854169e+03 1.054095428340092155e+01 1.345593160809957761e-03
3.250212232442416280e+03 1.054284743834807614e+01 1.348884298741353550e-03
3.250214547456211221e+03 1.053731638448272179e+01 1.340983836273234274e-03
3.250216862470007072e+03 1.054127065390395757e+01 1.346642817710600728e-03
3.250219177483803833e+03 1.053909471081762916e+01 1.344271625122345562e-03
3.250221492497366853e+03 1.053581580195861278e+01 1.339364676915723784e-03
3.250223807511162704e+03 1.054196383151518823e+01 1.346535743210553046e-03
3.250226122524725724e+03 1.053545193175243710e+01 1.339830959766388080e-03
3.250228437538521575e+03 1.054064115323680539e+01 1.345680498468413821e-03
3.250230752552317426e+03 1.053581661646461853e+01 1.340626140640785620e-03
3.250233067565879537e+03 1.053608558314136801e+01 1.341150527347153079e-03
3.250235382579676298e+03 1.053748657766761809e+01 1.342240264761283179e-03
3.250237697593239318e+03 1.053465159582945354e+01 1.338992471843506544e-03
3.250240012607035169e+03 1.053844039374431674e+01 1.343180078916126697e-03
3.250242327620598189e+03 1.054194278998531331e+01 1.347762990027698889e-03
3.250244642634394040e+03 1.053594095978210987e+01 1.341291833272475207e-03
3.250246957647957515e+03 1.053791233539962846e+01 1.343648691346081316e-03
3.250249272661520081e+03 1.053339804420823711e+01 1.337469069961582518e-03
3.250251587675315022e+03 1.053994046060039658e+01 1.345981377540422970e-03
3.250253902688878043e+03 1.053629929566131906e+01 1.341339292119387260e-03
3.250256217702674803e+03 1.053911063580693508e+01 1.344554148891779306e-03
3.250258532716237823e+03 1.053821797743233546e+01 1.344110565393378089e-03
3.250260847729800844e+03 1.053309381123118449e+01 1.337937269760657152e-03
3.250263162743363864e+03 1.053959970862443996e+01 1.344755113386158748e-03
3.250265477757159715e+03 1.053658487633682661e+01 1.340769743244270718e-03
3.250267792770722735e+03 1.053956422059655473e+01 1.345476891668779791e-03
3.250270107784284846e+03 1.053641746561728354e+01 1.342048694475064894e-03
3.250272422797847867e+03 1.053341899711990592e+01 1.338541420381438160e-03
3.250274737811643718e+03 1.053695116655129027e+01 1.341416524498886169e-03
3.250277052825207647e+03 1.053941825144368494e+01 1.345113607440086940e-03
3.250279367838770668e+03 1.053836581466004851e+01 1.344311649848137702e-03
3.250281682852333688e+03 1.053593082495483557e+01 1.341134509071299340e-03
3.250283997865896708e+03 1.053479644352619715e+01 1.339728514245800122e-03
3.250286312879459729e+03 1.053602685448967691e+01 1.342351994766180327e-03
3.250288627893021840e+03 1.053551054823774003e+01 1.341257691035373017e-03
3.250290942906584860e+03 1.053631791307769205e+01 1.342445203420829280e-03
3.250293257920148790e+03 1.053601726021583573e+01 1.341926118184912390e-03
3.250295572933944641e+03 1.053305927622308857e+01 1.338487761942627014e-03
3.250297887947507661e+03 1.053403773525536025e+01 1.339047200721024547e-03
3.250300202965727294e+03 1.053728808969757580e+01 1.342916175697719166e-03
3.250302517979291224e+03 1.053565451694049138e+01 1.341351597938601151e-03
3.250304832992853335e+03 1.053836440118027262e+01 1.344103203433121398e-03
3.250307148006415446e+03 1.053333673805290260e+01 1.338705718744593503e-03
3.250309463019978921e+03 1.053301787029902847e+01 1.339111332783334994e-03
3.250311778033542396e+03 1.053455092288373329e+01 1.339677662110287659e-03
3.250314093046871676e+03 1.053312323670242634e+01 1.338713722041870360e-03
3.250316408060435606e+03 1.053295502868843947e+01 1.338057660312537856e-03
3.250318723073999081e+03 1.053892446753275713e+01 1.344989920241480667e-03
3.250321038087561647e+03 1.053423059767205139e+01 1.339210778170912873e-03
3.250323353101123757e+03 1.053185941642800394e+01 1.338096276116045816e-03
3.250325668114453947e+03 1.053458914028407989e+01 1.340455508058378950e-03
3.250327983128016967e+03 1.053376852997425850e+01 1.339140071875862632e-03
3.250330298141580897e+03 1.053096726306853093e+01 1.336516009106818864e-03
3.250332613154911087e+03 1.053540029160101454e+01 1.341102453999643051e-03
3.250334928168474107e+03 1.053804355213095079e+01 1.344090222594985888e-03
3.250337243182037128e+03 1.053636203860185461e+01 1.342483576528361294e-03
3.250339558195368227e+03 1.053422762791849721e+01 1.340574016672004898e-03
3.250341873208930338e+03 1.053425835016495959e+01 1.339794904319144796e-03
3.250344188222492448e+03 1.053303264933903272e+01 1.338332370258422249e-03
3.250346503235822638e+03 1.053542555138063896e+01 1.341269915273619667e-03
3.250348818249385658e+03 1.053002580692989376e+01 1.335462093621657886e-03
3.250351133262716758e+03 1.053449978460626113e+01 1.339511969925458353e-03
3.250353448276279778e+03 1.053637059616401039e+01 1.342713669787500789e-03
3.250355763289609968e+03 1.053489009098908546e+01 1.341148636025949262e-03
3.250358078303172988e+03 1.053657942401624226e+01 1.342830284791143077e-03
3.250360393316503178e+03 1.053393271472662462e+01 1.339130621692269070e-03
3.250362708330065288e+03 1.053503377944496222e+01 1.340771925954549080e-03
3.250365023343395933e+03 1.053322045639161431e+01 1.338360207000317088e-03
3.250367338356725668e+03 1.053067791122169439e+01 1.336825996438289772e-03
3.250369653370289598e+03 1.053629270885684832e+01 1.342177850266257529e-03
3.250371968383619787e+03 1.053351486279485272e+01 1.338817945115592517e-03
3.250374283396949977e+03 1.053143336584972545e+01 1.337316702709507189e-03
3.250376598410512997e+03 1.052918959911260544e+01 1.333914849083851252e-03
3.250378913423843187e+03 1.052995568390445769e+01 1.335424410338782470e-03
3.250381228437172467e+03 1.053028021388006508e+01 1.335623181121597296e-03
3.250383543450502657e+03 1.053010755000792287e+01 1.335390949669021474e-03
3.250385858464065677e+03 1.053496209939621231e+01 1.340714142330372326e-03
3.250388173477396776e+03 1.053258403166896784e+01 1.338160683121812286e-03
3.250390488490726966e+03 1.053148443382254840e+01 1.337256259832028497e-03
3.250392803504057156e+03 1.053209127967016201e+01 1.339019282086629766e-03
3.250395118517388255e+03 1.053258237391257701e+01 1.338137469046339189e-03
3.250397433530716626e+03 1.053415875172883887e+01 1.339918257640354418e-03
3.250399748544279646e+03 1.053281002250544773e+01 1.339049033374174009e-03
3.250402063557609836e+03 1.053022481129321264e+01 1.335036510375470350e-03
3.250404378570940480e+03 1.053137276512610399e+01 1.336231218203390693e-03
3.250406693584271125e+03 1.053391339328821630e+01 1.340820090047833936e-03
3.250409008597601314e+03 1.053164082453970352e+01 1.337423804803645729e-03
3.250411323610931959e+03 1.053094211418286008e+01 1.336570916535517219e-03
3.250413638624261694e+03 1.053187513310631118e+01 1.337662776218256650e-03
3.250415953637591883e+03 1.052964006521055396e+01 1.334877431786532682e-03
3.250418268650688333e+03 1.053280624101187968e+01 1.338563470995877145e-03
3.250420583664018977e+03 1.052949870688023104e+01 1.335289543860261000e-03
3.250422898677348712e+03 1.053138474035802830e+01 1.336438539073853170e-03
3.250425213690679811e+03 1.053546551990576674e+01 1.341357093882409278e-03
3.250427528704010001e+03 1.053239659752467361e+01 1.338779894674541060e-03
3.250429843717340191e+03 1.053139079184106386e+01 1.337982510915451369e-03
3.250432158730671290e+03 1.053412292181019616e+01 1.340387902294194831e-03
3.250434473743767740e+03 1.053395164747619717e+01 1.340388623844995276e-03
3.250436788757097020e+03 1.053700646701696009e+01 1.343018698540563143e-03
3.250439103770427209e+03 1.053368117874648568e+01 1.339790558457811019e-03
3.250441418783758309e+03 1.053545566253628785e+01 1.340881796217356084e-03
3.250443733796855668e+03 1.053313345731135620e+01 1.339462886391744540e-03
3.250446048810185857e+03 1.053250030730307607e+01 1.337717781440737408e-03
3.250448363823516047e+03 1.053396865809020611e+01 1.339858646131494640e-03
3.250450678836613406e+03 1.053056288449309896e+01 1.335309445420964670e-03
3.250452993849942686e+03 1.052935238231549064e+01 1.334342680564704715e-03
3.250455308863040045e+03 1.053600972259716606e+01 1.342027006137851272e-03
3.250457623876370235e+03 1.053491028641805549e+01 1.340895338954382074e-03
3.250459938889467594e+03 1.053337351872469441e+01 1.339463049535024241e-03
3.250462253902798693e+03 1.053727815065868789e+01 1.343005370002248004e-03
3.250464568915896052e+03 1.053592746237066535e+01 1.341818323964551847e-03
3.250466883929226242e+03 1.053302181596988873e+01 1.337981253972265116e-03
3.250469198942323601e+03 1.053396420246141929e+01 1.338643978857269800e-03
3.250471513955653791e+03 1.053407211093700191e+01 1.339494237524026590e-03
3.250473828968750240e+03 1.054085174708920647e+01 1.347054845153858012e-03
3.250476143982081339e+03 1.053961404705754390e+01 1.344762598086503497e-03
3.250478458995178698e+03 1.053623669370502824e+01 1.341334808282660220e-03
3.250480774008276057e+03 1.054028250637260200e+01 1.346606254594166470e-03
3.250483089021606247e+03 1.053858428710631046e+01 1.343095714378819000e-03
3.250485404034703606e+03 1.053515070218102068e+01 1.340148019011903370e-03
3.250487719047800965e+03 1.053750598178807607e+01 1.341837616265341296e-03
3.250490034060898324e+03 1.052909823581807913e+01 1.332411249966382804e-03
3.250492349074227604e+03 1.053546154412587477e+01 1.340343908959126199e-03
3.250494664087324963e+03 1.053599527592057505e+01 1.339719701966161696e-03
3.250496979100423232e+03 1.053531387919123574e+01 1.339147770952173579e-03
3.250499294113519682e+03 1.053619005435840883e+01 1.340040701587807189e-03
3.250501609126617950e+03 1.053443190388312800e+01 1.338781177576690807e-03
3.250503924139948140e+03 1.053760310530322819e+01 1.341343061373652520e-03
3.250506239153045499e+03 1.053723418868213102e+01 1.342092790435334398e-03
3.250508554166142858e+03 1.054079145517626870e+01 1.345869719573803075e-03
3.250510869179239307e+03 1.053642987269824438e+01 1.340447332485768988e-03
3.250513184192336666e+03 1.054237840128885573e+01 1.347698028649776383e-03
3.250515499205434480e+03 1.054250645852462043e+01 1.346873848066152627e-03
3.250517814218532294e+03 1.054567956041882582e+01 1.351020859554322336e-03
3.250520129231628744e+03 1.053922452018103328e+01 1.343384067141210328e-03
3.250522444244727012e+03 1.053593039320153046e+01 1.339427606908036219e-03
3.250524759257824371e+03 1.054167156210062473e+01 1.345446914703951613e-03
3.250527074270921730e+03 1.053705520555093322e+01 1.340112921825585340e-03
3.250529389283785349e+03 1.054148061199150632e+01 1.345206275337552720e-03
3.250531704296882708e+03 1.053915686981925681e+01 1.342656982864551696e-03
3.250534019309980522e+03 1.054044717605454906e+01 1.343562920474753244e-03
3.250536334323078336e+03 1.054069482610618991e+01 1.344852061219101733e-03
3.250538649336175695e+03 1.054584827911754985e+01 1.350250865055893342e-03
3.250540964349273054e+03 1.054007699966916967e+01 1.343869298541697796e-03
3.250543279362137582e+03 1.054118156651441041e+01 1.344923393507444767e-03
3.250545594375234487e+03 1.054289392144844939e+01 1.346836964468497164e-03
3.250547909388331391e+03 1.054046942951375598e+01 1.343580956608870494e-03
3.250550224401195919e+03 1.054318365945277947e+01 1.346157003204258209e-03
3.250552539414294188e+03 1.054045593286011950e+01 1.343230022982957713e-03
3.250554854427390637e+03 1.054517739389553554e+01 1.349067822652227390e-03
3.250557169440256075e+03 1.054396524273613878e+01 1.347729789875045346e-03
3.250559484453352979e+03 1.054055799205440991e+01 1.343957009297157886e-03
3.250561799466450793e+03 1.054395631223961516e+01 1.347221042222844370e-03
3.250564114479315322e+03 1.054078458618938363e+01 1.343933063733491638e-03
3.250566429492411771e+03 1.054359613751738145e+01 1.348423223696474825e-03
3.250568744505276300e+03 1.054000882967505248e+01 1.342735388444252741e-03
3.250571059518373659e+03 1.054319233776122999e+01 1.347117995900365536e-03
3.250573374531239097e+03 1.054130319370476521e+01 1.344354036538149754e-03
3.250575689544336001e+03 1.054148430918224477e+01 1.344868277625823087e-03
3.250578004557200984e+03 1.054370993378082666e+01 1.347864397245515829e-03
3.250580319570065512e+03 1.054241073448150345e+01 1.345559531208271242e-03
3.250582634583162871e+03 1.054162206576329908e+01 1.344663435318849826e-03
3.250584949596026490e+03 1.054290348833441016e+01 1.345550000570096098e-03
3.250587264608891019e+03 1.054350630688781010e+01 1.346254772721924928e-03
3.250589579621989287e+03 1.054192092626172084e+01 1.345432108593891830e-03
3.250591894634853816e+03 1.054308569184954791e+01 1.346960810056963258e-03
3.250594209647718344e+03 1.054345219599107786e+01 1.347077017425716812e-03
3.250596524660582872e+03 1.054417091960930364e+01 1.347481126104247686e-03
3.250598839673680231e+03 1.054311414476847730e+01 1.346632971356151280e-03
3.250601154686544760e+03 1.054535074295434249e+01 1.349991921321924389e-03
3.250603469699408379e+03 1.054387495200907665e+01 1.348183064579489953e-03
3.250605784712272907e+03 1.053969468390801545e+01 1.341625682346049824e-03
3.250608099725138345e+03 1.054347744197236203e+01 1.347123221726809639e-03
3.250610414738002873e+03 1.054177929643560496e+01 1.344839030859116928e-03
3.250612729751100233e+03 1.054112096069797566e+01 1.344262982293623109e-03
3.250615044763964761e+03 1.054331894088663368e+01 1.347565522874384202e-03
3.250617359776829289e+03 1.054326226302415925e+01 1.346146193435137370e-03
3.250619674789693818e+03 1.053984110600560697e+01 1.342919806687382402e-03
3.250621989802557437e+03 1.054394914310525699e+01 1.347587489429177224e-03
3.250624304815421965e+03 1.054172492902687353e+01 1.345398306902430806e-03
3.250626619828287403e+03 1.054228815990686385e+01 1.346540556689484894e-03
3.250628934840918191e+03 1.054137609212378024e+01 1.345225915069763476e-03
3.250631249853782720e+03 1.053866886828158300e+01 1.341667675359245471e-03
3.250633564866648157e+03 1.054297135210997993e+01 1.347163931202296876e-03
3.250635879879512686e+03 1.054159418866533748e+01 1.345045956403124673e-03
3.250638194892377214e+03 1.053942302025301991e+01 1.343450271413676629e-03
3.250640509905240833e+03 1.054217375795374245e+01 1.346278964917535645e-03
3.250642824917872986e+03 1.053740862277373402e+01 1.340762606008424982e-03
3.250645139930737514e+03 1.053818688360808231e+01 1.341793860771193017e-03
3.250647454943600678e+03 1.053883135648943892e+01 1.343249815600821824e-03
3.250649769956466116e+03 1.053184721258226020e+01 1.334934001841945076e-03
3.250652084969098723e+03 1.053610652355541788e+01 1.339709619606313431e-03
3.250654399981963252e+03 1.053980738692171215e+01 1.344725289033391145e-03
3.250656714994827780e+03 1.053612832962846468e+01 1.340376245445644822e-03
3.250659030007459023e+03 1.053757671037842236e+01 1.342358369843233605e-03
3.250661345020324006e+03 1.053214833761239433e+01 1.336086190836184746e-03
3.250663660033187625e+03 1.053986757073505487e+01 1.345681837696252907e-03
3.250665975045819323e+03 1.053481757820592435e+01 1.340431304403676745e-03
3.250668290058684761e+03 1.053207174503772769e+01 1.336153636812694888e-03
3.250670605071317368e+03 1.053461789939287740e+01 1.339349024015945144e-03
3.250672920084180987e+03 1.053333272093479600e+01 1.338329424506522680e-03
3.250675235096812685e+03 1.053304006759051070e+01 1.337994739094101578e-03
3.250677550109443928e+03 1.053114659473492587e+01 1.335713628419440057e-03
3.250679865122308911e+03 1.053592906079493652e+01 1.342095992147556349e-03
3.250682180134939699e+03 1.053309382629565505e+01 1.338571445430479815e-03
3.250684495147804228e+03 1.053263675652199893e+01 1.338045932334801539e-03
3.250686810160436380e+03 1.053475900914222763e+01 1.341649080347836771e-03
3.250689125173069442e+03 1.053345448414213870e+01 1.339530784908055236e-03
3.250691440185933061e+03 1.052685166053206167e+01 1.332624665765765569e-03
3.250693755198564759e+03 1.052995314414376438e+01 1.335987726516274943e-03
3.250696070211196002e+03 1.052443782216622381e+01 1.329902999300838252e-03
3.250698385223828154e+03 1.052657875023494682e+01 1.331948099467154681e-03
3.250700700236692683e+03 1.052991091002015267e+01 1.336237628165523389e-03
3.250703015249322561e+03 1.052672625401114459e+01 1.332367172868183193e-03
3.250705330261955623e+03 1.052935599296947267e+01 1.335595716402545761e-03
3.250707645274588685e+03 1.052838094855034967e+01 1.335364845698417020e-03
3.250709960287219474e+03 1.052610939673420454e+01 1.331289150787375464e-03
3.250712275299851171e+03 1.052935464762435203e+01 1.336627808371523970e-03
3.250714590312482869e+03 1.052974051423793966e+01 1.337195613262667868e-03
3.250716905325114567e+03 1.052531730763023887e+01 1.331184325834916136e-03
3.250719220337746265e+03 1.052313659420522818e+01 1.330172894071741030e-03
3.250721535350376143e+03 1.052412642090874151e+01 1.331194681047235921e-03
3.250723850363009660e+03 1.052673007743057809e+01 1.333432799122206188e-03
3.250726165375642267e+03 1.052198255755612877e+01 1.328445685462714080e-03
3.250728480388273056e+03 1.052713830167077269e+01 1.335209024836262783e-03
3.250730795400904753e+03 1.052464521181663137e+01 1.332202388899045558e-03
3.250733110413535996e+03 1.052738618457377839e+01 1.335071792119188559e-03
3.250735425426168149e+03 1.052145124106246676e+01 1.328012530542485321e-03
3.250737740438798937e+03 1.052285806685920377e+01 1.330507219414638238e-03
3.250740055451429726e+03 1.052123231794729286e+01 1.329311065614316835e-03
3.250742370463829957e+03 1.052210616831396095e+01 1.329522915461368035e-03
3.250744685476462109e+03 1.051918687910112382e+01 1.326384234748157875e-03
3.250747000489093807e+03 1.052074474098156287e+01 1.327505035894747986e-03
3.250749315501724595e+03 1.052387624280840583e+01 1.332134220661416448e-03
3.250751630514123917e+03 1.052269927635771829e+01 1.330439554503753128e-03
3.250753945526756070e+03 1.052174854201204468e+01 1.329965817895555546e-03
3.250756260539386858e+03 1.051906703688278988e+01 1.326574617673567094e-03
3.250758575551785725e+03 1.051993950611709927e+01 1.327921105511952827e-03
3.250760890564417878e+03 1.051891172440614497e+01 1.325701983024750018e-03
3.250763205576817199e+03 1.052039945750703254e+01 1.329649975793878447e-03
3.250765520589448897e+03 1.051710406514737706e+01 1.325348171311761716e-03
3.250767835601847764e+03 1.052254159650866505e+01 1.331339530960636095e-03
3.250770150614479007e+03 1.051974534445699128e+01 1.327988388385959459e-03
3.250772465626878329e+03 1.051781434615079469e+01 1.325476479888558056e-03
3.250774780639509117e+03 1.052178395922830134e+01 1.330830713595804269e-03
3.250777095651907530e+03 1.052125343413999126e+01 1.329979887607599630e-03
3.250779410664540592e+03 1.051838687130302219e+01 1.326701503067554419e-03
3.250781725676940368e+03 1.051992459882077036e+01 1.328673852642140753e-03
3.250784040689338326e+03 1.051923057870215672e+01 1.328303892585375916e-03
3.250786355701969114e+03 1.052273261745379607e+01 1.330478513655118395e-03
3.250788670714368891e+03 1.052041283554377493e+01 1.329422280372443170e-03
3.250790985726767758e+03 1.051499287412068284e+01 1.322817790857084034e-03
3.250793300739399001e+03 1.051527888947330247e+01 1.322791906523898076e-03
3.250795615751797413e+03 1.051813484323509762e+01 1.326769820117145197e-03
3.250797930764196281e+03 1.051705308353698598e+01 1.326007312012460714e-03
3.250800245776596512e+03 1.052227087936087813e+01 1.330932444562965382e-03
3.250802560788994924e+03 1.052234885016096477e+01 1.331005856357050715e-03
3.250804875801625712e+03 1.052027626825477213e+01 1.329309259309293095e-03
3.250807190814025034e+03 1.051672834939508405e+01 1.325206738284680783e-03
3.250809505826424356e+03 1.051546922077935875e+01 1.322893142936729409e-03
3.250811820838822314e+03 1.052110960445129351e+01 1.330406970344744999e-03
3.250814135851221181e+03 1.051797463938479460e+01 1.327022974327636768e-03
3.250816450863620958e+03 1.052112184679875284e+01 1.328976762580011016e-03
3.250818765876020734e+03 1.051581902711637539e+01 1.323946515124890550e-03
3.250821080888418692e+03 1.051845125375525392e+01 1.326641873497836060e-03
3.250823395900818014e+03 1.051906299723875016e+01 1.327479352153424592e-03
3.250825710913217335e+03 1.051980042344017541e+01 1.328586842209318651e-03
3.250828025925615293e+03 1.051948286651584397e+01 1.327623216011271801e-03
3.250830340938013251e+03 1.051880042155116257e+01 1.326967069947166842e-03
3.250832655950179287e+03 1.051505019815508923e+01 1.322067148082303051e-03
3.250834970962579064e+03 1.052169467537784087e+01 1.329443307112415391e-03
3.250837285974978840e+03 1.051922992647751443e+01 1.327902329678483460e-03
3.250839600987376798e+03 1.052303126106795794e+01 1.332129026079918212e-03
3.250841915999775665e+03 1.051951529309118527e+01 1.327812444050921080e-03
3.250844231011941702e+03 1.052252856376340162e+01 1.330683588363170506e-03
3.250846546024339659e+03 1.052324086642662770e+01 1.330756207084627220e-03
3.250848861036738526e+03 1.051815704023951525e+01 1.325983533297592698e-03
3.250851176048905018e+03 1.052212696260586000e+01 1.329750466634549346e-03
3.250853491061305249e+03 1.052349446778323561e+01 1.331790062232708367e-03
3.250855806073703206e+03 1.052354510681660926e+01 1.331483471181397127e-03
3.250858121085869243e+03 1.052174982551417770e+01 1.329743010624759737e-03
3.250860436098268110e+03 1.052261266549843910e+01 1.330670756879111412e-03
3.250862751110434147e+03 1.052035460026936420e+01 1.327566655842857529e-03
3.250865066122833014e+03 1.052557979734387494e+01 1.333186253363456177e-03
3.250867381134998141e+03 1.052200105877062342e+01 1.329729375845956334e-03
3.250869696147397008e+03 1.052391451356714214e+01 1.332100740156224629e-03
3.250872011159563954e+03 1.052399069454414970e+01 1.332945831232246105e-03
3.250874326171963730e+03 1.052558882882746616e+01 1.332914185465730594e-03
3.250876641184128857e+03 1.052249291237575513e+01 1.330550464706020414e-03
3.250878956196294894e+03 1.052298320891702943e+01 1.330157795936701311e-03
3.250881271208693761e+03 1.052119955506871918e+01 1.328222174987229130e-03
3.250883586220859797e+03 1.052131209355443353e+01 1.328253320410795711e-03
3.250885901233024924e+03 1.052007577530300964e+01 1.327054432423076767e-03
3.250888216245423791e+03 1.052020316028348645e+01 1.326187897829232557e-03
3.250890531257590737e+03 1.052159531062548936e+01 1.329411809592912202e-03
3.250892846269757683e+03 1.052504282943346148e+01 1.331746981754233870e-03
3.250895161281922810e+03 1.052336121365230781e+01 1.330708632262621489e-03
3.250897476294088847e+03 1.052935295372765268e+01 1.336743283713554215e-03
3.250899791306487714e+03 1.051995905074716120e+01 1.326658040253372341e-03
3.250902106318653750e+03 1.052240490102317594e+01 1.329123917238065862e-03
3.250904421330818877e+03 1.052749851501582157e+01 1.336181781983429052e-03
3.250906736342984914e+03 1.052055139265747385e+01 1.325960606609841727e-03
3.250909051355151860e+03 1.052312653229719785e+01 1.330203056497533719e-03
3.250911366367318806e+03 1.052472450539423576e+01 1.331730716909289682e-03
3.250913681379483933e+03 1.052312935033566177e+01 1.329924958231932944e-03
3.250915996391649969e+03 1.052448983401972171e+01 1.332091022157837288e-03
3.250918311403816006e+03 1.052733119766007874e+01 1.334482660355109035e-03
3.250920626415981133e+03 1.052706462554368905e+01 1.334356323580417536e-03
3.250922941428147169e+03 1.052429747962607820e+01 1.331175791480732279e-03
3.250925256440313206e+03 1.052503052768067882e+01 1.331939403894860999e-03
3.250927571452248230e+03 1.052627925540201126e+01 1.332853319309396361e-03
3.250929886464414267e+03 1.052495113590894249e+01 1.331879563577930423e-03
3.250932201476580303e+03 1.052189470383499703e+01 1.328212270997034114e-03
3.250934516488746340e+03 1.052218867739148145e+01 1.328703067862242824e-03
3.250936831500912376e+03 1.052277864351841785e+01 1.329443250675246000e-03
3.250939146512844673e+03 1.052671616257490328e+01 1.335312911822757664e-03
3.250941461525010709e+03 1.052513992894992967e+01 1.332180613624523455e-03
3.250943776537176745e+03 1.052565878595203230e+01 1.332346256852609155e-03
3.250946091549109951e+03 1.052143987211597320e+01 1.328409657211374094e-03
3.250948406561276897e+03 1.052434410708869095e+01 1.332059375085959925e-03
3.250950721573442934e+03 1.052339974104940623e+01 1.329756893116014818e-03
3.250953036585376140e+03 1.052418969382992309e+01 1.331035959895064853e-03
3.250955351597542176e+03 1.052440926935087795e+01 1.331462422223453086e-03
3.250957666609473563e+03 1.052948425002207600e+01 1.337323539699459673e-03
3.250959981621640054e+03 1.052676251958153486e+01 1.335073308015135305e-03
3.250962296633573715e+03 1.052206121876522182e+01 1.329069613601383025e-03
3.250964611645739751e+03 1.052301392062749308e+01 1.329846152551017804e-03
3.250966926657673866e+03 1.052229677373358108e+01 1.329313988240468343e-03
3.250969241669607072e+03 1.052422178586908963e+01 1.331205893018992973e-03
3.250971556681773109e+03 1.052406301837958225e+01 1.331068375887904925e-03
3.250973871693706315e+03 1.052758569674379174e+01 1.334606235212605152e-03
3.250976186705637701e+03 1.052473496543819742e+01 1.331798448058926256e-03
3.250978501717804647e+03 1.052470066870662535e+01 1.331974015842972208e-03
3.250980816729737853e+03 1.052762893782628950e+01 1.334921709966443472e-03
3.250983131741671059e+03 1.052546695506304886e+01 1.332493628231982627e-03
3.250985446753837095e+03 1.052273276913316025e+01 1.329076157551157449e-03
3.250987761765771211e+03 1.052413660403593454e+01 1.331125073587641249e-03
3.250990076777704417e+03 1.052832244631243341e+01 1.335809052028423321e-03
3.250992391789636713e+03 1.052556477193882145e+01 1.332423863764390422e-03
3.250994706801569464e+03 1.052348444741560485e+01 1.330637673958677894e-03
3.250997021813503125e+03 1.052439118316734756e+01 1.330656885176181858e-03
3.250999336825436330e+03 1.052813382502224826e+01 1.335276712985283051e-03
3.251001651837369991e+03 1.052423290803137590e+01 1.330380645405229842e-03
3.251003966849302742e+03 1.052399894544878833e+01 1.330398299088360846e-03
3.251006281861236857e+03 1.052542049003679558e+01 1.333365527018880994e-03
3.251008596873170063e+03 1.052394675643885513e+01 1.331284370737905506e-03
3.251010911885103269e+03 1.052609260119170642e+01 1.333410161140552008e-03
3.251013226897034656e+03 1.052526002520871629e+01 1.332342374962274152e-03
3.251015541908968771e+03 1.052281637434460571e+01 1.328818289025772339e-03
3.251017856920901977e+03 1.052448652142041752e+01 1.331654577229702228e-03
3.251020171932835183e+03 1.052691009047407888e+01 1.334119837054133402e-03
3.251022486944769298e+03 1.052952356527240596e+01 1.338012565948618450e-03
3.251024801956702049e+03 1.052628176488633471e+01 1.333523313477646922e-03
3.251027116968402879e+03 1.052672819491299094e+01 1.333118262757588147e-03
3.251029431980335175e+03 1.052774975395259460e+01 1.335327861189744818e-03
3.251031746992269291e+03 1.052530457174805711e+01 1.331942717191165852e-03
3.251034062003968756e+03 1.052786182509546364e+01 1.335238927676739339e-03
3.251036377015901962e+03 1.052818448520303818e+01 1.335846251590616955e-03
3.251038692027835168e+03 1.052669382406466347e+01 1.333421226311588825e-03
3.251041007039537362e+03 1.052825590176811055e+01 1.335620219388769124e-03
3.251043322051469659e+03 1.052403609199754797e+01 1.330540538454378589e-03
3.251045637063402864e+03 1.052360138029414749e+01 1.330716099839730684e-03
3.251047952075102330e+03 1.052335836087234533e+01 1.329920267712651153e-03
3.251050267087035991e+03 1.052464099330281044e+01 1.331821457636626037e-03
3.251052582098736821e+03 1.052475150332348264e+01 1.331643394900726245e-03
3.251054897110669117e+03 1.052814354945198971e+01 1.336366753385649728e-03
3.251057212122369947e+03 1.052317607779208686e+01 1.328754668373615050e-03
3.251059527134070777e+03 1.052164532459495838e+01 1.327385240165453216e-03
3.251061842146004892e+03 1.052697290344605818e+01 1.334018543724208201e-03
3.251064157157704358e+03 1.052392508621514722e+01 1.330126098776604135e-03
3.251066472169636654e+03 1.052282103558266257e+01 1.329769141474627329e-03
3.251068787181337029e+03 1.052693565003977128e+01 1.334070676718604898e-03
3.251071102193038314e+03 1.052580730555042088e+01 1.332958471275192888e-03
3.251073417204737780e+03 1.052606600918106139e+01 1.333318006610772913e-03
3.251075732216670986e+03 1.052624587848476700e+01 1.332740736541367186e-03
3.251078047228372270e+03 1.052531483473272367e+01 1.331996891825146072e-03
3.251080362240072645e+03 1.052564287275805910e+01 1.332824446557527099e-03
3.251082677251773021e+03 1.052552714326496286e+01 1.332102823809720683e-03
3.251084992263472486e+03 1.052501738446672874e+01 1.331663162160403018e-03
3.251087307275172861e+03 1.052484678978930788e+01 1.331284279834626895e-03
3.251089622287106522e+03 1.052748484982598498e+01 1.334693063277508744e-03
3.251091937298806442e+03 1.051876098743221633e+01 1.324914693145780309e-03
3.251094252310506818e+03 1.052280490279652625e+01 1.330828559049069670e-03
3.251096567322208102e+03 1.052729893257913929e+01 1.334596036203883600e-03
3.251098882333909387e+03 1.052062401752203336e+01 1.327136227158278326e-03
3.251101197345608853e+03 1.052178658684931989e+01 1.328542647152511098e-03
3.251103512357308318e+03 1.052442795392471098e+01 1.331065581600102479e-03
3.251105827368775863e+03 1.052535345549006429e+01 1.333049485704752022e-03
3.251108142380477148e+03 1.052199020165317833e+01 1.328289472278510863e-03
3.251110457392176613e+03 1.052090443892648963e+01 1.328003728633696690e-03
3.251112772403876988e+03 1.052121237583931901e+01 1.328618722845097740e-03
3.251115087415578273e+03 1.052165710273938082e+01 1.328042561092995615e-03
3.251117402427278648e+03 1.052528895200387993e+01 1.332636028723568769e-03
3.251119717438746193e+03 1.052372339975712379e+01 1.331815597130936142e-03
3.251122032450445658e+03 1.052175424848478968e+01 1.329050594026416187e-03
3.251124347462146943e+03 1.051836645388446101e+01 1.325122754432109641e-03
3.251126662473613578e+03 1.052452998017905550e+01 1.332953629497774005e-03
3.251128977485313953e+03 1.052239025897114644e+01 1.330827117545730883e-03
3.251131292497015238e+03 1.051781288914443913e+01 1.325477696952490547e-03
3.251133607508483692e+03 1.052128805488436036e+01 1.329861556158594112e-03
3.251135922520183158e+03 1.052011724153467043e+01 1.327815416323344056e-03
3.251138237531650702e+03 1.052273288357842063e+01 1.331666706319248761e-03
3.251140552543351077e+03 1.051771007005144476e+01 1.326032341539656574e-03
3.251142867554818622e+03 1.051709623913444602e+01 1.325554066815939555e-03
3.251145182566518088e+03 1.051857743256622868e+01 1.327221177234406795e-03
3.251147497577985632e+03 1.051825920326711383e+01 1.326865292125937144e-03
3.251149812589686917e+03 1.051769985596381929e+01 1.326480473522073439e-03
3.251152127601155371e+03 1.051215759276720618e+01 1.320223785568507306e-03
3.251154442612622006e+03 1.051178725691386262e+01 1.319555375658323275e-03
3.251156757624322381e+03 1.051368227603015093e+01 1.322770469131050869e-03
3.251159072635789926e+03 1.051474145998135334e+01 1.324142421541050921e-03
3.251161387647257470e+03 1.051392688127068098e+01 1.323888185105287496e-03
3.251163702658957845e+03 1.051302105761963546e+01 1.321920900217597814e-03
3.251166017670424480e+03 1.051366810080966907e+01 1.323252077239554618e-03
3.251168332681892934e+03 1.050989309499681745e+01 1.319959709307460529e-03
3.251170647693361389e+03 1.051105199567700410e+01 1.321354919841751007e-03
3.251172962704828024e+03 1.050654698917174557e+01 1.314839927232290887e-03
3.251175277716294659e+03 1.050935479861871436e+01 1.319468168851375663e-03
3.251177592727995943e+03 1.050649055992240477e+01 1.316681810513844293e-03
3.251179907739463488e+03 1.051059742840793909e+01 1.321025408562769097e-03
3.251182222750930123e+03 1.050748241107125125e+01 1.318131650941011110e-03
3.251184537762397667e+03 1.050548600769882235e+01 1.316517420823651438e-03
3.251186852773866576e+03 1.051044476633428282e+01 1.322317463709649825e-03
3.251189167785334575e+03 1.050511596575863926e+01 1.316330670540154322e-03
3.251191482796801210e+03 1.050457085176353011e+01 1.316262963076314562e-03
3.251193797808268755e+03 1.050854570294930035e+01 1.320537259809892883e-03
3.251196112819503014e+03 1.050594978909889221e+01 1.317546945204552383e-03
3.251198427830971013e+03 1.050420802713249557e+01 1.316286086776463247e-03
3.251200742842437649e+03 1.050465838511659555e+01 1.316302934438458999e-03
3.251203057853906103e+03 1.050058175908532299e+01 1.312485337746330857e-03
3.251205372865373647e+03 1.050385481968579882e+01 1.315971813683949627e-03
3.251207687876609270e+03 1.050347406105241888e+01 1.316368030219336850e-03
3.251210002888075906e+03 1.050102820886485055e+01 1.313554919318177337e-03
3.251212317899544360e+03 1.049787658447512051e+01 1.309955006082841279e-03
3.251214632911011904e+03 1.050014285185282858e+01 1.313386946878287304e-03
3.251216947922245708e+03 1.050112078412789529e+01 1.313713437109070067e-03
3.251219262933713253e+03 1.049902547661541163e+01 1.312555974732111620e-03
3.251221577944947967e+03 1.049857581300948439e+01 1.311763576418919401e-03
3.251223892956415966e+03 1.050043419754932472e+01 1.313437266408726007e-03
3.251226207967883965e+03 1.049561788834795450e+01 1.309122517439667956e-03
3.251228522979117770e+03 1.049660112020856673e+01 1.309589378629369286e-03
3.251230837990586224e+03 1.049371082021582069e+01 1.307272761860546820e-03
3.251233153001820483e+03 1.050120278417107933e+01 1.315554677201629221e-03
3.251235468013054742e+03 1.049071223428110322e+01 1.304362758186649847e-03
3.251237783024522287e+03 1.049610635864997832e+01 1.310801383474805406e-03
3.251240098035757001e+03 1.049432642484352485e+01 1.308999120611856366e-03
3.251242413047225000e+03 1.049053042936759716e+01 1.304928735149086692e-03
3.251244728058460169e+03 1.048767533327161416e+01 1.301991559436139513e-03
3.251247043069693973e+03 1.048771331818952035e+01 1.301899802609499503e-03
3.251249358081161972e+03 1.048788714449802839e+01 1.302736190898402639e-03
3.251251673092397141e+03 1.048682984416617181e+01 1.302550577683598415e-03
3.251253988103630945e+03 1.048841158573505972e+01 1.304436258659692803e-03
3.251256303114864750e+03 1.048394334309254283e+01 1.299621985191618326e-03
3.251258618126099918e+03 1.048736337663034845e+01 1.303048586203218355e-03
3.251260933137568827e+03 1.048792186401060889e+01 1.304351853937064107e-03
3.251263248148802631e+03 1.048675890756750739e+01 1.302788718278273701e-03
3.251265563160037345e+03 1.048584708802388121e+01 1.301841382401671722e-03
3.251267878171272059e+03 1.047699999170086826e+01 1.293312069905904003e-03
3.251270193182507683e+03 1.048311408745008322e+01 1.299394942844523965e-03
3.251272508193741487e+03 1.048253297726092548e+01 1.299576953291931491e-03
3.251274823204976201e+03 1.048538324614888673e+01 1.302515913209071263e-03
3.251277138216211824e+03 1.048069925129544799e+01 1.297479077961174228e-03
3.251279453227446083e+03 1.048029963711908863e+01 1.297758411709684775e-03
3.251281768238681252e+03 1.048021504738100518e+01 1.298590847283040460e-03
3.251284083249915966e+03 1.048049252526811870e+01 1.298297252834502372e-03
3.251286398260917849e+03 1.047547208712347988e+01 1.293530848438993741e-03
3.251288713272151654e+03 1.047605029279554145e+01 1.294309298014091050e-03
3.251291028283386368e+03 1.047536826220047601e+01 1.293621943458514228e-03
3.251293343294621081e+03 1.047371250042093926e+01 1.292290960879876943e-03
3.251295658305856705e+03 1.047395999556426816e+01 1.292718794556596508e-03
3.251297973316857679e+03 1.047192433377502851e+01 1.290115304103944165e-03
3.251300288328093302e+03 1.047294799967091095e+01 1.291946885387557521e-03
3.251302603339328016e+03 1.046855926261790692e+01 1.286981498008191952e-03
3.251304918350329899e+03 1.047150429219550993e+01 1.289862833701472568e-03
3.251307233361563704e+03 1.047367901228635034e+01 1.293203227779870634e-03
3.251309548372565587e+03 1.047304512569716373e+01 1.292824087682107161e-03
3.251311863383800301e+03 1.047360784655428212e+01 1.293587745401123109e-03
3.251314178395035469e+03 1.046842060842621436e+01 1.288614107305508004e-03
3.251316493406037807e+03 1.046780451058929984e+01 1.288125390667764188e-03
3.251318808417039691e+03 1.047162377372530706e+01 1.292515749519211610e-03
3.251321123428273950e+03 1.047184459789639099e+01 1.292880655481579329e-03
3.251323438439276288e+03 1.046682412539768592e+01 1.286744717036853326e-03
3.251325753450510092e+03 1.046470531067044263e+01 1.284548678616037869e-03
3.251328068461511975e+03 1.046579790256108033e+01 1.286707497154668560e-03
3.251330383472513859e+03 1.046921778982998674e+01 1.290368566615839605e-03
3.251332698483748572e+03 1.046438693619514737e+01 1.284379889338391331e-03
3.251335013494751365e+03 1.046434102065357941e+01 1.284926303317893625e-03
3.251337328505753248e+03 1.046657523470761930e+01 1.287949508056206302e-03
3.251339643516988872e+03 1.046555798414460270e+01 1.287283724630978662e-03
3.251341958527989846e+03 1.046494997735014643e+01 1.286254215863708548e-03
3.251344273538991729e+03 1.046086671201504892e+01 1.282123351617406879e-03
3.251346588549993612e+03 1.046626542206969290e+01 1.288326145174965593e-03
3.251348903560995495e+03 1.046176835189799270e+01 1.283019793481139995e-03
3.251351218571997379e+03 1.045873009190864344e+01 1.280667072049906496e-03
3.251353533582999262e+03 1.046070062957683788e+01 1.281513941631572812e-03
3.251355848594001145e+03 1.046326836292014839e+01 1.286210779752407912e-03
3.251358163605003483e+03 1.046237844138168960e+01 1.285483691922067410e-03
3.251360478616004912e+03 1.045902125889436007e+01 1.280369351598989675e-03
3.251362793627006795e+03 1.045786998167711346e+01 1.280065471418860047e-03
3.251365108638008678e+03 1.046076648798588771e+01 1.282545965607452456e-03
3.251367423649010561e+03 1.045804751980416114e+01 1.279707879052364040e-03
3.251369738660012445e+03 1.046264777060158124e+01 1.284605192727182816e-03
3.251372053671014328e+03 1.045899769418794278e+01 1.281147310875345273e-03
3.251374368682016211e+03 1.046062455769696697e+01 1.283246609284131434e-03
3.251376683693018094e+03 1.046135015321182316e+01 1.283172552641677171e-03
3.251378998703787147e+03 1.046014202083502731e+01 1.282516015429907390e-03
3.251381313714788121e+03 1.045832464773928194e+01 1.281350705164492230e-03
3.251383628725790913e+03 1.045820971984088921e+01 1.280501650998151081e-03
3.251385943736792797e+03 1.046143292657094825e+01 1.284285191224345630e-03
3.251388258747561849e+03 1.046153745134446567e+01 1.284595475988510463e-03
3.251390573758563733e+03 1.046000610218718663e+01 1.282306057374369996e-03
3.251392888769332785e+03 1.046046781604292342e+01 1.283162984299274917e-03
3.251395203780334668e+03 1.046130209009852408e+01 1.283902312269805026e-03
3.251397518791336552e+03 1.046287594764345386e+01 1.285526276753127519e-03
3.251399833802106059e+03 1.045814580391012960e+01 1.281043097137027093e-03
3.251402148813108397e+03 1.046024273679136662e+01 1.282682403521221261e-03
3.251404463823876540e+03 1.046074166382404691e+01 1.282632033211428312e-03
3.251406778834878423e+03 1.046092171477188870e+01 1.283905597174575747e-03
3.251409093845647476e+03 1.046026562424548167e+01 1.282523942424287954e-03
3.251411408856417438e+03 1.045992192197907578e+01 1.282593974769305695e-03
3.251413723867419321e+03 1.046051777372816183e+01 1.283270158717319002e-03
3.251416038878187464e+03 1.046035575361963055e+01 1.283341135227471490e-03
3.251418353888956972e+03 1.046353111382560108e+01 1.286373440308714563e-03
3.251420668899959310e+03 1.045713336656172743e+01 1.279400084146794549e-03
3.251422983910727453e+03 1.045551164136658073e+01 1.278198507614176091e-03
3.251425298921495596e+03 1.046117269024173879e+01 1.283296482543739517e-03
3.251427613932265558e+03 1.045957139949186221e+01 1.281607534984657631e-03
3.251429928943035520e+03 1.045841210680102229e+01 1.280752114588334717e-03
3.251432243954037403e+03 1.046061702871108068e+01 1.283722257639037653e-03
3.251434558964805547e+03 1.045967645881880514e+01 1.282796187223230302e-03
3.251436873975575054e+03 1.045819555856408911e+01 1.279979440191647989e-03
3.251439188986343652e+03 1.045698060183427813e+01 1.279149437027240609e-03
3.251441503997112704e+03 1.046079542851880895e+01 1.283249123698504109e-03
3.251443819007880847e+03 1.045830905268960009e+01 1.280847760852398334e-03
3.251446134018650810e+03 1.046390722573826437e+01 1.286237457326293776e-03
3.251448449029420772e+03 1.046180341413813863e+01 1.284503745645120291e-03
3.251450764040189824e+03 1.045982460581657136e+01 1.282599550052212481e-03
3.251453079050957967e+03 1.045921705744724761e+01 1.281450970317876562e-03
3.251455394061727020e+03 1.045792337198829536e+01 1.279709267296566793e-03
3.251457709072264151e+03 1.046132279190241654e+01 1.284523616603083567e-03
3.251460024083032295e+03 1.045947476790142439e+01 1.281892821427881631e-03
3.251462339093801347e+03 1.046004511549026006e+01 1.281291047671518149e-03
3.251464654104571309e+03 1.045975522097550225e+01 1.282198374848277653e-03
3.251466969115107531e+03 1.046042961404381444e+01 1.282880631492629587e-03
3.251469284125875674e+03 1.045977720741067074e+01 1.282305723298362036e-03
3.251471599136645636e+03 1.045828612331350982e+01 1.280356588436824946e-03
3.251473914147181858e+03 1.045836596535542284e+01 1.280667870989024917e-03
3.251476229157950911e+03 1.046176774435074641e+01 1.283954245573991609e-03
3.251478544168719054e+03 1.046154325538764951e+01 1.284269334749043364e-03
3.251480859179255276e+03 1.046071318101860470e+01 1.283278081871872022e-03
3.251483174190025238e+03 1.045632403987872117e+01 1.278129397428086345e-03
3.251485489200561460e+03 1.045900230581205648e+01 1.281675959639029180e-03
3.251487804211329603e+03 1.045952328554592548e+01 1.281369832109736668e-03
3.251490119221866735e+03 1.045924708105818901e+01 1.281191516055679410e-03
3.251492434232635787e+03 1.046160393838176716e+01 1.283732640450877763e-03
3.251494749243171100e+03 1.045732739439497649e+01 1.279210748782091478e-03
3.251497064253707322e+03 1.046017010592120755e+01 1.283143408390090452e-03
3.251499379264476374e+03 1.045932248072100279e+01 1.281499951414784809e-03
3.251501694275013051e+03 1.046115896575472703e+01 1.283726322706424741e-03
3.251504009285549728e+03 1.045697134056564614e+01 1.279940400027562535e-03
3.251506324296318780e+03 1.045897832123327653e+01 1.282098502831818029e-03
3.251508639306855002e+03 1.045732243282821727e+01 1.279258429726318896e-03
3.251510954317391224e+03 1.046316967132745823e+01 1.284988526982580766e-03
3.251513269327927446e+03 1.045987828933335351e+01 1.283021718800193920e-03
3.251515584338463668e+03 1.045983944993572479e+01 1.282426447041999477e-03
3.251517899348999890e+03 1.045914420553080149e+01 1.281418605880602080e-03
3.251520214359768943e+03 1.046043841746644176e+01 1.282936479265307057e-03
3.251522529370305165e+03 1.045858934187138090e+01 1.280765860085934880e-03
3.251524844380842296e+03 1.045937653690539726e+01 1.281356668556042329e-03
3.251527159391377609e+03 1.046005741729734595e+01 1.282423786149355449e-03
3.251529474401913831e+03 1.046063897080706440e+01 1.283203029260410188e-03
3.251531789412449143e+03 1.045705375616491928e+01 1.280072331382149523e-03
3.251534104422986275e+03 1.045914088019172894e+01 1.281990534419197043e-03
3.251536419433288756e+03 1.046016381588489708e+01 1.282514871763992814e-03
3.251538734443825888e+03 1.045650173740310862e+01 1.278082395633235854e-03
3.251541049454362110e+03 1.045875303929734912e+01 1.280639357031816737e-03
3.251543364464899241e+03 1.045834174768867797e+01 1.280220553138606198e-03
3.251545679475434554e+03 1.045792705763135189e+01 1.279300559536963346e-03
3.251547994485737945e+03 1.046336169104249336e+01 1.285659141675130806e-03
3.251550309496274167e+03 1.045888454429887382e+01 1.282219038883621823e-03
3.251552624506809934e+03 1.046075536125168171e+01 1.283261834435331329e-03
3.251554939517345701e+03 1.045910010920565902e+01 1.280692540977451362e-03
3.251557254527650002e+03 1.045753680486724235e+01 1.279788577776467314e-03
3.251559569538186224e+03 1.045907262992530207e+01 1.281543729754711959e-03
3.251561884548490070e+03 1.045762776447460318e+01 1.279764787291306658e-03
3.251564199559026747e+03 1.045606468161419045e+01 1.278001937828275288e-03
3.251566514569562059e+03 1.046190424529071095e+01 1.284785832041577657e-03
3.251568829579864996e+03 1.045747167321543358e+01 1.279376306690601772e-03
3.251571144590168842e+03 1.046112405874800366e+01 1.283298748627644242e-03
3.251573459600704155e+03 1.045808796114400607e+01 1.279990620403876657e-03
3.251575774611008001e+03 1.045792918932834326e+01 1.280717826804334859e-03
3.251578089621544677e+03 1.045826485384651860e+01 1.280841713402298184e-03
3.251580404631848978e+03 1.045643927112669580e+01 1.277984725193632163e-03
3.251582719642152369e+03 1.045662801532920483e+01 1.279358951211742807e-03
3.251585034652687682e+03 1.046004722231260686e+01 1.282841299998704106e-03
3.251587349662991073e+03 1.046106785629162061e+01 1.283748986599860540e-03
3.251589664673295374e+03 1.046066080316820290e+01 1.283128595759377511e-03
3.251591979683597856e+03 1.045723002290519510e+01 1.279603251994695110e-03
3.251594294694134078e+03 1.045642352653275609e+01 1.278423217816970509e-03
3.251596609704437924e+03 1.045636617728967721e+01 1.279068035406333423e-03
3.251598924714741770e+03 1.045847265030231199e+01 1.281671138088217579e-03
3.251601239725045161e+03 1.045820567181274718e+01 1.280958646197659628e-03
3.251603554735347643e+03 1.045727450551618709e+01 1.279490298482507254e-03
3.251605869745651034e+03 1.045749854630148334e+01 1.279659322270724478e-03
3.251608184755955335e+03 1.045801126884798826e+01 1.280578399489484343e-03
3.251610499766257817e+03 1.045657990765898404e+01 1.278936491278346611e-03
3.251612814776561208e+03 1.046003527970003688e+01 1.283192933620414975e-03
3.251615129786865054e+03 1.045598901379980816e+01 1.279128833501204507e-03
3.251617444797168901e+03 1.045530700766803989e+01 1.278094914823515570e-03
3.251619759807472292e+03 1.045560557728892803e+01 1.279270235220870879e-03
3.251622074817775683e+03 1.045795208467296966e+01 1.280946989367208206e-03
3.251624389828079075e+03 1.045741997991655303e+01 1.280448521894074401e-03
3.251626704838148726e+03 1.045671031469935031e+01 1.280482457124700177e-03
3.251629019848451208e+03 1.045258406485643832e+01 1.276591256422221661e-03
3.251631334858755963e+03 1.045617893603134796e+01 1.279981945675222506e-03
3.251633649869060719e+03 1.045419378994266957e+01 1.277926504628401974e-03
3.251635964879130370e+03 1.045517899430156916e+01 1.279529362640892745e-03
3.251638279889433761e+03 1.045298031882545509e+01 1.277086243015941765e-03
3.251640594899737152e+03 1.045365511896007504e+01 1.276836538797734670e-03
3.251642909909807713e+03 1.045716258136379473e+01 1.281288496864137509e-03
3.251645224920110195e+03 1.045149721881301907e+01 1.277198723179453176e-03
3.251647539930180756e+03 1.045161238109660928e+01 1.276197228601478207e-03
3.251649854940484602e+03 1.045525009938937799e+01 1.280048525110466604e-03
3.251652169950555617e+03 1.045508792354124239e+01 1.281398535931481267e-03
3.251654484960859008e+03 1.045063434006094027e+01 1.275618654358016838e-03
3.251656799970928660e+03 1.045246031652709107e+01 1.277559686192352882e-03
3.251659114981000130e+03 1.045344103742914754e+01 1.278370653044290546e-03
3.251661429991303521e+03 1.045274400451157604e+01 1.278375613088256592e-03
3.251663745001373172e+03 1.044851021342726582e+01 1.274469102237117723e-03
3.251666060011675654e+03 1.045106712427121209e+01 1.276941943458010688e-03
3.251668375021747579e+03 1.044790325221722327e+01 1.272772550277637615e-03
3.251670690031818594e+03 1.044956817344617761e+01 1.275207164053739984e-03
3.251673005041889155e+03 1.044825471814010776e+01 1.274020846042455768e-03
3.251675320051959716e+03 1.044430018183391162e+01 1.270122616693397351e-03
3.251677635062263107e+03 1.044435429900693180e+01 1.269764299598576248e-03
3.251679950072332758e+03 1.044868568908269246e+01 1.274556179171673631e-03
3.251682265082403319e+03 1.044735264586599932e+01 1.272818024828873545e-03
3.251684580092473880e+03 1.044643687167610757e+01 1.272501972982915692e-03
3.251686895102546259e+03 1.044508973158192866e+01 1.271322788387399061e-03
3.251689210112616820e+03 1.044560557264708578e+01 1.273049592896034407e-03
3.251691525122686471e+03 1.044390558218740850e+01 1.270865486090778668e-03
3.251693840132757032e+03 1.044170246555541581e+01 1.268572054021013503e-03
3.251696155142827592e+03 1.044120428003792256e+01 1.267566159963457546e-03
3.251698470152898153e+03 1.044508097937676361e+01 1.272463119079330967e-03
3.251700785162967804e+03 1.044153320838907284e+01 1.269359444023105896e-03
3.251703100173039275e+03 1.044405408321258300e+01 1.271813705642098682e-03
3.251705415182877005e+03 1.043698598283339507e+01 1.264291442544348675e-03
3.251707730192947565e+03 1.043828501616793325e+01 1.265955013091223016e-03
3.251710045203018126e+03 1.043947429304784258e+01 1.266885906111920018e-03
3.251712360213088687e+03 1.043870274327474057e+01 1.266425829319167001e-03
3.251714675222927326e+03 1.043771069610454738e+01 1.266484833650446647e-03
3.251716990232996977e+03 1.044022533811877729e+01 1.269372707068165901e-03
3.251719305243067083e+03 1.043278158763386188e+01 1.261456064730447557e-03
3.251721620252905268e+03 1.043425484872554598e+01 1.263033126560235593e-03
3.251723935262975829e+03 1.043602473224852467e+01 1.264975023508160910e-03
3.251726250272813559e+03 1.043381971498091332e+01 1.262768544876989498e-03
3.251728565282885029e+03 1.043543801918560376e+01 1.265158511944557878e-03
3.251730880292955590e+03 1.043319408431908712e+01 1.262627750506738677e-03
3.251733195302793320e+03 1.043359610639166135e+01 1.263250633898900001e-03
3.251735510312630140e+03 1.043124767488905746e+01 1.261053951027129704e-03
3.251737825322700701e+03 1.042732775150218139e+01 1.257314501367927688e-03
3.251740140332538431e+03 1.043410852257387056e+01 1.264687881689651426e-03
3.251742455342608991e+03 1.043107643760341574e+01 1.261583538435130615e-03
3.251744770352446722e+03 1.042513898778524961e+01 1.255515397921324813e-03
3.251747085362285361e+03 1.042589064871188853e+01 1.256568118009821758e-03
3.251749400372355922e+03 1.042577791153386713e+01 1.256680659764168248e-03
3.251751715382192742e+03 1.042592281079706851e+01 1.257437209003285736e-03
3.251754030392029563e+03 1.042762734334998598e+01 1.258645900849839679e-03
3.251756345401868202e+03 1.042449380084625332e+01 1.256424406392955655e-03
3.251758660411705932e+03 1.042167182892456800e+01 1.253048936846127680e-03
3.251760975421543662e+03 1.042195326775279085e+01 1.253541581730429396e-03
3.251763290431614223e+03 1.042454530490961417e+01 1.257560724156323029e-03
3.251765605441452863e+03 1.042266996524726785e+01 1.255101339739307219e-03
3.251767920451290593e+03 1.041903412841521614e+01 1.251158637014936504e-03
3.251770235461128323e+03 1.042191304691465170e+01 1.254641146352169449e-03
3.251772550470965143e+03 1.041850220139339100e+01 1.250901186473770462e-03
3.251774865480803783e+03 1.041747595537530202e+01 1.250460696042628812e-03
3.251777180490640603e+03 1.041520589764301263e+01 1.248451589076131005e-03
3.251779495500245957e+03 1.041815302983825831e+01 1.251838943095345000e-03
3.251781810510084142e+03 1.041401998566328757e+01 1.247916171634194660e-03
3.251784125519922782e+03 1.041783089459924483e+01 1.252179843574616376e-03
3.251786440529759602e+03 1.041188401374335015e+01 1.245464307817198543e-03
3.251788755539597332e+03 1.041119381828416834e+01 1.245606156843931302e-03
3.251791070549202232e+03 1.041553372241044961e+01 1.250310507528221843e-03
3.251793385559039507e+03 1.040868649675105218e+01 1.243004909841705259e-03
3.251795700568876782e+03 1.041326047411787492e+01 1.248781680746274261e-03
3.251798015578714967e+03 1.041241961966712104e+01 1.247694830860875473e-03
3.251800330588321231e+03 1.040490701803267015e+01 1.240267166005798059e-03
3.251802645598158506e+03 1.041147115124483236e+01 1.247771451139385781e-03
3.251804960607762951e+03 1.040924402982482277e+01 1.245351487203279683e-03
3.251807275617599771e+03 1.040686802662898280e+01 1.243260761878972609e-03
3.251809590627204670e+03 1.040780133832202381e+01 1.245079459516997000e-03
3.251811905637043310e+03 1.040465735672138337e+01 1.241265240392737477e-03
3.251814220646647300e+03 1.040715464205096197e+01 1.244358145326482715e-03
3.251816535656485939e+03 1.040175962473907312e+01 1.239491101814790440e-03
3.251818850666091748e+03 1.040724888400220927e+01 1.244827509522618541e-03
3.251821165675928569e+03 1.040178840846166963e+01 1.238765936585565141e-03
3.251823480685533468e+03 1.040329272073308076e+01 1.240718150093159935e-03
3.251825795695138368e+03 1.039949910445217895e+01 1.236944531377500833e-03
3.251828110704976098e+03 1.040140680515825089e+01 1.239401687722779984e-03
3.251830425714580088e+03 1.040007074506627660e+01 1.237650585020650925e-03
3.251832740724184987e+03 1.040148592370679737e+01 1.240247568578253801e-03
3.251835055733790796e+03 1.040016120678386713e+01 1.238746028210164444e-03
3.251837370748751709e+03 1.039885631227850737e+01 1.237472270098264162e-03
3.251839685758355699e+03 1.040081888958476952e+01 1.240292456395396562e-03
3.251842000767960599e+03 1.039634375474508943e+01 1.235324700367819179e-03
3.251844315777565498e+03 1.039683545628721184e+01 1.235606903042265085e-03
3.251846630787170398e+03 1.039952362782451800e+01 1.238811178005638693e-03
3.251848945796775297e+03 1.039899463235466470e+01 1.238492794463783497e-03
3.251851260806379287e+03 1.039635783292620630e+01 1.236672870373889139e-03
3.251853575815985550e+03 1.039693763406910421e+01 1.236440672613746058e-03
3.251855890825590905e+03 1.040032396562242845e+01 1.240209374745731338e-03
3.251858205835195804e+03 1.039822591933270601e+01 1.238851332896392108e-03
3.251860520844800703e+03 1.039582449128977792e+01 1.236111962890604080e-03
3.251862835854404693e+03 1.039369486866580061e+01 1.235128059198962189e-03
3.251865150864009593e+03 1.039435953578659877e+01 1.234092956922532534e-03
3.251867465873380752e+03 1.039249053515507448e+01 1.232674680156492118e-03
3.251869780882985651e+03 1.039729235107519401e+01 1.238425436306005677e-03
3.251872095892591915e+03 1.039284161842014953e+01 1.233717427774952457e-03
3.251874410901964438e+03 1.039454089756018895e+01 1.235210804973745470e-03
3.251876725911569338e+03 1.039053026797277468e+01 1.230875474901028206e-03
3.251879040921174237e+03 1.039380103965396707e+01 1.234429143314869082e-03
3.251881355930546306e+03 1.039125713545238661e+01 1.231910796015266412e-03
3.251883670940150296e+03 1.039135680596844757e+01 1.231965409504083217e-03
3.251885985949755195e+03 1.039298625207692695e+01 1.233670629835318311e-03
3.251888300959127264e+03 1.039050362186698706e+01 1.231340162279814408e-03
3.251890615968733073e+03 1.039402468260787060e+01 1.235507178268445850e-03
3.251892930978105142e+03 1.038749766650677842e+01 1.228714048329831348e-03
3.251895245987477210e+03 1.039023921798110273e+01 1.230872016571417024e-03
3.251897560997082110e+03 1.039514087388761787e+01 1.236687953380367910e-03
3.251899876006454178e+03 1.038945192166504938e+01 1.230073637992595316e-03
3.251902191016058168e+03 1.038784465623685094e+01 1.229019230210470510e-03
3.251904506025430237e+03 1.038671815362421036e+01 1.228043253113746819e-03
3.251906821034803215e+03 1.039159041978419751e+01 1.232829373616465196e-03
3.251909136044175284e+03 1.039076355738328417e+01 1.232192849714038073e-03
3.251911451053780183e+03 1.039164823235986290e+01 1.233466799668288087e-03
3.251913766063152252e+03 1.038643557271604578e+01 1.228184835222037152e-03
3.251916081072525230e+03 1.039082995108121565e+01 1.232482550762504635e-03
3.251918396081896390e+03 1.038967705377813644e+01 1.231251465059291688e-03
3.251920711091267549e+03 1.038898058442270589e+01 1.231366283352919701e-03
3.251923026100640072e+03 1.039029377827791478e+01 1.232037464265496552e-03
3.251925341110011686e+03 1.039215533394842694e+01 1.234524502482381523e-03
3.251927656119384665e+03 1.038711167626265386e+01 1.228569668609844458e-03
3.251929971128756733e+03 1.039097278595761509e+01 1.232386901029587992e-03
3.251932286138128802e+03 1.038890600355128946e+01 1.231080981153643856e-03
3.251934601147500871e+03 1.039090599983155272e+01 1.233077627215087117e-03
3.251936916156872485e+03 1.038593242921867343e+01 1.227545718762077442e-03
3.251939231166244099e+03 1.038777938070855456e+01 1.229648974203631246e-03
3.251941546175616168e+03 1.038844836288314966e+01 1.230478801192659219e-03
3.251943861184989146e+03 1.039016437198580967e+01 1.231878125473030456e-03
3.251946176194127474e+03 1.038821734123058249e+01 1.230483939264286671e-03
3.251948491203500453e+03 1.038746120459689593e+01 1.229686031378540842e-03
3.251950806212873431e+03 1.038822168955885061e+01 1.230073760668710893e-03
3.251953121222011760e+03 1.038494871416767396e+01 1.226890282027124756e-03
3.251955436231383828e+03 1.038818728866645280e+01 1.230881110500104368e-03
3.251957751240755897e+03 1.038419509545891373e+01 1.227421116662887491e-03
3.251960066249895135e+03 1.038825166474697248e+01 1.230261893093155057e-03
3.251962381259267204e+03 1.038812848601549454e+01 1.230188427750057495e-03
3.251964696268405532e+03 1.038758452075481742e+01 1.230211923202194748e-03
3.251967011277778511e+03 1.038699767353061176e+01 1.229669806842825482e-03
3.251969326286918658e+03 1.038672066445693787e+01 1.229773198939665283e-03
3.251971641296289818e+03 1.038572854524857370e+01 1.228442325872970481e-03
3.251973956305428146e+03 1.039049702179520551e+01 1.232205265904457846e-03
3.251976271314801124e+03 1.038503711857718415e+01 1.227491633911555234e-03
3.251978586323940362e+03 1.038758788306322600e+01 1.229194981973966627e-03
3.251980901333078691e+03 1.038304622377625286e+01 1.225757628577153280e-03
3.251983216342451669e+03 1.038552092191663334e+01 1.227617729846225414e-03
3.251985531351591817e+03 1.038841852767222740e+01 1.230558202466303791e-03
3.251987846360731055e+03 1.039115024023444356e+01 1.234733497777920890e-03
3.251990161369870293e+03 1.038500012618942669e+01 1.226964765212795782e-03
3.251992476379242362e+03 1.038666983605078187e+01 1.228799387706352520e-03
3.251994791388380690e+03 1.038464786462416711e+01 1.227662804423823801e-03
3.251997106397519929e+03 1.038770619566898290e+01 1.230278284992620879e-03
3.251999421406659167e+03 1.038584017447615260e+01 1.228104476086842520e-03
3.252001736415797950e+03 1.039058797216487662e+01 1.233091121398795925e-03
3.252004051424937643e+03 1.038652892174531317e+01 1.228801372447915242e-03
3.252006366434077790e+03 1.038749225437399559e+01 1.229798047130080700e-03
3.252008681443216119e+03 1.038552878652015288e+01 1.227579499973158921e-03
3.252010996452356267e+03 1.039168497659102464e+01 1.234519400893712435e-03
3.252013311461494595e+03 1.038950157268414110e+01 1.232651513389774892e-03
3.252015626470633833e+03 1.039046813194220675e+01 1.233006371032481030e-03
3.252017941479772162e+03 1.038497400157545947e+01 1.226637782475703412e-03
3.252020256488679024e+03 1.038882487681009081e+01 1.231241274225277141e-03
3.252022571497819627e+03 1.039013839284859131e+01 1.232116034525325421e-03
3.252024886506958865e+03 1.038881106657408537e+01 1.231087616518829328e-03
3.252027201516098103e+03 1.038903310716772310e+01 1.231094620295251430e-03
3.252029516525004510e+03 1.038531453828878703e+01 1.226714758221328881e-03
3.252031831534143748e+03 1.038893829653220635e+01 1.230564947464982952e-03
3.252034146543282077e+03 1.039018850218919710e+01 1.232727400585878789e-03
3.252036461552188939e+03 1.038694723602556635e+01 1.228566710535888102e-03
3.252038776561327722e+03 1.039205652059093765e+01 1.234093890073004792e-03
3.252041091570235039e+03 1.038782451118578720e+01 1.230546241247367032e-03
3.252043406579374277e+03 1.038501281713782376e+01 1.226637119393266364e-03
3.252045721588280685e+03 1.038829714084046252e+01 1.230389768772964911e-03
3.252048036597419923e+03 1.038522832221675962e+01 1.227443754140531426e-03
3.252050351606326331e+03 1.038608802314520929e+01 1.228432130605860767e-03
3.252052666615464659e+03 1.039164843754987189e+01 1.233917902767239392e-03
3.252054981624371067e+03 1.038546968464391718e+01 1.227495173321266732e-03
3.252057296633278384e+03 1.038702997844806752e+01 1.229172211942566742e-03
3.252059611642417622e+03 1.038958961250602719e+01 1.231781689646027937e-03
3.252061926651324484e+03 1.038678654684936120e+01 1.228623570810186312e-03
3.252064241660231346e+03 1.038795005137737704e+01 1.230265334337704575e-03
3.252066556669136844e+03 1.038456809224540933e+01 1.227050371662988509e-03
3.252068871678275173e+03 1.038824330328379375e+01 1.229781155414520983e-03
3.252071186687182035e+03 1.038835646555321368e+01 1.230588085534434261e-03
3.252073501696088897e+03 1.038935448526421190e+01 1.231931398503939611e-03
3.252075816704995304e+03 1.038740941234203241e+01 1.229749366405333841e-03
3.252078131713901712e+03 1.038750050641548484e+01 1.230058360488258404e-03
3.252080446722808119e+03 1.038938828999939723e+01 1.231917795146601248e-03
3.252082761731715436e+03 1.038577411696874719e+01 1.228968740977319637e-03
3.252085076740620934e+03 1.039054860677742731e+01 1.233184579107228116e-03
3.252087391749527342e+03 1.038459817193427170e+01 1.227409301931923959e-03
3.252089706758433749e+03 1.038627502802120084e+01 1.229109227836740073e-03
3.252092021767340157e+03 1.038696223269916175e+01 1.229715199685453217e-03
3.252094336776245655e+03 1.038806327971335008e+01 1.230652277648273995e-03
3.252096651784920596e+03 1.038910787717657414e+01 1.231655558604285777e-03
3.252098966793828367e+03 1.038620255740249476e+01 1.229078110127040284e-03
3.252101281802733865e+03 1.038276104848242731e+01 1.225991669627527966e-03
3.252103596811639363e+03 1.038330982415208581e+01 1.226348008812398228e-03
3.252105911820312940e+03 1.038604708072015548e+01 1.229434671586626540e-03
3.252108226829220257e+03 1.038424089454987964e+01 1.228541409281229228e-03
3.252110541838125755e+03 1.038549289381271379e+01 1.228063023994651476e-03
3.252112856846799332e+03 1.038380627326830030e+01 1.226826568226213133e-03
3.252115171855706649e+03 1.038370209333728944e+01 1.226638693673219290e-03
3.252117486864380226e+03 1.038632032115563675e+01 1.230809945372290460e-03
3.252119801873285724e+03 1.038451784108521458e+01 1.228107591763983935e-03
3.252122116881959300e+03 1.038600476735075873e+01 1.230049603365566046e-03
3.252124431890865708e+03 1.038048209419057066e+01 1.224017517560942875e-03
3.252126746899540194e+03 1.038127488151613598e+01 1.225082372873460574e-03
3.252129061908445692e+03 1.038327403642203706e+01 1.226656168868180520e-03
3.252131376917119269e+03 1.038115871645382349e+01 1.225386718444728155e-03
3.252133691925793755e+03 1.038463735348078920e+01 1.227979708118305665e-03
3.252136006934700163e+03 1.038027535340792440e+01 1.224012341485013460e-03
3.252138321943373739e+03 1.038267215750603789e+01 1.226257972081789540e-03
3.252140636952047316e+03 1.038231280313268101e+01 1.226658404517923977e-03
3.252142951960720893e+03 1.037994466295284646e+01 1.223580571295467684e-03
3.252145266969393560e+03 1.038248126339066779e+01 1.226372427663996543e-03
3.252147581978299968e+03 1.037964916706402363e+01 1.223761885733009149e-03
3.252149896986973999e+03 1.038344999548065317e+01 1.227256405172847016e-03
3.252152211995648031e+03 1.037885317152790599e+01 1.223332747761760216e-03
3.252154527004321608e+03 1.037985074692859833e+01 1.223847200692620638e-03
3.252156842012995185e+03 1.037441420718979757e+01 1.219025627233899034e-03
3.252159157021668761e+03 1.037829000225677767e+01 1.222956456144740122e-03
3.252161472030342338e+03 1.037806458358732264e+01 1.222739907969148465e-03
3.252163787039015460e+03 1.037752846646372973e+01 1.222584639159455047e-03
3.252166102047688582e+03 1.037996382511895099e+01 1.225593017578959854e-03
3.252168417056362159e+03 1.037763786749052564e+01 1.223025797711346395e-03
3.252170732064803815e+03 1.037741296193974172e+01 1.222405726714534445e-03
3.252173047073477392e+03 1.037594043897156837e+01 1.221458462303897990e-03
3.252175362082150968e+03 1.037676765014731295e+01 1.221671341263362966e-03
3.252177677090825000e+03 1.037433808473480390e+01 1.220267932948758318e-03
3.252179992099265291e+03 1.037675299120914119e+01 1.222742249482349245e-03
3.252182307107938868e+03 1.037812278647022879e+01 1.223981051946167057e-03
3.252184622116611990e+03 1.037507837127347088e+01 1.221076412826916074e-03
3.252186937125053191e+03 1.037569088574457155e+01 1.220877059202030200e-03
3.252189252133726768e+03 1.037480055119402955e+01 1.221689429295201362e-03
3.252191567142400345e+03 1.037432434066076681e+01 1.220881559635202162e-03
3.252193882150841091e+03 1.037450339030666058e+01 1.220855073000447341e-03
3.252196197159514668e+03 1.037239026060107427e+01 1.218683020973564384e-03
3.252198512167955414e+03 1.037131419886052619e+01 1.217243994533085023e-03
3.252200827176396160e+03 1.037355955281135778e+01 1.220527508146823127e-03
3.252203142185069737e+03 1.037389410913907462e+01 1.220876945524726302e-03
3.252205457193510483e+03 1.037198836636276944e+01 1.218519322922283470e-03
3.252207772202184060e+03 1.036749401662650172e+01 1.215090630235703519e-03
3.252210087210625716e+03 1.036865569022259415e+01 1.216506004516275169e-03
3.252212402219066462e+03 1.037049043131614212e+01 1.218229651084764588e-03
3.252214717227507208e+03 1.037007037621645544e+01 1.217818814212109912e-03
3.252217032236179875e+03 1.037112582883348111e+01 1.219301636489574479e-03
3.252219347244621076e+03 1.036462389904219528e+01 1.212561602514853351e-03
3.252221662253062277e+03 1.036815222080937104e+01 1.216404980380531020e-03
3.252223977261502114e+03 1.036467765214925407e+01 1.212801285601311160e-03
3.252226292269942860e+03 1.036571263522286301e+01 1.213706900297752307e-03
3.252228607278384061e+03 1.036547606368131014e+01 1.213775623030307954e-03
3.252230922286825262e+03 1.036678040982024207e+01 1.216038471207883491e-03
3.252233237295265099e+03 1.036361990680588896e+01 1.212767972868191834e-03
3.252235552303705845e+03 1.036478449630442000e+01 1.214353230563971391e-03
3.252237867312147046e+03 1.036650381386187192e+01 1.215961318848013525e-03
3.252240182320588247e+03 1.036469269372939905e+01 1.214152850246890064e-03
3.252242497329028083e+03 1.036382852160865298e+01 1.213477856950111265e-03
3.252244812337469739e+03 1.036313147380687205e+01 1.212996645867086415e-03
3.252247127345911395e+03 1.036136852011802745e+01 1.212195288077408178e-03
3.252249442354351231e+03 1.036385807556543526e+01 1.213637898265527114e-03
3.252251757362559147e+03 1.036191006227136668e+01 1.211875496916200307e-03
3.252254072370999893e+03 1.035933175146497653e+01 1.209660128303936474e-03
3.252256387379440639e+03 1.036041251117283757e+01 1.211436745357119321e-03
3.252258702387647645e+03 1.036328669545756753e+01 1.213838801471499480e-03
3.252261017396088391e+03 1.035954939805266051e+01 1.210512644826719107e-03
3.252263332404529592e+03 1.035772592224879851e+01 1.208835021638128039e-03
3.252265647412738872e+03 1.035677717340786330e+01 1.207912969041484213e-03
3.252267962421178709e+03 1.035911268775224414e+01 1.210275570270181794e-03
3.252270277429385715e+03 1.035747407518236329e+01 1.208997761832545249e-03
3.252272592437826916e+03 1.035515167460869534e+01 1.207043452268893651e-03
3.252274907446035286e+03 1.035642020296249477e+01 1.207631148775757364e-03
3.252277222454475123e+03 1.035555205446480187e+01 1.207482381532282070e-03
3.252279537462683493e+03 1.035325364681779625e+01 1.205796397660996661e-03
3.252281852470891863e+03 1.035365566712521712e+01 1.206205467353238265e-03
3.252284167479332609e+03 1.035444347576539315e+01 1.207073588709540448e-03
3.252286482487540525e+03 1.035163651573947874e+01 1.205023696135784379e-03
3.252288797495749350e+03 1.034928734144836682e+01 1.203613028904363573e-03
3.252291112503957265e+03 1.034927430778759927e+01 1.202758128337965641e-03
3.252293427512397102e+03 1.034729384632742111e+01 1.200566218553071173e-03
3.252295742520604108e+03 1.034860981201842023e+01 1.202370526260403008e-03
3.252298057528812478e+03 1.034872177891898914e+01 1.201934052530944643e-03
3.252300372537020849e+03 1.035065623394414125e+01 1.204749097556087742e-03
3.252302687545229674e+03 1.034850162570509546e+01 1.203321312652980146e-03
3.252305002553436680e+03 1.034462707915177759e+01 1.199493585422993112e-03
3.252307317561645050e+03 1.034863956021240128e+01 1.203811531648305184e-03
3.252309632569853420e+03 1.034666269536417005e+01 1.201388299508131252e-03
3.252311947578060426e+03 1.034682948306881123e+01 1.202254147498641812e-03
3.252314262586269251e+03 1.034422768243536517e+01 1.199712400111433916e-03
3.252316577594477167e+03 1.034331620442429056e+01 1.199019951330252591e-03
3.252318892602684173e+03 1.034434871271244738e+01 1.199777334199036679e-03
3.252321207610892088e+03 1.034560089570059027e+01 1.201594564757128272e-03
3.252323522618868083e+03 1.034069742802767600e+01 1.197421881856854196e-03
3.252325837627075998e+03 1.033973147159219153e+01 1.196160096842191533e-03
3.252328152635283914e+03 1.033579105895045558e+01 1.192386180400496548e-03
3.252330467643490920e+03 1.033858290685123649e+01 1.196174729749762723e-03
3.252332782651466005e+03 1.034383998932265136e+01 1.200815048778101175e-03
3.252335097659673920e+03 1.033809448843820178e+01 1.195905042693468480e-03
3.252337412667649005e+03 1.033848741170292840e+01 1.196005717109578301e-03
3.252339727675857830e+03 1.033926140152949813e+01 1.197004851481006356e-03
3.252342042684065746e+03 1.033857519244887158e+01 1.197255713480354592e-03
3.252344357692040830e+03 1.033636490320289170e+01 1.194843365586454242e-03
3.252346672700248746e+03 1.033482385717310592e+01 1.192926274382417580e-03
3.252348987708223831e+03 1.033536647498572059e+01 1.193997820616826038e-03
3.252351302716198916e+03 1.033130650953005869e+01 1.189858059654574918e-03
3.252353617724405922e+03 1.033757428667272116e+01 1.196767140588865692e-03
3.252355932732381007e+03 1.033700276149014030e+01 1.196080125889214607e-03
3.252358247740357001e+03 1.033007770462190678e+01 1.188923107264231284e-03
3.252360562748565826e+03 1.033484054323828261e+01 1.194014609592270728e-03
3.252362877756540001e+03 1.033215238681501802e+01 1.191142288040248623e-03
3.252365192764514177e+03 1.033087470597605773e+01 1.189872135395464393e-03
3.252367507772490171e+03 1.033329145466654353e+01 1.193875152009932260e-03
3.252369822780698087e+03 1.032690698074774360e+01 1.187643458726907316e-03
3.252372137788672262e+03 1.033149193615121142e+01 1.191892409301646780e-03
3.252374452796648256e+03 1.032975983982442791e+01 1.189429644791374901e-03
3.252376767804624251e+03 1.032897480131131474e+01 1.188915024334367444e-03
3.252379082812599336e+03 1.033251528977490175e+01 1.193012933525819819e-03
3.252381397820573511e+03 1.033024443174068097e+01 1.190972196680112945e-03
3.252383712828549051e+03 1.033096501136839862e+01 1.192154699140228957e-03
3.252386027836523681e+03 1.032897517566425627e+01 1.189992360606086184e-03
3.252388342844498766e+03 1.032806152435088798e+01 1.189212024497732874e-03
3.252390657852472941e+03 1.032782271071409852e+01 1.189058022898854686e-03
3.252392972860216560e+03 1.032737800831176855e+01 1.188642724160268813e-03
3.252395287868192099e+03 1.032501367415224536e+01 1.186602630163671604e-03
3.252397602876167184e+03 1.032620639343997304e+01 1.188265081313770151e-03
3.252399917884141360e+03 1.032447985200792573e+01 1.186415223009003534e-03
3.252402232892117354e+03 1.032416231682708307e+01 1.186419397729373496e-03
3.252404547899858699e+03 1.032490660466386601e+01 1.186909025697293349e-03
3.252406862907833784e+03 1.032071430929556222e+01 1.183613493903718514e-03
3.252409177915576038e+03 1.032025315831482892e+01 1.182230913690858910e-03
3.252411492923552032e+03 1.032055652463462003e+01 1.182643477409104369e-03
3.252413807931527117e+03 1.032170734929373346e+01 1.184482742719230892e-03
3.252416122939269371e+03 1.032106051644770162e+01 1.183406710974575131e-03
3.252418437947244001e+03 1.032101466153320501e+01 1.184060161602284956e-03
3.252420752954986710e+03 1.031980693725325260e+01 1.182300880622803689e-03
3.252423067962961795e+03 1.032054641237911241e+01 1.183241743483364307e-03
3.252425382970703140e+03 1.031851718268913132e+01 1.181914284498425524e-03
3.252427697978444940e+03 1.032197553142113478e+01 1.184577138578895130e-03
3.252430012986420934e+03 1.032154294861666344e+01 1.184584276856055036e-03
3.252432327994163643e+03 1.032034737510348421e+01 1.183454281949736361e-03
3.252434643001905897e+03 1.032076790874286409e+01 1.183996896340651752e-03
3.252436958009880982e+03 1.031812757883760412e+01 1.181576300327680630e-03
3.252439273017623236e+03 1.032150589541832630e+01 1.185613019523132968e-03
3.252441588025364581e+03 1.031801469075067956e+01 1.181634708971959031e-03
3.252443903033107745e+03 1.031924313049555231e+01 1.183662570379277268e-03
3.252446218040849089e+03 1.031723867131829131e+01 1.180485682317347152e-03
3.252448533048592253e+03 1.032112973398747258e+01 1.185218161827899207e-03
3.252450848056334507e+03 1.032117909723089433e+01 1.185005676777813521e-03
3.252453163064076762e+03 1.031558674562073463e+01 1.179504750974058602e-03
3.252455478071819471e+03 1.031743211498702451e+01 1.181720441612126894e-03
3.252457793079561270e+03 1.031823888927302590e+01 1.182367077142319582e-03
3.252460108087302615e+03 1.031463944097182583e+01 1.178958885543642671e-03
3.252462423095045779e+03 1.031552211152643750e+01 1.179775292545572063e-03
3.252464738102787123e+03 1.031727666907960739e+01 1.181611890610147209e-03
3.252467053110530287e+03 1.031734540953000767e+01 1.181392094054310856e-03
3.252469368118272541e+03 1.031804772805643822e+01 1.182348465505884006e-03
3.252471683125781965e+03 1.031768811321267165e+01 1.181211508178400989e-03
3.252473998133524219e+03 1.031800568218277903e+01 1.181942188069332305e-03
3.252476313141266473e+03 1.031834705762203086e+01 1.183838627625077985e-03
3.252478628148775897e+03 1.031859486386499292e+01 1.183112161166653426e-03
3.252480943156518151e+03 1.031717628299793432e+01 1.182238937949180516e-03
3.252483258164260405e+03 1.031791849993020271e+01 1.182615097625192360e-03
3.252485573171769829e+03 1.031343087704095574e+01 1.177812927152892741e-03
3.252487888179512993e+03 1.031334204322731196e+01 1.178438152047403065e-03
3.252490203187022416e+03 1.031718987288703104e+01 1.182184555004888154e-03
3.252492518194763761e+03 1.031800914349692455e+01 1.182899140968951849e-03
3.252494833202273185e+03 1.031667851951665327e+01 1.181053395510607389e-03
3.252497148210016348e+03 1.031559695970518398e+01 1.180396965029039324e-03
3.252499463217524863e+03 1.031595684583426120e+01 1.180728054354802589e-03
3.252501778225034286e+03 1.031624801925654111e+01 1.180435563403087933e-03
3.252504093232776995e+03 1.032284024818316226e+01 1.187180731638023089e-03
3.252506408240287783e+03 1.031859916486266115e+01 1.183062487741622613e-03
3.252508723247796297e+03 1.031239620055601769e+01 1.176502858956786184e-03
3.252511038255305721e+03 1.031389608182690054e+01 1.178713974995545090e-03
3.252513353263047975e+03 1.031869831372758028e+01 1.183713949702710220e-03
3.252515668270557399e+03 1.031585559747325753e+01 1.181065112568379987e-03
3.252517983278065913e+03 1.031739721811193888e+01 1.182266097957523129e-03
3.252520298285575336e+03 1.031603491974816578e+01 1.181049974414172818e-03
3.252522613293085669e+03 1.031594915687987069e+01 1.181416506605510817e-03
3.252524928300595093e+03 1.031355812632741831e+01 1.178692719837365127e-03
3.252527243308104516e+03 1.031498752630775506e+01 1.180191360771713207e-03
3.252529558315613485e+03 1.031495394388222131e+01 1.180170470617580847e-03
3.252531873323123364e+03 1.031708908338797315e+01 1.181825559958654378e-03
3.252534188330632787e+03 1.031516282109697258e+01 1.179870851554984694e-03
3.252536503338141301e+03 1.031829980145083070e+01 1.182604328836300281e-03
3.252538818345650725e+03 1.031223835134503553e+01 1.176773652655987079e-03
3.252541133352928227e+03 1.031470326373949931e+01 1.179038580813654424e-03
3.252543448360437651e+03 1.031680506878371162e+01 1.180365787096149168e-03
3.252545763367947075e+03 1.031600538099891118e+01 1.180950281864708495e-03
3.252548078375456953e+03 1.032011056589836606e+01 1.183845928267830650e-03
3.252550393382733091e+03 1.031791899536419166e+01 1.181796784555135199e-03
3.252552708390241605e+03 1.031750734267280478e+01 1.181755676212991463e-03
3.252555023397751029e+03 1.031921673436925957e+01 1.183373351528256524e-03
3.252557338405028077e+03 1.031890032425616255e+01 1.182749948084044515e-03
3.252559653412537955e+03 1.031365442833152812e+01 1.177672616474015332e-03
3.252561968419815003e+03 1.031782056579783280e+01 1.181632028413562687e-03
3.252564283427324881e+03 1.032131560410050675e+01 1.184798654782879971e-03
3.252566598434601474e+03 1.031807938991826390e+01 1.181598327255677485e-03
3.252568913442110897e+03 1.031771248489623005e+01 1.181828764333676214e-03
3.252571228449385671e+03 1.031901612057527373e+01 1.182961429894970485e-03
3.252573543456663174e+03 1.031848561051730506e+01 1.182272494736663366e-03
3.252575858464172597e+03 1.031932571060131387e+01 1.183305912226115990e-03
3.252578173471449190e+03 1.031884633448815336e+01 1.183259999989099646e-03
3.252580488478726693e+03 1.032124718327731294e+01 1.184023214100363066e-03
3.252582803486003286e+03 1.031985519057915646e+01 1.183072895481264084e-03
3.252585118493512709e+03 1.031745668198486499e+01 1.180853892487123205e-03
3.252587433500789302e+03 1.031838486179134051e+01 1.181818717607134150e-03
3.252589748508064986e+03 1.032006484429487969e+01 1.183157505372494723e-03
3.252592063515340669e+03 1.031958551710872918e+01 1.183373830632562232e-03
3.252594378522618172e+03 1.032007798111259866e+01 1.184049491206748839e-03
3.252596693529894765e+03 1.031628087968659102e+01 1.179596678791423664e-03
3.252599008537172267e+03 1.032083988673272046e+01 1.184554583827021005e-03
3.252601323544449770e+03 1.031968139319354094e+01 1.182508204938718423e-03
3.252603638551725453e+03 1.031765479376713657e+01 1.180847429101135326e-03
3.252605953559001136e+03 1.032090061471295428e+01 1.184602362041494968e-03
3.252608268566278639e+03 1.032154098965538402e+01 1.185393571203789643e-03
3.252610583573555232e+03 1.031937350574158607e+01 1.182136222236800224e-03
3.252612898580598085e+03 1.031946859071115696e+01 1.183061591445117066e-03
3.252615213587874678e+03 1.031888211798292510e+01 1.182948302967738209e-03
3.252617528595152180e+03 1.032089537740176155e+01 1.184570804833334767e-03
3.252619843602429683e+03 1.032184801104693506e+01 1.185106159756737793e-03
3.252622158609472535e+03 1.032404978266400875e+01 1.187631800144876111e-03
3.252624473616749128e+03 1.031888937863887357e+01 1.183457144555357223e-03
3.252626788624025721e+03 1.032119831396818910e+01 1.185201495022311213e-03
3.252629103631068574e+03 1.031985456821374569e+01 1.183637802341324426e-03
3.252631418638345167e+03 1.031836059327596899e+01 1.181488300394370472e-03
3.252633733645389384e+03 1.031898525820266599e+01 1.182530830091667925e-03
3.252636048652667341e+03 1.031893541507883327e+01 1.183472083782650171e-03
3.252638363659710194e+03 1.031749814527383258e+01 1.181345719080408811e-03
3.252640678666986787e+03 1.031999287750327809e+01 1.183690560160211881e-03
3.252642993674030549e+03 1.031841152497215219e+01 1.182728615873904036e-03
3.252645308681074312e+03 1.031962498337551537e+01 1.183192947020411971e-03
3.252647623688350905e+03 1.031537900186287615e+01 1.179483305027522388e-03
3.252649938695394667e+03 1.031955705198952877e+01 1.182623172993413048e-03
3.252652253702439339e+03 1.031981149272628784e+01 1.183585156322647337e-03
3.252654568709483101e+03 1.032015180664034659e+01 1.183981440465012953e-03
3.252656883716526863e+03 1.031639047375224294e+01 1.180431417037974698e-03
3.252659198723803001e+03 1.031756963824675211e+01 1.181550142668766302e-03
3.252661513730847219e+03 1.031741867169189497e+01 1.181577603767474229e-03
3.252663828737890071e+03 1.031990458818064127e+01 1.183423077839921211e-03
3.252666143744933834e+03 1.031272273032781861e+01 1.176988146570177342e-03
3.252668458751977596e+03 1.031820407057313460e+01 1.181785407362300443e-03
3.252670773759022268e+03 1.032082331769985117e+01 1.184104960958427691e-03
3.252673088766066030e+03 1.031882610220000984e+01 1.182781256613282209e-03
3.252675403773109792e+03 1.031961464553774732e+01 1.183421731645353282e-03
3.252677718780152645e+03 1.031875074491719957e+01 1.182685362850820297e-03
3.252680033787197317e+03 1.031644738824060603e+01 1.180969355693525444e-03
3.252682348794007339e+03 1.031620860266719397e+01 1.181252794312414277e-03
3.252684663801051101e+03 1.031426388022615015e+01 1.178693681770368431e-03
3.252686978808095773e+03 1.031884373010079514e+01 1.183209508153169019e-03
3.252689293815139081e+03 1.031718015092232577e+01 1.180676381365621235e-03
3.252691608821950467e+03 1.031711732356389710e+01 1.181477239556473621e-03
3.252693923828994230e+03 1.031670652891061835e+01 1.180871886986478844e-03
3.252696238836038901e+03 1.031851987330372644e+01 1.182291063663677439e-03
3.252698553842848924e+03 1.031852290682360973e+01 1.182962412880538211e-03
3.252700868849891776e+03 1.031809939114471852e+01 1.182636563180698187e-03
3.252703183856702708e+03 1.031441294587488500e+01 1.178911924243232446e-03
3.252705498863747380e+03 1.031678203864578158e+01 1.181195548291140039e-03
3.252707813870558311e+03 1.031462292534260605e+01 1.178869433728244216e-03
3.252710128877602983e+03 1.031756782534352546e+01 1.182309603648341693e-03
3.252712443884413915e+03 1.031693578962011593e+01 1.181902834087700683e-03
3.252714758891224847e+03 1.031724012034846005e+01 1.182410320523141073e-03
3.252717073898267699e+03 1.031502466106322657e+01 1.179527146098295664e-03
3.252719388905078631e+03 1.031457447061152521e+01 1.179374453815777019e-03
3.252721703911889563e+03 1.031380131717120108e+01 1.178547386483717700e-03
3.252724018918933325e+03 1.031656515466586832e+01 1.181256653521481825e-03
3.252726333925744257e+03 1.031940123022969757e+01 1.183451606983712502e-03
3.252728648932556098e+03 1.031580153017159951e+01 1.180617815665172031e-03
3.252730963939367030e+03 1.031454734180680965e+01 1.179538867570819596e-03
3.252733278946177506e+03 1.031341764110077364e+01 1.178233002803901744e-03
3.252735593952988893e+03 1.031470875293990197e+01 1.180376645906936351e-03
3.252737908959799825e+03 1.031166626455183710e+01 1.177560285609806443e-03
3.252740223966609847e+03 1.031453800417652467e+01 1.180161103446811547e-03
3.252742538973420778e+03 1.031447981188543217e+01 1.179739731994787011e-03
3.252744853980232620e+03 1.031148841881776157e+01 1.177034422857198238e-03
3.252747168987043551e+03 1.031210477332393083e+01 1.178712533965043784e-03
3.252749483993854483e+03 1.031150800360373232e+01 1.177395721358514722e-03
3.252751799000665414e+03 1.030922750008433653e+01 1.175114589466475304e-03
3.252754114007476346e+03 1.030706492186181933e+01 1.173862740391893754e-03
3.252756429014054447e+03 1.031111389093215180e+01 1.177425305676575154e-03
3.252758744020864469e+03 1.031075966556245405e+01 1.177462717038827399e-03
3.252761059027676311e+03 1.031181624854489165e+01 1.177494445403975271e-03
3.252763374034487242e+03 1.031197899711596477e+01 1.178862291344216469e-03
3.252765689041066253e+03 1.030717745410606767e+01 1.173498444009969666e-03
3.252768004047876275e+03 1.030842383658116290e+01 1.175032205374139686e-03
3.252770319054455285e+03 1.031383316403633899e+01 1.180390367055608909e-03
3.252772634061266217e+03 1.031002837594159161e+01 1.177427305117728813e-03
3.252774949067843409e+03 1.031018394780527991e+01 1.177235403609021205e-03
3.252777264074653431e+03 1.030824846714327236e+01 1.175526243774487230e-03
3.252779579081231986e+03 1.030856912765751332e+01 1.177139302096943604e-03
3.252781894088044282e+03 1.030874683187538565e+01 1.176452134666685061e-03
3.252784209094622383e+03 1.031082207083783686e+01 1.177597480334626086e-03
3.252786524101199575e+03 1.031165753173896427e+01 1.178081373673748287e-03
3.252788839108010507e+03 1.030552422090777753e+01 1.173293836964417426e-03
3.252791154114588608e+03 1.030787016041444204e+01 1.175138521864836985e-03
3.252793469121166709e+03 1.030893118276203424e+01 1.177379871359670932e-03
3.252795784127977640e+03 1.030810211009391431e+01 1.175483925964367852e-03
3.252798099134555741e+03 1.030534552781927538e+01 1.173596384514917794e-03
3.252800414141133842e+03 1.030183398995462518e+01 1.170417421399945522e-03
3.252802729147712853e+03 1.030498634037671302e+01 1.174505491145620218e-03
3.252805044154290954e+03 1.030461576736517948e+01 1.173394898680954652e-03
3.252807359160869055e+03 1.030215479666792788e+01 1.171680907045468713e-03
3.252809674167446246e+03 1.030353031236538541e+01 1.173177697123073534e-03
3.252811989174024347e+03 1.030371673781998076e+01 1.172962067233901005e-03
3.252814304180601994e+03 1.030168480710427303e+01 1.171024945253052374e-03
3.252816619187180549e+03 1.030275432610374509e+01 1.172373488448762114e-03
3.252818934193758651e+03 1.030384873198522300e+01 1.172715526797988650e-03
3.252821249200337661e+03 1.030098422725194141e+01 1.170359036658640689e-03
3.252823564206683841e+03 1.030242457199033090e+01 1.172571728398655484e-03
3.252825879213261032e+03 1.029984389513947818e+01 1.169881256994189603e-03
3.252828194219838224e+03 1.030200293235220776e+01 1.172174776799742371e-03
3.252830509226417234e+03 1.029870726278805648e+01 1.168988458528259127e-03
3.252832824232761595e+03 1.029725454683692476e+01 1.167813957834394015e-03
3.252835139239339696e+03 1.029543461409479121e+01 1.167199844892862761e-03
3.252837454245917797e+03 1.029707564545831389e+01 1.167803391522227426e-03
3.252839769252263977e+03 1.029614097768804015e+01 1.167534910980564441e-03
3.252842084258842533e+03 1.029758328189364924e+01 1.168091005513450381e-03
3.252844399265187349e+03 1.030064559587211903e+01 1.171248013188582989e-03
3.252849029278110720e+03 1.029362616277085607e+01 1.165650405831824155e-03
3.252851344284688821e+03 1.029380915491110215e+01 1.165400203865474445e-03
3.252853659291033182e+03 1.029164868578351211e+01 1.163876744312377027e-03
3.252855974297379362e+03 1.029307736819412789e+01 1.165673308234527195e-03
3.252858289303958372e+03 1.029234463577354219e+01 1.165195521705950522e-03
3.252860604310302733e+03 1.029188661305209962e+01 1.165011962349287149e-03
3.252862919316648004e+03 1.029121998973192831e+01 1.164133244455433898e-03
3.252865234322993274e+03 1.029052892473076852e+01 1.163830354293615525e-03
3.252867549329571375e+03 1.029093022173947070e+01 1.164613176643524133e-03
3.252869864335915736e+03 1.028980051522896311e+01 1.163924624519748624e-03
3.252872179342261916e+03 1.028613381323856757e+01 1.159870888380261410e-03
3.252874494348608096e+03 1.028843022859296319e+01 1.163038175137965898e-03
3.252876809354953366e+03 1.029052317139645290e+01 1.164618224909066057e-03
3.252879124361297727e+03 1.028894869696702230e+01 1.163443062968435053e-03
3.252881439367643907e+03 1.028978362255754853e+01 1.163552038761637552e-03
3.252883754373989177e+03 1.028484797758765801e+01 1.160154804785240015e-03
3.252886069380333538e+03 1.028566469614553114e+01 1.159960947252213978e-03
3.252888384386678808e+03 1.028533869625529107e+01 1.160102992040186421e-03
3.252890699393024079e+03 1.028436437117267310e+01 1.159843798102863774e-03
3.252893014399136973e+03 1.028506408924875615e+01 1.159961137282877492e-03
3.252895329405482698e+03 1.028436609133819246e+01 1.159579950892667115e-03
3.252897644411827969e+03 1.028758548401850703e+01 1.162575018723100871e-03
3.252899959418174149e+03 1.028390109523450135e+01 1.158730458454137243e-03
3.252902274424285679e+03 1.028569902699782013e+01 1.160839446228841302e-03
3.252904589430630040e+03 1.028441943128643565e+01 1.159282758004135131e-03
3.252906904436742934e+03 1.028221209980450368e+01 1.158015988437308217e-03
3.252909219443087750e+03 1.028339995165634591e+01 1.159739862725580120e-03
3.252911534449433930e+03 1.028546745961296693e+01 1.160795916632624027e-03
3.252913849455546369e+03 1.028332325767944866e+01 1.159245550711520160e-03
3.252918479468004080e+03 1.028170894862294027e+01 1.157798642729035172e-03
3.252920794474115610e+03 1.028216149922420541e+01 1.158697219715167483e-03
3.252923109480461790e+03 1.027898423137665240e+01 1.156028577666013248e-03
3.252925424486574229e+03 1.028055693529843495e+01 1.157658629782332615e-03
3.252927739492685760e+03 1.027916827036447600e+01 1.156831343419754748e-03
3.252930054499031939e+03 1.027748708711349224e+01 1.155707298606261204e-03
3.252932369505145289e+03 1.028070904961852960e+01 1.157450992202797325e-03
3.252934684511257728e+03 1.028163042499349267e+01 1.158824638881429886e-03
3.252936999517369259e+03 1.027952076906190904e+01 1.156950287905334027e-03
3.252939314523481698e+03 1.027491772858533992e+01 1.153782992656763326e-03
3.252941629529826969e+03 1.028369012990760467e+01 1.161514092163837969e-03
3.252943944535939409e+03 1.027763909414495558e+01 1.156132125625247437e-03
3.252946259542051848e+03 1.027331727600210698e+01 1.151303357110469022e-03
3.252948574548164288e+03 1.027762506274477694e+01 1.156267511002388943e-03
3.252950889554277637e+03 1.027405127028944065e+01 1.152723187339108231e-03
3.252953204560390077e+03 1.027934371648227696e+01 1.157413241294040019e-03
3.252955519566501607e+03 1.027771621569774751e+01 1.156105418335468416e-03
3.252957834572381216e+03 1.027404550254484583e+01 1.152930325581594164e-03
3.252960149578493656e+03 1.027500664742032654e+01 1.153427506937818817e-03
3.252962464584606096e+03 1.027844506217418186e+01 1.156932634440668893e-03
3.252964779590717626e+03 1.027673228007064132e+01 1.155459377794868479e-03
3.252967094596831430e+03 1.028062091784875243e+01 1.157914851242742649e-03
3.252971724608823934e+03 1.027687915681217845e+01 1.155249284658995930e-03
3.252976354620815982e+03 1.027800493176979657e+01 1.155892387172033527e-03
3.252978669626928422e+03 1.027548280892043486e+01 1.154573328931983315e-03
3.252980984632807122e+03 1.027643325358729243e+01 1.154965764956459055e-03
3.252983299638920016e+03 1.027395315777482310e+01 1.153212142963879047e-03
3.252985614644800080e+03 1.027710053321847461e+01 1.156205287191409536e-03
3.252987929650913429e+03 1.027645425394191037e+01 1.154878471140171822e-03
3.252992559662671738e+03 1.027344788521098096e+01 1.153390921409782255e-03
3.252994874668784178e+03 1.027475677244440533e+01 1.153644331602988451e-03
3.252997189674663787e+03 1.027707193118487261e+01 1.155112354142804948e-03
3.252999504680542941e+03 1.027410398322214213e+01 1.153953065960736536e-03
3.253001819686423005e+03 1.027705348594508017e+01 1.155802559782078158e-03
3.253004134692536354e+03 1.027405944282144290e+01 1.154147163067740199e-03
3.253006449698415508e+03 1.027612342361110009e+01 1.154618947040231876e-03
3.253008764704294663e+03 1.027608429001566925e+01 1.154095686158262751e-03
3.253011079710175181e+03 1.027431804033629348e+01 1.153369803525776741e-03
3.253013394716053881e+03 1.028023425457182327e+01 1.157284254808901153e-03
3.253018024727813099e+03 1.027762305639154938e+01 1.155862642899667869e-03
3.253020339733692708e+03 1.028454176595930925e+01 1.160917969091133754e-03
3.253022654739573227e+03 1.027705675383018402e+01 1.155564350979833505e-03
3.253024969745452836e+03 1.027766100053084664e+01 1.153996634419115781e-03
3.253027284751333355e+03 1.028170908233004610e+01 1.158231529917860478e-03
3.253029599756979223e+03 1.028088213248838301e+01 1.157738557807934561e-03
3.253031914762857923e+03 1.027841495609864353e+01 1.156028319413846201e-03
3.253034229768737987e+03 1.028040543015229957e+01 1.157832135214705883e-03
3.253036544774617141e+03 1.028015651529887187e+01 1.157468620015818239e-03
3.253038859780263920e+03 1.027842538419242224e+01 1.155546187357565360e-03
3.253043489792024047e+03 1.027983767444110796e+01 1.156705774080305556e-03
3.253045804797670826e+03 1.027716589236391798e+01 1.154726980000100618e-03
3.253048119803550435e+03 1.027910686446906396e+01 1.155865550358685335e-03
3.253050434809197213e+03 1.027760847264335275e+01 1.155487114053752951e-03
3.253052749815076822e+03 1.027906444994188817e+01 1.156408659672433911e-03
3.253059694832249988e+03 1.028056442863880449e+01 1.157461438434895630e-03
3.253064324843776376e+03 1.028025880873077824e+01 1.156969410465826572e-03
3.253066639849423154e+03 1.028210276294327663e+01 1.157730343903981508e-03
3.253068954855069933e+03 1.028584698315974322e+01 1.160855217416926176e-03
3.253073584866596320e+03 1.028547515659006883e+01 1.160660858742973639e-03
3.253075899872243099e+03 1.028476628125240389e+01 1.160421029465820431e-03
3.253078214877890787e+03 1.028849380372487587e+01 1.162858661729882165e-03
3.253080529883536656e+03 1.028374740492900408e+01 1.158709183067563233e-03
3.253082844889183434e+03 1.028790649505330279e+01 1.162298473830111843e-03
3.253092104911769638e+03 1.029221021459862229e+01 1.166202163681161370e-03
3.253094419917184041e+03 1.028910667435948412e+01 1.164090352723554144e-03
3.253096734922832184e+03 1.028836100389613151e+01 1.163312203117236035e-03
3.253099049928478962e+03 1.028630601283587254e+01 1.161187245631518754e-03
3.253101364934125741e+03 1.028582969131008618e+01 1.159285619922653708e-03
3.253108309950832336e+03 1.028788694041731944e+01 1.160864262238653485e-03
3.253110624956479114e+03 1.029061344750555662e+01 1.164981339362832369e-03
3.253112939961893517e+03 1.028982863226170785e+01 1.163577586927582981e-03
3.253117569972954698e+03 1.028864004730912640e+01 1.162781821433546067e-03
3.253119884978601021e+03 1.029047877279200129e+01 1.164279958929764205e-03
3.253124514989429372e+03 1.028814000788170979e+01 1.162006561457185581e-03
3.253131460006136876e+03 1.029045522857169281e+01 1.163529887587803555e-03
3.253136090016965682e+03 1.029188737807312570e+01 1.163495200055114686e-03
3.253138405022378720e+03 1.029087143568155227e+01 1.165050626120142218e-03
3.253140720027792668e+03 1.029193800657124847e+01 1.165735087482823061e-03
3.253143035033440356e+03 1.029013983937894494e+01 1.164461391340282110e-03
3.253149980049681290e+03 1.029452499072238147e+01 1.167057760878573896e-03
3.253154610060510095e+03 1.029290835978168062e+01 1.165848077217064918e-03
3.253159240071337081e+03 1.029040679840767325e+01 1.164018921662566966e-03
3.253161555076518198e+03 1.029214138730115913e+01 1.165180813065105729e-03
3.253166185087346093e+03 1.029014181104980885e+01 1.163849508622550981e-03
3.253168500092760041e+03 1.029404581757216874e+01 1.166444908388159819e-03
3.253170815098174899e+03 1.029227580241515305e+01 1.165221081701108691e-03
3.253173130103356016e+03 1.029385975613132409e+01 1.166827363086770774e-03
3.253175445108769509e+03 1.029401454467049071e+01 1.166069409177737746e-03
3.253180075119365029e+03 1.028994484957305566e+01 1.162893587387144479e-03
3.253184705129959184e+03 1.028796235186068486e+01 1.161861332445544327e-03
3.253187020135373132e+03 1.029085608533234186e+01 1.164613062675230347e-03
3.253189335140555158e+03 1.029016486647181772e+01 1.164069303119177976e-03
3.253191650145736276e+03 1.028848465720449745e+01 1.162380901533663661e-03
3.253193965151150223e+03 1.028774557646180909e+01 1.161696854378247660e-03
3.253196280156332250e+03 1.029194491396364697e+01 1.165511319029018415e-03
3.253198595161512458e+03 1.028948349156883779e+01 1.163370624599090056e-03
3.253200910166926406e+03 1.029383259538867179e+01 1.167487953176449484e-03
3.253203225172107068e+03 1.028784943011368114e+01 1.162397949258852205e-03
3.253205540177288640e+03 1.028851622410438438e+01 1.162186369225415381e-03
3.253207855182468847e+03 1.028901643416300260e+01 1.162631712802198684e-03
3.253210170187649965e+03 1.028717969975011215e+01 1.162123040402296024e-03
3.253212485193064822e+03 1.028995118780770213e+01 1.164775213854098547e-03
3.253214800198246849e+03 1.028778850664422251e+01 1.162129240305302593e-03
3.253217115203427056e+03 1.029083495129852821e+01 1.165193256387173776e-03
3.253219430208608173e+03 1.028722428756544716e+01 1.161545486187046724e-03
3.253221745213790200e+03 1.028834027434763776e+01 1.162949715114048850e-03
3.253224060218970408e+03 1.028675041984259586e+01 1.161212122411336067e-03
3.253226375223917785e+03 1.028618131028539118e+01 1.161062649228709670e-03
3.253228690229099811e+03 1.028810823531381224e+01 1.163026193515138756e-03
3.253231005234281838e+03 1.028460656340764956e+01 1.159423176317300090e-03
3.253233320239462500e+03 1.028380781325451743e+01 1.159258919604405028e-03
3.253235635244643163e+03 1.028649632381543810e+01 1.161056833267243120e-03
3.253237950249592359e+03 1.028698735103215967e+01 1.161868907647691310e-03
3.253240265254772567e+03 1.028625155811373659e+01 1.160779266535909683e-03
3.253242580259953684e+03 1.028750072425823170e+01 1.161941450329732808e-03
3.253244895264901970e+03 1.028571570904049537e+01 1.160111958985883237e-03
3.253247210270083997e+03 1.028668066279244009e+01 1.161185731913033561e-03
3.253249525275032283e+03 1.028839841464699667e+01 1.163341150844487320e-03
3.253251840280213401e+03 1.028652003171760043e+01 1.161231337452050009e-03
3.253254155285161687e+03 1.028444379735574188e+01 1.159203614498086890e-03
3.253256470290342804e+03 1.028233390740806641e+01 1.157246961724835415e-03
3.253258785295290181e+03 1.028552704465831980e+01 1.159594688669171939e-03
3.253261100300472208e+03 1.028726743057280579e+01 1.161757155166767913e-03
3.253263415305419585e+03 1.028465989698815619e+01 1.159739529008381280e-03
3.253265730310368781e+03 1.028786151472336030e+01 1.161776785632434757e-03
3.253268045315317067e+03 1.028761180886901450e+01 1.162331829804065910e-03
3.253270360320498185e+03 1.028817307356274746e+01 1.162680389546908106e-03
3.253272675325447381e+03 1.028216977267576127e+01 1.156917392353969338e-03
3.253274990330394758e+03 1.028780302305729144e+01 1.162619864355386029e-03
3.253277305335342135e+03 1.029066755137028366e+01 1.165316676009595966e-03
3.253279620340291331e+03 1.028355000513532680e+01 1.158633414192458818e-03
3.253281935345238708e+03 1.028607145338895812e+01 1.161207458400138849e-03
3.253284250350187904e+03 1.028617795271863855e+01 1.161444412007455688e-03
3.253286565355137100e+03 1.028321890887833945e+01 1.158105918742196455e-03
3.253288880360085386e+03 1.028665676515438676e+01 1.161486820386819661e-03
3.253291195365033673e+03 1.028084040292005952e+01 1.156547622156182649e-03
3.253293510369981050e+03 1.028446383397619002e+01 1.160349553011976679e-03
3.253295825374930246e+03 1.028505499573434889e+01 1.160948325263047804e-03
3.253298140379877623e+03 1.028486040047130246e+01 1.160045412565634607e-03
3.253300455384592169e+03 1.028287947754228604e+01 1.158905789396497609e-03
3.253302770389541365e+03 1.028529566355810587e+01 1.161167129248220475e-03
3.253305085394489652e+03 1.028238336600157865e+01 1.158029657620240254e-03
3.253307400399438848e+03 1.027774173260444712e+01 1.153945994512864609e-03
3.253309715404154304e+03 1.028095165211581019e+01 1.157184382303058038e-03
3.253312030409101681e+03 1.028141545926392553e+01 1.157685676815907016e-03
3.253314345413818046e+03 1.028261852508207852e+01 1.158788838588598958e-03
3.253316660418766332e+03 1.027820753447788249e+01 1.154681176904028602e-03
3.253318975423480879e+03 1.028166023536032370e+01 1.158368924784314562e-03
3.253321290428429620e+03 1.027958415945911774e+01 1.156868873645049232e-03
3.253323605433146440e+03 1.027763386463043283e+01 1.154398760654314548e-03
3.253325920438093817e+03 1.027688425019084306e+01 1.154636223050321386e-03
3.253328235442809273e+03 1.028101426699342369e+01 1.158043634836250502e-03
3.253330550447524729e+03 1.027953434055802617e+01 1.156537013087388394e-03
3.253332865452240185e+03 1.027834257669278273e+01 1.156375769354424637e-03
3.253335180457187562e+03 1.027867948907087126e+01 1.156104037138001471e-03
3.253337495461903018e+03 1.027983009652097124e+01 1.157378092355169441e-03
3.253339810466620293e+03 1.027683193187995414e+01 1.154960511510460522e-03
3.253342125471335748e+03 1.027912332801352235e+01 1.156771867656944570e-03
3.253344440476050295e+03 1.027819171437247014e+01 1.156244743921755859e-03
3.253346755480765751e+03 1.027657835917324292e+01 1.155180438856174933e-03
3.253349070485481207e+03 1.027415223500079300e+01 1.153338652428130898e-03
3.253351385490196662e+03 1.027814269023227389e+01 1.156721572431096976e-03
3.253353700494912118e+03 1.027498679778179458e+01 1.153362539011468712e-03
3.253356015499627574e+03 1.027314626671577358e+01 1.152313736739020997e-03
3.253358330504343030e+03 1.027321896697325343e+01 1.152593340617344376e-03
3.253360645509059395e+03 1.027422653114948581e+01 1.153009618506431596e-03
3.253362960513774851e+03 1.027400091946082306e+01 1.153872228760950734e-03
3.253365275518490307e+03 1.027112875233802569e+01 1.150626196975182338e-03
3.253367590522972478e+03 1.027141388341476080e+01 1.151253455309106475e-03
3.253369905527687479e+03 1.027506428018035223e+01 1.155294156628759944e-03
3.253372220532402935e+03 1.026999113667526942e+01 1.149798897185509532e-03
3.253592145941724993e+03 1.025540312032761214e+01 1.141274847504072194e-03
3.253594460945508217e+03 1.025771380477535999e+01 1.142860090306262785e-03
3.253596775949293260e+03 1.026044968945446101e+01 1.145636142838406474e-03
3.253599090953078303e+03 1.025717890642827612e+01 1.142711540057055313e-03
3.253601405956862436e+03 1.025459648601874463e+01 1.139549662580382821e-03
3.253603720960879400e+03 1.025931042091423606e+01 1.144078720966250221e-03
3.253606035964663079e+03 1.025785585870893613e+01 1.142020942821330440e-03
3.253608350968446757e+03 1.025880573460784717e+01 1.143458605908374663e-03
3.253610665972230890e+03 1.025754710029829297e+01 1.141936522781984015e-03
3.253612980976015024e+03 1.025914550066970143e+01 1.143082012162217323e-03
3.253615295979567236e+03 1.025948276883323729e+01 1.143299437242657627e-03
3.253617610983351369e+03 1.026125345007590184e+01 1.144756686788870595e-03
3.253619925987135503e+03 1.025883391998969962e+01 1.142198846682756326e-03
3.253622240990919636e+03 1.026189859034977125e+01 1.145228386169652767e-03
3.253624555994704679e+03 1.026591634752106152e+01 1.148381109992054278e-03
3.253626870998255072e+03 1.026285035472396245e+01 1.145267825390393563e-03
3.253629186002039205e+03 1.026628519217400282e+01 1.148509146888243787e-03
3.253631501005823338e+03 1.026475791378928193e+01 1.147861820440572922e-03
3.253633816009373732e+03 1.026309614659174052e+01 1.145311696643148535e-03
3.253636131013158774e+03 1.026504235328704162e+01 1.147241744791918910e-03
3.253638446016943817e+03 1.026471399236846160e+01 1.146883095889089654e-03
3.253640761020495120e+03 1.026480630590734755e+01 1.146729575325198917e-03
3.253643076024279253e+03 1.026805135714151263e+01 1.149574531772047832e-03
3.253645391027829646e+03 1.026556745173705920e+01 1.147176821124044161e-03
3.253647706031381858e+03 1.026585263119388358e+01 1.147449344684896982e-03
3.253650021035165082e+03 1.026545116717263539e+01 1.145940136100035344e-03
3.253652336038716385e+03 1.026674930756037618e+01 1.147539556490420956e-03
3.253654651042268597e+03 1.026834151921110738e+01 1.149046351527191175e-03
3.253656966046052730e+03 1.027045416238411235e+01 1.150485282774861605e-03
3.253659281049604033e+03 1.026988801714868238e+01 1.150535241507769134e-03
3.253661596053155336e+03 1.027148589225440567e+01 1.151799679316418447e-03
3.253663911056706638e+03 1.027331500986623425e+01 1.152780327636962433e-03
3.253666226060257486e+03 1.027354063765054093e+01 1.152589333363722348e-03
3.253668541063808334e+03 1.027042921345187310e+01 1.149627000039321048e-03
3.253670856067359637e+03 1.027497374833005139e+01 1.154204083872225391e-03
3.253673171070911849e+03 1.027478260484885020e+01 1.154252564034818343e-03
3.253675486074463151e+03 1.027556650425744778e+01 1.154120671020760023e-03
3.253677801078014454e+03 1.027451974576142568e+01 1.152700282157079160e-03
3.253680116081565757e+03 1.027466243892069819e+01 1.153445026666804086e-03
3.253682431085117059e+03 1.027685471990084665e+01 1.156204719692226039e-03
3.253684746088668362e+03 1.027569671473876767e+01 1.153998056971761122e-03
3.253687061092219665e+03 1.027496279868793039e+01 1.153453569665098327e-03
3.253689376095538137e+03 1.027597854455472692e+01 1.153889489219930365e-03
3.253691691099090349e+03 1.027803621330581763e+01 1.155764126074021111e-03
3.253694006102640742e+03 1.027457090109470528e+01 1.152263510343898810e-03
3.253696321105960124e+03 1.027926370250343346e+01 1.156760517845846015e-03
3.253698636109511426e+03 1.028038692619528760e+01 1.158157057050528084e-03
3.253700951112828989e+03 1.027659391545099155e+01 1.154005316209210340e-03
3.253703266116380291e+03 1.028051531895024873e+01 1.157410602257867268e-03
3.253705581119698763e+03 1.027914411378140969e+01 1.155921741262526045e-03
3.253707896123250066e+03 1.027895356978667962e+01 1.156462375209395483e-03
3.253710211126568993e+03 1.027947124712759219e+01 1.156543851691324782e-03
3.253712526130120750e+03 1.028202812680740941e+01 1.158410389226331629e-03
3.253714841133439222e+03 1.027947005507811440e+01 1.156742064889171610e-03
3.253717156136757694e+03 1.027935804695233379e+01 1.156293144975478531e-03
3.253719471140308087e+03 1.028157964303663086e+01 1.158353006238709189e-03
3.253721786143627014e+03 1.028047143094847904e+01 1.157339454684874237e-03
3.253724101146945486e+03 1.028079721249718403e+01 1.157278215401378674e-03
3.253726416150263503e+03 1.027914576433091298e+01 1.155621036902364533e-03
3.253728731153582885e+03 1.027815660539264719e+01 1.154459251303867947e-03
3.253731046156902266e+03 1.028012795669922319e+01 1.156470414332247268e-03
3.253733361160220738e+03 1.028014709579565888e+01 1.156994463170467856e-03
3.253735676163538301e+03 1.027961393194048334e+01 1.156447356515444454e-03
3.253737991166856773e+03 1.028120373160151324e+01 1.157164039373812610e-03
3.253740306170175245e+03 1.028281070507782147e+01 1.159278136423531674e-03
3.253742621173493717e+03 1.028448932639879310e+01 1.160349147539069042e-03
3.253744936176812189e+03 1.028298513908709921e+01 1.159321628071908984e-03
3.253747251180130661e+03 1.028154783679513251e+01 1.157836244048094862e-03
3.253749566183450042e+03 1.028334661712537290e+01 1.159009311906458251e-03
3.253751881186535684e+03 1.028247174201192493e+01 1.158236979569640885e-03
3.253754196189853246e+03 1.028303120029856288e+01 1.158839709263445985e-03
3.253756511193171718e+03 1.028172568038339207e+01 1.157777962760367114e-03
3.253758826196257360e+03 1.028168437793144285e+01 1.157465731099417000e-03
3.253761141199575832e+03 1.028341648695051447e+01 1.159203347744744168e-03
3.253763456202661018e+03 1.028330228135493130e+01 1.159138078852586665e-03
3.253765771205980855e+03 1.028333117949905073e+01 1.158832530537134455e-03
3.253768086209066496e+03 1.028664614078595463e+01 1.162395832994831627e-03
3.253770401212384968e+03 1.028260538499221077e+01 1.157456785563620947e-03
3.253772716215470609e+03 1.028712000222000178e+01 1.162731626547373409e-03
3.253775031218788172e+03 1.028690771493505096e+01 1.162146541030557997e-03
3.253777346221873813e+03 1.028519822556551944e+01 1.160872573922186977e-03
3.253779661224960364e+03 1.028507860317874290e+01 1.160682706003824099e-03
3.253781976228278836e+03 1.028507802535741256e+01 1.160073211151116520e-03
3.253784291231364023e+03 1.028461027008846784e+01 1.159903158351390916e-03
3.253786606234451028e+03 1.028375284334389050e+01 1.159505288368530788e-03
3.253788921237536670e+03 1.028618166926650979e+01 1.160976446548693834e-03
3.253791236240622311e+03 1.028637680981037406e+01 1.161250634829652777e-03
3.253793551243706133e+03 1.028407186339757118e+01 1.158528022173542548e-03
3.253795866246792684e+03 1.028514942383819886e+01 1.159918299460138778e-03
3.253798181249878326e+03 1.028647710437643781e+01 1.161346700912477313e-03
3.253800496252963512e+03 1.029132898472403923e+01 1.166188233551965388e-03
3.253802811256049608e+03 1.028719274478400614e+01 1.162034060474923837e-03
3.253805126259136159e+03 1.028499557591533176e+01 1.160082461581537312e-03
3.253807441262221801e+03 1.028540899235774653e+01 1.160102651598476442e-03
3.253809756265307442e+03 1.028582307773556259e+01 1.160572693905743968e-03
3.253812071268392174e+03 1.028477295088898913e+01 1.160052984790901345e-03
3.253814386271245894e+03 1.028239591577018786e+01 1.157112651712013419e-03
3.253816701274330626e+03 1.028882696127263330e+01 1.163125576122366056e-03
3.253819016277416267e+03 1.028756091070635215e+01 1.162095369388492592e-03
3.253821331280269533e+03 1.028702691550177128e+01 1.161802787510738235e-03
3.253823646283355629e+03 1.028727962102375493e+01 1.161923834684227370e-03
3.253825961286441270e+03 1.028534076736436376e+01 1.160399402173188307e-03
3.253828276289294081e+03 1.028812453228393942e+01 1.162937272100690025e-03
3.253830591292379722e+03 1.028422938973801237e+01 1.158717143183990135e-03
3.253832906295231624e+03 1.028526545579010332e+01 1.160163220925470922e-03
3.253835221298084434e+03 1.028543526997645863e+01 1.160113716552969897e-03
3.253837536301170076e+03 1.028812571885944749e+01 1.162915146736538978e-03
3.253839851304023796e+03 1.028605517603901731e+01 1.160945247686948241e-03
3.253842166306876607e+03 1.028732920508995896e+01 1.162047489716645093e-03
3.253844481309963157e+03 1.028752351238292562e+01 1.162131877264245246e-03
3.253846796312815968e+03 1.028577916784857393e+01 1.160767481989923716e-03
3.253849111315667869e+03 1.028476593993574006e+01 1.159688551556807470e-03
3.253851426318520680e+03 1.028589678242930106e+01 1.160968586713746016e-03
3.253853741321373036e+03 1.028361914014518774e+01 1.158448654898829250e-03
3.253856056324226302e+03 1.028571955274140848e+01 1.161474885321014429e-03
3.253858371327079112e+03 1.028519520218870120e+01 1.159984101017125626e-03
3.253860686329932832e+03 1.028449792279020514e+01 1.159790001613433515e-03
3.253863001332785643e+03 1.028579391612067440e+01 1.161246103321199362e-03
3.253865316335637999e+03 1.028350668019435687e+01 1.158673334711046244e-03
3.253867631338490355e+03 1.028576193205580935e+01 1.160998977422157425e-03
3.253869946341343166e+03 1.028501671704461451e+01 1.160284301897194885e-03
3.253872261344196886e+03 1.028442285923062371e+01 1.159640749150193028e-03
3.253874576347048787e+03 1.028666985405921253e+01 1.161662105231547372e-03
3.253876891349668767e+03 1.028410372061425271e+01 1.159383040163163969e-03
3.253879206352522942e+03 1.028414210639605031e+01 1.159378215863895957e-03
3.253881521355376208e+03 1.028436809137493668e+01 1.159680682013481019e-03
3.253883836357995278e+03 1.028653899345454548e+01 1.162195432743841177e-03
3.253886151360848089e+03 1.028490368920272502e+01 1.160493729724909910e-03
3.253888466363468069e+03 1.028537625381782661e+01 1.161130033720695525e-03
3.253890781366320880e+03 1.028251421684803191e+01 1.158766103827354359e-03
3.253893096368939950e+03 1.028407351390655577e+01 1.159655993611971884e-03
3.253895411371793671e+03 1.028279824017428723e+01 1.159076682787851418e-03
3.253897726374414560e+03 1.028334132408379986e+01 1.159416990920141650e-03
3.253900041377267371e+03 1.028092558104373389e+01 1.157086560632030262e-03
3.253902356379887351e+03 1.028297178475429519e+01 1.159382307192045273e-03
3.253904671382507331e+03 1.028254008640588602e+01 1.158298737598683617e-03
3.253906986385359232e+03 1.028292856781968467e+01 1.159063723185413137e-03
3.253909301387979212e+03 1.028179262193496335e+01 1.158605892608136978e-03
3.253911616390599193e+03 1.028270158071225282e+01 1.159333309820106874e-03
3.253913931393220082e+03 1.028333005843838777e+01 1.160106698262905120e-03
3.253916246395840062e+03 1.028073026411114377e+01 1.157142991457082775e-03
3.253918561398460042e+03 1.028198651718070344e+01 1.158466728306347011e-03
3.253920876401080022e+03 1.028321268980042724e+01 1.159231585697609052e-03
3.253923191403699093e+03 1.027966659727028720e+01 1.156559099804407072e-03
3.253925506406319073e+03 1.027874140585835327e+01 1.155896902700148362e-03
3.253927821408939053e+03 1.027559910155254741e+01 1.152691094063207919e-03
3.253930136411559488e+03 1.027767737868298781e+01 1.155227103112017829e-03
3.253932451414179923e+03 1.027898106148900936e+01 1.156189605887920522e-03
3.253934766416799903e+03 1.027949503620360439e+01 1.156897318265908466e-03
3.253937081419187052e+03 1.027688142391751569e+01 1.153991389696641754e-03
3.253939396421807032e+03 1.028011792196628349e+01 1.157123585183065118e-03
3.253941711424426103e+03 1.027945854236472734e+01 1.157427411653582251e-03
3.253944026426814162e+03 1.028007056316299206e+01 1.157109657935362790e-03
3.253946341429434142e+03 1.028050638695088459e+01 1.158043383094419562e-03
3.253948656432053212e+03 1.027732291320170432e+01 1.154825894428214818e-03
3.253950971434441271e+03 1.027861749621811782e+01 1.155962383078357192e-03
3.253953286437062161e+03 1.027812239886922185e+01 1.155843206288026956e-03
3.253955601439449310e+03 1.027685019103154040e+01 1.154645453750738088e-03
3.253957916441835550e+03 1.027865539848665044e+01 1.156541924386940120e-03
3.253960231444455985e+03 1.027925751927070763e+01 1.156592720213547778e-03
3.253962546446842680e+03 1.027975899547120342e+01 1.157366843424660358e-03
3.253964861449229829e+03 1.027490653788513342e+01 1.153320562964918602e-03
3.253967176451849809e+03 1.027652234815785093e+01 1.154520018450879305e-03
3.253969491454237414e+03 1.027845476972479410e+01 1.156039547297456251e-03
3.253971806456625472e+03 1.027928744877256406e+01 1.157189668888586537e-03
3.253974121459012167e+03 1.027785341063646385e+01 1.154750118050982795e-03
3.253976436461399317e+03 1.027803647435822754e+01 1.155986985968374776e-03
3.253978751463786466e+03 1.027983391319066442e+01 1.157893344131750123e-03
3.253981066466172706e+03 1.027707180201291237e+01 1.154414726880349188e-03
3.253983381468559855e+03 1.027853179695631169e+01 1.155838334920536578e-03
3.253985696470947005e+03 1.027749165758635641e+01 1.156081247877235440e-03
3.253988011473335064e+03 1.027844909260721984e+01 1.156579432532422666e-03
3.253990326475722213e+03 1.027707240164816938e+01 1.154964497219346286e-03
3.253992641478110272e+03 1.027769086762045880e+01 1.156021483542045295e-03
3.253994956480497422e+03 1.027819325918558313e+01 1.156888201806837097e-03
3.253997271482883662e+03 1.027572753414001028e+01 1.153584832650800338e-03
3.253999586485037526e+03 1.027917483275130905e+01 1.157226290738311812e-03
3.254001901487425130e+03 1.027970477876452016e+01 1.157914028653042734e-03
3.254004216489812279e+03 1.027538520026578972e+01 1.153481890445159051e-03
3.254006531491967053e+03 1.027827618863075188e+01 1.156132261250326964e-03
3.254008846494353747e+03 1.027684648348878937e+01 1.154635569382449385e-03
3.254011161496740897e+03 1.027628845561212856e+01 1.154476240674988602e-03
3.254013476498895216e+03 1.027612550912249390e+01 1.153805834252093774e-03
3.254015791501282365e+03 1.027961038446757591e+01 1.157646080244201497e-03
3.254018106503436684e+03 1.027646774611373104e+01 1.153987351887143104e-03
3.254020421505591912e+03 1.027466357944653197e+01 1.153374271940089350e-03
3.254022736507978152e+03 1.027791306648012437e+01 1.155818010022959972e-03
3.254025051510132926e+03 1.027916595083754991e+01 1.156703059575559358e-03
3.254027366512287699e+03 1.027682911171216773e+01 1.154217524872852780e-03
3.254029681514674849e+03 1.027680138491970752e+01 1.154857742613383349e-03
3.254031996516829167e+03 1.027943936046608542e+01 1.156849687812383162e-03
3.254034311518983031e+03 1.028155124249383157e+01 1.159464858688114561e-03
3.254036626521137805e+03 1.027895801794603869e+01 1.156407878855030989e-03
3.254038941523291214e+03 1.027936086265648896e+01 1.157042329114899666e-03
3.254041256525445533e+03 1.028046584296504307e+01 1.157595955604335224e-03
3.254043571527600761e+03 1.027705740194879702e+01 1.154113493326338127e-03
3.254045886529755990e+03 1.028073177455266674e+01 1.157755399698685069e-03
3.254048201531909399e+03 1.028049596750047812e+01 1.157894990045869529e-03
3.254050516534063718e+03 1.027875113846817356e+01 1.156120256178800459e-03
3.254052831536218491e+03 1.028032579022341508e+01 1.157696557454211423e-03
3.254055146538372355e+03 1.027820403939799299e+01 1.154639947719001639e-03
3.254057461540293843e+03 1.028162711995596368e+01 1.157811396469427294e-03
3.254059776542448162e+03 1.027985391517163016e+01 1.156227688196344869e-03
3.254062091544602936e+03 1.028355725060384884e+01 1.160032463418291448e-03
3.254064406546757709e+03 1.028154183893516915e+01 1.158358456954365579e-03
3.254066721548679197e+03 1.028145170426063970e+01 1.157171578369818642e-03
3.254069036550833516e+03 1.028051592651032919e+01 1.156340844558102548e-03
3.254071351552754095e+03 1.028267770556700889e+01 1.158955143554787123e-03
3.254073666554908414e+03 1.028080603873614329e+01 1.156680795858125704e-03
3.254075981556829902e+03 1.028337330648129466e+01 1.158425435280321589e-03
3.254078296558984221e+03 1.028534947119662313e+01 1.160584230897611455e-03
3.254080611560906618e+03 1.028594416140303558e+01 1.161265472822128105e-03
3.254082926562828106e+03 1.028394129737431406e+01 1.158738703008660486e-03
3.254085241564983335e+03 1.028945458732412277e+01 1.163778753177354113e-03
3.254087556566903913e+03 1.028524240105715393e+01 1.159831574056665975e-03
3.254089871568825401e+03 1.028729235880216208e+01 1.161839425193231115e-03
3.254092186570979720e+03 1.028988217454047138e+01 1.164610425534039163e-03
3.254094501572901208e+03 1.028819180744738837e+01 1.161917592172714234e-03
3.254096816574822697e+03 1.028891116807661632e+01 1.163077532786763700e-03
3.254099131576744185e+03 1.028713070372324800e+01 1.161047489434873826e-03
3.254101446578665673e+03 1.028982664492658294e+01 1.163592655727038391e-03
3.254103761580587161e+03 1.029059373580733094e+01 1.164201943794047813e-03
3.254106076582508649e+03 1.028845952657698071e+01 1.161616175687056780e-03
3.254108391584430137e+03 1.029303005376908686e+01 1.166334234033670038e-03
3.254110706586351625e+03 1.029215039724708092e+01 1.164862140839930662e-03
3.254113021588273114e+03 1.029260824789326456e+01 1.165539625829837330e-03
3.254115336589961771e+03 1.029176646385779037e+01 1.163875188926031699e-03
3.254117651591883259e+03 1.029304370813084013e+01 1.165856894043853760e-03
3.254119966593805657e+03 1.029144405596013101e+01 1.164315043877851190e-03
3.254122281595727145e+03 1.029184984561937455e+01 1.164016349396032428e-03
3.254124596597415803e+03 1.029378491496546211e+01 1.165772373649944134e-03
3.254126911599337291e+03 1.029419559147385499e+01 1.166444223672088434e-03
3.254129226601258779e+03 1.029284809504360609e+01 1.164936147107837293e-03
3.254131541602946527e+03 1.029357056076931087e+01 1.165294767257863242e-03
3.254133856604868015e+03 1.029385059522879686e+01 1.165821041231615823e-03
3.254136171606558037e+03 1.029753270581285030e+01 1.168554106834977097e-03
3.254138486608479070e+03 1.029294216499649472e+01 1.164680574648807891e-03
3.254140801610167728e+03 1.029585544235754924e+01 1.166530162357069670e-03
3.254143116611857295e+03 1.029759634838946170e+01 1.169519478868999733e-03
3.254145431613777873e+03 1.030059527093914440e+01 1.171404836051186203e-03
3.254147746615465621e+03 1.029857013606057414e+01 1.169388158455881383e-03
3.254150061617155188e+03 1.029994485299217644e+01 1.170010191033658917e-03
3.254152376618843846e+03 1.029718397696134069e+01 1.167795979078287746e-03
3.254154691620532958e+03 1.029912612784584169e+01 1.169076656348259175e-03
3.254157006622454901e+03 1.030182861981930031e+01 1.172379488382609180e-03
3.254159321624143558e+03 1.029708806083583994e+01 1.167391151946111554e-03
3.254161636625832216e+03 1.030370630021766765e+01 1.173677073367566286e-03
3.254163951627519964e+03 1.030043653074615051e+01 1.170301492241395541e-03
3.254166266629209076e+03 1.030164551005496598e+01 1.171828358845874215e-03
3.254168581630898188e+03 1.030047980256737183e+01 1.170306834039105438e-03
3.254170896632585936e+03 1.030215621562146744e+01 1.172060890121885430e-03
3.254173211634042673e+03 1.030319723539230914e+01 1.172188093032643227e-03
3.254175526635732240e+03 1.030059081405146415e+01 1.169989893084748267e-03
3.254177841637419988e+03 1.030433083612967771e+01 1.173405977285593357e-03
3.254180156639107736e+03 1.030629369899675396e+01 1.175921641050808918e-03
3.254182471640564017e+03 1.030284051667130107e+01 1.171801746482210990e-03
3.254184786642253130e+03 1.030328620344255874e+01 1.172661652943918307e-03
3.254187101643941787e+03 1.030330688999264233e+01 1.171863024119883809e-03
3.254189416645397614e+03 1.030240037850041723e+01 1.170824144528726006e-03
3.254191731647087181e+03 1.030663074361810772e+01 1.175214440122864966e-03
3.254194046648543008e+03 1.030707157860664758e+01 1.175595517680099941e-03
3.254196361650230756e+03 1.030619986165395474e+01 1.174019861254455444e-03
3.254198676651687038e+03 1.030638430250871806e+01 1.174030538351455814e-03
3.254200991653376150e+03 1.030713441750376091e+01 1.175374264745225605e-03
3.254203306654831067e+03 1.030815187046862746e+01 1.175772574515544788e-03
3.254205621656286894e+03 1.030926749413529819e+01 1.176298110101358253e-03
3.254207936657975551e+03 1.030721439777934378e+01 1.174297559980560113e-03
3.254210251659432288e+03 1.031013047605678423e+01 1.177943394404562484e-03
3.254212566660887205e+03 1.030875611902936839e+01 1.176159451429648842e-03
3.254214881662343942e+03 1.030569151022885599e+01 1.172453178049835242e-03
3.254217196663799768e+03 1.030815189508100715e+01 1.174977320514844492e-03
3.254219511665254686e+03 1.031120113328590726e+01 1.177200354558157564e-03
3.254221826666710513e+03 1.031112427565186351e+01 1.177924238887898727e-03
3.254224141668167249e+03 1.031241655507340838e+01 1.178517789492666574e-03
3.254226456669622166e+03 1.031159991112271612e+01 1.177799303934712457e-03
3.254228771671078903e+03 1.031238367686181512e+01 1.178473196410852620e-03
3.254231086672534730e+03 1.031401789298274707e+01 1.180230202097657180e-03
3.254233401673990556e+03 1.031613501790332954e+01 1.181730534644521123e-03
3.254235716675446383e+03 1.031517187608382180e+01 1.180963217899849574e-03
3.254238031676902210e+03 1.031068769466200763e+01 1.176386295161222905e-03
3.254240346678125206e+03 1.031185036506105135e+01 1.177274435807162999e-03
3.254242661679581033e+03 1.031421236492190019e+01 1.179269718815761838e-03
3.254244976681036860e+03 1.031568639880436677e+01 1.181317002122278569e-03
3.254247291682260766e+03 1.031572281752678677e+01 1.180183346153298963e-03
3.254249606683716593e+03 1.031629756101743567e+01 1.181474029532226340e-03
3.254251921684938679e+03 1.031653514094326241e+01 1.181692929361821687e-03
3.254254236686394506e+03 1.031473722103091539e+01 1.179549975527281573e-03
3.254256551687617957e+03 1.031244721884018567e+01 1.177531739748253212e-03
3.254258866689074239e+03 1.031478378209420121e+01 1.179592589684671892e-03
3.254261181690296326e+03 1.031716574852274704e+01 1.181615803498311298e-03
3.254263496691520231e+03 1.031797736506734076e+01 1.182105458229264997e-03
3.254265811692976058e+03 1.031494452197125256e+01 1.179373807635453360e-03
3.254268126694199054e+03 1.031782164012574832e+01 1.181468736881893583e-03
3.254270441695421141e+03 1.031539467559887235e+01 1.179747864485486755e-03
3.254272756696645047e+03 1.031764445344153103e+01 1.181456964585604315e-03
3.254275071697868043e+03 1.031816687836744251e+01 1.182460271520489881e-03
3.254277386699090130e+03 1.031651801295691584e+01 1.180416331955046454e-03
3.254279701700546866e+03 1.031906021605724710e+01 1.182888029227058269e-03
3.254282016701769862e+03 1.031887968236317121e+01 1.183344204195002939e-03
3.254284331702992858e+03 1.031774843761057170e+01 1.181398828459623990e-03
3.254286646703983024e+03 1.031907846202815904e+01 1.183172148046029559e-03
3.254288961705206020e+03 1.031949925557408854e+01 1.183645864045352290e-03
3.254291276706429471e+03 1.032062560579479715e+01 1.184116354831339689e-03
3.254293591707652013e+03 1.031955844400308209e+01 1.183426916152701238e-03
3.254295906708875009e+03 1.031833613116212689e+01 1.182284676018353735e-03
3.254298221710098915e+03 1.031918955752261269e+01 1.183337806025573993e-03
3.254300536711088171e+03 1.032203779874174643e+01 1.186125730228474156e-03
3.254302851712311167e+03 1.031881886901255641e+01 1.182919144903521848e-03
3.254305166713535073e+03 1.032205557282525632e+01 1.185644228041966841e-03
3.254307481714525238e+03 1.031971825090769812e+01 1.183279459999806230e-03
3.254309796715748234e+03 1.031982529853965325e+01 1.183384302311186066e-03
3.254312111716737945e+03 1.031592562041696759e+01 1.178995828432399893e-03
3.254314426717961396e+03 1.032153089870969254e+01 1.184850616988330748e-03
3.254316741718950652e+03 1.032095660096827139e+01 1.184284152697531994e-03
3.254319056719940818e+03 1.032115015900481581e+01 1.184540503818256848e-03
3.254321371721164724e+03 1.032112782959325514e+01 1.185002816052490660e-03
3.254323686722155799e+03 1.032029690363270369e+01 1.183859959896379392e-03
3.254326001723145055e+03 1.032101000702187221e+01 1.184890462029565723e-03
3.254328316724368051e+03 1.032151377405803494e+01 1.185210317017485306e-03
3.254330631725358216e+03 1.032023886127483436e+01 1.183626322610977335e-03
3.254332946726348382e+03 1.032028604511450354e+01 1.183791988421957139e-03
3.254335261727337638e+03 1.031757889765176728e+01 1.181009485749727776e-03
3.254337576728328713e+03 1.032027372126435694e+01 1.184026533834413438e-03
3.254339891729318879e+03 1.032090882224230199e+01 1.184754991776892702e-03
3.254342206730309499e+03 1.031834640415787518e+01 1.182106439511803079e-03
3.254344521731300119e+03 1.032019155047561298e+01 1.183408588058723187e-03
3.254346836732290285e+03 1.032095439786999691e+01 1.184507047067597874e-03
3.254349151733279996e+03 1.032016408319720924e+01 1.183551171211625523e-03
3.254351466734269707e+03 1.031907428676610117e+01 1.181797208479893778e-03
3.254353781735259872e+03 1.032068150423358865e+01 1.183967616439421605e-03
3.254356096736017207e+03 1.032022529257662136e+01 1.183811208654706034e-03
3.254358411737008282e+03 1.032075464270091203e+01 1.184466381397234012e-03
3.254360726737999357e+03 1.031959638264141788e+01 1.183067325251958932e-03
3.254363041738756692e+03 1.032036603085189341e+01 1.183887007094854005e-03
3.254365356739745948e+03 1.031651883407663206e+01 1.180249161014575339e-03
3.254367671740503283e+03 1.031701233906868076e+01 1.181222623216386268e-03
3.254369986741492994e+03 1.032186419112518294e+01 1.186210497656506541e-03
3.254372301742250784e+03 1.032127100486687432e+01 1.185289400585074837e-03
3.254374616743240040e+03 1.031648551432926197e+01 1.180125657937794057e-03
3.254376931743998284e+03 1.032006114528344654e+01 1.184371639071347309e-03
3.254379246744989359e+03 1.031637982780163298e+01 1.180511925271597378e-03
3.254381561745746694e+03 1.031732118557681943e+01 1.181678884677893468e-03
3.254383876746503120e+03 1.031507643282397702e+01 1.178946839901969966e-03
3.254386191747493285e+03 1.031989863195469148e+01 1.184071506921773953e-03
3.254388506748250620e+03 1.031836849341424767e+01 1.182617414973443585e-03
3.254390821749007955e+03 1.031891626519930938e+01 1.183744855665520021e-03
3.254393136749765290e+03 1.031120507263208808e+01 1.176264672600657677e-03
3.254395451750523080e+03 1.031625920577519473e+01 1.180454195587027745e-03
3.254397766751280869e+03 1.031774104009176085e+01 1.182581229091068855e-03
3.254400081752038204e+03 1.031709968614506501e+01 1.182340879453157474e-03
3.254402396752795084e+03 1.031719370389191326e+01 1.182372232093808475e-03
3.254404711753552874e+03 1.031415610577649034e+01 1.179241319840903255e-03
3.254407026754310209e+03 1.031713928384358780e+01 1.181877673469089755e-03
3.254409341755066635e+03 1.031711536625495285e+01 1.181969174113380559e-03
3.254411656755592048e+03 1.031605365147773590e+01 1.181638232252309227e-03
3.254413971756348928e+03 1.031503133762084978e+01 1.180083758231276550e-03
3.254416286757106718e+03 1.031666280351175402e+01 1.182392387531537017e-03
3.254418601757864053e+03 1.031302490258777915e+01 1.178356722575154636e-03
3.254420916758388557e+03 1.031211594476264004e+01 1.177856714046678034e-03
3.254423231759145892e+03 1.031323055553348489e+01 1.179268180712885004e-03
3.254425546759671306e+03 1.031447719079302061e+01 1.180486780701536743e-03
3.254427861760427731e+03 1.031470853841589452e+01 1.180339036077477895e-03
3.254430176760952236e+03 1.031457010171705768e+01 1.180155452940892698e-03
3.254432491761708661e+03 1.030972449391236978e+01 1.175728535075353182e-03
3.254434806762234984e+03 1.031136893690586653e+01 1.177421456799991172e-03
3.254437121762992319e+03 1.031337583209130493e+01 1.179465606386565944e-03
3.254439436763516824e+03 1.031041414241501109e+01 1.176636958037544046e-03
3.254441751764041328e+03 1.031525588295543727e+01 1.180956617022399036e-03
3.254444066764565832e+03 1.031210971239878837e+01 1.177733637290024607e-03
3.254446381765323167e+03 1.031195457574140306e+01 1.178692631434116646e-03
3.254448696765846762e+03 1.031362865429923659e+01 1.180384222054550996e-03
3.254451011766371266e+03 1.031146073308938327e+01 1.177518262680652197e-03
3.254453326766896680e+03 1.031340109985006848e+01 1.180034443075307507e-03
3.254455641767421184e+03 1.030797412095184562e+01 1.174657217021403410e-03
3.254457956767945689e+03 1.031111829694442328e+01 1.177499530294471349e-03
3.254460271768470193e+03 1.030798414908654337e+01 1.174618494921780745e-03
3.254462586768994697e+03 1.030935164519985037e+01 1.175536143699496558e-03
3.254464901769519201e+03 1.030741976451983355e+01 1.174039469355682560e-03
3.254467216770042796e+03 1.030943179326998305e+01 1.176672635324363565e-03
3.254469531770336289e+03 1.031253929557583682e+01 1.179366206315178318e-03
3.254471846770860793e+03 1.031007022027727515e+01 1.177015290507304850e-03
3.254474161771385297e+03 1.031116912977825173e+01 1.178153082762071644e-03
3.254476476771909802e+03 1.031022891480998283e+01 1.177244018080904212e-03
3.254478791772200566e+03 1.031348203778584605e+01 1.180369895682764408e-03
3.254481106772725070e+03 1.030947060585219788e+01 1.176540776399365162e-03
3.254483421773016744e+03 1.030963406497609647e+01 1.176977906893942596e-03
3.254485736773542158e+03 1.030938012383057867e+01 1.176578003502198487e-03
3.254488051773832922e+03 1.030868814569090475e+01 1.175874025459634764e-03
3.254490366774359245e+03 1.030973454246194798e+01 1.177075559057340652e-03
3.254492681774650464e+03 1.030707876093191722e+01 1.173766759867972929e-03
3.254494996775174513e+03 1.031050917676169654e+01 1.177358936183480875e-03
3.254497311775466187e+03 1.030684045207021171e+01 1.173555295847151202e-03
3.254499626775757861e+03 1.030956258217277366e+01 1.176873637787621699e-03
3.254501941776048625e+03 1.030889029321310879e+01 1.176132756699707757e-03
3.254504256776573129e+03 1.030603131654375737e+01 1.173545673096862332e-03
3.254506571776864803e+03 1.030743987976551423e+01 1.174340764605962375e-03
3.254508886777158295e+03 1.030758402643672511e+01 1.174661677013589959e-03
3.254511201777449514e+03 1.030880540780837862e+01 1.175765637757073337e-03
3.254513516777740733e+03 1.030964484803841330e+01 1.176371679354705794e-03
3.254515831778033316e+03 1.030928675604293687e+01 1.176365572098894263e-03
3.254518146778324535e+03 1.031024120274336831e+01 1.176872837696723000e-03
3.254520461778615754e+03 1.030923557882741548e+01 1.176676201673915612e-03
3.254522776778906973e+03 1.031045953604010634e+01 1.177359513093530772e-03
3.254525091778966271e+03 1.031085069978118085e+01 1.178143333574932635e-03
3.254527406779257944e+03 1.031026916178651298e+01 1.177062609145490329e-03
3.254529721779549618e+03 1.030943423662034419e+01 1.176590305682804084e-03
3.254532036779842201e+03 1.031276889536795771e+01 1.179990594103135946e-03
3.254534351779901044e+03 1.030868762013680673e+01 1.176323265202490562e-03
3.254536666780192718e+03 1.030917827823309807e+01 1.176529112145520027e-03
3.254538981780483937e+03 1.030847441967679323e+01 1.176066944213935688e-03
3.254541296780543234e+03 1.030839824388701231e+01 1.175736335342200548e-03
3.254543611780833999e+03 1.030951136213156971e+01 1.175478889220126335e-03
3.254545926780892842e+03 1.030842249299227831e+01 1.175111834191910594e-03
3.254548241781186334e+03 1.030508849197373422e+01 1.172574005111546832e-03
3.254550556781245177e+03 1.030916867202095588e+01 1.175869390251755350e-03
3.254552871781303111e+03 1.030978849017540888e+01 1.176565742006597517e-03
3.254555186781594784e+03 1.031163762822228591e+01 1.177656301634440747e-03
3.254557501781653627e+03 1.030797242310791795e+01 1.174388112024403593e-03
3.254559816781711561e+03 1.030802787888494443e+01 1.175005232433120944e-03
3.254562131781770404e+03 1.031602682464164644e+01 1.182571493624526120e-03
3.254564446781830611e+03 1.031327498422696465e+01 1.179206422219264893e-03
3.254566761781889909e+03 1.031296298816929102e+01 1.178803849374352071e-03
3.254569076782180673e+03 1.031277702252590345e+01 1.178465722901153286e-03
3.254571391782239971e+03 1.031645562255689796e+01 1.182131049025095942e-03
3.254573706782299269e+03 1.031647019660953646e+01 1.181659378990221852e-03
3.254576021782125281e+03 1.031605279512584872e+01 1.181717319153684480e-03
3.254578336782183214e+03 1.032017535780623341e+01 1.185018606848620322e-03
3.254580651782242057e+03 1.031673107397241829e+01 1.181379695628689613e-03
3.254582966782301810e+03 1.031184588436845040e+01 1.176665934834788705e-03
3.254585281782360653e+03 1.031712316352437320e+01 1.181750297557609053e-03
3.254587596782186665e+03 1.031697576447104225e+01 1.181817647418932421e-03
3.254589911782246418e+03 1.031798959735998267e+01 1.183110930111257349e-03
3.254592226782304351e+03 1.031659994168193606e+01 1.180429951452539351e-03
3.254594541782130364e+03 1.031991785171668496e+01 1.183570992696912410e-03
3.254596856782188297e+03 1.031885374887156814e+01 1.182551254575761081e-03
3.254599171782247140e+03 1.032075083283483607e+01 1.184307226022332689e-03
3.254601486782074062e+03 1.032016309042044178e+01 1.183377771928341123e-03
3.254603801781900984e+03 1.031824312802379140e+01 1.181538488619426376e-03
3.254606116781959827e+03 1.032067816322118503e+01 1.183549316185385052e-03
3.254608431781785839e+03 1.032520394601409386e+01 1.187853337360530136e-03
3.254610746781843773e+03 1.032205952416045314e+01 1.184520166004144129e-03
3.254613061781669785e+03 1.032514745093462238e+01 1.187107855623563933e-03
3.254615376781495797e+03 1.032530707241531864e+01 1.187585937256378744e-03
3.254617691781321810e+03 1.032433297108439518e+01 1.186130561912024156e-03
3.254620006781148732e+03 1.032738493562453996e+01 1.189210985981797300e-03
3.254622321781207575e+03 1.032553135740509376e+01 1.187113786857537517e-03
3.254624636781033587e+03 1.032879703215568945e+01 1.189681185715601910e-03
3.254626951780858690e+03 1.033015312488318038e+01 1.191663912528989145e-03
3.254629266780685612e+03 1.032482536062832423e+01 1.185240068042482187e-03
3.254631581780510714e+03 1.032882883927254269e+01 1.189984472165996239e-03
3.254633896780103896e+03 1.033085454804200864e+01 1.191271935259810176e-03
3.254636211779929909e+03 1.032850036713788100e+01 1.188934836284565900e-03
3.254638526779756830e+03 1.033206630069876297e+01 1.191242240725872304e-03
3.254640841779583752e+03 1.033271566914081951e+01 1.192359391472491616e-03
3.254643156779408855e+03 1.032936324576863818e+01 1.189281725103854062e-03
3.254645471779002037e+03 1.033403847502920492e+01 1.193227594846677604e-03
3.254647786778828504e+03 1.033174512404773715e+01 1.190451296217762264e-03
3.254650101778654061e+03 1.033427413577469167e+01 1.192899146008372145e-03
3.254652416778247243e+03 1.033447003824286448e+01 1.192925012091020087e-03
3.254654731778073256e+03 1.033465650546331815e+01 1.192534466270396510e-03
3.254657046777667347e+03 1.033741953281248982e+01 1.194867455204141589e-03
3.254659361777493359e+03 1.033782471345721277e+01 1.195845712838526555e-03
3.254661676777085631e+03 1.033814812693061214e+01 1.195172606868653191e-03
3.254663991776912553e+03 1.033951701094007802e+01 1.196266736825915902e-03
3.254666306776504825e+03 1.033596239311462739e+01 1.192133934838959233e-03
3.254668621776098007e+03 1.034298495878354984e+01 1.199745356769842510e-03
3.254670936775691189e+03 1.034037333786313972e+01 1.196977128532740117e-03
3.254673251775517201e+03 1.034124705899168184e+01 1.197369566876415378e-03
3.254675566775111292e+03 1.034565296996282058e+01 1.201178762827960315e-03
3.254677881774704929e+03 1.034586299119945707e+01 1.201083808624105100e-03
3.254680196774297656e+03 1.034325279248869300e+01 1.198051932163064293e-03
3.254682511773890838e+03 1.034310250172430834e+01 1.197918569981201850e-03
3.254684826773484019e+03 1.034747858886070482e+01 1.202167098097176945e-03
3.254687141773077201e+03 1.034644737535898074e+01 1.200490815250395858e-03
3.254689456772670383e+03 1.034561874400220916e+01 1.200025435578047769e-03
3.254691771772262655e+03 1.034777227342588724e+01 1.201738193722435384e-03
3.254694086771856746e+03 1.034783350679557756e+01 1.202050426896080632e-03
3.254696401771450837e+03 1.035212294254626819e+01 1.205213501053068728e-03
3.254698716770811188e+03 1.035059597562453604e+01 1.203845570069597259e-03
3.254701031770403915e+03 1.035231329039960713e+01 1.205933807111209859e-03
3.254703346769996642e+03 1.035336176978869283e+01 1.205792527420230121e-03
3.254705661769356993e+03 1.035291220402296020e+01 1.206163899361152071e-03
3.254707976768950175e+03 1.035682957989077302e+01 1.209573827964095100e-03
3.254710291768310071e+03 1.035426370960562892e+01 1.206745188237006881e-03
3.254712606767904617e+03 1.035621726059012815e+01 1.208039893246173153e-03
3.254714921767264968e+03 1.035833803939242515e+01 1.209655381092452535e-03
3.254717236766858150e+03 1.035730191458079474e+01 1.209005802994743591e-03
3.254719551766219411e+03 1.036003542472584193e+01 1.210503827913448011e-03
3.254721866765811683e+03 1.035917400826638612e+01 1.209885087575872072e-03
3.254724181765171124e+03 1.035609229944972398e+01 1.206282355833947304e-03
3.254726496764531930e+03 1.036212979518601784e+01 1.212768202818823721e-03
3.254728811763892736e+03 1.036036500575035646e+01 1.210302557916606483e-03
3.254731126763485918e+03 1.036156661283176561e+01 1.211170209596169325e-03
3.254733441762847178e+03 1.036001401507634156e+01 1.210572769315902469e-03
3.254735756762207529e+03 1.036287449575220876e+01 1.212235003592203883e-03
3.254738071761567880e+03 1.036438747134295646e+01 1.213471199869117171e-03
3.254740386760927322e+03 1.036672005278126996e+01 1.216736869812844526e-03
3.254742701760287673e+03 1.036295412459283227e+01 1.211947306133464826e-03
3.254745016759648024e+03 1.036350758334899069e+01 1.212421211058157047e-03
3.254747331759008375e+03 1.036739716423479862e+01 1.216185941559026545e-03
3.254749646758136805e+03 1.036883566008508950e+01 1.217084108906626343e-03
3.254751961757497156e+03 1.036866208003303313e+01 1.216074265592872929e-03
3.254754276756857507e+03 1.036662104024988906e+01 1.214059030240149332e-03
3.254756591756217858e+03 1.036654683230410612e+01 1.213720256060537954e-03
3.254758906755344924e+03 1.036922430003804507e+01 1.217200795636176830e-03
3.254761221754705730e+03 1.036880298355332997e+01 1.216549041237999706e-03
3.254763536754065171e+03 1.037396425687413881e+01 1.221496318516236256e-03
3.254765851753192692e+03 1.036831040656947067e+01 1.215872822450297106e-03
3.254768166752553952e+03 1.037189447808932918e+01 1.219477223843924794e-03
3.254770481751682382e+03 1.037200828639304362e+01 1.218548282673685961e-03
3.254772796751042733e+03 1.037286770195644259e+01 1.219741582163280354e-03
3.254775111750170254e+03 1.037330778099765283e+01 1.219350822302478401e-03
3.254777426749296865e+03 1.037032943867636803e+01 1.216539603280809628e-03
3.254779741748657216e+03 1.037430754916609388e+01 1.220229421561541076e-03
3.254782056747784736e+03 1.037596058080349692e+01 1.222110126214008639e-03
3.254784371746912257e+03 1.037389805905841556e+01 1.220010576317710890e-03
3.254786686746039777e+03 1.037174547010521586e+01 1.217153663581064561e-03
3.254789001745168207e+03 1.037667308243520381e+01 1.222138293872779410e-03
3.254791316744295727e+03 1.037726284857760461e+01 1.222574670653695048e-03
3.254793631743423248e+03 1.037562706898798659e+01 1.221372268836429763e-03
3.254795946742549859e+03 1.037737682000266304e+01 1.222516462940999001e-03
3.254798261741678289e+03 1.037666472188136702e+01 1.220783847638459447e-03
3.254800576740805809e+03 1.037815820082508189e+01 1.222982470725044292e-03
3.254802891739932420e+03 1.037507761131343642e+01 1.219932556860291563e-03
3.254805206739060395e+03 1.037808871311120384e+01 1.222805889399974227e-03
3.254807521738189280e+03 1.037786739887368626e+01 1.222070092645057005e-03
3.254809836737316800e+03 1.038015268398373436e+01 1.224258429150388173e-03
3.254812151736209671e+03 1.037743872894617780e+01 1.221178091961576222e-03
3.254814466735338101e+03 1.037846704715746249e+01 1.222070421995305250e-03
3.254816781734465621e+03 1.037987263942322969e+01 1.223473298244040670e-03
3.254819096733360311e+03 1.037836727410559945e+01 1.222965145599231359e-03
3.254821411732487832e+03 1.038099048725885964e+01 1.224514148663790811e-03
3.254823726731382976e+03 1.038020026982967359e+01 1.223262275148186487e-03
3.254826041730510951e+03 1.038136068204763163e+01 1.224297384722142657e-03
3.254828356729404732e+03 1.038271267045792889e+01 1.225939832097147587e-03
3.254830671728533162e+03 1.038297747035264784e+01 1.226065424013876234e-03
3.254832986727427851e+03 1.038432327614482809e+01 1.227399406912907994e-03
3.254835301726321632e+03 1.038525159276099075e+01 1.228809197313650639e-03
3.254837616725217231e+03 1.038555122070482639e+01 1.228287476612196323e-03
3.254839931724344751e+03 1.038519560079348381e+01 1.228943782225325881e-03
3.254842246723238986e+03 1.038476259630437681e+01 1.227703799753817552e-03
3.254844561722134131e+03 1.038353503083347462e+01 1.226361539297619180e-03
3.254846876721028821e+03 1.038516344103732081e+01 1.227332989758856286e-03
3.254849191719924420e+03 1.038425668865996698e+01 1.226556019956455933e-03
3.254851506718818200e+03 1.038724075839853178e+01 1.229616011166656791e-03
3.254853821717712890e+03 1.038153924046061505e+01 1.223518054505458351e-03
3.254856136716607580e+03 1.038702697535276442e+01 1.228906290781651674e-03
3.254858451715502270e+03 1.038548451625831248e+01 1.227665453055073238e-03
3.254860766714396959e+03 1.038676882015873915e+01 1.228672742842981018e-03
3.254863081713059728e+03 1.038637114526979133e+01 1.228517186156779161e-03
3.254865396711954418e+03 1.038710005079442666e+01 1.229590156845779877e-03
3.254867711710848198e+03 1.038469965300800979e+01 1.226766776351045527e-03
3.254870026709510057e+03 1.038779822017576571e+01 1.229419139799435307e-03
3.254872341708404747e+03 1.038536342585948979e+01 1.227057369480457662e-03
3.254874656707299437e+03 1.038595038854853492e+01 1.227251228817456035e-03
3.254876971705961296e+03 1.039071383672451887e+01 1.233395999385852480e-03
3.254879286704856895e+03 1.038553967949235712e+01 1.228089657496941357e-03
3.254881601703518754e+03 1.038719362712623351e+01 1.229002706172612879e-03
3.254883916702180613e+03 1.038646718375164113e+01 1.228686759808428949e-03
3.254886231701075303e+03 1.038654266124683545e+01 1.228025462549235886e-03
3.254888546699737162e+03 1.039064977233893750e+01 1.232984819151884031e-03
3.254890861698398112e+03 1.038579002964314846e+01 1.228055128519707061e-03
3.254893176697293711e+03 1.038872368711623650e+01 1.230484056949684990e-03
3.254895491695955570e+03 1.038897915189937926e+01 1.230599401386845392e-03
3.254897806694618339e+03 1.038879860259501520e+01 1.230071656657708576e-03
3.254900121693280198e+03 1.038947152050029921e+01 1.231256193056093481e-03
3.254902436691942057e+03 1.038536125451749292e+01 1.227322921333220095e-03
3.254904751690603916e+03 1.038535595538328415e+01 1.227033346184789805e-03
3.254907066689264866e+03 1.038963262112672581e+01 1.231470043493427743e-03
3.254909381687926725e+03 1.038885609589354431e+01 1.230207570214763299e-03
3.254911696686588584e+03 1.038882382530316839e+01 1.230265405840879483e-03
3.254914011685250443e+03 1.038498510406790487e+01 1.226997166945836132e-03
3.254916326683912303e+03 1.039204305172779286e+01 1.234309405823274131e-03
3.254918641682342241e+03 1.038619591862035563e+01 1.227682531113248555e-03
3.254920956681004100e+03 1.038733287553518458e+01 1.229576891470267851e-03
3.254923271679665959e+03 1.038640799731881614e+01 1.227746669563703355e-03
3.254925586678094987e+03 1.038865975839143552e+01 1.230771947344182779e-03
3.254927901676756846e+03 1.038729998566253876e+01 1.229406070990378018e-03
3.254930216675418706e+03 1.038902919716668904e+01 1.231110355375075174e-03
3.254932531673846825e+03 1.038560069170405953e+01 1.227829172303986560e-03
3.254934846672509593e+03 1.038744526957799508e+01 1.229309898638354962e-03
3.254937161670939531e+03 1.038604692948510611e+01 1.228204374813044201e-03
3.254939476669367650e+03 1.038653296570438300e+01 1.229020394828751013e-03
3.254941791668029964e+03 1.038771965757524995e+01 1.230659461372802643e-03
3.254944106666459447e+03 1.038653278671597135e+01 1.229511778979238291e-03
3.254946421664887566e+03 1.038796665954222398e+01 1.230194210318630342e-03
3.254948736663315685e+03 1.038330322787109949e+01 1.225339752255292115e-03
3.254951051661977999e+03 1.038531622608978644e+01 1.227784061909543457e-03
3.254953366660407937e+03 1.038548681899086645e+01 1.228298435128983906e-03
3.254955681658837420e+03 1.038830945092979263e+01 1.231221494506172564e-03
3.254957996657267358e+03 1.038496464297717914e+01 1.227189802375467991e-03
3.254960311655696387e+03 1.038509149869391734e+01 1.227487274298179635e-03
3.254962626654123596e+03 1.038596975644926168e+01 1.229088787824489815e-03
3.254964941652552625e+03 1.038740454962459836e+01 1.230287960157233499e-03
3.254967256650981653e+03 1.038853767764451952e+01 1.230645662791896499e-03
3.254969571649178761e+03 1.038528981476434865e+01 1.227790703419809901e-03
3.254971886647607789e+03 1.038361940354908164e+01 1.226546246217467655e-03
3.254974201646037727e+03 1.038818923528845062e+01 1.231401647742112358e-03
3.254976516644466756e+03 1.038641521998849804e+01 1.229582950403782481e-03
3.254978831642662044e+03 1.038375246534128848e+01 1.226086315372669098e-03
3.254981146641091073e+03 1.038430625710500266e+01 1.227284321048823738e-03
3.254983461639288180e+03 1.038592222940692267e+01 1.228704502271185097e-03
3.254985776637716299e+03 1.038671634974795310e+01 1.229761162181736579e-03
3.254988091635911587e+03 1.038400694470489327e+01 1.226733759452107789e-03
3.254990406634341980e+03 1.038604447434870437e+01 1.229250514531479797e-03
3.254992721632538633e+03 1.038589192168311470e+01 1.228892130971532539e-03
3.254995036630967661e+03 1.038680337590592195e+01 1.230359445679870059e-03
3.254997351629163859e+03 1.038568847583818311e+01 1.229206781122623663e-03
3.254999666627360057e+03 1.038772250356017324e+01 1.230139762561547213e-03
3.255001981625556255e+03 1.037993787465173234e+01 1.221998503555272314e-03
3.255004296623984374e+03 1.038310095269265076e+01 1.225609354505598171e-03
3.255006611622181026e+03 1.038271296292442436e+01 1.225536063107144020e-03
3.255008926620377679e+03 1.038599692535865771e+01 1.228676731121518739e-03
3.255011241618574786e+03 1.038773867343617674e+01 1.230217566487899154e-03
3.255013556616770984e+03 1.038348660217666541e+01 1.225825393715419039e-03
3.255015871614967182e+03 1.038517880239385072e+01 1.228152522470256011e-03
3.255018186613162470e+03 1.038372175298543709e+01 1.226329411413044652e-03
3.255020501611357759e+03 1.038692876374971164e+01 1.229747092566205353e-03
3.255022816609322035e+03 1.038690244380382488e+01 1.229057386200265323e-03
3.255025131607518233e+03 1.038521526824063912e+01 1.228110336102454167e-03
3.255027446605715340e+03 1.038514988458026522e+01 1.227330568948284753e-03
3.255029761603911993e+03 1.038660902678374498e+01 1.229148598209025287e-03
3.255032076601874905e+03 1.038697537000918913e+01 1.229787528076536256e-03
3.255034391600070194e+03 1.038911530367273706e+01 1.232102972696012821e-03
3.255036706598033561e+03 1.038525504725719273e+01 1.227752790137116900e-03
3.255039021596229759e+03 1.038601777179175656e+01 1.227880802759741697e-03
3.255041336594193126e+03 1.038711433358497160e+01 1.229234380571464372e-03
3.255043651592389324e+03 1.038240895224213745e+01 1.223667424724155482e-03
3.255045966590353601e+03 1.038695278305233138e+01 1.228793253732186896e-03
3.255048281588550708e+03 1.038552290827788660e+01 1.227559783582384120e-03
3.255050596586513166e+03 1.038753584957549947e+01 1.229030944735642677e-03
3.255052911584476988e+03 1.038819552185026041e+01 1.230583135339901549e-03
3.255055226582440810e+03 1.038909704054826832e+01 1.231305330944521817e-03
3.255057541580636098e+03 1.038467294242295402e+01 1.225985556165403844e-03
3.255059856578598556e+03 1.038865855001916039e+01 1.230654693748600530e-03
3.255062171576562832e+03 1.039012667192325523e+01 1.231992163486736631e-03
3.255064486574527109e+03 1.039037472301534137e+01 1.231935511426951327e-03
3.255066801572490476e+03 1.038720690657826928e+01 1.228883829596774148e-03
3.255069116570453843e+03 1.038715165327877799e+01 1.229040246561915887e-03
3.255071431568417211e+03 1.038846602560939303e+01 1.230657760191312912e-03
3.255073746566379668e+03 1.038779784450492016e+01 1.229654584796186249e-03
3.255076061564343036e+03 1.038826404139117976e+01 1.229098609041581573e-03
3.255078376562074027e+03 1.039188168189105710e+01 1.233793433229038753e-03
3.255080691560037849e+03 1.038800331231675855e+01 1.229467811085651913e-03
3.255083006558001216e+03 1.039451397981224900e+01 1.235846390642301573e-03
3.255085321555732662e+03 1.039176736148155200e+01 1.233676342556063333e-03
3.255087636553696029e+03 1.038934115444624240e+01 1.230138308054781098e-03
3.255089951551658487e+03 1.039397980960317902e+01 1.234514838491771599e-03
3.255092266549388114e+03 1.039206581610751812e+01 1.232622535839696023e-03
3.255094581547351936e+03 1.039343783462670423e+01 1.234748854738174475e-03
3.255096896545082927e+03 1.039235008660300252e+01 1.232549158037190423e-03
3.255099211542812554e+03 1.039222259886481226e+01 1.233181535674926586e-03
3.255101526540777741e+03 1.039629344206660022e+01 1.236831836775643652e-03
3.255103841538509187e+03 1.039359151860000807e+01 1.234061528077722448e-03
3.255106156536238814e+03 1.039388072992136891e+01 1.234352784927576037e-03
3.255108471534201271e+03 1.039195807421425854e+01 1.232050801572671678e-03
3.255110786531931808e+03 1.039082298325441656e+01 1.230773672921024785e-03
3.255113101529663254e+03 1.039307078456135791e+01 1.232467744078291931e-03
3.255115416527392881e+03 1.039283416294519213e+01 1.232900782160544764e-03
3.255117731525124327e+03 1.039882177082275305e+01 1.238627080028568148e-03
3.255120046522854864e+03 1.039820364754668347e+01 1.237570463289001466e-03
3.255122361520586310e+03 1.039922560166702326e+01 1.238506521598437731e-03
3.255124676518316846e+03 1.039472809564406752e+01 1.233689423690184986e-03
3.255126991516047383e+03 1.039964816044857798e+01 1.237900639395231100e-03
3.255129306513777010e+03 1.039734504409127247e+01 1.235752276927504049e-03
3.255131621511274716e+03 1.039855853938457386e+01 1.237205245712662792e-03
3.255133936509005252e+03 1.039816714171075596e+01 1.236351196064658983e-03
3.255136251506735789e+03 1.040270611666189637e+01 1.241189258153930922e-03
3.255138566504233950e+03 1.039866247083727302e+01 1.236947630888176079e-03
3.255140881501964941e+03 1.039843143897096667e+01 1.236437641809674803e-03
3.255143196499696387e+03 1.040266903543029819e+01 1.240426991509542207e-03
3.255145511497193183e+03 1.040386667168822399e+01 1.241776872188982053e-03
3.255147826494922811e+03 1.039882794103112218e+01 1.236852050492454926e-03
3.255150141492420971e+03 1.040036936641135235e+01 1.237877174593118249e-03
3.255152456489918222e+03 1.040479201960433642e+01 1.242461972094338661e-03
3.255154771487648759e+03 1.040003292763718079e+01 1.236998800121005479e-03
3.255157086485147374e+03 1.040516954526286675e+01 1.242474593090823554e-03
3.255159401482645990e+03 1.040385444852592300e+01 1.240510497743135560e-03
3.255161716480375617e+03 1.040489601559418453e+01 1.242340278702010019e-03
3.255164031477873323e+03 1.040695938226203054e+01 1.243674152314237780e-03
3.255166346475371029e+03 1.040242764168210954e+01 1.239503921799536964e-03
3.255168661472868735e+03 1.040613087920461055e+01 1.242633360076034676e-03
3.255170976470366440e+03 1.040535771343472504e+01 1.240999213813135825e-03
3.255173291467864146e+03 1.040421292326960234e+01 1.239538195471664560e-03
3.255175606465362762e+03 1.040774128171441504e+01 1.244022219861888904e-03
3.255177921462860468e+03 1.040399440368718587e+01 1.239882856711727911e-03
3.255180236460358174e+03 1.040673447174977362e+01 1.242599588752760350e-03
3.255182551463909476e+03 1.040636224527944798e+01 1.243008983409918909e-03
3.255184866461407182e+03 1.040600238234464214e+01 1.242150027615185771e-03
3.255187181458903979e+03 1.040520362155975498e+01 1.240836032517111118e-03
3.255189496456168854e+03 1.040477598029967865e+01 1.239672789397858318e-03
3.255191811453666560e+03 1.040959916995734247e+01 1.245259026653462503e-03
3.255194126451165175e+03 1.040605367113742830e+01 1.241469476880178177e-03
3.255196441448430960e+03 1.040643311406289584e+01 1.241628899654499815e-03
3.255198756445927756e+03 1.040895066306271133e+01 1.244142727674117958e-03
3.255201071443192632e+03 1.041026549860695560e+01 1.245626731256364167e-03
3.255203386440690338e+03 1.041318638691827125e+01 1.248029282915097925e-03
3.255205701437955213e+03 1.041014924178540824e+01 1.245008868924960769e-03
3.255208016435220088e+03 1.041174384287975485e+01 1.246792324661304607e-03
3.255210331432717794e+03 1.040932835173740756e+01 1.244106337425725847e-03
3.255212646429983579e+03 1.041286294805539114e+01 1.247617385881966048e-03
3.255214961427249364e+03 1.040628897395779617e+01 1.240782589621636190e-03
3.255217276424513329e+03 1.041309088723856746e+01 1.247715423905192784e-03
3.255219591421777295e+03 1.041031818493928895e+01 1.244993897373592763e-03
3.255221906419042170e+03 1.041084291204286316e+01 1.245759437288766324e-03
3.255224221416307500e+03 1.041295243164853801e+01 1.247795702739936232e-03
3.255226536413571921e+03 1.041264644500331826e+01 1.246622438532840214e-03
3.255228851410836796e+03 1.041400939924725577e+01 1.248147612672400892e-03
3.255231166408103036e+03 1.041324848627319355e+01 1.248258326966217259e-03
3.255233481405368366e+03 1.041351904094993230e+01 1.247145322936993404e-03
3.255235796402633241e+03 1.041386347285774683e+01 1.247950791072495978e-03
3.255238111399665286e+03 1.041443853332195957e+01 1.248375483907740403e-03
3.255240426396929251e+03 1.041437677302358544e+01 1.247985797171493813e-03
3.255242741394193217e+03 1.041279243996924286e+01 1.246224162674588413e-03
3.255245056391226171e+03 1.041396768697155650e+01 1.247811773473246535e-03
3.255247371388491047e+03 1.041359384850673209e+01 1.246113088217701021e-03
3.255249686385523091e+03 1.041808137213600993e+01 1.251747651834603323e-03
3.255252001382788876e+03 1.041811571657067503e+01 1.251908561206137045e-03
3.255254316379820921e+03 1.041630957924513012e+01 1.249957334099672732e-03
3.255256631377085796e+03 1.041938164081664731e+01 1.252656128431828319e-03
3.255258946374116931e+03 1.041566950234714817e+01 1.249384705589336826e-03
3.255261261371148976e+03 1.041452760769832686e+01 1.247149322521229255e-03
3.255263576368414761e+03 1.041711727408282684e+01 1.249843603087545663e-03
3.255265891365445896e+03 1.041658044560661978e+01 1.249592763017262544e-03
3.255268206362478395e+03 1.041947987174824952e+01 1.252172030660348573e-03
3.255270521359511804e+03 1.041904964315015469e+01 1.252130788186299167e-03
3.255272836356542939e+03 1.041858625508645986e+01 1.251592310331555531e-03
3.255275151353574529e+03 1.042120749537978597e+01 1.254738732962446413e-03
3.255277466350607028e+03 1.041561065065951652e+01 1.248028680284637417e-03
3.255279781347639073e+03 1.042248876255132295e+01 1.255148267791522014e-03
3.255282096344670208e+03 1.042031995783328924e+01 1.252361973308216154e-03
3.255284411341703162e+03 1.042195888673856885e+01 1.253543016205800565e-03
3.255286726338736116e+03 1.042281182442796705e+01 1.254897067383148150e-03
3.255289041335535330e+03 1.042460999548446310e+01 1.256494430685096237e-03
3.255291356332566920e+03 1.042044895703264018e+01 1.251455334546326030e-03
3.255293671329599420e+03 1.042227255964476917e+01 1.253729977094058525e-03
3.255295986326397724e+03 1.042216610264731003e+01 1.253743997007072909e-03
3.255298301323429769e+03 1.042070394275367917e+01 1.252709514512970060e-03
3.255300616320461813e+03 1.042549165965213298e+01 1.256881681586709222e-03
3.255302931317261482e+03 1.042374812045530064e+01 1.254969972203627592e-03
3.255305246314061151e+03 1.042547680810264055e+01 1.257143345704833746e-03
3.255307561311093195e+03 1.042060146765765438e+01 1.251748584968981034e-03
3.255309876307893319e+03 1.042458563508812475e+01 1.256253120483628860e-03
3.255312191304924454e+03 1.042176126449660956e+01 1.252268992533146124e-03
3.255314506301722759e+03 1.042334096870433768e+01 1.253905996295549352e-03
3.255316821298522882e+03 1.042330008506997707e+01 1.254124954970650642e-03
3.255319136295322096e+03 1.042615435520708900e+01 1.256976528366193823e-03
3.255321451292121310e+03 1.042243554691544638e+01 1.252740162142076258e-03
3.255323766288920979e+03 1.042870319072155993e+01 1.259237163900343674e-03
3.255326081285720647e+03 1.042564029312336160e+01 1.255327721113270100e-03
3.255328396282519861e+03 1.042542316428297511e+01 1.255608919255308664e-03
3.255330711279319075e+03 1.042438437214710589e+01 1.254932735365142313e-03
3.255333026276118289e+03 1.042610480774495230e+01 1.255995746695857907e-03
3.255335341272916594e+03 1.042844565234285881e+01 1.258144510396201317e-03
3.255337656269715808e+03 1.042829424676653716e+01 1.258458657903090789e-03
3.255339971266515022e+03 1.042611023331551579e+01 1.256340974911682087e-03
3.255342286263083224e+03 1.043164571094362181e+01 1.261355658823573199e-03
3.255344601259882438e+03 1.042714075892576631e+01 1.256256631363387652e-03
3.255346916256680743e+03 1.042882812335391840e+01 1.258368541244914065e-03
3.255349231253247126e+03 1.043044626825876975e+01 1.260129930998627823e-03
3.255351546250046340e+03 1.042675036168732383e+01 1.256432685789728426e-03
3.255353861246612723e+03 1.042979967780152961e+01 1.260182079759788500e-03
3.255356176243411937e+03 1.042946283046954292e+01 1.259322171428524807e-03
3.255358491239978321e+03 1.042962942656150815e+01 1.258351381407730703e-03
3.255360806236777989e+03 1.042815618952493928e+01 1.257199868754298828e-03
3.255363121233344827e+03 1.042896163282628308e+01 1.257693829749535622e-03
3.255365436229911211e+03 1.043001618212348802e+01 1.258931304355699089e-03
3.255367751226476685e+03 1.042993273753406847e+01 1.258739101769463121e-03
3.255370066223275899e+03 1.043149667583374907e+01 1.260342757266787487e-03
3.255372381219842282e+03 1.043276307196307329e+01 1.261948233515222065e-03
3.255374696216408665e+03 1.042940495874200124e+01 1.258705365978109517e-03
3.255377011212975049e+03 1.043272176650785354e+01 1.261978437601652585e-03
3.255379326209542342e+03 1.043199110693180032e+01 1.260378868787089077e-03
3.255381641206108725e+03 1.043504526881794803e+01 1.263827378279767238e-03
3.255383956202675108e+03 1.043213088786790443e+01 1.260584480031730435e-03
3.255386271199008661e+03 1.043253449542614852e+01 1.261243175385373108e-03
3.255388586195575499e+03 1.043129023105670683e+01 1.259367111684951603e-03
3.255390901192141428e+03 1.043558492442225472e+01 1.264029820369792344e-03
3.255393216188707811e+03 1.042842445400683005e+01 1.256503276696789139e-03
3.255395531185041364e+03 1.043074393547857603e+01 1.258532938750514529e-03
3.255397846181608656e+03 1.043181077602909212e+01 1.261069778757752807e-03
3.255400161178175040e+03 1.043487631384015657e+01 1.263641632086165119e-03
3.255402476174508593e+03 1.043236422535715846e+01 1.260402670843246715e-03
3.255404791171074976e+03 1.043393701913475091e+01 1.263146453725984665e-03
3.255407106167407619e+03 1.043455533916955247e+01 1.263474151783794191e-03
3.255409421163974002e+03 1.043231254404287967e+01 1.260173479022316670e-03
3.255411736160308010e+03 1.043517426583944108e+01 1.263571332751999791e-03
3.255414051156641108e+03 1.043552361665527251e+01 1.264323782612746666e-03
3.255416366152974661e+03 1.043331306646065926e+01 1.261844734639692859e-03
3.255418681149541953e+03 1.043375859684203988e+01 1.262642015049323567e-03
3.255420996145876416e+03 1.043265754569506676e+01 1.260467210717888375e-03
3.255423311142209059e+03 1.043218724140117537e+01 1.260737576069922506e-03
3.255425626138543066e+03 1.043537028268975497e+01 1.263897403704405996e-03
3.255427941134876164e+03 1.043567862199233254e+01 1.264685227529667834e-03
3.255430256131209717e+03 1.043277983804845732e+01 1.261383492510902756e-03
3.255432571127543270e+03 1.043489249739242020e+01 1.263633915097323555e-03
3.255434886123876822e+03 1.043583046760609534e+01 1.264959963312924617e-03
3.255437201120211284e+03 1.043324590392840712e+01 1.261443480884414216e-03
3.255439516116544837e+03 1.043407383359986440e+01 1.262881156120037240e-03
3.255441831112644650e+03 1.043199094536183047e+01 1.260448770393442566e-03
3.255444146108979112e+03 1.043490036978826296e+01 1.263678696459127416e-03
3.255446461105311755e+03 1.043773534120365021e+01 1.267192407421672889e-03
3.255448776101412477e+03 1.043292477933696816e+01 1.261021680784101592e-03
3.255451091097746030e+03 1.043178329594460330e+01 1.259944745971167904e-03
3.255453406093847661e+03 1.043433894649615468e+01 1.262402640785955906e-03
3.255455721090181214e+03 1.043292654055045787e+01 1.260589324462269662e-03
3.255458036086281936e+03 1.043490796945662069e+01 1.263042042288825030e-03
3.255460351082616398e+03 1.043442022153634241e+01 1.262541793088865685e-03
3.255462666078716211e+03 1.043523809896288590e+01 1.264045258239377681e-03
3.255464981074816933e+03 1.043354917062460174e+01 1.261413446415265505e-03
3.255467296071151395e+03 1.043499302844959509e+01 1.264080245768134901e-03
3.255469611067251208e+03 1.043471897262629078e+01 1.262638660459349492e-03
3.255471926063351930e+03 1.043612123437712214e+01 1.264838041320183720e-03
3.255474241059452652e+03 1.043648300089701308e+01 1.264890711651325611e-03
3.255476556055554283e+03 1.043473086609263412e+01 1.263021000446324206e-03
3.255478871051654096e+03 1.043356643593262767e+01 1.261762019227193879e-03
3.255481186047755727e+03 1.043254446582652228e+01 1.259700041140700104e-03
3.255483501043856450e+03 1.043472308102695578e+01 1.262922277675731890e-03
3.255485816039957172e+03 1.043614034323029927e+01 1.263737764505363332e-03
3.255488131036056984e+03 1.043505259970050147e+01 1.262076786897319003e-03
3.255490446032158616e+03 1.043324317247947342e+01 1.261525949797136876e-03
3.255492761028027417e+03 1.043441229616093935e+01 1.262187014486541642e-03
3.255495076024127229e+03 1.043620093073454491e+01 1.263835976034022313e-03
3.255497391020227951e+03 1.043317634823851137e+01 1.260807354987696647e-03
3.255499706016096752e+03 1.043321764322869605e+01 1.259927716520207845e-03
3.255502021012196565e+03 1.043982079377716232e+01 1.268503550911984253e-03
3.255504336008065366e+03 1.043220800959038996e+01 1.259212300797500411e-03
3.255506651004165178e+03 1.043916116734513189e+01 1.267141164354613310e-03
3.255508966000033524e+03 1.043772321196254893e+01 1.265420745879699107e-03
3.255511280995901870e+03 1.043499700665318741e+01 1.262683132209942985e-03
3.255513595992002593e+03 1.043939737017764813e+01 1.267275300917318839e-03
3.255515910987870484e+03 1.043637468905856380e+01 1.264057912980356101e-03
3.255518225983738375e+03 1.043795418919027540e+01 1.265417911701826681e-03
3.255520540979606267e+03 1.043809220100504831e+01 1.266156807535042360e-03
3.255522855975706989e+03 1.043721632511535624e+01 1.264422181368655843e-03
3.255525170971574880e+03 1.043719145779859403e+01 1.264279670372137239e-03
3.255527485967442772e+03 1.043864703120804371e+01 1.266672079630339802e-03
3.255529800963310663e+03 1.043981501425247416e+01 1.267516202409602099e-03
3.255532115959178554e+03 1.043743198348964540e+01 1.264944311356930740e-03
3.255534430955046446e+03 1.043977682465404300e+01 1.268420030026937671e-03
3.255536745950681961e+03 1.043914782362424987e+01 1.266666568884469539e-03
3.255539060946550308e+03 1.044092948826875045e+01 1.267520270857853135e-03
3.255541375942417289e+03 1.043571821430012747e+01 1.262191114296534224e-03
3.255543690938285181e+03 1.043700302423791548e+01 1.263584523592594516e-03
3.255546005933921151e+03 1.043975944369472408e+01 1.266608369619633308e-03
3.255548320929789043e+03 1.043792070351935131e+01 1.264161464596648670e-03
3.255550635925656479e+03 1.043906418686467319e+01 1.265403779785444997e-03
3.255552950921291995e+03 1.044141324301916107e+01 1.267710530211387616e-03
3.255555265917159886e+03 1.043964675780062734e+01 1.266275825259431838e-03
3.255557580912794492e+03 1.043904491057473471e+01 1.265800324193696279e-03
3.255559895908430008e+03 1.043992001043918805e+01 1.265838329441263364e-03
3.255562210904297899e+03 1.044091413238984245e+01 1.267140537781546008e-03
3.255564525899932960e+03 1.044046561744029766e+01 1.266669856068850354e-03
3.255566840895568021e+03 1.044242842023043139e+01 1.268247219081476175e-03
3.255569155891435912e+03 1.044105015338449505e+01 1.266351789406097977e-03
3.255571470887071882e+03 1.044147233453171708e+01 1.266831251872205981e-03
3.255573785882706034e+03 1.044201844377666433e+01 1.267894813895551528e-03
3.255576100878341094e+03 1.043989360910111941e+01 1.264826045467044987e-03
3.255578415873976155e+03 1.044118002812333934e+01 1.266769744047487305e-03
3.255580730869611216e+03 1.044465907146623351e+01 1.270203164118095113e-03
3.255583045865246277e+03 1.044416334093900289e+01 1.270467696440192359e-03
3.255585360860883156e+03 1.044376919467268472e+01 1.270061220888995526e-03
3.255587675856284477e+03 1.044644395457381414e+01 1.271580667054754117e-03
3.255589990851918628e+03 1.044722252688131015e+01 1.273014892778672434e-03
3.255592305847554599e+03 1.044149362241374668e+01 1.266251549281582596e-03
3.255594620843189659e+03 1.044679868426256597e+01 1.272417635061230245e-03
3.255596935838591889e+03 1.044485792211191999e+01 1.270281110760195127e-03
3.255599250834226495e+03 1.044400167762347209e+01 1.268850375845290189e-03
3.255601565829629180e+03 1.044434957814253551e+01 1.268634671903334224e-03
3.255603880825265151e+03 1.044360568380164977e+01 1.268155054829168526e-03
3.255606195820666471e+03 1.044657256072180473e+01 1.271758700582276006e-03
3.255608510816301987e+03 1.044417155767924221e+01 1.268519809707277426e-03
3.255610825811703762e+03 1.044924329346139125e+01 1.273901718430293147e-03
3.255613140807105992e+03 1.044776990592939825e+01 1.271431727772752169e-03
3.255615455802741053e+03 1.044876089253597939e+01 1.273175874526902805e-03
3.255617770798144193e+03 1.045127037888030763e+01 1.275856318245089478e-03
3.255620085793545968e+03 1.044901167371500073e+01 1.272865985358775020e-03
3.255622400788948653e+03 1.045200150983503207e+01 1.275255193716261443e-03
3.255624715784351793e+03 1.045081511913213035e+01 1.274120829060315088e-03
3.255627030779753113e+03 1.045193128666256754e+01 1.274972714602250938e-03
3.255629345775155343e+03 1.044969413883631759e+01 1.271993680280350189e-03
3.255631660770556664e+03 1.045199064510756770e+01 1.275027535960656473e-03
3.255633975765959804e+03 1.045024112285731555e+01 1.272848018765024725e-03
3.255636290761361124e+03 1.045209626511261725e+01 1.274012113254071417e-03
3.255638605756764264e+03 1.045199493686111758e+01 1.274350914470590013e-03
3.255640920751934573e+03 1.045403241523368365e+01 1.275920823873246367e-03
3.255643235747336803e+03 1.045194474327139744e+01 1.273902587507245695e-03
3.255645550742739033e+03 1.045957204859763401e+01 1.281677770231708221e-03
3.255647865737908432e+03 1.045939863256841207e+01 1.281311501477481974e-03
3.255650180733309753e+03 1.045816312092084210e+01 1.279586960958947923e-03
3.255652495728479153e+03 1.045954499010314009e+01 1.281592235201030111e-03
3.255654810723881383e+03 1.045833595481789224e+01 1.280040230436999644e-03
3.255657125719051692e+03 1.045776970271793260e+01 1.278494638135573708e-03
3.255659440714221091e+03 1.046093271270910030e+01 1.282878477934129005e-03
3.255661755709624231e+03 1.046349791926155071e+01 1.285247546500757621e-03
3.255664070704792721e+03 1.046249001349697849e+01 1.283379245421699096e-03
3.255666385699962120e+03 1.045909650947892366e+01 1.278636532976595245e-03
3.255668700695130610e+03 1.046254004530690018e+01 1.283014207005886680e-03
3.255671015690533750e+03 1.046301593629810789e+01 1.283928589019635302e-03
3.255673330685703149e+03 1.046159900138257726e+01 1.281410952779143096e-03
3.255675645680871639e+03 1.046887049749156517e+01 1.289528727932470016e-03
3.255677960676042858e+03 1.046670550362062002e+01 1.287012572612201066e-03
3.255680275671212257e+03 1.046478651236924762e+01 1.283843406390466207e-03
3.255682590666148826e+03 1.046407951206741238e+01 1.284281665843241401e-03
3.255684905661318226e+03 1.046978422323618219e+01 1.289958698727412855e-03
3.255687220656487625e+03 1.046365148142952073e+01 1.282757334532103012e-03
3.255689535651656115e+03 1.046922006431951147e+01 1.287883812169592730e-03
3.255691850646592684e+03 1.046946981066885130e+01 1.287970778003557238e-03
3.255694165641762538e+03 1.046930966880430347e+01 1.288626155726949312e-03
3.255696480636933302e+03 1.047230673582398985e+01 1.290875972775091087e-03
3.255698795631868961e+03 1.047270718449133042e+01 1.290921191736434017e-03
3.255701110627039270e+03 1.047024616657363438e+01 1.288126263109150901e-03
3.255703425621975839e+03 1.047243970100796950e+01 1.289786646794614192e-03
3.255705740617144329e+03 1.047304613037665710e+01 1.290206808741839028e-03
3.255708055612080898e+03 1.047422528844796652e+01 1.292397440104417136e-03
3.255710370607017012e+03 1.047284954479170693e+01 1.290197659239190452e-03
3.255712685601954036e+03 1.047447053333449318e+01 1.290817954958769706e-03
3.255715000597124344e+03 1.047640227608607866e+01 1.293401210691012175e-03
3.255717315592060913e+03 1.047844372601802476e+01 1.295368192333039769e-03
3.255719630586997482e+03 1.048159654766648430e+01 1.298536310652796330e-03
3.255721945581933142e+03 1.047882937341117326e+01 1.295277645845200080e-03
3.255724260576870620e+03 1.047514344865313873e+01 1.291178362758163816e-03
3.255726575571807189e+03 1.048030862967320687e+01 1.296725239655458981e-03
3.255728890566742848e+03 1.047768008538021789e+01 1.293454127504942673e-03
3.255731205561680326e+03 1.048498360520760286e+01 1.300333183157038669e-03
3.255733520556616895e+03 1.048361658249355344e+01 1.299531842408590404e-03
3.255735835551320633e+03 1.048537367333820924e+01 1.300785171582796197e-03
3.255738150546257202e+03 1.048582620105672802e+01 1.300792560514084416e-03
3.255740465541193771e+03 1.048331850184600711e+01 1.297555612573474517e-03
3.255742780535898419e+03 1.048659910976645371e+01 1.301679912410217072e-03
3.255745095530834078e+03 1.048393096390463342e+01 1.298223792721421750e-03
3.255747410525770647e+03 1.048511386314986105e+01 1.299827014530406319e-03
3.255749725520475295e+03 1.048699592184480345e+01 1.301265453970194786e-03
3.255752040515179033e+03 1.048780289218287720e+01 1.301834681950035481e-03
3.255754355510114692e+03 1.048629951173884223e+01 1.300075192563410241e-03
3.255756670504819340e+03 1.048358835444177295e+01 1.296846697505669478e-03
3.255758985499523078e+03 1.048983752722164731e+01 1.303529422698417820e-03
3.255761300494458737e+03 1.048757222765427777e+01 1.300865761607801138e-03
3.255763615489162930e+03 1.048926919308299510e+01 1.302793832126354591e-03
3.255765930483867123e+03 1.048904712116868509e+01 1.302420163710029570e-03
3.255768245478569952e+03 1.048765647059599715e+01 1.299883725853235097e-03
3.255770560473273690e+03 1.048793645072506564e+01 1.300582261416261248e-03
3.255772875467979247e+03 1.049409270148816731e+01 1.307106964960103512e-03
3.255775190462682531e+03 1.049279727492543124e+01 1.305384747470426845e-03
3.255777505457385814e+03 1.049631544524882010e+01 1.308938794504603759e-03
3.255779820452090007e+03 1.049595236928741571e+01 1.308858160670427467e-03
3.255782135446794200e+03 1.049654233794749913e+01 1.309774291038118396e-03
3.255784450441264198e+03 1.049739946713976479e+01 1.309847282260452475e-03
3.255786765435967936e+03 1.049893765042606120e+01 1.310648039416694496e-03
3.255789080430671675e+03 1.049590514163570987e+01 1.307265481940973620e-03
3.255791395425143492e+03 1.049924696190326756e+01 1.310941576777824216e-03
3.255793710419847230e+03 1.049465233533976516e+01 1.305426499151659614e-03
3.255796025414318137e+03 1.050046504442736683e+01 1.311645572016387554e-03
3.255798340409021876e+03 1.049812336603888419e+01 1.308944246951554294e-03
3.255800655403491874e+03 1.050033873788143168e+01 1.311519912716669310e-03
3.255802970398196067e+03 1.050136917406056547e+01 1.312089978359451620e-03
3.255805285392667429e+03 1.049771855865893144e+01 1.307802476806338605e-03
3.255807600387138336e+03 1.050068952501418984e+01 1.311420053952589565e-03
3.255809915381842984e+03 1.050388791939426980e+01 1.314816557040972929e-03
3.255812230376313892e+03 1.050327493894232944e+01 1.314491261591090249e-03
3.255814545370784799e+03 1.049744579884174200e+01 1.307662752924088762e-03
3.255816860365254797e+03 1.050306457970763852e+01 1.313185442570387372e-03
3.255819175359725705e+03 1.050417218927367635e+01 1.315580924916556977e-03
3.255821490354196612e+03 1.050385040749447896e+01 1.313927825927702206e-03
3.255823805348666610e+03 1.050593189631022284e+01 1.315962987072928116e-03
3.255826120343138882e+03 1.051119154120083188e+01 1.321923249678648871e-03
3.255828435337378323e+03 1.050426360007163495e+01 1.314477793525768842e-03
3.255830750331848321e+03 1.050398381006257331e+01 1.313456636776466797e-03
3.255833065326319229e+03 1.050562495075508274e+01 1.315630637223221379e-03
3.255835380320790136e+03 1.050378491340840270e+01 1.312651796830469845e-03
3.255837695315028213e+03 1.050714757414912270e+01 1.317114541199625351e-03
3.255840010309498211e+03 1.050807389414174864e+01 1.317321797779985072e-03
3.255842325303736288e+03 1.050806200778787769e+01 1.317474786600136925e-03
3.255844640298208105e+03 1.050807463888225257e+01 1.317039781032835729e-03
3.255846955292446182e+03 1.050394211816602485e+01 1.313092395197029694e-03
3.255849270286917999e+03 1.050555030610941998e+01 1.314265821236391615e-03
3.255851585281156076e+03 1.050923338938894602e+01 1.317963728918690935e-03
3.255853900275394153e+03 1.050853231197252846e+01 1.317153388769114501e-03
3.255856215269864151e+03 1.050633253028993863e+01 1.314270587048852650e-03
3.255858530264102228e+03 1.051074698067699131e+01 1.319393839155916931e-03
3.255860845258340305e+03 1.051093147985997867e+01 1.319677319612477763e-03
3.255863160252579291e+03 1.051382359193127947e+01 1.323290311716957121e-03
3.255865475246818278e+03 1.051233828211253751e+01 1.320440648816709542e-03
3.255867790241056355e+03 1.051105657305122243e+01 1.319122298224678072e-03
3.255870105235293522e+03 1.050888844052957261e+01 1.316186679672779218e-03
3.255872420229532054e+03 1.051257439128137250e+01 1.320864869176402012e-03
3.255874735223769676e+03 1.050958782122698132e+01 1.316825313537428642e-03
3.255877050217774467e+03 1.050920282062095090e+01 1.316460633850310546e-03
3.255879365212012090e+03 1.051221092371639187e+01 1.319523927079402142e-03
3.255881680206251531e+03 1.051002246244936167e+01 1.316952426386028621e-03
3.255883995200490062e+03 1.051151084189604568e+01 1.318341001118898161e-03
3.255886310194495309e+03 1.051461177877400743e+01 1.322421182784335684e-03
3.255888625188732931e+03 1.051625373300279875e+01 1.324199749311212333e-03
3.255890940182738632e+03 1.051338131003857157e+01 1.320186803050252483e-03
3.255893255176975799e+03 1.051557145616103384e+01 1.323586649926194320e-03
3.255895570170981046e+03 1.051886181557870970e+01 1.326832462047449358e-03
3.255897885164987201e+03 1.051899780757342207e+01 1.326817094126535659e-03
3.255900200159225278e+03 1.051550041261747737e+01 1.322825453442232459e-03
3.255902515153230524e+03 1.051566793170189840e+01 1.322882979956099825e-03
3.255904830147235771e+03 1.051499313366808686e+01 1.322533471563822798e-03
3.255907145141241472e+03 1.051279976381941772e+01 1.319621949100272537e-03
3.255909460135246263e+03 1.051232586019177262e+01 1.318855120649193398e-03
3.255911775129251509e+03 1.051590734319294995e+01 1.323049815978114907e-03
3.255914090123256756e+03 1.051701346092368006e+01 1.324215580308597514e-03
3.255916405117261093e+03 1.051785590521951441e+01 1.324856725357176574e-03
3.255918720111267248e+03 1.051512979506258816e+01 1.321990802929023500e-03
3.255921035105274314e+03 1.051895811836099881e+01 1.326551798450493471e-03
3.255923350099278650e+03 1.051604616516454982e+01 1.323375138577437618e-03
3.255925665093283897e+03 1.051602740196254793e+01 1.323297027364698153e-03
3.255927980087056312e+03 1.051457445484938802e+01 1.321628712628173958e-03
3.255930295081060649e+03 1.051563485037830148e+01 1.322302737340009821e-03
3.255932610075065895e+03 1.051895784454938720e+01 1.326004969884234759e-03
3.255934925068839220e+03 1.051875065118482766e+01 1.326378386215059085e-03
3.255937240062844921e+03 1.051813197799093658e+01 1.325538423361324533e-03
3.255939555056617792e+03 1.051891257590958517e+01 1.327005568575142722e-03
3.255941870050622128e+03 1.051571141174228075e+01 1.322089127182149828e-03
3.255944185044394999e+03 1.051405846853149484e+01 1.321416759370253047e-03
3.255946500038167869e+03 1.051392421621810769e+01 1.320692965573531767e-03
3.255948815031939375e+03 1.051737629052698253e+01 1.324193730556839184e-03
3.255951130025944622e+03 1.051832202152662532e+01 1.325887168697393063e-03
3.255953445019717037e+03 1.051573838841501995e+01 1.322276484131718272e-03
3.255955760013490362e+03 1.051326820701883946e+01 1.320169597355205608e-03
3.255958075007262778e+03 1.051892682990466810e+01 1.325924946836208422e-03
3.255960390001035194e+03 1.051399407742455594e+01 1.319984773323107981e-03
3.255962704994807609e+03 1.051797079955277781e+01 1.325707713633720230e-03
3.255965019988579115e+03 1.051664557012501788e+01 1.323621390565331681e-03
3.255967334982351986e+03 1.051942363397777669e+01 1.326415321323654592e-03
3.255969649975891116e+03 1.051710848449781643e+01 1.324929300771699294e-03
3.255971964969663532e+03 1.051436663625309365e+01 1.321208128948309643e-03
3.255974279963436857e+03 1.051631519790445424e+01 1.322468998108804411e-03
3.255976594957210182e+03 1.051501731939679374e+01 1.321583606050392903e-03
3.255978909950749767e+03 1.051650182480598339e+01 1.322408210989435519e-03
3.255981224944522182e+03 1.051660050991644191e+01 1.322712529281489489e-03
3.255983539938061767e+03 1.051661396529019399e+01 1.323050819682155578e-03
3.255985854931834183e+03 1.051406460412164456e+01 1.320456847533145461e-03
3.255988169925372858e+03 1.051575245567439509e+01 1.322505567819769363e-03
3.255990484918911989e+03 1.051590074900263616e+01 1.322312572869410513e-03
3.255992799912685769e+03 1.051597890217882636e+01 1.322042152158664627e-03
3.255995114906225353e+03 1.051819095571829266e+01 1.323842248028701298e-03
3.255997429899764938e+03 1.051852012429750616e+01 1.325065397347334993e-03
3.255999744893305433e+03 1.051728309350747459e+01 1.323332446976189548e-03
3.256002059886844108e+03 1.051716905687330517e+01 1.323273457509017460e-03
3.256004374880383693e+03 1.051753864422645535e+01 1.323441319696605847e-03
3.256006689873923278e+03 1.052071394425033546e+01 1.326657305001198309e-03
3.256009004867462863e+03 1.052078995529221928e+01 1.327418802775228151e-03
3.256011319861001994e+03 1.051969814309108742e+01 1.326284196232301732e-03
3.256013634854542943e+03 1.052289481635973445e+01 1.328959455611162513e-03
3.256015949848082528e+03 1.052272160244871202e+01 1.329703780534894535e-03
3.256018264841621203e+03 1.051937106507525854e+01 1.324712383846718541e-03
3.256020579834928867e+03 1.051571087688309447e+01 1.321158021104701114e-03
3.256022894828467997e+03 1.052324293604305261e+01 1.330125732157244915e-03
3.256025209821774297e+03 1.051997115968106478e+01 1.326222104872988930e-03
3.256027524815313882e+03 1.052055248914894570e+01 1.325604311786418923e-03
3.256029839808622000e+03 1.052200890905637287e+01 1.328084422090290012e-03
3.256032154802161131e+03 1.052469992941171384e+01 1.331501896202625258e-03
3.256034469795467885e+03 1.052136427441979016e+01 1.326693882746996693e-03
3.256036784789007925e+03 1.052097811287328710e+01 1.327374713157924513e-03
3.256039099782314224e+03 1.052609927159191905e+01 1.332179532208213005e-03
3.256041414775620524e+03 1.052242533198697672e+01 1.327842756242635655e-03
3.256043729768927733e+03 1.052051984429051501e+01 1.327161012806027385e-03
3.256046044762234487e+03 1.052189404270655793e+01 1.327397959504753337e-03
3.256048359755541242e+03 1.051826674803914230e+01 1.323050541563961088e-03
3.256050674749081736e+03 1.052529235801214469e+01 1.332473377778521173e-03
3.256052989742155660e+03 1.052084914005584082e+01 1.325443747394684487e-03
3.256055304735462414e+03 1.052003198165726161e+01 1.325112469092234709e-03
3.256057619728769168e+03 1.052387433042447640e+01 1.329155936902917060e-03
3.256059934722075013e+03 1.052519886566781970e+01 1.331532881029268709e-03
3.256062249715382677e+03 1.052411070841603902e+01 1.329844104084163979e-03
3.256064564708688522e+03 1.052434295742479975e+01 1.330361741388075020e-03
3.256066879701763355e+03 1.052429931372871330e+01 1.330018263518784136e-03
3.256069194695071019e+03 1.052549284252397932e+01 1.331415768543062379e-03
3.256071509688144488e+03 1.052718981538240861e+01 1.332474515513977801e-03
3.256073824681450787e+03 1.052573870142701118e+01 1.331355056575718064e-03
3.256076139674524711e+03 1.052519897458816089e+01 1.331418046753788569e-03
3.256078454667831465e+03 1.052455279003126165e+01 1.330247975867718127e-03
3.256080769660905389e+03 1.052515698041334069e+01 1.329928265202196111e-03
3.256083084653979313e+03 1.052780405259160013e+01 1.333445506104865208e-03
3.256085399647286977e+03 1.052618967876943401e+01 1.330997151752043870e-03
3.256087714640360900e+03 1.052536488551878158e+01 1.330383276280979951e-03
3.256090029633434824e+03 1.052426824434211561e+01 1.328664850196117518e-03
3.256092344626508748e+03 1.052770968511125460e+01 1.332197818349011194e-03
3.256094659619581762e+03 1.052984045767313859e+01 1.334072211194177980e-03
3.256096974612655686e+03 1.052836186994276169e+01 1.332573756536054596e-03
3.256099289605730064e+03 1.052693653824806752e+01 1.331642054766416948e-03
3.256101604598804443e+03 1.052881484842069071e+01 1.333478268062134042e-03
3.256103919591878366e+03 1.052549876167985410e+01 1.329371916296370575e-03
3.256106234584953199e+03 1.052825605864501668e+01 1.332769199725464173e-03
3.256108549578027123e+03 1.052624276682427329e+01 1.329136420990236671e-03
3.256110864570868216e+03 1.053174207708471855e+01 1.336681958392176321e-03
3.256113179563941230e+03 1.053276463166462129e+01 1.336430626431152173e-03
3.256115494556783233e+03 1.053162594535893604e+01 1.336236053678072815e-03
3.256117809549856247e+03 1.052958264420271028e+01 1.332737503032383614e-03
3.256120124542697340e+03 1.052658877341831811e+01 1.330025226042868972e-03
3.256122439535771264e+03 1.053043297749191431e+01 1.333988622499342582e-03
3.256124754528614176e+03 1.053050082540668342e+01 1.333852640684514293e-03
3.256127069521687190e+03 1.053232848924418441e+01 1.335504659349006111e-03
3.256129384514528283e+03 1.053494693001462146e+01 1.338791222792114601e-03
3.256131699507370286e+03 1.053229466182776619e+01 1.335575199395190767e-03
3.256134014500209560e+03 1.053733570156985877e+01 1.341413864093833229e-03
3.256136329493050653e+03 1.053276872955517085e+01 1.336010364916314936e-03
3.256138644485892655e+03 1.053012644320184954e+01 1.332533189215309331e-03
3.256140959478733748e+03 1.053507606789922235e+01 1.337348300174700340e-03
3.256143274471575751e+03 1.053594576163028229e+01 1.337891362765068976e-03
3.256145589464416844e+03 1.053407356593058708e+01 1.336815255044298059e-03
3.256147904457257937e+03 1.053991951428761098e+01 1.342006479386276306e-03
3.256150219450098120e+03 1.053764830750491654e+01 1.339532920243489099e-03
3.256152534442939213e+03 1.053504294651616213e+01 1.336264574844171164e-03
3.256154849435548385e+03 1.053873277033578759e+01 1.340969404570623328e-03
3.256157164428388569e+03 1.053957845819686767e+01 1.342179305574461336e-03
3.256159479421230571e+03 1.053883192169207916e+01 1.341091299998581734e-03
3.256161794413839743e+03 1.054164518157987729e+01 1.343062611324350201e-03
3.256164109406680836e+03 1.054155338317749546e+01 1.343069451489024022e-03
3.256166424399288189e+03 1.054441638525589831e+01 1.345822666925881265e-03
3.256168739392129282e+03 1.053795552962746385e+01 1.338690706227297147e-03
3.256171054384737545e+03 1.054249172872422236e+01 1.343245515650194058e-03
3.256173369377345807e+03 1.054557316891309071e+01 1.346121529737999162e-03
3.256175684369954070e+03 1.054602941805447713e+01 1.347269039059288253e-03
3.256177999362796072e+03 1.054945801700429975e+01 1.351919041809415125e-03
3.256180314355404334e+03 1.054557179821270907e+01 1.346180432826700035e-03
3.256182629348013052e+03 1.054673728869504501e+01 1.347927376663109406e-03
3.256184944340621769e+03 1.054347961053413840e+01 1.343107870236488408e-03
3.256187259333229122e+03 1.054766290011075114e+01 1.347753738108269095e-03
3.256189574325836475e+03 1.054956502095032000e+01 1.350197495392879742e-03
3.256191889318444737e+03 1.054478500995461054e+01 1.343763264807828648e-03
3.256194204310820169e+03 1.054866282448422687e+01 1.347617436326507649e-03
3.256196519303429341e+03 1.054830297033262099e+01 1.346381476242281732e-03
3.256198834296038058e+03 1.054963567807137359e+01 1.348452882703062971e-03
3.256201149288646775e+03 1.055178168827567653e+01 1.350169379467155636e-03
3.256203464281022207e+03 1.055455125296615648e+01 1.353694634071985143e-03
3.256205779273630014e+03 1.055584147116372051e+01 1.354002180235780277e-03
3.256208094266005901e+03 1.055495990433060172e+01 1.353250588375336152e-03
3.256210409258613254e+03 1.055581789161610828e+01 1.353875040302945270e-03
3.256212724250988686e+03 1.055770447581762639e+01 1.355937873555003925e-03
3.256215039243364572e+03 1.055635467074156075e+01 1.355051596877133351e-03
3.256217354235974199e+03 1.056024429475840520e+01 1.358601963364455779e-03
3.256219669228348721e+03 1.055955885558514851e+01 1.357417745712216888e-03
3.256221984220724153e+03 1.056202784846099618e+01 1.358991932761518563e-03
3.256224299213099584e+03 1.055862110730018522e+01 1.355672109374679059e-03
3.256226614205474107e+03 1.056322774496551098e+01 1.362271630376419001e-03
3.256228929197849993e+03 1.056035088776712882e+01 1.357406038332967029e-03
3.256231244190225880e+03 1.056140793161551628e+01 1.358175377240846077e-03
3.256233559182602221e+03 1.056396290203515420e+01 1.360603823451588977e-03
3.256235874174976743e+03 1.056337247175646965e+01 1.360271226333150275e-03
3.256238189167353084e+03 1.056297182265533330e+01 1.359652182400812159e-03
3.256240504159727607e+03 1.056462664383985128e+01 1.361117477419028152e-03
3.256242819152103039e+03 1.056504380393676179e+01 1.361162143916714879e-03
3.256245134144245640e+03 1.056561302784821876e+01 1.361534283976590255e-03
3.256247449136621526e+03 1.056241183076561185e+01 1.357082047128372508e-03
3.256249764128763672e+03 1.056899260260770035e+01 1.365345458374339583e-03
3.256252079121140014e+03 1.056553892670909534e+01 1.360295348514157718e-03
3.256254394113283524e+03 1.056952284689032595e+01 1.365984730287077981e-03
3.256256709105658501e+03 1.057005433873782252e+01 1.365965045923964952e-03
3.256259024097799738e+03 1.056955981184413673e+01 1.365153314323179490e-03
3.256261339089943249e+03 1.057176116272539090e+01 1.367867296649037624e-03
3.256263654082318681e+03 1.056804131900057087e+01 1.363827368912375873e-03
3.256265969074461282e+03 1.057101654902784205e+01 1.366177897220403762e-03
3.256268284066603883e+03 1.057055702096969085e+01 1.366658500768043547e-03
3.256270599058746939e+03 1.057232075003681260e+01 1.368773275598211998e-03
3.256272914050889995e+03 1.056900613645034959e+01 1.363681495393158187e-03
3.256275229043033050e+03 1.057069785374967275e+01 1.365576451586847416e-03
3.256277544035175197e+03 1.056839920694655710e+01 1.362627891038992959e-03
3.256279859027317798e+03 1.057495184166660351e+01 1.370118416194672289e-03
3.256282174019459490e+03 1.057425622515105701e+01 1.368994212580803768e-03
3.256284489011369260e+03 1.056943437999255408e+01 1.363505326749053477e-03
3.256286804003512771e+03 1.056738924036423022e+01 1.361126634785808165e-03
3.256289118995654917e+03 1.057381190531726745e+01 1.369687360350560013e-03
3.256291433987566052e+03 1.057184067304480912e+01 1.366822440023819423e-03
3.256293748979708653e+03 1.057335660104978992e+01 1.368152411600410522e-03
3.256296063971618423e+03 1.057449519237634306e+01 1.369729448045677467e-03
3.256298378963760115e+03 1.057405993113182063e+01 1.368562979963603571e-03
3.256300693955670795e+03 1.057343256959006617e+01 1.368415635752904744e-03
3.256303008947579656e+03 1.057031202149596893e+01 1.364064884002786021e-03
3.256305323939722257e+03 1.057388979791210737e+01 1.369270753951044948e-03
3.256307638931632482e+03 1.057486455758407828e+01 1.368674891484116191e-03
3.256309953923542707e+03 1.057589087455216159e+01 1.370405277656093317e-03
3.256312268915452478e+03 1.057471326415670632e+01 1.368758799173086516e-03
3.256314583907362248e+03 1.057239837362602941e+01 1.366595265428966529e-03
3.256316898899272019e+03 1.057877944633666800e+01 1.374066980174695925e-03
3.256319213891181789e+03 1.057304794618393551e+01 1.366730015128104526e-03
3.256321528883090650e+03 1.057430312655312932e+01 1.368317056404419084e-03
3.256323843875001330e+03 1.057258636174354471e+01 1.365966752944446517e-03
3.256326158866911101e+03 1.057564986864307244e+01 1.369497511601158474e-03
3.256328473858588495e+03 1.057754408832231441e+01 1.373252209289411042e-03
3.256330788850498720e+03 1.057509833453184633e+01 1.368670163617926282e-03
3.256333103842407581e+03 1.057456679931382837e+01 1.367601954545256395e-03
3.256335418834084521e+03 1.058079640163834512e+01 1.375803226622159068e-03
3.256337733825994292e+03 1.057886218672572554e+01 1.373495494828479158e-03
3.256340048817672141e+03 1.057836808526071160e+01 1.372785611106583153e-03
3.256342363809581002e+03 1.057231853741200389e+01 1.365590337124523252e-03
3.256344678801258397e+03 1.057557155674735760e+01 1.369671318712042474e-03
3.256346993792936701e+03 1.057210176382213973e+01 1.365471422681002007e-03
3.256349308784845562e+03 1.057061322939207137e+01 1.363553609791545371e-03
3.256351623776521592e+03 1.057284395162243484e+01 1.366070149005685656e-03
3.256353938768198987e+03 1.057565416750660425e+01 1.369506450351204180e-03
3.256356253759876381e+03 1.057322217934967945e+01 1.366667192536322401e-03
3.256358568751553321e+03 1.057689581259836054e+01 1.371245799855480563e-03
3.256360883743230261e+03 1.057805640356686894e+01 1.372470510829063278e-03
3.256363198734908110e+03 1.057334344998830744e+01 1.367273388212103319e-03
3.256365513726585050e+03 1.057258503983756448e+01 1.365995219387789242e-03
3.256367828718261990e+03 1.057837919951820815e+01 1.372764421618071894e-03
3.256370143709706099e+03 1.057520333147140335e+01 1.370417442764086105e-03
3.256372458701382129e+03 1.057299280304726707e+01 1.366914911217124648e-03
3.256374773693059979e+03 1.057460747475456486e+01 1.369023534557955871e-03
3.256377088684504088e+03 1.057758710930401591e+01 1.372089884215343253e-03
3.256379403676180118e+03 1.057710308736096749e+01 1.371815340158999245e-03
3.256381718667625137e+03 1.057695980505482325e+01 1.371132680765386070e-03
3.256384033659302986e+03 1.057619046955757014e+01 1.370086019300007299e-03
3.256386348650747095e+03 1.057377213159568541e+01 1.367278280331967692e-03
3.256388663642423126e+03 1.057174333713533976e+01 1.365466247327325579e-03
3.256390978633867235e+03 1.057256791908785587e+01 1.366169706824239740e-03
3.256393293625312253e+03 1.057755895924060141e+01 1.371563557333303112e-03
3.256395608616755453e+03 1.057590601625406990e+01 1.369131646782554374e-03
3.256397923608200017e+03 1.057792374649429590e+01 1.372599812688244563e-03
3.256400238599645036e+03 1.057899814981623976e+01 1.373593992502285862e-03
3.256402553591088690e+03 1.057629567701578921e+01 1.370603564703889955e-03
3.256404868582532799e+03 1.057814408334975909e+01 1.372868120412059842e-03
3.256407183573976909e+03 1.057593808927602907e+01 1.369932304931112399e-03
3.256409498565421018e+03 1.057753284584417486e+01 1.371898135304794146e-03
3.256411813556864217e+03 1.057534793718754429e+01 1.370210604318110705e-03
3.256414128548309236e+03 1.057893118912530461e+01 1.373169091637748210e-03
3.256416443539520515e+03 1.057455826162622081e+01 1.369074209776156370e-03
3.256418758530965079e+03 1.057718454028704613e+01 1.371293802829329916e-03
3.256421073522176812e+03 1.057391131663765549e+01 1.367776232871378448e-03
3.256423388513621830e+03 1.057794070173596346e+01 1.372368913936370923e-03
3.256425703504832200e+03 1.057565728665976224e+01 1.368846505019366338e-03
3.256428018496275399e+03 1.057667702979059676e+01 1.371121715503601348e-03
3.256430333487486678e+03 1.057102767208325744e+01 1.364893703627465373e-03
3.256432648478698866e+03 1.057344742287670236e+01 1.367597720728179521e-03
3.256434963470142065e+03 1.057825821054792925e+01 1.372986387224571720e-03
3.256437278461354254e+03 1.057224303004026922e+01 1.366085249901317260e-03
3.256439593452566442e+03 1.057369826489546760e+01 1.368639269144560425e-03
3.256441908443777720e+03 1.057167593855666077e+01 1.365262840455426724e-03
3.256444223434988089e+03 1.057645682229434314e+01 1.370837587650209927e-03
3.256446538426200277e+03 1.057149775415961734e+01 1.364978674633608507e-03
3.256448853417410646e+03 1.057703972352928901e+01 1.371980477504150661e-03
3.256451168408621470e+03 1.057387247078871084e+01 1.367667714729257911e-03
3.256453483399599918e+03 1.057528626669870597e+01 1.369895506190340175e-03
3.256455798390811651e+03 1.057460777313477251e+01 1.368143908791550093e-03
3.256458113382023839e+03 1.057689864105162414e+01 1.371661715179727003e-03
3.256460428373002287e+03 1.057218557280874549e+01 1.366818398614306389e-03
3.256462743364213566e+03 1.057683430605167985e+01 1.371545972969143894e-03
3.256465058355424844e+03 1.057625292327393751e+01 1.370330352503271480e-03
3.256467373346403292e+03 1.057434362216205237e+01 1.368021785009188593e-03
3.256469688337381740e+03 1.057302443021935190e+01 1.366250520757289130e-03
3.256472003328592109e+03 1.057288992919372461e+01 1.366560929884822091e-03
3.256474318319571012e+03 1.057499108715579084e+01 1.369161233602479407e-03
3.256476633310550824e+03 1.057148661968583525e+01 1.365223027326053573e-03
3.256478948301529272e+03 1.057516217153008498e+01 1.367982954880316753e-03
3.256481263292739641e+03 1.057355400341531038e+01 1.367133061254872462e-03
3.256483578283718089e+03 1.057533414047829190e+01 1.369919138943660221e-03
3.256485893274697446e+03 1.057448599145069856e+01 1.368585171201874579e-03
3.256488208265674984e+03 1.057781318410419580e+01 1.373009452503964325e-03
3.256490523256654342e+03 1.057107901452092058e+01 1.364218654110130801e-03
3.256492838247399959e+03 1.057762821358633332e+01 1.371709338243305579e-03
3.256495153238379316e+03 1.057364980039906754e+01 1.367775948462894272e-03
3.256497468229357764e+03 1.057421481968924937e+01 1.368167734968238607e-03
3.256499783220336212e+03 1.057537557831115649e+01 1.369028646966649306e-03
3.256502098211080920e+03 1.057883117230610459e+01 1.373818718274751700e-03
3.256504413202059368e+03 1.057028926730409601e+01 1.363761383822565537e-03
3.256506728192804985e+03 1.057276035274720805e+01 1.366584204254064948e-03
3.256509043183783433e+03 1.057546862535940946e+01 1.369061020303027681e-03
3.256511358174529050e+03 1.058023553427570462e+01 1.374630712934963401e-03
3.256513673165276032e+03 1.058047240470708417e+01 1.375531827109459197e-03
3.256515988156254025e+03 1.057853738160020995e+01 1.373328777272359805e-03
3.256518303146998733e+03 1.058025318407271875e+01 1.374502104839999848e-03
3.256520618137745259e+03 1.057804325530072731e+01 1.372322039604600670e-03
3.256522933128490877e+03 1.057274793375997035e+01 1.366102805429981939e-03
3.256525248119235584e+03 1.057785944309510917e+01 1.372358890384867353e-03
3.256527563109981202e+03 1.058047797941386747e+01 1.374870095914636952e-03
3.256529878100727728e+03 1.057889973138881601e+01 1.373144492916492749e-03
3.256532193091474255e+03 1.057853837454860724e+01 1.372257753911808624e-03
3.256534508082218963e+03 1.057950356812895265e+01 1.373775887485748992e-03
3.256536823072965035e+03 1.058230025851197631e+01 1.376782897677525418e-03
3.256539138063710197e+03 1.057192782320982793e+01 1.364528581582030199e-03
3.256541453054222984e+03 1.057807379653258728e+01 1.371810793154916962e-03
3.256543768044969056e+03 1.058037941778140834e+01 1.373813756849463297e-03
3.256546083035482297e+03 1.057689701293529083e+01 1.369993285982703786e-03
3.256548398026227915e+03 1.057712303949792343e+01 1.370237172548004157e-03
3.256550713016740701e+03 1.058014146456482685e+01 1.373925154942719695e-03
3.256553028007486319e+03 1.057819400936623033e+01 1.371032800634754134e-03
3.256555342997999105e+03 1.057924132562554220e+01 1.374085492508123627e-03
3.256557657988511892e+03 1.057810044355197832e+01 1.370930371263959268e-03
3.256559972979257054e+03 1.058401955729201482e+01 1.378699058195691479e-03
3.256562287969770296e+03 1.057817649968170137e+01 1.371079801112602779e-03
3.256564602960282173e+03 1.058036542340334307e+01 1.374010852237925791e-03
3.256566917950796778e+03 1.058053350616855859e+01 1.374488973210224096e-03
3.256569232941309565e+03 1.058248699865977649e+01 1.376016521285718455e-03
3.256571547931822352e+03 1.058069218735171901e+01 1.373137694268417464e-03
3.256573862922335138e+03 1.057858192570728839e+01 1.371486261721156352e-03
3.256576177912615094e+03 1.058260564765407352e+01 1.376039226874459231e-03
3.256578492903127881e+03 1.058062818290472684e+01 1.374873362895068576e-03
3.256580807893639758e+03 1.058310760351971780e+01 1.376454513371740997e-03
3.256583122884152999e+03 1.058306380935474067e+01 1.377199624177259316e-03
3.256585437874434319e+03 1.058285842282920441e+01 1.376450342917465890e-03
3.256587752864946196e+03 1.057915619944970409e+01 1.372335126788523174e-03
3.256590067855226152e+03 1.057915761441748437e+01 1.371732059275164277e-03
3.256592382845739849e+03 1.058226865477104894e+01 1.375818536522935677e-03
3.256594697836018895e+03 1.057945245511954369e+01 1.371539524027229557e-03
3.256597012826298851e+03 1.057494529020787688e+01 1.367246936576645795e-03
3.256599327816811638e+03 1.058268359568051409e+01 1.376252607986544257e-03
3.256601642807091594e+03 1.058225243976841945e+01 1.374848650470800399e-03
3.256603957797372004e+03 1.058059524788338024e+01 1.374171549928075286e-03
3.256606272787653324e+03 1.058005515392939699e+01 1.373082799233363814e-03
3.256608587777933280e+03 1.058065078070102416e+01 1.373244180800014527e-03
3.256610902768212327e+03 1.058115950905911617e+01 1.374575916694942453e-03
3.256613217758492283e+03 1.058135279728726630e+01 1.375223975633767639e-03
3.256615532748772239e+03 1.058557075047180263e+01 1.379412986408136811e-03
3.256617847738819364e+03 1.058474824848468110e+01 1.378263078951664881e-03
3.256620162729099320e+03 1.058113220702701440e+01 1.374182867271999059e-03
3.256622477719380186e+03 1.058219515955241263e+01 1.374562510310686466e-03
3.256624792709427311e+03 1.058187026661865282e+01 1.374097476714094320e-03
3.256627107699707267e+03 1.057992019998249766e+01 1.372104549991140596e-03
3.256629422689987223e+03 1.058067259463515697e+01 1.373306850909226029e-03
3.256631737680034348e+03 1.058533142967418783e+01 1.378161832455259165e-03
3.256634052670080564e+03 1.058217948696613853e+01 1.375382502424193692e-03
3.256636367660360975e+03 1.058133227561017087e+01 1.372671064348948266e-03
3.256638682650407645e+03 1.058544628998207671e+01 1.378017668249982737e-03
3.256640997640455680e+03 1.058595201039816480e+01 1.377736039919251780e-03
3.256643312630503715e+03 1.058520499036972851e+01 1.376834242374741111e-03
3.256645627620550840e+03 1.058497222878666832e+01 1.377516510706740206e-03
3.256647942610829887e+03 1.058412976709667852e+01 1.376107128667852742e-03
3.256650257600877012e+03 1.058608231974296388e+01 1.378753004472726149e-03
3.256652572590692216e+03 1.058799614720759052e+01 1.380334471537364915e-03
3.256654887580738432e+03 1.058456981260581742e+01 1.375825526629866893e-03
3.256657202570784648e+03 1.058605458180827341e+01 1.377912843107539746e-03
3.256659517560833592e+03 1.058578228992252690e+01 1.376617660379776372e-03
3.256661832550880717e+03 1.059030998202911533e+01 1.382498019829573113e-03
3.256664147540695012e+03 1.058927505538672520e+01 1.380821478296115562e-03
3.256666462530742137e+03 1.058972648689594465e+01 1.381533187269671234e-03
3.256668777520556432e+03 1.058475312797613377e+01 1.375619588251225526e-03
3.256671092510602648e+03 1.058718978878657779e+01 1.379338829851901958e-03
3.256673407500417852e+03 1.058866047432554680e+01 1.379472976091723367e-03
3.256675722490464977e+03 1.059298022504281178e+01 1.384113857272215638e-03
3.256678037480279272e+03 1.058861713259074300e+01 1.378982893222193643e-03
3.256680352470093567e+03 1.059135430242064935e+01 1.382612687029259515e-03
3.256682667459908771e+03 1.058887633888504887e+01 1.379632981409185900e-03
3.256684982449722156e+03 1.059471164028217771e+01 1.385870170689953258e-03
3.256687297439536451e+03 1.059249024066651579e+01 1.383258026449437532e-03
3.256689612429350746e+03 1.059463002334298309e+01 1.386001685406231540e-03
3.256691927419165495e+03 1.059452997477096758e+01 1.385661511596918746e-03
3.256694242408979335e+03 1.059536144626376952e+01 1.385938431801864417e-03
3.256696557398794539e+03 1.059462279928943040e+01 1.385522543227676526e-03
3.256698872388609743e+03 1.059671473965122956e+01 1.386827859329621548e-03
3.256701187378423128e+03 1.059524253915755665e+01 1.385450373588837259e-03
3.256703502368005047e+03 1.059522894432413409e+01 1.385235588105806744e-03
3.256705817357819797e+03 1.059931001064100187e+01 1.389763292924830465e-03
3.256708132347400351e+03 1.059893717098938026e+01 1.389049742740875587e-03
3.256710447337213736e+03 1.059529387144947066e+01 1.384724300637606110e-03
3.256712762326796110e+03 1.059883675001812797e+01 1.388098588626482128e-03
3.256715077316611314e+03 1.059602262339859458e+01 1.385532901570567634e-03
3.256717392306192778e+03 1.059780994327511117e+01 1.387187170417071309e-03
3.256719707295774242e+03 1.059967600643860308e+01 1.388960004481984509e-03
3.256722022285355706e+03 1.060219023220012069e+01 1.391835349957417766e-03
3.256724337275169091e+03 1.060253830467089209e+01 1.391367445951179104e-03
3.256726652264751010e+03 1.060017242326835074e+01 1.388524104145902978e-03
3.256728967254332929e+03 1.060506844880473665e+01 1.395414373548472305e-03
3.256731282243914393e+03 1.060285931364975553e+01 1.392049819626926680e-03
3.256733597233263026e+03 1.060364954525720194e+01 1.392801380428795822e-03
3.256735912222844945e+03 1.060265930058979755e+01 1.389964669078861369e-03
3.256738227212426864e+03 1.060269027060818381e+01 1.390530282697577651e-03
3.256740542202007418e+03 1.060800063310100683e+01 1.397083968698317009e-03
3.256742857191356052e+03 1.060628127632184459e+01 1.394087037456140854e-03
3.256745172180938425e+03 1.060460623992113227e+01 1.392212159508530609e-03
3.256747487170518980e+03 1.060860642267020815e+01 1.397447319118958267e-03
3.256749802159868068e+03 1.061001421727242899e+01 1.398434022204400043e-03
3.256752117149217156e+03 1.060548678302627934e+01 1.392780730070575972e-03
3.256754432138798620e+03 1.060984686001621569e+01 1.397977226739243600e-03
3.256756747128147254e+03 1.061154777487004353e+01 1.399393745563324914e-03
3.256759062117496796e+03 1.060517035546181575e+01 1.392086811829030711e-03
3.256761377107077351e+03 1.061076277990508743e+01 1.398171451255198275e-03
3.256763692096425530e+03 1.061322394380913714e+01 1.401609100262461152e-03
3.256766007085774618e+03 1.061209133620451084e+01 1.399428502179991254e-03
3.256768322075123251e+03 1.061054861480007716e+01 1.398093211869210753e-03
3.256770637064471885e+03 1.061265803963430088e+01 1.399881009075503325e-03
3.256772952053821427e+03 1.061229095886354656e+01 1.399501645977795170e-03
3.256775267042937230e+03 1.061267218325374984e+01 1.399811111684602909e-03
3.256777582032285864e+03 1.061454993446885808e+01 1.401374346563493550e-03
3.256779897028852247e+03 1.061165384298639403e+01 1.397779292075053198e-03
3.256782212018200880e+03 1.061022813605886306e+01 1.395974710435592429e-03
3.256784527007316683e+03 1.061193959302736900e+01 1.396922603803295217e-03
3.256786841996664407e+03 1.061494930123202352e+01 1.401111885937443872e-03
3.256789156985781574e+03 1.061835389588837941e+01 1.404775323485698115e-03
3.256791471975129753e+03 1.061434641150582614e+01 1.401462504276430746e-03
3.256793786964245555e+03 1.061405344253591743e+01 1.400378276482023556e-03
3.256796101953362268e+03 1.062032905295857788e+01 1.407428011774962146e-03
3.256798416942477161e+03 1.061735210707580634e+01 1.403203939537003755e-03
3.256800731931825794e+03 1.062268627593766368e+01 1.409966995354113711e-03
3.256803046920942052e+03 1.061134662688735375e+01 1.396231526953320120e-03
3.256805361910058309e+03 1.061799148845229013e+01 1.403680696055749529e-03
3.256807676899174112e+03 1.061440777742016728e+01 1.398815713415208504e-03
3.256809991888290824e+03 1.061738502835875586e+01 1.403436435556999632e-03
3.256812306877405717e+03 1.061989184582871459e+01 1.406588272310890265e-03
3.256814621866288689e+03 1.061902584377276426e+01 1.404442301451319956e-03
3.256816936855403583e+03 1.061813516852679129e+01 1.404276394569632918e-03
3.256819251844520295e+03 1.062140667348870693e+01 1.408342690958585630e-03
3.256821566833403267e+03 1.062384555165862920e+01 1.410124848062575256e-03
3.256823881822518160e+03 1.061729393748787942e+01 1.403127915577750441e-03
3.256826196811635782e+03 1.062189380006519102e+01 1.407965238816763628e-03
3.256828511800518754e+03 1.061817908093065910e+01 1.402960215740857441e-03
3.256830826789401726e+03 1.062151192419142198e+01 1.408191002200206640e-03
3.256833141778517074e+03 1.062129887737659395e+01 1.406977332749469048e-03
3.256835456767400501e+03 1.061896914857034524e+01 1.404766152426776280e-03
3.256837771756282564e+03 1.062387184196251866e+01 1.410884446677626363e-03
3.256840086745165536e+03 1.062159851116678055e+01 1.407972151083636009e-03
3.256842401734048963e+03 1.061907485280985775e+01 1.404533970453336524e-03
3.256844716722933299e+03 1.061880768438127909e+01 1.403875681239007871e-03
3.256847031711816271e+03 1.062067599027158593e+01 1.406060745914083313e-03
3.256849346700699243e+03 1.062422061608900492e+01 1.410943630851535947e-03
3.256851661689582215e+03 1.062210371467464043e+01 1.408302645674013118e-03
3.256853976678464278e+03 1.061945707180222342e+01 1.405123657674524308e-03
3.256856291667347250e+03 1.062284016826930610e+01 1.409174768312982480e-03
3.256858606655998301e+03 1.062109025727000855e+01 1.407229918965432255e-03
3.256860921644880364e+03 1.062197994729284467e+01 1.408326937001758844e-03
3.256863236633531415e+03 1.061682745414659479e+01 1.402345035184266895e-03
3.256865551622415296e+03 1.061871726535200366e+01 1.405138076508392290e-03
3.256867866611064528e+03 1.062117679521507618e+01 1.406995952968521880e-03
3.256870181599946591e+03 1.062150370423931633e+01 1.408337032480775188e-03
3.256872496588597642e+03 1.061850003034206402e+01 1.403939362970449585e-03
3.256874811577247783e+03 1.062008500380344245e+01 1.407797455557258277e-03
3.256877126565897470e+03 1.061408534463097553e+01 1.399951987380134008e-03
3.256879441554780897e+03 1.061425010838069838e+01 1.399370903696199727e-03
3.256881756543431948e+03 1.061851470018838128e+01 1.404727503188983682e-03
3.256884071532082089e+03 1.062175957808123883e+01 1.408376573492812296e-03
3.256886386520732231e+03 1.061616475278408700e+01 1.402049829884138453e-03
3.256888701509149541e+03 1.061547509640921483e+01 1.401197300960207569e-03
3.256891016497799683e+03 1.061585374818281657e+01 1.401662449550357577e-03
3.256893331486449824e+03 1.061283409413745282e+01 1.398564092725440968e-03
3.256895646475099966e+03 1.061451445902833157e+01 1.399957727930824843e-03
3.256897961463517277e+03 1.061868025196317511e+01 1.405766537127584297e-03
3.256900276452166963e+03 1.061591569494680343e+01 1.402288947724957121e-03
3.256902591440585638e+03 1.061331649210253936e+01 1.400909540498005172e-03
3.256904906429235780e+03 1.061910093863016868e+01 1.407225365358140672e-03
3.256907221417652181e+03 1.061822034108316792e+01 1.405729758651652010e-03
3.256909536406303232e+03 1.061371976563791364e+01 1.399853187596548920e-03
3.256911851394719633e+03 1.061341269651569874e+01 1.400702474254089756e-03
3.256914166383136944e+03 1.061317654112766640e+01 1.399520869150350450e-03
3.256916481371554255e+03 1.061281595798889477e+01 1.398847826402070628e-03
3.256918796359972930e+03 1.061601296844453657e+01 1.403292430254863199e-03
3.256921111348389786e+03 1.060890481594558743e+01 1.394763447321368350e-03
3.256923426336806187e+03 1.060889176586130311e+01 1.394560506113193005e-03
3.256925741325223953e+03 1.061099183837398030e+01 1.396914489961507315e-03
3.256928056313641719e+03 1.061489282699222336e+01 1.401425891825169899e-03
3.256930371302058120e+03 1.061298229475606547e+01 1.399641050178932053e-03
3.256932686290243055e+03 1.061044236852676548e+01 1.397477559272624573e-03
3.256935001278660820e+03 1.061219793117390253e+01 1.399464186656708756e-03
3.256937316267078131e+03 1.061345228200610613e+01 1.400306603338044922e-03
3.256939631255263521e+03 1.061489116533245181e+01 1.403810968845164596e-03
3.256941946243680832e+03 1.061459312707364155e+01 1.402824213202632847e-03
3.256944261231865312e+03 1.061076108039768684e+01 1.398546786369705974e-03
3.256946576220049792e+03 1.061002183924164299e+01 1.397569664962152814e-03
3.256948891208467103e+03 1.061309033320596562e+01 1.401518287412852016e-03
3.256951206196650674e+03 1.060891112277031922e+01 1.396675757227428764e-03
3.256953521184835154e+03 1.060786050449573992e+01 1.395549566975373169e-03
3.256955836173020543e+03 1.061076325347490545e+01 1.399218901868668754e-03
3.256958151161205933e+03 1.060495406642477434e+01 1.391619630717722596e-03
3.256960466149389504e+03 1.060301943170934891e+01 1.389522038592117589e-03
3.256962781137573984e+03 1.061011986453340938e+01 1.397546964100965673e-03
3.256965096125759374e+03 1.060542100242344965e+01 1.392313892766314926e-03
3.256967411113942944e+03 1.060676593147704594e+01 1.394341927666981973e-03
3.256969726101895048e+03 1.060599336978343743e+01 1.394371439353951159e-03
3.256972041090079529e+03 1.060644074883171761e+01 1.393759659978061841e-03
3.256974356078031633e+03 1.060417345529620903e+01 1.391416774600747613e-03
3.256976671066216113e+03 1.060406327499486956e+01 1.391799389626823631e-03
3.256978986054167763e+03 1.060654213135826396e+01 1.394820871802539839e-03
3.256981301042352243e+03 1.060544115770961149e+01 1.393914220295981764e-03
3.256983616030303892e+03 1.060411151640120586e+01 1.392025544745295173e-03
3.256985931018254632e+03 1.060665018901243606e+01 1.395558538108798274e-03
3.256988246006440022e+03 1.060701388117274568e+01 1.396393287672483821e-03
3.256990560994390762e+03 1.060697637745711752e+01 1.395530592483410501e-03
3.256992875982343321e+03 1.060571432266080194e+01 1.394792061072955671e-03
3.256995190970295880e+03 1.060444459573722398e+01 1.392930863826075246e-03
3.256997505958246620e+03 1.060736493224976229e+01 1.397565326600796456e-03
3.256999820946199179e+03 1.060214879908483177e+01 1.390032343819069816e-03
3.257002135934150829e+03 1.060401703005874019e+01 1.392717111635463807e-03
3.257004450921868738e+03 1.060618018724689193e+01 1.395607821520077757e-03
3.257006765909821297e+03 1.060669243706650278e+01 1.396757894035325796e-03
3.257009080897772947e+03 1.060431553340307786e+01 1.394124411592983712e-03
3.257011395885491766e+03 1.060358703993324170e+01 1.393502777205603933e-03
3.257013710873443415e+03 1.060462491427088061e+01 1.394200633453159021e-03
3.257016025861162234e+03 1.060362800250794102e+01 1.392705694647988594e-03
3.257018340849114793e+03 1.060077629049254355e+01 1.389289906140391603e-03
3.257020655836832702e+03 1.060089682607133454e+01 1.389453695372860334e-03
3.257022970824551976e+03 1.060036429218002851e+01 1.388751925261428807e-03
3.257025285812503171e+03 1.060391910356815615e+01 1.393204734961754968e-03
3.257027600800221990e+03 1.060475146917413802e+01 1.394027569909048496e-03
3.257029915787941718e+03 1.059970521382631325e+01 1.387842301277872467e-03
3.257032230775661446e+03 1.060011895624912270e+01 1.389148437469161362e-03
3.257034545763379356e+03 1.060171690036268544e+01 1.391119813112423435e-03
3.257036860751098175e+03 1.060250153254211014e+01 1.392213026265833693e-03
3.257039175738816994e+03 1.060394164952873375e+01 1.394284024047329424e-03
3.257041490726302982e+03 1.059914081114686546e+01 1.388521332791811018e-03
3.257043805714021801e+03 1.059993334760800821e+01 1.388598466297388725e-03
3.257046120701740620e+03 1.060375660396020336e+01 1.393125966994777703e-03
3.257048435689227063e+03 1.060121963857035787e+01 1.392050516579294893e-03
3.257050750676946336e+03 1.060087470543233223e+01 1.390942598932929774e-03
3.257053065664432324e+03 1.060104509288896324e+01 1.390201991469183643e-03
3.257055380652151143e+03 1.059685282592976741e+01 1.386196144352933599e-03
3.257057695639636222e+03 1.059512003387386336e+01 1.383797889896180161e-03
3.257060010627123120e+03 1.060302499051410408e+01 1.392813325356164660e-03
3.257062325614609108e+03 1.059857404896134803e+01 1.388741606269594617e-03
3.257064640602094187e+03 1.060296169462590399e+01 1.393128901487384295e-03
3.257066955589580175e+03 1.060219631334919654e+01 1.391496729454590577e-03
3.257069270577066618e+03 1.059974097992511410e+01 1.388741029890323267e-03
3.257071585564553516e+03 1.060063697688236317e+01 1.390738465877498125e-03
3.257073900552039049e+03 1.059999032498176241e+01 1.389776269272245028e-03
3.257076215539525037e+03 1.060071402201308288e+01 1.390348014682731394e-03
3.257078530527011480e+03 1.059883360200214497e+01 1.389135909780208093e-03
3.257080845514497014e+03 1.060096715057455086e+01 1.390528451095722007e-03
3.257083160501750172e+03 1.059533360252930656e+01 1.384142862277822376e-03
3.257085475489236160e+03 1.059988922090538210e+01 1.390335528858689402e-03
3.257087790476490227e+03 1.059869036955634058e+01 1.388552269509779440e-03
3.257090105463976215e+03 1.059876196273493498e+01 1.388103348811872305e-03
3.257092420451230282e+03 1.059932026467431676e+01 1.389324532049960887e-03
3.257094735438482530e+03 1.060096526482243284e+01 1.390530771947781370e-03
3.257097050425735688e+03 1.060075678997849735e+01 1.390380367626727976e-03
3.257099365413221676e+03 1.059633026429623825e+01 1.385828150787662061e-03
3.257101680400474834e+03 1.059639515357219253e+01 1.386180797915634267e-03
3.257103995387727082e+03 1.059668115935151000e+01 1.385086882731052316e-03
3.257106310374981604e+03 1.059749352424820756e+01 1.386465833080195676e-03
3.257108625362235216e+03 1.060115639900154605e+01 1.390906552846438247e-03
3.257110940349254633e+03 1.060113048515990286e+01 1.390852972246777808e-03
3.257113255336508701e+03 1.060275847291998375e+01 1.392331978315866593e-03
3.257115570323761858e+03 1.060009718706810844e+01 1.389670946028639291e-03
3.257117885311014106e+03 1.060312387840120607e+01 1.393431251840654113e-03
3.257120200298035343e+03 1.059815787094571249e+01 1.388678575983490465e-03
3.257122515285287591e+03 1.060020344968165418e+01 1.390251926830637528e-03
3.257124830272308827e+03 1.059964094707245508e+01 1.389035496216295103e-03
3.257127145259561985e+03 1.059972678596169260e+01 1.389328765617816545e-03
3.257129460246583221e+03 1.059728399120174913e+01 1.386523983179074795e-03
3.257131775233602639e+03 1.059933464101583667e+01 1.388471732318875308e-03
3.257134090220622966e+03 1.059880403932769077e+01 1.388666426170374803e-03
3.257136405207876123e+03 1.059629290385265676e+01 1.386005084725764865e-03
3.257138720194897360e+03 1.059979347695968244e+01 1.388861885422070430e-03
3.257141035181916777e+03 1.059754001720579453e+01 1.387434230376465624e-03
3.257143350168937559e+03 1.059739801037474471e+01 1.386992170827629905e-03
3.257145665155726419e+03 1.060179764643102018e+01 1.391901020224433965e-03
3.257147980142745837e+03 1.059904517267964863e+01 1.387893731909833808e-03
3.257150295129766164e+03 1.059720027474776849e+01 1.386049774993293156e-03
3.257152610116787400e+03 1.059646012341037391e+01 1.384160896086626723e-03
3.257154925103573987e+03 1.060046463365415903e+01 1.389001020066515458e-03
3.257157240090594314e+03 1.059999973667123463e+01 1.389476115840995599e-03
3.257159555077381810e+03 1.059915688490865193e+01 1.388146385238320018e-03
3.257161870064402137e+03 1.060117939033131051e+01 1.390010985570149914e-03
3.257164185051189634e+03 1.060350842756480638e+01 1.392659822876730815e-03
3.257166500037978039e+03 1.059899931998050349e+01 1.387316943581639673e-03
3.257168815024765536e+03 1.060012207375061166e+01 1.389080233027063143e-03
3.257171130011785863e+03 1.060460656905749843e+01 1.393574362768766487e-03
3.257173444998573359e+03 1.060418662570135240e+01 1.393463979258054153e-03
3.257175759985360855e+03 1.060472612152685201e+01 1.393870911414300329e-03
3.257178074972148352e+03 1.060138481006524103e+01 1.389304830048249161e-03
3.257180389958935393e+03 1.060513769304549569e+01 1.393980985409370814e-03
3.257182704945491423e+03 1.060452102770131155e+01 1.393172432362056127e-03
3.257185019932278465e+03 1.060476747205526848e+01 1.393362034704030217e-03
3.257187334919065506e+03 1.060473399327472421e+01 1.393099196334183793e-03
3.257189649905620172e+03 1.060907697315580656e+01 1.397545475143234690e-03
3.257191964892407668e+03 1.060658350089084401e+01 1.394797738533258991e-03
3.257194279878962334e+03 1.060362956174749627e+01 1.391520528970343262e-03
3.257196594865749830e+03 1.060712102943858426e+01 1.395105279423169064e-03
3.257198909852304951e+03 1.060604749690963189e+01 1.394392116009137783e-03
3.257201224839092902e+03 1.061244440532777489e+01 1.401148260497172724e-03
3.257203539825648022e+03 1.060520491032656132e+01 1.391787756886807585e-03
3.257205854812203143e+03 1.060708824441703158e+01 1.394260309447869269e-03
3.257208169798756899e+03 1.060936556884178472e+01 1.396542871719661265e-03
3.257210484785312019e+03 1.061081745519794417e+01 1.397977099556706746e-03
3.257212799771867139e+03 1.060728772803933850e+01 1.394329444335222186e-03
3.257215114758420896e+03 1.061292565676824040e+01 1.399985696406848929e-03
3.257217429744974652e+03 1.060918820313726130e+01 1.395140955578527773e-03
3.257219744731531136e+03 1.061322008133488204e+01 1.400160798927982267e-03
3.257222059717852972e+03 1.060837389803380937e+01 1.393628638286320554e-03
3.257224374704406728e+03 1.061441153985984798e+01 1.401748042664277029e-03
3.257226689690729017e+03 1.060945049154740261e+01 1.394163023201640391e-03
3.257229004677284138e+03 1.061440442085333302e+01 1.400986087247059735e-03
3.257231319663605063e+03 1.061447459392649506e+01 1.400097346668709901e-03
3.257233634650159729e+03 1.061446896869709988e+01 1.400352052562540365e-03
3.257235949636482928e+03 1.061465967545580824e+01 1.400729927708000561e-03
3.257238264622805218e+03 1.061633452078645234e+01 1.402103247185151934e-03
3.257240579609127053e+03 1.061967077641410739e+01 1.405613513217499532e-03
3.257242894595448888e+03 1.061777958959256374e+01 1.403550924702252423e-03
3.257245209581770723e+03 1.062027641253529353e+01 1.406110683639023558e-03
3.257247524568091649e+03 1.061926799817246803e+01 1.404142914038666737e-03
3.257249839554413484e+03 1.062415052125938963e+01 1.410873818007992494e-03
3.257252154540735319e+03 1.061800723505704447e+01 1.402239328419615074e-03
3.257254469527057154e+03 1.062309869642425753e+01 1.408926393504474680e-03
3.257256784513379898e+03 1.062225973710001981e+01 1.407773024095474931e-03
3.257259099499469812e+03 1.062665596842144211e+01 1.412137678360789140e-03
3.257261414485790738e+03 1.062350667627579348e+01 1.408280782460072248e-03
3.257263729471879742e+03 1.062320031652951613e+01 1.408219676048961004e-03
3.257266044458201577e+03 1.062540934567555517e+01 1.410226951940019317e-03
3.257268359444289672e+03 1.063046058370051306e+01 1.416267335183505000e-03
3.257270674430378676e+03 1.062490309669150435e+01 1.409089093787503459e-03
3.257272989416702330e+03 1.062959617246068333e+01 1.414705790071371649e-03
3.257275304402791335e+03 1.062674234249658411e+01 1.410662464520137877e-03
3.257277619388881249e+03 1.062776645179124557e+01 1.411414407315664211e-03
3.257279934374970253e+03 1.062772981899471247e+01 1.411954328999051296e-03
3.257282249361058348e+03 1.062760358831400609e+01 1.411513411426875515e-03
3.257284564347147352e+03 1.062969866794171558e+01 1.413422398684389437e-03
3.257286879333003071e+03 1.063092079248256638e+01 1.415838146672908186e-03
3.257289194319091621e+03 1.063404681107637373e+01 1.418428203503885841e-03
3.257291509305181080e+03 1.062935559408307995e+01 1.412977420740853338e-03
3.257293824291038618e+03 1.063025380011141152e+01 1.413423247887243307e-03
3.257296139277127622e+03 1.063569886686027033e+01 1.420305143949506573e-03
3.257298454262983796e+03 1.063122885072058388e+01 1.415360250231551030e-03
3.257300769249072800e+03 1.063455065428338919e+01 1.418588644473073573e-03
3.257303084234928974e+03 1.063664133942962131e+01 1.420620097254828365e-03
3.257305399220785148e+03 1.063475577111366555e+01 1.418859504246503022e-03
3.257307714206873243e+03 1.063140322520349734e+01 1.414312887856237783e-03
3.257310029192731236e+03 1.063009746445326442e+01 1.412094967328584661e-03
3.257312344178587409e+03 1.063730746042957875e+01 1.421678750456130619e-03
3.257314659164442674e+03 1.063377768586205008e+01 1.417243985623469014e-03
3.257316974150298847e+03 1.063845006793638959e+01 1.422415812359282715e-03
3.257319289136155476e+03 1.063319076491041137e+01 1.416231648671041794e-03
3.257321604121778364e+03 1.063542492888105606e+01 1.418572828223360009e-03
3.257323919107634538e+03 1.063388895214203345e+01 1.416666259591189275e-03
3.257326234093490712e+03 1.063285562663508266e+01 1.415299307281362969e-03
3.257328549079114055e+03 1.063662094281196069e+01 1.419945378478920878e-03
3.257330864064971138e+03 1.063852153400201672e+01 1.422081730938077812e-03
3.257333179050595390e+03 1.063723190735138147e+01 1.420882785029500654e-03
3.257335494036450655e+03 1.064022744853011915e+01 1.424155229746262461e-03
3.257337809022073998e+03 1.063380644367087413e+01 1.416483264785358201e-03
3.257340124007698250e+03 1.063476994294429900e+01 1.417022855255505509e-03
3.257342438993320684e+03 1.063577114073102337e+01 1.419895221694347353e-03
3.257344753979175948e+03 1.063880548137848692e+01 1.422441338969586324e-03
3.257347068964800201e+03 1.063291668235176068e+01 1.415305489347750204e-03
3.257349383950424453e+03 1.063363798598008181e+01 1.416522971893251779e-03
3.257351698935814511e+03 1.063785447269219553e+01 1.421767276883264142e-03
3.257354013921438309e+03 1.062885296312252059e+01 1.410751257969055858e-03
3.257356328907061652e+03 1.063658675993442060e+01 1.420802843046220162e-03
3.257358643892684086e+03 1.063675470372960419e+01 1.421369589907169788e-03
3.257360958878075053e+03 1.063753618161561576e+01 1.421378850142974298e-03
3.257363273863698851e+03 1.063501590271250663e+01 1.418307436088946582e-03
3.257365588849089363e+03 1.062982827462131930e+01 1.412292929819626997e-03
3.257367903834713616e+03 1.063499426436406026e+01 1.418222146027816591e-03
3.257370218820104128e+03 1.063066813188171444e+01 1.413241959368133089e-03
3.257372533805493731e+03 1.063368821316412749e+01 1.417053244431020495e-03
3.257374848791117074e+03 1.063247488342826585e+01 1.416323831900953871e-03
3.257377163776508041e+03 1.063365765510655692e+01 1.416886044040447734e-03
3.257379478761898099e+03 1.063308548654190666e+01 1.415931679252060028e-03
3.257381793747287702e+03 1.063247178060720621e+01 1.415430734332973409e-03
3.257384108732679579e+03 1.063683048797395081e+01 1.421719407500984453e-03
3.257386423718071001e+03 1.063158740522348467e+01 1.415957116133045261e-03
3.257388738703228228e+03 1.063724693557413659e+01 1.421690582557238970e-03
3.257391053688618740e+03 1.063410642583096077e+01 1.417860668420977592e-03
3.257393368674010162e+03 1.062831235436640398e+01 1.411024691330506602e-03
3.257395683659166934e+03 1.063192636693332460e+01 1.416146809738728614e-03
3.257397998644557447e+03 1.063053428453579841e+01 1.413467049952675742e-03
3.257400313629715129e+03 1.062908738949231058e+01 1.411617967327297683e-03
3.257402628615105641e+03 1.063531735926244082e+01 1.420070211438107530e-03
3.257404943600264232e+03 1.063363313276329158e+01 1.418446127796254988e-03
3.257407258585422824e+03 1.062957057081627354e+01 1.412945473649660161e-03
3.257409573570579596e+03 1.063082618794365430e+01 1.415244477581342059e-03
3.257411888555737278e+03 1.062917573131971771e+01 1.413204246381858428e-03
3.257414203540894960e+03 1.062805862159402182e+01 1.411879283137010581e-03
3.257416518526051732e+03 1.062852508996961376e+01 1.412014145604688960e-03
3.257418833511209414e+03 1.062789101284282189e+01 1.411759064052637820e-03
3.257421148496368005e+03 1.062793563844539690e+01 1.412900690949030766e-03
3.257423463481526596e+03 1.062913963115956939e+01 1.413552849033377886e-03
3.257425778466451447e+03 1.062744229187458878e+01 1.412583607079616202e-03
3.257428093451609129e+03 1.062832277766793787e+01 1.413677993389680096e-03
3.257430408436533980e+03 1.062812891526568393e+01 1.413282638661859806e-03
3.257432723421690753e+03 1.062800164655446622e+01 1.412941476060597433e-03
3.257435038406616059e+03 1.062989360158301544e+01 1.415838314041743991e-03
3.257437353391774195e+03 1.062692996006667201e+01 1.411297093015953606e-03
3.257439668376699046e+03 1.062297444155161763e+01 1.406956159463995616e-03
3.257441983361623898e+03 1.062361487342963784e+01 1.408228964708173022e-03
3.257444298346548749e+03 1.062174643370525651e+01 1.406671400476378368e-03
3.257446613331473600e+03 1.063016488942827920e+01 1.416424357051320913e-03
3.257448928316398451e+03 1.062111996894492272e+01 1.405267746823072976e-03
3.257451243301323302e+03 1.062220272273802912e+01 1.408130559843640255e-03
3.257453558286248153e+03 1.061978450147501007e+01 1.405468246639107136e-03
3.257455873271172095e+03 1.061934297268894412e+01 1.403423485103941605e-03
3.257458188255865480e+03 1.062119363916600001e+01 1.406148586509526786e-03
3.257460503240791695e+03 1.062176436171487026e+01 1.406818243502245495e-03
3.257462818225482806e+03 1.062197458557527341e+01 1.407622143683586813e-03
3.257465133210407657e+03 1.062046384094075790e+01 1.405699968530610801e-03
3.257467448195099678e+03 1.061782185761424380e+01 1.403517926103971681e-03
3.257469763180024529e+03 1.061690317128549665e+01 1.402455902756830812e-03
3.257472078164716550e+03 1.061479551121883702e+01 1.400390063056822839e-03
3.257474393149408570e+03 1.061919205745636496e+01 1.405950372486558303e-03
3.257476708134101045e+03 1.061542847679432988e+01 1.401085240189766344e-03
3.257479023118792611e+03 1.061726725091700274e+01 1.403290581835760307e-03
3.257481338103484632e+03 1.061395358143136569e+01 1.399297370314441956e-03
3.257483653088177562e+03 1.061894997301210353e+01 1.405539152178576735e-03
3.257485968072868673e+03 1.061289159467004239e+01 1.398964560865415463e-03
3.257488283057328772e+03 1.061973757346744307e+01 1.407076356950247081e-03
3.257490598042020792e+03 1.061321027636616243e+01 1.400310504475863523e-03
3.257492913026711904e+03 1.061331767853190833e+01 1.399621804306435671e-03
3.257495228011172003e+03 1.061013636137139748e+01 1.396897141571319797e-03
3.257497542995864933e+03 1.060695978284528707e+01 1.393195191424700160e-03
3.257499857980323213e+03 1.061361379007994898e+01 1.401407033971803365e-03
3.257502172964783313e+03 1.061249594443139088e+01 1.400808140233532600e-03
3.257504487949475333e+03 1.060683510261602081e+01 1.393664975064812499e-03
3.257506802933933614e+03 1.060670567777811613e+01 1.394781992032825563e-03
3.257509117918392803e+03 1.060691147058374817e+01 1.394332898725802626e-03
3.257511432902851993e+03 1.060892926579894535e+01 1.396599316372335552e-03
3.257513747887312093e+03 1.060975399735964686e+01 1.397860741390510300e-03
3.257516062871771283e+03 1.060794688516664763e+01 1.396705522122086924e-03
3.257518377855997642e+03 1.060967779499631014e+01 1.398115663573195645e-03
3.257520692840457741e+03 1.060972664690763700e+01 1.398385597707466456e-03
3.257523007824916021e+03 1.060388959489665162e+01 1.391701464888677213e-03
3.257525322809143290e+03 1.060832211237133471e+01 1.398307658317397666e-03
3.257527637793601571e+03 1.060348772829343034e+01 1.391522629980660591e-03
3.257529952777827475e+03 1.060696326506550591e+01 1.395288769776796946e-03
3.257532267762287574e+03 1.060289956458055016e+01 1.391261178660520162e-03
3.257534582746515298e+03 1.060078590361834827e+01 1.388684568527401427e-03
3.257536897730740748e+03 1.060323767066067013e+01 1.392621444343624965e-03
3.257539212714967107e+03 1.060113858854777291e+01 1.389403305010700283e-03
3.257541527699194376e+03 1.059995674635503882e+01 1.388705886739813149e-03
3.257543842683651746e+03 1.059931809338875119e+01 1.388237505547428420e-03
3.257546157667645275e+03 1.060309319433078912e+01 1.392710971690215615e-03
3.257548472651871634e+03 1.060423025377471795e+01 1.393802383956063099e-03
3.257550787636098903e+03 1.060267890118850431e+01 1.391959910372229112e-03
3.257553102620326172e+03 1.060179750391527342e+01 1.391051147512490857e-03
3.257555417604319700e+03 1.059925222095834307e+01 1.387556199554039384e-03
3.257557732588546060e+03 1.059957111090560034e+01 1.389274426228257137e-03
3.257560047572538679e+03 1.060127426391105310e+01 1.391512336010192240e-03
3.257562362556765947e+03 1.060245947000561628e+01 1.394004773344000069e-03
3.257564677540758566e+03 1.059947350425824908e+01 1.389371968373247180e-03
3.257566992524752095e+03 1.059933174792990584e+01 1.389259540288818569e-03
3.257569307508979364e+03 1.059678840754586204e+01 1.386018548183299247e-03
3.257571622492973802e+03 1.059990006340132318e+01 1.389580212275989607e-03
3.257573937476967330e+03 1.059787374297477491e+01 1.387107447224499024e-03
3.257576252460960859e+03 1.059779840444615573e+01 1.387021530316804143e-03
3.257578567444954388e+03 1.059816860181899933e+01 1.387780824530613407e-03
3.257580882428947007e+03 1.059763407418838632e+01 1.387602499087024679e-03
3.257583197412707705e+03 1.059922339790058743e+01 1.389034235565070850e-03
3.257585512396701233e+03 1.059776268455140169e+01 1.388424547462496859e-03
3.257587827380695671e+03 1.059656273484058886e+01 1.385269692781693511e-03
3.257590142364456369e+03 1.059767648381901317e+01 1.388268871690604691e-03
3.257592457348449898e+03 1.059788577663387876e+01 1.388045183047884870e-03
3.257594772332210596e+03 1.060002640017750153e+01 1.390986291502118322e-03
3.257597087315971294e+03 1.060063670083319032e+01 1.391106354810153723e-03
3.257599402299731992e+03 1.059599901072398254e+01 1.386775613032656569e-03
3.257601717283725520e+03 1.059565573567636321e+01 1.386257976020860818e-03
3.257604032267486218e+03 1.060151115330467420e+01 1.392434127551906656e-03
3.257606347251247371e+03 1.059697572585102421e+01 1.387762433558377417e-03
3.257608662235009433e+03 1.059248568473349472e+01 1.382344990043702379e-03
3.257610977218769222e+03 1.059560111089496104e+01 1.386970014565557918e-03
3.257613292202296179e+03 1.059297050952149633e+01 1.383150219088417638e-03
3.257615607186057787e+03 1.059425660498757793e+01 1.384358915430709130e-03
3.257617922169817575e+03 1.059318876184538816e+01 1.384006445512145529e-03
3.257620237153345442e+03 1.059615095957282449e+01 1.386973107270071410e-03
3.257622552137106140e+03 1.059649948098329020e+01 1.387561868151171007e-03
3.257624867120634917e+03 1.059629387498211628e+01 1.387234583010067950e-03
3.257627182104163694e+03 1.059455407912306413e+01 1.385189132292728199e-03
3.257629497087923937e+03 1.059367341897897674e+01 1.384413118719340485e-03
3.257631812071452259e+03 1.059365124498911648e+01 1.383449183801280322e-03
3.257634127054979217e+03 1.059803858762814954e+01 1.389600726381371235e-03
3.257636442038507539e+03 1.059058329859075798e+01 1.381165493263271761e-03
3.257638757022035861e+03 1.059366648653052856e+01 1.384856223678905974e-03
3.257641072005562819e+03 1.059162991027117329e+01 1.382699511704486113e-03
3.257643386989091596e+03 1.058976464064334877e+01 1.380148020517962424e-03
3.257645701972387542e+03 1.059231485356557378e+01 1.383137491816657273e-03
3.257648016955915409e+03 1.058969390032572377e+01 1.380267372399502637e-03
3.257650331939442367e+03 1.059200410565306782e+01 1.382819994698990251e-03
3.257652646922738313e+03 1.058923167527533948e+01 1.378733458184718290e-03
3.257654961906266180e+03 1.059632562859790994e+01 1.387221018844252227e-03
3.257657276889560308e+03 1.059439289418820707e+01 1.384980450250225406e-03
3.257659591872855344e+03 1.059322427480811868e+01 1.384294891057097788e-03
3.257661906856151290e+03 1.059088071224204519e+01 1.380991529598582252e-03
3.257664221839679158e+03 1.058972166437775542e+01 1.379339103756042429e-03
3.257666536822974194e+03 1.059293856800981715e+01 1.383441046208601193e-03
3.257668851806270141e+03 1.059227955142040756e+01 1.382123614807610496e-03
3.257671166789564268e+03 1.059300027825364943e+01 1.383451733308838734e-03
3.257673481772626474e+03 1.059189461739478588e+01 1.381855680194417259e-03
3.257675796755921510e+03 1.059295177785367059e+01 1.383366042123320913e-03
3.257678111739215637e+03 1.059392532010816979e+01 1.384138503313861544e-03
3.257680426722279662e+03 1.059710413562083353e+01 1.387716003724809083e-03
3.257682741705574699e+03 1.059359887624364127e+01 1.384153388394807581e-03
3.257685056688636905e+03 1.059422055117919115e+01 1.384298046917749802e-03
3.257687371671931487e+03 1.058979025116097361e+01 1.379015079082637719e-03
3.257689686654994148e+03 1.059509995950488914e+01 1.384876306856364699e-03
3.257692001638056354e+03 1.059677104266817516e+01 1.387299241853080355e-03
3.257694316621117650e+03 1.059534398528922594e+01 1.385709349839390689e-03
3.257696631604179856e+03 1.059604713974665913e+01 1.386333648993260835e-03
3.257698946587242972e+03 1.059784642892803674e+01 1.388890866880570412e-03
3.257701261570305178e+03 1.059733061426191902e+01 1.386830974626224915e-03
3.257703576553368293e+03 1.059542013559682516e+01 1.384252218126245894e-03
3.257705891536430499e+03 1.059872262633673401e+01 1.387966857820130276e-03
3.257708206519492705e+03 1.059913830904234899e+01 1.388768323759196396e-03
3.257710521502321171e+03 1.059684672380818071e+01 1.386296161112704527e-03
3.257712836485384287e+03 1.060107049511147537e+01 1.391146708737325127e-03
3.257715151468212753e+03 1.059642807620363847e+01 1.384908242555717281e-03
3.257717466451275868e+03 1.059750543532303801e+01 1.386617869837881338e-03
3.257719781434106153e+03 1.059950533621699442e+01 1.389001848700874286e-03
3.257722096416934619e+03 1.059566096911254363e+01 1.384669544865150875e-03
3.257724411399763994e+03 1.060413873319435929e+01 1.394052234665709615e-03
3.257726726382594279e+03 1.059863103450638278e+01 1.389446371201587607e-03
3.257729041365422745e+03 1.059947992734945643e+01 1.389208052421943588e-03
3.257731356348251211e+03 1.059733806672727319e+01 1.386188251184623235e-03
3.257733671331081041e+03 1.060107020045357196e+01 1.390088070172463153e-03
3.257735986313911781e+03 1.060400985220168835e+01 1.393689382926951038e-03
3.257738301296741156e+03 1.059934748079580658e+01 1.387580658058891253e-03
3.257740616279337701e+03 1.059986733625447819e+01 1.388599205328440575e-03
3.257742931262167531e+03 1.060003615246040809e+01 1.389068547921669871e-03
3.257745246244763621e+03 1.060291046140715920e+01 1.391692283240538374e-03
3.257747561227360166e+03 1.060042877030570807e+01 1.388731748808869331e-03
3.257749876210189541e+03 1.059991885929446909e+01 1.388054607465566024e-03
3.257752191192785176e+03 1.060638937860870357e+01 1.395408665010167268e-03
3.257754506175383540e+03 1.060564500641535979e+01 1.394361040952349796e-03
3.257756821157980539e+03 1.060493538983791062e+01 1.393625694226177528e-03
3.257759136140576629e+03 1.060371437445832044e+01 1.392164461513211750e-03
3.257761451123173174e+03 1.059977442106127654e+01 1.386880181913681441e-03
3.257763766105769719e+03 1.060559288857366056e+01 1.394512793568304480e-03
3.257766081088366263e+03 1.060736696330727113e+01 1.396783217704683890e-03
3.257768396070729068e+03 1.060674664497221897e+01 1.395572703752697048e-03
3.257770711053326067e+03 1.060096938514635490e+01 1.388373556339044532e-03
3.257773026035690236e+03 1.060405552534894014e+01 1.392118482437622968e-03
3.257775341018287691e+03 1.060243692396928594e+01 1.390116719445081035e-03
3.257777656000650950e+03 1.060077473094752598e+01 1.389091483502804701e-03
3.257779970983015119e+03 1.060424618952534281e+01 1.391811436074162633e-03
3.257782285965610754e+03 1.060101756245214943e+01 1.387730981540099629e-03
3.257784600947974923e+03 1.060417741640242895e+01 1.392459577071016811e-03
3.257786915930338182e+03 1.060860363630958858e+01 1.397282727005004499e-03
3.257789230912701896e+03 1.060741578354590686e+01 1.395781823230357382e-03
3.257791545895066520e+03 1.060406212162581419e+01 1.392281649662395482e-03
3.257793860877198313e+03 1.060727547880359189e+01 1.395069899628280591e-03
3.257796175859561117e+03 1.061122089424577908e+01 1.399901258023141318e-03
3.257798490841924831e+03 1.060979934788921852e+01 1.397995891571202033e-03
3.257800805824055715e+03 1.060473954496489135e+01 1.391969580603128354e-03
3.257803120806420338e+03 1.060625391666675910e+01 1.393975240695802037e-03
3.257805435788550312e+03 1.060680508957223012e+01 1.395031455266371829e-03
3.257807750770914026e+03 1.060964477668080796e+01 1.398700230986658953e-03
3.257810065753045819e+03 1.060895174876951685e+01 1.397669404585618735e-03
3.257812380735176703e+03 1.060288677763437093e+01 1.390753818154382782e-03
3.257814695717308041e+03 1.060881771695064302e+01 1.397869179408632416e-03
3.257817010699439379e+03 1.060545029267456663e+01 1.393289447407379620e-03
3.257819325681569353e+03 1.060671717746107312e+01 1.394568276846729245e-03
3.257821640663700236e+03 1.060645424338038367e+01 1.394411126178910550e-03
3.257823955645831120e+03 1.060427402953477127e+01 1.392005025946094427e-03
3.257826270627729173e+03 1.060450911778665706e+01 1.391906051386039133e-03
3.257828585609860511e+03 1.060491384737570009e+01 1.392245960327080949e-03
3.257830900591759473e+03 1.061064521224048462e+01 1.399344714868778171e-03
3.257833215573889902e+03 1.060543517676526903e+01 1.392586536671964158e-03
3.257835530555787500e+03 1.060855054481496040e+01 1.397421562637752614e-03
3.257837845537918838e+03 1.060172882966925378e+01 1.388208212291435449e-03
3.257840160519816891e+03 1.060821118553808518e+01 1.396037748496961172e-03
3.257842475501714034e+03 1.060503841743020992e+01 1.392243119299962743e-03
3.257844790483612087e+03 1.060865151771366754e+01 1.397628958963195245e-03
3.257847105465511049e+03 1.060306928833685625e+01 1.390135515876685796e-03
3.257849420447409102e+03 1.060640237149355158e+01 1.394455998289280190e-03
3.257851735429308064e+03 1.060575283728423379e+01 1.393768057611691983e-03
3.257854050410973286e+03 1.060548927030182753e+01 1.391950455998946807e-03
3.257856365392871339e+03 1.060860726121434006e+01 1.397556575243664436e-03
3.257858680374768937e+03 1.060850727562430151e+01 1.396664294860627169e-03
3.257860995356433705e+03 1.060824034492827472e+01 1.396781940030262549e-03
3.257863310338098927e+03 1.060511857138267544e+01 1.393479199580163362e-03
3.257865625319997889e+03 1.060520485936899426e+01 1.393742267356965457e-03
3.257867940301664021e+03 1.060509966499916423e+01 1.393721235390840826e-03
3.257870255283329243e+03 1.060593886197038671e+01 1.394515268045937043e-03
3.257872570264994010e+03 1.060468623518589482e+01 1.392632721188454860e-03
3.257874885246659687e+03 1.060505965181319254e+01 1.393484462435345180e-03
3.257877200228324000e+03 1.060182795772196052e+01 1.388708537953222983e-03
3.257879515209989222e+03 1.060739879312895262e+01 1.395727281918570555e-03
3.257881830191653989e+03 1.060830684446405847e+01 1.397023577946534655e-03
3.257884145173319666e+03 1.060427779925971059e+01 1.392523103828010970e-03
3.257886460154752967e+03 1.060237915630461814e+01 1.390840227160776259e-03
3.257888775136418190e+03 1.060422483790134862e+01 1.392600628426437972e-03
3.257891090117850581e+03 1.060284792874896453e+01 1.391426147388113077e-03
3.257893405099282973e+03 1.060405711973592524e+01 1.392547533167979440e-03
3.257895720080948195e+03 1.060286165234832012e+01 1.390611494422998133e-03
3.257898035062380586e+03 1.060570058050933540e+01 1.394886324185412151e-03
3.257900350043812523e+03 1.060538598749447026e+01 1.394174466495827838e-03
3.257902665025245369e+03 1.060306479757146292e+01 1.391780283048359504e-03
3.257904980006678670e+03 1.060298994271156303e+01 1.391407034726668910e-03
3.257907294988111062e+03 1.060321688363343640e+01 1.391698889476865883e-03
3.257909609969544363e+03 1.060257108094414669e+01 1.391203285134511415e-03
3.257911924950743469e+03 1.060567212068499643e+01 1.395546185952133578e-03
3.257914239932175406e+03 1.060214512813209886e+01 1.390857559799570532e-03
3.257916554913374057e+03 1.060318776993846868e+01 1.392528898639319290e-03
3.257918869894807358e+03 1.060389376592546284e+01 1.393982585729242009e-03
3.257921184876006919e+03 1.060083281133769617e+01 1.390027729987190980e-03
3.257923499857440220e+03 1.059972888993153894e+01 1.389692494121200867e-03
3.257925814838639781e+03 1.059888548916929985e+01 1.388546173425111996e-03
3.257928129819839342e+03 1.059528655372373507e+01 1.384120610723665618e-03
3.257930444801037993e+03 1.060077578131445364e+01 1.391117557397798582e-03
3.257932759782238008e+03 1.059904481459070169e+01 1.388696515076286338e-03
3.257935074763437115e+03 1.059698218320204077e+01 1.387947145864100581e-03
3.257937389744636675e+03 1.059494644134841224e+01 1.384807240001981448e-03
3.257939704725604315e+03 1.059396083160509328e+01 1.384202749886483163e-03
3.257942019706804786e+03 1.059514943129381237e+01 1.384861439903041329e-03
3.257944334687770606e+03 1.059676237578613645e+01 1.387238237719422979e-03
3.257946649668971077e+03 1.059136149692764661e+01 1.381253048665249169e-03
3.257948964649937807e+03 1.059550350220167658e+01 1.386304977297494329e-03
3.257951279631136458e+03 1.059114276363321139e+01 1.381065341457446850e-03
3.257953594612103188e+03 1.059145035398012169e+01 1.381765079335647286e-03
3.257955909593069919e+03 1.059373310071570273e+01 1.385480240076564446e-03
3.257958224574036649e+03 1.059090108264557628e+01 1.381915332372676960e-03
3.257960539555004289e+03 1.059163487305530182e+01 1.383091214386411106e-03
3.257962854535971019e+03 1.058641935993332339e+01 1.376519882882586577e-03
3.257965169516937749e+03 1.058364459860236551e+01 1.373989902677933425e-03
3.257967484497670739e+03 1.058686164888697334e+01 1.378283304959826167e-03
3.257969799478637924e+03 1.058351868587699052e+01 1.373990710032153579e-03
3.257972114459605109e+03 1.059082995783751358e+01 1.383333410094423526e-03
3.257974429440338099e+03 1.058791440439994602e+01 1.379768391368420928e-03
3.257976744421306648e+03 1.058525799734218964e+01 1.378020899194791309e-03
3.257979059402041003e+03 1.058300335703003014e+01 1.375289873401955819e-03
3.257981374382774447e+03 1.058458755050958011e+01 1.377591548835552585e-03
3.257983689363509257e+03 1.058364801936687982e+01 1.375907938298222321e-03
3.257986004344243156e+03 1.058579726743584359e+01 1.379357031027600303e-03
3.257988319324976146e+03 1.058082957528755230e+01 1.374329596273962369e-03
3.257990634305710046e+03 1.058295315691057326e+01 1.376355658477506575e-03
3.257992949286443945e+03 1.057907449614666007e+01 1.372531421386633020e-03
3.257995264267177845e+03 1.057937651417477554e+01 1.373144417976728069e-03
3.257997579247679823e+03 1.057428679867712873e+01 1.368372395617281851e-03
3.257999894228413723e+03 1.057390343224967388e+01 1.367286373712001558e-03
3.258002209208914792e+03 1.057706683793510649e+01 1.372345623750575788e-03
3.258004524189647782e+03 1.057786042643696867e+01 1.371812705203189061e-03
3.258006839170148851e+03 1.057456965181332720e+01 1.369214494153281987e-03
3.258009154150650829e+03 1.057042410557600220e+01 1.365313743064936781e-03
3.258011469131150989e+03 1.057339274249000738e+01 1.368478936627689482e-03
3.258013784111652967e+03 1.057201941915067955e+01 1.367579620811866384e-03
3.258016099092154946e+03 1.056658068466335010e+01 1.360870297950412091e-03
3.258018414072655105e+03 1.057019996545237284e+01 1.365780000615349817e-03
3.258020729053157083e+03 1.056059209182456016e+01 1.355003637783084181e-03
3.258023044033658152e+03 1.056841738175740275e+01 1.364058429162941970e-03
3.258025359013925481e+03 1.056553667618624459e+01 1.361018391853373614e-03
3.258027673994427005e+03 1.056493953821559728e+01 1.361114610397833047e-03
3.258029988974695698e+03 1.056399356315986182e+01 1.360332973861500460e-03
3.258032303955196767e+03 1.056151774366271745e+01 1.357384783324267537e-03
3.258034618935465915e+03 1.056297235050543293e+01 1.360327113137365512e-03
3.258036933915734153e+03 1.056511058137943060e+01 1.362580182853544760e-03
3.258039248896002391e+03 1.055823970290044755e+01 1.354807207107811993e-03
3.258041563876269720e+03 1.055904004140369246e+01 1.357492768000211026e-03
3.258043878856537958e+03 1.055780056570814907e+01 1.356060584640973732e-03
3.258046193836806196e+03 1.055601884539673208e+01 1.354046889068546240e-03
3.258048508817074435e+03 1.055310713807749678e+01 1.350325685665393479e-03
3.258050823797110752e+03 1.055801874450348521e+01 1.356538214453274381e-03
3.258053138777379900e+03 1.055441304930161905e+01 1.353130328923481248e-03
3.258055453757414398e+03 1.055447909180780997e+01 1.353388636170469892e-03
3.258057768737682636e+03 1.055456906124511285e+01 1.353256024113380510e-03
3.258060083717718044e+03 1.055231334491443107e+01 1.351375592372168824e-03
3.258062398697752997e+03 1.055328097940272158e+01 1.352909361913559247e-03
3.258064713678021690e+03 1.055158508116054783e+01 1.350765575710229788e-03
3.258067028658057097e+03 1.055278384079144516e+01 1.353660756843301375e-03
3.258069343638092960e+03 1.054583045699604327e+01 1.344540086884793168e-03
3.258071658618128822e+03 1.054801123002442687e+01 1.347360074045741030e-03
3.258073973597932309e+03 1.054744874238585339e+01 1.348027188484896433e-03
3.258076288577966807e+03 1.054633842218623485e+01 1.346541183832275067e-03
3.258078603558002214e+03 1.054605984967402676e+01 1.346435533828166126e-03
3.258080918537803882e+03 1.054642426597984439e+01 1.346475562757677670e-03
3.258083233517840199e+03 1.054474257838772644e+01 1.345114931870479771e-03
3.258085548497641867e+03 1.054516857947499275e+01 1.346064696534112187e-03
3.258087863477678184e+03 1.054246755703519689e+01 1.343042801229057297e-03
3.258090178457481670e+03 1.054152286883930856e+01 1.342409857826599171e-03
3.258092493437284247e+03 1.054174494007051877e+01 1.341975814672394674e-03
3.258094808417086824e+03 1.054168736254518990e+01 1.342955414848579160e-03
3.258097123396889401e+03 1.053764205266327103e+01 1.338059122746873813e-03
3.258099438376691069e+03 1.053975289507263291e+01 1.340685741865313635e-03
3.258101753356493646e+03 1.053412180509336693e+01 1.335876607367521675e-03
3.258104068336064302e+03 1.053864866936182665e+01 1.340990542346922167e-03
3.258106383315866879e+03 1.054110632208840315e+01 1.342301829327517638e-03
3.258108698295437080e+03 1.053846912062144092e+01 1.340090216063380673e-03
3.258111013275240111e+03 1.054038438349091322e+01 1.342881138986291856e-03
3.258113328254809858e+03 1.054004008488342770e+01 1.343052392317262405e-03
3.258115643234379604e+03 1.053746980302543435e+01 1.340178480871048522e-03
3.258117958214182181e+03 1.053782398693997990e+01 1.340583811004296714e-03
3.258120273193751018e+03 1.053400319015499242e+01 1.336337762980479736e-03
3.258122588173320764e+03 1.053550712468530648e+01 1.337968097923590170e-03
3.258124903152890965e+03 1.053396212268449617e+01 1.336686650240357342e-03
3.258127218132229245e+03 1.053571417140550714e+01 1.339132491636905054e-03
3.258129533111798082e+03 1.053497584556905409e+01 1.337915339265535004e-03
3.258131848091367829e+03 1.053666640082904493e+01 1.339969265671735361e-03
3.258134163070704744e+03 1.053307614348775090e+01 1.336413805632264296e-03
3.258136478050273581e+03 1.053215233762727543e+01 1.334682573054157741e-03
3.258138793029610952e+03 1.053554752862140376e+01 1.339092477954004776e-03
3.258141108009181153e+03 1.053110242848948630e+01 1.333736778635931635e-03
3.258143422988518068e+03 1.052932015945067334e+01 1.333012250801503002e-03
3.258145737967855894e+03 1.053408747573646664e+01 1.338351859092584608e-03
3.258148052947193719e+03 1.052740213604196917e+01 1.330809789512954868e-03
3.258150367926529725e+03 1.052835945787541405e+01 1.331781381854041423e-03
3.258152682905866641e+03 1.052554342543233545e+01 1.329814167886006438e-03
3.258154997884970726e+03 1.052582237842964474e+01 1.328958991971617570e-03
3.258157312864306732e+03 1.052747467150452643e+01 1.331781122240751139e-03
3.258159627843643648e+03 1.053014381682971745e+01 1.334589339780536130e-03
3.258161942822748642e+03 1.052921657453547866e+01 1.333672014766262804e-03
3.258164257802086468e+03 1.052284859961206465e+01 1.326913866355901826e-03
3.258166572781189643e+03 1.052612000113323454e+01 1.330118568159838329e-03
3.258168887760294638e+03 1.052058790706571756e+01 1.324236048515498162e-03
3.258171202739398723e+03 1.052545942921226008e+01 1.329722491568647745e-03
3.258173517718501898e+03 1.052568765140427232e+01 1.330725985852953576e-03
3.258175832697605983e+03 1.052583253681227582e+01 1.331764027384072695e-03
3.258178147676710523e+03 1.052542223855801851e+01 1.330740510747173031e-03
3.258180462655815063e+03 1.052493888556068313e+01 1.330409712560632739e-03
3.258182777634920058e+03 1.052385415704231519e+01 1.328144247988972742e-03
3.258185092613791312e+03 1.052501334241512865e+01 1.329772447963323886e-03
3.258187407592895397e+03 1.052554082101386257e+01 1.330876488595711133e-03
3.258189722571766652e+03 1.052299892447280882e+01 1.327578093084260400e-03
3.258192037550870737e+03 1.052223526308235080e+01 1.327966827185753356e-03
3.258194352529741082e+03 1.052620195240300838e+01 1.331396799949815255e-03
3.258196667508613245e+03 1.051724605762616527e+01 1.323219962868258910e-03
3.258198982487484955e+03 1.051822505728646284e+01 1.323116478777675107e-03
3.258201297466355754e+03 1.052088811272765767e+01 1.326209246394517271e-03
3.258203612445227918e+03 1.052003495922988563e+01 1.325570263910882170e-03
3.258205927424099173e+03 1.052552393674382003e+01 1.331178636579535531e-03
3.258208242402970427e+03 1.052659648736377562e+01 1.332147010807437732e-03
3.258210557381607487e+03 1.052309357941827805e+01 1.328578131553656170e-03
3.258212872360479196e+03 1.052293796850137753e+01 1.329010177866770184e-03
3.258215187339117620e+03 1.052265642720082184e+01 1.327815832070373091e-03
3.258217502317988874e+03 1.052158888559925920e+01 1.326597698340241643e-03
3.258219817296628207e+03 1.052557237487076414e+01 1.331781618520236311e-03
3.258222132275266631e+03 1.052414922628665117e+01 1.330715038517929190e-03
3.258224447253905055e+03 1.051899172048789666e+01 1.323003531562151830e-03
3.258226762232543479e+03 1.051846386146669055e+01 1.323046328747346650e-03
3.258229077211181902e+03 1.052319203236513623e+01 1.328309375800841357e-03
3.258231392189820326e+03 1.052143798589178125e+01 1.326375065685953935e-03
3.258233707168458750e+03 1.052143683147891196e+01 1.327456245225276579e-03
3.258236022146865253e+03 1.052066946452830010e+01 1.326358803927679339e-03
3.258238337125503676e+03 1.052562199651032415e+01 1.331034694499446053e-03
3.258240652103909269e+03 1.052178771606464558e+01 1.327201376528929638e-03
3.258242967082547693e+03 1.052636104003515882e+01 1.331766649943774434e-03
3.258245282060953286e+03 1.052428699035958992e+01 1.329327120838207435e-03
3.258247597039358880e+03 1.052274913391166677e+01 1.327515026846030639e-03
3.258249912017764473e+03 1.052381793687824540e+01 1.328112745885311630e-03
3.258252226996169156e+03 1.052596422087613703e+01 1.331142231835157194e-03
3.258254541974576568e+03 1.052140015189561240e+01 1.326215522194081758e-03
3.258256856952982162e+03 1.052626390880628549e+01 1.331259160915795013e-03
3.258259171931387755e+03 1.052754270921940183e+01 1.332625934258495045e-03
3.258261486909559608e+03 1.052667951436585270e+01 1.332366140333804232e-03
3.258263801887965201e+03 1.051996461118612203e+01 1.324093511902813469e-03
3.258266116866138873e+03 1.052433955922768405e+01 1.329619931691954039e-03
3.258268431844543557e+03 1.052469994981719559e+01 1.330078250002472229e-03
3.258270746822717228e+03 1.052823262674051108e+01 1.333467464994913089e-03
3.258273061800889991e+03 1.052511043894650200e+01 1.330181380204275990e-03
3.258275376779062753e+03 1.052793628150218375e+01 1.332904960284969588e-03
3.258277691757235971e+03 1.052674917017924372e+01 1.332113127079143870e-03
3.258280006735409188e+03 1.052747124119670552e+01 1.331859239458287741e-03
3.258282321713581041e+03 1.052551075338633702e+01 1.329682803689850781e-03
3.258284636691753803e+03 1.052670311038054507e+01 1.331511350142579927e-03
3.258286951669693735e+03 1.052775776643205496e+01 1.332713250236591991e-03
3.258289266647866498e+03 1.052700468673925371e+01 1.331188678116318599e-03
3.258291581625807339e+03 1.052550789684329757e+01 1.329615026912479760e-03
3.258293896603981011e+03 1.052872587382653435e+01 1.333529912011429449e-03
3.258296211581920488e+03 1.052662180707637773e+01 1.331653128385537361e-03
3.258298526559860875e+03 1.052807174107007882e+01 1.333052604289497282e-03
3.258300841537800807e+03 1.052372369337413716e+01 1.327926448067863301e-03
3.258303156515739829e+03 1.052643217244179752e+01 1.331185639155667332e-03
3.258305471493679761e+03 1.052625588264475809e+01 1.331353793372731624e-03
3.258307786471619693e+03 1.052591114412982698e+01 1.330346735720864051e-03
3.258310101449560079e+03 1.052683939850746597e+01 1.331656020907558092e-03
3.258312416427267635e+03 1.052740922226936249e+01 1.332026382425492575e-03
3.258314731405208022e+03 1.052556729317996798e+01 1.329325382134242776e-03
3.258317046382914668e+03 1.052367409926839770e+01 1.327049285556991531e-03
3.258319361360853691e+03 1.052465404736619270e+01 1.328617469823155676e-03
3.258321676338561701e+03 1.052946196821246794e+01 1.334651075011437232e-03
3.258323991316268803e+03 1.052506177101905749e+01 1.329226667766109093e-03
3.258326306293975904e+03 1.052470878975081980e+01 1.328843723702460931e-03
3.258328621271683005e+03 1.052893398499026389e+01 1.334221134215133600e-03
3.258330936249391016e+03 1.052511509962606517e+01 1.329093590155149517e-03
3.258333251227098117e+03 1.052586500869741215e+01 1.329825344069844638e-03
3.258335566204805218e+03 1.052389133037149271e+01 1.327841748150301220e-03
3.258337881182280398e+03 1.052925896208025414e+01 1.333622468677336977e-03
3.258340196159985680e+03 1.052789992002235309e+01 1.332786004214571917e-03
3.258342511137460860e+03 1.052745711295081499e+01 1.331953159455686589e-03
3.258344826114935131e+03 1.052597252753263035e+01 1.330414548779172094e-03
3.258347141092642232e+03 1.052390162159794151e+01 1.328656616437615687e-03
3.258349456070118322e+03 1.052579521908719862e+01 1.330406153316792328e-03
3.258351771047591683e+03 1.052557034346624576e+01 1.330508963323730242e-03
3.258354086025065953e+03 1.052543603163662134e+01 1.330531844615664115e-03
3.258356401002539315e+03 1.052169606868136498e+01 1.325604237553232485e-03
3.258358715979780754e+03 1.052831671649738965e+01 1.333749416696968773e-03
3.258361030957255480e+03 1.052723889705666593e+01 1.331945229313123789e-03
3.258363345934729296e+03 1.052690075511085865e+01 1.332296585677945552e-03
3.258365660911970735e+03 1.052488777421510591e+01 1.329027186631993700e-03
3.258367975889445916e+03 1.052410046487980821e+01 1.328556011906820416e-03
3.258370290866688265e+03 1.052831632955356866e+01 1.332568996946345693e-03
3.258372605843929705e+03 1.052535036009957459e+01 1.330166757979345119e-03
3.258374920821171145e+03 1.052732223667129219e+01 1.331608445136293678e-03
3.258377235806095086e+03 1.052686854690856499e+01 1.331416383508090932e-03
3.258379550783336981e+03 1.052397048284757375e+01 1.328824656355898819e-03
3.258381865760345136e+03 1.052558870723053097e+01 1.330802498688879974e-03
3.258384180737586576e+03 1.052325095049888759e+01 1.328396318409622804e-03
3.258386495714828925e+03 1.052456899234635834e+01 1.329289784276766785e-03
3.258388810691838444e+03 1.052533796535931643e+01 1.330880155126666934e-03
3.258391125669078974e+03 1.052542426311365809e+01 1.329629193446013906e-03
3.258393440646088038e+03 1.052556547169377588e+01 1.330642752595726777e-03
3.258395755623096193e+03 1.052315904892620324e+01 1.328279455959459343e-03
3.258398070600337633e+03 1.052444847515458548e+01 1.328626634456908304e-03
3.258400385577346242e+03 1.052591883104858361e+01 1.331268706183898719e-03
3.258402700554355761e+03 1.052306387940543431e+01 1.326955721363923561e-03
3.258405015531363915e+03 1.052415905626445181e+01 1.329686304752969016e-03
3.258407330508140149e+03 1.052564655487499934e+01 1.330497427148274363e-03
3.258409645485148758e+03 1.052387391789506488e+01 1.328776818480877954e-03
3.258411960462157367e+03 1.052646796769577797e+01 1.332116924892088423e-03
3.258414275438933146e+03 1.052379184404899881e+01 1.329018315738558949e-03
3.258416590415941755e+03 1.052421853773046045e+01 1.329581682419364108e-03
3.258418905392717534e+03 1.052208348969867657e+01 1.328114924568059079e-03
3.258421220369493312e+03 1.052189189617776854e+01 1.327544432103461248e-03
3.258423535346269546e+03 1.052237367084007857e+01 1.328731474535183163e-03
3.258425850323046689e+03 1.051833205610401833e+01 1.323698176231001685e-03
3.258428165299820648e+03 1.051907811629028267e+01 1.324680783308910094e-03
3.258430480276597336e+03 1.051940255841153160e+01 1.325802847289232539e-03
3.258432795253373115e+03 1.052139854340876113e+01 1.328241221403370217e-03
3.258435110229915153e+03 1.051670946503309167e+01 1.322522846303114197e-03
3.258437425206691842e+03 1.052149682459243785e+01 1.327704495164034855e-03
3.258439740183234790e+03 1.052215248710456130e+01 1.328666880258226385e-03
3.258442055160011023e+03 1.051686741209205067e+01 1.323097102910817096e-03
3.258444370136555335e+03 1.051705855030942338e+01 1.323120496345070842e-03
3.258446685113098283e+03 1.052053960196291627e+01 1.327374360151969534e-03
3.258449000089640322e+03 1.051890541849158645e+01 1.325382777172348994e-03
3.258451315066182360e+03 1.051980409484878720e+01 1.326950087560876436e-03
3.258453630042726218e+03 1.051590955968768526e+01 1.322858748559136224e-03
3.258455945019269166e+03 1.051734601790889023e+01 1.324496103455871784e-03
3.258458259995811204e+03 1.051288172820018119e+01 1.319698293821762935e-03
3.258460574972122231e+03 1.051825624419360494e+01 1.326546561266563019e-03
3.258462889948666088e+03 1.051390165664807341e+01 1.321178191103040403e-03
3.258465204924976206e+03 1.051226227298227478e+01 1.319077345447624162e-03
3.258467519901518244e+03 1.050775222133610320e+01 1.313721594276028460e-03
3.258469834877829271e+03 1.051341254141992465e+01 1.321502101622582101e-03
3.258472149854138479e+03 1.050892996153894110e+01 1.316609892766985174e-03
3.258474464830449051e+03 1.051233013055519905e+01 1.319927210247371849e-03
3.258476779806758714e+03 1.051219748767685047e+01 1.320893022951002277e-03
3.258479094783069741e+03 1.051110719531753190e+01 1.320428155752145999e-03
3.258481409759380767e+03 1.050391776421858836e+01 1.312580517785288427e-03
3.258483724735458054e+03 1.050665087881310988e+01 1.316126464160491654e-03
3.258486039711767262e+03 1.050950426567618479e+01 1.319289296008178654e-03
3.258488354687845003e+03 1.050800394354435419e+01 1.318084255357754872e-03
3.258490669664154666e+03 1.050653813416424676e+01 1.316771435193939913e-03
3.258492984640231953e+03 1.050390207310538848e+01 1.313548267677406818e-03
3.258495299616309239e+03 1.050490583762214314e+01 1.315238130241177259e-03
3.258497614592388345e+03 1.050167373278078387e+01 1.311779983665664227e-03
3.258499929568464722e+03 1.049982260280146562e+01 1.309538376416107550e-03
3.258502244544542464e+03 1.050005975267036540e+01 1.310716253388989009e-03
3.258504559520620205e+03 1.049831578822875500e+01 1.309293156107470268e-03
3.258506874496463752e+03 1.049898912561241460e+01 1.309797248227886728e-03
3.258509189472540129e+03 1.049695300665901598e+01 1.308327384565675933e-03
3.258511504448385040e+03 1.049515637443989569e+01 1.306924956875814585e-03
3.258513819424462781e+03 1.049600383123443947e+01 1.307434106949245363e-03
3.258516134400307237e+03 1.049540397555793270e+01 1.306934275270420654e-03
3.258518449376153058e+03 1.049309844089826171e+01 1.305156795911586879e-03
3.258520764351997059e+03 1.049281617493252128e+01 1.304536315594615348e-03
3.258523079327840605e+03 1.049292522897984625e+01 1.305874196468597955e-03
3.258525394303685971e+03 1.049038586862446820e+01 1.303882373061992020e-03
3.258527709279530427e+03 1.048805733537833618e+01 1.300755070317192834e-03
3.258530024255374883e+03 1.049308829107837227e+01 1.306553211084640446e-03
3.258532339231219339e+03 1.049095293806271201e+01 1.304112611933354966e-03
3.258534654206831874e+03 1.048927454749502353e+01 1.303330270210615932e-03
3.258536969182443499e+03 1.048452516609656371e+01 1.297780700019076023e-03
3.258539284158287956e+03 1.048705738715896629e+01 1.301170494756086725e-03
3.258541599133899581e+03 1.048326148038220040e+01 1.296978415073705938e-03
3.258543914109511206e+03 1.048221644115119311e+01 1.296824244945027392e-03
3.258546229085122832e+03 1.048434335600002854e+01 1.299252427473534307e-03
3.258548544060734457e+03 1.048122191315035145e+01 1.295483587331882399e-03
3.258550859036345173e+03 1.047896678512360857e+01 1.293773567113570095e-03
3.258553174011958617e+03 1.047919555246112644e+01 1.294381862082554045e-03
3.258555488987338322e+03 1.047977625124623202e+01 1.295812681508581258e-03
3.258557803962949038e+03 1.047937900909639097e+01 1.295647911093432284e-03
3.258560118938326923e+03 1.047741600379178983e+01 1.293746672790386468e-03
3.258562433913939003e+03 1.047650323888134416e+01 1.292811137646508388e-03
3.258564748889318253e+03 1.047319812456951027e+01 1.289667788268627222e-03
3.258567063864696138e+03 1.047647494986495786e+01 1.294012360710564699e-03
3.258569378840074933e+03 1.047618314354433622e+01 1.293131672572976360e-03
3.258571693815454637e+03 1.047158903671959962e+01 1.288602068156223307e-03
3.258574008790834341e+03 1.047369844286469132e+01 1.291464147298286829e-03
3.258576323766212226e+03 1.046987437558579437e+01 1.288101739465141943e-03
3.258578638741591476e+03 1.047434241080319950e+01 1.292808861560479101e-03
3.258580953716736985e+03 1.047013560258952936e+01 1.288174164472310774e-03
3.258583268692115780e+03 1.047059097389607629e+01 1.288984422769192664e-03
3.258585583667261744e+03 1.046810289547252815e+01 1.287425080589741071e-03
3.258587898642407708e+03 1.046786721306502521e+01 1.286769774568492569e-03
3.258590213617554582e+03 1.046442190181875453e+01 1.283982812386923926e-03
3.258592528592934286e+03 1.046419154006493279e+01 1.283521222928612777e-03
3.258594843568080250e+03 1.046415228423595600e+01 1.283607944895176619e-03
3.258597158542992929e+03 1.046045430335236048e+01 1.280485394692150967e-03
3.258599473518139348e+03 1.046000690283907275e+01 1.279564096957042400e-03
3.258601788493284403e+03 1.046046461525703641e+01 1.280310742322762936e-03
3.258604103468197991e+03 1.046165102483612230e+01 1.282259122386599122e-03
3.258606418443344410e+03 1.046214870918877082e+01 1.282850275069384463e-03
3.258608733418256634e+03 1.045663088410262276e+01 1.277263867622571280e-03
3.258611048393403962e+03 1.046154164788460683e+01 1.283124983032500523e-03
3.258613363368316641e+03 1.045756997679801614e+01 1.278990145645564434e-03
3.258615678343229774e+03 1.045822318714300536e+01 1.279963186768877988e-03
3.258617993318142908e+03 1.045454680136769454e+01 1.275774055006455255e-03
3.258620308293056041e+03 1.045571201134209893e+01 1.277121177363440543e-03
3.258622623267969175e+03 1.045627695845036520e+01 1.277651488344461097e-03
3.258624938242648568e+03 1.045703979812558160e+01 1.280146539498261838e-03
3.258627253217563521e+03 1.045238964970015338e+01 1.274963357910813668e-03
3.258629568192476654e+03 1.045550024090627872e+01 1.278899510088321416e-03
3.258631883167156957e+03 1.045581228206138391e+01 1.278659255449233296e-03
3.258634198141837260e+03 1.045066613818998924e+01 1.272777469755490476e-03
3.258636513116750393e+03 1.045153569378647518e+01 1.275001329431138400e-03
3.258638828091430696e+03 1.045222301743726945e+01 1.275542793322244003e-03
3.258641143066110999e+03 1.045216734053206054e+01 1.275448343662855108e-03
3.258643458040791302e+03 1.045227857772083269e+01 1.276100512055208629e-03
3.258645773015472059e+03 1.044818515490872635e+01 1.271497728122200676e-03
3.258648087989919986e+03 1.044867209874271019e+01 1.272644489589717367e-03
3.258650402964601199e+03 1.044998340089120603e+01 1.274017580168419501e-03
3.258652717939279682e+03 1.044718315557610033e+01 1.271356600761185552e-03
3.258655032913728064e+03 1.044491059427916113e+01 1.269394696792188046e-03
3.258657347888175536e+03 1.044499893537210156e+01 1.268764852920639197e-03
3.258659662862855839e+03 1.044621217488638720e+01 1.270116709059917505e-03
3.258661977837303311e+03 1.044564083733856741e+01 1.270110789034698331e-03
3.258664292811751693e+03 1.044405665663688865e+01 1.268579876736492147e-03
3.258666607786199165e+03 1.044781271500290742e+01 1.273493015228230893e-03
3.258668922760646637e+03 1.044339323880771353e+01 1.268321889910241623e-03
3.258671237734861279e+03 1.044549070860527351e+01 1.270690243787499837e-03
3.258673552709308751e+03 1.044515335856144489e+01 1.270592071643086721e-03
3.258675867683755314e+03 1.044462071463844843e+01 1.269473553221851922e-03
3.258678182657969955e+03 1.044059393923922485e+01 1.266292865685250723e-03
3.258680497632184597e+03 1.044279991290458653e+01 1.268241463281421285e-03
3.258682812606632979e+03 1.043998328665959541e+01 1.264963331852892630e-03
3.258685127580848075e+03 1.043997960235834555e+01 1.265511070826067863e-03
3.258687442555063171e+03 1.044322990070226354e+01 1.269394070321527975e-03
3.258689757529276903e+03 1.044214357310029939e+01 1.268813967545913543e-03
3.258692072503492000e+03 1.043960609181756993e+01 1.265700830527420519e-03
3.258694387477706186e+03 1.043635547578743328e+01 1.262507634117233501e-03
3.258696702451687997e+03 1.043717032867898098e+01 1.263919146028504893e-03
3.258699017425902639e+03 1.043776538617121119e+01 1.263844510988139684e-03
3.258701332399886269e+03 1.043407619836926159e+01 1.260665965083969343e-03
3.258703647374100910e+03 1.043640641225483279e+01 1.263815023075905066e-03
3.258705962348082721e+03 1.043678626775693985e+01 1.263420170511943448e-03
3.258708277322063623e+03 1.043715895377533798e+01 1.264611141701582446e-03
3.258710592296045434e+03 1.043575678787639482e+01 1.261996051092475774e-03
3.258712907270027245e+03 1.043785842738844138e+01 1.263932710526392226e-03
3.258715222244009510e+03 1.043359595042256949e+01 1.260336932062414367e-03
3.258717537217990866e+03 1.043405531114899176e+01 1.261810433054566527e-03
3.258719852191973587e+03 1.043850469404947390e+01 1.266352572220706468e-03
3.258722167165723477e+03 1.043587121078509483e+01 1.262887044547856370e-03
3.258724482139705287e+03 1.043520206620461188e+01 1.261726953088379826e-03
3.258726797113454268e+03 1.043531196081869439e+01 1.262179863060756534e-03
3.258729112087203248e+03 1.043598773153074077e+01 1.262867313418128672e-03
3.258731427061184149e+03 1.043450655411470507e+01 1.261866995317711656e-03
3.258733742034932220e+03 1.043609179559181044e+01 1.262692810506664542e-03
3.258736057008682110e+03 1.043394485034406571e+01 1.260691293440955327e-03
3.258738371982432000e+03 1.043760424973380907e+01 1.264729755455001750e-03
3.258740686956180980e+03 1.043493230975849784e+01 1.261910257055277006e-03
3.258743001929697130e+03 1.043546519992805521e+01 1.262379648188426649e-03
3.258745316903446110e+03 1.043837086600783337e+01 1.264987603703604220e-03
3.258747631876962259e+03 1.044172612779466291e+01 1.268676575469571566e-03
3.258749946850711240e+03 1.043525941601698115e+01 1.262136891850680186e-03
3.258752261824227389e+03 1.043602924899763273e+01 1.262772666011551578e-03
3.258754576797742629e+03 1.043573591053771565e+01 1.261740931001547683e-03
3.258756891771260598e+03 1.043701155659171498e+01 1.263460767437108107e-03
3.258759206745009578e+03 1.043689230229456655e+01 1.262882721395154227e-03
3.258761521718292897e+03 1.043984900550520223e+01 1.267091658504360336e-03
3.258763836691809047e+03 1.043246489356192974e+01 1.258303780026262010e-03
3.258766151665325197e+03 1.044050017543305486e+01 1.267291165812983603e-03
3.258768466638841346e+03 1.044004195875519159e+01 1.266152407682478911e-03
3.258770781612124665e+03 1.043482868084038273e+01 1.260274480844921201e-03
3.258773096585640815e+03 1.044327485828033275e+01 1.269784322324535699e-03
3.258775411558924134e+03 1.043947720794803935e+01 1.265727067850001570e-03
3.258777726532209272e+03 1.044182162583009799e+01 1.268168961072466908e-03
3.258780041505491681e+03 1.043998680294204284e+01 1.266296016160940296e-03
3.258782356478774091e+03 1.044361766264372626e+01 1.269993463610999494e-03
3.258784671452058319e+03 1.044374965873140582e+01 1.269753468289955842e-03
3.258786986425341638e+03 1.044266300101757494e+01 1.268772723650240467e-03
3.258789301398624502e+03 1.044268506823308407e+01 1.268753720554424355e-03
3.258791616371907367e+03 1.044510895001141826e+01 1.271758618970169176e-03
3.258793931344958764e+03 1.044264441607210969e+01 1.269178198227351780e-03
3.258796246318242993e+03 1.044168585558183437e+01 1.267850551267775622e-03
3.258798561291292572e+03 1.044120660664065880e+01 1.266328122350293900e-03
3.258800876264343060e+03 1.044219802885988990e+01 1.267885922148926942e-03
3.258803191237627289e+03 1.044027646708169677e+01 1.264914959176185755e-03
3.258805506210676867e+03 1.044279731256059840e+01 1.268522388655145402e-03
3.258807821183728265e+03 1.044149945491519027e+01 1.266534007224558774e-03
3.258810136156778754e+03 1.044264692075434375e+01 1.268121799073419504e-03
3.258812451129595956e+03 1.044347377350609030e+01 1.269138648554723548e-03
3.258814766102647809e+03 1.044448019261367477e+01 1.269562952671348180e-03
3.258817081075698297e+03 1.044585322102662772e+01 1.271780462856306583e-03
3.258819396048515046e+03 1.044646763026583258e+01 1.271677368436195318e-03
3.258821711021565989e+03 1.044515149323413716e+01 1.270291506280958778e-03
3.258824025994383192e+03 1.044339145485741760e+01 1.268396409453967887e-03
3.258826340967200849e+03 1.044674479389027510e+01 1.272326176955111427e-03
3.258828655940018962e+03 1.044605656002022087e+01 1.271920251894152840e-03
3.258830970912837074e+03 1.044557351986318672e+01 1.270170699643175796e-03
3.258833285885654732e+03 1.044333113785776135e+01 1.267630710425843646e-03
3.258835600858473299e+03 1.044528854694157260e+01 1.270281238763907141e-03
3.258837915831290502e+03 1.044488173686080756e+01 1.269170657506260612e-03
3.258840230803874874e+03 1.044676237410805442e+01 1.270799478021200071e-03
3.258842545776692987e+03 1.044519024516682393e+01 1.270808836893940873e-03
3.258844860749278268e+03 1.044588613881623118e+01 1.270379996943084592e-03
3.258847175722095017e+03 1.044776989267639244e+01 1.272822421358746131e-03
3.258849490694680753e+03 1.044549836140250321e+01 1.269687283005880045e-03
3.258851805667265580e+03 1.044661925465047325e+01 1.271055970269263039e-03
3.258854120639850407e+03 1.044750749123090472e+01 1.271584448676443520e-03
3.258856435612435234e+03 1.044848724661192385e+01 1.272517794532795161e-03
3.258858750585020061e+03 1.044743172642598594e+01 1.271421719589728308e-03
3.258861065557604888e+03 1.044426257824584603e+01 1.268803959131290437e-03
3.258863380529956885e+03 1.044644379288745739e+01 1.270076892027149820e-03
3.258865695502541712e+03 1.044903693548052104e+01 1.273374012269475226e-03
3.258868010474894618e+03 1.045094114852550149e+01 1.275212309689166415e-03
3.258870325447479445e+03 1.044740587026987022e+01 1.271492134350395110e-03
3.258872640419830987e+03 1.044936907729598374e+01 1.272678141835345078e-03
3.258874955392183438e+03 1.044820062189271503e+01 1.271833301666601629e-03
3.258877270364535434e+03 1.044985153989998317e+01 1.273515639543565045e-03
3.258879585336886976e+03 1.044965305456862481e+01 1.274667969686138621e-03
3.258881900309239427e+03 1.045083732368655838e+01 1.274356895823224554e-03
3.258884215281591423e+03 1.044814211892308364e+01 1.271254597477514819e-03
3.258886530253943874e+03 1.044945250162322026e+01 1.273349446420396752e-03
3.258888845226064404e+03 1.044985600213451349e+01 1.273258922819839626e-03
3.258891160198414582e+03 1.045021277134967086e+01 1.273306366683317481e-03
3.258893475170534657e+03 1.044964135092967439e+01 1.273206081389566344e-03
3.258895790142886653e+03 1.045131703716209870e+01 1.274466968248296785e-03
3.258898105115005819e+03 1.045058593040320183e+01 1.273407906254094175e-03
3.258900420087124985e+03 1.045565813854430282e+01 1.279222963444716582e-03
3.258902735059244151e+03 1.045286753119700229e+01 1.275893617601140317e-03
3.258905050031364226e+03 1.045244953129004450e+01 1.275335771135475407e-03
3.258907365003483392e+03 1.044966126861752542e+01 1.271871564667941467e-03
3.258909679975602558e+03 1.044930304989415326e+01 1.272315644891640297e-03
3.258911994947488893e+03 1.045278961214286184e+01 1.275517931043972921e-03
3.258914309919608058e+03 1.045515654911264214e+01 1.278362125245180014e-03
3.258916624891494394e+03 1.045454073454983046e+01 1.277545895891318969e-03
3.258918939863612650e+03 1.045476603540729599e+01 1.277580161460567737e-03
3.258921254835499894e+03 1.045070142026418125e+01 1.272875895328421996e-03
3.258923569807387139e+03 1.045401857736369244e+01 1.276350610522630812e-03
3.258925884779272565e+03 1.045537336314066756e+01 1.278565649657732294e-03
3.258928199751391730e+03 1.045341534373070935e+01 1.275379423195401995e-03
3.258930514723045235e+03 1.045298521583071505e+01 1.276164079967243318e-03
3.258932829694931570e+03 1.045181443583929948e+01 1.273976240330385165e-03
3.258935144666817905e+03 1.045339440246393892e+01 1.275419920471038224e-03
3.258937459638704240e+03 1.045231234345978422e+01 1.273838017068792570e-03
3.258939774610357745e+03 1.045185735998020604e+01 1.274463146625334905e-03
3.258942089582244989e+03 1.045448020976784775e+01 1.277034815691175220e-03
3.258944404553898949e+03 1.045090435789160388e+01 1.272937488475079639e-03
3.258946719525552908e+03 1.045339432055916618e+01 1.276569736628063202e-03
3.258949034497438333e+03 1.045415967864397011e+01 1.276808154961936014e-03
3.258951349469091838e+03 1.045287597588682971e+01 1.275226212970492334e-03
3.258953664440746252e+03 1.045305442004937824e+01 1.275706901780402237e-03
3.258955979412398847e+03 1.045128933691139572e+01 1.273258919258820308e-03
3.258958294383819975e+03 1.044995330125328081e+01 1.272563065448027416e-03
3.258960609355473935e+03 1.045335920808758701e+01 1.275406129406621899e-03
3.258962924327128349e+03 1.045115135900049097e+01 1.273309597346626619e-03
3.258965239298548113e+03 1.045133113646122425e+01 1.273901212549665611e-03
3.258967554270201617e+03 1.044913591243758688e+01 1.271594568773736465e-03
3.258969869241622291e+03 1.045051164063892557e+01 1.272897970897513909e-03
3.258972184213042965e+03 1.045433267923682408e+01 1.277529368462013842e-03
3.258974499184697379e+03 1.045095258677883265e+01 1.273524799432005890e-03
3.258976814156117143e+03 1.045022043898926256e+01 1.273486937471731860e-03
3.258979129127538727e+03 1.045189414427084706e+01 1.275371659976912934e-03
3.258981444098960310e+03 1.044691602044443712e+01 1.270747170322756138e-03
3.258983759070147244e+03 1.045159326647518938e+01 1.274743344728200686e-03
3.258986074041567917e+03 1.045125865897299988e+01 1.275487555953545415e-03
3.258988389012988591e+03 1.044674314264946169e+01 1.270067369462127716e-03
3.258990703984176434e+03 1.044767650378130419e+01 1.271580549831063511e-03
3.258993018955596199e+03 1.044708174976647186e+01 1.271847640517958979e-03
3.258995333926784951e+03 1.045054794674021181e+01 1.274331901217000840e-03
3.258997648898206080e+03 1.044719443561447392e+01 1.271775085796190410e-03
3.258999963869394378e+03 1.044590529572109361e+01 1.270464076263444139e-03
3.259002278840582221e+03 1.044454448175181405e+01 1.269162572282206761e-03
3.259004593811770064e+03 1.044064608942221994e+01 1.265519961935452622e-03
3.259006908782957908e+03 1.044233454864259336e+01 1.267046659130711571e-03
3.259009223754145751e+03 1.044540662712118895e+01 1.271049311716767856e-03
3.259011538725100763e+03 1.044298436254513618e+01 1.268340734342437732e-03
3.259013853696287697e+03 1.044281654373944512e+01 1.268081316216456778e-03
3.259016168667476904e+03 1.044152952182021998e+01 1.267182740941045008e-03
3.259018483638433281e+03 1.043839834179471637e+01 1.263386238104926857e-03
3.259020798609620215e+03 1.044096100938222804e+01 1.267746620974529110e-03
3.259023113580575227e+03 1.044085786990202180e+01 1.268332965673472663e-03
3.259025428551530240e+03 1.043722469328424829e+01 1.263726803572796150e-03
3.259027743522485252e+03 1.044024786641561064e+01 1.267027037162470797e-03
3.259030058493440265e+03 1.043586691666483190e+01 1.262408506645031720e-03
3.259032373464395278e+03 1.043804114422623996e+01 1.265358286299531889e-03
3.259034688435350290e+03 1.043623078865556941e+01 1.264158112344617585e-03
3.259037003406306212e+03 1.043526440999699645e+01 1.263468108229903134e-03
3.259039318377261225e+03 1.043409947143826422e+01 1.261858352887562087e-03
3.259041633347983407e+03 1.043179752411957395e+01 1.260207219782984731e-03
3.259043948318937964e+03 1.043336362926551075e+01 1.262068870111719742e-03
3.259046263289660601e+03 1.043160799184846610e+01 1.259932451409559537e-03
3.259048578260614704e+03 1.043030173858338294e+01 1.259511264029330568e-03
3.259050893231337795e+03 1.043016987901245152e+01 1.259531090031114874e-03
3.259053208202060887e+03 1.042886386830804923e+01 1.258287659345421871e-03
3.259055523172783069e+03 1.042591187593973601e+01 1.255269341716947103e-03
3.259057838143505251e+03 1.042797173209039663e+01 1.257129471074788828e-03
3.259060153114227433e+03 1.042685821511754440e+01 1.256814176171342249e-03
3.259062468084948705e+03 1.042876839398296518e+01 1.259366491580332474e-03
3.259064783055671796e+03 1.042514231823022186e+01 1.255295348002113042e-03
3.259067098026393978e+03 1.042388856134429176e+01 1.254350251159849642e-03
3.259069412996883329e+03 1.042447939948628743e+01 1.254192269910466267e-03
3.259071727967605057e+03 1.042357275903087910e+01 1.254506407682787336e-03
3.259074042938095772e+03 1.041967121025512988e+01 1.250079379267321836e-03
3.259076357908817499e+03 1.042237350405905971e+01 1.253620392574046616e-03
3.259078672879306396e+03 1.042311766535955186e+01 1.254438076614321738e-03
3.259080987849795747e+03 1.042116085786267377e+01 1.253065491114906159e-03
3.259083302820285098e+03 1.041984732809789271e+01 1.251815104986660730e-03
3.259085617790774450e+03 1.042191864150169067e+01 1.253972952926386787e-03
3.259087932761263801e+03 1.041896199952109470e+01 1.250737194513347299e-03
3.259090247731754062e+03 1.041634806244525713e+01 1.248822526839843362e-03
3.259092562702244322e+03 1.041998534541557220e+01 1.251964893621082021e-03
3.259094877672732764e+03 1.041489411250529429e+01 1.247582645239123317e-03
3.259097192642990194e+03 1.041450959311117153e+01 1.247067678395310337e-03
3.259099507613478636e+03 1.041489945140059170e+01 1.247311481650986102e-03
3.259101822583735157e+03 1.041403629788461238e+01 1.247564385495829320e-03
3.259104137554225417e+03 1.041402703151850240e+01 1.247556292621991017e-03
3.259106452524481028e+03 1.041449960463858737e+01 1.247513775596899646e-03
3.259108767494738458e+03 1.041301925466833111e+01 1.246529823006477548e-03
3.259111082464995889e+03 1.041382945228438217e+01 1.247207546374931803e-03
3.259113397435484330e+03 1.041293438158739093e+01 1.246000455819195251e-03
3.259115712405740851e+03 1.041121505798045277e+01 1.244331483924226208e-03
3.259118027375764996e+03 1.041324069499567528e+01 1.247114413789078427e-03
3.259120342346021062e+03 1.041048099750228850e+01 1.243658282099746474e-03
3.259122657316278037e+03 1.041332484145674364e+01 1.247553208890159497e-03
3.259124972286534103e+03 1.041207854949433198e+01 1.246013041617141399e-03
3.259127287256558702e+03 1.041083448721832028e+01 1.244560311166724356e-03
3.259129602226815223e+03 1.041326603103692072e+01 1.248161395466739453e-03
3.259131917196839822e+03 1.040950251183477171e+01 1.243967460806556227e-03
3.259134232167095433e+03 1.041081289363386198e+01 1.245137875206154838e-03
3.259136547137119123e+03 1.041221896398569058e+01 1.246596806269639150e-03
3.259138862107143723e+03 1.040887028196889830e+01 1.243355812115896474e-03
3.259141177077399334e+03 1.040992618773782574e+01 1.244604571770813271e-03
3.259143492047423024e+03 1.040890116438278135e+01 1.243521265226889532e-03
3.259145807017448078e+03 1.041066037708717751e+01 1.246643754441146895e-03
3.259148121987472223e+03 1.040856559586707064e+01 1.243904800268194263e-03
3.259150436957494094e+03 1.040762171879339171e+01 1.242270866971470706e-03
3.259152751927285863e+03 1.040809900437210089e+01 1.243814063885070181e-03
3.259155066897309553e+03 1.040638535077150273e+01 1.241422116833813078e-03
3.259157381867333243e+03 1.040953995346873562e+01 1.244928411705393482e-03
3.259159696837124102e+03 1.040831342093633616e+01 1.243538674171454318e-03
3.259162011807147792e+03 1.040450253486494780e+01 1.239380324302784275e-03
3.259164326776938651e+03 1.040746208920608851e+01 1.243208871434300792e-03
3.259166641746963251e+03 1.040922218253822251e+01 1.244945186161742394e-03
3.259168956716754110e+03 1.040283072214699622e+01 1.238940719727301635e-03
3.259171271686544515e+03 1.040771502196818155e+01 1.243918552370210659e-03
3.259173586656335829e+03 1.040716847429493619e+01 1.243217554484091474e-03
3.259175901626126688e+03 1.040666538790372897e+01 1.243084218600157926e-03
3.259178216595916638e+03 1.040377786050386177e+01 1.240070564537144914e-03
3.259180531565707952e+03 1.040581577060604523e+01 1.241669765796166646e-03
3.259182846535500175e+03 1.040375490705730854e+01 1.240008163356551936e-03
3.259185161505291035e+03 1.040246198362324037e+01 1.238997898306423966e-03
3.259187476475081894e+03 1.040341869138650921e+01 1.239692093136838223e-03
3.259189791444639923e+03 1.040284444447974721e+01 1.239554890554033211e-03
3.259192106414430782e+03 1.040297228172096133e+01 1.238415179855680568e-03
3.259194421383988811e+03 1.040431017397708224e+01 1.240080654582298696e-03
3.259196736353779670e+03 1.040293890935339860e+01 1.239447612033314295e-03
3.259199051323337699e+03 1.040404641922949835e+01 1.239894009827024893e-03
3.259201366293129013e+03 1.040570156812345992e+01 1.241766438631546933e-03
3.259203681262688406e+03 1.040364615181887231e+01 1.239591577489364011e-03
3.259205996232244615e+03 1.040112152788876365e+01 1.237141715096471382e-03
3.259208311201802644e+03 1.040428765200057448e+01 1.240283608987236951e-03
3.259210626171361582e+03 1.040457615044826944e+01 1.241283938145266042e-03
3.259212941140918701e+03 1.040481296501743280e+01 1.240397793861255015e-03
3.259215256110477640e+03 1.040290530216532261e+01 1.239107973580369677e-03
3.259217571080035668e+03 1.040333272019467259e+01 1.239188663893366288e-03
3.259219886049593697e+03 1.040257172327991597e+01 1.239008656124558107e-03
3.259222201019152635e+03 1.040117565976225578e+01 1.237304168166950902e-03
3.259224515988477833e+03 1.040438803831389869e+01 1.241282001922035250e-03
3.259226830958035862e+03 1.040338245635379266e+01 1.239653781999393908e-03
3.259229145927361060e+03 1.040535408581011367e+01 1.241866494405016166e-03
3.259231460896919089e+03 1.040075477472982257e+01 1.236938431478017738e-03
3.259233775866244287e+03 1.040129501002700252e+01 1.238125943433209452e-03
3.259236090835801406e+03 1.040238582920948218e+01 1.238935254691203710e-03
3.259238405805127513e+03 1.040469111349332820e+01 1.240666030085956157e-03
3.259240720774452711e+03 1.040325729816962586e+01 1.239690605403119886e-03
3.259243035744010740e+03 1.040334394750022717e+01 1.239954535673779131e-03
3.259245350713335938e+03 1.040311316507502681e+01 1.238936131049444894e-03
3.259247665682661136e+03 1.040138295346624275e+01 1.238636281813021694e-03
3.259249980651986334e+03 1.040440942217514042e+01 1.240675119814637056e-03
3.259252295621311987e+03 1.040181296959027435e+01 1.237983940018851613e-03
3.259254610590636730e+03 1.040028340345074476e+01 1.236467441539269331e-03
3.259256925559962838e+03 1.040434436268738772e+01 1.240654592397192170e-03
3.259259240529055205e+03 1.040205242569611066e+01 1.238146245406012433e-03
3.259261555498381313e+03 1.040435801553729611e+01 1.241292586746352202e-03
3.259263870467705601e+03 1.040520485321126287e+01 1.242799492746057008e-03
3.259266185436797969e+03 1.040504457768663649e+01 1.241368879630459689e-03
3.259268500406123167e+03 1.040176154763405947e+01 1.238068082113669100e-03
3.259270815375215534e+03 1.040661526794936975e+01 1.243629283479474055e-03
3.259273130344540732e+03 1.040352893117710842e+01 1.239904012603733384e-03
3.259275445313634009e+03 1.040515751471933470e+01 1.241439364983895535e-03
3.259277760282959207e+03 1.040577228030270440e+01 1.242509681941451590e-03
3.259280075252052029e+03 1.040497382261552417e+01 1.240977524369446397e-03
3.259282390221144851e+03 1.040558317394434518e+01 1.242497295468910365e-03
3.259284705190236309e+03 1.040347917623536311e+01 1.239349305721698007e-03
3.259287020159561962e+03 1.040379005735966089e+01 1.239600479225783178e-03
3.259289335128654784e+03 1.040202712923309392e+01 1.238076588804184726e-03
3.259291650097746242e+03 1.040459290861196173e+01 1.240668848831118784e-03
3.259293965066839519e+03 1.040394086769040882e+01 1.240166093902701164e-03
3.259296280035932796e+03 1.040621229540636961e+01 1.243274929764553050e-03
3.259298595005024254e+03 1.040708133179559525e+01 1.244222921461802384e-03
3.259300909973883790e+03 1.040650942086419839e+01 1.242973204925423500e-03
3.259303224942976158e+03 1.040324469206344560e+01 1.239770890856164509e-03
3.259305539912068525e+03 1.040535356681054324e+01 1.242784800166281140e-03
3.259307854881160893e+03 1.040536898838248803e+01 1.242967394747068353e-03
3.259310169850021339e+03 1.040188385119174797e+01 1.239427696149774088e-03
3.259312484819113706e+03 1.040323345108450326e+01 1.241316735503178448e-03
3.259314799788206528e+03 1.040738859833597552e+01 1.245977364391882228e-03
3.259317114757065610e+03 1.040384382103603400e+01 1.242737605363170017e-03
3.259319429726157978e+03 1.040722159781583578e+01 1.246940128064363135e-03
3.259321744695017969e+03 1.040613752514526880e+01 1.246130383348837941e-03
3.259324059663877506e+03 1.040721336817568954e+01 1.248402813740418166e-03
3.259326374632969419e+03 1.040431217485956950e+01 1.246799997718739915e-03
3.259328689601828501e+03 1.040708732685443039e+01 1.251062650804681898e-03
3.259331004570688947e+03 1.040375671277983116e+01 1.247851247807978256e-03
3.259333319539781769e+03 1.040848771165742370e+01 1.253411930292174740e-03
3.259335634508641306e+03 1.040707678696120198e+01 1.253462533382635911e-03
3.259337949477500842e+03 1.040547520161737438e+01 1.252212303040072146e-03
3.259340264446360379e+03 1.040508884008303880e+01 1.253450284449496646e-03
3.259342579415219461e+03 1.040147123854721656e+01 1.261763583134470779e-03
3.259344894384078998e+03 1.040111741677719692e+01 1.251800869611861431e-03
3.259347209352938989e+03 1.040646239516968841e+01 1.257087575226287224e-03
3.259349524321798981e+03 1.040432120955152762e+01 1.256553790541563081e-03
3.259351839290658972e+03 1.040747762661584730e+01 1.261214244016483103e-03
3.259354154259518509e+03 1.040501148359485484e+01 1.259152759403792598e-03
3.259356469228377136e+03 1.040438341314207804e+01 1.259084412823645435e-03
3.259358784197236673e+03 1.040260036208630900e+01 1.259297089988212128e-03
3.259361099165864289e+03 1.040722254928675383e+01 1.264491014695880546e-03
3.259363414134723826e+03 1.040478813275436742e+01 1.263416025212663833e-03
3.259365729103583362e+03 1.040485636425378679e+01 1.264786532390312990e-03
3.259368044072443809e+03 1.040251366999622817e+01 1.262144364479425357e-03
3.259370359041069605e+03 1.040491818976442673e+01 1.265565272137998947e-03
3.259372674009930051e+03 1.040476348107257643e+01 1.266704287304343951e-03
3.259374988978556758e+03 1.040628678783529004e+01 1.269327336749296849e-03
3.259377303947416294e+03 1.040121876478084673e+01 1.265029868864165708e-03
3.259379618916275831e+03 1.040378723879889300e+01 1.268769463748752394e-03
3.259381933884902537e+03 1.040628262106026725e+01 1.272292452605222569e-03
3.259384248853529243e+03 1.040695657496761584e+01 1.273711627479558834e-03
3.259386563822389689e+03 1.040620976668713737e+01 1.274124716555295094e-03
3.259388878791017305e+03 1.040675218627166743e+01 1.276525318099238715e-03
3.259391193759875478e+03 1.039977286892415442e+01 1.269296782910783782e-03
3.259393508728502638e+03 1.040441964325357560e+01 1.276137512791070995e-03
3.259395823697129345e+03 1.040275435416340244e+01 1.275130046240056676e-03
3.259398138665988881e+03 1.039798031113584997e+01 1.271906651250504861e-03
3.259400453634614678e+03 1.039915907429170971e+01 1.273603727436987704e-03
3.259402768603242293e+03 1.040089184849694881e+01 1.277526591156544905e-03
3.259405083571869000e+03 1.040042770029857166e+01 1.278839175917155556e-03
3.259407398540729446e+03 1.040364001141134409e+01 1.282981311994255396e-03
3.259409713509356152e+03 1.039754366745031255e+01 1.278317156125270432e-03
3.259412028477982858e+03 1.040178754381273940e+01 1.284341617406800423e-03
3.259414343446608655e+03 1.040004622143419866e+01 1.283768775482847443e-03
3.259416658415236270e+03 1.040026292501300276e+01 1.285900591345507478e-03
3.259418973383862522e+03 1.040118825000001301e+01 1.288244060374229508e-03
3.259421288352722058e+03 1.039871720753522588e+01 1.287410224773649896e-03
3.259423603321350129e+03 1.039971624227673708e+01 1.289907874032273716e-03
3.259425918289976835e+03 1.039756296529268909e+01 1.288103184843312392e-03
3.259428233258602631e+03 1.040032530864717053e+01 1.293292317402954536e-03
3.259430548227230247e+03 1.039905994285943081e+01 1.293681399149707294e-03
3.259432863195856498e+03 1.040143644714482640e+01 1.297877591975152723e-03
3.259435178164482750e+03 1.039850012767599807e+01 1.296441780339753491e-03
3.259437493133110365e+03 1.039826531257390663e+01 1.297713540113309798e-03
3.259439808101736162e+03 1.039878983771169452e+01 1.300161054220809465e-03
3.259442123070363778e+03 1.039879360808120268e+01 1.300960180991635835e-03
3.259444438038757653e+03 1.039346400237073276e+01 1.297293601226906946e-03
3.259446753007385269e+03 1.039619480589760769e+01 1.301762329933095529e-03
3.259449067976011065e+03 1.039875182369303097e+01 1.305409288642946997e-03
3.259451382944637771e+03 1.039871158318098310e+01 1.307609167700644979e-03
3.259453697913265387e+03 1.039350890898404245e+01 1.303395385381844220e-03
3.259456012881891183e+03 1.039499699154380252e+01 1.307367814107622929e-03
3.259458327850517890e+03 1.039325597073463214e+01 1.306009437340544541e-03
3.259460642819145960e+03 1.039638449590169600e+01 1.310847753602005636e-03
3.259462957787772211e+03 1.039278633324830992e+01 1.308963236443432118e-03
3.259465272756166087e+03 1.039617648547868356e+01 1.314260523207736288e-03
3.259467587724793702e+03 1.039192353280693482e+01 1.311632729986409937e-03
3.259469902693419499e+03 1.039527872724764102e+01 1.316556488685748528e-03
3.259472217662046205e+03 1.039364922822361237e+01 1.316831489392489502e-03
3.259474532630673821e+03 1.039542962456228636e+01 1.320267893512783912e-03
3.259476847599299617e+03 1.039377735798061053e+01 1.320120404765811727e-03
3.259479162567694402e+03 1.039678279148214379e+01 1.324858388808073132e-03
3.259481477536322018e+03 1.039295449263620519e+01 1.321909911975112416e-03
3.259483792504947814e+03 1.039192262443777715e+01 1.322809622006650924e-03
3.259486107473574975e+03 1.038761845644699378e+01 1.319228326035931957e-03
3.259488422442201227e+03 1.039372892865433684e+01 1.327988126696477960e-03
3.259490737410595102e+03 1.039305788126132768e+01 1.328834432076788936e-03
3.259493052379221808e+03 1.038955942935166910e+01 1.326778779299951638e-03
3.259495367347849424e+03 1.038836586305866660e+01 1.327273771979277286e-03
3.259497682316475220e+03 1.038865325885956814e+01 1.329142424643189272e-03
3.259499997285102836e+03 1.038675798386367433e+01 1.329309466912379943e-03
3.259502312253496711e+03 1.038995054352274394e+01 1.334970678920088761e-03
3.259504627222123418e+03 1.038946153781023440e+01 1.336328867745123494e-03
3.259506942190750124e+03 1.038669548715185798e+01 1.335539463497322724e-03
3.259509257159377739e+03 1.038804701416377796e+01 1.339282871672613879e-03
3.259511572128003536e+03 1.038848438854055267e+01 1.342377195502770073e-03
3.259513887096630242e+03 1.038581493146875445e+01 1.340197755402209971e-03
3.259516202065257858e+03 1.038562940890173536e+01 1.342504065540837737e-03
3.259518517033651733e+03 1.038584232099159266e+01 1.345817005507479042e-03
3.259520832002279349e+03 1.038599229362087684e+01 1.347829348741226910e-03
3.259523146970905145e+03 1.038131425912083827e+01 1.344795950619582159e-03
3.259525461939531851e+03 1.038202758927607761e+01 1.347872013880951902e-03
3.259527776908159012e+03 1.037998686202549337e+01 1.347827986233803401e-03
3.259530091876786173e+03 1.038527813157537949e+01 1.356096664752710988e-03
3.259532406845411970e+03 1.038127500550030469e+01 1.353967957719300107e-03
3.259534721814039585e+03 1.037878930010329270e+01 1.353024653499914753e-03
3.259537036782667201e+03 1.037903296550674526e+01 1.356466400751608079e-03
