2.500803617604633018e+03 1.054494438063643891e+01 7.575430384373878830e-04
2.500866123838120984e+03 1.052523744283159779e+01 7.487885739680755562e-04
2.500949465478776347e+03 1.050755059593573471e+01 7.414297452967347473e-04
2.501032807113379022e+03 1.051060429133871921e+01 7.422342625141523792e-04
2.501039752249294907e+03 1.051175492316000870e+01 7.427570087235256220e-04
2.501053642521011170e+03 1.051463671674679290e+01 7.440778512305158687e-04
2.501060587656694224e+03 1.051572570748473545e+01 7.444904197168241171e-04
2.501067532792493694e+03 1.051882011772575787e+01 7.461080856875810467e-04
2.501081423063743387e+03 1.052042759771983249e+01 7.468492533961328030e-04
2.501088368199310480e+03 1.052068676788956658e+01 7.469395722943001237e-04
2.501095313334877574e+03 1.052178875125895630e+01 7.471839456052606571e-04
2.501102258470327797e+03 1.052371129988608445e+01 7.480782332284081600e-04
2.501116148741112738e+03 1.052593250234721012e+01 7.494665378802334733e-04
2.501130039011663939e+03 1.052801239898052188e+01 7.501647088610890720e-04
2.501136984146881332e+03 1.053008686398437099e+01 7.512264006144331405e-04
2.501143929282098725e+03 1.052902607779320832e+01 7.502612268039110521e-04
2.501164764687169736e+03 1.053231223001927397e+01 7.517844802243238726e-04
2.501171709822154298e+03 1.053210063297993315e+01 7.513910881771655639e-04
2.501185600091774631e+03 1.053579234532955944e+01 7.534630889077591990e-04
2.501220325765068083e+03 1.053393575199124932e+01 7.527026007217028003e-04
2.501234216033991288e+03 1.053367607649294690e+01 7.524241537806662791e-04
2.501241161168276903e+03 1.053261697489537063e+01 7.521184443117776616e-04
2.501248106302679389e+03 1.053030158638058111e+01 7.507743484692794246e-04
2.501255051436849499e+03 1.052942224348420730e+01 7.505006127851237240e-04
2.501261996571019608e+03 1.052806654468427539e+01 7.501240528521997382e-04
2.501296722241169846e+03 1.051677247927630177e+01 7.451539545426739877e-04
2.501303667374991164e+03 1.051378761462609468e+01 7.439648539923546505e-04
2.501317557642399606e+03 1.050767648263456522e+01 7.411952816753770816e-04
2.501359228443343909e+03 1.048896503623740095e+01 7.332817709450289686e-04
2.501366173576698202e+03 1.048620067465322059e+01 7.320948132584205416e-04
2.501373118709937444e+03 1.048323637043107759e+01 7.305654764403392981e-04
2.501387008976181278e+03 1.047960889580144617e+01 7.294001618322892714e-04
2.501393954109186780e+03 1.047666080533540267e+01 7.278007667214561995e-04
2.501400899242192281e+03 1.047541208748558539e+01 7.273821922194062409e-04
2.501407844375082277e+03 1.047407058746371789e+01 7.270020343498567565e-04
2.501414789507854948e+03 1.047285607799364193e+01 7.264081247564538671e-04
2.501428679773400290e+03 1.046917700635601634e+01 7.245761118039742779e-04
2.501449515171136227e+03 1.046831412838687925e+01 7.244580546555214095e-04
2.501456460303561016e+03 1.046785802548413180e+01 7.246053053074965342e-04
2.501463405435984896e+03 1.046591512810540792e+01 7.233064703081618302e-04
2.501470350568291906e+03 1.046540876054510427e+01 7.230942531382739862e-04
2.501477295700598461e+03 1.046660894937046571e+01 7.238119387291504963e-04
2.501491185964865053e+03 1.046583670218856632e+01 7.233314771953826185e-04
2.501505076229012502e+03 1.046702825450838681e+01 7.240547540175417806e-04
2.501525911624654327e+03 1.046870569019305286e+01 7.244990659426085548e-04
2.501532856756379260e+03 1.046799901442941128e+01 7.242198629041735839e-04
2.501539801888104648e+03 1.047022159544018827e+01 7.252938940867734857e-04
2.501546747019714076e+03 1.046972866349931408e+01 7.246777680641189930e-04
2.501553692151204814e+03 1.047036667623608963e+01 7.252021282825143718e-04
2.501560637282696916e+03 1.047210499209786860e+01 7.259136862319666645e-04
2.501567582414189928e+03 1.047200032328356123e+01 7.259490124952898893e-04
2.501574527545450110e+03 1.047366368004012749e+01 7.265338612416150435e-04
2.501581472676825797e+03 1.047364318298556540e+01 7.264103207895990190e-04
2.501588417807967744e+03 1.047338748321720381e+01 7.259081665704369577e-04
2.501595362939111510e+03 1.047697579240272070e+01 7.278503300779251084e-04
2.501602308070255276e+03 1.047681799123214041e+01 7.277613284860559020e-04
2.501609253201280808e+03 1.047731904723199392e+01 7.279411434742841724e-04
2.501616198332190834e+03 1.047701988705580689e+01 7.275287656395894526e-04
2.501623143463101769e+03 1.048000594534587648e+01 7.295241748136945025e-04
2.501630088594012705e+03 1.047953013541824419e+01 7.289765234418771854e-04
2.501643978855366186e+03 1.048138966125727656e+01 7.298015947744006032e-04
2.501650923986044290e+03 1.048173239758413722e+01 7.300664813485047014e-04
2.501657869116605980e+03 1.048242050998088182e+01 7.303776799243271714e-04
2.501664814247049435e+03 1.048346706466705314e+01 7.308604650301788125e-04
2.501671759377493345e+03 1.048201811247893467e+01 7.297443209000383652e-04
2.501678704507822658e+03 1.048160467901172410e+01 7.296403392550997484e-04
2.501685649638151517e+03 1.048349567420085293e+01 7.308709399253320114e-04
2.501692594768363051e+03 1.048201337389991039e+01 7.295299789053965494e-04
2.501699539898573676e+03 1.048267615818483378e+01 7.299558472409645735e-04
2.501706485028669704e+03 1.048442386032646567e+01 7.311941449814027575e-04
2.501713430158649317e+03 1.048254031594879621e+01 7.303506823282304283e-04
2.501720375288627110e+03 1.048340723677098296e+01 7.307200557861718215e-04
2.501727320418489398e+03 1.048106608459357147e+01 7.292995905132975331e-04
2.501734265548352596e+03 1.048091575757223914e+01 7.289968497603921361e-04
2.501741210678098923e+03 1.048134921224804295e+01 7.298377251311946720e-04
2.501748155807845251e+03 1.048143904442946628e+01 7.300350697157979938e-04
2.501755100937357383e+03 1.047787781059003009e+01 7.279119713902320633e-04
2.501762046066987750e+03 1.047751399805272143e+01 7.282831262369969094e-04
2.501768991196500792e+03 1.047725932925734682e+01 7.283033355504306720e-04
2.501775936325896964e+03 1.047461578128374349e+01 7.269046339256995904e-04
2.501782881455177630e+03 1.047299249856414427e+01 7.262985859911601141e-04
2.501789826584458751e+03 1.046900445302515692e+01 7.239747325945481262e-04
2.501796771713738963e+03 1.046796335680490131e+01 7.236637657341138527e-04
2.501803716842902759e+03 1.046561988950930555e+01 7.230768388113867915e-04
2.501810661971950140e+03 1.046375979061360617e+01 7.222897035706664446e-04
2.501817607100997975e+03 1.046275663752288310e+01 7.221026607815412115e-04
2.501824552229930305e+03 1.045850602471027990e+01 7.198610441904681502e-04
2.501831497358743945e+03 1.045766782772645165e+01 7.199938169041427902e-04
2.501838442487558495e+03 1.045303900482366011e+01 7.174417790961290595e-04
2.501845387616373500e+03 1.045094310948288197e+01 7.164946416095790797e-04
2.501852332745072090e+03 1.044724180266910096e+01 7.148898687437190173e-04
2.501859277873653355e+03 1.044636301357125419e+01 7.147294392570671282e-04
2.501866223002119114e+03 1.044487260219749025e+01 7.144572147662937725e-04
2.501873168130584418e+03 1.044322434801087418e+01 7.138785486717895727e-04
2.501880113259051086e+03 1.044161344551711323e+01 7.131990346711608803e-04
2.501887058387399065e+03 1.043785128519405347e+01 7.114906672051727905e-04
2.501894003515631994e+03 1.043536869012060997e+01 7.104049143087118410e-04
2.501900948643864922e+03 1.043401622539570717e+01 7.099743205602811625e-04
2.501907893771980980e+03 1.043069651331614622e+01 7.084521904081257215e-04
2.501914838899980623e+03 1.042936462494299832e+01 7.079136229923582322e-04
2.501921784027979811e+03 1.042674856615964352e+01 7.066376632802162097e-04
2.501928729155980363e+03 1.042444150774747769e+01 7.055615625664189618e-04
2.501935674283864955e+03 1.042444814641085848e+01 7.057996152291223227e-04
2.501942619411631313e+03 1.042300102051586030e+01 7.051574752169001035e-04
2.501949564539282164e+03 1.042361841305866221e+01 7.059104541118667309e-04
2.501956509666933016e+03 1.042316001578789475e+01 7.054670394106815189e-04
2.501963454794582958e+03 1.042372221495182316e+01 7.059216827191296898e-04
2.501970399922116940e+03 1.042338885554389094e+01 7.058324988674794312e-04
2.501977345049534961e+03 1.042117822904573821e+01 7.047052424727189013e-04
2.501984290176953436e+03 1.042023200107698599e+01 7.040289297633660045e-04
2.501991235304255042e+03 1.042237363356037072e+01 7.049678527830681484e-04
2.501998180431439323e+03 1.042290306999351124e+01 7.055831235059867659e-04
2.502005125558624513e+03 1.042157502366241495e+01 7.045704743454670512e-04
2.502012070685809704e+03 1.042271580452972479e+01 7.054395779868100850e-04
2.502019015812760699e+03 1.042182618977629893e+01 7.047788569108267816e-04
2.502025960939829474e+03 1.042499441546333117e+01 7.063488050074591103e-04
2.502032906066665419e+03 1.042570704339688525e+01 7.069450002120962386e-04
2.502039851193501363e+03 1.042682674222117178e+01 7.072403898911065268e-04
2.502046796320337307e+03 1.042665465711782602e+01 7.069129075997309091e-04
2.502053741446939057e+03 1.042584871966776916e+01 7.066019180940274038e-04
2.502060686573659495e+03 1.042531365684156164e+01 7.059637592238450238e-04
2.502067631700146194e+03 1.042674799342541370e+01 7.067300169811040547e-04
2.502074576826631983e+03 1.042899456715444373e+01 7.079486507299735058e-04
2.502081521953117772e+03 1.043049857218495724e+01 7.085075020194030833e-04
2.502088467079488510e+03 1.043043366271620798e+01 7.085620484900522886e-04
2.502095412205742377e+03 1.042966820784925197e+01 7.079303486942216698e-04
2.502102357331996245e+03 1.043127501758042719e+01 7.090050457122294312e-04
2.502109302458133243e+03 1.042945841026204690e+01 7.075431189612138572e-04
2.502116247584271150e+03 1.043158859585517284e+01 7.087525798997552700e-04
2.502123192710175317e+03 1.043275397335150245e+01 7.095050016814606663e-04
2.502130137836194990e+03 1.043313673737703517e+01 7.096603320481178210e-04
2.502137082962100521e+03 1.043157916679012054e+01 7.087051421709053773e-04
2.502144028087888728e+03 1.043205184302839861e+01 7.089827141421868291e-04
2.502150973213676480e+03 1.043169695819032405e+01 7.087149146488076930e-04
2.502157918339347816e+03 1.043424608551507227e+01 7.099223887030509583e-04
2.502164863464902737e+03 1.043608654355221965e+01 7.110500162736237964e-04
2.502178753715897074e+03 1.043596822291826065e+01 7.105835068217114265e-04
2.502185698841334670e+03 1.043587972942511577e+01 7.104527111392609567e-04
2.502192643966657670e+03 1.043844401259138621e+01 7.117173969819767538e-04
2.502199589091864254e+03 1.043703059121082966e+01 7.109123432423539862e-04
2.502206534217069930e+03 1.043835560102796300e+01 7.117502757358826204e-04
2.502213479342276514e+03 1.043989571263825589e+01 7.123252520154786703e-04
2.502220424467364865e+03 1.043848315474361677e+01 7.114949480048505257e-04
2.502227369592338619e+03 1.044076285936149695e+01 7.125233449777848994e-04
2.502234314717195048e+03 1.044006687648083798e+01 7.123852648101081445e-04
2.502241259842051477e+03 1.044294478128577452e+01 7.137601241583083327e-04
2.502248204966908361e+03 1.044240750360004988e+01 7.132107667683174968e-04
2.502255150091648375e+03 1.044287036069892416e+01 7.138187323671135297e-04
2.502262095216271973e+03 1.044273378213121184e+01 7.132577328005558232e-04
2.502269040340780066e+03 1.044169501595255944e+01 7.127795983386200516e-04
2.502275985465404119e+03 1.044289834313426901e+01 7.133281582414592679e-04
2.502282930589794432e+03 1.044224095011006881e+01 7.127245193946561653e-04
2.502289875714184745e+03 1.044730582190464929e+01 7.158718027337185579e-04
2.502296820838459553e+03 1.044422714423832410e+01 7.137653778888749167e-04
2.502303765962734360e+03 1.044318314803539316e+01 7.133833096206753949e-04
2.502310711086892297e+03 1.044358594568417509e+01 7.137562975523535939e-04
2.502317656211051599e+03 1.044098617872369950e+01 7.122003453065314880e-04
2.502324601335094030e+03 1.044032728643697361e+01 7.119281556154456779e-04
2.502331546459017773e+03 1.044043538472723576e+01 7.122986941180525213e-04
2.502338491582942879e+03 1.044081423215508053e+01 7.130122663876933267e-04
2.502345436706752935e+03 1.044043067765474042e+01 7.125882896866483690e-04
2.502352381830561171e+03 1.043861177010860608e+01 7.114371691891434746e-04
2.502359326954253902e+03 1.043739990533535789e+01 7.111247218660402946e-04
2.502366272077829308e+03 1.043665297455454599e+01 7.108434644929480760e-04
2.502373217201406533e+03 1.043752284521253948e+01 7.116218675240091815e-04
2.502380162324982848e+03 1.043483529518812070e+01 7.098980803250613120e-04
2.502387107448324969e+03 1.043416325362082020e+01 7.097142018476146471e-04
2.502394052571668453e+03 1.043367459951889309e+01 7.097425767758745339e-04
2.502400997695012848e+03 1.043310887610101645e+01 7.095669820544940566e-04
2.502407942818238553e+03 1.043377632184017401e+01 7.100253494319627278e-04
2.502414887941349207e+03 1.043121015393064077e+01 7.087482151432800744e-04
2.502421833064459406e+03 1.043078195687798448e+01 7.084728988504791032e-04
2.502428778187454554e+03 1.042930866484364216e+01 7.078531984685350505e-04
2.502435723310447884e+03 1.042778819309860872e+01 7.072313238389123973e-04
2.502442668433324798e+03 1.042644363582793865e+01 7.066315154722474512e-04
2.502449613556203531e+03 1.042705668006705189e+01 7.071532415964467029e-04
2.502456558678848069e+03 1.042643557234825558e+01 7.071613609259896037e-04
2.502463503801609022e+03 1.042440216275475429e+01 7.057502671964446545e-04
2.502470448924137600e+03 1.042240967816007746e+01 7.050854248762265840e-04
2.502477394046783047e+03 1.042333756523942156e+01 7.062082844140205994e-04
2.502484339169194755e+03 1.041883288426584464e+01 7.034328614221615041e-04
2.502491284291606007e+03 1.041813156726208334e+01 7.031295851904039839e-04
2.502498229414018169e+03 1.041867386694071662e+01 7.038417305592771078e-04
2.502505174536197501e+03 1.041556177829334118e+01 7.022423390126708576e-04
2.502512119658493248e+03 1.041456249016601276e+01 7.017271255435335482e-04
2.502519064780554800e+03 1.041296968746090634e+01 7.012010021563809059e-04
2.502526009902617261e+03 1.041118809009522117e+01 7.002789378377788235e-04
2.502532955024681087e+03 1.041222243529573888e+01 7.011824952555349971e-04
2.502539900146627588e+03 1.040911292792041287e+01 6.995909226665875981e-04
2.502546845268457218e+03 1.041022949298729650e+01 7.004151579366459882e-04
2.502553790390286849e+03 1.040850713617858680e+01 6.994945842526716822e-04
2.502560735512000520e+03 1.040664499704069001e+01 6.987459167345508662e-04
2.502567680633596865e+03 1.040746740752791766e+01 6.993517405316848753e-04
2.502574625755194575e+03 1.040403094677863471e+01 6.975034102804469113e-04
2.502581570876791375e+03 1.040373361409409902e+01 6.973976671855927883e-04
2.502588515998271760e+03 1.040356656424898318e+01 6.973414265127651866e-04
2.502595461119636184e+03 1.040224071930114569e+01 6.965994629430101014e-04
2.502602406241001063e+03 1.040427576049654768e+01 6.980692164923825611e-04
2.502609351362248162e+03 1.040139189835350209e+01 6.963815399628949659e-04
2.502616296483379301e+03 1.040094877079184421e+01 6.963649932826656338e-04
2.502623241604511350e+03 1.039983794456611754e+01 6.958189902015590516e-04
2.502630186725642943e+03 1.039985125028430168e+01 6.960248651462206705e-04
2.502637131846540797e+03 1.039692012102442398e+01 6.944311100904051277e-04
2.502644076967555975e+03 1.039787379857052763e+01 6.949495704837866652e-04
2.502651022088338323e+03 1.039731026357319443e+01 6.948009379872722470e-04
2.502657967209121125e+03 1.039819959037732389e+01 6.953285313834938960e-04
2.502664912329902563e+03 1.039714157119513693e+01 6.950015777429989451e-04
2.502671857450568496e+03 1.039819153042874511e+01 6.952245277658270634e-04
2.502678802571118013e+03 1.039757089834458093e+01 6.950827157310436296e-04
2.502685747691667075e+03 1.039607838686546870e+01 6.941682688189701207e-04
2.502692692812099267e+03 1.039678756387339753e+01 6.946156216757724822e-04
2.502699637932416408e+03 1.039556150135748958e+01 6.936435646183593089e-04
2.502706583052733549e+03 1.039752410470927124e+01 6.950797857422528689e-04
2.502713528173049781e+03 1.039725262493358215e+01 6.947604481161769735e-04
2.502720473293249597e+03 1.039692155413519004e+01 6.949800968466065708e-04
2.502727418413333908e+03 1.039910823152189856e+01 6.956886283267664549e-04
2.502734363533417309e+03 1.039665636928233994e+01 6.943563728462811158e-04
2.502741308653383385e+03 1.039774091306678905e+01 6.945463485113761038e-04
2.502748253773234410e+03 1.039744566393316916e+01 6.944710636699128739e-04
2.502755198893085890e+03 1.039757725787645448e+01 6.949533208196236869e-04
2.502762144012936915e+03 1.039832490272609533e+01 6.950421038398462174e-04
2.502769089132554654e+03 1.039928582821642600e+01 6.957263994031714785e-04
2.502776034252288355e+03 1.039801084816036614e+01 6.948360098948489372e-04
2.502782979371790589e+03 1.039813708386953195e+01 6.952508031754746007e-04
2.502789924491291913e+03 1.039783928466889940e+01 6.946977570105258588e-04
2.502796869610793692e+03 1.039954175249563484e+01 6.956666027977284573e-04
2.502803814730179511e+03 1.039764276752558381e+01 6.947130580396814739e-04
2.502810759849447550e+03 1.039844884870196395e+01 6.952893320602343205e-04
2.502817704968716498e+03 1.039849558205285796e+01 6.954598432124366658e-04
2.502824650087869031e+03 1.039807269731000616e+01 6.953184194705789309e-04
2.502831595207021110e+03 1.039518642928033820e+01 6.935282412965876418e-04
2.502838540326056318e+03 1.039532078716025332e+01 6.939251515006524852e-04
2.502845485444976930e+03 1.039563412157372468e+01 6.939293408561711179e-04
2.502852430563895723e+03 1.039472203961488361e+01 6.936017354535181428e-04
2.502859375682699010e+03 1.039356267189251071e+01 6.934418018194672033e-04
2.502866320801502297e+03 1.039248449644552785e+01 6.925551557979811503e-04
2.502873265920188715e+03 1.039326296604054001e+01 6.932280686061822019e-04
2.502880211038876041e+03 1.039154856822331219e+01 6.923744844264155887e-04
2.502887156157445133e+03 1.038952037470698819e+01 6.913611090971973506e-04
2.502894101275899629e+03 1.038802196010260204e+01 6.908216692234911763e-04
2.502901046394354125e+03 1.038665864209862200e+01 6.902000393655397708e-04
2.502907991512806802e+03 1.038711014719342351e+01 6.906725406653522548e-04
2.502914936631028013e+03 1.038441494114434605e+01 6.894068857922953540e-04
2.502921881749249224e+03 1.038421481262787438e+01 6.896172693907972207e-04
2.502928826867470434e+03 1.038350390093709841e+01 6.890183697999343899e-04
2.502935771985575229e+03 1.038250234216186740e+01 6.886957829991048087e-04
2.502942717103563609e+03 1.038264264478099186e+01 6.889553162179198973e-04
2.502949662221551989e+03 1.038214325717532205e+01 6.886414223491741163e-04
2.502956607339539914e+03 1.038040622804925661e+01 6.878819644108466426e-04
2.502963552457294099e+03 1.037941937502656309e+01 6.873069857486138615e-04
2.502970497575166519e+03 1.037972107756494111e+01 6.876094507342817626e-04
2.502977442692806108e+03 1.037948326258549869e+01 6.874566789187414560e-04
2.502984387810444787e+03 1.037972773107869351e+01 6.875813698003144367e-04
2.502991332927967505e+03 1.037883093664148149e+01 6.872070337721419928e-04
2.502998278045490224e+03 1.037909549966696332e+01 6.871136443692375936e-04
2.503005223163012488e+03 1.037746712162247675e+01 6.863700829104961258e-04
2.503012168280302376e+03 1.038029311456845782e+01 6.880871395591997954e-04
2.503019113397707770e+03 1.038109381934927988e+01 6.881413437216943058e-04
2.503026058514881697e+03 1.038236077395821688e+01 6.889393990328534839e-04
2.503033003632053806e+03 1.038240322559593309e+01 6.886698078468270201e-04
2.503039948749228643e+03 1.038104662092659503e+01 6.878805185327358266e-04
2.503046893866168830e+03 1.038117214447714431e+01 6.881733029417183003e-04
2.503053838983224978e+03 1.038236814287864007e+01 6.886435286375708516e-04
2.503060784100049659e+03 1.038179282716175145e+01 6.881464088715457186e-04
2.503067729216990301e+03 1.038346336102165424e+01 6.887736850624350026e-04
2.503074674333696748e+03 1.038328284552965108e+01 6.888091183751635918e-04
2.503081619456923363e+03 1.038421436948506660e+01 6.889414670003150354e-04
2.503088564573515214e+03 1.038742470169937704e+01 6.908126541046096273e-04
2.503095509690106155e+03 1.038717591160053111e+01 6.906585847524631663e-04
2.503102454806581136e+03 1.038970074025571577e+01 6.919129420076863043e-04
2.503109399923056571e+03 1.038962355473466381e+01 6.916322894252246393e-04
2.503116345039415592e+03 1.039053957456438049e+01 6.919287719120807700e-04
2.503123290155773248e+03 1.039310916612390656e+01 6.930803293153088530e-04
2.503130235272014033e+03 1.039272067174834824e+01 6.927172720043356423e-04
2.503137180388140678e+03 1.039447644581154506e+01 6.936565413221214196e-04
2.503144125504266412e+03 1.039384339373814470e+01 6.927422821937055664e-04
2.503151070620390783e+03 1.039617563384621413e+01 6.941019557935190114e-04
2.503158015736284597e+03 1.039936229154589320e+01 6.956489911368311276e-04
2.503164960852293916e+03 1.039738254715424404e+01 6.943566683726093512e-04
2.503171905968069950e+03 1.040033333195316700e+01 6.960047065034363333e-04
2.503178851083846894e+03 1.039861988984712227e+01 6.949799849833380311e-04
2.503185796199622928e+03 1.040218789065046145e+01 6.968722232244721829e-04
2.503192741315282547e+03 1.040012362635337873e+01 6.952665404495720789e-04
2.503199686430825750e+03 1.040194797539674809e+01 6.963771417647650515e-04
2.503206631546368953e+03 1.040151355132282340e+01 6.958884939909880645e-04
2.503213576661796651e+03 1.040322840072545141e+01 6.968105749545980016e-04
2.503220521777222984e+03 1.040446909008217169e+01 6.973444198715660330e-04
2.503227466892534721e+03 1.040565362957818252e+01 6.979253299357098938e-04
2.503234412007728679e+03 1.040276631107049532e+01 6.963398673269197321e-04
2.503241357122921727e+03 1.040386731213340887e+01 6.969383908636313111e-04
2.503248302238000178e+03 1.040575765942886299e+01 6.981661551754876497e-04
2.503255247353078630e+03 1.040515616852981218e+01 6.973698374743724946e-04
2.503262192468038847e+03 1.040735003322475549e+01 6.987939239891083863e-04
2.503269137583000429e+03 1.040550307113192474e+01 6.976055859195021656e-04
2.503276082697846050e+03 1.040755125567365447e+01 6.986714283091912748e-04
2.503283027812691216e+03 1.040877154485563238e+01 6.995032867992234497e-04
2.503289972927419967e+03 1.040747347759351626e+01 6.984069256210728932e-04
2.503296918042031393e+03 1.040813990553666457e+01 6.988491797034018750e-04
2.503303863156644638e+03 1.040874686259530257e+01 6.993161333169318865e-04
2.503310808271140104e+03 1.040869674979681214e+01 6.988485501559919041e-04
2.503317753385635115e+03 1.040693339045853705e+01 6.979662772154762197e-04
2.503324698500014620e+03 1.040922695170645795e+01 6.991960688363148138e-04
2.503331643614394125e+03 1.040794292932745435e+01 6.985515354658431613e-04
2.503338588728656759e+03 1.040883156192300873e+01 6.987020741752270970e-04
2.503345533842803434e+03 1.040765201753990787e+01 6.982961622327501800e-04
2.503352478956950108e+03 1.040901231401328708e+01 6.991164644778631327e-04
2.503359424070979912e+03 1.041057575710849292e+01 7.001064126274003825e-04
2.503366369185010626e+03 1.040892151373394547e+01 6.991960563069327681e-04
2.503373314298924015e+03 1.040490985428089488e+01 6.967985506732466859e-04
2.503380259412836949e+03 1.040765815731680810e+01 6.983725735209949650e-04
2.503387204526634378e+03 1.040655159862850887e+01 6.978091019717840710e-04
2.503394149640315391e+03 1.040792092483664177e+01 6.988583628618749970e-04
2.503401094753997313e+03 1.040566312714588726e+01 6.973458556848216496e-04
2.503408039867676962e+03 1.040404560184663652e+01 6.965840694075562918e-04
2.503414984981241560e+03 1.040618810993769472e+01 6.979490815192159739e-04
2.503421930094689742e+03 1.040364505715797172e+01 6.966932091263618090e-04
2.503428875208137015e+03 1.040559434171552766e+01 6.979353961127660738e-04
2.503435820321469691e+03 1.040229448413478686e+01 6.961034926814745017e-04
2.503442765434685043e+03 1.040266486412522973e+01 6.960161460650403104e-04
2.503449710547899940e+03 1.040016777973476358e+01 6.949661637729035368e-04
2.503456655661115292e+03 1.040416968905979722e+01 6.973945799274405399e-04
2.503463600774096903e+03 1.040332514169285183e+01 6.969245221994119915e-04
2.503470545887195840e+03 1.040094207318198549e+01 6.958564625526023539e-04
2.503477491000061946e+03 1.040059086726352433e+01 6.955267287138489421e-04
2.503484436113044012e+03 1.040064770744600331e+01 6.956343072723039428e-04
2.503491381225794157e+03 1.040136348291557056e+01 6.962509514749202653e-04
2.503498326338542938e+03 1.039885147385622055e+01 6.950876973839806901e-04
2.503505271451293538e+03 1.040040042945313381e+01 6.954769107775772650e-04
2.503512216563926813e+03 1.040118062060677495e+01 6.958923380675038255e-04
2.503519161676442309e+03 1.039983812896233317e+01 6.950111360331669803e-04
2.503526106788959169e+03 1.039863503801993261e+01 6.943740622600733884e-04
2.503533051901359613e+03 1.040002039417562507e+01 6.950592304132818117e-04
2.503539997013760058e+03 1.040022007637283785e+01 6.952823081396465859e-04
2.503546942126043632e+03 1.039883092045082158e+01 6.946182083099980854e-04
2.503553887238327661e+03 1.040041492327662453e+01 6.954333199398063858e-04
2.503560832350495730e+03 1.040096781773321588e+01 6.958575052216443889e-04
2.503567777462546019e+03 1.040291361452993613e+01 6.972188519635826812e-04
2.503574722574597217e+03 1.040267832003389792e+01 6.965194426961680710e-04
2.503581667686532001e+03 1.040003900104971635e+01 6.952243690380214246e-04
2.503588612798465874e+03 1.040122324404105569e+01 6.956852109097573554e-04
2.503595557910284697e+03 1.040376702482348037e+01 6.970875776834927189e-04
2.503602503022103519e+03 1.040454797423183031e+01 6.975369194659913116e-04
2.503609448133805017e+03 1.040311295963138072e+01 6.964180247465469060e-04
2.503616393245389645e+03 1.040706596703908282e+01 6.986531701167411493e-04
2.503623338356975637e+03 1.040545294168049750e+01 6.974852347477122298e-04
2.503630283468561174e+03 1.040666098202208367e+01 6.981622674918691509e-04
2.503637228579912971e+03 1.040466565437330182e+01 6.970450455035965285e-04
2.503644173691382548e+03 1.040749857997533212e+01 6.984099195790047275e-04
2.503651118802617930e+03 1.040630089037037465e+01 6.976616671509270869e-04
2.503658063913970636e+03 1.040964066910700048e+01 6.996386756389821925e-04
2.503665009025090967e+03 1.040816514981662166e+01 6.982759461665847970e-04
2.503671954136210388e+03 1.040847824096178442e+01 6.983309985728761247e-04
2.503678899247330264e+03 1.040827416804219752e+01 6.981645555652226569e-04
2.503685844358333270e+03 1.041357961427452317e+01 7.010865433404570067e-04
2.503692789469220770e+03 1.041298516864064894e+01 7.004692696758043702e-04
2.503699734580107361e+03 1.041257923723923895e+01 7.006059278142681007e-04
2.503706679690877081e+03 1.041361830723722370e+01 7.009112742098281548e-04
2.503713624801647711e+03 1.041341833417692619e+01 7.002756695577849614e-04
2.503720569912301926e+03 1.041579662522001470e+01 7.017078180705067173e-04
2.503727515022839725e+03 1.041501192465034897e+01 7.010402912776684311e-04
2.503734460133377979e+03 1.041568004716299534e+01 7.014509551943712458e-04
2.503741405243915324e+03 1.041795506018757322e+01 7.025315113194498338e-04
2.503748350354335798e+03 1.041838918329891861e+01 7.029581391988464064e-04
2.503755295464641677e+03 1.041488893244359026e+01 7.006129898395798555e-04
2.503762240574946190e+03 1.042101693880887581e+01 7.039546302993391052e-04
2.503769185685133834e+03 1.042172071527008548e+01 7.039178002711974844e-04
2.503776130795206427e+03 1.042300530810396353e+01 7.045528567101198370e-04
2.503783075905394981e+03 1.042402190879788115e+01 7.047651357579784188e-04
2.503790021015350248e+03 1.042628080596616336e+01 7.059356799436433639e-04
2.503796966125305062e+03 1.042805263649665726e+01 7.068558279129869134e-04
2.503803911235144369e+03 1.042853025661242938e+01 7.069856154126879675e-04
2.503810856344984131e+03 1.042948201361499905e+01 7.072972317869701117e-04
2.503817801454822529e+03 1.043035103051722601e+01 7.077849538412883277e-04
2.503824746564429461e+03 1.042903319607684232e+01 7.069636133022948144e-04
2.503831691674152353e+03 1.043007359881764629e+01 7.072650405219255490e-04
2.503838636783641959e+03 1.042726247063002099e+01 7.054020381621692185e-04
2.503845581893132476e+03 1.042999911270626434e+01 7.070906420248590117e-04
2.503852527002622082e+03 1.042940078991304809e+01 7.069089572205654141e-04
2.503859472111995274e+03 1.043085267276366501e+01 7.077768956247998226e-04
2.503866417221252959e+03 1.043054751879981978e+01 7.073234789510951916e-04
2.503873362330509735e+03 1.042867039691184239e+01 7.065543009528072425e-04
2.503880307439650551e+03 1.042918341016517658e+01 7.069461244464431311e-04
2.503887252548790912e+03 1.042873998567404037e+01 7.064735814225834697e-04
2.503894197657815312e+03 1.042843694913830888e+01 7.065867578515644225e-04
2.503901142766840167e+03 1.042807762337662325e+01 7.062587593273175757e-04
2.503908087875746787e+03 1.043086597961874951e+01 7.083575871698898118e-04
2.503915032984538357e+03 1.042676133244971659e+01 7.057957557932902038e-04
2.503921978093330381e+03 1.042583952408948100e+01 7.054334608386057673e-04
2.503928923202121041e+03 1.042512583082334743e+01 7.049758309490746768e-04
2.503935868310679325e+03 1.042349820233036795e+01 7.041637395264411159e-04
2.503942813419355389e+03 1.042234324123815625e+01 7.038048840614575434e-04
2.503949758527797712e+03 1.042304713309646402e+01 7.041881600063737250e-04
2.503956703636240036e+03 1.042386766620873750e+01 7.050521698514333312e-04
2.503963648744681905e+03 1.042278595645186634e+01 7.044857384920938945e-04
2.503970593853006903e+03 1.042217186015311370e+01 7.041773661853298382e-04
2.503977538961333266e+03 1.041962930429656176e+01 7.028399151331088564e-04
2.503984484069425889e+03 1.042054813685187220e+01 7.035187849125293770e-04
2.503991429177634927e+03 1.041995927761634633e+01 7.035214465698931812e-04
2.503998374285728460e+03 1.041848652021587895e+01 7.021137075686975128e-04
2.504005319393705577e+03 1.042084647328894853e+01 7.038339603867866529e-04
2.504012264501681784e+03 1.042201447287413352e+01 7.044667036699972171e-04
2.504019209609541576e+03 1.042080476636337139e+01 7.035236468474465434e-04
2.504026154717285408e+03 1.042160768262114168e+01 7.043582806733702682e-04
2.504033099825029240e+03 1.042020964538743932e+01 7.032381837108558995e-04
2.504040044932771707e+03 1.041994659123233191e+01 7.030969703212220853e-04
2.504046990040399578e+03 1.041901044059201631e+01 7.024328537188662298e-04
2.504053935147911034e+03 1.042003210736560170e+01 7.031599692670707606e-04
2.504060880255421580e+03 1.042191819872003222e+01 7.040964111906795712e-04
2.504067825362816620e+03 1.042308820743449083e+01 7.047633769038959663e-04
2.504074770470209842e+03 1.042164161798642219e+01 7.039946515200838639e-04
2.504081715577488467e+03 1.042017538497182905e+01 7.030422436485046604e-04
2.504088660684766637e+03 1.042251295094005137e+01 7.043949237616605949e-04
2.504123386219876011e+03 1.042588308345619552e+01 7.054367519273885582e-04
2.504130331326804935e+03 1.042747537646421208e+01 7.062599010879540241e-04
2.504137276433501484e+03 1.042759350573370902e+01 7.059925142947336574e-04
2.504144221540196668e+03 1.042981731762852249e+01 7.070596233617960002e-04
2.504151166646892307e+03 1.043209556599219034e+01 7.081735345273247302e-04
2.504158111753472440e+03 1.043321771313715196e+01 7.086060932748902783e-04
2.504165056860052118e+03 1.043372691071776615e+01 7.082722893197078646e-04
2.504172001966515381e+03 1.043613667743158402e+01 7.094482309080901760e-04
2.504178947072862684e+03 1.043811229619378089e+01 7.103627164921508469e-04
2.504185892179208167e+03 1.043780662780566892e+01 7.100869192250369808e-04
2.504192837285439055e+03 1.044136119440066501e+01 7.116325561987292374e-04
2.504199782391669487e+03 1.044271980243572528e+01 7.121541718540069354e-04
2.504206727497782595e+03 1.044644253312201165e+01 7.138445764847498477e-04
2.504213672603780651e+03 1.044529511847709813e+01 7.127513998992591809e-04
2.504220617709895123e+03 1.044913590081588239e+01 7.149567661535978025e-04
2.504227562815775400e+03 1.045137403757577843e+01 7.159778519441367846e-04
2.504234507921655677e+03 1.045098162285116494e+01 7.157444665213612929e-04
2.504241453027420448e+03 1.045601802997283691e+01 7.182929281017476223e-04
2.504248398133185219e+03 1.045468524309169922e+01 7.174824622943929515e-04
2.504255343238834030e+03 1.045586860854659861e+01 7.179276951240722753e-04
2.504262288344481476e+03 1.045671853247837291e+01 7.180076688008367588e-04
2.504269233450013417e+03 1.045790798132599164e+01 7.181904422593049769e-04
2.504276178555544902e+03 1.045977188801423274e+01 7.193362440154876108e-04
2.504283123660960428e+03 1.046278377028797379e+01 7.210413488667562947e-04
2.504290068766376862e+03 1.046295787190825166e+01 7.202524602719912036e-04
2.504297013871558192e+03 1.046303450726370521e+01 7.200478068172636329e-04
2.504303958976857757e+03 1.046362576992570581e+01 7.205640743462221392e-04
2.504310904082040906e+03 1.046964083181267391e+01 7.238319387616300388e-04
2.504317849187105821e+03 1.046803412159228941e+01 7.225988851822358556e-04
2.504324794292172555e+03 1.047029309962502275e+01 7.236231017993758480e-04
2.504331739397122874e+03 1.046956925938003558e+01 7.230290111793834067e-04
2.504338684502071374e+03 1.047141758676415257e+01 7.239078604715281024e-04
2.504345629606905277e+03 1.047301432540325372e+01 7.248388162229750607e-04
2.504352574711622765e+03 1.047157871976634347e+01 7.236344871558161385e-04
2.504359519816338889e+03 1.047560154518252595e+01 7.261012255545807020e-04
2.504366464921056377e+03 1.047535286307222968e+01 7.260378005485708082e-04
2.504373410025539670e+03 1.047549574560111552e+01 7.255953389157443131e-04
2.504380355130140742e+03 1.047670908005200729e+01 7.265055960345314203e-04
2.504387300234508530e+03 1.047715267784830218e+01 7.262833549209632639e-04
2.504394245338991823e+03 1.047512396322626671e+01 7.252099968172117696e-04
2.504401190443243649e+03 1.047972046890558495e+01 7.280745665984865488e-04
2.504408135547495021e+03 1.047783850006861250e+01 7.268251239443086547e-04
2.504415080651746393e+03 1.047672135035161034e+01 7.260489401235663146e-04
2.504422025755880895e+03 1.047533971652769225e+01 7.256490947168781980e-04
2.504428970859898982e+03 1.047720633726243200e+01 7.264114260362549346e-04
2.504435915963917978e+03 1.047624302556351417e+01 7.258082864307219013e-04
2.504442861067936065e+03 1.047851529025664696e+01 7.271844945544144248e-04
2.504449806171721320e+03 1.047562508861785524e+01 7.254347813152032436e-04
2.504456751275623901e+03 1.047783624633604482e+01 7.267445376865255997e-04
2.504463696379292742e+03 1.048042030271105318e+01 7.281663227783124678e-04
2.504470641482962492e+03 1.047839462138035138e+01 7.274509018228735762e-04
2.504477586586632242e+03 1.047764839100410050e+01 7.269424623051074516e-04
2.504484531690183758e+03 1.047699519684819158e+01 7.261850573029889197e-04
2.504491476793620677e+03 1.047424276711715940e+01 7.248383376848115383e-04
2.504498421897056687e+03 1.047427760291016519e+01 7.251134485526878259e-04
2.504505367000492697e+03 1.047419366209278380e+01 7.251303093462256556e-04
2.504512312103696331e+03 1.047318206320451317e+01 7.247029100386196852e-04
2.504519257207017290e+03 1.047210020317649359e+01 7.242026335088052724e-04
2.504526202310103599e+03 1.047095617713162419e+01 7.237280617813552936e-04
2.504533147413190818e+03 1.046898340947334027e+01 7.223541046806106723e-04
2.504540092516278037e+03 1.046999674816803960e+01 7.233086134898113412e-04
2.504547037619247931e+03 1.046932641126998753e+01 7.229504389106612694e-04
2.504553982722219644e+03 1.046842475302915076e+01 7.225305888915660273e-04
2.504560927824956707e+03 1.046925164240169615e+01 7.232467068231668164e-04
2.504567872927811095e+03 1.046819650868981100e+01 7.226709775422123427e-04
2.504574818030549523e+03 1.046624579166651081e+01 7.216831439397526768e-04
2.504581763133171080e+03 1.046641866002688381e+01 7.216313657082570020e-04
2.504588708235792183e+03 1.046775506139707979e+01 7.224361170047525864e-04
2.504595653338296415e+03 1.046595979314536784e+01 7.214447539848852821e-04
2.504602598440686052e+03 1.046726866616207907e+01 7.219617125008166150e-04
2.504609543543074324e+03 1.046613309637217881e+01 7.211313756424003957e-04
2.504616488645462596e+03 1.046709021103485604e+01 7.217825494654717339e-04
2.504623433747734907e+03 1.046983544723647874e+01 7.233539508983770046e-04
2.504630378849890803e+03 1.046894436509448489e+01 7.224684071024427756e-04
2.504637323952046245e+03 1.047067086036604699e+01 7.232604882708357479e-04
2.504644269054086180e+03 1.047265157433519356e+01 7.245021627746407950e-04
2.504651214156125207e+03 1.047225783859686565e+01 7.238016928789706064e-04
2.504658159258048727e+03 1.047591505555662472e+01 7.259365450365378716e-04
2.504665104359971338e+03 1.047637217490046702e+01 7.259207738477185595e-04
2.504672049461777078e+03 1.047927722292373609e+01 7.274995434707894710e-04
2.504678994563467313e+03 1.048074569960346025e+01 7.281766870973196623e-04
2.504685939665158003e+03 1.048138352395792161e+01 7.279889731068938351e-04
2.504692884766847783e+03 1.048468289123876396e+01 7.299707840889896240e-04
2.504699829868422512e+03 1.048692990185860197e+01 7.305501489529440040e-04
2.504706774969879007e+03 1.048761169163874030e+01 7.304057480312474556e-04
2.504713720071335956e+03 1.048865140919032157e+01 7.310915972228652481e-04
2.504720665172676945e+03 1.049266363926769507e+01 7.330464882335387773e-04
2.504727610274017934e+03 1.049418687979656717e+01 7.332714277928701046e-04
2.504734555375242508e+03 1.049559366725967102e+01 7.339439582285435266e-04
2.504741500476350666e+03 1.049678450709302702e+01 7.346336582635705492e-04
2.504748445577458369e+03 1.049980281725669506e+01 7.359988205180549451e-04
2.504755390678566528e+03 1.050174406260631699e+01 7.365838659214068085e-04
2.504762335779441401e+03 1.050320874656229186e+01 7.371252188081167406e-04
2.504769280880433598e+03 1.050392458224145820e+01 7.372506590338301705e-04
2.504776225981192056e+03 1.050717400843487148e+01 7.393228654589505382e-04
2.504783171082066929e+03 1.050854660711165600e+01 7.395890222135325775e-04
2.504790116182709426e+03 1.050943544588914591e+01 7.398839056146005533e-04
2.504797061283351923e+03 1.051198423327910092e+01 7.410294831013340385e-04
2.504804006383994420e+03 1.051424868463774409e+01 7.417528869316484955e-04
2.504810951484520956e+03 1.051605389545917113e+01 7.427105996138615423e-04
2.504817896584929258e+03 1.051639150178902860e+01 7.425705831114813148e-04
2.504824841685339379e+03 1.051714483190505511e+01 7.425942994874654927e-04
2.504831786785749500e+03 1.052057933349267849e+01 7.445892818104217145e-04
2.504838731885924972e+03 1.052168965411604695e+01 7.452035152011884066e-04
2.504845676986218677e+03 1.052326777326474350e+01 7.456857226337249402e-04
2.504852622086279098e+03 1.052232334457919194e+01 7.451825922556794442e-04
2.504859567186339518e+03 1.052573347988308861e+01 7.473404663443067959e-04
2.504866512286399939e+03 1.052579229539831118e+01 7.467965634525879559e-04
2.504873457386343944e+03 1.052814745436485566e+01 7.481733984514206013e-04
2.504880402486171079e+03 1.052757808672145323e+01 7.473216701917889020e-04
2.504887347585998214e+03 1.052960140867257444e+01 7.485724444378931463e-04
2.504894292685826258e+03 1.052881136288501374e+01 7.480785489825217708e-04
2.504901237785537433e+03 1.053012557793499226e+01 7.487463480668994165e-04
2.504908182885132192e+03 1.052957020146517486e+01 7.484117518094040526e-04
2.504915127984610535e+03 1.052981240239664551e+01 7.480776186451547306e-04
2.504922073084205294e+03 1.053019699885479099e+01 7.483916133665080269e-04
2.504929018183566768e+03 1.053454568394171709e+01 7.512450071458922707e-04
2.504935963282928242e+03 1.053193224295011277e+01 7.493210258290444736e-04
2.504942908382290625e+03 1.053148848321840525e+01 7.491205136096074644e-04
2.504949853481535683e+03 1.053061213171200627e+01 7.487688264208393384e-04
2.504956798580664326e+03 1.053168353807130586e+01 7.493964313641560300e-04
2.504963743679793424e+03 1.053129002542328685e+01 7.492108874016747576e-04
2.504970688778807016e+03 1.053206447977027516e+01 7.493463719818284959e-04
2.504977633877819244e+03 1.053103178984292221e+01 7.488589218324167478e-04
2.504984578976715056e+03 1.053266102185075859e+01 7.502445791054377115e-04
2.504991524075494908e+03 1.053104416471861882e+01 7.493181873880972376e-04
2.504998469174391175e+03 1.053188894904393003e+01 7.499593039269200016e-04
2.505005414273054157e+03 1.052982795460029131e+01 7.487986694278513230e-04
2.505012359371717594e+03 1.052804721336840998e+01 7.474448355061935221e-04
2.505019304470263705e+03 1.053004979615330683e+01 7.488136370033699482e-04
2.505026249568811636e+03 1.053011472714483610e+01 7.487896936352750072e-04
2.505033194667242242e+03 1.052805306010419883e+01 7.475470145343240383e-04
2.505040139765671938e+03 1.052796190912020080e+01 7.477974334477535158e-04
2.505047084863986584e+03 1.052768140810283448e+01 7.476330548122243555e-04
2.505054029962300774e+03 1.052812703340406841e+01 7.477595686438303409e-04
2.505060975060497185e+03 1.052601061886650768e+01 7.466462702762960337e-04
2.505067920158579454e+03 1.052626389837623400e+01 7.464290223317166136e-04
2.505074865256660814e+03 1.052927372194196565e+01 7.487374369709841066e-04
2.505081810354741719e+03 1.052867810649547131e+01 7.484126301250171092e-04
2.505088755452707119e+03 1.052638767935342656e+01 7.471254304378750809e-04
2.505095700550555193e+03 1.052651268209711510e+01 7.471948481137873858e-04
2.505102645648287307e+03 1.052768919728056929e+01 7.480895147329796142e-04
2.505109590746135837e+03 1.052470396695166421e+01 7.465378894784933808e-04
2.505116535843751080e+03 1.052309893035215360e+01 7.453574609265681663e-04
2.505123480941366324e+03 1.052290183963406456e+01 7.450600629602755279e-04
2.505130426038982932e+03 1.052346979901828483e+01 7.455795848657833114e-04
2.505137371136481306e+03 1.052483682202372250e+01 7.466848113148402428e-04
2.505144316233865084e+03 1.052256594616759777e+01 7.455328180940356880e-04
2.505151261331247042e+03 1.052125107871797027e+01 7.442823249527545648e-04
2.505158206428513495e+03 1.052154340318844916e+01 7.444684428415963753e-04
2.505165151525779947e+03 1.052290497958837001e+01 7.452620909840366103e-04
2.505172096622929985e+03 1.052243852838790694e+01 7.447368325321780365e-04
2.505179041720079567e+03 1.052530641081524010e+01 7.466611059785834654e-04
2.505185986817113644e+03 1.052412675441426337e+01 7.458204415920515655e-04
2.505192931914030396e+03 1.052368012436368083e+01 7.454425916101972693e-04
2.505199877010948057e+03 1.052667648103706100e+01 7.471813629173812334e-04
2.505206822107864355e+03 1.052465833020581876e+01 7.456045037105452512e-04
2.505213767204549185e+03 1.052742377387368933e+01 7.470859870185172450e-04
2.505220712301349067e+03 1.052833506221308113e+01 7.476231891656954717e-04
2.505227657397917028e+03 1.053091411583247883e+01 7.491710562338197658e-04
2.505234602494601404e+03 1.053244921173366500e+01 7.496162068703443549e-04
2.505241547591053404e+03 1.053173179982867858e+01 7.491150920410968167e-04
2.505248492687504950e+03 1.053425048270713127e+01 7.501354058774146582e-04
2.505255437783956040e+03 1.053291203268686260e+01 7.492235247930654823e-04
2.505262382880291170e+03 1.053827038402235594e+01 7.522167951611578342e-04
2.505269327976509885e+03 1.053689635388510837e+01 7.508326658442447546e-04
2.505276273072728145e+03 1.054126983259562245e+01 7.534956127832514094e-04
2.505283218168829990e+03 1.054407498554975042e+01 7.551555944876233838e-04
2.505290163264932744e+03 1.054377900406803903e+01 7.548164749623959696e-04
2.505297108360918173e+03 1.054465116500315069e+01 7.548004446492231727e-04
2.505304053456904512e+03 1.054736710077708928e+01 7.564618358480859964e-04
2.505310998552773981e+03 1.054621267959036324e+01 7.551962898652015820e-04
2.505317943648526125e+03 1.054960308574240457e+01 7.574531339370262377e-04
2.505324888744279633e+03 1.054762526165868231e+01 7.555605254514495593e-04
2.505331833839915816e+03 1.055038797004972828e+01 7.571753882166067703e-04
2.505338778935552909e+03 1.055369200494958193e+01 7.592364330909520372e-04
2.505345724031073587e+03 1.055439288078448890e+01 7.587675237510296692e-04
2.505352669126592900e+03 1.055478234247338243e+01 7.587952733278238498e-04
2.505359614221997163e+03 1.055746420881678027e+01 7.601661832249470953e-04
2.505366559317400970e+03 1.055991067208671019e+01 7.616208115880377305e-04
2.505373504412687453e+03 1.056259203845781869e+01 7.631951291659135744e-04
2.505380449507858430e+03 1.056287134875413081e+01 7.626142917612761633e-04
2.505387394603029861e+03 1.056458628146931567e+01 7.637212867052828617e-04
2.505394339698199929e+03 1.056630731085599528e+01 7.640840238355291972e-04
2.505401284793138529e+03 1.056972373763703565e+01 7.659816581761970259e-04
2.505408229888193091e+03 1.057202368676986026e+01 7.674125591576602548e-04
2.505415174983014367e+03 1.057074932394663946e+01 7.660748622624913859e-04
2.505422120077836553e+03 1.057457770710541034e+01 7.685927372243435461e-04
2.505429065172657829e+03 1.057351754610822603e+01 7.678313100995284813e-04
2.505436010267362690e+03 1.057474253390810759e+01 7.681139875658002511e-04
2.505442955361952045e+03 1.057574391552596360e+01 7.684927393208192603e-04
2.505449900456540036e+03 1.057692859289401177e+01 7.689718039535607544e-04
2.505456845551129391e+03 1.057797799715937970e+01 7.698305399935846715e-04
2.505463790645485915e+03 1.058012120350430507e+01 7.708574577655753464e-04
2.505470735739841530e+03 1.058035277152948694e+01 7.704931236993444116e-04
2.505477680834198054e+03 1.057912142139144152e+01 7.701318909979364179e-04
2.505484625928436799e+03 1.057861072377779976e+01 7.688957525736539109e-04
2.505491571022675998e+03 1.058030824798330904e+01 7.700358292378603128e-04
2.505498516116799692e+03 1.058142868494947031e+01 7.708880031602238824e-04
2.505505461210806061e+03 1.058349476924972343e+01 7.720837626656952600e-04
2.505512406304812430e+03 1.058249632260578643e+01 7.714804892403333107e-04
2.505519351398703293e+03 1.058355742556807044e+01 7.722014226542530963e-04
2.505526296492594156e+03 1.058214700447036805e+01 7.709674619193078232e-04
2.505533241586368604e+03 1.058529807925232014e+01 7.732090241093392703e-04
2.505540186680142142e+03 1.058324868323376577e+01 7.719173916904180583e-04
2.505547131773798810e+03 1.058688464715375588e+01 7.747352719188027158e-04
2.505554076867340427e+03 1.058346404927408990e+01 7.719295222524425468e-04
2.505561021960880680e+03 1.058313366105963382e+01 7.716444532991277670e-04
2.505567967054421842e+03 1.058385708126193769e+01 7.720613918173679317e-04
2.505574912147730629e+03 1.058550361098295767e+01 7.729828067194676692e-04
2.505581857241155376e+03 1.058476057602373288e+01 7.725720741164360944e-04
2.505588802334346838e+03 1.058553119418113120e+01 7.726300092275289588e-04
2.505595747427655169e+03 1.058812380662840802e+01 7.749919234141365446e-04
2.505602692520731125e+03 1.058616206728637898e+01 7.730813366738490712e-04
2.505609637613806626e+03 1.058724710998258267e+01 7.734755475445262429e-04
2.505616582706881672e+03 1.058782466563908109e+01 7.738565420890561103e-04
2.505623527799723433e+03 1.058767446442141669e+01 7.739780275195426700e-04
2.505630472892682974e+03 1.058947085255381992e+01 7.750595320840104581e-04
2.505637417985526099e+03 1.058913400505917046e+01 7.745816365958967543e-04
2.505644363078251445e+03 1.058794459511338992e+01 7.739630246588332600e-04
2.505651308170861739e+03 1.058694212037317861e+01 7.732581866115292640e-04
2.505658253263471579e+03 1.059054652018898501e+01 7.754140939498190476e-04
2.505665198356080964e+03 1.059030866229498535e+01 7.748557233035631691e-04
2.505672143448573934e+03 1.059264759803663303e+01 7.763313467696199678e-04
2.505679088540951398e+03 1.059176669672430826e+01 7.758090719235541605e-04
2.505686033633328407e+03 1.059371589796484159e+01 7.763453081960366249e-04
2.505692978725589001e+03 1.059505622570575234e+01 7.772485390998130992e-04
2.505699923817849140e+03 1.059437438052124492e+01 7.764618835372242775e-04
2.505706868909993318e+03 1.060037277652479304e+01 7.799655844174709909e-04
2.505713814002137951e+03 1.059925938735522877e+01 7.789044834645997024e-04
2.505720759094165260e+03 1.060239475391630215e+01 7.808916035623364232e-04
2.505727704186076608e+03 1.060663155023470239e+01 7.829239024058011649e-04
2.505734649277987955e+03 1.060935870252529512e+01 7.842286212361728424e-04
2.505741594369898849e+03 1.061036286549263785e+01 7.844821180361200236e-04
2.505748539461576911e+03 1.061334131012790216e+01 7.854206922865689978e-04
2.505755484553371844e+03 1.061645503995351447e+01 7.870978328822210391e-04
2.505762429644934400e+03 1.062047520617218588e+01 7.893202202371316306e-04
2.505769374736496957e+03 1.062226052589785041e+01 7.897536158925407695e-04
2.505776319828059059e+03 1.062598528349206717e+01 7.918860787592221263e-04
2.505783264919503381e+03 1.062879435539591810e+01 7.929059285704108829e-04
2.505790210010833562e+03 1.063050116512706467e+01 7.933832930740751434e-04
2.505797155102161923e+03 1.063523243794923623e+01 7.957346718269490884e-04
2.505804100193374325e+03 1.063990525467071713e+01 7.983607764178174285e-04
2.505811045284588090e+03 1.064282131461896874e+01 7.997389227558200295e-04
2.505817990375684076e+03 1.064421774937220810e+01 8.002078325627967441e-04
2.505824935466780516e+03 1.064362593381234845e+01 7.990721836228736972e-04
2.505831880557760996e+03 1.064669177434431369e+01 8.007069421935531991e-04
2.505838825648624152e+03 1.064665004010791449e+01 8.004439253132647784e-04
2.505845770739488216e+03 1.064895352113957649e+01 8.018945973151265496e-04
2.505852715830234956e+03 1.064979306564657158e+01 8.023140387264487408e-04
2.505859660920981696e+03 1.065219098519233754e+01 8.036291952848068120e-04
2.505866606011612475e+03 1.065072930613784585e+01 8.025259032502444611e-04
2.505873551102243255e+03 1.065543881843963803e+01 8.055628078043345014e-04
2.505880496192757619e+03 1.065435752753424836e+01 8.046213772267020708e-04
2.505887441283271983e+03 1.065779675487726408e+01 8.067038243657090281e-04
2.505894386373669931e+03 1.065482553319024461e+01 8.046398815125634704e-04
2.505901331463951465e+03 1.065455619712158430e+01 8.045748574701184130e-04
2.505908276554232543e+03 1.065654438668088133e+01 8.057062129325338017e-04
2.505915221644280791e+03 1.065471403077225609e+01 8.042783259833095324e-04
2.505922166734562779e+03 1.065805455411992497e+01 8.071563105849082235e-04
2.505929111824611027e+03 1.065486216761944682e+01 8.046237304487680649e-04
2.505936056914660185e+03 1.065470435620396650e+01 8.048287730338910765e-04
2.505943002004476057e+03 1.065456597026263275e+01 8.048129444895542935e-04
2.505949947094291929e+03 1.065142144894509180e+01 8.026873675481157027e-04
2.505956892184107346e+03 1.065190084843788831e+01 8.032932359934729814e-04
2.505963837279045492e+03 1.065175988593249023e+01 8.031960540786913395e-04
2.505970782368628534e+03 1.065181705186774863e+01 8.033709246280315575e-04
2.505977727458211575e+03 1.065190892056292427e+01 8.038019533009041831e-04
2.505984672547793707e+03 1.065002623281507965e+01 8.026803612004026556e-04
2.505991617637377658e+03 1.065022481991852210e+01 8.028240636364876231e-04
2.505998562726727869e+03 1.064873236118175548e+01 8.018309936107923972e-04
2.506005507816078079e+03 1.064856192965239323e+01 8.018850100153560685e-04
2.506012452905195460e+03 1.065032485126400097e+01 8.033579170046048316e-04
2.506019397994545216e+03 1.064668490851379978e+01 8.005603252462940552e-04
2.506026343083662596e+03 1.064576251079774494e+01 8.002710476346075984e-04
2.506033288172779976e+03 1.064463774027601062e+01 7.996040677464651050e-04
2.506040233261664071e+03 1.064492807464738178e+01 8.003397809101989819e-04
2.506047178350549075e+03 1.064388058727919528e+01 7.995568729218643358e-04
2.506054123439434079e+03 1.064161398840009376e+01 7.987031117004140006e-04
2.506061068528317264e+03 1.064364296025238232e+01 7.997266541193673479e-04
2.506068013616969893e+03 1.064431057180386730e+01 8.004323893071695192e-04
2.506074958705620702e+03 1.063976027322151729e+01 7.974714331389540743e-04
2.506081903794272421e+03 1.063975431097714264e+01 7.975917347664959658e-04
2.506088848882924594e+03 1.063730766922489401e+01 7.961209618748157869e-04
2.506095793971343028e+03 1.063681910636250727e+01 7.958459498903971280e-04
2.506102739059761461e+03 1.063600625418049539e+01 7.957959406613529215e-04
2.506109684148181259e+03 1.063744897531468325e+01 7.964812893199101854e-04
2.506116629236366407e+03 1.063628014730247529e+01 7.960180104448424812e-04
2.506123574324552919e+03 1.063892169755381367e+01 7.977699245955058825e-04
2.506130519412738977e+03 1.063671910179217761e+01 7.963568377409597360e-04
2.506137464500691749e+03 1.063575025145063080e+01 7.957525171894901756e-04
2.506144409588877807e+03 1.063709348046197611e+01 7.969655257530076009e-04
2.506151354676831033e+03 1.063504371613900013e+01 7.952002703024690228e-04
2.506158299764551430e+03 1.063523655477858121e+01 7.949565676086786832e-04
2.506165244852505111e+03 1.063709503193835637e+01 7.966548359554598497e-04
2.506172189940225053e+03 1.063488752916921065e+01 7.948097320432408576e-04
2.506179135027713073e+03 1.063864173253861090e+01 7.973900838341726029e-04
2.506186080115433015e+03 1.063963716817615257e+01 7.979669807981239205e-04
2.506193025202920126e+03 1.063837597285371750e+01 7.972343197407720169e-04
2.506199970290407691e+03 1.063840679349921103e+01 7.967602365335093402e-04
2.506206915377894802e+03 1.063877612556828112e+01 7.969119711891195501e-04
2.506213860465150447e+03 1.064107893121831161e+01 7.982768641490733692e-04
2.506220805552405182e+03 1.064058722912305832e+01 7.978269504501481245e-04
2.506227750639659007e+03 1.063976116857113929e+01 7.968224480668392555e-04
2.506234695726914651e+03 1.064505217075415366e+01 8.004226500270682654e-04
2.506241640813936101e+03 1.064390836505279481e+01 7.996509376260103105e-04
2.506248585900957551e+03 1.064630583397976160e+01 8.006524386407357172e-04
2.506255530987979455e+03 1.064681477833446444e+01 8.005513421040748182e-04
2.506262476074768074e+03 1.065043060171507960e+01 8.031006571228341794e-04
2.506269421161557602e+03 1.065099285165292464e+01 8.028698655212950430e-04
2.506276366248346676e+03 1.065372451354273586e+01 8.040249215415390133e-04
2.506283311334902919e+03 1.065366267326137972e+01 8.036597778691125177e-04
2.506290256421691993e+03 1.065678952692861081e+01 8.062146210798331551e-04
2.506297201508014950e+03 1.065827161063785589e+01 8.064474396265578805e-04
2.506304146594570739e+03 1.065966247591797256e+01 8.068968101802550044e-04
2.506311091681126982e+03 1.066186876939686279e+01 8.076148442193380010e-04
2.506318036767450849e+03 1.066407826940412917e+01 8.090124464981426162e-04
2.506324981853541431e+03 1.066700227715124250e+01 8.105054394170784545e-04
2.506331926939865298e+03 1.066830712272758319e+01 8.109669492719730807e-04
2.506338872025954970e+03 1.066810408743761762e+01 8.107645937457230029e-04
2.506345817112046007e+03 1.067134659547850184e+01 8.124710229562065369e-04
2.506352762198135679e+03 1.067352659164466111e+01 8.136244041077930061e-04
2.506359707283993430e+03 1.067539822169100283e+01 8.146011658766952757e-04
2.506366652369851636e+03 1.067816854610433808e+01 8.164162100228726125e-04
2.506373597455709387e+03 1.067727494402669031e+01 8.153967194573282645e-04
2.506380542541334762e+03 1.067821148864025460e+01 8.160652571977963050e-04
2.506387487627192058e+03 1.067863011639108883e+01 8.156645825600565254e-04
2.506394432712583694e+03 1.068106472032250842e+01 8.171961833381410694e-04
2.506401377798209069e+03 1.067964526590902352e+01 8.161639714124277771e-04
2.506408322883601613e+03 1.067935068176628022e+01 8.160355056915602435e-04
2.506415267968993248e+03 1.067962818658856783e+01 8.161431636025987760e-04
2.506422213054384429e+03 1.068213943680772182e+01 8.179164555151373492e-04
2.506429158139776973e+03 1.067966082970123587e+01 8.163911937562695707e-04
2.506436103224936232e+03 1.068052373713464753e+01 8.173255858063787054e-04
2.506443048310095492e+03 1.068196320215730566e+01 8.180849194350084440e-04
2.506449993395021465e+03 1.067712784758612976e+01 8.150769481635292179e-04
2.506456938480181179e+03 1.067543996918999483e+01 8.144755007510662064e-04
2.506463883565107608e+03 1.067542063974046407e+01 8.142058667698324776e-04
2.506470828649800751e+03 1.067608613090033565e+01 8.149179382894929406e-04
2.506477773734727180e+03 1.067365415523030592e+01 8.139078203503979621e-04
2.506484718819420777e+03 1.067248341615054308e+01 8.133585425085761763e-04
2.506491663904114375e+03 1.066875515750148828e+01 8.115022089012747207e-04
2.506498608988575597e+03 1.067022323156900221e+01 8.126799474283244494e-04
2.506505554073269195e+03 1.066623066499735906e+01 8.100152475550140068e-04
2.506512499157729508e+03 1.066476192130292944e+01 8.093175442665049560e-04
2.506519444241957444e+03 1.066343221144506792e+01 8.088784727735323079e-04
2.506526389326418212e+03 1.066156776603631862e+01 8.080529280648685204e-04
2.506533334410646148e+03 1.065818014320660545e+01 8.060627884631290643e-04
2.506540279494874085e+03 1.065789791648263929e+01 8.060735184850244782e-04
2.506547224578869191e+03 1.065193540100330871e+01 8.028622028674553632e-04
2.506554169663097582e+03 1.065108833428063662e+01 8.026368680139917564e-04
2.506561114747091779e+03 1.065030403884161636e+01 8.027563580251334758e-04
2.506568059830853599e+03 1.064896369941085119e+01 8.019972123522326260e-04
2.506575004914849160e+03 1.064412488740617846e+01 7.991531791302732609e-04
2.506581949998610980e+03 1.064219708517600260e+01 7.985107683717827549e-04
2.506588895082373710e+03 1.063802929348357829e+01 7.959467730909664191e-04
2.506595840165902700e+03 1.063932061042734034e+01 7.971704319773058539e-04
2.506602785249432600e+03 1.063901420252898866e+01 7.975726586720035226e-04
2.506609730332962044e+03 1.063736029111886516e+01 7.964872188391850742e-04
2.506616675416491034e+03 1.063331877959961602e+01 7.942375768802367687e-04
2.506623620499788103e+03 1.063271724818164898e+01 7.941873035419038697e-04
2.506630565583084717e+03 1.063296816081154716e+01 7.946725011232362882e-04
2.506637510666379967e+03 1.063070307235520140e+01 7.930821174625077860e-04
2.506644455749444660e+03 1.063105851972280291e+01 7.935832413550764899e-04
2.506651400832741274e+03 1.063097605647605626e+01 7.937554007872754842e-04
2.506658345915572681e+03 1.062930668906678200e+01 7.926476511900109332e-04
2.506665290998636465e+03 1.063111659630619066e+01 7.939500517773536445e-04
2.506672236081466053e+03 1.062678188336715301e+01 7.907940592530891344e-04
2.506679181164297461e+03 1.062860719675813392e+01 7.924071715366125691e-04
2.506686126247129323e+03 1.062753076172033673e+01 7.914847541171352334e-04
2.506693071329959366e+03 1.063130356063123294e+01 7.941471607109957653e-04
2.506700016412557943e+03 1.063047488415717190e+01 7.931320004881071625e-04
2.506706961494922325e+03 1.063032050322223654e+01 7.932473123723081040e-04
2.506713906577520447e+03 1.063488987520436702e+01 7.960956646405691712e-04
2.506720851659887103e+03 1.063316447485917671e+01 7.950252484976250231e-04
2.506727796742251030e+03 1.063206675466410012e+01 7.937192062605330891e-04
2.506734741824616322e+03 1.063307585822739654e+01 7.941305177557265180e-04
2.506741686906749237e+03 1.063611403562090274e+01 7.961576017086887617e-04
2.506748631988880788e+03 1.063752779114119917e+01 7.972009584493006899e-04
2.506755577071014159e+03 1.063613298246202099e+01 7.956034703787214120e-04
2.506762522153146165e+03 1.063871942063812348e+01 7.971221602237265821e-04
2.506769467235045340e+03 1.063874940610255848e+01 7.964758285048704426e-04
2.506776412316945880e+03 1.064444569572143884e+01 8.000571820292125182e-04
2.506783357398612679e+03 1.064627653842891242e+01 8.009051635102269273e-04
2.506790302480511855e+03 1.064532562843146835e+01 7.999772914823330633e-04
2.506797247562178200e+03 1.064631898153830747e+01 8.002410287866157075e-04
2.506804192643612168e+03 1.065005369812829805e+01 8.024997798729211537e-04
2.506811137725278968e+03 1.065068343199464351e+01 8.024916924778046018e-04
2.506818082806713392e+03 1.065209848518374258e+01 8.032766928591691382e-04
2.506825027888147360e+03 1.065629860771743154e+01 8.052883419296105261e-04
2.506831972969348044e+03 1.065830707107787312e+01 8.067358933869108297e-04
2.506838918050549182e+03 1.065754635157419905e+01 8.055705099930412063e-04
2.506845863131750775e+03 1.066121120410144307e+01 8.080716464066448404e-04
2.506852808212951913e+03 1.066071661764333633e+01 8.073543357948228649e-04
2.506859753293920221e+03 1.066417248418551189e+01 8.093164110240832869e-04
2.506866698374887619e+03 1.066343279116866327e+01 8.081194516000463589e-04
2.506873643455855927e+03 1.066593627876819284e+01 8.093832817121572902e-04
2.506880588536825144e+03 1.066766547855873704e+01 8.105613572947939103e-04
2.506887533617560621e+03 1.066938428642779257e+01 8.115198869896735707e-04
2.506894478698296098e+03 1.067080460076027570e+01 8.122970960308267558e-04
2.506901423778797380e+03 1.066842761305070120e+01 8.099981312801246081e-04
2.506908368859533766e+03 1.067033958720972997e+01 8.113291218328991944e-04
2.506915313940035958e+03 1.067023369661542986e+01 8.109952199237824289e-04
2.506922259020306228e+03 1.067126833099169403e+01 8.119058865141462987e-04
2.506929204100809329e+03 1.067097532683433236e+01 8.115961198164255933e-04
2.506936149181077781e+03 1.067040545554396225e+01 8.113389359330121795e-04
2.506943094261347596e+03 1.067297822104353777e+01 8.130835186797178088e-04
2.506950039341385036e+03 1.067096950895360941e+01 8.119201558108495118e-04
2.506956984421422476e+03 1.067115348720052559e+01 8.120678203078435459e-04
2.506963929501459461e+03 1.067141915478413239e+01 8.125292233608676562e-04
2.506970874581495082e+03 1.066940162455912322e+01 8.104979640659631035e-04
2.506977819661299691e+03 1.066762596583139100e+01 8.097141675128073429e-04
2.506984764741104300e+03 1.066882870041233211e+01 8.108052216568462523e-04
2.506991709820908000e+03 1.066659635222574032e+01 8.097371889255193696e-04
2.506998654900479778e+03 1.066878979853475151e+01 8.116049210321427555e-04
2.507005599980050647e+03 1.066552428752493320e+01 8.095834731737827118e-04
2.507012545059621971e+03 1.066293028376965246e+01 8.082943581969501655e-04
2.507019490139194204e+03 1.066343964813982126e+01 8.087506847915531139e-04
2.507026435218531333e+03 1.066087084097289228e+01 8.072783779636255987e-04
2.507033380297870281e+03 1.065565123087992561e+01 8.039318342822315399e-04
2.507040325377208319e+03 1.065513986630954157e+01 8.040806786073142077e-04
2.507047270456313981e+03 1.065573600624279926e+01 8.046335142811352750e-04
2.507054215535420099e+03 1.065572853825510968e+01 8.048281059257122658e-04
2.507061160614525761e+03 1.065376881614270133e+01 8.038027355667837518e-04
2.507068105693399048e+03 1.065051393170227634e+01 8.021486198900760426e-04
2.507075050772270970e+03 1.064860902970166379e+01 8.015518269250032548e-04
2.507081995851143347e+03 1.064680145316048687e+01 8.002727237103695029e-04
2.507088940930017088e+03 1.064471142453807495e+01 7.995189519423825985e-04
2.507095886008657544e+03 1.064569686690746231e+01 8.002036190313892815e-04
2.507102831087297091e+03 1.064611437724111553e+01 8.011090374120935411e-04
2.507109776165703352e+03 1.064170132048753104e+01 7.979175316725605621e-04
2.507116721244343353e+03 1.064120502545790714e+01 7.980744635951908441e-04
2.507123666322750978e+03 1.063888840562452920e+01 7.968147039641612335e-04
2.507130611400925773e+03 1.063859550873053372e+01 7.971852900359090860e-04
2.507137556479332488e+03 1.063821747313435928e+01 7.968964655500971250e-04
2.507144501557506374e+03 1.063637824401884302e+01 7.955239630546495026e-04
2.507151446635681623e+03 1.063409511812889185e+01 7.945893923322623316e-04
2.507158391713622223e+03 1.063497839113438381e+01 7.952352560963507622e-04
2.507165336791797017e+03 1.063335409213353877e+01 7.945537430297130955e-04
2.507172281869506151e+03 1.063251102919158875e+01 7.941878227256296118e-04
2.507179226947447660e+03 1.062957709504782677e+01 7.920885086958530559e-04
2.507186172025156338e+03 1.063184109240817676e+01 7.939127676856263562e-04
2.507193117102864107e+03 1.062891854974094841e+01 7.919892493944004179e-04
2.507200062180572786e+03 1.062585841948377485e+01 7.901548544157324444e-04
2.507207007258281919e+03 1.062465297350227722e+01 7.896308169718773426e-04
2.507213952335757313e+03 1.062331952003885860e+01 7.893494022369446604e-04
2.507220897413000785e+03 1.062600785520502455e+01 7.917673281746575578e-04
2.507227842490476178e+03 1.062337279085007857e+01 7.896940592181377365e-04
2.507234787567719650e+03 1.062290434060080457e+01 7.895465121093464848e-04
2.507241732644963122e+03 1.062061710364678824e+01 7.880778121436891968e-04
2.507248677722205684e+03 1.062081689229565029e+01 7.879935818074022390e-04
2.507255622799215416e+03 1.061971528243453911e+01 7.875301828869738386e-04
2.507262567876226058e+03 1.062180244939370333e+01 7.889638529585421773e-04
2.507269512953235335e+03 1.061909766972784119e+01 7.873872562735323042e-04
2.507276458030013146e+03 1.061807639698669981e+01 7.865652287198396462e-04
2.507283403106790956e+03 1.061674944530869347e+01 7.859582533126019182e-04
2.507290348183568312e+03 1.062039829052506867e+01 7.885099329130218536e-04
2.507297293260112383e+03 1.061980668947745521e+01 7.880623091667163889e-04
2.507304238336889284e+03 1.061810021550187066e+01 7.867120345119814470e-04
2.507311183413200979e+03 1.062138320517326306e+01 7.887018800719518882e-04
2.507318128489745959e+03 1.061949293737038325e+01 7.875523938461666826e-04
2.507325073566057654e+03 1.061775640218250771e+01 7.862797714727097964e-04
2.507332018642369349e+03 1.062104411393653081e+01 7.882552241428694879e-04
2.507338963718681043e+03 1.062264591478053610e+01 7.895750301075690411e-04
2.507345908794759907e+03 1.062074347179536993e+01 7.877361153042325599e-04
2.507352853870838771e+03 1.062256639099388877e+01 7.890267785339064683e-04
2.507359798946917181e+03 1.062410366080893453e+01 7.896390111844578397e-04
2.507366744022763669e+03 1.062479822715770261e+01 7.900712934679338106e-04
2.507373689098610157e+03 1.062677322492157650e+01 7.912056799187992253e-04
2.507380634174454826e+03 1.062595834929036087e+01 7.907611899602651423e-04
2.507387579250301314e+03 1.062815399459186949e+01 7.919984232219403784e-04
2.507394524325914972e+03 1.062603395782732818e+01 7.902650398992830524e-04
2.507401469401528630e+03 1.062916543720867679e+01 7.926137943209675711e-04
2.507408414476909002e+03 1.062680065988523381e+01 7.909312465345654745e-04
2.507415359552521295e+03 1.062644050167734910e+01 7.907466727824885144e-04
2.507422304627901667e+03 1.062514307670705804e+01 7.898150163598142461e-04
2.507429249703049209e+03 1.062601962118907295e+01 7.904825730689576425e-04
2.507436194778429581e+03 1.062772159921876458e+01 7.916924811319514272e-04
2.507443139853577577e+03 1.062410951492992162e+01 7.895523755770394178e-04
2.507450084928492288e+03 1.062377866398074744e+01 7.893038104378162370e-04
2.507457030003639829e+03 1.062327344484292624e+01 7.891520670732543900e-04
2.507463975078554085e+03 1.062125380982299738e+01 7.879038232854229705e-04
2.507470920153468342e+03 1.062134004052056113e+01 7.883506009952477621e-04
2.507477865228151131e+03 1.062116242563253721e+01 7.885792049030437238e-04
2.507484810303065387e+03 1.062088581530416143e+01 7.886596474545759950e-04
2.507491755377514437e+03 1.061638457446989925e+01 7.861799514323557746e-04
2.507498700452195408e+03 1.061469941915686377e+01 7.850618329227213379e-04
2.507505645526644912e+03 1.061401504788251415e+01 7.850632658522514696e-04
2.507512590601094416e+03 1.061321250498220259e+01 7.848415517763942043e-04
2.507519535675543921e+03 1.061083500062317420e+01 7.839970977322219823e-04
2.507526480749759685e+03 1.060716948469805132e+01 7.814990951598157435e-04
2.507533425823975904e+03 1.060678443147267558e+01 7.816425403626321711e-04
2.507540370898193032e+03 1.060255786429054758e+01 7.794051065217087130e-04
2.507547315972175056e+03 1.060412702363055537e+01 7.809377355511930817e-04
2.507554261046391730e+03 1.060044509301940607e+01 7.786288661005146168e-04
2.507561206120141833e+03 1.060021840324601605e+01 7.793053234067805158e-04
2.507568151194126131e+03 1.059645531997887247e+01 7.768077969933761531e-04
2.507575096267876688e+03 1.059266636140083229e+01 7.746150483926928301e-04
2.507582041341625882e+03 1.059581126602125600e+01 7.771983371032373548e-04
2.507588986415144518e+03 1.059266722250187698e+01 7.761108092054309557e-04
2.507595931488895076e+03 1.059047918992558301e+01 7.741524090020990723e-04
2.507602876562412348e+03 1.058934107761111854e+01 7.736864524252870046e-04
2.507609821635697699e+03 1.058812082903326335e+01 7.735285845006229215e-04
2.507616766708983050e+03 1.058517095181723100e+01 7.716923405859015331e-04
2.507623711782267947e+03 1.058351042636278372e+01 7.709731833272531103e-04
2.507630656855552388e+03 1.058214907613502120e+01 7.703564118719699420e-04
2.507637601928836375e+03 1.058320089630436733e+01 7.710949946832152974e-04
2.507644547001888895e+03 1.058138016257309744e+01 7.704990630637723135e-04
2.507651492074709040e+03 1.057815178383750165e+01 7.685532989950440543e-04
2.507658437147760196e+03 1.057616223991540672e+01 7.678872346143784640e-04
2.507665382220578977e+03 1.057550165091383754e+01 7.676171388575357734e-04
2.507672327293398666e+03 1.057422312061828862e+01 7.668226812535634471e-04
2.507679272365985526e+03 1.057518301074861178e+01 7.678205322866987715e-04
2.507686217438571930e+03 1.057153735181913667e+01 7.652365587122605690e-04
2.507693162511157880e+03 1.056806118681367046e+01 7.631960532547167738e-04
2.507700107583744284e+03 1.057064255842641742e+01 7.652405643871816685e-04
2.507707052656099222e+03 1.056992624522131052e+01 7.648481457972489952e-04
2.507713997728450977e+03 1.056995707128193196e+01 7.652030257718588210e-04
2.507720942800805460e+03 1.056703659884008140e+01 7.630542386366902588e-04
2.507727887872925749e+03 1.057061470566513783e+01 7.658861125661814385e-04
2.507734832945046946e+03 1.056716363040063555e+01 7.636605218167371624e-04
2.507741778016935314e+03 1.056514682113114389e+01 7.624971296742911629e-04
2.507748723089055602e+03 1.056681859659799727e+01 7.636641474810386106e-04
2.507755668160943969e+03 1.056483054232314522e+01 7.623709160275862025e-04
2.507762613232830972e+03 1.056429214702618857e+01 7.622677587298616652e-04
2.507769558304486054e+03 1.056535367023322713e+01 7.631115718967022149e-04
2.507776503376141591e+03 1.056272538142835060e+01 7.614872876124337969e-04
2.507783448447796218e+03 1.056336545541139849e+01 7.619544268296990974e-04
2.507790393519218924e+03 1.056333292334050000e+01 7.622806109005219547e-04
2.507797338590641630e+03 1.056079054298581887e+01 7.605023357721539274e-04
2.507804283662063426e+03 1.056109309659367490e+01 7.610202721612920398e-04
2.507811228733485223e+03 1.055976079315425409e+01 7.605079453854594797e-04
2.507818173804675553e+03 1.055898111954580543e+01 7.598839352136876760e-04
2.507825118875864064e+03 1.055988177629193636e+01 7.601609039251172248e-04
2.507832063946821108e+03 1.056386362243753929e+01 7.629071257908514279e-04
2.507839009018010529e+03 1.056179090299735002e+01 7.615436588722265766e-04
2.507845954088733833e+03 1.056171164738114321e+01 7.616589834410828191e-04
2.507852899159690423e+03 1.055949360957001026e+01 7.602560819923695522e-04
2.507859844230413728e+03 1.056035402987580518e+01 7.605043183884058720e-04
2.507866789301137942e+03 1.056216899402721587e+01 7.616870051220364082e-04
2.507873734371862156e+03 1.055960276783764762e+01 7.600722358232278987e-04
2.507880679442353085e+03 1.056296890470032857e+01 7.625692045611195046e-04
2.507887624512844468e+03 1.055811439448181055e+01 7.594301013834893433e-04
2.507894569583334487e+03 1.055830212435438398e+01 7.599676445612812579e-04
2.507901514653593040e+03 1.055793798772660885e+01 7.596658312068946262e-04
2.507908459723850683e+03 1.055722167283619051e+01 7.587700027204605496e-04
2.507915404794109236e+03 1.055702973580810244e+01 7.588911214795608217e-04
2.507922349864134503e+03 1.055715898139378339e+01 7.594706479130621142e-04
2.507929294934393056e+03 1.055667059247588391e+01 7.591794954714154321e-04
2.507936240004185038e+03 1.055559898021078347e+01 7.591275716976702810e-04
2.507943185074209396e+03 1.055306164859004525e+01 7.570928625693099318e-04
2.507950130144002287e+03 1.055106103148659713e+01 7.563381739530345479e-04
2.507957075213795633e+03 1.054753612895493475e+01 7.547772027150707365e-04
2.507964020283355239e+03 1.054735282181460043e+01 7.548880520862118627e-04
2.507998745630686244e+03 1.053617155378263526e+01 7.495147742673584053e-04
2.508005690699781098e+03 1.053445211259967706e+01 7.486267648815813150e-04
2.508012635768875498e+03 1.053264009778220789e+01 7.483726357258056261e-04
2.508019580837969443e+03 1.052915660715986057e+01 7.464453753702450728e-04
2.508026525907062933e+03 1.052866471858689934e+01 7.466566180398560024e-04
2.508033470975924502e+03 1.052770694232567728e+01 7.467974301252784924e-04
2.508040416044785161e+03 1.052449982122928596e+01 7.447669531148685008e-04
2.508047361113645366e+03 1.052082450202701480e+01 7.429811172477956537e-04
2.508054306182274559e+03 1.051975859626885246e+01 7.427090602718604533e-04
2.508061251250902387e+03 1.051708123315747123e+01 7.416823430279658597e-04
2.508068196319531580e+03 1.051385661472790289e+01 7.402409968337930008e-04
2.508075141387927488e+03 1.051257153947624268e+01 7.395226082237991777e-04
2.508082086456322031e+03 1.051102561876275665e+01 7.391850895807274436e-04
2.508089031524485563e+03 1.050811534440544825e+01 7.377647220848368220e-04
2.508095976592881016e+03 1.050435604044311155e+01 7.361967602521949077e-04
2.508102921661042274e+03 1.050299943644641587e+01 7.361368974986073075e-04
2.508109866728972520e+03 1.050062486123758809e+01 7.348536162257605702e-04
2.508116811797135597e+03 1.049609916417325550e+01 7.324633642817075926e-04
2.508123756865065388e+03 1.049193628770671260e+01 7.305569978867028922e-04
2.508130701932995180e+03 1.049171343512566423e+01 7.312313863608788838e-04
2.508137647000692141e+03 1.048895887465056020e+01 7.302073548361776630e-04
2.508144592068389557e+03 1.048359375168635843e+01 7.269791137112549236e-04
2.508151537136086063e+03 1.048239844758475314e+01 7.269062285721707758e-04
2.508158482203549283e+03 1.048048784002260092e+01 7.262216814517834414e-04
2.508165427271013414e+03 1.047988793547437680e+01 7.263041345395807469e-04
2.508172372338477999e+03 1.047394845840788768e+01 7.229677200204511715e-04
2.508179317405709298e+03 1.047329892497963222e+01 7.229164777619516251e-04
2.508186262472941053e+03 1.047314897676145584e+01 7.234324905946030093e-04
2.508193207540172352e+03 1.047098628371066376e+01 7.220178503615690656e-04
2.508200152607170367e+03 1.046854841279472303e+01 7.211470388304185887e-04
2.508207097674402121e+03 1.046579147865924675e+01 7.194163547749738959e-04
2.508214042741166850e+03 1.046736297608889110e+01 7.206179068915568621e-04
2.508220987808165773e+03 1.046731016681569315e+01 7.207565155544230686e-04
2.508227932874931867e+03 1.046746183909768035e+01 7.209064663017771381e-04
2.508234877941697505e+03 1.046563431150369361e+01 7.198361307916721543e-04
2.508241823008230313e+03 1.046437227376124923e+01 7.193830551623520966e-04
2.508248768074763575e+03 1.046368718550010435e+01 7.188738188971354045e-04
2.508255713141296383e+03 1.046602752323824781e+01 7.201278725437933875e-04
2.508262658207595905e+03 1.046463755579652499e+01 7.194775766789885752e-04
2.508269603273895427e+03 1.046463215053356777e+01 7.194329018450756072e-04
2.508276548340195404e+03 1.046535005949441377e+01 7.200137925058864696e-04
2.508283493406495836e+03 1.046490284136445403e+01 7.194018022444077787e-04
2.508290438472562982e+03 1.046523134464985283e+01 7.197622312827691793e-04
2.508297383538630584e+03 1.046738777510728369e+01 7.210235757976754881e-04
2.508304328604464899e+03 1.046509212290030710e+01 7.194774377642783282e-04
2.508311273670298760e+03 1.046455891520286308e+01 7.190911962361219061e-04
2.508318218736133531e+03 1.046429356080774475e+01 7.187139505291297460e-04
2.508325163801734561e+03 1.046636825038695839e+01 7.200814394676765704e-04
2.508332108867568422e+03 1.046756308244025391e+01 7.210000744328914522e-04
2.508339053932937986e+03 1.046631547632729919e+01 7.201881801198549817e-04
2.508345998998539471e+03 1.046356829724194348e+01 7.183923324295292054e-04
2.508352944063908126e+03 1.046724153398999313e+01 7.205986637981373621e-04
2.508359889129276780e+03 1.047005809701517975e+01 7.220749077357099073e-04
2.508366834194413059e+03 1.047052629329505358e+01 7.223475608845165942e-04
2.508373779259548428e+03 1.047111898874102742e+01 7.225777885773135463e-04
2.508380724324683342e+03 1.046865746933888452e+01 7.210362775095927653e-04
2.508387669389586790e+03 1.047128208247030301e+01 7.223735370089515249e-04
2.508394614454723524e+03 1.047148196714516111e+01 7.226954375080160134e-04
2.508401559519393231e+03 1.047036597255159585e+01 7.214420751339281406e-04
2.508408504584296679e+03 1.047563738770563191e+01 7.247256027129451560e-04
2.508415449648967297e+03 1.047394030873335780e+01 7.235710122018560635e-04
2.508422394713637459e+03 1.047454780016289710e+01 7.235084229084864276e-04
2.508429339778074791e+03 1.047316562029035403e+01 7.225920559059774212e-04
2.508436284842510759e+03 1.047542044949485707e+01 7.242873104844639847e-04
2.508443229906948545e+03 1.047420796917458752e+01 7.231494563705797522e-04
2.508450174971153046e+03 1.047514494107663552e+01 7.243187240247419070e-04
2.508457120035357548e+03 1.047376618967156503e+01 7.232022799055599308e-04
2.508464065099562504e+03 1.047392791475386176e+01 7.231801296906405219e-04
2.508471010163534174e+03 1.047314105600291967e+01 7.227464320324538880e-04
2.508477955227505845e+03 1.047291770249712961e+01 7.230270892066030432e-04
2.508484900291477061e+03 1.047110966718733494e+01 7.224871358770603184e-04
2.508491845355448277e+03 1.046908271260865853e+01 7.209559510703458622e-04
2.508498790419188026e+03 1.046881549123684074e+01 7.210645249163368442e-04
2.508505735482694490e+03 1.046865417892129102e+01 7.214906977874859743e-04
2.508512680546432421e+03 1.046223684239650176e+01 7.177886061846918721e-04
2.508519625609938430e+03 1.046279658932492573e+01 7.184518196803164024e-04
2.508526570673212063e+03 1.046211220768864791e+01 7.187799281234847617e-04
2.508533515736718527e+03 1.045989329990967498e+01 7.172920256071988864e-04
2.508540460799991706e+03 1.045947091500948467e+01 7.176632594834245508e-04
2.508547405863030690e+03 1.045710626230564699e+01 7.163698791140749511e-04
2.508554350926304323e+03 1.045577065591442256e+01 7.164583094046778804e-04
2.508561295989345126e+03 1.045503327879339572e+01 7.158119002248445467e-04
2.508568241052152644e+03 1.045363478446393124e+01 7.148667030578722105e-04
2.508575186114960616e+03 1.045247221002935589e+01 7.147440357241340589e-04
2.508582131177768133e+03 1.045086271745377005e+01 7.136217934056805681e-04
2.508589076240575650e+03 1.044836231118591030e+01 7.124977320555007237e-04
2.508596021303150337e+03 1.044817072500348765e+01 7.124862808398779593e-04
2.508602966365725024e+03 1.044876237125519047e+01 7.130438781821240354e-04
2.508609911428300165e+03 1.044804932004970865e+01 7.127348266907993900e-04
2.508616856490642022e+03 1.044837173651822937e+01 7.128625547197497145e-04
2.508623801552982968e+03 1.044757161174704585e+01 7.122796425665930487e-04
2.508630746615092448e+03 1.044507612105092242e+01 7.111343537052768581e-04
2.508637691677201474e+03 1.044546629911013724e+01 7.114882802013811156e-04
2.508644636739310954e+03 1.044419444501579974e+01 7.111253616885476617e-04
2.508651581801419979e+03 1.044274041203061465e+01 7.106119265182452537e-04
2.508658526863295265e+03 1.044041254598733914e+01 7.095512450940810950e-04
2.508665471925171914e+03 1.043890804340091449e+01 7.088427195799026090e-04
2.508672416986816188e+03 1.043810669709392513e+01 7.085311674061427504e-04
2.508679362048459097e+03 1.043634336408024943e+01 7.078043468377535332e-04
2.508686307110102007e+03 1.043412769533842877e+01 7.068543406745148895e-04
2.508693252171512540e+03 1.043360449520634958e+01 7.069517354966181871e-04
2.508700197232923529e+03 1.043102264026382997e+01 7.053135752916498769e-04
2.508707142294334517e+03 1.042835449853752827e+01 7.041291997566010786e-04
2.508714087355511765e+03 1.042759936523004249e+01 7.040109210843568206e-04
2.508721032416689468e+03 1.042694874963192042e+01 7.037568083546375019e-04
2.508727977477867171e+03 1.042729137677636508e+01 7.042827102458603652e-04
2.508734922538812043e+03 1.042602590585920908e+01 7.033300238481517011e-04
2.508741867599756915e+03 1.042539709065581910e+01 7.032252965422535656e-04
2.508748812660701333e+03 1.042769806326036885e+01 7.045212864976003282e-04
2.508755757721413374e+03 1.042617917887442225e+01 7.038765050444741045e-04
2.508762702782126325e+03 1.042515022459408947e+01 7.035626844282872900e-04
2.508769647842837912e+03 1.042312954802486225e+01 7.021919817230920470e-04
2.508776592903317578e+03 1.042388568351035083e+01 7.028276769751936204e-04
2.508783537963796334e+03 1.042288568261117554e+01 7.023977916256720277e-04
2.508790483024043169e+03 1.042347709778506193e+01 7.028110576225804441e-04
2.508797428084289550e+03 1.042284392530217474e+01 7.025922189722168081e-04
2.508804373144535930e+03 1.041990345371021753e+01 7.007590290898982593e-04
2.508811318204782310e+03 1.041941285590545618e+01 7.005244287892632140e-04
2.508818263264796769e+03 1.042179114468408407e+01 7.019318827866093688e-04
2.508825208324576124e+03 1.042087889774588660e+01 7.018287300464150745e-04
2.508832153384590583e+03 1.041970993696289582e+01 7.011388357150173927e-04
2.508839098444371302e+03 1.042034794397029174e+01 7.016606456930779990e-04
2.508846043508574894e+03 1.042024708465091720e+01 7.012769743062166779e-04
2.508852988568123692e+03 1.041877231959253258e+01 7.002619820138872905e-04
2.508859933627671580e+03 1.042064787431832151e+01 7.011849687531793336e-04
2.508866878687219923e+03 1.042237805888164637e+01 7.023671585896988472e-04
2.508873823746534981e+03 1.042113952095571605e+01 7.014518965664721765e-04
2.508880768805850039e+03 1.042189440981580617e+01 7.017157619830716913e-04
2.508887713864931811e+03 1.042418857651254349e+01 7.029153297630229063e-04
2.508894658924014493e+03 1.042567975543909498e+01 7.037565409526334251e-04
2.508901603983095811e+03 1.042547635334438283e+01 7.035370318731473064e-04
2.508908549042178493e+03 1.042528262600951727e+01 7.031618136413549189e-04
2.508915494101027889e+03 1.042591808262024955e+01 7.035303480318032005e-04
2.508922439159877285e+03 1.042623478553159444e+01 7.034700372345173208e-04
2.508929384218494306e+03 1.042903680138810074e+01 7.050904420140547118e-04
2.508936329277110417e+03 1.042804730882389030e+01 7.042153131051586681e-04
2.508943274335727438e+03 1.042938593828308846e+01 7.048850780431633331e-04
2.508950219394111627e+03 1.042688993071954862e+01 7.034494589710051701e-04
2.508957164452494908e+03 1.043001117019634449e+01 7.048494452360556115e-04
2.508964109510645358e+03 1.043435977351054689e+01 7.073694871785798227e-04
2.508971054569030002e+03 1.043128572408628152e+01 7.056545286571224221e-04
2.508977999627180452e+03 1.043515915369385461e+01 7.078150884900241040e-04
2.508984944685098981e+03 1.043393871270698980e+01 7.068784371360123690e-04
2.508991889743017055e+03 1.043403080616451994e+01 7.068477422143676879e-04
2.508998834800935128e+03 1.043284288101508039e+01 7.059586355619651638e-04
2.509005779858620372e+03 1.043260729881428261e+01 7.060824460354838501e-04
2.509012724916305615e+03 1.043253430249967906e+01 7.060950052006292150e-04
2.509019669973990403e+03 1.043347395125788779e+01 7.065690429180426996e-04
2.509026615031443725e+03 1.043143802642076778e+01 7.056974251298119179e-04
2.509033560088896593e+03 1.043365546079917472e+01 7.072361677142839512e-04
2.509040505146349005e+03 1.043109338770831940e+01 7.055853716991641791e-04
2.509047450203567678e+03 1.042767246801466463e+01 7.036497243274854535e-04
2.509054395260787715e+03 1.042890307552554141e+01 7.049237571757566503e-04
2.509061340318007751e+03 1.042735546431934601e+01 7.043074942393624804e-04
2.509068285374993138e+03 1.042685480992829028e+01 7.041990053144513238e-04
2.509075230431747514e+03 1.042531431441746470e+01 7.032342015336261144e-04
2.509082175488734720e+03 1.042403178839438915e+01 7.024685983953115297e-04
2.509089120545488640e+03 1.042551735343314512e+01 7.037857337565360657e-04
2.509096065602243016e+03 1.042142373763529584e+01 7.015129382813245452e-04
2.509103010658763651e+03 1.041981929105717697e+01 7.010706122523531264e-04
2.509109955715285196e+03 1.041821976329482347e+01 7.005632061656296740e-04
2.509116900771573455e+03 1.041918977232490384e+01 7.014216931540067724e-04
2.509123845828094090e+03 1.041706167983153364e+01 6.997990148704562926e-04
2.509130790884149974e+03 1.041705660686433177e+01 7.000850134935308671e-04
2.509137735940438688e+03 1.041613041654936467e+01 6.999812059032796885e-04
2.509144680996494571e+03 1.041273439531038747e+01 6.980545996896613545e-04
2.509151626052550000e+03 1.041174360434019341e+01 6.977452240215223020e-04
2.509158571108370779e+03 1.041223148028142198e+01 6.980847772624603062e-04
2.509165516164194742e+03 1.040996013297050915e+01 6.969635373598167876e-04
2.509172461220016885e+03 1.040966721272595663e+01 6.972971275948641875e-04
2.509179406275606652e+03 1.041061712567394970e+01 6.979545440184216527e-04
2.509186351331196420e+03 1.040842527907822834e+01 6.964216296315850615e-04
2.509193296386553357e+03 1.040795623286378735e+01 6.965660494789232627e-04
2.509200241441911203e+03 1.040717573246555006e+01 6.961424703928275172e-04
2.509207186497268594e+03 1.040436951115842312e+01 6.946843292351111707e-04
2.509214131552392246e+03 1.040505002098336007e+01 6.949334740837387467e-04
2.509221076607516352e+03 1.040245376463307458e+01 6.936163281348865393e-04
2.509228021662640913e+03 1.040298245397482724e+01 6.945221741526439547e-04
2.509234966717531279e+03 1.040091643212089600e+01 6.930130970329472428e-04
2.509241911772423009e+03 1.040218288511481504e+01 6.939736337282354341e-04
2.509248856827313830e+03 1.040195140948740793e+01 6.937593766111670125e-04
2.509255801881972729e+03 1.039865278113557245e+01 6.920709778907654670e-04
2.509262746936398798e+03 1.040006540079734343e+01 6.931228519471170288e-04
2.509269691991056334e+03 1.040157719301453909e+01 6.942029206761369912e-04
2.509276637045482403e+03 1.039811006714153585e+01 6.920544855921299809e-04
2.509283582099675641e+03 1.039693418915416601e+01 6.918002814137858393e-04
2.509290527154101255e+03 1.040013366961168195e+01 6.935060631005695664e-04
2.509297472208061208e+03 1.039855599035562506e+01 6.924736820722525010e-04
2.509304417262253992e+03 1.039869717125997184e+01 6.928694910678047294e-04
2.509311362316213945e+03 1.039764677312496843e+01 6.922022667876706744e-04
2.509318307370174352e+03 1.039800710550189677e+01 6.920302785770408296e-04
2.509325252423901475e+03 1.039912646231853977e+01 6.929312802653440646e-04
2.509332197477628597e+03 1.039850001459493178e+01 6.923025535928332497e-04
2.509339142531356174e+03 1.039766850585166402e+01 6.923479476284667483e-04
2.509346087584850011e+03 1.039955847062862659e+01 6.930134282402012486e-04
2.509353032638343393e+03 1.040082516681419378e+01 6.937948553540305161e-04
2.509359977691605309e+03 1.039966362196539862e+01 6.929412743355461198e-04
2.509366922744867225e+03 1.040017467867269652e+01 6.932891517941041238e-04
2.509373867798129140e+03 1.039876720721049175e+01 6.921176067359896978e-04
2.509380812851157316e+03 1.040183360796180168e+01 6.937928344423134651e-04
2.509387757904185946e+03 1.040070813621177059e+01 6.932899898853598069e-04
2.509394702956981746e+03 1.040176034661032567e+01 6.940080351145937144e-04
2.509401648010010376e+03 1.040202822585444586e+01 6.940417461429200779e-04
2.509408593062573345e+03 1.040497019203376894e+01 6.956034748099024830e-04
2.509415538115370055e+03 1.040484304796485127e+01 6.951265868431029870e-04
2.509422483167933478e+03 1.040420642810666862e+01 6.948892735445491749e-04
2.509429428220263617e+03 1.040700267720411354e+01 6.961317183838963219e-04
2.509436373272593300e+03 1.040644581155556558e+01 6.957864026788550997e-04
2.509443318324923439e+03 1.040805946029172091e+01 6.964620228585040578e-04
2.509450263377254032e+03 1.040777717274552394e+01 6.963491040943341421e-04
2.509457208429349976e+03 1.040980961780861236e+01 6.970217322498182145e-04
2.509464153481214453e+03 1.040847418187600404e+01 6.962595409007074328e-04
2.509471098533312215e+03 1.041089266736555174e+01 6.975604352046818179e-04
2.509478043584943407e+03 1.041043278988085241e+01 6.970778166309380504e-04
2.509484988636808339e+03 1.041226769204292424e+01 6.979641615984342063e-04
2.509491933688440440e+03 1.041480119549057015e+01 6.994117416721999355e-04
2.509498878740072541e+03 1.041250899707767630e+01 6.978263687403143479e-04
2.509505823791471357e+03 1.041420533588495623e+01 6.988839341417035214e-04
2.509512768842870173e+03 1.041453298693986262e+01 6.989460900139387797e-04
2.509519713894036613e+03 1.041439356275413886e+01 6.990645785513453954e-04
2.509526658945434974e+03 1.041170649112811830e+01 6.973823696015309928e-04
2.509533603996368129e+03 1.041271795789835863e+01 6.983821471506375909e-04
2.509540549047534569e+03 1.041430769702595605e+01 6.990493357230449399e-04
2.509547494098467723e+03 1.041265756892642891e+01 6.982054496955629333e-04
2.509554439149168502e+03 1.041294973906313537e+01 6.984885143734493630e-04
2.509561384199868371e+03 1.041108445781674874e+01 6.974061474046879807e-04
2.509568329250569150e+03 1.041150597592172211e+01 6.978371459129070623e-04
2.509575274301036643e+03 1.040964725201455110e+01 6.966801536032727650e-04
2.509582219351504136e+03 1.040939427136151529e+01 6.965422264413089273e-04
2.509589164401971175e+03 1.040895471637619707e+01 6.965737331577808236e-04
2.509596109452205383e+03 1.040870724282892290e+01 6.966345626588335994e-04
2.509603054502440500e+03 1.040563621736574618e+01 6.950117918951756717e-04
2.509609999552442332e+03 1.040665151914619457e+01 6.957203573620161048e-04
2.509616944602445074e+03 1.040528512749759038e+01 6.947650695431083255e-04
2.509623889652445996e+03 1.040530771720704983e+01 6.951319415345947380e-04
2.509630834702215452e+03 1.040795764867876727e+01 6.966955339862559255e-04
2.509637779751984908e+03 1.040519047741892855e+01 6.950366802330954418e-04
2.509644724801521079e+03 1.040552281012487690e+01 6.954767509797504929e-04
2.509651669851056795e+03 1.040491751818626476e+01 6.951922829061482362e-04
2.509658614900593420e+03 1.040436953829266109e+01 6.952266815954867172e-04
2.509665559949897215e+03 1.040350559637249894e+01 6.947057403194714133e-04
2.509672504999200555e+03 1.040205687131906664e+01 6.940643486792248034e-04
2.509679450048271065e+03 1.040352331342282000e+01 6.948184323873647780e-04
2.509686395097341574e+03 1.040145030761944156e+01 6.935838160100852440e-04
2.509693340146412538e+03 1.039982619597969382e+01 6.928202423316810049e-04
2.509700285195249307e+03 1.040136728995771342e+01 6.936580432918154366e-04
2.509707230244087441e+03 1.039949044120537458e+01 6.928409105047051743e-04
2.509714175292692744e+03 1.040017935594596032e+01 6.933612151512071574e-04
2.509721120341298047e+03 1.039767255849908700e+01 6.917226214197109112e-04
2.509728065389902895e+03 1.039796691053266109e+01 6.918917522941000955e-04
2.509735010438274003e+03 1.039962824457382418e+01 6.930238919813934461e-04
2.509741955486646475e+03 1.039876118603435096e+01 6.925265683854409842e-04
2.509748900534786117e+03 1.039828323720531777e+01 6.922741609157240976e-04
2.509755845582924394e+03 1.039802314894260604e+01 6.922538559011721894e-04
2.509762790630831205e+03 1.039591274782826424e+01 6.912841404147847431e-04
2.509769735678737561e+03 1.039937655289299379e+01 6.931595496085001451e-04
2.509776680726643917e+03 1.039521533328258585e+01 6.906037461224987743e-04
2.509783625774317898e+03 1.039558134388940580e+01 6.909308047513772720e-04
2.509790570821990968e+03 1.039734374471434286e+01 6.920414247816553902e-04
2.509797515869664949e+03 1.039690684018980349e+01 6.915214063358911039e-04
2.509804460917106098e+03 1.039610454508017590e+01 6.914133703295232206e-04
2.509811405964313508e+03 1.039639562198004796e+01 6.916206457097332904e-04
2.509818351011754658e+03 1.039855617558695045e+01 6.929899578275323241e-04
2.509825296058729691e+03 1.039643647412930960e+01 6.917338717821041195e-04
2.509832241105938010e+03 1.039705054724387345e+01 6.919308899501648829e-04
2.509839186152913499e+03 1.039802925749323137e+01 6.926131522004188440e-04
2.509846131199655247e+03 1.039515732332379550e+01 6.911575507256805233e-04
2.509853076246630735e+03 1.039554451243203737e+01 6.912155120268327320e-04
2.509860021293140107e+03 1.039817956174026392e+01 6.926575093021720021e-04
2.509866966339881401e+03 1.039618022870430103e+01 6.913234611188506578e-04
2.509873911386158397e+03 1.039699383552993162e+01 6.919000312598950217e-04
2.509880856432668224e+03 1.039763069291450570e+01 6.918444456161259746e-04
2.509887801478945221e+03 1.039797402037623897e+01 6.922912863849454241e-04
2.509894746525221308e+03 1.039721657024808721e+01 6.918531301397623338e-04
2.509901691571265019e+03 1.039741557294342122e+01 6.919100038762970774e-04
2.509908636617308730e+03 1.039959400918720966e+01 6.927774609979881534e-04
2.509915581663119610e+03 1.040031834471336758e+01 6.931929531254286524e-04
2.509922526708930036e+03 1.040149738782975852e+01 6.933340799311930522e-04
2.509929471754740916e+03 1.040133065495542475e+01 6.935472254380056984e-04
2.509936416800319421e+03 1.040334937238273483e+01 6.943973286708723372e-04
2.509943361845665549e+03 1.040527827841386355e+01 6.953582402610324021e-04
2.509950306891243599e+03 1.040318732258146106e+01 6.939625950795572529e-04
2.509957251936587909e+03 1.040463886946858629e+01 6.946521813307211931e-04
2.509964196981700297e+03 1.040633644313358097e+01 6.953503536712010106e-04
2.509971142026813595e+03 1.040796982291133332e+01 6.960340940071220710e-04
2.509978087071925529e+03 1.040871803918952487e+01 6.965546735489584144e-04
2.509985032116805542e+03 1.040961980463831615e+01 6.967354850264279595e-04
2.509991977161685099e+03 1.041178077002588509e+01 6.979325769002752301e-04
2.509998922206332281e+03 1.041240739631255074e+01 6.980606822276282531e-04
2.510005867250979009e+03 1.041253149988176041e+01 6.980739478028738466e-04
2.510012812295392905e+03 1.041170856288318447e+01 6.975163536497117501e-04
2.510019757339806347e+03 1.041371949099893612e+01 6.985603933651879502e-04
2.510026702384221153e+03 1.041261601198302067e+01 6.978732340146545556e-04
2.510033647428402219e+03 1.041469452201366153e+01 6.991995338723749768e-04
2.510040592472582830e+03 1.041281029213283915e+01 6.978276978025748766e-04
2.510047537516531520e+03 1.041476405771392244e+01 6.991923181598305769e-04
2.510054482560480210e+03 1.041467210908816732e+01 6.986853953201821845e-04
2.510061427604196069e+03 1.041632361926280304e+01 6.997704217185264771e-04
2.510068372647911019e+03 1.041549168822687221e+01 6.992162399221868354e-04
2.510075317691626424e+03 1.041760677119258638e+01 7.003072092841318560e-04
2.510082262735108998e+03 1.041635178603703871e+01 6.994046447920469452e-04
2.510089207778591572e+03 1.041803974127008381e+01 7.004472829765393200e-04
2.510096152821841315e+03 1.041792664358923837e+01 7.004936255620131634e-04
2.510103097865091513e+03 1.041787296336503665e+01 7.005677085440349975e-04
2.510110042908108426e+03 1.041868513639647986e+01 7.008775741388092268e-04
2.510116987951126248e+03 1.041944114336209459e+01 7.011491804143211558e-04
2.510123932994142706e+03 1.041802205247666002e+01 7.003873740854977279e-04
2.510130878036926333e+03 1.041770755864966702e+01 7.004624128092566161e-04
2.510137823079710870e+03 1.041625466754873663e+01 6.994607134632488225e-04
2.510144768122262121e+03 1.041621299033736392e+01 6.994579550502425663e-04
2.510151713164813373e+03 1.041689603216909177e+01 7.000722133638384668e-04
2.510158658207132248e+03 1.041401932238700745e+01 6.984726756304066595e-04
2.510165603249450669e+03 1.041364611835784793e+01 6.982237686701764324e-04
2.510172548291537169e+03 1.041416164084916929e+01 6.987505687082399414e-04
2.510179493333620940e+03 1.041402346072848317e+01 6.989254525769110406e-04
2.510186438375707439e+03 1.041319431091274339e+01 6.984657414116989633e-04
2.510193383417559744e+03 1.041493758854985963e+01 6.996008361379934615e-04
2.510200328459412503e+03 1.041343638312848263e+01 6.987262749702618288e-04
2.510207273501032432e+03 1.041377384297408781e+01 6.991825080718519665e-04
2.510214218542652361e+03 1.041206980645180913e+01 6.981934609889887912e-04
2.510221163584039914e+03 1.041047166988195727e+01 6.972183680314554544e-04
2.510228108625427922e+03 1.041148326242450572e+01 6.979022807191987820e-04
2.510235053666814565e+03 1.041042419253002471e+01 6.974175614892990467e-04
2.510241998707968378e+03 1.041014281308364531e+01 6.972701176597903821e-04
2.510248943748890269e+03 1.040785540183052404e+01 6.961144227984750058e-04
2.510255888789811252e+03 1.040790479304752303e+01 6.963805119062052747e-04
2.510262833830733598e+03 1.040644283546529536e+01 6.956292294003230819e-04
2.510269778871422659e+03 1.040887979914359107e+01 6.972654164192049718e-04
2.510276723912110810e+03 1.040751211165397017e+01 6.961959613227292499e-04
2.510283668952567496e+03 1.040741855033282803e+01 6.962263714628192561e-04
2.510290613993022362e+03 1.040743283110883866e+01 6.961300285144423174e-04
2.510297559033478592e+03 1.040732667023590174e+01 6.961017772727518807e-04
2.510304504073701992e+03 1.040694496428385918e+01 6.960578620852149890e-04
2.510311449113691651e+03 1.040763888476822707e+01 6.963152137892231718e-04
2.510318394153681766e+03 1.040641357426464175e+01 6.958155250002725492e-04
2.510325339193671880e+03 1.040940239858853644e+01 6.974826239517447918e-04
2.510332284233430073e+03 1.040862984686215675e+01 6.967466587300088403e-04
2.510339229273187357e+03 1.040783534813576772e+01 6.964510830778405633e-04
2.510346174312711355e+03 1.040741115469507605e+01 6.963497803620945746e-04
2.510353119352235808e+03 1.040756787231250868e+01 6.962652258334731808e-04
2.510360064391527885e+03 1.040896862557313618e+01 6.971201311745145760e-04
2.510367009430819508e+03 1.040961572229026011e+01 6.975445936284073098e-04
2.510373954470111585e+03 1.041126358280367370e+01 6.985217496818726945e-04
2.510380899509169922e+03 1.040754840487099031e+01 6.963321385020998988e-04
2.510387844547996337e+03 1.040754322364442253e+01 6.962060346717830178e-04
2.510394789586822299e+03 1.040892993071368799e+01 6.969619259835417536e-04
2.510401734625647805e+03 1.040981995314008479e+01 6.977141805259818533e-04
2.510408679664241390e+03 1.041004001580697924e+01 6.976417232049700150e-04
2.510415624702602145e+03 1.041172096502968891e+01 6.984483520697618584e-04
2.510422569741194820e+03 1.040872201022431121e+01 6.964991641713347845e-04
2.510429514779322744e+03 1.041039321268695517e+01 6.974478784401381406e-04
2.510436459817683499e+03 1.040928509686031234e+01 6.969040208904313466e-04
2.510443404855810968e+03 1.040987639605549120e+01 6.968020525470662542e-04
2.510450349893706061e+03 1.041122608688600337e+01 6.976291006202014729e-04
2.510457294931599790e+03 1.041192850121319147e+01 6.979603478403197721e-04
2.510464239969262508e+03 1.041204867567245884e+01 6.976001360959528013e-04
2.510471185006924316e+03 1.041307540547741617e+01 6.983893614294821523e-04
2.510478130044585669e+03 1.041672262540896554e+01 7.001577560953546999e-04
2.510485075082015101e+03 1.041723318919677510e+01 7.002851082033921364e-04
2.510492020119211702e+03 1.041567198121318505e+01 6.990528331545660910e-04
2.510498965156407394e+03 1.041878686019061817e+01 7.009173944095091870e-04
2.510505910193603995e+03 1.041874363425437444e+01 7.009136453835330223e-04
2.510512855230566856e+03 1.041919535244184303e+01 7.008193190752630506e-04
2.510519800267530627e+03 1.042053181976100085e+01 7.014972287003185935e-04
2.510526745304262022e+03 1.042255457326841572e+01 7.025402295842072013e-04
2.510533690340991598e+03 1.042377692175723602e+01 7.033682389511623561e-04
2.510540635377489707e+03 1.042497055345401513e+01 7.036661656030260108e-04
2.510547580413987362e+03 1.042525413577900828e+01 7.037929285185344800e-04
2.510554525450252640e+03 1.042303424637812270e+01 7.023142905396765169e-04
2.510561470486517919e+03 1.042478898866279380e+01 7.032203548777316449e-04
2.510568415522549003e+03 1.042373603743738286e+01 7.023403732687752378e-04
2.510575360558581451e+03 1.042603132505565533e+01 7.038281719716607456e-04
2.510582305594613899e+03 1.042644598850458415e+01 7.041542289083820710e-04
2.510589250630179777e+03 1.042650696287476464e+01 7.037770004379758759e-04
2.510596195665978939e+03 1.042633677033242101e+01 7.034783830275481578e-04
2.510603140701545271e+03 1.042723585364831607e+01 7.043823679609504795e-04
2.510610085736879228e+03 1.042691382666310496e+01 7.038797527347712439e-04
2.510617030772213639e+03 1.042730256459813454e+01 7.045134592197702106e-04
2.510623975807546230e+03 1.042824868173144282e+01 7.051007082024584368e-04
2.510630920842647356e+03 1.042571769580771068e+01 7.036559535637010613e-04
2.510637865877748027e+03 1.042651539327142984e+01 7.041620436786981754e-04
2.510644810912615412e+03 1.042620978602444914e+01 7.043031855907967275e-04
2.510651755947250876e+03 1.042730679429347695e+01 7.050889338048324864e-04
2.510658700982119626e+03 1.042479443600048761e+01 7.031914333196168793e-04
2.510665646016521350e+03 1.042558886496703252e+01 7.044011311310320383e-04
2.510672591050923984e+03 1.042369464200833740e+01 7.028309548067680377e-04
2.510679536085325708e+03 1.042554620782430774e+01 7.043294120913221783e-04
2.510686481119495511e+03 1.042417383723194924e+01 7.036639622061202160e-04
2.510693426153665314e+03 1.042363167727958562e+01 7.034406234217358391e-04
2.510700371187600922e+03 1.042104935859585524e+01 7.021673492624817435e-04
2.510707316221537894e+03 1.042066708848395251e+01 7.020233101644947522e-04
2.510714261255242036e+03 1.041846161981795404e+01 7.008875291565084056e-04
2.510721206288946178e+03 1.041770551800290434e+01 7.005699980701917675e-04
2.510728151322417489e+03 1.041480992814922679e+01 6.992141301230921828e-04
2.510735096355887435e+03 1.041681741688338647e+01 7.004832762919924400e-04
2.510742041389358747e+03 1.041587593034978632e+01 7.001035377737094495e-04
2.510748986422363942e+03 1.041363061922205624e+01 6.995377760858214429e-04
2.510755931455601967e+03 1.041186884699424375e+01 6.983425616383937950e-04
2.510762876488607617e+03 1.041131911564032997e+01 6.982204251919630657e-04
2.510769821521379981e+03 1.041006384781828764e+01 6.972223299939668854e-04
2.510776766554151891e+03 1.041038230452344493e+01 6.980185286978969963e-04
2.510783711586691425e+03 1.041066218551634570e+01 6.981498006952737692e-04
2.510790656619231413e+03 1.040997667941169347e+01 6.979128159119423608e-04
2.510797601651770947e+03 1.040683587074794580e+01 6.961026404201687027e-04
2.510804546683844819e+03 1.040701826454867529e+01 6.965024278924216838e-04
2.510811491716151977e+03 1.040755713500434432e+01 6.970320574571415738e-04
2.510818436748225395e+03 1.040705362927753264e+01 6.967332272075466666e-04
2.510825381780066891e+03 1.040598651497119143e+01 6.958623592248150413e-04
2.510832326811907933e+03 1.040602790753442441e+01 6.959695746360946254e-04
2.510839271843748975e+03 1.040466911557126473e+01 6.950369118282897444e-04
2.510846216875358095e+03 1.040525939900628316e+01 6.954343363178737067e-04
2.510853161906733476e+03 1.040829346017103418e+01 6.970733610227994228e-04
2.510860106938109311e+03 1.040711704886532907e+01 6.967228203115947895e-04
2.510867051969483327e+03 1.040693578782243733e+01 6.962502876289126952e-04
2.510873997000627696e+03 1.040831752388210951e+01 6.971406112704195456e-04
2.510880942031537415e+03 1.040785979453808174e+01 6.967199604189782281e-04
2.510887887062446680e+03 1.040877445025633641e+01 6.969117831306241876e-04
2.510894832093124023e+03 1.041021523742343469e+01 6.976478668587190535e-04
2.510901777123800912e+03 1.041000493818144257e+01 6.972323354850299424e-04
2.510908722154477800e+03 1.041079390503841395e+01 6.977822708181125998e-04
2.510915667184922313e+03 1.041287319622877128e+01 6.987477579756110925e-04
2.510922612215133086e+03 1.041112282763381991e+01 6.975877473668933623e-04
2.510929557245344313e+03 1.041384497163514489e+01 6.991561865687989695e-04
2.510936502275556450e+03 1.041649123404161337e+01 7.002695163164490135e-04
2.510943447305534391e+03 1.041737944067014077e+01 7.004569049034960106e-04
2.510950392335512788e+03 1.041858050305470762e+01 7.009409963067650016e-04
2.510957337365258354e+03 1.041978317534469234e+01 7.012836846439484415e-04
2.510964282394771999e+03 1.042124914927722301e+01 7.017980999473005495e-04
2.510971227424285189e+03 1.042281537983136275e+01 7.025391541410595797e-04
2.510978172453797015e+03 1.042589976641044380e+01 7.038861989987462223e-04
2.510985117483077374e+03 1.042858178814044479e+01 7.054042742720448246e-04
2.510992062512124903e+03 1.042999263629537232e+01 7.058974549406051881e-04
2.510999007541171522e+03 1.043035796121741221e+01 7.056648880877742711e-04
2.511005952570219051e+03 1.043354950104542844e+01 7.072684145392139823e-04
2.511012897599033749e+03 1.043392167552833349e+01 7.070649778220820716e-04
2.511019842627615162e+03 1.043657951187737787e+01 7.082995700221539521e-04
2.511026787656196575e+03 1.043536453753606530e+01 7.071691515730624831e-04
2.511033732684777533e+03 1.044064549858656044e+01 7.099170848747387609e-04
2.511040677713126570e+03 1.044361936089623200e+01 7.112891858728975173e-04
2.511047622741242776e+03 1.044536387166925806e+01 7.119318466363584166e-04
2.511054567769358073e+03 1.044425530855286333e+01 7.108333607147926869e-04
2.511061512797473370e+03 1.044713513647357495e+01 7.124063738470297856e-04
2.511068457825357200e+03 1.044953828067805190e+01 7.135814329370363971e-04
2.511075402853007290e+03 1.045197180644495383e+01 7.150297626164353344e-04
2.511082347880657380e+03 1.045041476387566348e+01 7.136323159324634187e-04
2.511089292908307470e+03 1.045150987808640863e+01 7.140077799834503415e-04
2.511096237935725640e+03 1.045699921360590423e+01 7.169545675742169076e-04
2.511103182963142899e+03 1.045656274357988735e+01 7.163776482626654741e-04
2.511110127990326419e+03 1.045743423536140249e+01 7.167226679408310493e-04
2.511117073017278472e+03 1.045808214454685192e+01 7.168393110052065451e-04
2.511124018044230525e+03 1.045669137775748325e+01 7.161940274128805262e-04
2.511130963071183487e+03 1.045896085242112683e+01 7.172093399665414740e-04
2.511137908097902255e+03 1.046029670534184497e+01 7.178429169857843996e-04
2.511144853124387737e+03 1.046121718422351421e+01 7.182876451145065897e-04
2.511151798151106505e+03 1.046229215935635004e+01 7.188945040959770702e-04
2.511158743177360066e+03 1.046331489034851181e+01 7.194507240766716185e-04
2.511165688203613172e+03 1.046034030950162297e+01 7.176585759566636883e-04
2.511172633229865824e+03 1.046156982584802897e+01 7.183759818531735728e-04
2.511179578255886554e+03 1.046222812536167801e+01 7.187755409087036263e-04
2.511186523281674454e+03 1.046267361708356880e+01 7.192267837001580476e-04
2.511193468307695184e+03 1.046209941048865488e+01 7.185734134015181159e-04
2.511200413333248889e+03 1.046071290426574940e+01 7.178943216903342639e-04
2.511207358358803958e+03 1.046231621276685964e+01 7.187898770990666132e-04
2.511214303384359027e+03 1.046418257753798464e+01 7.197721954137004455e-04
2.511221248409679902e+03 1.046095602216265519e+01 7.178195815291712458e-04
2.511228193435002595e+03 1.046264645483924305e+01 7.193083983377046098e-04
2.511235138460091548e+03 1.046136946509988164e+01 7.185474724141746638e-04
2.511242083485180956e+03 1.046144132813870087e+01 7.183646233989013840e-04
2.511249028510037078e+03 1.046066299797004717e+01 7.182903258632068700e-04
2.511255973534892291e+03 1.046181647854991148e+01 7.189293119542584194e-04
2.511262918559516493e+03 1.046107145288964269e+01 7.183706758712189852e-04
2.511269863584139785e+03 1.046192512297698407e+01 7.187043875322132649e-04
2.511276808608529791e+03 1.045986645226106582e+01 7.177272656992990775e-04
2.511283753632920707e+03 1.046130320407391245e+01 7.185513983010898085e-04
2.511290698657078792e+03 1.045931198447477684e+01 7.172465554196564988e-04
2.511297643681236423e+03 1.046244222938122626e+01 7.192041529296677163e-04
2.511304588705162587e+03 1.045963821004572658e+01 7.178300784964700967e-04
2.511311533729086932e+03 1.046102128407907550e+01 7.183336331082303735e-04
2.511318478753011732e+03 1.045897681095114073e+01 7.172922708986145379e-04
2.511325423776704156e+03 1.045943312980703865e+01 7.174397052800191195e-04
2.511332368800162385e+03 1.045933856782641591e+01 7.173663638490078778e-04
2.511339313823621978e+03 1.045820874492355479e+01 7.165199677230637805e-04
2.511346258847081572e+03 1.046123683157433781e+01 7.184528042248712262e-04
2.511353203870307880e+03 1.046008226446058131e+01 7.177062033931023034e-04
2.511360148893535097e+03 1.045908984860066404e+01 7.172846143379964885e-04
2.511367093916528120e+03 1.046165492308362133e+01 7.185676490616447424e-04
2.511374038939521597e+03 1.046051582616353137e+01 7.177629462289661019e-04
2.511380983962282698e+03 1.045952859976453553e+01 7.173249423059771491e-04
2.511387928985042890e+03 1.046190658062365486e+01 7.186133819900718429e-04
2.511394874007571161e+03 1.046190508513832818e+01 7.187491939754297662e-04
2.511401819030098977e+03 1.046308066783889679e+01 7.192764412883149473e-04
2.511408764052626793e+03 1.046213139774680556e+01 7.184797587119856567e-04
2.511415709074922233e+03 1.046390423062842423e+01 7.195559179692075698e-04
2.511422654097216764e+03 1.046382451185246865e+01 7.195979295692363524e-04
2.511429599119279374e+03 1.046303573996445735e+01 7.186440493794994579e-04
2.511436544141341983e+03 1.046387571433911035e+01 7.191414154178682547e-04
2.511443489163170398e+03 1.046486263543972228e+01 7.194624108089382221e-04
2.511450434185001541e+03 1.046715452741244867e+01 7.204572693028782598e-04
2.511457379206598034e+03 1.046827924072189120e+01 7.210457539785882419e-04
2.511464324228194528e+03 1.047201478595952118e+01 7.230415884826498765e-04
2.511471269249791021e+03 1.046997156226842840e+01 7.214563887965983087e-04
2.511478214271154684e+03 1.047273956810684581e+01 7.230918618590868440e-04
2.511485159292518347e+03 1.047641188968769832e+01 7.251412962599844284e-04
2.511492104313882464e+03 1.047459361062334793e+01 7.233174186611265053e-04
2.511499049335013297e+03 1.047842032081974750e+01 7.252714317751578254e-04
2.511505994355910843e+03 1.047736502140299031e+01 7.243250104513636800e-04
2.511512939377042130e+03 1.048222638086009795e+01 7.272475343300286669e-04
2.511519884397940586e+03 1.048374442227564352e+01 7.279861181935311535e-04
2.511526829418606212e+03 1.048564790777575517e+01 7.285453687900061677e-04
2.511533774439270928e+03 1.048662867293996648e+01 7.289311489317816658e-04
2.511540719459936554e+03 1.048904664153392652e+01 7.300248345231608775e-04
2.511547664480601270e+03 1.048906713801280510e+01 7.298130398281552599e-04
2.511554609501034065e+03 1.048897237320070630e+01 7.292900512122816540e-04
2.511561554521233575e+03 1.049356675067999412e+01 7.320779535663310715e-04
2.511568499541665915e+03 1.049461613249955505e+01 7.323296699244232150e-04
2.511575444561865424e+03 1.049287453566041250e+01 7.309971896744166297e-04
2.511582389581833468e+03 1.049687052602753390e+01 7.333633538876817510e-04
2.511589334602032523e+03 1.049894375441037830e+01 7.338846246495774744e-04
2.511596279621999656e+03 1.049937735020338714e+01 7.345229818367247010e-04
2.511603224641733505e+03 1.050060233212528793e+01 7.347366653094201255e-04
2.511610169661700183e+03 1.050012111393115966e+01 7.341357276545978352e-04
2.511617114681434487e+03 1.050455636779827095e+01 7.369985582619641021e-04
2.511624059700935504e+03 1.050329088297348257e+01 7.359521218739289213e-04
2.511631004720669353e+03 1.050222350908594571e+01 7.352136560086010341e-04
2.511637949740170370e+03 1.050297758504103385e+01 7.354426293505073606e-04
2.511644894759671388e+03 1.050575032798868058e+01 7.371721164789451098e-04
2.511651839779172406e+03 1.050408714335094373e+01 7.363677335098505481e-04
2.511658784798441047e+03 1.050430993407291780e+01 7.364504346810705820e-04
2.511665729817708780e+03 1.050386298129888374e+01 7.365054581905303675e-04
2.511672674836976967e+03 1.050400181085052687e+01 7.362608440559124858e-04
2.511679619856246063e+03 1.050514711593945094e+01 7.369384671960734108e-04
2.511686564875281420e+03 1.050264409021444756e+01 7.354388679815212267e-04
2.511693509894316776e+03 1.050302311443570780e+01 7.358913335614201490e-04
2.511700454913352587e+03 1.050489920050846671e+01 7.376126618029761476e-04
2.511707399932387943e+03 1.050207829425722927e+01 7.365692827982671864e-04
2.511714344951424209e+03 1.050263052337138525e+01 7.388031300852372944e-04
2.514249292331649031e+03 1.053940723221573172e+01 7.545850086164626862e-04
2.514256237408426387e+03 1.053822459634513820e+01 7.526757301155067486e-04
2.514263182484970457e+03 1.053818416423350790e+01 7.521682391856460061e-04
2.514270127561515437e+03 1.053793537191990914e+01 7.513389353170303641e-04
2.514277072638061327e+03 1.053821750731068896e+01 7.506430655298351956e-04
2.514284017714373022e+03 1.053650151377739341e+01 7.497495844120987589e-04
2.514290962790685626e+03 1.053673626910007677e+01 7.500832894713629169e-04
2.514297907866996866e+03 1.053334149168523659e+01 7.476469504688747518e-04
2.514304852943309015e+03 1.053406463961567674e+01 7.484927463315913789e-04
2.514311798019387879e+03 1.053304350449159088e+01 7.478615974794637460e-04
2.514318743095233458e+03 1.053080488012035509e+01 7.466437758850181941e-04
2.514325688171313686e+03 1.053172116136413372e+01 7.477256011456334629e-04
2.514332633247159720e+03 1.053056235073606572e+01 7.468216444007312865e-04
2.514339578322772923e+03 1.053213269444255928e+01 7.481062575099826396e-04
2.514346523398619411e+03 1.052844259451015674e+01 7.455197188823151555e-04
2.514353468474232614e+03 1.052874815251892393e+01 7.461983430430499126e-04
2.514360413549846271e+03 1.052843861954187332e+01 7.460665967563409389e-04
2.514367358625227098e+03 1.052639212740912100e+01 7.452510421832694073e-04
2.514374303700607470e+03 1.052570029502092019e+01 7.448210674309440780e-04
2.514381248775987387e+03 1.052354094658369377e+01 7.436289530603373311e-04
2.514388193851135384e+03 1.052291184145319569e+01 7.431068832670297171e-04
2.514395138926283380e+03 1.052179232758462568e+01 7.427675867044719778e-04
2.514402084001431831e+03 1.052226607105246536e+01 7.432828264080003572e-04
2.514409029076346542e+03 1.051874661616821349e+01 7.409650845798131016e-04
2.514415974151260798e+03 1.052122575167530982e+01 7.425907451692121460e-04
2.514422919226175964e+03 1.051826307119439363e+01 7.406980248359341197e-04
2.514429864300858753e+03 1.051871287097625007e+01 7.411085118516603197e-04
2.514436809375540633e+03 1.051950447998431848e+01 7.416395884352532065e-04
2.514443754449989683e+03 1.051791189220652178e+01 7.408406343189418699e-04
2.514450699524672018e+03 1.051876981915557785e+01 7.413951551421603479e-04
2.514457644599121522e+03 1.052051301621078316e+01 7.425932069736530024e-04
2.514464589673337287e+03 1.051964028188500322e+01 7.420216798350732623e-04
2.514471534747553960e+03 1.051827132825693845e+01 7.410913860442580126e-04
2.514478479821770634e+03 1.051782316322362654e+01 7.409194905167906364e-04
2.514485424895986398e+03 1.051865549448434578e+01 7.417930300766166843e-04
2.514492369969970696e+03 1.051982639821967958e+01 7.422454253825305163e-04
2.514499315043954539e+03 1.051772956116172431e+01 7.406536009278184363e-04
2.514506260117705551e+03 1.052101525658260428e+01 7.424760770407322439e-04
2.514513205191688940e+03 1.051833073513688532e+01 7.409420675945406097e-04
2.514520150265207121e+03 1.052134954206880479e+01 7.428966063502635614e-04
2.514527095338958134e+03 1.051748541023923167e+01 7.403594397344053597e-04
2.514534040412475406e+03 1.051980569155152345e+01 7.420079989306929778e-04
2.514540985485992678e+03 1.051957243432415190e+01 7.417036146713273156e-04
2.514547930559278484e+03 1.051794483014229620e+01 7.405389361819636604e-04
2.514554875632564290e+03 1.051970498106199692e+01 7.416749075643122233e-04
2.514561820705849641e+03 1.051867237175703274e+01 7.408045456907300878e-04
2.514568765778901252e+03 1.051870064676593941e+01 7.409137423910599216e-04
2.514575710851952863e+03 1.051945354165902025e+01 7.417450722022619989e-04
2.514582655925005383e+03 1.051826912615407394e+01 7.409118015736719347e-04
2.514589600997825983e+03 1.051774975036278725e+01 7.404856141757675718e-04
2.514596546070644763e+03 1.051881205926113516e+01 7.411964804519289565e-04
2.514603491143464453e+03 1.051757712011658086e+01 7.403727156568665506e-04
2.514610436216051312e+03 1.051863927329223181e+01 7.412798207109150966e-04
2.514617381288636807e+03 1.051556792343592583e+01 7.392573119489588519e-04
2.514624326361224576e+03 1.051440846100271109e+01 7.383804794830337503e-04
2.514631271433578149e+03 1.051639236466228766e+01 7.397640245245400191e-04
2.514638216505932178e+03 1.051698128776289387e+01 7.402258161278193593e-04
2.514645161578053376e+03 1.051739011518273870e+01 7.405672143573246687e-04
2.514652106650406949e+03 1.051695592807772606e+01 7.400864837059976074e-04
2.514659051722294862e+03 1.051639574404897814e+01 7.399154425867075779e-04
2.514665996794416060e+03 1.051706299327228500e+01 7.402778219710630598e-04
2.514672941866303972e+03 1.051665032358599206e+01 7.398470409864388178e-04
2.514679886938192340e+03 1.051836953695632282e+01 7.409930461765961958e-04
2.514686832009848331e+03 1.051840141645628712e+01 7.410414951888752650e-04
2.514693777081502958e+03 1.051703478026975525e+01 7.400914265275077702e-04
2.514700722153158495e+03 1.051651317407879382e+01 7.397189439145968699e-04
2.514707667224580291e+03 1.051740302706093111e+01 7.403291946816636590e-04
2.514714612296003452e+03 1.051422177205380493e+01 7.382789019637157196e-04
2.514721557367425703e+03 1.051510768639831461e+01 7.389673873835357187e-04
2.514728502438615578e+03 1.051493022173665715e+01 7.389316874398875294e-04
2.514735447509805454e+03 1.051368350143614805e+01 7.382978117650185494e-04
2.514742392580995329e+03 1.051228068126654058e+01 7.378020512338203220e-04
2.514749337651951919e+03 1.051070879235985167e+01 7.371845983436845981e-04
2.514756282722908963e+03 1.050812063013202291e+01 7.355446112381566369e-04
2.514763227793865553e+03 1.050763683944166438e+01 7.362176827458832146e-04
2.514770172864589313e+03 1.050699919238952340e+01 7.356955153194457211e-04
2.514777117935313981e+03 1.050357500894613771e+01 7.339982916038439650e-04
2.514784063005804455e+03 1.050192423169052702e+01 7.333795410347031902e-04
2.514791008076295384e+03 1.050004220534790988e+01 7.325431855476734677e-04
2.514797953146787222e+03 1.049766380935652244e+01 7.315580691157815571e-04
2.514804898217045775e+03 1.049478082450610295e+01 7.305566009324778679e-04
2.514811843287304328e+03 1.049123074038528181e+01 7.284907879187979551e-04
2.514818788357561971e+03 1.049090636933727261e+01 7.288620804612905594e-04
2.514825733427820978e+03 1.048982920780707850e+01 7.286824510897999809e-04
2.514832678497847155e+03 1.048689270808430329e+01 7.272557964519199341e-04
2.514839623567638228e+03 1.048363328720211385e+01 7.259536008803902513e-04
2.514846568637431574e+03 1.048096824014767847e+01 7.247680559200472220e-04
2.514853513707224010e+03 1.047753500199982035e+01 7.227907616995952805e-04
2.514860458777017357e+03 1.047344995194377582e+01 7.209220478619038190e-04
2.514867403846577417e+03 1.047269462559686026e+01 7.209855348788855910e-04
2.514874348916136569e+03 1.047085729980303626e+01 7.203118856179260626e-04
2.514881293985696630e+03 1.046941002021657319e+01 7.200430581783948993e-04
2.514888239055023405e+03 1.046603646199058169e+01 7.185040941532216952e-04
2.514895184124350635e+03 1.046354019239915978e+01 7.169908971675192358e-04
2.514902129193445035e+03 1.046109602253503290e+01 7.160860203201223221e-04
2.514909074262538979e+03 1.045882097135995892e+01 7.151339336116783758e-04
2.514916019331633379e+03 1.045660237680742277e+01 7.140866393892540600e-04
2.514922964400495403e+03 1.046092007156834924e+01 7.170836817386413205e-04
2.514929909469356517e+03 1.045780297011327420e+01 7.153943732938697212e-04
2.514936854538217631e+03 1.045412754967519220e+01 7.140432609004457049e-04
2.514943799606845914e+03 1.045077636463100212e+01 7.120334811246974193e-04
2.514950744675474652e+03 1.044872418912824408e+01 7.110383989582571554e-04
2.514957689744102936e+03 1.044810341019927868e+01 7.111915187768034314e-04
2.514964634812498389e+03 1.044575086693957111e+01 7.097916768213241188e-04
2.514971579880895661e+03 1.044551676191424683e+01 7.097269830201593469e-04
2.514978524949291113e+03 1.044385059095188417e+01 7.093828260540497536e-04
2.514985470017452826e+03 1.044474696848072881e+01 7.097202210987887472e-04
2.514992415085615903e+03 1.044310934915751332e+01 7.090989827713033763e-04
2.514999360153546604e+03 1.044256966108517481e+01 7.088020592565430532e-04
2.515006305221475941e+03 1.044152715625206795e+01 7.083094619526155485e-04
2.515013250289406642e+03 1.044153027755295327e+01 7.085059925294872078e-04
2.515020195357335979e+03 1.044156258629141121e+01 7.081010446263174413e-04
2.515027140425034304e+03 1.043940736616909604e+01 7.071466122106027105e-04
2.515034085492498889e+03 1.044139186448485823e+01 7.086894310460679566e-04
2.515041030560194940e+03 1.043921074346629574e+01 7.071117441905484455e-04
2.515047975627659980e+03 1.044175406031332720e+01 7.086617216164531937e-04
2.515054920695124565e+03 1.044120408002901890e+01 7.081160574306479731e-04
2.515061865762355410e+03 1.044029761945219725e+01 7.079050385754765730e-04
2.515068810829587619e+03 1.044321966340534047e+01 7.093238311509852609e-04
2.515075755896586088e+03 1.043939104110136284e+01 7.067093302095452806e-04
2.515082700963818752e+03 1.044161029792568129e+01 7.083226005259325286e-04
2.515089646030583935e+03 1.044417329477498946e+01 7.095224089745466936e-04
2.515096591097581950e+03 1.044427287753279643e+01 7.093484288963577186e-04
2.515103536164348498e+03 1.044462691422927669e+01 7.093851101015794230e-04
2.515110481231114136e+03 1.044577370866718269e+01 7.103731040419059874e-04
2.515117426297646944e+03 1.044820807603550961e+01 7.110892334345298793e-04
2.515124371364413491e+03 1.044725934330757511e+01 7.103670433839653084e-04
2.515131316430713468e+03 1.044986994016496595e+01 7.115799921111733237e-04
2.515138261497247640e+03 1.044832357421760882e+01 7.104571880183730651e-04
2.515145206563547617e+03 1.045094892491573546e+01 7.118977195444108888e-04
2.515152151629613854e+03 1.045154551325242842e+01 7.120832827470258445e-04
2.515159096695914741e+03 1.045331549659344716e+01 7.128030698114022363e-04
2.515166041761981433e+03 1.045451517573306965e+01 7.134786920194144573e-04
2.515172986827816658e+03 1.045605549832522740e+01 7.142323224840415067e-04
2.515179931893883349e+03 1.045572656158747016e+01 7.137607405556000480e-04
2.515186876959485744e+03 1.045629542423918146e+01 7.143412337366293998e-04
2.515193822025320969e+03 1.045566178661160528e+01 7.138766918891961168e-04
2.515200767090922454e+03 1.045700572571903564e+01 7.141885367321821774e-04
2.515207712156523939e+03 1.045910047402863263e+01 7.154219345282156022e-04
2.515214657222125425e+03 1.045770844010184319e+01 7.146307308567886700e-04
2.515221602287494534e+03 1.045687430615138958e+01 7.139645450278287332e-04
2.515228547352863643e+03 1.045804916768996229e+01 7.147559432971012068e-04
2.515235492417999467e+03 1.045842430352022667e+01 7.146843950252499680e-04
2.515242437483135291e+03 1.045819790180879316e+01 7.143858954173462790e-04
2.515249382548272479e+03 1.046024355033042141e+01 7.156443236107453863e-04
2.515256327613175472e+03 1.046045515191245379e+01 7.160219886219754701e-04
2.515263272678078010e+03 1.045973348800955449e+01 7.154859269865978047e-04
2.515270217742981458e+03 1.045986926951345808e+01 7.154032328241284469e-04
2.515277162807652076e+03 1.045977062430497107e+01 7.153227266940039150e-04
2.515284107872322238e+03 1.046127009177853928e+01 7.162159568731105586e-04
2.515291052936992401e+03 1.045946549682655657e+01 7.150927284645716133e-04
2.515297998001430642e+03 1.045818391910534650e+01 7.146307040227780705e-04
2.515304943065868429e+03 1.045655745279498028e+01 7.137423323980396058e-04
2.515311888130073385e+03 1.045607174226442559e+01 7.138042681248303470e-04
2.515318833194277431e+03 1.045607946708638103e+01 7.139251886462220356e-04
2.515325778258482387e+03 1.045408123091382535e+01 7.130262058477057022e-04
2.515332723322688253e+03 1.045290659912779496e+01 7.128771461260508197e-04
2.515339668386659469e+03 1.044888956879399267e+01 7.108144528198112036e-04
2.515346613450631139e+03 1.044544098593975789e+01 7.092174696750471689e-04
2.515353558514369979e+03 1.044680443631758315e+01 7.104882794070911103e-04
2.515360503578109274e+03 1.044379964134216898e+01 7.089999530800431427e-04
2.515367448641849023e+03 1.044104720104155604e+01 7.079972046136435515e-04
2.515374393705354578e+03 1.043977287752491101e+01 7.075562258133156644e-04
2.515381338768861497e+03 1.043481159425288318e+01 7.053615438830896592e-04
2.515388283832367961e+03 1.043034703655815143e+01 7.029607379230521768e-04
2.515395228895640685e+03 1.043080798208964488e+01 7.039391369041692048e-04
2.515402173958913863e+03 1.042774288474020317e+01 7.022983680804001068e-04
2.515409119021954666e+03 1.042492730616235974e+01 7.011125741583117610e-04
2.515416064085228754e+03 1.042711034550297988e+01 7.027031808604667371e-04
2.515423009148036726e+03 1.042128013623668537e+01 6.996855616936494037e-04
2.515429954211076620e+03 1.041927202532674279e+01 6.991786255842077609e-04
2.515436899273885501e+03 1.041534504865887989e+01 6.972960838156460738e-04
2.515443844336693019e+03 1.041585428333009311e+01 6.975344399723080232e-04
2.515450789399266796e+03 1.041393698143153479e+01 6.971114593459090073e-04
2.515457734461842392e+03 1.041147963706547763e+01 6.956881955648578980e-04
2.515464679524417988e+03 1.040971663144878256e+01 6.952244563170771521e-04
2.515471624586992675e+03 1.040854538421656095e+01 6.947972031154032221e-04
2.515478569649334986e+03 1.040849235415770657e+01 6.950144626582251909e-04
2.515485514711443557e+03 1.040480501724536744e+01 6.930574496048930990e-04
2.515492459773786322e+03 1.040412229957145307e+01 6.927900122683220861e-04
2.515499404835895803e+03 1.040473763503287508e+01 6.931667693378222323e-04
2.515506349897771543e+03 1.040263970822226192e+01 6.922616923908445335e-04
2.515513294959648647e+03 1.040217630292620221e+01 6.919881658899247785e-04
2.515520240021524842e+03 1.040206883309291364e+01 6.922150463128971332e-04
2.515527185083401491e+03 1.040156321875935852e+01 6.918293263677155469e-04
2.515534130145045310e+03 1.040153513866789048e+01 6.920420743503313647e-04
2.515541075206689129e+03 1.040203128030835167e+01 6.924359399952760953e-04
2.515548020268332493e+03 1.040126884607335001e+01 6.916902639294193484e-04
2.515554965329743027e+03 1.039940266719167461e+01 6.908732228977338503e-04
2.515561910390920275e+03 1.039893938489890601e+01 6.906323994214248058e-04
2.515568855452332173e+03 1.040009571884354678e+01 6.914357012484005031e-04
2.515575800513510330e+03 1.039934913286404772e+01 6.908164334626416695e-04
2.515582745574688488e+03 1.040287539402428862e+01 6.929545672096134451e-04
2.515589690635633360e+03 1.040043351663568494e+01 6.914598090211884285e-04
2.515596635696578232e+03 1.040131421939406131e+01 6.915706131289610890e-04
2.515603580757523559e+03 1.040044453996783425e+01 6.914794660265400012e-04
2.515610525818236511e+03 1.039896524405329181e+01 6.903386375353001356e-04
2.515617470878948097e+03 1.040057114101337099e+01 6.913050289867666773e-04
2.515624415939660594e+03 1.040113461555477947e+01 6.917433196939265852e-04
2.515631361000139805e+03 1.040299791395122320e+01 6.928997656825380651e-04
2.515638306060619470e+03 1.040219054303275925e+01 6.918973372798521791e-04
2.515645251121099591e+03 1.040319374928714247e+01 6.926356066696233221e-04
2.515652196181345516e+03 1.040318690372491872e+01 6.922833324089977059e-04
2.515659141241591897e+03 1.040196603230209860e+01 6.912710390029497710e-04
2.515666086301606356e+03 1.040408602821698913e+01 6.926588168570849786e-04
2.515673031361619906e+03 1.040464030344928936e+01 6.927558780362575016e-04
2.515679976421633455e+03 1.040805102754544542e+01 6.944380742662202566e-04
2.515686921481647914e+03 1.040642284424791875e+01 6.934729679935436016e-04
2.515693866541429543e+03 1.040825124274649838e+01 6.947375874409753797e-04
2.515700811600976976e+03 1.040888707599157570e+01 6.950655346891687278e-04
2.515707756660758605e+03 1.040842090611514870e+01 6.946159664671206239e-04
2.515714701720306493e+03 1.040998034968964880e+01 6.954235803527145880e-04
2.515721646779854382e+03 1.040984012498278410e+01 6.952725835615640145e-04
2.515728591839169439e+03 1.040778725008682670e+01 6.937915905634654519e-04
2.515735536898484952e+03 1.041046648557484922e+01 6.954939196821257469e-04
2.515742481957568089e+03 1.040905026131643751e+01 6.945217061840978793e-04
2.515749427016883601e+03 1.041005853272845272e+01 6.950221933983812949e-04
2.515756372075965373e+03 1.040850567721146724e+01 6.943321342040799024e-04
2.515763317134815225e+03 1.040951875624844725e+01 6.947683438510651472e-04
2.515770262193897906e+03 1.040896620145639062e+01 6.943192461475495994e-04
2.515777207252514927e+03 1.041139309809545388e+01 6.956943991772917635e-04
2.515784152311364778e+03 1.041229464527953219e+01 6.964189889393666757e-04
2.515791097369980889e+03 1.040900765188372823e+01 6.943343828200069330e-04
2.515798042428597910e+03 1.040848592473472856e+01 6.941905730213865453e-04
2.515804987486983009e+03 1.040890800357493262e+01 6.944770426747605202e-04
2.515811932545600030e+03 1.040934387672749750e+01 6.946574398807863100e-04
2.515818877603750479e+03 1.040843724301331363e+01 6.944786296813092652e-04
2.515825822662134669e+03 1.040977956342848998e+01 6.954097148790759891e-04
2.515832767720285574e+03 1.040732594341422512e+01 6.938954502068377756e-04
2.515839712778436478e+03 1.040700882110644621e+01 6.940913182344541753e-04
2.515846657836355007e+03 1.040548458275653765e+01 6.932560622582722726e-04
2.515853602894273536e+03 1.040447154516744099e+01 6.928790723362345276e-04
2.515860547952191610e+03 1.040376423689840024e+01 6.928259111649029628e-04
2.515867493009876853e+03 1.039970422575615849e+01 6.906475095284045655e-04
2.515874438067562551e+03 1.040058405834851207e+01 6.918304199690842975e-04
2.515881383125248249e+03 1.039723757721345088e+01 6.901406896395468607e-04
2.515888328182702026e+03 1.039397621796495130e+01 6.886328811144671984e-04
2.515895273240153529e+03 1.039303645050070557e+01 6.881878923423997768e-04
2.515902218297374475e+03 1.038984135203513226e+01 6.870983255482508191e-04
2.515909163354826887e+03 1.038842794600310881e+01 6.867388391227970687e-04
2.515916108411813184e+03 1.038520642464329669e+01 6.850983974913404939e-04
2.515923053469033675e+03 1.038248077981353923e+01 6.841899458316903987e-04
2.515929998526020881e+03 1.038125649523734495e+01 6.838080444100337520e-04
2.515936943583007633e+03 1.037630960584403006e+01 6.815432336609138090e-04
2.515943888639762008e+03 1.037676438467122075e+01 6.822151143922955624e-04
2.515950833696748305e+03 1.037343553956415043e+01 6.808107975824677447e-04
2.515957778753270304e+03 1.037023497998798582e+01 6.793979653197075108e-04
2.515964723810024225e+03 1.036935048109620716e+01 6.793132529570847147e-04
2.515971668866544860e+03 1.036804132259602973e+01 6.792119273562979669e-04
2.515978613923067314e+03 1.036389913296532583e+01 6.771683545898396061e-04
2.515985558979356028e+03 1.036253075093616083e+01 6.764951944114863062e-04
2.515992504035644743e+03 1.036203951669775414e+01 6.766047684477081645e-04
2.515999449091933457e+03 1.035946167451146493e+01 6.754547632254789390e-04
2.516006394147988431e+03 1.035638042676966641e+01 6.740691440871512952e-04
2.516013339204044314e+03 1.035508203032933672e+01 6.733955484728463767e-04
2.516020284265921418e+03 1.035647839483979382e+01 6.744491310766853468e-04
2.516027229321744016e+03 1.035388300015624274e+01 6.728937328354718138e-04
2.516034174377566615e+03 1.035387743866094290e+01 6.733808964964257135e-04
2.516041119433390577e+03 1.035311259163723285e+01 6.729807319264181258e-04
2.516048064488979890e+03 1.035174564638164618e+01 6.724577203389893064e-04
2.516055009544570567e+03 1.035266382099623250e+01 6.731226592243313295e-04
2.516061954599927503e+03 1.035010789037833234e+01 6.715985623874234445e-04
2.516068899655284895e+03 1.034969642735273965e+01 6.714861040348524572e-04
2.516075844710641377e+03 1.034889761605809078e+01 6.712666270735070592e-04
2.516082789765998314e+03 1.034879762754582266e+01 6.710365841561742421e-04
2.516089734821122420e+03 1.034904110276740852e+01 6.713593666918967438e-04
2.516096679876247890e+03 1.035109729827143532e+01 6.725759885506180091e-04
2.516103624931139620e+03 1.035048465932311856e+01 6.716871711155738807e-04
2.516110569986030896e+03 1.035027356839738566e+01 6.718199558795992553e-04
2.516117515040922626e+03 1.034942152204666677e+01 6.713225050189293658e-04
2.516124460095581526e+03 1.035118464776847702e+01 6.722546888265305961e-04
2.516131405150239971e+03 1.035210771158466336e+01 6.728225510707028538e-04
2.516138350204898416e+03 1.035158173837247020e+01 6.722363583478363144e-04
2.516145295259324485e+03 1.035223300678547353e+01 6.727868047371344390e-04
2.516152240313750553e+03 1.035170894026588684e+01 6.720226670306086829e-04
2.516159185368177532e+03 1.035396034519014563e+01 6.729717494543440348e-04
2.516166130422369861e+03 1.035509554743881289e+01 6.737774538510222719e-04
2.516173075476562644e+03 1.035490759210311928e+01 6.735443958401873300e-04
2.516180020530755883e+03 1.035570152355155038e+01 6.737163560667162442e-04
2.516186965584715836e+03 1.035881749669033169e+01 6.752455990644701126e-04
2.516193910638675789e+03 1.035894636397892121e+01 6.749965642229929525e-04
2.516200855692637106e+03 1.035990610325187156e+01 6.751808049709153879e-04
2.516207800746364228e+03 1.036408023257444455e+01 6.774500680129203964e-04
2.516214745800091350e+03 1.036374173219152617e+01 6.772552672998498769e-04
2.516221690853587006e+03 1.036412376614861586e+01 6.773069781939367907e-04
2.516228635907081298e+03 1.036579240479728092e+01 6.777422158456917469e-04
2.516235580960575589e+03 1.036677241007388517e+01 6.782979942605301500e-04
2.516242526014070336e+03 1.036649169681299831e+01 6.780051981770290111e-04
2.516249471067331797e+03 1.036682155433716623e+01 6.780254298285479314e-04
2.516256416120593713e+03 1.036730749456494927e+01 6.782431724463432610e-04
2.516263361173621888e+03 1.036864489954713520e+01 6.787435480038186367e-04
2.516270306226650973e+03 1.036903189919481427e+01 6.791435493252993318e-04
2.516277251279680968e+03 1.037193433975568446e+01 6.806468408459226491e-04
2.516284196332476313e+03 1.037111579552482077e+01 6.800357794288551744e-04
2.516291141385272567e+03 1.036953002144904268e+01 6.791525265148777362e-04
2.516298086438068822e+03 1.037126032295750733e+01 6.804259818863830911e-04
2.516305031490631336e+03 1.037219135642655665e+01 6.803913630476825453e-04
2.516311976543194305e+03 1.037199140212577042e+01 6.802865416912921891e-04
2.516318921595759093e+03 1.037069648380509079e+01 6.797028836664903689e-04
2.516325866648089686e+03 1.036973627644067086e+01 6.791531874079066245e-04
2.516332811700419370e+03 1.036995628947470216e+01 6.792541518909755039e-04
2.516339756752749963e+03 1.036908582003700730e+01 6.789644905602804396e-04
2.516346701804847726e+03 1.036820438376667219e+01 6.786730657672378729e-04
2.516353646856945488e+03 1.036635694292686871e+01 6.776817617462726866e-04
2.516360591908809965e+03 1.036731619737506271e+01 6.785584799554455083e-04
2.516367536960907273e+03 1.036699879498306309e+01 6.785059987511700202e-04
2.516374482012772660e+03 1.036411134795859113e+01 6.771773035934676921e-04
2.516381427064405216e+03 1.036163647360102225e+01 6.756765138878389121e-04
2.516388372116037317e+03 1.036549460631568564e+01 6.783385138591246401e-04
2.516395317167668509e+03 1.036356162969067007e+01 6.773026414583504812e-04
2.516402262219300610e+03 1.036070418650973934e+01 6.760539471728306462e-04
2.516409207270699881e+03 1.035938061287803791e+01 6.751715083399416643e-04
2.516416152321865411e+03 1.035872164269604845e+01 6.747721211723851920e-04
2.516423097373265591e+03 1.035724553324616437e+01 6.744265208694280979e-04
2.516430042424431122e+03 1.035701851106924742e+01 6.746405092719983841e-04
2.516436987475597562e+03 1.035533810545318190e+01 6.739286032900790964e-04
2.516443932526532080e+03 1.035452623993209009e+01 6.734464117775623140e-04
2.516450877577464780e+03 1.036015397555572193e+01 6.775579830474239180e-04
2.516457822628397935e+03 1.034930292353134007e+01 6.711862462250790026e-04
2.516464767679099623e+03 1.034509626773041191e+01 6.698858327125686591e-04
2.516471712729799037e+03 1.034694866602841579e+01 6.705964306263938928e-04
2.516478657780499361e+03 1.034707917996173698e+01 6.707103176008877895e-04
2.516485602830968674e+03 1.034639683212752992e+01 6.705710407376793032e-04
2.516492547881436167e+03 1.034379979230876323e+01 6.693926847348213513e-04
2.516499492931904115e+03 1.034326916047369593e+01 6.691853092819338147e-04
2.516506437982138777e+03 1.034297499022417632e+01 6.691306761791648372e-04
2.516513383032373895e+03 1.033933799610484350e+01 6.672977134768284715e-04
2.516520328082608557e+03 1.034012580926465397e+01 6.679076412142233472e-04
2.516527273132610389e+03 1.033811094698900135e+01 6.670487072762885895e-04
2.516534218182613131e+03 1.033663266434077421e+01 6.661307212482144935e-04
2.516541163232382587e+03 1.033602177761069285e+01 6.665734846181254171e-04
2.516548108282384419e+03 1.033656885101795808e+01 6.666570613511947109e-04
2.516555053331921044e+03 1.033664562917334528e+01 6.666989039429573440e-04
2.516561998381690046e+03 1.033624216523764616e+01 6.667660962735455108e-04
2.516568943431227581e+03 1.033866080864463832e+01 6.680049749810330114e-04
2.516575888480763751e+03 1.033658061729868116e+01 6.665135069548795308e-04
2.516582833530066637e+03 1.033818560364558614e+01 6.675237121939978395e-04
2.516589778579603262e+03 1.033729261869279981e+01 6.667943600356032860e-04
2.516596723628674226e+03 1.033798987936667935e+01 6.670767147744081265e-04
2.516603668677978476e+03 1.033712296518479867e+01 6.664442351035678846e-04
2.516610613727049440e+03 1.033939369569770506e+01 6.677487043455556390e-04
2.516617558776119495e+03 1.033994735412875343e+01 6.681994460037147176e-04
2.516624503824957628e+03 1.033991945594611828e+01 6.675669357892167035e-04
2.516631448873796217e+03 1.034218282713773363e+01 6.688474580794214830e-04
2.516638393922633441e+03 1.034350604908486382e+01 6.695981019176956185e-04
2.516645338971238743e+03 1.034401473279652173e+01 6.696319123275374773e-04
2.516652284019844501e+03 1.034599110824949264e+01 6.705241554615930678e-04
2.516659229068449349e+03 1.034367438351813995e+01 6.692686743972978700e-04
2.516666174116821367e+03 1.034512485989291086e+01 6.696311741860263471e-04
2.516673119165193839e+03 1.034764132850039609e+01 6.708317821243413000e-04
2.516680064213566766e+03 1.034774058164692434e+01 6.708160330745623718e-04
2.516687009261705953e+03 1.035008781023123881e+01 6.718752079638008572e-04
2.516693954309845594e+03 1.035095818027116543e+01 6.720673069179049783e-04
2.516700899357984781e+03 1.035165887673669793e+01 6.722258414000493879e-04
2.516707844405891592e+03 1.035207757502378811e+01 6.721357442623899191e-04
2.516714789453798403e+03 1.035386614739340594e+01 6.730701755014353296e-04
2.516721734501473293e+03 1.035506377668861155e+01 6.737337693453774798e-04
2.516728679549378285e+03 1.035594558092138406e+01 6.737439161043029621e-04
2.516735624596819889e+03 1.035805520028764093e+01 6.745801719302075205e-04
2.516742569644494324e+03 1.036040457054781427e+01 6.758410771530837767e-04
2.516749514691934564e+03 1.035884528913325653e+01 6.750059285181870400e-04
2.516756459739376169e+03 1.036147231396196844e+01 6.762900577160896841e-04
2.516763404786584033e+03 1.036224785094619527e+01 6.762436051382210911e-04
2.516770349834025637e+03 1.036135509083038109e+01 6.755338489872718399e-04
2.516777294881001581e+03 1.036347081580296248e+01 6.767300663675712225e-04
2.516784239928208535e+03 1.036512361767712065e+01 6.774111828191836703e-04
2.516791184975184024e+03 1.036639066037757573e+01 6.779297092922918593e-04
2.516798130022159967e+03 1.036528259378805039e+01 6.770851110140776096e-04
2.516805075068901715e+03 1.036597006069440674e+01 6.774102287362991420e-04
2.516812020115643918e+03 1.036792114677566268e+01 6.782770096069575070e-04
2.516818965162387485e+03 1.036760129999135316e+01 6.783462223239096348e-04
2.516825910208896403e+03 1.036833607879737329e+01 6.785678740772982083e-04
2.516832855255406685e+03 1.036803551906469245e+01 6.785695139496382335e-04
2.516839800301916512e+03 1.036889792480640260e+01 6.790825607991723056e-04
2.516846745348193508e+03 1.036739902696328031e+01 6.780183909731890037e-04
2.516853690394470050e+03 1.036656195690035531e+01 6.776366162889994492e-04
2.516860635440746591e+03 1.036838833528353909e+01 6.787150419518820548e-04
2.516867580486790757e+03 1.036609115114063862e+01 6.773805521844094126e-04
2.516874525532834923e+03 1.036641649204412197e+01 6.777880727731235965e-04
2.516881470578879544e+03 1.036456749173084724e+01 6.769749101929530173e-04
2.516888415624690424e+03 1.036607162004193761e+01 6.776958761911968223e-04
2.516895360670500850e+03 1.036470858234327608e+01 6.772727493646610655e-04
2.516902305716313094e+03 1.036444792538908466e+01 6.772448069711234104e-04
2.516909250761890689e+03 1.036332912273440066e+01 6.766242048710496143e-04
2.516916195807468284e+03 1.036222039723011967e+01 6.762752215543200822e-04
2.516923140852814413e+03 1.036172391800282888e+01 6.759059906927990377e-04
2.516930085898393372e+03 1.036210314291231960e+01 6.763445044311946781e-04
2.516937030943739046e+03 1.035721459254850707e+01 6.738639923142262546e-04
2.516943975988851889e+03 1.035821725928315828e+01 6.745463189497387336e-04
2.516950921033963823e+03 1.035923179135888716e+01 6.753557583984371370e-04
2.516957866079076666e+03 1.035701375750073083e+01 6.741978737324766380e-04
2.516964811124189964e+03 1.035588454470675046e+01 6.737968787660064121e-04
2.516999536347891080e+03 1.034986951916111586e+01 6.716470288742961174e-04
2.517006481392304977e+03 1.034636431483835040e+01 6.698630501627949587e-04
2.517013426436718873e+03 1.034679901642229183e+01 6.705018488847344204e-04
2.517020371481133225e+03 1.034860281697038964e+01 6.714957331317022993e-04
2.517027316525314745e+03 1.034514389989403327e+01 6.695579757673703189e-04
2.517034261569496266e+03 1.034398786276124405e+01 6.694653450032919412e-04
2.517041206613677787e+03 1.034279814483057436e+01 6.687886531996513990e-04
2.517048151657626477e+03 1.034349504985214274e+01 6.692997024639686567e-04
2.517055096701576076e+03 1.034164033363360069e+01 6.681315169986842915e-04
2.517062041745523857e+03 1.034103080451051149e+01 6.680457721577778537e-04
2.517068986789239716e+03 1.034093756338932657e+01 6.681171250551504529e-04
2.517075931832955575e+03 1.034267289772189002e+01 6.688946987420935466e-04
2.517082876876670525e+03 1.034176224005958566e+01 6.683799904634911502e-04
2.517089821920153554e+03 1.034171917124808537e+01 6.684641647099616142e-04
2.517096766963637492e+03 1.033896630200593059e+01 6.668851622707034753e-04
2.517103712007120066e+03 1.034152949366599472e+01 6.682071424609161998e-04
2.517110657050369809e+03 1.034265430201169700e+01 6.689738067441197570e-04
2.517117602093620008e+03 1.034221363553277762e+01 6.683442745473162742e-04
2.517124547136870206e+03 1.034374245002763537e+01 6.690573609667026288e-04
2.517131492179887573e+03 1.034491082707819487e+01 6.695545160353682385e-04
2.517138437222904486e+03 1.034669022706477115e+01 6.704759554347753704e-04
2.517145382265689022e+03 1.034596196447359340e+01 6.697983773984432119e-04
2.517152327308473559e+03 1.034739816766556686e+01 6.703274669883196174e-04
2.517159272351257641e+03 1.034824549393783144e+01 6.706808163935548597e-04
2.517166217394041269e+03 1.035053217241905976e+01 6.717765386389536577e-04
2.517173162436592975e+03 1.035254161560579611e+01 6.725621847172864182e-04
2.517180107479145590e+03 1.035420315558141802e+01 6.732141501159846341e-04
2.517187052521464011e+03 1.035402305881964580e+01 6.727277725901892238e-04
2.517193997563781977e+03 1.035490715744082735e+01 6.729889474527683824e-04
2.517200942606101307e+03 1.035784551437719792e+01 6.742437076121116351e-04
2.517207887648188262e+03 1.036197851284283011e+01 6.761856991640041899e-04
2.517214832690506228e+03 1.036046694217246156e+01 6.750455388808846704e-04
2.517221777732359442e+03 1.036474250383312246e+01 6.772932473511947922e-04
2.517228722774445941e+03 1.036589807379725059e+01 6.776271528404700798e-04
2.517235667816299156e+03 1.036814549826758025e+01 6.784119155974192459e-04
2.517242612857919539e+03 1.036779412549159574e+01 6.778763342458798882e-04
2.517249557899771844e+03 1.037088359610931043e+01 6.792284214795660203e-04
2.517256502941392682e+03 1.037280152587306681e+01 6.803463256397154638e-04
2.517263447983012611e+03 1.037247426043616016e+01 6.798364833041674804e-04
2.517270393024400164e+03 1.037470498043708567e+01 6.809724312486569679e-04
2.517277338065787262e+03 1.037346188180922191e+01 6.800775773454641486e-04
2.517284283106941984e+03 1.037669250684992939e+01 6.817916423510140189e-04
2.517291228148330447e+03 1.037786058165593772e+01 6.818755592387068564e-04
2.517298173189484260e+03 1.037936349528488655e+01 6.826794866061430215e-04
2.517305118230405242e+03 1.037923482296671907e+01 6.823150936009128977e-04
2.517312063271560419e+03 1.038146152704523217e+01 6.836252205445191585e-04
2.517319008312481856e+03 1.038091516753309307e+01 6.830376800940591393e-04
2.517325953353170917e+03 1.038240712792258513e+01 6.838754794469883167e-04
2.517332898393859978e+03 1.038237932771586891e+01 6.836207992950125729e-04
2.517339843434549039e+03 1.038303540175347628e+01 6.839121131925548916e-04
2.517346788475238100e+03 1.038440045664151334e+01 6.844726895978630677e-04
2.517353733515694330e+03 1.038527663788113742e+01 6.850654063888503070e-04
2.517360678556151015e+03 1.038470735297016390e+01 6.844888015873741918e-04
2.517367623596373960e+03 1.038475135153346329e+01 6.843986528758862903e-04
2.517374568636596905e+03 1.038614858741302704e+01 6.849069057809242149e-04
2.517381513676820759e+03 1.038801595052142623e+01 6.861491685807651715e-04
2.517388458717043250e+03 1.039009456581159263e+01 6.872379552893901743e-04
2.517395403757033819e+03 1.038565138381644282e+01 6.848465582547957117e-04
2.517402348797024842e+03 1.038781928745621208e+01 6.857904465238024490e-04
2.517409293836783036e+03 1.038696013957679121e+01 6.853415531034213635e-04
2.517416238876539410e+03 1.038781934762023873e+01 6.857609873677731477e-04
2.517423183916298058e+03 1.038852024457763257e+01 6.862453555457877306e-04
2.517430128955822511e+03 1.038672629191653485e+01 6.854535950541815323e-04
2.517437073995346509e+03 1.038695690751021594e+01 6.856998853642980521e-04
2.517444019034871417e+03 1.038620253019266748e+01 6.850677002859346335e-04
2.517450964074397234e+03 1.038454530507183726e+01 6.842108383924121184e-04
2.517457909113688402e+03 1.038581957528742983e+01 6.853222744604462683e-04
2.517464854152748558e+03 1.038407337043183176e+01 6.841612697986351179e-04
2.517471799192040635e+03 1.038318502452420766e+01 6.838195445632173344e-04
2.517478744231098972e+03 1.038499217888292314e+01 6.849614219313220108e-04
2.517485689269925388e+03 1.038083300688882638e+01 6.826088380077209626e-04
2.517492634308984634e+03 1.038286551516791967e+01 6.838980170602586457e-04
2.517499579347811050e+03 1.038247849557165914e+01 6.840310749050139243e-04
2.517506524386404635e+03 1.037942098638980681e+01 6.824706718844608449e-04
2.517513469424998675e+03 1.038030565203238531e+01 6.830137437667607465e-04
2.517520414463591806e+03 1.037884122949743748e+01 6.823870247575929051e-04
2.517527359502184481e+03 1.037897359298777822e+01 6.825404624445790842e-04
2.517534304540545691e+03 1.037756146876268026e+01 6.820343959425057608e-04
2.517541249578906445e+03 1.037737650159554015e+01 6.820172626253586745e-04
2.517548194617266745e+03 1.037626347966774354e+01 6.815574452769849415e-04
2.517555139655394669e+03 1.037473679453461450e+01 6.806631817449014347e-04
2.517562084693523502e+03 1.037346413081256458e+01 6.802088165819712750e-04
2.517569029731418141e+03 1.037467087935451282e+01 6.808397350882468150e-04
2.517575974769312779e+03 1.037478295231983516e+01 6.810290149468675161e-04
2.517582919807207418e+03 1.037331190533054937e+01 6.799537266113401743e-04
2.517589864845102966e+03 1.037493382929748797e+01 6.809773508102569652e-04
2.517596809882765228e+03 1.037544789842508841e+01 6.813443324639775322e-04
2.517603754920427491e+03 1.037434885464738521e+01 6.804549215526943312e-04
2.517610699957856468e+03 1.037582185230108323e+01 6.812468805865957641e-04
2.517617644995285445e+03 1.037545044441201725e+01 6.810615808626473188e-04
2.517624590032715332e+03 1.037735907267820679e+01 6.820722131823660044e-04
2.517631535069911934e+03 1.037605517228880636e+01 6.811093034053021305e-04
2.517638480107107625e+03 1.037910830326258171e+01 6.825861466263951618e-04
2.517645425144304681e+03 1.038010806677301368e+01 6.828308137149479004e-04
2.517652370181501283e+03 1.038027772988431785e+01 6.831587431275934312e-04
2.517659315218465053e+03 1.038248367991141841e+01 6.839010968379473799e-04
2.517666260255195539e+03 1.038550824958813834e+01 6.849673841762233617e-04
2.517673205292159764e+03 1.038539301444220087e+01 6.846812457982112384e-04
2.517680150328890704e+03 1.038743921358264366e+01 6.854768008415344392e-04
2.517687095365388359e+03 1.039070224205506321e+01 6.871850698212023014e-04
2.517694040402119754e+03 1.039292253956565126e+01 6.878006696211688654e-04
2.517700985438616954e+03 1.039564845945693428e+01 6.888919645726809121e-04
2.517707930474882232e+03 1.039738740080812462e+01 6.894501111810309420e-04
2.517714875511147511e+03 1.040053782207673905e+01 6.904802589264812107e-04
2.517721820547412335e+03 1.040258406719927997e+01 6.916421133468680406e-04
2.517728765583677614e+03 1.040571133340915289e+01 6.924905684037692888e-04
2.517735710619710517e+03 1.040755524673240728e+01 6.933268503272159433e-04
2.517742655655743420e+03 1.041196998908704963e+01 6.953693470113759493e-04
2.517749600691774958e+03 1.041341872319462070e+01 6.958991930354079024e-04
2.517756545727574576e+03 1.041561116319485336e+01 6.965568229293716499e-04
2.517763490763374648e+03 1.041893310875716061e+01 6.980704107404371757e-04
2.517770435798940525e+03 1.042227653086218453e+01 6.996289323256437613e-04
2.517777380834506857e+03 1.042186630613608322e+01 6.989104260129065530e-04
2.517784325870074554e+03 1.042602289024951467e+01 7.010734792556883857e-04
2.517791270905640886e+03 1.042591457094932572e+01 7.004839925512175479e-04
2.517798215940974387e+03 1.043153910844727150e+01 7.034269591455808270e-04
2.517805160976308343e+03 1.042956285315742271e+01 7.018033951032268038e-04
2.517812106011410378e+03 1.043457173217787037e+01 7.045590249913130567e-04
2.517819051046511049e+03 1.043382379104646418e+01 7.038940049609911922e-04
2.517825996081611265e+03 1.043770171434805327e+01 7.060001922896880005e-04
2.517832941116480470e+03 1.043742919685344006e+01 7.053915136548513827e-04
2.517839886151347855e+03 1.043822788004036717e+01 7.055720604701552637e-04
2.517846831186216605e+03 1.043856427781062735e+01 7.057641275693046215e-04
2.517853776221085354e+03 1.044181594856785544e+01 7.076016645896387233e-04
2.517860721255719909e+03 1.043942267824490244e+01 7.062057345470916687e-04
2.517867666290122543e+03 1.044054940850348778e+01 7.067993783940083267e-04
2.517874611324758007e+03 1.044014918367166267e+01 7.066010271744627190e-04
2.517881556359161095e+03 1.044143785346962616e+01 7.068390282287088803e-04
2.517888501393330444e+03 1.044015236998849083e+01 7.061760526040791698e-04
2.517895446427733077e+03 1.044108615716500310e+01 7.070677840010633139e-04
2.517902391461670504e+03 1.044236421496343858e+01 7.075443547118406840e-04
2.517909336495839852e+03 1.043875783814608305e+01 7.054958786273533757e-04
2.517916281529775915e+03 1.044084965575771839e+01 7.066606681931208566e-04
2.517923226563713342e+03 1.044122390528630184e+01 7.069961929400833895e-04
2.517930171597649860e+03 1.044222938762740149e+01 7.075627949069146104e-04
2.517937116631354002e+03 1.044010744217412068e+01 7.066000741211327790e-04
2.517944061665058598e+03 1.044001625895342400e+01 7.064572562223802969e-04
2.517951006698529909e+03 1.043798448551183533e+01 7.055400742849358931e-04
2.517957951732234505e+03 1.043755362271929066e+01 7.048036084018320007e-04
2.517964896765704907e+03 1.044050139463386273e+01 7.072112877258367701e-04
2.517971841798943387e+03 1.043859290824483743e+01 7.058749838119478129e-04
2.517978786832181413e+03 1.044011971204735545e+01 7.069023951951625400e-04
2.517985731865419893e+03 1.043668987845509655e+01 7.050356148799346353e-04
2.517992676898425998e+03 1.043689081878865288e+01 7.051366211219224286e-04
2.517999621931664478e+03 1.043793301056231471e+01 7.059222279843822357e-04
2.518006566964436388e+03 1.043572908003292454e+01 7.047725379884828582e-04
2.518013511997442947e+03 1.043545780700225301e+01 7.045886238719254986e-04
2.518020457030215766e+03 1.043569352579907417e+01 7.047056180799542114e-04
2.518027402062987676e+03 1.043334494916583211e+01 7.033100969959739292e-04
2.518034347095528119e+03 1.043296096107629012e+01 7.032625951941599797e-04
2.518041292128068562e+03 1.043507789205009573e+01 7.046222239246552029e-04
2.518048237160607641e+03 1.043267205526816888e+01 7.033644126122268799e-04
2.518055182192914344e+03 1.043128861572341748e+01 7.028657213833796810e-04
2.518062127225221957e+03 1.043132788233264030e+01 7.026762864943017581e-04
2.518069072257529569e+03 1.043213072520659601e+01 7.030068862727548900e-04
2.518076017289602987e+03 1.043293686319861457e+01 7.037146689560541029e-04
2.518082962321677769e+03 1.043300782108495817e+01 7.037516613812625464e-04
2.518089907353752551e+03 1.043116718970842705e+01 7.028682302753251144e-04
2.518096852385594048e+03 1.043366495351448719e+01 7.039896843477811599e-04
2.518103797417434635e+03 1.043097824835194665e+01 7.022698435312843676e-04
2.518110742449043755e+03 1.042991134445876256e+01 7.017305170632601738e-04
2.518117687480885252e+03 1.043406387444222361e+01 7.044588222055465226e-04
2.518124632512260632e+03 1.043152049578617202e+01 7.025459707891491042e-04
2.518131577543869753e+03 1.043379022662762701e+01 7.040122940938287792e-04
2.518138522575245588e+03 1.043446853857077983e+01 7.041881759853734239e-04
2.518145467606620969e+03 1.043439147524436450e+01 7.039103141788574918e-04
2.518152412637763973e+03 1.043584749833678238e+01 7.047894060617438446e-04
2.518159357669139354e+03 1.043489465055834309e+01 7.040108507905946901e-04
2.518166302700049528e+03 1.043920793616637077e+01 7.061129279370121194e-04
2.518173247731192532e+03 1.043706280883836257e+01 7.046929525421432878e-04
2.518180192762103161e+03 1.044139394719522329e+01 7.070336703763739107e-04
2.518187137793012880e+03 1.044140871676367688e+01 7.067455554917949747e-04
2.518194082823689314e+03 1.044435822705417571e+01 7.082078536862137109e-04
2.518201027854367567e+03 1.044754035067327358e+01 7.097486952450275189e-04
2.518207972885044910e+03 1.044855493859707174e+01 7.101594450727802006e-04
2.518214917915488968e+03 1.044977734570788463e+01 7.103010805337574935e-04
2.518221862945933481e+03 1.045070655890665101e+01 7.108091328414080845e-04
2.518228807976377993e+03 1.045149050522774381e+01 7.107273087147263904e-04
2.518235753006589221e+03 1.045414126593692217e+01 7.118751902985223255e-04
2.518242698036800903e+03 1.045932642481324315e+01 7.144553097143146493e-04
2.518249643067012585e+03 1.045965874496556935e+01 7.141244715007628125e-04
2.518256588096991436e+03 1.046330549001081955e+01 7.158118919890561933e-04
2.518263533126970287e+03 1.046593701671552523e+01 7.169759475584235563e-04
2.518270478156948229e+03 1.046662010483957950e+01 7.168954489320787399e-04
2.518277423186695614e+03 1.047316286877503266e+01 7.206357641433980407e-04
2.518284368216441180e+03 1.047284148717209717e+01 7.197941543839841668e-04
2.518291313245953461e+03 1.047784941937579539e+01 7.221215937547741277e-04
2.518298258275700391e+03 1.047714760169267123e+01 7.214637290559189212e-04
2.518305203304980751e+03 1.047872380452848340e+01 7.217707058039780302e-04
2.518312148334493941e+03 1.048249592798179641e+01 7.235936411724500084e-04
2.518319093363773391e+03 1.048462818791732509e+01 7.245956306858505197e-04
2.518326038393054205e+03 1.048737496768728228e+01 7.258653345232724896e-04
2.518332983422101279e+03 1.048858407831071737e+01 7.263471228579984227e-04
2.518339928451148353e+03 1.049017046761329119e+01 7.267161184231516824e-04
2.518346873480196336e+03 1.048862072057862349e+01 7.256229690964914082e-04
2.518353818509244775e+03 1.049351726456331413e+01 7.286444424777808408e-04
2.518360763538059018e+03 1.049625037575049014e+01 7.295949150832943715e-04
2.518367708566640431e+03 1.049840193043635139e+01 7.302281333843145279e-04
2.518374653595455584e+03 1.049811008020769876e+01 7.299633468053235309e-04
2.518381598624036542e+03 1.050008820211997751e+01 7.311018540700221216e-04
2.518388543652385579e+03 1.050099462275584372e+01 7.313855177403249825e-04
2.518395488680967901e+03 1.050147276675086161e+01 7.313334323484388692e-04
2.518402433709317393e+03 1.049995771710062975e+01 7.301960997309552785e-04
2.518409378737433144e+03 1.050558330456906120e+01 7.333153541213191908e-04
2.518416323765781272e+03 1.050617051494477217e+01 7.336112647467319227e-04
2.518423268793898387e+03 1.050669723985829762e+01 7.341487155883030281e-04
2.518430213821781763e+03 1.050713222662142243e+01 7.338573064326104917e-04
2.518437158849664229e+03 1.050994381342200512e+01 7.355825126376729041e-04
2.518444103877548514e+03 1.050864547700290963e+01 7.346487503833901535e-04
2.518451048905431890e+03 1.050808008569551966e+01 7.345027303704238040e-04
2.518457993933081525e+03 1.050817385366925372e+01 7.342785345614960806e-04
2.518464938960732070e+03 1.050718136348021936e+01 7.337156277687675431e-04
2.518471883988149784e+03 1.050828489117396636e+01 7.343096503928434700e-04
2.518478829015567953e+03 1.050664558263203929e+01 7.332520886686173626e-04
2.518485774042985213e+03 1.050824006303937175e+01 7.341474363476421447e-04
2.518492719070402927e+03 1.050992924286950547e+01 7.354564392038019085e-04
2.518499664097587811e+03 1.050729933063055377e+01 7.335754853000552239e-04
2.518506609124772694e+03 1.050703628015097912e+01 7.335965629034412946e-04
2.518513554151723838e+03 1.050680647637241272e+01 7.338123363124111074e-04
2.518520499178676346e+03 1.050574828738810673e+01 7.327510744929903539e-04
2.518527444205628399e+03 1.050629231717738143e+01 7.335388930392485038e-04
2.518534389232347621e+03 1.050866472283514597e+01 7.349050394024175250e-04
2.518541334259066844e+03 1.050608237931990097e+01 7.334067040141825948e-04
2.518548279285786521e+03 1.050594650411883002e+01 7.331733433877344209e-04
2.518555224312272458e+03 1.050432647913407358e+01 7.326983686185529424e-04
2.518562169338758395e+03 1.050413491308755454e+01 7.323062931302019201e-04
2.518569114365011956e+03 1.050528261805362540e+01 7.333644006800786553e-04
2.518576059391498347e+03 1.050517789970696292e+01 7.329036703197247754e-04
2.518583004417751908e+03 1.050534355129816788e+01 7.330012816320679789e-04
2.518589949443773094e+03 1.050505478972104534e+01 7.329587855047205386e-04
2.518596894469793824e+03 1.050295777981315659e+01 7.319457413690526413e-04
2.518603839495814100e+03 1.050389512342939646e+01 7.320910284072521717e-04
2.518610784521834375e+03 1.050411665877606993e+01 7.322911211972172327e-04
2.518617729547623185e+03 1.050477701303907452e+01 7.327369524846882344e-04
2.518624674573409720e+03 1.050183474517775828e+01 7.306373240198381054e-04
2.518631619598964335e+03 1.050694652536510176e+01 7.341386810660343633e-04
2.518638564624520768e+03 1.050603485339730803e+01 7.333079873269624741e-04
2.518645509650075837e+03 1.050843142872319369e+01 7.343872793110460540e-04
2.518652454675398076e+03 1.050868826330450823e+01 7.345882364002480043e-04
2.518659399700719405e+03 1.050895420009615222e+01 7.348174735920500389e-04
2.518666344726042553e+03 1.051002720058352047e+01 7.350045784006605225e-04
2.518673289751131506e+03 1.051107713688623413e+01 7.354437470857293387e-04
2.518680234776220004e+03 1.051205208997308915e+01 7.358055648357846642e-04
2.518687179801309412e+03 1.051454269732592017e+01 7.369735536747535395e-04
2.518694124826166899e+03 1.051474875628755434e+01 7.369988763454533376e-04
2.518701069851023476e+03 1.051764427226785870e+01 7.380285036548699280e-04
2.518708014875880053e+03 1.052036162889120341e+01 7.395414438775963807e-04
2.518714959900503345e+03 1.051993590280804369e+01 7.388349274880930085e-04
2.518721904925127546e+03 1.052279790062295639e+01 7.404186839704117321e-04
2.518728849949518462e+03 1.052439448808790523e+01 7.408189222292633005e-04
2.518735794974141754e+03 1.052834897159336869e+01 7.432411721522238536e-04
2.518742739998299385e+03 1.053289549164499483e+01 7.453097660604185394e-04
2.518749685022690755e+03 1.052967726483382371e+01 7.427602578752409875e-04
2.518756630046848386e+03 1.053705710786658933e+01 7.467990427353108718e-04
2.518763575071006926e+03 1.053639215012415242e+01 7.459809866783072372e-04
2.518770520094932635e+03 1.053910118679821828e+01 7.472532542226541273e-04
2.518777465118856981e+03 1.054449372963278009e+01 7.497695245532433545e-04
2.518784410142782690e+03 1.054833875442478863e+01 7.517179633650552086e-04
2.518791355166474659e+03 1.054820220938140274e+01 7.510885874924717875e-04
2.518798300190167083e+03 1.055104612084702431e+01 7.523437783176371635e-04
2.518805245213859507e+03 1.055431134671933435e+01 7.539957079251534281e-04
2.518812190237319555e+03 1.055463964799549181e+01 7.537137824373295932e-04
2.518819135260779603e+03 1.055637298359727083e+01 7.545140904075348315e-04
2.518826080284237833e+03 1.056069204605554113e+01 7.567572178930569420e-04
2.518833025312354494e+03 1.056095680107335433e+01 7.568464345373449465e-04
2.518839970335348426e+03 1.056457034099580206e+01 7.585693032525694934e-04
2.518846915358575643e+03 1.056875613216634591e+01 7.607571220417232247e-04
2.518853860381569120e+03 1.056937121974742588e+01 7.608330925520153526e-04
2.518860805404562598e+03 1.056722550424323437e+01 7.590624845212308805e-04
2.518867750427324609e+03 1.057257480258204829e+01 7.620943871260735464e-04
2.518874695450318086e+03 1.057366333461558128e+01 7.627865438960263053e-04
2.518881640472845447e+03 1.057641111876938744e+01 7.640990058052348367e-04
2.518888585495607458e+03 1.057285625459440226e+01 7.612271952719574120e-04
2.518895530518135274e+03 1.057913731645136046e+01 7.651878560167045323e-04
2.518902475540663090e+03 1.057810895803121198e+01 7.640918024458369373e-04
2.518909420562958530e+03 1.058223224214508740e+01 7.666234816312316640e-04
2.518916365585254425e+03 1.058033591000154416e+01 7.651456858244673736e-04
2.518923310607550320e+03 1.058261753943330241e+01 7.666249274150689326e-04
2.518930255629612930e+03 1.058452409472493194e+01 7.678146121785201341e-04
2.518937200651674630e+03 1.058624869983886896e+01 7.684086268303587158e-04
2.518944145673737694e+03 1.058343112067120551e+01 7.666527985954783115e-04
2.518951090695567018e+03 1.058003172704776773e+01 7.642835805923352092e-04
2.518958035717395887e+03 1.058485804055466240e+01 7.673027428275709183e-04
2.518964980738993290e+03 1.058714769964381297e+01 7.688984748493278912e-04
2.518971925760591603e+03 1.058525673656127886e+01 7.673205349053278685e-04
2.518978870782188096e+03 1.058790363099107701e+01 7.692143784189795809e-04
2.518985815803784590e+03 1.058365338478381545e+01 7.664176894993583559e-04
2.518992760825148252e+03 1.058479901555464053e+01 7.670222137259677126e-04
2.518999705846513280e+03 1.058419904361118391e+01 7.667789600455983271e-04
2.519006650867644566e+03 1.058599678795952137e+01 7.679951756310407929e-04
2.519013595888774944e+03 1.058541215115324796e+01 7.677172459988853333e-04
2.519020540909906686e+03 1.058626504317873085e+01 7.687067326649877838e-04
2.519027485930804687e+03 1.058534733931285210e+01 7.678560560616485165e-04
2.519034430951703598e+03 1.058552986281037356e+01 7.678402713954315126e-04
2.519041375972602509e+03 1.058512278195339285e+01 7.679362686784429798e-04
2.519048320993267225e+03 1.058767805360152181e+01 7.692504029111101515e-04
2.519055266013932851e+03 1.058628587845003288e+01 7.683649496864685758e-04
2.519062211034598477e+03 1.058501061147198108e+01 7.675649235976434457e-04
2.519069156055030817e+03 1.058525667979823837e+01 7.675698499406540540e-04
2.519076101075464521e+03 1.058788114936914049e+01 7.690701911248118937e-04
2.519083046095664031e+03 1.058681034782162911e+01 7.684553148094119650e-04
2.519089991115864450e+03 1.058929446810501318e+01 7.697303991371098018e-04
2.519096936136064414e+03 1.058746321332062656e+01 7.682385086428877635e-04
2.519103881156263924e+03 1.058704324901415994e+01 7.681126072856296009e-04
2.519110826176231512e+03 1.058958709326543079e+01 7.695948137909843249e-04
2.519117771195965361e+03 1.059095374881052543e+01 7.702249817073084526e-04
2.519124716215932494e+03 1.058942607253485590e+01 7.697314417889561736e-04
2.519131661235666343e+03 1.059225455584852504e+01 7.714209991159142257e-04
2.519138606255167360e+03 1.059102590291377943e+01 7.703266358761426446e-04
2.519145551274902573e+03 1.059168997488533925e+01 7.705307641219107757e-04
2.519152496294404500e+03 1.058882135660089929e+01 7.686693979626034456e-04
2.519159441313671778e+03 1.059264776780064743e+01 7.710637422457582374e-04
2.519166386332940419e+03 1.059180373484754689e+01 7.702905881203788666e-04
2.519173331352209971e+03 1.059329616872671842e+01 7.711249032551279045e-04
2.519180276371478612e+03 1.059441075124669673e+01 7.717794246986364997e-04
2.519187221390513969e+03 1.059553406472094395e+01 7.724552084909398070e-04
2.519194166409549325e+03 1.059938017256211928e+01 7.746284069088675735e-04
2.519201111428353670e+03 1.060000439969040009e+01 7.749718047346644892e-04
2.519208056447156650e+03 1.059970346665952157e+01 7.742068887823957100e-04
2.519215001465959176e+03 1.060189613379895412e+01 7.755961494234238623e-04
2.519221946484761247e+03 1.060021841053826996e+01 7.737275689955203919e-04
2.519228891503331852e+03 1.060550962408595943e+01 7.769623420012375164e-04
2.519235836521668716e+03 1.060182524104858359e+01 7.743427146823338419e-04
2.519242781540238411e+03 1.060521030818411781e+01 7.762028023237230092e-04
2.519249726558576640e+03 1.060831760704154014e+01 7.780397327973928709e-04
2.519256671576681583e+03 1.061020209772151723e+01 7.788469477784334570e-04
2.519263616594786072e+03 1.061217199196817695e+01 7.799114368637493798e-04
2.519270561612889651e+03 1.061402644460289757e+01 7.809076972919978604e-04
2.519277506630994594e+03 1.061541498073095191e+01 7.809801534037651887e-04
2.519284451648866707e+03 1.061569386795586034e+01 7.807116261875593922e-04
2.519291396666737455e+03 1.061821783990175483e+01 7.820437494243829635e-04
2.519298341684375828e+03 1.062323478432673163e+01 7.847510629502679183e-04
2.519305286702015565e+03 1.062452074800472168e+01 7.851671364549995613e-04
2.519312231719654392e+03 1.062602680731110816e+01 7.857161511846480224e-04
2.519319176737060388e+03 1.062825909392640433e+01 7.865173749259787503e-04
2.519326121754465930e+03 1.063200832163188458e+01 7.888074990546769085e-04
2.519333066771871927e+03 1.063227184727770158e+01 7.885165675990949601e-04
2.519340011789046002e+03 1.063456280801232801e+01 7.902572261074821769e-04
2.519346956806218259e+03 1.063663367471367671e+01 7.906248734296088829e-04
2.519353901823390970e+03 1.063942272200636019e+01 7.926169389506520406e-04
2.519360846840331760e+03 1.064158054790698493e+01 7.934102342216121928e-04
2.519367791857272550e+03 1.064045104823517640e+01 7.920627094076161537e-04
2.519374736873979600e+03 1.064322878351572577e+01 7.938829089218200647e-04
2.519381681890919936e+03 1.064182310970440071e+01 7.926684910634682708e-04
2.519388626907395064e+03 1.064587282206578145e+01 7.954881836783330796e-04
2.519395571924102114e+03 1.064516186583125901e+01 7.948538970167986096e-04
2.519402516940575424e+03 1.064602312757826397e+01 7.952148204446356575e-04
2.519409461957051462e+03 1.064632281417083171e+01 7.953693494043900586e-04
2.519416406973293306e+03 1.064576928140149725e+01 7.950501122784367101e-04
2.519437242021785551e+03 1.064727356947340731e+01 7.966302364197580055e-04
2.519444187037795473e+03 1.064303825116205893e+01 7.937344403354952126e-04
2.519451132053571200e+03 1.064180920175734357e+01 7.929799276641905526e-04
2.519458077069346473e+03 1.064159907222694734e+01 7.929438894259794278e-04
2.519465022085123564e+03 1.064274755999025324e+01 7.937125350990744451e-04
2.519471967100900201e+03 1.063994130218270229e+01 7.922066158793066980e-04
2.519478912116443553e+03 1.064029671969461788e+01 7.930046532358445794e-04
2.519485857131753619e+03 1.063734847366995240e+01 7.908176053909614020e-04
2.519492802147296516e+03 1.063749476625283030e+01 7.912043971427144351e-04
2.519499747162607491e+03 1.063629259543405503e+01 7.903004521355196359e-04
2.519506692177918012e+03 1.063839349793992461e+01 7.919033689163766654e-04
2.519513637192994338e+03 1.063631416341883629e+01 7.907478943720899073e-04
2.519520582208072938e+03 1.063841113069047317e+01 7.919597384895805340e-04
2.519527527222918252e+03 1.063713548754525107e+01 7.913599573215765546e-04
2.519534472237995942e+03 1.063457911609354056e+01 7.898169404859976079e-04
2.519541417252607971e+03 1.063457396162017332e+01 7.899909022322525219e-04
2.519548362267452376e+03 1.063267124106132400e+01 7.887498384752829588e-04
2.519555307282064405e+03 1.063217743060101128e+01 7.889475355393547450e-04
2.519562252296676888e+03 1.063155891155213872e+01 7.882688701136099157e-04
2.519569197311055632e+03 1.063239518173956455e+01 7.888399596372502529e-04
2.519576142325434375e+03 1.063127954558855492e+01 7.883903905602877024e-04
2.519583087339814028e+03 1.063141420352305033e+01 7.883391778307133595e-04
2.519590032353959941e+03 1.063193771657645392e+01 7.886201883593410046e-04
2.519596977368107218e+03 1.063086509202535268e+01 7.880798143711498487e-04
2.519603922382253586e+03 1.063456812913322835e+01 7.901528157647957950e-04
2.519610867396166213e+03 1.063375255485683013e+01 7.891077752853177616e-04
2.519617812410079750e+03 1.063409197960405272e+01 7.896300268783673030e-04
2.519624757423760002e+03 1.063622333714516621e+01 7.906722158841273827e-04
2.519631702437441618e+03 1.063479448767443003e+01 7.896541250029062318e-04
2.519638647451121869e+03 1.063750402551887575e+01 7.915042506623206015e-04
2.519645592464569745e+03 1.063735748836482564e+01 7.913649884492528078e-04
2.519652537478250906e+03 1.063889991057759232e+01 7.922787855509899179e-04
2.519659482491465951e+03 1.063748831494840452e+01 7.911396969542538061e-04
2.519666427504680996e+03 1.064133981858220679e+01 7.933563755418019184e-04
2.519673372517895586e+03 1.063977719669515487e+01 7.924868077193964822e-04
2.519680317531110632e+03 1.063973024458638506e+01 7.925611190491687469e-04
2.519687262544093755e+03 1.064254944539290015e+01 7.938984127030686809e-04
2.519694207557075060e+03 1.064113061059967258e+01 7.928770638829460166e-04
2.519701152570057275e+03 1.064395751707025539e+01 7.946277985998640879e-04
2.519708097582807568e+03 1.064268949767274997e+01 7.933228119813202396e-04
2.519715042595323666e+03 1.064748320574397589e+01 7.963586224375956545e-04
2.519721987608073050e+03 1.064612959260391278e+01 7.954374983519287012e-04
2.519728932620589603e+03 1.064849975219194889e+01 7.963316796419537755e-04
2.519735877633105702e+03 1.064765563884783717e+01 7.955761346661144014e-04
2.519742822645389424e+03 1.064846492415519208e+01 7.956231290424504131e-04
2.519749767657673146e+03 1.065100444009321912e+01 7.968230191139515214e-04
2.519756712669723584e+03 1.065355245438875365e+01 7.989073674635555284e-04
2.519763657681774930e+03 1.065478932058570116e+01 7.990763038356490412e-04
2.519770602693825822e+03 1.065892126751038482e+01 8.015512787315783559e-04
2.519777547705877168e+03 1.065932352988947152e+01 8.014135199480526637e-04
2.519784492717694775e+03 1.065862307398573172e+01 8.003240355839095609e-04
2.519791437729512381e+03 1.066301578707801845e+01 8.037104039289931327e-04
2.519798382741098521e+03 1.066825175726425989e+01 8.059732406176152181e-04
2.519805327752683297e+03 1.066739731013916348e+01 8.054951767323489551e-04
2.519812272764268073e+03 1.066915748638480643e+01 8.061924210041910991e-04
2.519819217775620928e+03 1.066923184107526090e+01 8.056664349071215132e-04
2.519826162786973327e+03 1.067180102658724650e+01 8.071167645609227939e-04
2.519833107798092897e+03 1.067545210521232590e+01 8.088204245201351074e-04
2.519840052809212466e+03 1.067772053408623734e+01 8.098043801919524790e-04
2.519846997820332035e+03 1.068102560004759560e+01 8.121065770574444108e-04
2.519853942831452059e+03 1.067998622771473549e+01 8.105159157631646686e-04
2.519860887842337888e+03 1.068147806745070305e+01 8.118564137290276142e-04
2.519867832852991341e+03 1.068191521352890838e+01 8.119314460272973469e-04
2.519874777863878990e+03 1.068475201855234680e+01 8.132068059921150832e-04
2.519881722874532898e+03 1.068481475131870795e+01 8.133383724805199905e-04
2.519888667884953975e+03 1.068495215000358378e+01 8.133052534196014453e-04
2.519895612895607428e+03 1.068609609467889143e+01 8.138622940908116481e-04
2.519902557905796129e+03 1.068380225550020768e+01 8.122740339189537823e-04
2.519909502916217662e+03 1.068638307909426644e+01 8.138745502520999819e-04
2.519916447926405453e+03 1.069029652005072606e+01 8.166838407379432537e-04
2.519923392936592791e+03 1.068589629216466719e+01 8.137143639544861190e-04
2.519930337946549116e+03 1.068580117134090024e+01 8.138010695775911487e-04
2.519937282956504987e+03 1.068509265980404521e+01 8.138424312740635044e-04
2.519944227966459948e+03 1.068430654770742017e+01 8.131226182727060341e-04
2.519951172976182534e+03 1.068434106375233661e+01 8.128926905088049290e-04
2.519958117985905119e+03 1.068467644425484586e+01 8.136777518143698288e-04
2.519965062995394874e+03 1.068463932792333004e+01 8.136080306458010622e-04
2.519972008005117459e+03 1.068200773528387337e+01 8.119980319007358239e-04
2.519978953014373928e+03 1.068070797479410317e+01 8.111737274860841710e-04
2.519985898023864138e+03 1.068244785099052407e+01 8.126334117918031274e-04
2.519992843033121517e+03 1.067741862355235405e+01 8.093425666326925939e-04
2.519999788042377986e+03 1.067929008129541657e+01 8.109068467138510691e-04
2.520006733051402080e+03 1.067764510805480072e+01 8.100484195720606415e-04
2.520013678060426173e+03 1.067623529370759883e+01 8.087182326180652634e-04
2.520020623069217436e+03 1.067516687036176748e+01 8.084050267461984594e-04
2.520027568078241984e+03 1.067886358329918473e+01 8.109603256358145383e-04
2.520034513086799961e+03 1.067547409949656867e+01 8.086677124613775476e-04
2.520041458095590315e+03 1.067698066483272257e+01 8.100802736096297677e-04
2.520048403104150111e+03 1.067420798862758424e+01 8.084319776489484223e-04
2.520055348112708998e+03 1.067476910876964702e+01 8.090727867493541225e-04
2.520062293121033690e+03 1.066931615963223656e+01 8.055631747782033289e-04
2.520069238129358837e+03 1.067229746717614169e+01 8.077675167738479229e-04
2.520076183137452517e+03 1.066839095569935303e+01 8.052598901954147875e-04
2.520083128145778574e+03 1.066710785209959234e+01 8.048064470809099778e-04
2.520090073153869980e+03 1.066810091128472315e+01 8.057701725741376296e-04
2.520097018161729920e+03 1.066764404637684471e+01 8.058069446673720533e-04
2.520103963169590315e+03 1.066451481133195145e+01 8.035210786938502305e-04
2.520110908177451165e+03 1.066421045047530392e+01 8.033814777469658330e-04
2.520117853185078275e+03 1.066344064990501828e+01 8.029567981396816935e-04
2.520124798192704475e+03 1.066193461357481453e+01 8.026019952960529403e-04
2.520131743200331584e+03 1.066282991634883004e+01 8.028725960459576465e-04
2.520138688207726773e+03 1.066180416537175546e+01 8.021919457691384110e-04
2.520145633215120142e+03 1.066039377949209488e+01 8.012463643982672360e-04
2.520152578222281591e+03 1.066134839988854210e+01 8.019522873049711367e-04
2.520159523229443494e+03 1.066057373428341926e+01 8.017633330756791668e-04
2.520166468236604942e+03 1.065948354927695796e+01 8.011080803469360556e-04
2.520173413243766390e+03 1.065858847288865441e+01 8.003314434680039013e-04
2.520180358250694553e+03 1.066134590648445801e+01 8.023088728083889887e-04
2.520187303257390340e+03 1.066163699643999863e+01 8.025350424303632048e-04
2.520194248264087037e+03 1.066196178264950056e+01 8.024911657978645984e-04
2.520201193270781914e+03 1.066383488803599811e+01 8.038231737643114841e-04
2.520208138277477701e+03 1.066121136994876828e+01 8.016297240186639160e-04
2.520215083283940658e+03 1.066198084693220238e+01 8.021448674402296411e-04
2.520222028290404523e+03 1.066360209838348716e+01 8.029775838634779306e-04
2.520228973296635104e+03 1.066353173494289486e+01 8.029840871210278076e-04
2.520235918302863865e+03 1.066652617776302314e+01 8.048457346053596115e-04
2.520242863309094446e+03 1.066855130071134639e+01 8.061113956595216193e-04
2.520249808315092196e+03 1.066790118765581497e+01 8.052047075932645915e-04
2.520256753321089491e+03 1.066732790000657971e+01 8.046550145177123765e-04
2.520263698326853500e+03 1.066909857058861100e+01 8.060680987602578465e-04
2.520270643332617510e+03 1.067016547833230611e+01 8.061631096882433374e-04
2.520277588338382429e+03 1.067151208630568426e+01 8.068564653303182243e-04
2.520284533343914973e+03 1.067285081861877138e+01 8.079601659635919728e-04
2.520291478349445242e+03 1.067573264481739947e+01 8.096837103500988987e-04
2.520298423354976421e+03 1.067329547876568085e+01 8.073693460395063495e-04
2.520305368360276589e+03 1.067655918062230036e+01 8.096386168876873110e-04
2.520312313365574937e+03 1.067699714675121037e+01 8.098232191066200968e-04
2.520319258370640910e+03 1.067852149548392937e+01 8.104540305813303855e-04
2.520326203375939258e+03 1.067836383373571785e+01 8.098379303451993085e-04
2.520333148380772400e+03 1.067918508151442403e+01 8.104274359988077612e-04
2.520340093385839282e+03 1.068444831600133149e+01 8.136416418992246762e-04
2.520347038390671969e+03 1.068443973733804953e+01 8.132175202364202169e-04
2.520353983395271371e+03 1.068621024356719396e+01 8.145784339685724958e-04
2.520360928399872591e+03 1.068744651054855233e+01 8.146977435054579076e-04
2.520367873404472903e+03 1.069056254742860723e+01 8.166090110349320157e-04
2.520374818409073669e+03 1.068984732425767348e+01 8.159199399869926676e-04
2.520381763413441149e+03 1.069413464602856756e+01 8.183905109846254921e-04
2.520388708417575344e+03 1.069385928859131774e+01 8.176853969711081818e-04
2.520395653421943280e+03 1.069525611168724843e+01 8.180097930941896810e-04
2.520402598426077930e+03 1.069674607233339003e+01 8.190909962080605627e-04
2.520409543429979749e+03 1.070002579748323335e+01 8.210207165473645168e-04
2.520416488433881568e+03 1.070138934188621072e+01 8.218674479534521064e-04
2.520423433437782933e+03 1.070316032665078509e+01 8.227827434667326061e-04
2.520430378441452376e+03 1.070232428964334481e+01 8.217960651044477292e-04
2.520437323445120910e+03 1.070200227065440224e+01 8.215044882966207216e-04
2.520444268448789444e+03 1.070129182928467237e+01 8.208132012739068192e-04
2.520451213452226511e+03 1.070397937040907443e+01 8.226317553493131454e-04
2.520458158455662669e+03 1.070332926686123365e+01 8.222053686034951720e-04
2.520465103459099737e+03 1.070394979098213462e+01 8.229992389711394659e-04
2.520472048462302155e+03 1.070309248204516628e+01 8.221821675073042205e-04
2.520478993465272197e+03 1.070137145888400809e+01 8.209763811986844429e-04
2.520485938468475979e+03 1.070073264699738402e+01 8.210760878151682337e-04
2.520492883471446930e+03 1.070103362943208047e+01 8.214006189021395149e-04
2.520499828474184596e+03 1.070289672525387203e+01 8.227919565271623985e-04
2.520506773477154638e+03 1.070022390423471847e+01 8.210325831444726741e-04
2.520513718479659474e+03 1.069725021022248868e+01 8.192363443911517603e-04
2.520520663482397595e+03 1.069650950656149391e+01 8.192297711801749347e-04
2.520527608484901975e+03 1.069788731748366040e+01 8.205887500104004900e-04
2.520534553487405901e+03 1.069396943822401447e+01 8.175549290131461011e-04
2.520541498489678361e+03 1.069212458586299341e+01 8.167930619936887311e-04
2.520548443491950820e+03 1.069174770743146219e+01 8.168232253030974091e-04
2.520555388493990449e+03 1.069140297034281595e+01 8.162358518216793896e-04
2.520562333496030078e+03 1.068740913549178728e+01 8.142474457377622777e-04
2.520569278498067888e+03 1.068658065825077230e+01 8.139578312066740465e-04
2.520576223499875596e+03 1.068509671483910140e+01 8.133684325018817165e-04
2.520583168501681939e+03 1.068388678207995213e+01 8.127995705703589804e-04
2.520590113503487373e+03 1.068411975584798768e+01 8.131170373524484194e-04
2.520597058505060431e+03 1.067766121015841030e+01 8.088062446819004134e-04
2.520604003506634399e+03 1.067688076200950675e+01 8.088651579252723349e-04
2.520610948507976445e+03 1.067838745757154406e+01 8.100266581697005298e-04
2.520617893509549049e+03 1.067703488931718958e+01 8.094870193037172722e-04
2.520624838510655991e+03 1.067486588656014312e+01 8.084818684813700447e-04
2.520631783511764297e+03 1.067291469615947719e+01 8.076247097364140128e-04
2.520638728512873058e+03 1.067323945259391493e+01 8.080385787951487086e-04
2.520645673513980910e+03 1.066794888778847827e+01 8.045444546294184488e-04
2.520652618514855476e+03 1.067090540748040617e+01 8.070249930749672472e-04
2.520659563515730497e+03 1.066689611195310228e+01 8.048252678536522422e-04
2.520666508516373597e+03 1.066383970738878872e+01 8.029540976197650651e-04
2.520673453517015332e+03 1.066208012894571411e+01 8.020665472005968338e-04
2.520680398517657068e+03 1.066625538733548773e+01 8.048199740915216571e-04
2.520687343518065973e+03 1.066317467985407141e+01 8.029385702396373047e-04
2.520694288518476242e+03 1.066275568750717540e+01 8.030476195455479860e-04
2.520701233518652771e+03 1.066299335297358830e+01 8.030786891191843890e-04
2.520708178518828390e+03 1.066284739924106262e+01 8.036462857221388567e-04
2.520715123519004919e+03 1.065893783063390110e+01 8.008830634807700749e-04
2.520749848518025374e+03 1.065608970641098452e+01 7.994229719346768832e-04
2.520756793517503411e+03 1.065539961966359250e+01 7.990648251879738789e-04
2.520763738516981903e+03 1.065612793263151481e+01 7.994084706698925333e-04
2.520770683516459940e+03 1.065603447012862404e+01 7.993714862920158794e-04
2.520777628515705146e+03 1.065620133607363584e+01 7.996845606019081527e-04
2.520784573514717977e+03 1.065582942873998462e+01 7.993122175438838878e-04
2.520791518513963183e+03 1.065660454512089750e+01 7.996659809296906328e-04
2.520798463512976014e+03 1.065512731604253283e+01 7.987161204669290630e-04
2.520805408511755104e+03 1.065573326963936296e+01 7.991560906910019938e-04
2.520812353510534194e+03 1.065661313054957304e+01 7.995303825456997722e-04
2.520819298509314194e+03 1.065664715560949283e+01 7.992805388440960565e-04
2.520826243508094194e+03 1.066044666874562274e+01 8.018694613338221396e-04
2.520833188506640454e+03 1.066051901308481398e+01 8.018511746797128779e-04
2.520840133504953883e+03 1.065919709058312215e+01 8.005818067423384849e-04
2.520847078503267767e+03 1.066046915327024358e+01 8.012177844620029616e-04
2.520854023501582560e+03 1.066146298502065548e+01 8.014052973263379636e-04
2.520860968499896899e+03 1.066303977116364088e+01 8.027671944136030753e-04
2.520867913497977042e+03 1.066220795181757452e+01 8.019171340582113361e-04
2.520874858495824355e+03 1.066730746547833064e+01 8.049960308122443460e-04
2.520881803493673942e+03 1.066695570086716671e+01 8.045685287947784443e-04
2.520888748491522620e+03 1.066998437531510646e+01 8.062382359575817354e-04
2.520895693489370387e+03 1.066961572436359695e+01 8.062853353086458759e-04
2.520902638486984870e+03 1.067184383538060111e+01 8.071230180829754150e-04
2.520909583484367886e+03 1.066952309687251699e+01 8.054875133927014196e-04
2.520916528481984187e+03 1.067194838178658323e+01 8.069612376689420637e-04
2.520923473479366294e+03 1.067423916084231550e+01 8.086169047232907078e-04
2.520930418476516024e+03 1.067247388158632226e+01 8.073213899725704620e-04
2.520937363473665755e+03 1.067139472518671006e+01 8.062344736236063368e-04
2.520944308470815940e+03 1.067273893712730093e+01 8.071171321963027234e-04
2.520951253467732840e+03 1.067402766922351987e+01 8.080563959121006600e-04
2.520958198464649286e+03 1.067229655333798455e+01 8.065704175662361973e-04
2.520965143461565276e+03 1.067039954418265779e+01 8.055612732038278274e-04
2.520972088458250255e+03 1.067395741010097332e+01 8.082913322089316319e-04
2.520979033454701494e+03 1.066924388935031409e+01 8.055607217624180397e-04
2.520985978451386472e+03 1.066750639142434842e+01 8.044124569858665834e-04
2.520992923447836802e+03 1.066643457348850177e+01 8.039360102712279823e-04
2.520999868444055664e+03 1.066578227175607196e+01 8.039327718391065577e-04
2.521006813440274527e+03 1.066228430092494861e+01 8.023889866739588065e-04
2.521013758436492481e+03 1.066093913284115402e+01 8.014601537581150055e-04
2.521020703432478058e+03 1.065989161475513747e+01 8.010198134138571402e-04
2.521027648428463635e+03 1.065925092730220669e+01 8.015936468765428582e-04
2.521034593424448758e+03 1.065543195902229989e+01 7.994921230573331580e-04
2.521041538420201960e+03 1.065293614228479235e+01 7.989204071250104091e-04
2.521048483415722330e+03 1.064938076147138624e+01 7.963961924830616039e-04
2.521055428411474168e+03 1.064295399731614999e+01 7.927989942255157666e-04
2.521062373406994539e+03 1.064099251349857056e+01 7.919741297679440883e-04
2.521069318402281624e+03 1.063974818862697980e+01 7.922504065525910570e-04
2.521076263397569619e+03 1.063502893919547354e+01 7.896766352046901772e-04
2.521083208392857159e+03 1.063286373557799358e+01 7.884991021678538353e-04
2.521090153387910050e+03 1.063181455043411106e+01 7.889041095908410619e-04
2.521097098382964305e+03 1.062637057206791447e+01 7.855483094764784688e-04
2.521104043378019469e+03 1.062622529828425222e+01 7.860520142668837645e-04
2.521110988372839984e+03 1.061979816047816882e+01 7.823078702561689834e-04
2.521117933367661408e+03 1.061896370229496434e+01 7.823734223648252419e-04
2.521124878362250001e+03 1.061686915516970409e+01 7.816425020237251437e-04
2.521131823356839504e+03 1.061205529387773794e+01 7.786430587258229025e-04
2.521138768351195722e+03 1.060886719250148147e+01 7.777834063727193190e-04
2.521145713345551485e+03 1.061010071032047541e+01 7.786451473977724913e-04
2.521152658339906338e+03 1.060491903552345505e+01 7.758758436915260195e-04
2.521159603334029271e+03 1.060325205512231861e+01 7.754918423915026964e-04
2.521166548328152203e+03 1.059935914552723979e+01 7.733266880348250386e-04
2.521173493322275590e+03 1.059707763377695500e+01 7.728758177214643419e-04
2.521180438316166601e+03 1.059408975493157890e+01 7.709314366620789814e-04
2.521187383309822962e+03 1.058933423653040151e+01 7.679801396329028178e-04
2.521194328303713519e+03 1.058903365375728889e+01 7.684521547175959203e-04
2.521201273297369880e+03 1.058796206827641306e+01 7.681480721557388137e-04
2.521208218290795685e+03 1.058731382745700422e+01 7.685312560802471001e-04
2.521215163284219670e+03 1.058345499873690265e+01 7.662002410586726733e-04
2.521222108277643201e+03 1.058118576748537798e+01 7.652355102703799466e-04
2.521229053270835720e+03 1.058060811264266832e+01 7.649229466195414532e-04
2.521235998264027330e+03 1.057889741414870066e+01 7.640572633083673581e-04
2.521242943256986564e+03 1.057740361776118654e+01 7.634051405425436266e-04
2.521249888249944888e+03 1.057777167118603678e+01 7.638386709739915107e-04
2.521256833242902758e+03 1.057603515489570789e+01 7.628436454452604178e-04
2.521263778235629616e+03 1.057361581697104214e+01 7.615589934728213316e-04
2.521270723228356474e+03 1.057594180675246065e+01 7.633517281107406486e-04
2.521277668220849137e+03 1.057576221434173469e+01 7.632457722482615010e-04
2.521284613213341345e+03 1.057346913153420864e+01 7.619064951234701295e-04
2.521291558205834917e+03 1.057158804217296044e+01 7.609035454625268742e-04
2.521298503198095659e+03 1.057155020144228352e+01 7.608582145711501260e-04
2.521305448190356401e+03 1.057028035815771716e+01 7.602168954925698271e-04
2.521312393182382948e+03 1.057085438993222226e+01 7.605375125813081680e-04
2.521319338174410404e+03 1.057105675324210026e+01 7.608699132680019767e-04
2.521326283166438770e+03 1.057123115358319154e+01 7.608934259020061616e-04
2.521333228158232941e+03 1.057112026972953700e+01 7.610644483163898607e-04
2.521340173149795191e+03 1.057006876522015126e+01 7.605392722001758825e-04
2.521347118141589362e+03 1.056886860739006018e+01 7.596242136138103189e-04
2.521354063133151612e+03 1.056985275998006912e+01 7.605093530989010626e-04
2.521361008124480577e+03 1.056754629851945637e+01 7.588489763541822995e-04
2.521367953115809541e+03 1.056926684645940107e+01 7.600798903586416166e-04
2.521374898107138961e+03 1.057057924853299014e+01 7.607658623672143659e-04
2.521381843098235095e+03 1.056948173640235922e+01 7.600685082549227690e-04
2.521388788089329864e+03 1.056814487499691602e+01 7.591463758724859533e-04
2.521395733080194077e+03 1.057020095315005825e+01 7.608563846751671212e-04
2.521402678071057380e+03 1.057072837549418765e+01 7.608913846646789920e-04
2.521409623061921593e+03 1.056996636142819135e+01 7.602321418133621686e-04
2.521416568052552066e+03 1.057043386192835577e+01 7.603968064622937438e-04
2.521423513043181629e+03 1.057199198302174636e+01 7.615714980740586173e-04
2.521430458033579271e+03 1.057087673533283301e+01 7.602300789491146923e-04
2.521437403023977367e+03 1.057444933328727465e+01 7.627591851075452923e-04
2.521444348014375009e+03 1.057238673155349851e+01 7.613914160912671697e-04
2.521451293004539366e+03 1.057412499161885755e+01 7.625611064569378077e-04
2.521458237994471347e+03 1.057342713490189290e+01 7.622745837794490031e-04
2.521465182984637522e+03 1.057269899155070370e+01 7.616234849409068844e-04
2.521472127974336217e+03 1.057082880819536008e+01 7.605356425634605651e-04
2.521479072964268198e+03 1.057272931968888230e+01 7.623791908446887798e-04
2.521486017953966439e+03 1.056998994226770883e+01 7.602242984437987449e-04
2.521492962943433668e+03 1.056682234079868543e+01 7.582918378382736075e-04
2.521499907933132363e+03 1.056813791988715856e+01 7.595843377661888217e-04
2.521506852922366306e+03 1.056513065735563295e+01 7.578459260166148887e-04
2.521513797911833080e+03 1.056284657024004225e+01 7.569847540507280417e-04
2.521520742901066114e+03 1.056296773077083628e+01 7.569285841725349176e-04
2.521527687890066773e+03 1.056295415284777839e+01 7.574083990129784703e-04
2.521534632879067431e+03 1.056184704537339947e+01 7.573607444545659177e-04
2.521541577868068998e+03 1.055911999231815379e+01 7.560017686122724213e-04
2.521548522856836371e+03 1.055518921499469798e+01 7.537497811502859042e-04
2.521555467845603744e+03 1.055049630085439105e+01 7.509277110602588252e-04
2.521562412834139195e+03 1.055170416948736190e+01 7.525453235712359660e-04
2.521569357822674647e+03 1.055011259798238399e+01 7.516990281708875931e-04
2.521576302811210098e+03 1.054696969486665914e+01 7.504048967254779235e-04
2.521583247799511810e+03 1.054130999703667548e+01 7.467630868825589872e-04
2.521590192787813521e+03 1.054428717983350694e+01 7.494879264900033847e-04
2.521597137775882857e+03 1.054408356905325306e+01 7.495022136711957349e-04
2.521604082763953102e+03 1.053667408581736886e+01 7.452715608820756343e-04
2.521611027752021982e+03 1.053529990477362155e+01 7.451328561643981874e-04
2.521617972739858487e+03 1.053350530520924444e+01 7.439385173662236249e-04
2.521624917727462162e+03 1.053215827066405375e+01 7.434739769718856899e-04
2.521631862715065836e+03 1.053389100856053950e+01 7.450595083107769976e-04
2.521638807706860916e+03 1.052736834763059903e+01 7.413297921391110226e-04
2.521645752694465045e+03 1.052683481553606448e+01 7.418079965720660073e-04
2.521652697681835434e+03 1.052292675939245470e+01 7.395092714391848874e-04
2.521659642668972992e+03 1.052246564374986981e+01 7.399006608339279848e-04
2.521666587656111005e+03 1.051959708359303036e+01 7.386618544735007929e-04
2.521673532643249473e+03 1.051855299040621361e+01 7.381435767479252669e-04
2.521680477630155565e+03 1.051607763047880262e+01 7.369770051341527481e-04
2.521687422617060292e+03 1.051554381991173237e+01 7.367985957395223719e-04
2.521694367603732644e+03 1.051102747101911383e+01 7.345358793121065533e-04
2.521701312590404996e+03 1.051121938735174233e+01 7.349011825202155651e-04
2.521708257577077347e+03 1.050988731503190010e+01 7.346568731943100249e-04
2.521715202563517778e+03 1.050558127320099899e+01 7.319852629802521505e-04
2.521722147549723559e+03 1.050475605823798730e+01 7.319334738278655481e-04
2.521729092536162625e+03 1.050364266181555983e+01 7.315279699951842633e-04
2.521736037522136940e+03 1.050383286160888829e+01 7.320821875208637476e-04
2.521742982508344539e+03 1.050038358739201527e+01 7.299445270419587439e-04
2.521749927494318399e+03 1.049822167660307848e+01 7.286598871433195169e-04
2.521756872480058973e+03 1.049865402522111246e+01 7.291546417439658890e-04
2.521763817465799548e+03 1.050024380942219615e+01 7.303055444337871105e-04
2.521770762451541486e+03 1.050006131664160769e+01 7.307605226782017214e-04
2.521777707437049685e+03 1.049753376961464291e+01 7.288662501180876970e-04
2.521784652422557429e+03 1.049575927931826413e+01 7.280926697471097218e-04
2.521791597407833251e+03 1.049849240184530252e+01 7.298118467699826056e-04
2.521798542393108619e+03 1.049718460418629640e+01 7.291565389948097319e-04
2.521805487378383987e+03 1.049807429342808973e+01 7.296132415808485828e-04
2.521812432363426524e+03 1.049693454949545135e+01 7.291406731052238769e-04
2.521819377348236685e+03 1.049529093403529068e+01 7.277885409166150394e-04
2.521826322333278767e+03 1.049664526211875248e+01 7.288300121990576004e-04
2.521833267317855643e+03 1.049593316035894297e+01 7.284641805598055615e-04
2.521840212302665350e+03 1.049670130186251171e+01 7.286940968131078774e-04
2.521847157287009850e+03 1.049542224079315567e+01 7.278847488645058192e-04
2.521854102271587635e+03 1.049592229426228052e+01 7.282195366304130679e-04
2.521861047255931226e+03 1.049592227185675952e+01 7.280527014666004918e-04
2.521867992240274361e+03 1.049607199947874392e+01 7.283826379942410622e-04
2.521874937224386485e+03 1.049517212993863247e+01 7.281456905656691304e-04
2.521881882208264869e+03 1.049703404902023074e+01 7.289487042194045660e-04
2.521888827192376539e+03 1.049648335565788138e+01 7.289077708933437271e-04
2.521895772176254468e+03 1.049846882516696134e+01 7.298726644666236581e-04
2.521902717159899566e+03 1.049546122658813552e+01 7.280010317676763104e-04
2.521909662143545575e+03 1.049534938275050244e+01 7.280784468597589982e-04
2.521916607126959207e+03 1.049723606753376437e+01 7.290193071478622867e-04
2.521923552110604760e+03 1.049740696534665396e+01 7.293240238224963290e-04
2.521930497093784197e+03 1.049563332958842388e+01 7.280709069538245830e-04
2.521937442076964089e+03 1.049570880921490179e+01 7.282975486375640193e-04
2.521944387060143526e+03 1.049443075454196439e+01 7.273392459645837936e-04
2.521951332043091497e+03 1.049757131878730476e+01 7.296923135692007624e-04
2.521958277026038559e+03 1.049662213339913741e+01 7.285895026300189588e-04
2.521965222008986530e+03 1.049698277144536718e+01 7.290223067065829425e-04
2.521972166991699851e+03 1.049683790261068417e+01 7.286299717688623796e-04
2.521979111974180341e+03 1.049751833200567042e+01 7.288091943434243502e-04
2.521986056956895482e+03 1.049796438776014540e+01 7.291255231974728230e-04
2.521993001939144960e+03 1.049838824814131755e+01 7.294154596421892952e-04
2.521999946921393530e+03 1.049886553716344473e+01 7.298323654152528810e-04
2.522006891903641645e+03 1.049994507857219794e+01 7.305046724178137964e-04
2.522013836885889759e+03 1.049901270946847909e+01 7.297606881670018779e-04
2.522020781867673577e+03 1.049859025526624201e+01 7.295636865651406984e-04
2.522027726849689316e+03 1.049870194745176022e+01 7.295868811242971728e-04
2.522034671831472224e+03 1.049750824714069175e+01 7.289821731416415212e-04
2.522041616813255132e+03 1.049886831735283543e+01 7.299130382189791995e-04
2.522048561794804300e+03 1.049689387377147121e+01 7.288267450770177878e-04
2.522055506776122002e+03 1.049501717445575188e+01 7.278996596426045955e-04
2.522062451757672534e+03 1.049344749826172141e+01 7.268071884611651805e-04
2.522069396738757405e+03 1.049250096901183760e+01 7.269389306397831168e-04
2.522076341720074652e+03 1.049402157887199039e+01 7.278677233808299434e-04
2.522083286701159068e+03 1.049075760950063163e+01 7.259446476378082509e-04
2.522090231682010653e+03 1.049062212844824238e+01 7.264453411347237015e-04
2.522097176662862694e+03 1.048716499044722461e+01 7.244778347849538998e-04
2.522104121643714279e+03 1.048672150333366915e+01 7.242504571343388051e-04
2.522111066624332125e+03 1.048394693179831094e+01 7.232353482652499957e-04
2.522118011604718504e+03 1.048515368917317936e+01 7.248324120623068174e-04
2.522124956585337713e+03 1.048054490806503658e+01 7.216958023952465542e-04
2.522131901565490352e+03 1.048115624721797090e+01 7.226664595889243812e-04
2.522138846545877641e+03 1.047870509826578811e+01 7.209953807851702048e-04
2.522145791525796994e+03 1.047871980199476205e+01 7.213514515370398131e-04
2.522152736505950543e+03 1.047560745888568157e+01 7.195798386985661392e-04
2.522159681485870351e+03 1.047774524310085731e+01 7.211393772154752000e-04
2.522166626465557783e+03 1.047234336291183077e+01 7.180220407438054828e-04
2.522173571445245670e+03 1.047307633182679076e+01 7.189430814120137316e-04
2.522180516424933558e+03 1.047238620809671517e+01 7.187166198247895788e-04
2.522187461404388159e+03 1.046916234710580973e+01 7.170385662852414924e-04
2.522194406383842761e+03 1.046837332620800076e+01 7.166773607440207923e-04
2.522201351363064077e+03 1.046979688457931168e+01 7.178319626336152276e-04
2.522208296342286303e+03 1.046839907492431543e+01 7.174045575842087760e-04
2.522215241321275244e+03 1.046512127525433478e+01 7.156965465243844910e-04
2.522222186300264184e+03 1.046443592759005448e+01 7.157098001765863689e-04
2.522229131279019384e+03 1.046236204101274048e+01 7.142733472506938809e-04
2.522236076257776404e+03 1.046168382870654945e+01 7.143254611983765020e-04
2.522243021236532968e+03 1.045909596321818746e+01 7.131072555008965237e-04
2.522249966215056702e+03 1.045763946937219835e+01 7.124938516148772742e-04
2.522256911193347150e+03 1.045752917140794835e+01 7.125791397002426619e-04
2.522263856171637599e+03 1.045566932851305531e+01 7.116141329470408077e-04
2.522270801149927593e+03 1.045296288781545968e+01 7.103881730534395821e-04
2.522277746127985210e+03 1.045374699576652411e+01 7.110606434118006301e-04
2.522284691106042828e+03 1.045497420738758798e+01 7.117465205310515020e-04
2.522291636083868525e+03 1.045283862028314026e+01 7.104558430443007376e-04
2.522298581061692403e+03 1.045049932843031826e+01 7.090251647849755501e-04
2.522305526039283905e+03 1.045250996105795416e+01 7.108584304527644461e-04
2.522312471016876771e+03 1.045120466156554073e+01 7.094158281565128999e-04
2.522319415994236351e+03 1.045445659562435736e+01 7.120955672703429412e-04
2.522326360971595932e+03 1.045448537068210193e+01 7.119053971412631077e-04
2.522333305948954148e+03 1.045251625399426842e+01 7.106747882587468017e-04
2.522340250926080444e+03 1.045227169452688010e+01 7.107548219608349725e-04
2.522347195902973908e+03 1.044951369842499034e+01 7.085848211194890845e-04
2.522354140880100658e+03 1.045154541568365225e+01 7.102642809289532247e-04
2.522361085856761747e+03 1.045166432497793529e+01 7.102360254448543886e-04
2.522368030833422381e+03 1.045241841424107854e+01 7.105965706441493088e-04
2.522374975810083470e+03 1.045025078077672553e+01 7.088458078140254639e-04
2.522381920786510364e+03 1.045252495503750367e+01 7.103538428985266317e-04
2.522388865762938622e+03 1.045389335580034462e+01 7.112325654158084759e-04
2.522395810739134049e+03 1.045259217038796073e+01 7.103123138107172649e-04
2.522402755715329477e+03 1.045302759913491819e+01 7.107325719598509527e-04
2.522409700691290709e+03 1.045580024097652228e+01 7.118668314690123657e-04
2.522416645667252396e+03 1.045238771215294449e+01 7.097107051776779764e-04
2.522423590643214993e+03 1.045440776674127470e+01 7.107730358840808017e-04
2.522430535618945214e+03 1.045694916181253298e+01 7.124459630302326261e-04
2.522437480594442150e+03 1.045718322226858454e+01 7.123015402531483525e-04
2.522444425569938630e+03 1.045803914811585145e+01 7.126196507903404019e-04
2.522451370545434656e+03 1.045811045008204410e+01 7.125481724263500218e-04
2.522458315520697852e+03 1.046119613115430091e+01 7.141374781485978606e-04
2.522465260495729126e+03 1.046207321071432084e+01 7.143677742240551326e-04
2.522472205470759945e+03 1.046227854474114061e+01 7.143421388657384330e-04
2.522479150445791674e+03 1.046244341152225310e+01 7.144677043022967019e-04
2.522486095420589663e+03 1.046464166669378315e+01 7.156195376863751538e-04
2.522493040395387197e+03 1.046575707310850056e+01 7.158856850639337297e-04
2.522499985369951901e+03 1.046422448899210877e+01 7.152582565619941719e-04
2.522506930344517968e+03 1.046385852667054017e+01 7.149526385811653039e-04
2.522513875318850296e+03 1.046420167961564118e+01 7.147356141670554086e-04
2.522520820293182624e+03 1.046405413257276606e+01 7.149646265320759022e-04
2.522527765267282120e+03 1.046721000327343098e+01 7.167675036680309919e-04
2.522534710241381617e+03 1.046695111558295643e+01 7.167117637884388298e-04
2.522541655215248284e+03 1.046449881528606163e+01 7.150654638104189708e-04
2.522548600189115405e+03 1.046453859001296216e+01 7.154709662744584021e-04
2.522555545162749695e+03 1.046312221097026729e+01 7.146949302417915676e-04
2.522562490136383985e+03 1.046596152926167100e+01 7.165047796206600993e-04
2.522569435110017366e+03 1.046284606040057952e+01 7.145280737208092696e-04
2.522576380083184631e+03 1.046262160985222067e+01 7.142986282710555527e-04
2.522583325056586546e+03 1.046265579448239436e+01 7.147095687766166295e-04
2.522590270029755175e+03 1.046006431049006302e+01 7.132123325982700664e-04
2.522597215002690973e+03 1.046199631241415062e+01 7.144923564617036357e-04
2.522604159975626317e+03 1.046069452731744676e+01 7.139147572799097417e-04
2.522611104948560751e+03 1.045825486827615158e+01 7.125098396600576880e-04
2.522618049921263264e+03 1.045745839620110296e+01 7.123830070278803659e-04
2.522624994893733401e+03 1.045687317619690582e+01 7.122551337394504665e-04
2.522631939866203538e+03 1.045468040300601054e+01 7.110546090039305362e-04
2.522638884838673675e+03 1.045544333412159865e+01 7.119371544184977885e-04
2.522645829810910072e+03 1.045330652986069708e+01 7.108021217274410226e-04
2.522652774783146924e+03 1.045120123275086854e+01 7.095800823413148843e-04
2.522659719755150945e+03 1.045118178201420456e+01 7.099786440062423208e-04
2.522666664726922590e+03 1.044897410877944921e+01 7.086734034540582983e-04
2.522673609698693326e+03 1.044874936287338407e+01 7.086283721994232924e-04
2.522680554670465426e+03 1.044860642713651977e+01 7.087725011181970512e-04
2.522687499642002876e+03 1.044789574819681377e+01 7.089530333798688697e-04
2.522694444613541691e+03 1.044633763372063662e+01 7.079734378072617771e-04
2.522701389584847675e+03 1.044577740403147281e+01 7.079266383867980662e-04
2.522708334556153659e+03 1.044525237666550943e+01 7.078052181405467946e-04
2.522715279527226357e+03 1.044336424489385884e+01 7.065739066932323750e-04
2.522722224498298601e+03 1.044516738355530094e+01 7.082543636067327886e-04
2.522729169469138469e+03 1.044433657895216072e+01 7.074319410790346971e-04
2.522736114439745961e+03 1.044054925965044944e+01 7.053694172069775855e-04
2.522743059410585374e+03 1.044026063680842498e+01 7.051765211567689569e-04
2.522750004380960490e+03 1.044155622918965953e+01 7.062356025567874960e-04
2.522756949351335152e+03 1.043846291529391657e+01 7.043249621173090953e-04
2.522763894321708904e+03 1.044010292484785651e+01 7.054269539599189714e-04
2.522770839291849825e+03 1.044018784272750189e+01 7.058898764542813472e-04
2.522777784261991656e+03 1.043859188606821320e+01 7.048997473425796818e-04
2.522784729231900656e+03 1.043797518192232943e+01 7.044936580818308286e-04
2.522791674201809656e+03 1.043744381888461881e+01 7.043882537740517053e-04
2.522798619171484916e+03 1.043767706160123332e+01 7.046166964876748569e-04
2.522805564141160630e+03 1.043542650600052468e+01 7.033523480767298443e-04
2.522812509110603514e+03 1.043428077898983020e+01 7.024945809441919629e-04
2.522819454080046398e+03 1.043587314106209796e+01 7.040528916660381388e-04
2.522826399049256906e+03 1.043654059653846211e+01 7.042035450780762419e-04
2.522833344018466960e+03 1.043538822426857138e+01 7.036129638046099586e-04
2.522840288987444637e+03 1.043630776111574576e+01 7.040989624356390041e-04
2.522847233956189029e+03 1.043555118359281941e+01 7.034785268311391547e-04
2.522854178925165343e+03 1.043607058224601758e+01 7.039880756004341256e-04
2.522861123893677359e+03 1.043574599955723059e+01 7.038387963987067803e-04
2.522868068862189375e+03 1.043688187074668328e+01 7.043663380997449222e-04
2.522875013830701391e+03 1.043644306371701802e+01 7.038720273453348986e-04
2.522881958798980122e+03 1.043640701838200791e+01 7.040783641192180841e-04
2.522888903767257943e+03 1.044070514264674898e+01 7.062620219368287997e-04
2.522895848735304753e+03 1.044106372999930876e+01 7.065880870843548826e-04
2.522902793703117823e+03 1.044024449767452545e+01 7.058211844745694401e-04
2.522909738671163723e+03 1.044186433539358738e+01 7.066467307129850302e-04
2.522916683638744416e+03 1.043987395358843173e+01 7.053359062298732293e-04
2.522923628606324201e+03 1.044005008996792050e+01 7.051166022258134776e-04
2.522930573573904439e+03 1.044465730808615511e+01 7.079154577904919711e-04
2.522937518541252757e+03 1.044556536472346764e+01 7.080290476941201311e-04
2.522944463508366425e+03 1.044293157956414397e+01 7.063436670793827362e-04
2.522951408475481458e+03 1.044662557681917470e+01 7.080887439202304852e-04
2.522958353442596945e+03 1.044827477497320878e+01 7.090787975615502536e-04
2.522965298409478237e+03 1.044761297796937960e+01 7.085117628948407178e-04
2.522972243376126244e+03 1.044776127351249428e+01 7.085040636014305372e-04
2.522979188342776524e+03 1.044741029237530583e+01 7.080893430751207919e-04
2.522986133309425441e+03 1.045066156669827429e+01 7.101538314649729787e-04
2.522993078275841981e+03 1.044902032293586913e+01 7.089070779556142345e-04
2.523000023242025236e+03 1.045152090211049689e+01 7.105436069097339526e-04
2.523006968208208491e+03 1.044787904236645026e+01 7.082642647161612164e-04
2.523013913174158461e+03 1.045200769871451563e+01 7.104057211574894099e-04
2.523020858140108430e+03 1.045165330902569600e+01 7.099154383385258317e-04
2.523027803105826933e+03 1.045197073810416377e+01 7.102759380424168668e-04
2.523034748071544982e+03 1.045486813251067382e+01 7.117631695178450960e-04
2.523041693037030655e+03 1.045418468749834950e+01 7.112895773014504992e-04
2.523048638002514963e+03 1.045323988088472866e+01 7.108004781326001742e-04
2.523055582967765986e+03 1.045653502419981074e+01 7.124317886826630379e-04
2.523062527933018373e+03 1.045575810719134502e+01 7.117997830253345063e-04
2.523069472898037930e+03 1.045684373697657854e+01 7.125358041451701919e-04
2.523076417863057031e+03 1.045733490186055015e+01 7.124807491958787655e-04
2.523083362827843303e+03 1.045665943703250456e+01 7.122069977332031896e-04
2.523090307792630028e+03 1.045834892274827688e+01 7.134349120816614858e-04
2.523097252757183469e+03 1.045720715950506552e+01 7.122095435199077892e-04
2.523104197721504534e+03 1.045700341247347787e+01 7.120287890088998484e-04
2.523111142685824234e+03 1.045801069131118943e+01 7.127714402161847498e-04
2.523118087650145753e+03 1.045831912726930391e+01 7.126579763477308574e-04
2.523125032614233987e+03 1.045902318904885853e+01 7.131310938840580661e-04
2.523131977578088026e+03 1.045906335680713717e+01 7.129657432122790206e-04
2.523138922541942975e+03 1.045929168648961394e+01 7.132443859130074186e-04
2.523145867505565548e+03 1.045832911887144157e+01 7.126919203954802055e-04
2.523152812469188575e+03 1.045920816537431541e+01 7.131936924665001429e-04
2.523159757432577408e+03 1.045601289817953372e+01 7.114721392017603558e-04
2.523166702395967150e+03 1.045872468344049544e+01 7.131835377344890358e-04
2.523173647359123606e+03 1.045867837747017681e+01 7.132724823927524089e-04
2.523180592322279608e+03 1.045637911073910686e+01 7.118207272769449916e-04
2.523187537285202779e+03 1.045585927288513517e+01 7.115683322886593581e-04
2.523194482247894484e+03 1.045528902422038975e+01 7.117347104799598033e-04
2.523201427210585280e+03 1.045400847668525302e+01 7.108367150677926934e-04
2.523208372173277439e+03 1.045618549263478592e+01 7.120921146530516995e-04
2.523215317135735404e+03 1.045411472641194628e+01 7.110257029680429374e-04
2.523222262097960083e+03 1.045493889050874259e+01 7.117448385289659295e-04
2.523229207060184308e+03 1.045288788327034268e+01 7.107650331255701334e-04
2.523236152022177521e+03 1.045143888342477467e+01 7.099285993173369384e-04
2.523243096984169370e+03 1.045059328197195647e+01 7.094649661566161192e-04
2.523250041945929297e+03 1.044999244657035398e+01 7.092967054975940402e-04
2.523256986907689679e+03 1.044891108599189700e+01 7.087708636610025835e-04
2.523263931869215867e+03 1.044871795129529524e+01 7.087499785497938755e-04
2.523270876830742509e+03 1.044958622509585844e+01 7.092087011577550290e-04
2.523277821792035866e+03 1.044674436928656291e+01 7.077886024167292329e-04
2.523284766753097756e+03 1.044776483032477721e+01 7.086622404600813026e-04
2.523291711714159646e+03 1.044597571270452008e+01 7.075698449815666109e-04
2.523298656675220172e+03 1.044443862003059387e+01 7.070216442215405397e-04
2.523305601635815492e+03 1.044368501693899098e+01 7.067051870311868338e-04
2.523312546596643188e+03 1.044217474398669232e+01 7.056765787479650498e-04
2.523319491557006586e+03 1.044363476047542783e+01 7.069625694390315167e-04
2.523326436517601906e+03 1.044136136565807327e+01 7.060395432995393572e-04
2.523333381477731564e+03 1.043924118408731161e+01 7.047170573426246760e-04
2.523340326437861677e+03 1.043793950192726427e+01 7.043654711883023337e-04
2.523347271397990880e+03 1.044001812331396728e+01 7.059719992358206133e-04
2.523354216357886799e+03 1.043733523862956680e+01 7.044240356554678801e-04
2.523361161317551705e+03 1.043468251767997224e+01 7.029548924854280012e-04
2.523368106277216157e+03 1.043233438007379377e+01 7.020618287003525066e-04
2.523375051236647323e+03 1.043328553256190006e+01 7.023576760061590613e-04
2.523381996196079399e+03 1.043381012185117918e+01 7.030031446168936602e-04
2.523388941155277280e+03 1.043425029295561934e+01 7.030448708379403869e-04
2.523395886114475616e+03 1.043169560033496346e+01 7.017203749160287477e-04
2.523402831073441121e+03 1.043272166080485341e+01 7.023694318116114211e-04
2.523409776032173340e+03 1.042954040212383937e+01 7.008517533076554602e-04
2.523416720990906924e+03 1.042924605848469355e+01 7.003326521711831761e-04
2.523423665949640053e+03 1.043160295539475158e+01 7.023108932476704270e-04
2.523430610907907521e+03 1.043076280990955063e+01 7.015869474330539137e-04
2.523437555866406910e+03 1.043248127481056287e+01 7.025263791520841615e-04
2.523444500824440638e+03 1.042973195179781065e+01 7.008611581562425481e-04
2.523451445782474821e+03 1.043023790833035491e+01 7.013951482580971534e-04
2.523458390740509913e+03 1.043141517817340080e+01 7.016607711168493028e-04
2.523465335698310810e+03 1.043156110793981917e+01 7.017359332483552115e-04
2.523472280655880240e+03 1.043331680065772638e+01 7.028345911573348351e-04
2.523479225613448762e+03 1.043416353354258597e+01 7.033292880093757219e-04
2.523486170570784907e+03 1.043405940544493760e+01 7.030210521503022685e-04
2.523493115528120597e+03 1.043309011529028218e+01 7.023025541202615289e-04
2.523500060485223003e+03 1.043126123821505580e+01 7.011383807138154211e-04
2.523507005442093487e+03 1.043457334972337947e+01 7.030916734681714022e-04
2.523513950398963971e+03 1.043583168748286916e+01 7.039327316888044838e-04
2.523520895355834000e+03 1.043441076227917819e+01 7.027758822288685111e-04
2.523527840312237913e+03 1.043671285446832364e+01 7.042614254690769335e-04
2.523534785268875112e+03 1.043476368281710265e+01 7.030616235776930047e-04
2.523541730225046649e+03 1.043350522386007739e+01 7.022673538267348555e-04
2.523548675181218641e+03 1.043735229249421259e+01 7.045468902582340074e-04
2.523555620137390633e+03 1.043692240773365931e+01 7.043824165346740818e-04
2.523562565093329340e+03 1.043527065265031517e+01 7.030217984383769006e-04
2.523569510049034761e+03 1.043665238458798150e+01 7.039773904868748761e-04
2.523576455004740637e+03 1.043790429649467022e+01 7.045777341468928683e-04
2.523583399960214138e+03 1.043885459460044807e+01 7.050145830400439883e-04
2.523590344915687638e+03 1.043746014063088268e+01 7.041202854756148551e-04
2.523597289870927398e+03 1.043954482166014230e+01 7.054919542151692671e-04
2.523604234825935691e+03 1.043446550887925639e+01 7.023067954407326849e-04
2.523611179780943530e+03 1.043917483238938360e+01 7.051309747780941731e-04
2.523618124735717629e+03 1.043697430039814478e+01 7.037540498405348141e-04
2.523625069690492182e+03 1.043782356320199156e+01 7.042339208910920788e-04
2.523632014645033905e+03 1.043734728724330019e+01 7.039341652556633470e-04
2.523638959599342797e+03 1.043659596715439086e+01 7.032577502957771060e-04
2.523645904553652599e+03 1.043850522160551009e+01 7.050266600905530541e-04
2.523652849507728661e+03 1.043732606670601371e+01 7.041926352585871308e-04
2.523659794461804267e+03 1.043703891253636939e+01 7.040161263781674963e-04
2.523666739415647953e+03 1.043838868872539827e+01 7.045809551261032148e-04
2.523673684369491184e+03 1.043754029210193757e+01 7.040182337848955706e-04
2.523680629323102039e+03 1.043833044826170386e+01 7.047783437549285821e-04
2.523687574276479609e+03 1.043621183544767739e+01 7.036308791744705403e-04
2.523694519229857633e+03 1.043486729658639156e+01 7.029399055703265979e-04
2.523701464183002372e+03 1.043592176943075067e+01 7.038791214359410835e-04
2.523708409136146656e+03 1.043366361794284636e+01 7.025138716759817079e-04
2.523715354089058565e+03 1.043615512750924701e+01 7.041587884463123377e-04
2.523722299041738097e+03 1.043072161056108449e+01 7.008403644525299956e-04
2.523729243994417629e+03 1.043070968875630733e+01 7.013858294675180075e-04
2.523736188946863876e+03 1.043241176099765077e+01 7.022269552058511789e-04
2.523743133899077293e+03 1.043016458653425893e+01 7.013439700513544525e-04
2.523750078851291619e+03 1.042943076968509253e+01 7.009633138876568371e-04
2.523757023803505035e+03 1.042888662128113175e+01 7.007226859144337350e-04
2.523763968755484711e+03 1.042968761792914911e+01 7.015007458786268494e-04
2.523770913707232467e+03 1.042833723335212071e+01 7.010890284644878288e-04
2.523777858658747846e+03 1.042554272020308304e+01 6.994374867875966873e-04
2.523784803610263680e+03 1.042534103975085102e+01 6.993101294433553107e-04
2.523791748561779059e+03 1.042536648952043521e+01 6.996585735365575768e-04
2.523798693513060243e+03 1.042386194253688103e+01 6.989596285019619281e-04
2.523805638464109961e+03 1.042388669230649612e+01 6.990091915351624068e-04
2.523812583414925939e+03 1.042098992932556989e+01 6.975094824927881472e-04
2.523819528365742372e+03 1.041958216088037581e+01 6.968310772032182887e-04
2.523826473316559714e+03 1.041965535455552327e+01 6.969848432070518095e-04
2.523833418267143315e+03 1.041995615458038316e+01 6.972354232434029324e-04
2.523840363217494541e+03 1.041863265844019892e+01 6.967658277716040974e-04
2.523847308167612937e+03 1.041834437498873278e+01 6.967819314468929725e-04
2.523854253117729968e+03 1.041601314544930368e+01 6.954748486790474646e-04
2.523861198067847454e+03 1.041513173440275786e+01 6.954063781015727046e-04
2.523868143017501097e+03 1.041409875596816725e+01 6.950188480573999588e-04
2.523875087967152922e+03 1.041301087372322698e+01 6.944693087091290823e-04
2.523882032916805656e+03 1.041149403735567880e+01 6.935896542577018242e-04
2.523888977866225559e+03 1.041024577286372832e+01 6.930120310780702505e-04
2.523895922815412632e+03 1.040997921910119572e+01 6.929194587180591541e-04
2.523902867764599250e+03 1.041219771198908894e+01 6.943641995801832665e-04
2.523909812713552583e+03 1.041121563417418550e+01 6.937596560049379352e-04
2.523916757662506370e+03 1.041215705020936255e+01 6.944622064419757844e-04
2.523923702610994951e+03 1.041081487794813754e+01 6.936432045170064925e-04
2.523930647559715908e+03 1.040905709282043290e+01 6.927375991000415132e-04
2.523937592507971658e+03 1.041025954469407111e+01 6.934576674442131505e-04
2.523944537456227408e+03 1.040934450803330513e+01 6.931396724581677686e-04
2.523951482404482704e+03 1.040968435912194856e+01 6.930143989304965359e-04
2.523958427352505169e+03 1.041031586209998139e+01 6.932497660190364537e-04
2.523965372300294348e+03 1.041162449005228829e+01 6.941574329153190866e-04
2.523972317248084437e+03 1.041113195160784421e+01 6.938591673263940721e-04
2.523979262195642150e+03 1.041192026044056540e+01 6.941341163211482484e-04
2.523986207142965213e+03 1.041061141783526089e+01 6.932708072599861335e-04
2.523993152090290550e+03 1.041253591569754811e+01 6.944820340230274062e-04
2.524000097037381238e+03 1.041343771156600262e+01 6.949029827226901792e-04
2.524007041984239549e+03 1.041667534280314023e+01 6.966065354977473865e-04
2.524013986931097861e+03 1.041637211113848593e+01 6.960780909063628806e-04
2.524020931877956627e+03 1.041387653653479006e+01 6.946660946451132862e-04
2.524027876824582563e+03 1.041472830979927089e+01 6.949007890566531644e-04
2.524034821770975213e+03 1.041785702522119017e+01 6.966526673956053304e-04
2.524041766717135033e+03 1.041650530312763934e+01 6.956830939815558277e-04
2.524048711663294398e+03 1.041849905686032152e+01 6.965824840579136045e-04
2.524055656609221387e+03 1.041921303104067142e+01 6.969812572250454630e-04
2.524062601555148376e+03 1.041866994462735541e+01 6.963710375118642654e-04
2.524069546500843899e+03 1.041957497063343574e+01 6.971135268572944098e-04
2.524076491446537602e+03 1.041949117248441858e+01 6.970496508317935557e-04
2.524083436391766554e+03 1.042114186646034568e+01 6.979179949671186160e-04
2.524090381337228337e+03 1.042105624167695943e+01 6.973718833488951312e-04
2.524097326282223094e+03 1.042262474054219545e+01 6.984840976091172705e-04
2.524104271227218305e+03 1.042116075346709181e+01 6.974045434884237459e-04
2.524111216172214426e+03 1.042140033641938324e+01 6.975418923492628228e-04
2.524118161116978627e+03 1.042227530302220373e+01 6.980917631386239844e-04
2.524125106061509086e+03 1.042264574406879696e+01 6.980431861822834283e-04
2.524132051006038637e+03 1.042371024599143503e+01 6.988331941869016344e-04
2.524138995950336721e+03 1.042405489272012886e+01 6.985718727590923627e-04
2.524145940894400155e+03 1.042403878125408312e+01 6.988814863987209344e-04
2.524152885838464044e+03 1.042698736045926644e+01 7.002078451902518782e-04
2.524159830782296467e+03 1.042462704411116547e+01 6.984943503079012010e-04
2.524166775726127980e+03 1.042858322438179286e+01 7.010165588063973661e-04
2.524173720669727572e+03 1.042744620827421542e+01 6.999414788031837727e-04
2.524180665613093424e+03 1.042817893514320993e+01 7.002902974567520519e-04
2.524187610556458822e+03 1.042928808653368300e+01 7.011124637353186376e-04
2.524194555499591843e+03 1.042786121767801433e+01 6.999289416470083581e-04
2.524201500442724409e+03 1.042948064614079051e+01 7.006896122160838174e-04
2.524208445385625055e+03 1.043085140869663263e+01 7.015757032633541989e-04
2.524215390328525245e+03 1.043141380666338591e+01 7.019143291619367366e-04
2.524222335271193515e+03 1.043277912699656795e+01 7.022498072676091555e-04
2.524229280213628499e+03 1.043233631051897525e+01 7.022589835203828495e-04
2.524236225156063483e+03 1.043100755282507386e+01 7.014599962419594591e-04
2.524243170098265182e+03 1.042812579208830037e+01 6.999749007861165049e-04
2.524250115040234050e+03 1.042893173119438899e+01 7.003422292199240314e-04
2.524257059982202463e+03 1.043058356846076506e+01 7.013667014620203390e-04
2.524264004924170877e+03 1.043132311355497777e+01 7.019914366480074731e-04
2.524270949865907369e+03 1.043037028767667174e+01 7.012619729962482487e-04
2.524277894807411485e+03 1.042915449292616792e+01 7.005432308758381731e-04
2.524284839748915601e+03 1.043090096868407279e+01 7.017609639374828429e-04
2.524291784690185978e+03 1.042881586887206602e+01 7.004479053204012030e-04
2.524298729631223068e+03 1.042883712876300883e+01 7.002554792868458848e-04
2.524305674572260614e+03 1.043162818263780167e+01 7.020084650685418960e-04
2.524312619513298614e+03 1.043104854434331408e+01 7.016841566675473697e-04
2.524319564454102419e+03 1.042892627062885857e+01 7.005074212596559087e-04
2.524326509394675668e+03 1.043073648882019810e+01 7.016718652290488464e-04
2.524333454335247552e+03 1.043259896606773651e+01 7.026149460629446241e-04
2.524340399275587515e+03 1.043173068316657570e+01 7.017056265710024977e-04
2.524347344215926114e+03 1.043143342555065978e+01 7.017015678300619376e-04
2.524354289156030973e+03 1.043213538566558896e+01 7.021983674014238607e-04
2.524361234096138560e+03 1.043142495471356490e+01 7.020454346736046099e-04
2.524368179036011952e+03 1.043035221129274071e+01 7.009434445137172716e-04
2.524375123975884890e+03 1.043050638366781868e+01 7.009515034574464185e-04
2.524382068915525906e+03 1.043532180609817672e+01 7.038321328572991024e-04
2.524389013854934547e+03 1.043291299155603546e+01 7.022292725189056232e-04
2.524395958794342732e+03 1.043424484309295863e+01 7.030207216920919934e-04
2.524402903733750009e+03 1.043417604479726712e+01 7.027626295062937766e-04
2.524409848672923999e+03 1.043341606626163021e+01 7.023587904710070504e-04
2.524416793611866979e+03 1.043482605921415995e+01 7.029829791117182423e-04
2.524423738550809503e+03 1.043514686113009304e+01 7.030970984591577858e-04
2.524430683489751573e+03 1.043494464943916178e+01 7.031435901843598657e-04
2.524437628428460812e+03 1.043634362044338637e+01 7.037998143522737268e-04
