3.262016867923112386e+03 1.039116027666198860e+01 1.424844418132032884e-03
3.262019182884952443e+03 1.039326566049608580e+01 1.426927812916366093e-03
3.262023812809562969e+03 1.039224071623846868e+01 1.424792174198119066e-03
3.262026127771402571e+03 1.039573255268485497e+01 1.429095312135422778e-03
3.262028442733707379e+03 1.039544991854369371e+01 1.428276142868937192e-03
3.262033072657854063e+03 1.039658865064145132e+01 1.428946079803776817e-03
3.262037702581999383e+03 1.040147719644966884e+01 1.434638610267780119e-03
3.262040017544305556e+03 1.039813998286557784e+01 1.430237315829917342e-03
3.262042332506610364e+03 1.039767123944376515e+01 1.428917085192261483e-03
3.262046962430757048e+03 1.039625158778916614e+01 1.427170428610110035e-03
3.262049277392596650e+03 1.039898045218514966e+01 1.430108817176183305e-03
3.262051592354902368e+03 1.040119668890657323e+01 1.432924595190350481e-03
3.262053907316742880e+03 1.040546281526496841e+01 1.437126067283347889e-03
3.262056222279048143e+03 1.040128210440630241e+01 1.432212216349443333e-03
3.262058537240887745e+03 1.040660180313279071e+01 1.438335031968335318e-03
3.262060852203193917e+03 1.040018983033777999e+01 1.430814250873980098e-03
3.262063167165033974e+03 1.039620094929698091e+01 1.425002503466221921e-03
3.262065482127339237e+03 1.039833147568964478e+01 1.426697290298175463e-03
3.262067797089180203e+03 1.040543352034358193e+01 1.435281660419705308e-03
3.262070112051486376e+03 1.040336684076518736e+01 1.432839319700424325e-03
3.262072427013326433e+03 1.040384020718803981e+01 1.432630056965433513e-03
3.262074741975631696e+03 1.039961467913737181e+01 1.427157334296183912e-03
3.262077056937471752e+03 1.040623669997270184e+01 1.434989542159089988e-03
3.262079371899777470e+03 1.040660221673445207e+01 1.435289894892713067e-03
3.262081686861616163e+03 1.040340973765842136e+01 1.430465406127647042e-03
3.262084001823921426e+03 1.040287653736204376e+01 1.430298661299663453e-03
3.262086316785761937e+03 1.040634091273971151e+01 1.433770899517124208e-03
3.262088631747601994e+03 1.040489414833545823e+01 1.431104088308716342e-03
3.262090946709907257e+03 1.040813294365552899e+01 1.435934947134248022e-03
3.262093261671748223e+03 1.040535986736708196e+01 1.431830695993562951e-03
3.262095576633587370e+03 1.040129748000070897e+01 1.424986838205802341e-03
3.262097891595893543e+03 1.040445152957926389e+01 1.428896705241752829e-03
3.262100206557734055e+03 1.040584160281822435e+01 1.431562877703881952e-03
3.262102521520038863e+03 1.040404604273867584e+01 1.428042507870091278e-03
3.262104836481879374e+03 1.040829991757374451e+01 1.432695052342836985e-03
3.262107151443719886e+03 1.040424545027925340e+01 1.426854827261446598e-03
3.262109466406025149e+03 1.041215029335478803e+01 1.436447488374474092e-03
3.262111781367864751e+03 1.040643214624751067e+01 1.428381282198315332e-03
3.262114096329705717e+03 1.040945048188802957e+01 1.432416554625152820e-03
3.262116411291544864e+03 1.040900801650607477e+01 1.431711748502563974e-03
3.262118726253851037e+03 1.040972497074979941e+01 1.431938152750846264e-03
3.262121041215692003e+03 1.040534687170020511e+01 1.425911587506321129e-03
3.262123356177531605e+03 1.041135882006917690e+01 1.433244773794712084e-03
3.262125671139837323e+03 1.040523343853143245e+01 1.424906449539750999e-03
3.262127986101677379e+03 1.040590204545859798e+01 1.424663740205945640e-03
3.262130301063517436e+03 1.040893372592478805e+01 1.428270553474575997e-03
3.262132616025357947e+03 1.041192896676043311e+01 1.431525554906754125e-03
3.262134930987198004e+03 1.040929820999414090e+01 1.427826414900216926e-03
3.262137245949503267e+03 1.040934047868091561e+01 1.427048316854413355e-03
3.262139560911342414e+03 1.041233274448580914e+01 1.430631994018634898e-03
3.262141875873182016e+03 1.040537844143691615e+01 1.420398548345497931e-03
3.262144190835022528e+03 1.041464171343853096e+01 1.431896567972145221e-03
3.262146505796863039e+03 1.041046999969319486e+01 1.426394110495505640e-03
3.262148820759167847e+03 1.041348948533024377e+01 1.429170390154099355e-03
3.262151135721008359e+03 1.040761884260211900e+01 1.422006586099194315e-03
3.262153450682848415e+03 1.041006054843030526e+01 1.424171408769027208e-03
3.262155765644688017e+03 1.041272138914883882e+01 1.427469053705062753e-03
3.262158080606528529e+03 1.040596420912810061e+01 1.418087899358346209e-03
3.262160395568369040e+03 1.041497587125208391e+01 1.428462605674955853e-03
3.262162710530208642e+03 1.041206685223855111e+01 1.424078107898901248e-03
3.262165025492048699e+03 1.041022914297445290e+01 1.421569409696798536e-03
3.262167340453888755e+03 1.041167450804779726e+01 1.422714437580718675e-03
3.262169655416194018e+03 1.041100263492238476e+01 1.421377784546144340e-03
3.262171970378034530e+03 1.040776468193027604e+01 1.417988152210919667e-03
3.262174285339875041e+03 1.041126747367690797e+01 1.420551843399290659e-03
3.262176600301714643e+03 1.041117054640286632e+01 1.421123704843996584e-03
3.262178915263554700e+03 1.041581696028088189e+01 1.425782471069876470e-03
3.262181230225394756e+03 1.041762181033066526e+01 1.427285702257216930e-03
3.262183545187234813e+03 1.040847532923221763e+01 1.415023205386245833e-03
3.262185860149075779e+03 1.041381025498766810e+01 1.421180483963582937e-03
3.262188175110914926e+03 1.041162209810835648e+01 1.417960496196286327e-03
3.262190490072755438e+03 1.041313142634945343e+01 1.419988099199156334e-03
3.262192805034595040e+03 1.041298778650608625e+01 1.419291092287889829e-03
3.262195119996434187e+03 1.041368441695071212e+01 1.419237507519746123e-03
3.262197434958274243e+03 1.041583516180745761e+01 1.421993429006243592e-03
3.262199749919649093e+03 1.041123924701876469e+01 1.415396006802698350e-03
3.262202064881488695e+03 1.041329337287485046e+01 1.418268880397299640e-03
3.262204379843328752e+03 1.041140488774435191e+01 1.415209858390435510e-03
3.262206694805168809e+03 1.041329707509227198e+01 1.416808966478355983e-03
3.262209009767008865e+03 1.041098187454158364e+01 1.413902225474108435e-03
3.262211324728849377e+03 1.041131414841814085e+01 1.414054552819929032e-03
3.262213639690689433e+03 1.041164557710317951e+01 1.413523904355994901e-03
3.262215954652529035e+03 1.040685871123566919e+01 1.407028093250541241e-03
3.262218269614369547e+03 1.041685622529828414e+01 1.419294184358802511e-03
3.262220584575743487e+03 1.041271812811182507e+01 1.414137556883626658e-03
3.262222899537583544e+03 1.041594048578718734e+01 1.417836526033693393e-03
3.262225214499424055e+03 1.041263857859906494e+01 1.412953293301676128e-03
3.262227529461264112e+03 1.041151615183923695e+01 1.411755757860505469e-03
3.262229844423103714e+03 1.041268805298086164e+01 1.411911178546087489e-03
3.262232159384478564e+03 1.041151255330525061e+01 1.410809976875907271e-03
3.262234474346318621e+03 1.041366703981240249e+01 1.413466499772134425e-03
3.262236789308158222e+03 1.041060570512457240e+01 1.408623515631240086e-03
3.262239104269999189e+03 1.041394617353746455e+01 1.413503209346171022e-03
3.262241419231838336e+03 1.041397607196184083e+01 1.412189538703794572e-03
3.262243734193212731e+03 1.041275597947789500e+01 1.410396558766443013e-03
3.262246049155053697e+03 1.041085842571778919e+01 1.408657254603379186e-03
3.262248364116892844e+03 1.041264099396355114e+01 1.410213743067355264e-03
3.262250679078267240e+03 1.041293257175255782e+01 1.410286135696877524e-03
3.262252994040106842e+03 1.041093891007947470e+01 1.407542443072284282e-03
3.262255309001946443e+03 1.040933594869873602e+01 1.404327169416728829e-03
3.262257623963320839e+03 1.040859988859820540e+01 1.404034888674939160e-03
3.262259938925161805e+03 1.041055615553810298e+01 1.406575212565682256e-03
3.262262253887001407e+03 1.041485973213932859e+01 1.412345900406202469e-03
3.262264568848375347e+03 1.041198811883808162e+01 1.407205013541777639e-03
3.262266883810215859e+03 1.040953256632882074e+01 1.403632800930229834e-03
3.262269198772055461e+03 1.041317478174313038e+01 1.408657394338738104e-03
3.262271513733429856e+03 1.040694932921538118e+01 1.400481421460282551e-03
3.262273828695270367e+03 1.040571731222019380e+01 1.398879657461615540e-03
3.262276143656644308e+03 1.041153879624406997e+01 1.406055061149069554e-03
3.262278458618484365e+03 1.041284982048159691e+01 1.407553834510783582e-03
3.262280773579859670e+03 1.040645779305178742e+01 1.398526272860290331e-03
3.262283088541698817e+03 1.041368672712445331e+01 1.407182664222235034e-03
3.262285403503539783e+03 1.041126021713065342e+01 1.403914646263684958e-03
3.262287718464914178e+03 1.040587032214197727e+01 1.397271615137641405e-03
3.262290033426754235e+03 1.041339499210089947e+01 1.406393988887406346e-03
3.262292348388129085e+03 1.040976460767296707e+01 1.401779418306855216e-03
3.262294663349968687e+03 1.041249034307917931e+01 1.404874768859928598e-03
3.262296978311343537e+03 1.041212352829213472e+01 1.404389706633832422e-03
3.262299293273183594e+03 1.040961963829986558e+01 1.400548879252758432e-03
3.262301608234557534e+03 1.040874075058727399e+01 1.398951093545483483e-03
3.262303923195932384e+03 1.041295646436816824e+01 1.404469933590372097e-03
3.262306238157771986e+03 1.040695005825580211e+01 1.397833260802109094e-03
3.262308553119145017e+03 1.041058902152502164e+01 1.400366595335149128e-03
3.262310868080985074e+03 1.040911534207853251e+01 1.398895580009045826e-03
3.262313183042359924e+03 1.041035114008529305e+01 1.400160044001010204e-03
3.262315498003733410e+03 1.040811353302745523e+01 1.397385311806178653e-03
3.262317812965573466e+03 1.040995834200890258e+01 1.399507381126918141e-03
3.262320127926948771e+03 1.041536383195873050e+01 1.405966773327637850e-03
3.262322442888787918e+03 1.041438744525798654e+01 1.403607579439229312e-03
3.262324757850162314e+03 1.041248114709461703e+01 1.401223842389144819e-03
3.262327072811537619e+03 1.040801779889014256e+01 1.396165844669312135e-03
3.262329387773376766e+03 1.041381702771981033e+01 1.402185627491843011e-03
3.262331702734751616e+03 1.041650063790657654e+01 1.405551065258934650e-03
3.262334017696126011e+03 1.041113484939922529e+01 1.398209240210835681e-03
3.262336332657501771e+03 1.041230510791236696e+01 1.399357068241223381e-03
3.262338647619340918e+03 1.041932518221552506e+01 1.408238817644039522e-03
3.262340962580714859e+03 1.041438719905111476e+01 1.401599822697637563e-03
3.262343277542089709e+03 1.041427204529722417e+01 1.401216713550327165e-03
3.262345592503464559e+03 1.041305227006268197e+01 1.399122509527973022e-03
3.262347907465304161e+03 1.040990375263139711e+01 1.395665059510791187e-03
3.262350222426678556e+03 1.041693031008382597e+01 1.403495279836299145e-03
3.262352537388053406e+03 1.041345100289131231e+01 1.398801409048938032e-03
3.262354852349426892e+03 1.041524055622545575e+01 1.401008747084622058e-03
3.262357167310801742e+03 1.042225092983886370e+01 1.408965291597067977e-03
3.262359482272641799e+03 1.041988538969486378e+01 1.405374744166982843e-03
3.262361797234014830e+03 1.042132261192853271e+01 1.406891417439159802e-03
3.262364112195388770e+03 1.041372093100244633e+01 1.397205638442943149e-03
3.262366427156764075e+03 1.041715339455214995e+01 1.401309382379384121e-03
3.262368742118138016e+03 1.041734114552870238e+01 1.400891161867966108e-03
3.262371057079512411e+03 1.041973572502174150e+01 1.403157641669319387e-03
3.262373372040887261e+03 1.041999355997646504e+01 1.403316295881829826e-03
3.262375687002260747e+03 1.041768335141720669e+01 1.400031410991881952e-03
3.262378001963635597e+03 1.042481550856878059e+01 1.408967300313136890e-03
3.262380316925009993e+03 1.042352102374330869e+01 1.406816294019444611e-03
3.262382631886850504e+03 1.041780691327207364e+01 1.398646068226202166e-03
3.262384946848225809e+03 1.042450412826954675e+01 1.406988753964270866e-03
3.262387261809599295e+03 1.042469765799368275e+01 1.406368779848655342e-03
3.262389576770973690e+03 1.042212434498883233e+01 1.402925864752841128e-03
3.262391891732348995e+03 1.042602542791760989e+01 1.406897956773260280e-03
3.262394206693722481e+03 1.041909930092040781e+01 1.398036709282500642e-03
3.262396521655097786e+03 1.041804590756279225e+01 1.396524696944659869e-03
3.262398836616006520e+03 1.042383455766727529e+01 1.403350895429959387e-03
3.262401151577380460e+03 1.042012992746951561e+01 1.399026201428350390e-03
3.262403466538754401e+03 1.042317346965625191e+01 1.401801615045522153e-03
3.262405781500129706e+03 1.042897497486303493e+01 1.408623514972350476e-03
3.262408096461503646e+03 1.042991896363210103e+01 1.409485344498030614e-03
3.262410411422877587e+03 1.042987326714201402e+01 1.408681673208926491e-03
3.262412726384252892e+03 1.042792977411453315e+01 1.405893643479231344e-03
3.262415041345626378e+03 1.042547301668936299e+01 1.402741565412826252e-03
3.262417356307000773e+03 1.042818615452826059e+01 1.405134401178916633e-03
3.262419671268375168e+03 1.042621981440582246e+01 1.403023764503798796e-03
3.262421986229282993e+03 1.042782426309528709e+01 1.403868663815944660e-03
3.262424301190657388e+03 1.043307194897823464e+01 1.410587939474921941e-03
3.262426616152031784e+03 1.042984445273885008e+01 1.406093248381078912e-03
3.262428931113406179e+03 1.042795835540615457e+01 1.402667813434814968e-03
3.262431246074780574e+03 1.043541015468125366e+01 1.411888435881893979e-03
3.262433561035689308e+03 1.042838626481682240e+01 1.403153709129526232e-03
3.262435875997063704e+03 1.042785377699911287e+01 1.402425187555244451e-03
3.262438190958439009e+03 1.043437590725478614e+01 1.410035374531429112e-03
3.262440505919812495e+03 1.042856348268048805e+01 1.402111696738615526e-03
3.262442820880721229e+03 1.043069108950831314e+01 1.404241212976984222e-03
3.262445135842096533e+03 1.043730407601828247e+01 1.411683268701173456e-03
3.262447450803470474e+03 1.043485140436975023e+01 1.407854635562115790e-03
3.262449765764378753e+03 1.043406955446538120e+01 1.407201372087259509e-03
3.262452080725754058e+03 1.043642302977164604e+01 1.408407997183323086e-03
3.262454395687127999e+03 1.043925771802601155e+01 1.412621039701351770e-03
3.262456710648036278e+03 1.043381799469917048e+01 1.405154156181592003e-03
3.262459025609411583e+03 1.044136824697307731e+01 1.414426842362911507e-03
3.262461340570785524e+03 1.043518320717693726e+01 1.406496998541403995e-03
3.262463655531693803e+03 1.044167403632628677e+01 1.414047494666224088e-03
3.262465970493069108e+03 1.043828305052763916e+01 1.410585261057724707e-03
3.262468285453976932e+03 1.043719875211889203e+01 1.407215650168187589e-03
3.262470600415351328e+03 1.043347631500012085e+01 1.403072011384431375e-03
3.262472915376260971e+03 1.044047876984124201e+01 1.411039803831685892e-03
3.262475230337634457e+03 1.044005854821755896e+01 1.409577685454013610e-03
3.262477545299008398e+03 1.043953026016912311e+01 1.409177336687754889e-03
3.262479860259917132e+03 1.043477457049178980e+01 1.403485570476723909e-03
3.262482175221291527e+03 1.044281658256334921e+01 1.413002593759878946e-03
3.262484490182200716e+03 1.044541709279446273e+01 1.415592965871154347e-03
3.262486805143574657e+03 1.044359546755212520e+01 1.413086391536975831e-03
3.262489120104483391e+03 1.044149425580097024e+01 1.409276554933127333e-03
3.262491435065392579e+03 1.044423146967635674e+01 1.412635803566509966e-03
3.262493750026766520e+03 1.044169488760932119e+01 1.409249920481990765e-03
3.262496064987674799e+03 1.044708806359366449e+01 1.415092977162160605e-03
3.262498379949050104e+03 1.044492911924819012e+01 1.412373224026900950e-03
3.262500694909957929e+03 1.044810040658855854e+01 1.417035426475462016e-03
3.262503009870866663e+03 1.044946048443208575e+01 1.416408021951008579e-03
3.262505324832241968e+03 1.044709619567209913e+01 1.414153767943315517e-03
3.262507639793149792e+03 1.045013352150277797e+01 1.417710020853471054e-03
3.262509954754525097e+03 1.044819122845358450e+01 1.414075143723620559e-03
3.262512269715433831e+03 1.044960922596939845e+01 1.415861079727219864e-03
3.262514584676342565e+03 1.044869119350071962e+01 1.413630764209943946e-03
3.262516899637251299e+03 1.045441200516350122e+01 1.420642622230399322e-03
3.262519214598626149e+03 1.045065023897522316e+01 1.416419569418394739e-03
3.262521529559533974e+03 1.044595036191853232e+01 1.409821980326067623e-03
3.262523844520443618e+03 1.045563485767318923e+01 1.421641986547968932e-03
3.262526159481818013e+03 1.045058954447539534e+01 1.414515395573530182e-03
3.262528474442726292e+03 1.045762028480486094e+01 1.423671215240698579e-03
3.262530789403635026e+03 1.045291392152667953e+01 1.417565773921239348e-03
3.262533104364542396e+03 1.045333186713513030e+01 1.416703139881740799e-03
3.262535419325451585e+03 1.045255064840558745e+01 1.416332498926157297e-03
3.262537734286826435e+03 1.045289043879652624e+01 1.416536778152414607e-03
3.262540049247734714e+03 1.045189368754663839e+01 1.413768032556801581e-03
3.262542364208643448e+03 1.045428332237203328e+01 1.417652012235558201e-03
3.262544679169552637e+03 1.045152154730094196e+01 1.413579721745144646e-03
3.262546994130460916e+03 1.044910495629971159e+01 1.410266245801160539e-03
3.262549309091369651e+03 1.044907288046873006e+01 1.409808935005262259e-03
3.262551624052278385e+03 1.045475383270220959e+01 1.416580414068265318e-03
3.262553939013652780e+03 1.045220744649980560e+01 1.412835067843191007e-03
3.262556253974561514e+03 1.045936277806006132e+01 1.421786636393756889e-03
3.262558568935470703e+03 1.045615372036468749e+01 1.417838641856266962e-03
3.262560883896378982e+03 1.045650656273998713e+01 1.417758513247082720e-03
3.262563198857287716e+03 1.045761803864120587e+01 1.418815587234960882e-03
3.262565513818196450e+03 1.045544830437684425e+01 1.415091274444387837e-03
3.262567828779105184e+03 1.045565888341670124e+01 1.415878516166066241e-03
3.262570143740014373e+03 1.045529482562595547e+01 1.415722126418437251e-03
3.262572458700923107e+03 1.046008590025003571e+01 1.420944505499717112e-03
3.262574773661831387e+03 1.045544203057276889e+01 1.414889384262856247e-03
3.262577088622741030e+03 1.045716629384686236e+01 1.416099631703980882e-03
3.262579403583648855e+03 1.045946298654872919e+01 1.419470790692676631e-03
3.262581718544558044e+03 1.045769991138126187e+01 1.417146052003746999e-03
3.262584033505001571e+03 1.045706197007276295e+01 1.415462391412491538e-03
3.262586348465909396e+03 1.045653295372936320e+01 1.415916703033606294e-03
3.262588663426818130e+03 1.046158907681386019e+01 1.421698335071203741e-03
3.262590978387726409e+03 1.045647893990854982e+01 1.414079414687281419e-03
3.262593293348634688e+03 1.045390359075923570e+01 1.411345128912683093e-03
3.262595608309543422e+03 1.046114169521895576e+01 1.420449015383978223e-03
3.262597923270452611e+03 1.046140966599282152e+01 1.420233547765093396e-03
3.262600238230895229e+03 1.045841104640724240e+01 1.416505589379631015e-03
3.262602553191804418e+03 1.045999561230442865e+01 1.417914611230560677e-03
3.262604868152713152e+03 1.045885753855394107e+01 1.415575032387815816e-03
3.262607183113620977e+03 1.045497463104754488e+01 1.411741333206295232e-03
3.262609498074530620e+03 1.045942301979375522e+01 1.417083090275303913e-03
3.262611813034973693e+03 1.045648784417944377e+01 1.413189838069548246e-03
3.262614127995882427e+03 1.045525499821466298e+01 1.410595990043481390e-03
3.262616442956791616e+03 1.045851374852348670e+01 1.414381740580578127e-03
3.262618757917699440e+03 1.046059449537907327e+01 1.416228152018534758e-03
3.262621072878142513e+03 1.045477524241480261e+01 1.409028985265743010e-03
3.262623387839052157e+03 1.045967879711588999e+01 1.415101743467478976e-03
3.262625702799960436e+03 1.045751464708477663e+01 1.411640237253629967e-03
3.262628017760403509e+03 1.046073180860807739e+01 1.415751981878171683e-03
3.262630332721312698e+03 1.046491301569789201e+01 1.421149724950175868e-03
3.262632647681754861e+03 1.046082732311958452e+01 1.415511029120060686e-03
3.262634962642664050e+03 1.046055742485029505e+01 1.415609781848972681e-03
3.262637277603573693e+03 1.046311381383189243e+01 1.418223268369483026e-03
3.262639592564015857e+03 1.046204557674770363e+01 1.416822285841758990e-03
3.262641907524925500e+03 1.045826484946335455e+01 1.411048603382774767e-03
3.262644222485368118e+03 1.046444812747217235e+01 1.419219902385029323e-03
3.262646537446275488e+03 1.046168364558595520e+01 1.415034333225389032e-03
3.262648852406718561e+03 1.045727259483133054e+01 1.410282660697344389e-03
3.262651167367627750e+03 1.046508720961051075e+01 1.419271425698875400e-03
3.262653482328069913e+03 1.046433866808123447e+01 1.417646442882520641e-03
3.262655797288978647e+03 1.046331829668240054e+01 1.416628032817844867e-03
3.262658112249422629e+03 1.046723225227191278e+01 1.420254112866931647e-03
3.262660427210331363e+03 1.046373104031180823e+01 1.417395335150010288e-03
3.262662742170774436e+03 1.046489892987692905e+01 1.417129034816496736e-03
3.262665057131683170e+03 1.046678298268469476e+01 1.419724422565538362e-03
3.262667372092126243e+03 1.046100437673355366e+01 1.412058051855064620e-03
3.262669687052569316e+03 1.046090026152820229e+01 1.412474096142321686e-03
3.262672002013478050e+03 1.046303473608836754e+01 1.415439339181631673e-03
3.262674316973921577e+03 1.046302101377577998e+01 1.414718810133883077e-03
3.262676631934829857e+03 1.046125183292815208e+01 1.412200557392172739e-03
3.262678946895272929e+03 1.046602034821049898e+01 1.418583264721008305e-03
3.262681261855716457e+03 1.046041452374793934e+01 1.410675121777395149e-03
3.262683576816624736e+03 1.046653044827602663e+01 1.417781870495089759e-03
3.262685891777067809e+03 1.046737789536606833e+01 1.418380148081463225e-03
3.262688206737511791e+03 1.045945532679198209e+01 1.408991298509035478e-03
3.262690521697954409e+03 1.046317680410585638e+01 1.413281043301248176e-03
3.262692836658862689e+03 1.046601189790066933e+01 1.416253178749656049e-03
3.262695151619305761e+03 1.046491514288055313e+01 1.414902060090579648e-03
3.262697466579748834e+03 1.046782822964460991e+01 1.418524895209204943e-03
3.262699781540191907e+03 1.046192854082910273e+01 1.411215078732541922e-03
3.262702096500634525e+03 1.046419929497948154e+01 1.414523942788606077e-03
3.262704411461542804e+03 1.045900375171795105e+01 1.408241563230880518e-03
3.262706726421986787e+03 1.046177848955750278e+01 1.410592563425357594e-03
3.262709041382429405e+03 1.046152300576362215e+01 1.410539914290492424e-03
3.262711356342872023e+03 1.046614004417369870e+01 1.415431277648487082e-03
3.262713671303315550e+03 1.045847085265499032e+01 1.406974014734470443e-03
3.262715986263758623e+03 1.046403069608088465e+01 1.413148318611953582e-03
3.262718301224201241e+03 1.045833957431403327e+01 1.406002966995414461e-03
3.262720616184644314e+03 1.046099919534640676e+01 1.409225204117017186e-03
3.262722931145553503e+03 1.045517417823236350e+01 1.401833088635965870e-03
3.262725246105996121e+03 1.046281131371364026e+01 1.411953160634585574e-03
3.262727561066439193e+03 1.046429107739515452e+01 1.414043406240437584e-03
3.262729876026882721e+03 1.046122102027672796e+01 1.410428621588715641e-03
3.262732190987324884e+03 1.046174402917535318e+01 1.409922403076265592e-03
3.262734505947768412e+03 1.046064121399926883e+01 1.409365015143110604e-03
3.262736820908211484e+03 1.045254621130240302e+01 1.399099234992336139e-03
3.262739135868654557e+03 1.046333640271685539e+01 1.411871012128265495e-03
3.262741450828632424e+03 1.045770915414252045e+01 1.405161711509945619e-03
3.262743765789075496e+03 1.046128294725157915e+01 1.408931392785221217e-03
3.262746080749518569e+03 1.046029340755069370e+01 1.407845352389321082e-03
3.262748395709962097e+03 1.045730196776155907e+01 1.403654291328551833e-03
3.262750710670404715e+03 1.045890543006524354e+01 1.405586448221440334e-03
3.262753025630847333e+03 1.046039015566593022e+01 1.407114688030603302e-03
3.262755340591290860e+03 1.046071912118094716e+01 1.407819436755599176e-03
3.262757655551733478e+03 1.046178211261028501e+01 1.408851294537000502e-03
3.262759970512175641e+03 1.045526837461563119e+01 1.401491996593053459e-03
3.262762285472153508e+03 1.046493123576198592e+01 1.412459909384385526e-03
3.262764600432596126e+03 1.046503498321284553e+01 1.413095758226102627e-03
3.262766915393039199e+03 1.046301422478070897e+01 1.410051110149694543e-03
3.262769230353483181e+03 1.046278281653855835e+01 1.410243282318976834e-03
3.262771545313460138e+03 1.046139545557566386e+01 1.407731331980987578e-03
3.262773860273902756e+03 1.045965024700022106e+01 1.405309304284620055e-03
3.262776175234346738e+03 1.045960548948260005e+01 1.405297380547257564e-03
3.262778490194788901e+03 1.046015915146013242e+01 1.406237241052976693e-03
3.262780805154766313e+03 1.046396085018585964e+01 1.409909120992454542e-03
3.262783120115209840e+03 1.045941570593104863e+01 1.404844879882118916e-03
3.262785435075653368e+03 1.046246361035671235e+01 1.407652831079778902e-03
3.262787750035630779e+03 1.045974735877251760e+01 1.404754346946512347e-03
3.262790064996073397e+03 1.046131081508320904e+01 1.407256382558528000e-03
3.262792379956051263e+03 1.046167372020524944e+01 1.408058104523161403e-03
3.262794694916494336e+03 1.046115327922697347e+01 1.405756762060417350e-03
3.262797009876936954e+03 1.046340332127816275e+01 1.408570725977370281e-03
3.262799324836914820e+03 1.046217488717143951e+01 1.406596977118975550e-03
3.262801639797357893e+03 1.045731526500611253e+01 1.401328364294298582e-03
3.262803954757334850e+03 1.046345882561944407e+01 1.408649257527177633e-03
3.262806269717778378e+03 1.046255726976050227e+01 1.407645980609794224e-03
3.262808584677755789e+03 1.046212505070947785e+01 1.407239903511417825e-03
3.262810899638198862e+03 1.046240232911832280e+01 1.406653752573623975e-03
3.262813214598175364e+03 1.046232846858756815e+01 1.406600495124489406e-03
3.262815529558617982e+03 1.046416771309090521e+01 1.409147860821347931e-03
3.262817844518594939e+03 1.046033865905052807e+01 1.404764896545168370e-03
3.262820159479038466e+03 1.046605422920591089e+01 1.410749622992746571e-03
3.262822474439015878e+03 1.046756542262819423e+01 1.412710987151723175e-03
3.262824789399459405e+03 1.046601452685165867e+01 1.410100007257336294e-03
3.262827104359436817e+03 1.046474752772309991e+01 1.408882129420803040e-03
3.262829419319414228e+03 1.046177953310376196e+01 1.404406244135770815e-03
3.262831734279857301e+03 1.046898233455450189e+01 1.413866988748241002e-03
3.262834049239835167e+03 1.046375804123191600e+01 1.406328283946088739e-03
3.262836364199812124e+03 1.046688825083324303e+01 1.410222668100892572e-03
3.262838679160255197e+03 1.046462983723204943e+01 1.406750335283064347e-03
3.262840994120233063e+03 1.046842184508628293e+01 1.411394781109589613e-03
3.262843309080210020e+03 1.046944865868417551e+01 1.412640126679612276e-03
3.262845624040187431e+03 1.046982144795645375e+01 1.412660765216168686e-03
3.262847939000630959e+03 1.046628270958089679e+01 1.407567494004737484e-03
3.262850253960607915e+03 1.046780189645863146e+01 1.409666832000757743e-03
3.262852568920585327e+03 1.046935340767833900e+01 1.411344257985147708e-03
3.262854883880562738e+03 1.046797023783946301e+01 1.409154951392764836e-03
3.262857198841005811e+03 1.046761402562552945e+01 1.407755758090387891e-03
3.262859513800983223e+03 1.046783393954840768e+01 1.408021688153644063e-03
3.262861828760961089e+03 1.046889737552134925e+01 1.408845228479101456e-03
3.262864143720938500e+03 1.047141771035330038e+01 1.411845682049520274e-03
3.262866458680915912e+03 1.046606343147582940e+01 1.405506947148022281e-03
3.262868773640892869e+03 1.047117334400080857e+01 1.412109240182727807e-03
3.262871088600869825e+03 1.047346258243491235e+01 1.414155708616239527e-03
3.262873403560846782e+03 1.046993207934900916e+01 1.408879097946928163e-03
3.262875718520824194e+03 1.046768202450797602e+01 1.406178829672315557e-03
3.262878033481267266e+03 1.046729252810686361e+01 1.404826824818379257e-03
3.262880348441245133e+03 1.047042332591829705e+01 1.409092178389538411e-03
3.262882663401222089e+03 1.047904968767940304e+01 1.419301292709209067e-03
3.262884978361199501e+03 1.047461903067046229e+01 1.412843183035426657e-03
3.262887293321176912e+03 1.047078441648612745e+01 1.408969720627995794e-03
3.262889608281153869e+03 1.047745521524388046e+01 1.416094400142325644e-03
3.262891923241131735e+03 1.047829124774369802e+01 1.417878337342658819e-03
3.262894238200643485e+03 1.047475643731209693e+01 1.412405574981193774e-03
3.262896553160620897e+03 1.047283900275787438e+01 1.409688218493085040e-03
3.262898868120598308e+03 1.047735263738322864e+01 1.414698951939380228e-03
3.262901183080576629e+03 1.047345885482132566e+01 1.410719027099271994e-03
3.262903498040554496e+03 1.047893956975047836e+01 1.417436406394434814e-03
3.262905813000531452e+03 1.047934212470008397e+01 1.417116611466057857e-03
3.262908127960508864e+03 1.047532069813563993e+01 1.410917472004176876e-03
3.262910442920486275e+03 1.047635515843395737e+01 1.414242811659080458e-03
3.262912757879998480e+03 1.047334715863745380e+01 1.408441905155237298e-03
3.262915072839974982e+03 1.047875837453408288e+01 1.414752639867286783e-03
3.262917387799952849e+03 1.047359963279191497e+01 1.408636459576548044e-03
3.262919702759930715e+03 1.047418207490692410e+01 1.409007964540275656e-03
3.262922017719907672e+03 1.048085196221541260e+01 1.417327836485444406e-03
3.262924332679419422e+03 1.047474836806759413e+01 1.408698773501584943e-03
3.262926647639396379e+03 1.047913314294581610e+01 1.414591597235468311e-03
3.262928962599372426e+03 1.047880873794965240e+01 1.413995839000298195e-03
3.262931277558884631e+03 1.047408530013003691e+01 1.407958435730980546e-03
3.262933592518862042e+03 1.047611465243448770e+01 1.409566944616008795e-03
3.262935907478839454e+03 1.047717128900395700e+01 1.410711807757931979e-03
3.262938222438350749e+03 1.048153239398493852e+01 1.417477430894177430e-03
3.262940537398329070e+03 1.047800008102466585e+01 1.412004666262215444e-03
3.262942852358306482e+03 1.047581776602053516e+01 1.408410553138070634e-03
3.262945167317818687e+03 1.047794555462433408e+01 1.411419242383679879e-03
3.262947482277795643e+03 1.047786112127082347e+01 1.411276427620197435e-03
3.262949797237307394e+03 1.047954730056980210e+01 1.412722191593375216e-03
3.262952112197284805e+03 1.048073029286394764e+01 1.414567171801630902e-03
3.262954427156796555e+03 1.047849043154463367e+01 1.411314974795310545e-03
3.262956742116774421e+03 1.047635210726441812e+01 1.408258696656874021e-03
3.262959057076286172e+03 1.047755113780346115e+01 1.409368651629646328e-03
3.262961372036263128e+03 1.047593664373654754e+01 1.406798443873624174e-03
3.262963686995775788e+03 1.047760228960085804e+01 1.408606120740706459e-03
3.262966001955752290e+03 1.048266364274450879e+01 1.414811161109364541e-03
3.262968316915264040e+03 1.047993001642186428e+01 1.410562067010072375e-03
3.262970631875241452e+03 1.048587817347935136e+01 1.418163353092745643e-03
3.262972946834753657e+03 1.047886647924473813e+01 1.409336366939029691e-03
3.262975261794264952e+03 1.048427005959725200e+01 1.416020184299882035e-03
3.262977576754242364e+03 1.048028853434730578e+01 1.410840407234603472e-03
3.262979891713754569e+03 1.048014964933149429e+01 1.410580895937005395e-03
3.262982206673265864e+03 1.048496046828444861e+01 1.416002195898612842e-03
3.262984521633242366e+03 1.048013569687408619e+01 1.409660899749611051e-03
3.262986836592754116e+03 1.048655562123484586e+01 1.417923813258998959e-03
3.262989151552266776e+03 1.047919173863291675e+01 1.408749525230057953e-03
3.262991466512243278e+03 1.048179044111835623e+01 1.412872862263166596e-03
3.262993781471755028e+03 1.048566296003475529e+01 1.416820441386903214e-03
3.262996096431266778e+03 1.048298421077859466e+01 1.413443164378525019e-03
3.262998411390778983e+03 1.048885666801983341e+01 1.419449883555989368e-03
3.263000726350755940e+03 1.048487850733508253e+01 1.414062827398581941e-03
3.263003041310267690e+03 1.048492707053281769e+01 1.414510849675945387e-03
3.263005356269779440e+03 1.048410343147822310e+01 1.412299568004775699e-03
3.263007671229291191e+03 1.048987157778166868e+01 1.419201656031728867e-03
3.263009986188803396e+03 1.049100131052112950e+01 1.420028592385780015e-03
3.263012301148315146e+03 1.048888436534558188e+01 1.416870383852557574e-03
3.263014616108292103e+03 1.048870506825252846e+01 1.417020456830634474e-03
3.263016931067803853e+03 1.048724363681464666e+01 1.415721330782500342e-03
3.263019246027316058e+03 1.049031143805192912e+01 1.418088311289554754e-03
3.263021560986828263e+03 1.048926590537614167e+01 1.417149798059816291e-03
3.263023875946340468e+03 1.049135283482524628e+01 1.419641512933697601e-03
3.263026190905851763e+03 1.049008931758617535e+01 1.417494187604773342e-03
3.263028505865363513e+03 1.049186120448681514e+01 1.419540445113122310e-03
3.263030820824875718e+03 1.048988071797831267e+01 1.417303606424853224e-03
3.263033135784387014e+03 1.049418524815238563e+01 1.421865175549551479e-03
3.263035450743898764e+03 1.049140418832887889e+01 1.417984563209910521e-03
3.263037765703410969e+03 1.049165680955394819e+01 1.418862963148719101e-03
3.263040080662920900e+03 1.049154899420664933e+01 1.418292489547759135e-03
3.263042395622432196e+03 1.049058689262581723e+01 1.417265139490112404e-03
3.263044710581479194e+03 1.049432330395162438e+01 1.421714189411922048e-03
3.263047025540990489e+03 1.048934838148720061e+01 1.414417892262001542e-03
3.263049340500501785e+03 1.048904326840121293e+01 1.414065666382547173e-03
3.263051655460013990e+03 1.049843630368879488e+01 1.425179910079241077e-03
3.263053970419526195e+03 1.049403589293275907e+01 1.420415887977210384e-03
3.263056285379037945e+03 1.049660209405490718e+01 1.422632524773669895e-03
3.263058600338549695e+03 1.049199839417073932e+01 1.416786338190930078e-03
3.263060915297595784e+03 1.049256374548170889e+01 1.418047745156077221e-03
3.263063230257107989e+03 1.049786058393745591e+01 1.423661252919455238e-03
3.263065545216618830e+03 1.049773593885058887e+01 1.423785667348445279e-03
3.263067860176131489e+03 1.049461628748450259e+01 1.418897889445005188e-03
3.263070175135177578e+03 1.049471716167344404e+01 1.420010537833605322e-03
3.263072490094688874e+03 1.050248858487237413e+01 1.430335275177848416e-03
3.263074805054201079e+03 1.049553941204281671e+01 1.421063906191871945e-03
3.263077120013247168e+03 1.049470825660602458e+01 1.419399280889624936e-03
3.263079434972758008e+03 1.049424126658406564e+01 1.419523406340898438e-03
3.263081749932270213e+03 1.049813188903112504e+01 1.423518038340903288e-03
3.263084064891316302e+03 1.049913351470793010e+01 1.425113953476673037e-03
3.263086379850828052e+03 1.049776056659718648e+01 1.423423604396947687e-03
3.263088694809874596e+03 1.049635502355287997e+01 1.421327309231786235e-03
3.263091009769385892e+03 1.049917994661997511e+01 1.424860998171863105e-03
3.263093324728897642e+03 1.049471429942231460e+01 1.419588693770503125e-03
3.263095639687943276e+03 1.049993804858417334e+01 1.425224013304509079e-03
3.263097954647454571e+03 1.049433416422406218e+01 1.418060561811053258e-03
3.263100269606500660e+03 1.049748171544278819e+01 1.422397820670364072e-03
3.263102584566012411e+03 1.050015429046422177e+01 1.424878513315313948e-03
3.263104899525058499e+03 1.049380348688865183e+01 1.417964920670456829e-03
3.263107214484570250e+03 1.049876296207740367e+01 1.423451243103712781e-03
3.263109529443616339e+03 1.049833511518540696e+01 1.423078956246855500e-03
3.263111844402661973e+03 1.049874777664165748e+01 1.423510915607558098e-03
3.263114159362174632e+03 1.049690575054417074e+01 1.421012378671550639e-03
3.263116474321220721e+03 1.049623039620750120e+01 1.419918634769909210e-03
3.263118789280732017e+03 1.049874286577780857e+01 1.423505808864856644e-03
3.263121104239778560e+03 1.049928047846237433e+01 1.424371768734193286e-03
3.263123419198824649e+03 1.049859235748745334e+01 1.423576609453619480e-03
3.263125734158336400e+03 1.049359262019312311e+01 1.416742188666074648e-03
3.263128049117382943e+03 1.049700966048120065e+01 1.421212716491043401e-03
3.263130364076428577e+03 1.049249310379976663e+01 1.415817991177386681e-03
3.263132679035474212e+03 1.049721232100669077e+01 1.421658341826003823e-03
3.263134993994986871e+03 1.049791783445858684e+01 1.421524482442564161e-03
3.263137308954032505e+03 1.049476135457701531e+01 1.418122217031774889e-03
3.263139623913078594e+03 1.049621233958153255e+01 1.419925679705400521e-03
3.263141938872125138e+03 1.049493719953009929e+01 1.418016621061737002e-03
3.263144253831636433e+03 1.049418618990643814e+01 1.416487566330148920e-03
3.263146568790682522e+03 1.049750928436704633e+01 1.421143937465467163e-03
3.263148883749729066e+03 1.049249178513937331e+01 1.415033175581968455e-03
3.263151198708774245e+03 1.049637205857929345e+01 1.419211582865326617e-03
3.263153513667819425e+03 1.049009613244275840e+01 1.411849921697332783e-03
3.263155828626865969e+03 1.049403992834166033e+01 1.416403459976778561e-03
3.263158143585912057e+03 1.049320916804152937e+01 1.415480460593293967e-03
3.263160458544957692e+03 1.049373798920229284e+01 1.415882628048189011e-03
3.263162773504004690e+03 1.049702462367150346e+01 1.419697989801702118e-03
3.263165088463050779e+03 1.049222096038118934e+01 1.413946404044812274e-03
3.263167403422562984e+03 1.049467283179365751e+01 1.417180192539626909e-03
3.263169718381608618e+03 1.049494507071164051e+01 1.417034136193823972e-03
3.263172033340189500e+03 1.049332032803306802e+01 1.414768121925271587e-03
3.263174348299235589e+03 1.049067069741767000e+01 1.411697438987689684e-03
3.263176663258281224e+03 1.049124864232790344e+01 1.412085880682195996e-03
3.263178978217327312e+03 1.049319508991690597e+01 1.415243927633309199e-03
3.263181293176373401e+03 1.049014438236606317e+01 1.411208866569106353e-03
3.263183608135419036e+03 1.049193312354416108e+01 1.412700254216010462e-03
3.263185923094465579e+03 1.049632894199304367e+01 1.417509673100212026e-03
3.263188238053512123e+03 1.048902393990926640e+01 1.409481276086345814e-03
3.263190553012557757e+03 1.049138816209460856e+01 1.412202172875852511e-03
3.263192867971603846e+03 1.048923811775146753e+01 1.408914147349432178e-03
3.263195182930184274e+03 1.048921443265599329e+01 1.408844978040886368e-03
3.263197497889230362e+03 1.048756304088327518e+01 1.406323173433226235e-03
3.263199812848276906e+03 1.049066217739337326e+01 1.410094151902034111e-03
3.263202127807322995e+03 1.049153927637781969e+01 1.410797734543842727e-03
3.263204442765903423e+03 1.049082025060826417e+01 1.410329345339090754e-03
3.263206757724949966e+03 1.048547960524554057e+01 1.403665544392721561e-03
3.263209072683995146e+03 1.048418050053964379e+01 1.402118625007252924e-03
3.263211387643040325e+03 1.049183461791103333e+01 1.410846943600066678e-03
3.263213702601620753e+03 1.048703924344571270e+01 1.404648547914249222e-03
3.263216017560666387e+03 1.048371753753217206e+01 1.401106286808290712e-03
3.263218332519713385e+03 1.049055227092341624e+01 1.408274613448625605e-03
3.263220647478293358e+03 1.048885745147301307e+01 1.408132053808047518e-03
3.263222962437338992e+03 1.048740610355536873e+01 1.404880503488330299e-03
3.263225277395920784e+03 1.049083926491540630e+01 1.408928765573651612e-03
3.263227592354966418e+03 1.048925279738923955e+01 1.407490711225366968e-03
3.263229907314012053e+03 1.048886895795109275e+01 1.406979663593138597e-03
3.263232222272592480e+03 1.048668809911148081e+01 1.404477140478330686e-03
3.263234537231639024e+03 1.048273455951281186e+01 1.399836577886775547e-03
3.263236852190219452e+03 1.048577710707151667e+01 1.402123226297997179e-03
3.263239167149265995e+03 1.048562862688357633e+01 1.401928148583433302e-03
3.263241482107845968e+03 1.048387981068752950e+01 1.399000310271918688e-03
3.263243797066892057e+03 1.048671122891427743e+01 1.402657581652239690e-03
3.263246112025472939e+03 1.048649579237990714e+01 1.403229751034779050e-03
3.263248426984052458e+03 1.049004922994294731e+01 1.406536727501832762e-03
3.263250741943098546e+03 1.048565869808865614e+01 1.401222988993958921e-03
3.263253056901679884e+03 1.048446577790355150e+01 1.399652513237122434e-03
3.263255371860725518e+03 1.048560612361085553e+01 1.401493257616457863e-03
3.263257686819305491e+03 1.048877780085455491e+01 1.404467031558108295e-03
3.263260001777886373e+03 1.048286255111921683e+01 1.397338572697587409e-03
3.263262316736932462e+03 1.048497042336340357e+01 1.399033511624031599e-03
3.263264631695511980e+03 1.048678257218706023e+01 1.402154768471220109e-03
3.263266946654092408e+03 1.048472412027273926e+01 1.399637935279277002e-03
3.263269261611741513e+03 1.048714337218610559e+01 1.401655033449830928e-03
3.263271576570321940e+03 1.048497073093933629e+01 1.399405235595789889e-03
3.263273891529368029e+03 1.048417045353951416e+01 1.398410471652268127e-03
3.263276206487948457e+03 1.048913015068215593e+01 1.405368386283423155e-03
3.263278521446528885e+03 1.048564942236357744e+01 1.400572513106853332e-03
3.263280836405109767e+03 1.048194118925657037e+01 1.395479579931669994e-03
3.263283151363690195e+03 1.048284355544345736e+01 1.396946602035869112e-03
3.263285466322736283e+03 1.048743114058744297e+01 1.402806056172503863e-03
3.263287781281316711e+03 1.048730521926530557e+01 1.401926590262203218e-03
3.263290096239897593e+03 1.048591984269260990e+01 1.399676668639553536e-03
3.263292411198478021e+03 1.048631273205071146e+01 1.400055689367012352e-03
3.263294726157057994e+03 1.048503504578569157e+01 1.398121846617554056e-03
3.263297041115638422e+03 1.049236266062590772e+01 1.407383868197337054e-03
3.263299356074218849e+03 1.048477837176838534e+01 1.398463065258788137e-03
3.263301671032799277e+03 1.048700146353726481e+01 1.400432897416527874e-03
3.263303985991380614e+03 1.048511845034301437e+01 1.397801564996622786e-03
3.263306300949960587e+03 1.048317082669538713e+01 1.394661943204236884e-03
3.263308615908540560e+03 1.048920193026006409e+01 1.403113009565481540e-03
3.263310930867121897e+03 1.048659715401311310e+01 1.399526440549675194e-03
3.263313245825701415e+03 1.048085843637863945e+01 1.392387965331100784e-03
3.263315560784281843e+03 1.048314361028359087e+01 1.395243707987071317e-03
3.263317875742863180e+03 1.048456225643738549e+01 1.395566991387830547e-03
3.263320190701442698e+03 1.048720908864971335e+01 1.399817312720595761e-03
3.263322505660022216e+03 1.049326225126625545e+01 1.406597976123657046e-03
3.263324820618137437e+03 1.048757415542704408e+01 1.400125554127705637e-03
3.263327135576716955e+03 1.048927831277280021e+01 1.401332188208913873e-03
3.263329450535297838e+03 1.048368102468027629e+01 1.394888678215757153e-03
3.263331765493878720e+03 1.048874299606058003e+01 1.400832381105800422e-03
3.263334080452458693e+03 1.048586254317560140e+01 1.396849745711630170e-03
3.263336395410573914e+03 1.048751890523671548e+01 1.399047259152619337e-03
3.263338710369153887e+03 1.048717957758173469e+01 1.397853817815495562e-03
3.263341025327734314e+03 1.048953862918230229e+01 1.401738457782337891e-03
3.263343340286315652e+03 1.048544499404949093e+01 1.395792913084925677e-03
3.263345655244429963e+03 1.048933129633260108e+01 1.400680068355867908e-03
3.263347970203010391e+03 1.048756082059932915e+01 1.398210188380872958e-03
3.263350285161591273e+03 1.049179299315643021e+01 1.402442397003670228e-03
3.263352600119705585e+03 1.048784777087043807e+01 1.398377357182114958e-03
3.263354915078285558e+03 1.048472909303063005e+01 1.394818083661389808e-03
3.263357230036401234e+03 1.048698302898726098e+01 1.397767418059772410e-03
3.263359544994980752e+03 1.049032792624396393e+01 1.401113863091544903e-03
3.263361859953561634e+03 1.048769943533801907e+01 1.397861739541853346e-03
3.263364174911676400e+03 1.048722302141250395e+01 1.396870328970370835e-03
3.263366489870257283e+03 1.048958500297158736e+01 1.399960483459652743e-03
3.263368804828372504e+03 1.048673297230363133e+01 1.396447301405352595e-03
3.263371119786952022e+03 1.048631426407621170e+01 1.395882302544698694e-03
3.263373434745067243e+03 1.049055401555552081e+01 1.400776471372949632e-03
3.263375749703648125e+03 1.048770382868043427e+01 1.397825638953036423e-03
3.263378064661761528e+03 1.049540038393216967e+01 1.406406353968593171e-03
3.263380379619875384e+03 1.049008771198364975e+01 1.400023670326479893e-03
3.263382694578456722e+03 1.048879190277877349e+01 1.398073169703983399e-03
3.263385009536571033e+03 1.049067526245593385e+01 1.400591870830770200e-03
3.263387324495151461e+03 1.048834706075128231e+01 1.396968942829791187e-03
3.263389639453266682e+03 1.048888363876445773e+01 1.397966261938998539e-03
3.263391954411380993e+03 1.049020472051137176e+01 1.399958666225975838e-03
3.263394269369961421e+03 1.049203150114554717e+01 1.401872028517359668e-03
3.263396584328076642e+03 1.049176538299961159e+01 1.400877378636250416e-03
3.263398899286191408e+03 1.048713297147546797e+01 1.395055042068149174e-03
3.263401214244306630e+03 1.049096161552181528e+01 1.400492019513600297e-03
3.263403529202886602e+03 1.049143157505906565e+01 1.400237395628158845e-03
3.263405844161001369e+03 1.049318243922370186e+01 1.401645754486102909e-03
3.263408159119117045e+03 1.049069239255933894e+01 1.399235831210406036e-03
3.263410474077230901e+03 1.049378292541617164e+01 1.402499311696991111e-03
3.263412789035345668e+03 1.049547558608227504e+01 1.405125679962451702e-03
3.263415103993927005e+03 1.049215777531537874e+01 1.400802451120806112e-03
3.263417418952040862e+03 1.049455453622604750e+01 1.402790454992515565e-03
3.263419733910156083e+03 1.049573821731425838e+01 1.404424591798668917e-03
3.263422048868270849e+03 1.049301288337771254e+01 1.401156258220773512e-03
3.263424363826385616e+03 1.049360546806668459e+01 1.401734224925706498e-03
3.263426678784500382e+03 1.049742874630134359e+01 1.406121870040865935e-03
3.263428993742615603e+03 1.049495864752553054e+01 1.402765211540102537e-03
3.263431308700730369e+03 1.049940756363944949e+01 1.408129699037520511e-03
3.263433623658845136e+03 1.049685842167174599e+01 1.404454699194656025e-03
3.263435938616958538e+03 1.049875423218889914e+01 1.406802897685088122e-03
3.263438253575072849e+03 1.049719476741961799e+01 1.404722258937193477e-03
3.263440568533188525e+03 1.049958740528558643e+01 1.407630228141944781e-03
3.263442883491302382e+03 1.050079055375965709e+01 1.408750440230886530e-03
3.263445198449417603e+03 1.050024382514853016e+01 1.408133495825845873e-03
3.263447513407532369e+03 1.050356137356054731e+01 1.411678137807392645e-03
3.263449828365647136e+03 1.049751315619333880e+01 1.403414119887893413e-03
3.263452143323761447e+03 1.049464588451167124e+01 1.399840607782981130e-03
3.263454458281877123e+03 1.049952566560827805e+01 1.405939004408026608e-03
3.263456773239525319e+03 1.049866466863966252e+01 1.402832353071082261e-03
3.263459088197640540e+03 1.049916912071355490e+01 1.404406629925949264e-03
3.263461403155755761e+03 1.049844558579295395e+01 1.402640051316135289e-03
3.263463718113870527e+03 1.049683933950784009e+01 1.401311277256761523e-03
3.263466033071985294e+03 1.050594647579205265e+01 1.411537886739665671e-03
3.263468348029633944e+03 1.049834088817514655e+01 1.402843637863212091e-03
3.263470662987749620e+03 1.050015542098195453e+01 1.405120861898090595e-03
3.263472977945863931e+03 1.050069329248107408e+01 1.405226861695641795e-03
3.263475292903513036e+03 1.050216220826125912e+01 1.406928075781215069e-03
3.263477607861627803e+03 1.050378791455609395e+01 1.408505132551227373e-03
3.263479922819743024e+03 1.049914527334218128e+01 1.403140374421294736e-03
3.263482237777391674e+03 1.050584900026703572e+01 1.410526235973499909e-03
3.263484552735506441e+03 1.050739374111927660e+01 1.412612810930351020e-03
3.263486867693621662e+03 1.050803605645758587e+01 1.412993437616879558e-03
3.263489182651269857e+03 1.049880747501460831e+01 1.401557856032619896e-03
3.263491497609384624e+03 1.050501363636376340e+01 1.408763194020453942e-03
3.263493812567033274e+03 1.050310876043329777e+01 1.406164750306689503e-03
3.263496127525148495e+03 1.050524009353839361e+01 1.407874390520225680e-03
3.263498442482797600e+03 1.050276161132804020e+01 1.405292473919745938e-03
3.263500757440911912e+03 1.050698525536377304e+01 1.410531716287812725e-03
3.263503072398561471e+03 1.050509129274290387e+01 1.407827614955508124e-03
3.263505387356675783e+03 1.050712672266348768e+01 1.409724690379098077e-03
3.263507702314324888e+03 1.050895231240602712e+01 1.411845995497071609e-03
3.263510017272439654e+03 1.050926111407157038e+01 1.412089007109718682e-03
3.263512332230088759e+03 1.050890692320566444e+01 1.411706772330728003e-03
3.263514647187737864e+03 1.050935994342976620e+01 1.412481462153931597e-03
3.263516962145853086e+03 1.051073064340462970e+01 1.412866245575065309e-03
3.263519277103501736e+03 1.051139025922074843e+01 1.413792974391211684e-03
3.263521592061150386e+03 1.051110281750563047e+01 1.412963894260591295e-03
3.263523907019266062e+03 1.050228570666222971e+01 1.402157340536981005e-03
3.263526221976915167e+03 1.050860379062376815e+01 1.409725412908420690e-03
3.263528536934563817e+03 1.050739373613843242e+01 1.407765758366349377e-03
3.263530851892679038e+03 1.051164021521118386e+01 1.412785217597859171e-03
3.263533166850328598e+03 1.051114114741838534e+01 1.412489934973318014e-03
3.263535481807977703e+03 1.051427102011785664e+01 1.415811558620442114e-03
3.263537796765626808e+03 1.051252860527611510e+01 1.413155655424468745e-03
3.263540111723275913e+03 1.051312541175785853e+01 1.413538062875913017e-03
3.263542426681390680e+03 1.050843335380131194e+01 1.407812553876136618e-03
3.263544741639039785e+03 1.051255363452598957e+01 1.412973023758926343e-03
3.263547056596687980e+03 1.051085036832866848e+01 1.410721502341625525e-03
3.263549371554336631e+03 1.051203339217861021e+01 1.411751412657731922e-03
3.263551686511986190e+03 1.051406623059860301e+01 1.414301971392893393e-03
3.263554001469634386e+03 1.050968742243268572e+01 1.409072229378621711e-03
3.263556316427283491e+03 1.051673375482406136e+01 1.418132236067775904e-03
3.263558631384933506e+03 1.051628363813205347e+01 1.416929708362333999e-03
3.263560946342583065e+03 1.051557744620509283e+01 1.416009859577675722e-03
3.263563261300232170e+03 1.051630495719577674e+01 1.417289838510838416e-03
3.263565576257880366e+03 1.051365750724695936e+01 1.413378724787504393e-03
3.263567891215530381e+03 1.051059103885977386e+01 1.409409902135720649e-03
3.263570206173179486e+03 1.051160155061889689e+01 1.411108319406828137e-03
3.263572521130828136e+03 1.051545641464102232e+01 1.415630237643065352e-03
3.263574836088477241e+03 1.051436434355493432e+01 1.414249891655666638e-03
3.263577151046126346e+03 1.051354695482820034e+01 1.412769057399111423e-03
3.263579466003774996e+03 1.051227960414135865e+01 1.411374759743493123e-03
3.263581780961424556e+03 1.051796115342746774e+01 1.418237890947373313e-03
3.263584095918608455e+03 1.051200056686525386e+01 1.411125940594013537e-03
3.263586410876257105e+03 1.051621221997006472e+01 1.415649259710966652e-03
3.263588725833906210e+03 1.051644225875389793e+01 1.416540547514447178e-03
3.263591040791555315e+03 1.051011009074214009e+01 1.409077177032918389e-03
3.263593355749204420e+03 1.051301324002259463e+01 1.411282501683062528e-03
3.263595670706388773e+03 1.051456149149165853e+01 1.413357349635281082e-03
3.263597985664037424e+03 1.051808655690107663e+01 1.418002184253817737e-03
3.263600300621686529e+03 1.051265035997398734e+01 1.411163311321532356e-03
3.263602615578869518e+03 1.051687764592050911e+01 1.416209221164769312e-03
3.263604930536517713e+03 1.051581988938370671e+01 1.415325544667817622e-03
3.263607245494166818e+03 1.051150581401853223e+01 1.408850684577709310e-03
3.263609560451350717e+03 1.051663148208127119e+01 1.415825021334845462e-03
3.263611875408998912e+03 1.051531694217333879e+01 1.413849403322653495e-03
3.263614190366648472e+03 1.051395553204735833e+01 1.412563579571587480e-03
3.263616505323831916e+03 1.051773371369741916e+01 1.417074148534815461e-03
3.263618820281481476e+03 1.051426999978181875e+01 1.412241529074495213e-03
3.263621135238664920e+03 1.051144689205595029e+01 1.408642070854194787e-03
3.263623450196314025e+03 1.050673243775720067e+01 1.404187368766565344e-03
3.263625765153497468e+03 1.051648292247515926e+01 1.414808082234804941e-03
3.263628080111147028e+03 1.051578986127014836e+01 1.414164057180125741e-03
3.263630395068330017e+03 1.051624961249258128e+01 1.414661822976891713e-03
3.263632710025978668e+03 1.051083978698188304e+01 1.407527684203774797e-03
3.263635024983163021e+03 1.051602573397171625e+01 1.415620265041055755e-03
3.263637339940811671e+03 1.051088742860483372e+01 1.409056283433968246e-03
3.263639654897994660e+03 1.051047806205829716e+01 1.406976348125926193e-03
3.263641969855179013e+03 1.051153676537979109e+01 1.408082233205493064e-03
3.263644284812827664e+03 1.051496743865246764e+01 1.412650141288029340e-03
3.263646599770010653e+03 1.050963664837072287e+01 1.405763371106726490e-03
3.263648914727195006e+03 1.050941388812739063e+01 1.406065708764501912e-03
3.263651229684844566e+03 1.051569975437560345e+01 1.413028710384876992e-03
3.263653544642028010e+03 1.051105130741464500e+01 1.409195992511893007e-03
3.263655859599210999e+03 1.051189435305680853e+01 1.409346341193778215e-03
3.263658174556394442e+03 1.051509134966508441e+01 1.412873373272545072e-03
3.263660489514043547e+03 1.050999396704810174e+01 1.405554554838308375e-03
3.263662804471225627e+03 1.050989733186976238e+01 1.405635811353608778e-03
3.263665119428409071e+03 1.051012325007303971e+01 1.406967993358170530e-03
3.263667434385593424e+03 1.050911811191706668e+01 1.405055105527030796e-03
3.263669749342775958e+03 1.051340756378082730e+01 1.410294849844955780e-03
3.263672064299959857e+03 1.051393180949296102e+01 1.411700470107318849e-03
3.263674379257609417e+03 1.051335609721953190e+01 1.410322625931163983e-03
3.263676694214791951e+03 1.051229879452276172e+01 1.408408230470365981e-03
3.263679009171975849e+03 1.051121455703569296e+01 1.409064509713277681e-03
3.263681324129159293e+03 1.051372272273921027e+01 1.410668842564698038e-03
3.263683639086342737e+03 1.050868893466034670e+01 1.404155857944699255e-03
3.263685954043527090e+03 1.050986769517407637e+01 1.405270800273249274e-03
3.263688269000710079e+03 1.051113208223520168e+01 1.407626771271084038e-03
3.263690583957893523e+03 1.051284925798679026e+01 1.409939323216293817e-03
3.263692898915076967e+03 1.051028477909819259e+01 1.407262132101563682e-03
3.263695213872260410e+03 1.050919014809835339e+01 1.405058535030644833e-03
3.263697528829443399e+03 1.050782961210233601e+01 1.402925654835603022e-03
3.263699843786162091e+03 1.051109819641114740e+01 1.407646904223635665e-03
3.263702158743345080e+03 1.050826984688361598e+01 1.404439176269826374e-03
3.263704473700528524e+03 1.050948860799360673e+01 1.405843897032327478e-03
3.263706788657711968e+03 1.050818003233280251e+01 1.404241733828453815e-03
3.263709103614896776e+03 1.051108467337419405e+01 1.408014046617078003e-03
3.263711418572079310e+03 1.051132056296492934e+01 1.409150239357721216e-03
3.263713733529262754e+03 1.051014566739257106e+01 1.406622622894250886e-03
3.263716048485980082e+03 1.051110470740570157e+01 1.406843106394505038e-03
3.263718363443163071e+03 1.050775263374751844e+01 1.403975372665434767e-03
3.263720678400346060e+03 1.050590044433339543e+01 1.400962385003412351e-03
3.263722993357529504e+03 1.050819187858121850e+01 1.404819768791590361e-03
3.263725308314247741e+03 1.050438998394471390e+01 1.400209289980654205e-03
3.263727623271430275e+03 1.050426879912739686e+01 1.399133033184506896e-03
3.263729938228613719e+03 1.050533691958316140e+01 1.401857247131715976e-03
3.263732253185331956e+03 1.050805365310144168e+01 1.405057044780697951e-03
3.263734568142514945e+03 1.050729390232490168e+01 1.404309765618771575e-03
3.263736883099232728e+03 1.050629797483244587e+01 1.403193727101362904e-03
3.263739198056417081e+03 1.050859815094987049e+01 1.405995299151131328e-03
3.263741513013600525e+03 1.050092746671252009e+01 1.396336820458964848e-03
3.263743827970318307e+03 1.049961671056701995e+01 1.395034955044992383e-03
3.263746142927501751e+03 1.050652634308692157e+01 1.404148876029993583e-03
3.263748457884219533e+03 1.050379686670300394e+01 1.402262667198764592e-03
3.263750772841403432e+03 1.050365970798198312e+01 1.401044019351545267e-03
3.263753087798120760e+03 1.050656246108606418e+01 1.404396239306321317e-03
3.263755402755304203e+03 1.050394111762057747e+01 1.401319378011413666e-03
3.263757717712022441e+03 1.050561163437859946e+01 1.403829293173583818e-03
3.263760032668739768e+03 1.050208300676252016e+01 1.399248600776324594e-03
3.263762347625923212e+03 1.050653714965394769e+01 1.405253058792253155e-03
3.263764662582641449e+03 1.050692958362452067e+01 1.405659218633152239e-03
3.263766977539823984e+03 1.050453243233230083e+01 1.403640052805326787e-03
3.263769292496542221e+03 1.049486850244065295e+01 1.390412506891399455e-03
3.263771607453260003e+03 1.049479211695109626e+01 1.391243438851195091e-03
3.263773922410442538e+03 1.050258497084546150e+01 1.400675194660829220e-03
3.263776237367160320e+03 1.050184320539811011e+01 1.400165698762283369e-03
3.263778552323878102e+03 1.049659451285405609e+01 1.393553912521333085e-03
3.263780867280596794e+03 1.049808949359062282e+01 1.395553985256643530e-03
3.263783182237779329e+03 1.049746566391393010e+01 1.394973070434820175e-03
3.263785497194497111e+03 1.049774468955263806e+01 1.395169352922057604e-03
3.263787812151215803e+03 1.049766539692240208e+01 1.395725927496989155e-03
3.263790127107933586e+03 1.049494329464642384e+01 1.391558534733215594e-03
3.263792442064650459e+03 1.049538445315686275e+01 1.392422174556087180e-03
3.263794757021368241e+03 1.049605625538701936e+01 1.393404844222545383e-03
3.263797071978086933e+03 1.049194354641635485e+01 1.388632613794160567e-03
3.263799386935270377e+03 1.049716174832951410e+01 1.394920395135050561e-03
3.263801701891988614e+03 1.049394864060868926e+01 1.391411235001301788e-03
3.263804016848705942e+03 1.049601342796747971e+01 1.393855355585530472e-03
3.263806331805423724e+03 1.049513755119130209e+01 1.393355107508376968e-03
3.263808646762141962e+03 1.049692947036313662e+01 1.395824466337606054e-03
3.263810961718858835e+03 1.049672054302858015e+01 1.394918720415031432e-03
3.263813276675577526e+03 1.049485203649231835e+01 1.392799086310599196e-03
3.263815591632294854e+03 1.049373571110256087e+01 1.391060716680103887e-03
3.263817906589012637e+03 1.049371533557027192e+01 1.392648222973340982e-03
3.263820221545730419e+03 1.049460456757951121e+01 1.392721083059349522e-03
3.263822536501982995e+03 1.049800856829979345e+01 1.396355937325147786e-03
3.263824851458699868e+03 1.049530819009004112e+01 1.394347627489995285e-03
3.263827166415418560e+03 1.049579218400021219e+01 1.394329823092758372e-03
3.263829481372135433e+03 1.049501970885397384e+01 1.392884108458956492e-03
3.263831796328852761e+03 1.049205351475822212e+01 1.389460984614080069e-03
3.263834111285570998e+03 1.049421921726546003e+01 1.391389677521642342e-03
3.263836426241822664e+03 1.049521118485760596e+01 1.393431494572933485e-03
3.263838741198540447e+03 1.049441149290437636e+01 1.391677898751916007e-03
3.263841056155258684e+03 1.049320315023657813e+01 1.391715650638684389e-03
3.263843371111976012e+03 1.049742772818404113e+01 1.395804956786914509e-03
3.263845686068228588e+03 1.049394626184561474e+01 1.390913048562284534e-03
3.263848001024945916e+03 1.049663021411036112e+01 1.395081877961198372e-03
3.263850315981663698e+03 1.049722007223640041e+01 1.395668450143006068e-03
3.263852630937915819e+03 1.048757443940806411e+01 1.383199267956601022e-03
3.263854945894634056e+03 1.049382929305607348e+01 1.391090235576023740e-03
3.263857260851351384e+03 1.049663290773318103e+01 1.393931940962174661e-03
3.263859575807603960e+03 1.049765269502644216e+01 1.395235518389928734e-03
3.263861890764321288e+03 1.049650650537269314e+01 1.394154627542733152e-03
3.263864205720573409e+03 1.049256284972375930e+01 1.389900918717440134e-03
3.263866520677292101e+03 1.049544754652801437e+01 1.392275910965792059e-03
3.263868835633543313e+03 1.049663383745863143e+01 1.393540948508935427e-03
3.263871150590261550e+03 1.049529235580402897e+01 1.392133065845423991e-03
3.263873465546514126e+03 1.049458028186724512e+01 1.391474888114878914e-03
3.263875780503231454e+03 1.049748016898969993e+01 1.395220375551158281e-03
3.263878095459483575e+03 1.049590219246429967e+01 1.392894686327773033e-03
3.263880410416201812e+03 1.049479399713043648e+01 1.390919276410560899e-03
3.263882725372454388e+03 1.049847920603654039e+01 1.395234281904898918e-03
3.263885040329171716e+03 1.049804691493634756e+01 1.394543433920172404e-03
3.263887355285422473e+03 1.050010609032325881e+01 1.397136208762528526e-03
3.263889670241674594e+03 1.049025120169245362e+01 1.385742907913436626e-03
3.263891985198392376e+03 1.049763165824694866e+01 1.394068078193589234e-03
3.263894300154644498e+03 1.049956484418573055e+01 1.396695271027623836e-03
3.263896615110896619e+03 1.049521915285260221e+01 1.391614685405970046e-03
3.263898930067149195e+03 1.049862131671147836e+01 1.395404300337135415e-03
3.263901245023866522e+03 1.049712792472328893e+01 1.392821411674958479e-03
3.263903559980118189e+03 1.049849554398286067e+01 1.394789780209224495e-03
3.263905874936371220e+03 1.049910772566087402e+01 1.395348242833842041e-03
3.263908189892622431e+03 1.049598589601099263e+01 1.391400499546762782e-03
3.263910504849340214e+03 1.049724781036474397e+01 1.391530659002315805e-03
3.263912819805593244e+03 1.049668105933907292e+01 1.391113794256742652e-03
3.263915134761845366e+03 1.050090084615580288e+01 1.397013474700279853e-03
3.263917449718097942e+03 1.049471571304083639e+01 1.389317738528034456e-03
3.263919764674350063e+03 1.050061032508000913e+01 1.395844495313879356e-03
3.263922079630601729e+03 1.049645895656063921e+01 1.390808904770417329e-03
3.263924394586854760e+03 1.049883767265580836e+01 1.393524002300010811e-03
3.263926709543106426e+03 1.049833916142976697e+01 1.392365638757060275e-03
3.263929024499358547e+03 1.050193912154654186e+01 1.396594094404106411e-03
3.263931339455611123e+03 1.050169654392422025e+01 1.396324398812400641e-03
3.263933654411862335e+03 1.049762861575222317e+01 1.391166317903074412e-03
3.263935969368114456e+03 1.049824370773342785e+01 1.391143261037367353e-03
3.263938284324367032e+03 1.050283329238721919e+01 1.397145232996691196e-03
3.263940599280619153e+03 1.049938908200926058e+01 1.392668854169501957e-03
3.263942914236870820e+03 1.050334863320912149e+01 1.397321731328242519e-03
3.263945229193122486e+03 1.050350527258487432e+01 1.396003518764323209e-03
3.263947544149374608e+03 1.049731516942704168e+01 1.388407070739370447e-03
3.263949859105627183e+03 1.050357625336619094e+01 1.396654104233374530e-03
3.263952174061412734e+03 1.050957203165232556e+01 1.404107766221157844e-03
3.263954489017664855e+03 1.050796745227922813e+01 1.401822463545444267e-03
3.263956803973917886e+03 1.050398282049483711e+01 1.396715143903349936e-03
3.263959118930169552e+03 1.050563411540315784e+01 1.398579702631758386e-03
3.263961433885955557e+03 1.050416760731922139e+01 1.396537293114536111e-03
3.263963748842208588e+03 1.050868568992724761e+01 1.400966549855020256e-03
3.263966063798460709e+03 1.050629313272699150e+01 1.397294993464107734e-03
3.263968378754712830e+03 1.050797363221339253e+01 1.400252816546063888e-03
3.263970693710498836e+03 1.050708417537992645e+01 1.398754189656359294e-03
3.263973008666751412e+03 1.050950010985921601e+01 1.401142427416489974e-03
3.263975323623003987e+03 1.050829656238328980e+01 1.399728722451176180e-03
3.263977638578789993e+03 1.051557122453959892e+01 1.408540076000290272e-03
3.263979953535042569e+03 1.050614423475637160e+01 1.397008447701726533e-03
3.263982268490829028e+03 1.051042118508120282e+01 1.400665189938625965e-03
3.263984583447080695e+03 1.050849660424295706e+01 1.399005892719992587e-03
3.263986898402867610e+03 1.050984555565186973e+01 1.400437460237712994e-03
3.263989213359119276e+03 1.051046085905636573e+01 1.401238893942099127e-03
3.263991528314905736e+03 1.051287537013773488e+01 1.403519748560454932e-03
3.263993843271158767e+03 1.051441511826508446e+01 1.404608418425046029e-03
3.263996158226944317e+03 1.051168225095631392e+01 1.401392797126366652e-03
3.263998473183195983e+03 1.051666067961513207e+01 1.407035470373157581e-03
3.264000788138982443e+03 1.051463233991787760e+01 1.404478021392722466e-03
3.264003103095234110e+03 1.051176707446379233e+01 1.400981245418291520e-03
3.264005418051020570e+03 1.051357593734584839e+01 1.402439194351488578e-03
3.264007733006807484e+03 1.051557260323261467e+01 1.405156806900953242e-03
3.264010047963059151e+03 1.051792491387734430e+01 1.408334542692979766e-03
3.264012362918846065e+03 1.052069342653162032e+01 1.410195647043043865e-03
3.264014677874632525e+03 1.051670182566071432e+01 1.406280763949288581e-03
3.264016992830884192e+03 1.051619149336665160e+01 1.404813612847046747e-03
3.264019307786670652e+03 1.052001600274840065e+01 1.408764348219722004e-03
3.264021622742457566e+03 1.052096480730510741e+01 1.410343315753375586e-03
3.264023937698243572e+03 1.052009021069637207e+01 1.408739361052588216e-03
3.264026252654030941e+03 1.052020841094492098e+01 1.408191502118534078e-03
3.264028567610282607e+03 1.052457423358290889e+01 1.413928056143994678e-03
3.264030882566069067e+03 1.052392993383972275e+01 1.413322617964048265e-03
3.264033197521855982e+03 1.052142325985195370e+01 1.409636807409318359e-03
3.264035512477641987e+03 1.052617683261522430e+01 1.415026833229983275e-03
3.264037827433428902e+03 1.052748328806045919e+01 1.417036686152709076e-03
3.264040142389215362e+03 1.052611403268949175e+01 1.414927104966898956e-03
3.264042457345001367e+03 1.052744923225813345e+01 1.416431644558133760e-03
3.264044772300788281e+03 1.052878403402754870e+01 1.417470069748470989e-03
3.264047087256574741e+03 1.052462079012134488e+01 1.411782952004778276e-03
3.264049402212361201e+03 1.052512607124237576e+01 1.413634234434316128e-03
3.264051717168148571e+03 1.052513813130537201e+01 1.412571828704431301e-03
3.264054032123934121e+03 1.052993157184909379e+01 1.419716559303295855e-03
3.264056347079719671e+03 1.052879847876451613e+01 1.417422907306196966e-03
3.264058662035506586e+03 1.053163547667929478e+01 1.421588578993470678e-03
3.264060976991292591e+03 1.052909631767487042e+01 1.417509834012170913e-03
3.264063291947079506e+03 1.052968259876538326e+01 1.417453473891222429e-03
3.264065606902865966e+03 1.052658340215145216e+01 1.413635006881757425e-03
3.264067921858651971e+03 1.052874203657341567e+01 1.416846917374265345e-03
3.264070236813972770e+03 1.052484503664498305e+01 1.411391483488914174e-03
3.264072551769759684e+03 1.052803407905193467e+01 1.414932593093901287e-03
3.264074866725545689e+03 1.053068095728408515e+01 1.419201517633632498e-03
3.264077181681332604e+03 1.053321321888329010e+01 1.421403344963988917e-03
3.264079496637119064e+03 1.052998423241622916e+01 1.418390046255040005e-03
3.264081811592439408e+03 1.052710786159462941e+01 1.414261054899229033e-03
3.264084126548226777e+03 1.052827598809972542e+01 1.414913817947883535e-03
3.264086441504012328e+03 1.053534535451305487e+01 1.423731206883545363e-03
3.264088756459333581e+03 1.053580547573960047e+01 1.424337068766788183e-03
3.264091071415120041e+03 1.053222350650459482e+01 1.419291257101943727e-03
3.264093386370906501e+03 1.053059960920920446e+01 1.417865551091490508e-03
3.264095701326226845e+03 1.052650925001279880e+01 1.411974592572074177e-03
3.264098016282014214e+03 1.053295107570580846e+01 1.420109468736260438e-03
3.264100331237334558e+03 1.052978446891869169e+01 1.415519159403163694e-03
3.264102646193120563e+03 1.053080534667628676e+01 1.417291366904024734e-03
3.264104961148442271e+03 1.053308189137944595e+01 1.420042119214112155e-03
3.264107276104228731e+03 1.053252613355925327e+01 1.418706637658903157e-03
3.264109591059549530e+03 1.053491923372365235e+01 1.421860822155589753e-03
3.264111906015334625e+03 1.053457462780058052e+01 1.421764745117382565e-03
3.264114220970655424e+03 1.053548193455729631e+01 1.423132382176029668e-03
3.264116535926441884e+03 1.053186597751234643e+01 1.418058181021636952e-03
3.264118850881762683e+03 1.053213574949277920e+01 1.418636003809798643e-03
3.264121165837548688e+03 1.053148103730063490e+01 1.418352923801511310e-03
3.264123480792869941e+03 1.052596916576954555e+01 1.410166601600090948e-03
3.264125795748190285e+03 1.053275310768928463e+01 1.418285319483710786e-03
3.264128110703976745e+03 1.053169557438289594e+01 1.416894744376745278e-03
3.264130425659297998e+03 1.053257511239518429e+01 1.418719616449899083e-03
3.264132740614619252e+03 1.053395103487170736e+01 1.419141608759522241e-03
3.264135055570406166e+03 1.053047461580018407e+01 1.416064351571034953e-03
3.264137370525726510e+03 1.053729548699624274e+01 1.424523862519643403e-03
3.264139685481047309e+03 1.053313296465798743e+01 1.417898869059217503e-03
3.264142000436368562e+03 1.053092103299258220e+01 1.415949850891554378e-03
3.264144315391688906e+03 1.053231861300447392e+01 1.418122524487412878e-03
3.264146630347475366e+03 1.053312070436081704e+01 1.419235898965222169e-03
3.264148945302796619e+03 1.053115535973650019e+01 1.416755602360279505e-03
3.264151260258116963e+03 1.052843770733661621e+01 1.412487450063134144e-03
3.264153575213437762e+03 1.053333758406282072e+01 1.419629657178117857e-03
3.264155890168759015e+03 1.053650790460758202e+01 1.423494010940382906e-03
3.264158205124079359e+03 1.053704618235877533e+01 1.423104347055568434e-03
3.264160520079401067e+03 1.053701391209328087e+01 1.423603674799839335e-03
3.264162835034721411e+03 1.053423809281020063e+01 1.419840828694561444e-03
3.264165149990042664e+03 1.053252913885493669e+01 1.418774401900561258e-03
3.264167464945363008e+03 1.053630858122460090e+01 1.422255951913542656e-03
3.264169779900681988e+03 1.053295911160411436e+01 1.417780437078488415e-03
3.264172094856003241e+03 1.052597591693968582e+01 1.410137333892058208e-03
3.264174409811324949e+03 1.053623910576448353e+01 1.422262075740909947e-03
3.264176724766644838e+03 1.053250692431307911e+01 1.418422947559159954e-03
3.264179039721965637e+03 1.052913206617278696e+01 1.413979421740269764e-03
3.264181354677286890e+03 1.052775089944403497e+01 1.411630554809755085e-03
3.264183669632608598e+03 1.053541758307044063e+01 1.421783298715564251e-03
3.264185984587928942e+03 1.052876792656928018e+01 1.412669192152554362e-03
3.264188299542784080e+03 1.052729176253414423e+01 1.411695432349869585e-03
3.264190614498105788e+03 1.053120676801449029e+01 1.416018178275029729e-03
3.264192929453426132e+03 1.052754632058707607e+01 1.411968256107289446e-03
3.264195244408746021e+03 1.052976611843906163e+01 1.414600165101134168e-03
3.264197559363602068e+03 1.052897783065924386e+01 1.414021882085477909e-03
3.264199874318922411e+03 1.052786876058640431e+01 1.412333351931032051e-03
3.264202189274243210e+03 1.053156104227058876e+01 1.417689807907313720e-03
3.264204504229098347e+03 1.053306450348291001e+01 1.418860902780287245e-03
3.264206819184419601e+03 1.053171098326572519e+01 1.416910703038486326e-03
3.264209134139740399e+03 1.052361263619443044e+01 1.407179610294248236e-03
3.264211449094595991e+03 1.052782011413000696e+01 1.412483245980473154e-03
3.264213764049915881e+03 1.053101146603738059e+01 1.416785763428417754e-03
3.264216079005236679e+03 1.052827012984650779e+01 1.413063926743811241e-03
3.264218393960092726e+03 1.053016936200357456e+01 1.415700125682522320e-03
3.264220708915413070e+03 1.052703355498630700e+01 1.411348543577529546e-03
3.264223023870267752e+03 1.052898504366194565e+01 1.413859295322841651e-03
3.264225338825588096e+03 1.052454124154337478e+01 1.408179842602474193e-03
3.264227653780442779e+03 1.052720518355030421e+01 1.411319170709508450e-03
3.264229968735763578e+03 1.052521003415545664e+01 1.409061184549939430e-03
3.264232283690619170e+03 1.052357672189738302e+01 1.408039197188971133e-03
3.264234598645473852e+03 1.052365248449045332e+01 1.407474075760299865e-03
3.264236913600795560e+03 1.052536405575757605e+01 1.409538629977294183e-03
3.264239228555649788e+03 1.052245485289975058e+01 1.405370099843703587e-03
3.264241543510970587e+03 1.051918622833891526e+01 1.403276925331692088e-03
3.264243858465826634e+03 1.052492831675593621e+01 1.409713871534389734e-03
3.264246173420680861e+03 1.052659184030265038e+01 1.411787587571102518e-03
3.264248488375536454e+03 1.052065663374394333e+01 1.404060739509388348e-03
3.264250803330857707e+03 1.052026088191319175e+01 1.404028491599212817e-03
3.264253118285711935e+03 1.052076794440929142e+01 1.404669161759903098e-03
3.264255433240567527e+03 1.052162317262069102e+01 1.406172878677419908e-03
3.264257748195423119e+03 1.052130318027917255e+01 1.405638571706166635e-03
3.264260063150744372e+03 1.052128611383520962e+01 1.405834107806855793e-03
3.264262378105599510e+03 1.051844314411153647e+01 1.402027407133313959e-03
3.264264693060454192e+03 1.051937608065153995e+01 1.404085183000177523e-03
3.264267008015309329e+03 1.051980800198802513e+01 1.403592769995134657e-03
3.264269322970164467e+03 1.052203111262231161e+01 1.406070125421565210e-03
3.264271637925019604e+03 1.051977620659409496e+01 1.403409591333503858e-03
3.264273952879874741e+03 1.051526182783953089e+01 1.398335969349022391e-03
3.264276267834729879e+03 1.051764137843647262e+01 1.401239453323902158e-03
3.264278582789585016e+03 1.051978010556824472e+01 1.403952900964223777e-03
3.264280897744439699e+03 1.052081834341321276e+01 1.405633645249298319e-03
3.264283212699293927e+03 1.051860560193337157e+01 1.402778626409298705e-03
3.264285527654149519e+03 1.051111838156210787e+01 1.393614731619872158e-03
3.264287842609005111e+03 1.051817365247579872e+01 1.402242766446778598e-03
3.264290157563859793e+03 1.051458890551497305e+01 1.397182427045616819e-03
3.264292472518715385e+03 1.051425722858418510e+01 1.397235334722314679e-03
3.264294787473570977e+03 1.051948204467221082e+01 1.404011313772691571e-03
3.264297102428425660e+03 1.051384671842721197e+01 1.396831315083207859e-03
3.264299417383280343e+03 1.051451085342970160e+01 1.397799447622581279e-03
3.264301732338135935e+03 1.051300910310889769e+01 1.395909503901478351e-03
3.264304047292525411e+03 1.051404376816996233e+01 1.397589337491359157e-03
3.264306362247380548e+03 1.051480444684806947e+01 1.398339841258392120e-03
3.264308677202236140e+03 1.051280117630305710e+01 1.395972982505038797e-03
3.264310992157091277e+03 1.051339343945604021e+01 1.397167727750336279e-03
3.264313307111480754e+03 1.051444278922169318e+01 1.398031533398198974e-03
3.264315622066335891e+03 1.050999957204447810e+01 1.393056840882251788e-03
3.264317937021191483e+03 1.051268672944758542e+01 1.396105208725843382e-03
3.264320251976046620e+03 1.050985996074789419e+01 1.392517353513029197e-03
3.264322566930435642e+03 1.050821936996527128e+01 1.391402306884697258e-03
3.264324881885290779e+03 1.050979818232793761e+01 1.392733481111014474e-03
3.264327196839680710e+03 1.051247061039075170e+01 1.396528038890894807e-03
3.264329511794534938e+03 1.051330073305234869e+01 1.397749667395704236e-03
3.264331826749390530e+03 1.051252915480792183e+01 1.396467151576524313e-03
3.264334141703780460e+03 1.050923972613317581e+01 1.392454061115707764e-03
3.264336456658635143e+03 1.050957874363249545e+01 1.392995892322818454e-03
3.264338771613024164e+03 1.051115930602917459e+01 1.395384589898783631e-03
3.264341086567878392e+03 1.050975230692613849e+01 1.393978369873447335e-03
3.264343401522268323e+03 1.051238614574393537e+01 1.396069829836093287e-03
3.264345716476657799e+03 1.050552541691279274e+01 1.387510059825640754e-03
3.264348031431512936e+03 1.050548399723841086e+01 1.388587466228118766e-03
3.264350346385902412e+03 1.051090620793392461e+01 1.395087709124757979e-03
3.264352661340758004e+03 1.050725306186556196e+01 1.391043223849485182e-03
3.264354976295147026e+03 1.050540804185031973e+01 1.388542836155342870e-03
3.264357291249536502e+03 1.051211913144180876e+01 1.396390557240191014e-03
3.264359606204392094e+03 1.051030974565315468e+01 1.394072345603711337e-03
3.264361921158781570e+03 1.050696306074674169e+01 1.389513052541415218e-03
3.264364236113171501e+03 1.051161283444704964e+01 1.395422027217663348e-03
3.264366551068025728e+03 1.050845199706884614e+01 1.391566174869163317e-03
3.264368866022415204e+03 1.050630508668504248e+01 1.388995052056420446e-03
3.264371180976805590e+03 1.050389801883670060e+01 1.386578839561789737e-03
3.264373495931194611e+03 1.051565816692910715e+01 1.399278256551171910e-03
3.264375810885584087e+03 1.050658864419749250e+01 1.388488146872632117e-03
3.264378125840439679e+03 1.050552867279651359e+01 1.387279706776014393e-03
3.264380440794828701e+03 1.051123816633972297e+01 1.394704209676326081e-03
3.264382755749217722e+03 1.050591415692141695e+01 1.387888093631244784e-03
3.264385070703608108e+03 1.050957445792820621e+01 1.392719497904994740e-03
3.264387385657997584e+03 1.050936349994480601e+01 1.392235675667713099e-03
3.264389700612387514e+03 1.050588708535916993e+01 1.387550377298823459e-03
3.264392015566775626e+03 1.051208205066679824e+01 1.396641517902904705e-03
3.264394330521164193e+03 1.051344824662237976e+01 1.396745662793127691e-03
3.264396645475554578e+03 1.050753421084183614e+01 1.390147314544816839e-03
3.264398960429943600e+03 1.051102513253650450e+01 1.392869696709252494e-03
3.264401275384333076e+03 1.051190536919975571e+01 1.394771618807452273e-03
3.264403590338723006e+03 1.051492536063026861e+01 1.398687568851271880e-03
3.264405905293112028e+03 1.051188127351614376e+01 1.395114047976810275e-03
3.264408220247501504e+03 1.050824428110273878e+01 1.390178075374752823e-03
3.264410535201890980e+03 1.051239030960288368e+01 1.394540273164825497e-03
3.264412850155815249e+03 1.051063958756079053e+01 1.392299612742621887e-03
3.264415165110204725e+03 1.051662890988621868e+01 1.400917069537268526e-03
3.264417480064594201e+03 1.051299308424899870e+01 1.396125094481566898e-03
3.264419795018983677e+03 1.051044325697999859e+01 1.392672027636894473e-03
3.264422109973374063e+03 1.051289538425411330e+01 1.395169274583396742e-03
3.264424424927297423e+03 1.051017478690817697e+01 1.391485126401342982e-03
3.264426739881686444e+03 1.051314940535343290e+01 1.394998115316548135e-03
3.264429054836076375e+03 1.051199426261763037e+01 1.393397864373208637e-03
3.264431369790465396e+03 1.051088773902035101e+01 1.392138350553095245e-03
3.264433684744389211e+03 1.051568194336137907e+01 1.397751410457109952e-03
3.264435999698779597e+03 1.051418899586858657e+01 1.396086590430253025e-03
3.264438314653169527e+03 1.051747894777033210e+01 1.399369005740868852e-03
3.264440629607092887e+03 1.051561689852399617e+01 1.396825603675490649e-03
3.264442944561481909e+03 1.051370689458707020e+01 1.395340189945059586e-03
3.264445259515406633e+03 1.051768762395513512e+01 1.399638609490965217e-03
3.264447574469796109e+03 1.051737291114723760e+01 1.399330299105545298e-03
3.264449889423718560e+03 1.051723482901048712e+01 1.398993585264091382e-03
3.264452204378107581e+03 1.051417103840041278e+01 1.394782141170952108e-03
3.264454519332031396e+03 1.051739705061523189e+01 1.400092654212476860e-03
3.264456834286420417e+03 1.051586289108252892e+01 1.396882389867627012e-03
3.264459149240344232e+03 1.051660861462234919e+01 1.398249493666499019e-03
3.264461464194734617e+03 1.051704890645451940e+01 1.398371202675736252e-03
3.264463779148658432e+03 1.051648557903427417e+01 1.397974379286857092e-03
3.264466094102582701e+03 1.051381266949413629e+01 1.394164444864280867e-03
3.264468409056971723e+03 1.052029998960063928e+01 1.402209170491046158e-03
3.264470724010895538e+03 1.051390149194481083e+01 1.393827386612063804e-03
3.264473038964819352e+03 1.051888082518604506e+01 1.400256986686807675e-03
3.264475353919208374e+03 1.051768305923123847e+01 1.398292192238621487e-03
3.264477668873132643e+03 1.051954748218765445e+01 1.400252661092509345e-03
3.264479983827056458e+03 1.051647714211924622e+01 1.396040129869077166e-03
3.264482298781445934e+03 1.052106060797516385e+01 1.401224644747455254e-03
3.264484613735369749e+03 1.052046873899780621e+01 1.399656105570414380e-03
3.264486928689294018e+03 1.051846392152443244e+01 1.398136181843825064e-03
3.264489243643217378e+03 1.052281852521890571e+01 1.403003396609055816e-03
3.264491558597142102e+03 1.052082874153938796e+01 1.399287280390847836e-03
3.264493873551065462e+03 1.051954944120873137e+01 1.398370238932162375e-03
3.264496188504988822e+03 1.052288391624823305e+01 1.402616953591354076e-03
3.264498503459379208e+03 1.052340362562135745e+01 1.403016379184903947e-03
3.264500818413302568e+03 1.051881052155112428e+01 1.396177111352571443e-03
3.264503133367226383e+03 1.052072194368740199e+01 1.399091291668413690e-03
3.264505448321149288e+03 1.052558578517446719e+01 1.405067395329429644e-03
3.264507763275072648e+03 1.052414984176391144e+01 1.401645135675377157e-03
3.264510078228996917e+03 1.052209202207370708e+01 1.399949603462454862e-03
3.264512393182920277e+03 1.052571369624430098e+01 1.404785084224352077e-03
3.264514708136844547e+03 1.052291395970727805e+01 1.399903992710251543e-03
3.264517023090768816e+03 1.052389084698063115e+01 1.401525302184139510e-03
3.264519338044226515e+03 1.052446488402823555e+01 1.401590155384008045e-03
3.264521652998150785e+03 1.052476694640748889e+01 1.403301788243194485e-03
3.264523967952074599e+03 1.052160782197694466e+01 1.398568508558471367e-03
3.264526282905997959e+03 1.052516269452706510e+01 1.401545174236908456e-03
3.264528597859921319e+03 1.052426776919379492e+01 1.401186467595807788e-03
3.264530912813846044e+03 1.052531180185534510e+01 1.401542508302285007e-03
3.264533227767304197e+03 1.052593759316005873e+01 1.402188161056973489e-03
3.264535542721228467e+03 1.052713626482171350e+01 1.404529359845195589e-03
3.264537857675151372e+03 1.052522633350865178e+01 1.401302978547364769e-03
3.264540172629075641e+03 1.052438374710806634e+01 1.400905277432286161e-03
3.264542487582534704e+03 1.052796161803399855e+01 1.404783742121869542e-03
3.264544802536458064e+03 1.052779201103492923e+01 1.404879424674747562e-03
3.264547117490381424e+03 1.052782281922732466e+01 1.404214965676133008e-03
3.264549432443840033e+03 1.052621615571368707e+01 1.401099843783470229e-03
3.264551747397763393e+03 1.052978292747442346e+01 1.405488390554985581e-03
3.264554062351687207e+03 1.052741109707335454e+01 1.402874763817288199e-03
3.264556377305146270e+03 1.052603804087800832e+01 1.401510194377116525e-03
3.264558692259070540e+03 1.052500558908197092e+01 1.399019323594341904e-03
3.264561007212528239e+03 1.053468300062804985e+01 1.411540853409667343e-03
3.264563322166450689e+03 1.053358603548365480e+01 1.408625973258813757e-03
3.264565637119908388e+03 1.053279448505715266e+01 1.408765813922975866e-03
3.264567952073833112e+03 1.053575627578635121e+01 1.412473885722326889e-03
3.264570267027290356e+03 1.053176938632189952e+01 1.407275267225964162e-03
3.264572581981214626e+03 1.053146558321263626e+01 1.406645772185578271e-03
3.264574896934673234e+03 1.053327888576418836e+01 1.408740628367532175e-03
3.264577211888130478e+03 1.053241163829857285e+01 1.407837704761488208e-03
3.264579526842054293e+03 1.053187091308655177e+01 1.406846142309424019e-03
3.264581841795512901e+03 1.053143801410832125e+01 1.405943264089856747e-03
3.264584156748971509e+03 1.052909639930479457e+01 1.402609576940725637e-03
3.264586471702895324e+03 1.053204058960007927e+01 1.406218832279612077e-03
3.264588786656353022e+03 1.053139006994496363e+01 1.405892177452942047e-03
3.264591101609812085e+03 1.052725917555773982e+01 1.401028030669608038e-03
3.264593416563735445e+03 1.053288517105084310e+01 1.407239956433464995e-03
3.264595731517193599e+03 1.053221279332448646e+01 1.407341220409597362e-03
3.264598046470651752e+03 1.053105058620814560e+01 1.404275137912563282e-03
3.264600361424109906e+03 1.053242687743681394e+01 1.406621422181658816e-03
3.264602676377568514e+03 1.052688907238954386e+01 1.399549740876648808e-03
3.264604991331027122e+03 1.053092851249374284e+01 1.404415680453986563e-03
3.264607306284950482e+03 1.053496515238712838e+01 1.410562512587620540e-03
3.264609621238408181e+03 1.052652334123121314e+01 1.398810900506532087e-03
3.264611936191867244e+03 1.053670616882481426e+01 1.411986999354572026e-03
3.264614251145324488e+03 1.053052898594960141e+01 1.404396996102009283e-03
3.264616566098782641e+03 1.053379130096481830e+01 1.408820558128913826e-03
3.264618881052240340e+03 1.053184279760300157e+01 1.405387600281407176e-03
3.264621196005698039e+03 1.053391234986990099e+01 1.407384491836111791e-03
3.264623510959156192e+03 1.053061923663014099e+01 1.404042469913894349e-03
3.264625825912614346e+03 1.052935833365436658e+01 1.403105465383579090e-03
3.264628140866072499e+03 1.053518021888652356e+01 1.408841320058872287e-03
3.264630455819531562e+03 1.052630955592369943e+01 1.398425987074054669e-03
3.264632770772523600e+03 1.053089866219990611e+01 1.403875599845289283e-03
3.264635085725981298e+03 1.052958580815612599e+01 1.402525846336658260e-03
3.264637400679439907e+03 1.053208581684867617e+01 1.405666169921459142e-03
3.264639715632898060e+03 1.052926016332432724e+01 1.402334179809096521e-03
3.264642030586355759e+03 1.052869857144546373e+01 1.402101962109857493e-03
3.264644345539814367e+03 1.052986252643859189e+01 1.402991121418837358e-03
3.264646660492806404e+03 1.052922358525686164e+01 1.402618341015721311e-03
3.264648975446264558e+03 1.052925396478841336e+01 1.403640249338235875e-03
3.264651290399723621e+03 1.052923401432848038e+01 1.402220540336378100e-03
3.264653605352716568e+03 1.052725729647673347e+01 1.400948463575897454e-03
3.264655920306174721e+03 1.052813032532447401e+01 1.401071033387889068e-03
3.264658235259631965e+03 1.052691596197516510e+01 1.400482855308678469e-03
3.264660550212625367e+03 1.052922855297628146e+01 1.402966464346307998e-03
3.264662865166083520e+03 1.052461007583499963e+01 1.398502324745197348e-03
3.264665180119541219e+03 1.052428636021319619e+01 1.397486407947734271e-03
3.264667495072533711e+03 1.052790178254758757e+01 1.402598905458655012e-03
3.264669810025992774e+03 1.052394507403023738e+01 1.397707748235940857e-03
3.264672124978984357e+03 1.052299856525331023e+01 1.396478509215461940e-03
3.264674439932442510e+03 1.052405770093879056e+01 1.398091006043289527e-03
3.264676754885434548e+03 1.051773457823387581e+01 1.390137547096377156e-03
3.264679069838892246e+03 1.052266803186966726e+01 1.396047895411447332e-03
3.264681384791885648e+03 1.051931851618323321e+01 1.392972694486862249e-03
3.264683699745342892e+03 1.052300446370811748e+01 1.397213559767316064e-03
3.264686014698335384e+03 1.052035981010262056e+01 1.393451616988811365e-03
3.264688329651328786e+03 1.052275996295908378e+01 1.397155482186131920e-03
3.264690644604786485e+03 1.051952360801399777e+01 1.393258027697432538e-03
3.264692959557778522e+03 1.051923390642145506e+01 1.393093290452456770e-03
3.264695274510771924e+03 1.051681820445145377e+01 1.390857806832630772e-03
3.264697589464230532e+03 1.052086454894588030e+01 1.395304744391308565e-03
3.264699904417223024e+03 1.051819221398106841e+01 1.393173909748280769e-03
3.264702219370215062e+03 1.051588292504209754e+01 1.389557685309840158e-03
3.264704534323673215e+03 1.051535229105419589e+01 1.389263319469797361e-03
3.264706849276666162e+03 1.051683378190676166e+01 1.391650466827142182e-03
3.264709164229658199e+03 1.051313614254874018e+01 1.388082799485500490e-03
3.264711479182650692e+03 1.051093109134210124e+01 1.385310103920162029e-03
3.264713794135643639e+03 1.051139034877309975e+01 1.385545032277830978e-03
3.264716109088635676e+03 1.051397650400146233e+01 1.388897727556185702e-03
3.264718424042093829e+03 1.051312991067768010e+01 1.388136820360891732e-03
3.264720738995086322e+03 1.051435248619825913e+01 1.390946642471703769e-03
3.264723053948078814e+03 1.050818150485503111e+01 1.383049987820613846e-03
3.264725368901072216e+03 1.050975295487198480e+01 1.384333239930042592e-03
3.264727683854063798e+03 1.050915521913013784e+01 1.384608344034160814e-03
3.264729998807055836e+03 1.050526577077094892e+01 1.380215830341991303e-03
3.264732313760047873e+03 1.051280517813066595e+01 1.388920704580239290e-03
3.264734628713039911e+03 1.050405947195126899e+01 1.379171803604209434e-03
3.264736943666033767e+03 1.050554182907368528e+01 1.380990376642515045e-03
3.264739258619025350e+03 1.050671889496089761e+01 1.382009862835728879e-03
3.264741573571552181e+03 1.050213554687027973e+01 1.377087644273403870e-03
3.264743888524544673e+03 1.050157237186813219e+01 1.377301222681521923e-03
3.264746203477537620e+03 1.050535153884532136e+01 1.381212062783280028e-03
3.264748518430529657e+03 1.050575166402743221e+01 1.382137651713895169e-03
3.264750833383523059e+03 1.050212691997849035e+01 1.378130409689867731e-03
3.264753148336515096e+03 1.049797831240240065e+01 1.373222370900558644e-03
3.264755463289041472e+03 1.050411013969419827e+01 1.381733469795556413e-03
3.264757778242034874e+03 1.049847390146861770e+01 1.374386456133183535e-03
3.264760093195026457e+03 1.049970112465235950e+01 1.376358732844440783e-03
3.264762408148019404e+03 1.049966422223279849e+01 1.376511488939084066e-03
3.264764723100546689e+03 1.049619442156064864e+01 1.373346443684070285e-03
3.264767038053539181e+03 1.049802495934475211e+01 1.375460040813663871e-03
3.264769353006532128e+03 1.049323670138918274e+01 1.369722309463362138e-03
3.264771667959058504e+03 1.049260450671689604e+01 1.368465263327909524e-03
3.264773982912051451e+03 1.049330653420275539e+01 1.370072554414761886e-03
3.264776297864577828e+03 1.049170405884677848e+01 1.369292123344028386e-03
3.264778612817569865e+03 1.049136569876200653e+01 1.368533303766095947e-03
3.264780927770562812e+03 1.049008977283979682e+01 1.367370836771602876e-03
3.264783242723090098e+03 1.048672787707162968e+01 1.363644329222282259e-03
3.264785557676082135e+03 1.049097650985638097e+01 1.369175172447708927e-03
3.264787872628608511e+03 1.048530237386972885e+01 1.362696928694042287e-03
3.264790187581134887e+03 1.048883891355883868e+01 1.366551036407023367e-03
3.264792502534127379e+03 1.048627641425867374e+01 1.363586934577981592e-03
3.264794817486655120e+03 1.048347851693863930e+01 1.361363226270437049e-03
3.264797132439647157e+03 1.048595471625696618e+01 1.365071498316410524e-03
3.264799447392173533e+03 1.048801160580999792e+01 1.366502789230180683e-03
3.264801762344701274e+03 1.048423249516920919e+01 1.363060269776123889e-03
3.264804077297692857e+03 1.048658157604676688e+01 1.365586844520637680e-03
3.264806392250219687e+03 1.048408293092521504e+01 1.363146477723434788e-03
3.264808707202746973e+03 1.048405152810875585e+01 1.362683294298608436e-03
3.264811022152946407e+03 1.048251881938599972e+01 1.361807323046894174e-03
3.264813337105472783e+03 1.048076956318955588e+01 1.358828997293473791e-03
3.264815652057999614e+03 1.048235705071999924e+01 1.361533847607794123e-03
3.264817967010992561e+03 1.047830789038189536e+01 1.356188804317034558e-03
3.264820281963518937e+03 1.048089427507114735e+01 1.359924501927702077e-03
3.264822596916045768e+03 1.047896304177410087e+01 1.357446317593781352e-03
3.264824911868573054e+03 1.048089158969149715e+01 1.361171592348752075e-03
3.264827226821099430e+03 1.047843598199631110e+01 1.358348462795705295e-03
3.264829541773626261e+03 1.047112747855263848e+01 1.349511242036370833e-03
3.264831856726153546e+03 1.047439292403763211e+01 1.353915310519301050e-03
3.264834171678679922e+03 1.047734096594869868e+01 1.356138365126321327e-03
3.264836486631672415e+03 1.047526160922253169e+01 1.354694088103403733e-03
3.264838801584200155e+03 1.047691479973735618e+01 1.357627276768555479e-03
3.264841116536726531e+03 1.047836872001100872e+01 1.358823340656594618e-03
3.264843431488787246e+03 1.047696310468863956e+01 1.356821799252899783e-03
3.264845746441313622e+03 1.047490111992792450e+01 1.354175002024921026e-03
3.264848061393839998e+03 1.046993531465278338e+01 1.350187202152630011e-03
3.264850376346366829e+03 1.046937948469258295e+01 1.349447898364709809e-03
3.264852691298894115e+03 1.047367106335193121e+01 1.353900575757808729e-03
3.264855006251420491e+03 1.047094867831714637e+01 1.350155197755599458e-03
3.264857321203948231e+03 1.046724184266454216e+01 1.346800230612659821e-03
3.264859636156474608e+03 1.047004519395453670e+01 1.350354234117085318e-03
3.264861951108535322e+03 1.046813776920607353e+01 1.348833471103021413e-03
3.264864266061063063e+03 1.047200665640766282e+01 1.352836835090117339e-03
3.264866581013589439e+03 1.047227339400135726e+01 1.352985938885298625e-03
3.264868895966115815e+03 1.046889110469595074e+01 1.349094507416948420e-03
3.264871210918177894e+03 1.046992872037591660e+01 1.350208397388204468e-03
3.264873525870703816e+03 1.046853814931118265e+01 1.349261502067974038e-03
3.264875840823230646e+03 1.046834864853333080e+01 1.349256284862430369e-03
3.264878155775292726e+03 1.046797364757520477e+01 1.347339690155881361e-03
3.264880470727819556e+03 1.047168630493295538e+01 1.352309513710497207e-03
3.264882785680346387e+03 1.046886231764155184e+01 1.349198645622734982e-03
3.264885100632407557e+03 1.046875162449886787e+01 1.349684906392962505e-03
3.264887415584934388e+03 1.046890371884577675e+01 1.348852064460413563e-03
3.264889730536996012e+03 1.046788780827445287e+01 1.348056941184532257e-03
3.264892045489521934e+03 1.047071053958432785e+01 1.351066267972131189e-03
3.264894360441583558e+03 1.046527434760610653e+01 1.345029866505895438e-03
3.264896675394110389e+03 1.046337132147947635e+01 1.342553045338674023e-03
3.264898990346171558e+03 1.046654754557879841e+01 1.346110922133322797e-03
3.264901305298697480e+03 1.046921644137493601e+01 1.349883731090272161e-03
3.264903620250758649e+03 1.046414067600069941e+01 1.344136396980225500e-03
3.264905935203285480e+03 1.046793860533501253e+01 1.348045278947429581e-03
3.264908250155347105e+03 1.046483866497642801e+01 1.345299148240613682e-03
3.264910565107407820e+03 1.046709510794273079e+01 1.347688742544935576e-03
3.264912880059934650e+03 1.046993022577913734e+01 1.351223800221171365e-03
3.264915195011995820e+03 1.046662822269649595e+01 1.346706933048483559e-03
3.264917509964056990e+03 1.046408921157058280e+01 1.344097973273257821e-03
3.264919824916118614e+03 1.046624779699270746e+01 1.345819480831809099e-03
3.264922139868645900e+03 1.047151462833471669e+01 1.351282911173483326e-03
3.264924454820707524e+03 1.046622856141496349e+01 1.346033961087562134e-03
3.264926769772768694e+03 1.046704891271760296e+01 1.347338615335894009e-03
3.264929084724828954e+03 1.046880277600405762e+01 1.348141554702863686e-03
3.264931399676890578e+03 1.046706171573338295e+01 1.347108617620888966e-03
3.264933714629417409e+03 1.047375241328642659e+01 1.354669930477342930e-03
3.264936029581478579e+03 1.046827221169135491e+01 1.347925578603450776e-03
3.264938344533539748e+03 1.046590891002335155e+01 1.345791054711485170e-03
3.264940659485600918e+03 1.046938113553598271e+01 1.349838603790783119e-03
3.264942974437662087e+03 1.046544731039609033e+01 1.345355091450576831e-03
3.264945289389723257e+03 1.046847678653938907e+01 1.347402229214126777e-03
3.264947604341784427e+03 1.046398330007012412e+01 1.343086327011767120e-03
3.264949919293846051e+03 1.046617951658647883e+01 1.344575113938377160e-03
3.264952234245907675e+03 1.046630853945089612e+01 1.344778798821389060e-03
3.264954549197967935e+03 1.046896924179849186e+01 1.348890996592399475e-03
3.264956864150029105e+03 1.046493690703987944e+01 1.344712004820306991e-03
3.264959179102089365e+03 1.047004868535214328e+01 1.349082400931150838e-03
3.264961494054150535e+03 1.047034027265834943e+01 1.349917057492576846e-03
3.264963809005746498e+03 1.046711503072635097e+01 1.345589644892190980e-03
3.264966123957807667e+03 1.046947611882446871e+01 1.348066766315088186e-03
3.264968438909868382e+03 1.047052350036189772e+01 1.348899712491485490e-03
3.264970753861930007e+03 1.046737627120941738e+01 1.345857126818839501e-03
3.264973068813991176e+03 1.046734818843805215e+01 1.344784737016500257e-03
3.264975383765586230e+03 1.046940521402802560e+01 1.348446881207205402e-03
3.264977698717647854e+03 1.046898691959301964e+01 1.346945249928850619e-03
3.264980013669709024e+03 1.047552400787434124e+01 1.354437629158403329e-03
3.264982328621304532e+03 1.047543724490361328e+01 1.354299618304538643e-03
3.264984643573366156e+03 1.047058963404386489e+01 1.347400538483668362e-03
3.264986958525427326e+03 1.047098703383124629e+01 1.349477865357312902e-03
3.264989273477022834e+03 1.047172648934448169e+01 1.349101766056740948e-03
3.264991588429084004e+03 1.047427671378591718e+01 1.352258402219021390e-03
3.264993903381145628e+03 1.047093211640428123e+01 1.347750983848569444e-03
3.264996218332741137e+03 1.047065775916369823e+01 1.347205355360859853e-03
3.264998533284801397e+03 1.047346274853951975e+01 1.351725288204252149e-03
3.265000848236397360e+03 1.047173566532443090e+01 1.348162178392747377e-03
3.265003163188458984e+03 1.047672675708152745e+01 1.353829619042266202e-03
3.265005478140054038e+03 1.046808649513156375e+01 1.344510749277076731e-03
3.265007793092115207e+03 1.047599894155713685e+01 1.354017090434375160e-03
3.265010108043711170e+03 1.047184137079373301e+01 1.347500299260297272e-03
3.265012422995306224e+03 1.047248672342153597e+01 1.348118133467319808e-03
3.265014737947366484e+03 1.047269608294311993e+01 1.348386649037719215e-03
3.265017052898961992e+03 1.047543593427433173e+01 1.351803955978562967e-03
3.265019367850557501e+03 1.047601716891568202e+01 1.352517649672293522e-03
3.265021682802619125e+03 1.047492802091857911e+01 1.351803575480670875e-03
3.265023997754214179e+03 1.047176843539841862e+01 1.346768447765169050e-03
3.265026312705809687e+03 1.047696415082901211e+01 1.352560505345695024e-03
3.265028627657870857e+03 1.047435184679546083e+01 1.349849299810024651e-03
3.265030942609466365e+03 1.047548801935264251e+01 1.351471167823990304e-03
3.265033257561062783e+03 1.047759870848711117e+01 1.353339566670842473e-03
3.265035572512657382e+03 1.047801266195418002e+01 1.354250767476092862e-03
3.265037887464253799e+03 1.047600962824632020e+01 1.350985899011416169e-03
3.265040202416314969e+03 1.047546661929946765e+01 1.349913039513655046e-03
3.265042517367910023e+03 1.047801198241056397e+01 1.352907564170341284e-03
3.265044832319505986e+03 1.047704518461206824e+01 1.351443282021763280e-03
3.265047147271101494e+03 1.047731637194512189e+01 1.351622794726956575e-03
3.265049462222697002e+03 1.048048873444133200e+01 1.355694008295071180e-03
3.265051777174292511e+03 1.047972789873207233e+01 1.354804176290453624e-03
3.265054092125888474e+03 1.048187384330044480e+01 1.356433882169592788e-03
3.265056407077483527e+03 1.047900264294224471e+01 1.353057448188303268e-03
3.265058722029079945e+03 1.047943208744609045e+01 1.353947903260465865e-03
3.265061036980674999e+03 1.047829845920705161e+01 1.352526123483826191e-03
3.265063351932270507e+03 1.047694844862403940e+01 1.350412695420034111e-03
3.265065666883866015e+03 1.048214917100706067e+01 1.356680754343423745e-03
3.265067981835461524e+03 1.048093971973774430e+01 1.355723110813002522e-03
3.265070296786590916e+03 1.048194571250961005e+01 1.355805470394175075e-03
3.265072611738185969e+03 1.048102524337100583e+01 1.355022431900856222e-03
3.265074926689781478e+03 1.048114905412306541e+01 1.355166731511583391e-03
3.265077241641376986e+03 1.048236452317092393e+01 1.356336492961657692e-03
3.265079556592972494e+03 1.048425716444976175e+01 1.358284640625772232e-03
3.265081871544102796e+03 1.047953780231488707e+01 1.352424647766482238e-03
3.265084186495697850e+03 1.048526145690831335e+01 1.358380585186236451e-03
3.265086501447292903e+03 1.048043099029580638e+01 1.353064420897644822e-03
3.265088816398888412e+03 1.047655843478867865e+01 1.349392592558562587e-03
3.265091131350019168e+03 1.048455789202072452e+01 1.358383542197608542e-03
3.265093446301613767e+03 1.048204645896803910e+01 1.354745151176529926e-03
3.265095761252744069e+03 1.048391577912845918e+01 1.356735498407926448e-03
3.265098076204340032e+03 1.048538674511841151e+01 1.358467770749552210e-03
3.265100391155935540e+03 1.048872448855290429e+01 1.362235745969041364e-03
3.265102706107065387e+03 1.048325705226926274e+01 1.355759142759197042e-03
3.265105021058660896e+03 1.048120523378391944e+01 1.353313055650923408e-03
3.265107336009790743e+03 1.048516454478993509e+01 1.358160594197962935e-03
3.265109650961386706e+03 1.048326012679003583e+01 1.355245433138429351e-03
3.265111965912516098e+03 1.048226257598755851e+01 1.355023553161205764e-03
3.265114280864112061e+03 1.048605152687340869e+01 1.358264107200695455e-03
3.265116595815241453e+03 1.048970222573823108e+01 1.361972999959643006e-03
3.265118910766837416e+03 1.048641473588315520e+01 1.358356457156730457e-03
3.265121225717967718e+03 1.048670431498137390e+01 1.358288518429813648e-03
3.265123540669097110e+03 1.048543777688243850e+01 1.356842948807169364e-03
3.265125855620692164e+03 1.048655020947037109e+01 1.358384351876235638e-03
3.265128170571821556e+03 1.048396232166146014e+01 1.354654024000799669e-03
3.265130485522950949e+03 1.048980863943084074e+01 1.362217650299871012e-03
3.265132800474546457e+03 1.048553274086825482e+01 1.356929881270689227e-03
3.265135115425676304e+03 1.048672495991144515e+01 1.357402456642712750e-03
3.265137430376806606e+03 1.048860204010046715e+01 1.360361768432645892e-03
3.265139745327936907e+03 1.048510885965617945e+01 1.356670944654004901e-03
3.265142060279065845e+03 1.048573534330257573e+01 1.356719547932929218e-03
3.265144375230661353e+03 1.049074107459642491e+01 1.362467971120049411e-03
3.265146690181792110e+03 1.048953367603414399e+01 1.360414168087877712e-03
3.265149005132921502e+03 1.048931166853923358e+01 1.360379453325187169e-03
3.265151320084051804e+03 1.048551244740842847e+01 1.356517516335695346e-03
3.265153635035181651e+03 1.048902554375590590e+01 1.360521310694673284e-03
3.265155949986311043e+03 1.048848156346062588e+01 1.359961164794690723e-03
3.265158264937440435e+03 1.048937033440525290e+01 1.360985143869883340e-03
3.265160579888571192e+03 1.049168363440910845e+01 1.363042029872778586e-03
3.265162894839701494e+03 1.048731814037084042e+01 1.357878601873523756e-03
3.265165209790830886e+03 1.048398026968087393e+01 1.354453347351832881e-03
3.265167524741960733e+03 1.049037877334436253e+01 1.360583713999611016e-03
3.265169839693090580e+03 1.049020448927405269e+01 1.362265229334606517e-03
3.265172154644220882e+03 1.048607218904855287e+01 1.356178460748591391e-03
3.265174469595350274e+03 1.048813869115720721e+01 1.358623572895729112e-03
3.265176784546480576e+03 1.048635927355954323e+01 1.356611942061352293e-03
3.265179099497145216e+03 1.048420950947438612e+01 1.353548768579512524e-03
3.265181414448274609e+03 1.048868801029603937e+01 1.358862782717991076e-03
3.265183729399404001e+03 1.048719389881667041e+01 1.357059515823949396e-03
3.265186044350532939e+03 1.048911062504084946e+01 1.359356050236703185e-03
3.265188359301662786e+03 1.048748406606636685e+01 1.358096589219698032e-03
3.265190674252327881e+03 1.048848471902712554e+01 1.358231048014244165e-03
3.265192989203456818e+03 1.048930996594896570e+01 1.359690846246771430e-03
3.265195304154586665e+03 1.048750327647648639e+01 1.357468480541971362e-03
3.265197619105251761e+03 1.049088947916721537e+01 1.361547128557735265e-03
3.265199934056382062e+03 1.048301290444142886e+01 1.352600044449342237e-03
3.265202249007511455e+03 1.048531242379531392e+01 1.355506520658511559e-03
3.265204563958175640e+03 1.048492989703612110e+01 1.354813536383019015e-03
3.265206878909305487e+03 1.048423040209472035e+01 1.354378847791380984e-03
3.265209193859970128e+03 1.048418310254818309e+01 1.353785264008883259e-03
3.265211508811099520e+03 1.048364135489060978e+01 1.353095112682308051e-03
3.265213823761763706e+03 1.048625762871353473e+01 1.357707412415500936e-03
3.265216138712894008e+03 1.048414087382811033e+01 1.353812028316231332e-03
3.265218453663557739e+03 1.048529159416643353e+01 1.355951424388834826e-03
3.265220768614687586e+03 1.048264969262924318e+01 1.353132572427755099e-03
3.265223083565351772e+03 1.048143252054038577e+01 1.351243495189473863e-03
3.265225398516482073e+03 1.048246626470972309e+01 1.352288377759420634e-03
3.265227713467146714e+03 1.048496805461123493e+01 1.355830695357177580e-03
3.265230028417810445e+03 1.048338093856783360e+01 1.354011010132988432e-03
3.265232343368939837e+03 1.048481442371033800e+01 1.355677845219407495e-03
3.265234658319604932e+03 1.048173455661953746e+01 1.352862366200525013e-03
3.265236973270268663e+03 1.047786975752134353e+01 1.348663297940134098e-03
3.265239288221398056e+03 1.047929240146098273e+01 1.349466476231013512e-03
3.265241603172061332e+03 1.047441987230006966e+01 1.344453815627599325e-03
3.265243918122725518e+03 1.047936679298637763e+01 1.349798964749744428e-03
3.265246233073390613e+03 1.047571449146309064e+01 1.345429337223390904e-03
3.265248548024053889e+03 1.047478823506463641e+01 1.345071397807114707e-03
3.265250862975183736e+03 1.047623426445060169e+01 1.346468376110341843e-03
3.265253177925848377e+03 1.047312251122435534e+01 1.343476634779446803e-03
3.265255492876512562e+03 1.047657531699098499e+01 1.347293383889856160e-03
3.265257807827176293e+03 1.047685235532281567e+01 1.348015700004233115e-03
3.265260122777840934e+03 1.047647257614914729e+01 1.347541642187339607e-03
3.265262437728505574e+03 1.047330857114561198e+01 1.344580982248063652e-03
3.265264752679169760e+03 1.047650563330542717e+01 1.348320148245586454e-03
3.265267067629833946e+03 1.047374660035986871e+01 1.345377789580878359e-03
3.265269382580498586e+03 1.047155820671205007e+01 1.343259987871808087e-03
3.265271697531162317e+03 1.047508861614002029e+01 1.347284100977033834e-03
3.265274012481826503e+03 1.047040662122230614e+01 1.342467097172249596e-03
3.265276327432490689e+03 1.047306710057943491e+01 1.345490960625436152e-03
3.265278642383154875e+03 1.047191082705933063e+01 1.343748398705209334e-03
3.265280957333819060e+03 1.047002881791963702e+01 1.342008747829488008e-03
3.265283272284017585e+03 1.046854883340320086e+01 1.340622996786022944e-03
3.265285587234681770e+03 1.046926360688058111e+01 1.342144489257433371e-03
3.265287902185346866e+03 1.046592956074719361e+01 1.338284362935637838e-03
3.265290217136011506e+03 1.046223238214193607e+01 1.334454740469114085e-03
3.265292532086675237e+03 1.046446283328868532e+01 1.336613093598882935e-03
3.265294847036872852e+03 1.046597897746551453e+01 1.338591537142369515e-03
3.265297161987537038e+03 1.046303142913360951e+01 1.335973705183561133e-03
3.265299476938200314e+03 1.046463673972259301e+01 1.337476082065052222e-03
3.265301791888398839e+03 1.046345342470007012e+01 1.336593910208399389e-03
3.265304106839063934e+03 1.045888837017831463e+01 1.331670105058482823e-03
3.265306421789728574e+03 1.046011300736062921e+01 1.334329063775625606e-03
3.265308736739927099e+03 1.045754858019923184e+01 1.330395765235386834e-03
3.265311051690590375e+03 1.045482146204333418e+01 1.327991370362785950e-03
3.265313366641255470e+03 1.045725945530195311e+01 1.331566332285206902e-03
3.265315681591453995e+03 1.045547244225883077e+01 1.329139851845121149e-03
3.265317996542117726e+03 1.045469864064809506e+01 1.328349050580616020e-03
3.265320311492316250e+03 1.045506556607104542e+01 1.329279419125249965e-03
3.265322626442980436e+03 1.045099019801952878e+01 1.324400456595532967e-03
3.265324941393179415e+03 1.045694401155254560e+01 1.331639361472786295e-03
3.265327256343377940e+03 1.045374230892720391e+01 1.327618439225478281e-03
3.265329571294042125e+03 1.045476992751702383e+01 1.329772491336334798e-03
3.265331886244240195e+03 1.045280046210163327e+01 1.327435869230404308e-03
3.265334201194904836e+03 1.045147405212511593e+01 1.326409227395948173e-03
3.265336516145102905e+03 1.044970015504875249e+01 1.323905842216137330e-03
3.265338831095301430e+03 1.045095926874935621e+01 1.325862107161904268e-03
3.265341146045966525e+03 1.045037970590222010e+01 1.326878584372033487e-03
3.265343460996165504e+03 1.044542395894038300e+01 1.320487944183907454e-03
3.265345775946364029e+03 1.044281468197327634e+01 1.318119320470898274e-03
3.265348090896562098e+03 1.044238474032910524e+01 1.316926960089161982e-03
3.265350405847225375e+03 1.044528252016742798e+01 1.320823373520546356e-03
3.265352720797423899e+03 1.044415040280217610e+01 1.319858893644899975e-03
3.265355035747621969e+03 1.043959251749692108e+01 1.315184453676591795e-03
3.265357350697820493e+03 1.044417241445046862e+01 1.320024764381284984e-03
3.265359665648019018e+03 1.044379769783269118e+01 1.319841788314884056e-03
3.265361980598217542e+03 1.043713295199064106e+01 1.312495552026390639e-03
3.265364295548416067e+03 1.044201037209099781e+01 1.318501315317306471e-03
3.265366610498615046e+03 1.043778254391447291e+01 1.313075739619508787e-03
3.265368925448813570e+03 1.044064009868167275e+01 1.317642275920925593e-03
3.265371240399012549e+03 1.043925421075081417e+01 1.315746567974023515e-03
3.265373555349210619e+03 1.043354447529225659e+01 1.309656273610968922e-03
3.265375870299409598e+03 1.043870559084250971e+01 1.316131099072083768e-03
3.265378185249608123e+03 1.043526909094627797e+01 1.311752017304670297e-03
3.265380500199806193e+03 1.043462631116863903e+01 1.311083948176968578e-03
3.265382815150004717e+03 1.043401672251607515e+01 1.310843965320540637e-03
3.265385130100203696e+03 1.043125217177790631e+01 1.307831376084161827e-03
3.265387445050401766e+03 1.043252174414626410e+01 1.309786112435210948e-03
3.265389760000601200e+03 1.043109268690849945e+01 1.307779050315323538e-03
3.265392074950333608e+03 1.043127781412179189e+01 1.308638556401316069e-03
3.265394389900531678e+03 1.043290250147274101e+01 1.310518097916832944e-03
3.265396704850731112e+03 1.043402532410665984e+01 1.312932331140545918e-03
3.265399019800928727e+03 1.043228187883447156e+01 1.311096764839040718e-03
3.265401334751127251e+03 1.042842484806865677e+01 1.306533249284173078e-03
3.265403649700861024e+03 1.042708549672321539e+01 1.305615318590665338e-03
3.265405964651059548e+03 1.043003098716865118e+01 1.307789858144480562e-03
3.265408279601258073e+03 1.042887517127760155e+01 1.307392334340556645e-03
3.265410594550989572e+03 1.042683339461244429e+01 1.305214427384367767e-03
3.265412909501187642e+03 1.042485419364215815e+01 1.302686985074712504e-03
3.265415224450920959e+03 1.042704006876828338e+01 1.305941042574792132e-03
3.265417539401119484e+03 1.042609200168714167e+01 1.304030506510465374e-03
3.265419854350852802e+03 1.042561346468895955e+01 1.304451103523653500e-03
3.265422169301051326e+03 1.042384668455594721e+01 1.302413272941022309e-03
3.265424484250784189e+03 1.042475492290232353e+01 1.303049253817922326e-03
3.265426799200983623e+03 1.042524153704537326e+01 1.303997650796314507e-03
3.265429114150716032e+03 1.042591986418756989e+01 1.304758369442539758e-03
3.265431429100914556e+03 1.042380682938506276e+01 1.303114152382090418e-03
3.265433744050647874e+03 1.042598522703497110e+01 1.305312806007610576e-03
3.265436059000845489e+03 1.042272793111208351e+01 1.301627908682757807e-03
3.265438373950578352e+03 1.042514810823993798e+01 1.304759236681118234e-03
3.265440688900312125e+03 1.042051866695916829e+01 1.299333036505218291e-03
3.265443003850510649e+03 1.042426219366563522e+01 1.303544271869416316e-03
3.265445318800243967e+03 1.042252761452358101e+01 1.301345296347038464e-03
3.265447633749975921e+03 1.042160754629727748e+01 1.300803310675611654e-03
3.265449948700175810e+03 1.042184640900677906e+01 1.300269469488465847e-03
3.265452263649907763e+03 1.042687620241979118e+01 1.306305149028193441e-03
3.265454578599640627e+03 1.042030774941089533e+01 1.298892949948237101e-03
3.265456893549373490e+03 1.041991513276185799e+01 1.298922340777891463e-03
3.265459208499106353e+03 1.042205640599566330e+01 1.301570405741215523e-03
3.265461523448839216e+03 1.042293905587619740e+01 1.301752857384879877e-03
3.265463838399036831e+03 1.042088676736573660e+01 1.299295671289084873e-03
3.265466153348769694e+03 1.042249998162973412e+01 1.301457736994807851e-03
3.265468468298502557e+03 1.042131654961348453e+01 1.300241894183835423e-03
3.265470783248235421e+03 1.041789108109690609e+01 1.296390610134698319e-03
3.265473098197967829e+03 1.041890783603754045e+01 1.297651834556329134e-03
3.265475413147701602e+03 1.041916999991245163e+01 1.298387481455202117e-03
3.265477728097434465e+03 1.042138241352303041e+01 1.300006487433446288e-03
3.265480043047166873e+03 1.041932254259440960e+01 1.298446926899026041e-03
3.265482357996899736e+03 1.041935166285098013e+01 1.298126509490602843e-03
3.265484672946633054e+03 1.041734468057752316e+01 1.296080569908512328e-03
3.265486987896365463e+03 1.042194044161497146e+01 1.300125650007086199e-03
3.265489302845633574e+03 1.041806307021001565e+01 1.296884984820132879e-03
3.265491617795365983e+03 1.042171157055340913e+01 1.299994783940344777e-03
3.265493932745098391e+03 1.042056115438313313e+01 1.299224005011595387e-03
3.265496247694832164e+03 1.041809781579034677e+01 1.297423463154830049e-03
3.265498562644564572e+03 1.041803092694700617e+01 1.296578249317872173e-03
3.265500877593831319e+03 1.042427850811214363e+01 1.303463179886696832e-03
3.265503192543565092e+03 1.042090254959018836e+01 1.299347321402541909e-03
3.265505507493298410e+03 1.041858593879483408e+01 1.296251375289104047e-03
3.265507822443030818e+03 1.041588116259851304e+01 1.293721380921144734e-03
3.265510137392298020e+03 1.041544934915661891e+01 1.294218373188565962e-03
3.265512452342031793e+03 1.041907921357812228e+01 1.297820872404112152e-03
3.265514767291763746e+03 1.042245976389386186e+01 1.300373812496580066e-03
3.265517082241030948e+03 1.042081955691568673e+01 1.299404518940881033e-03
3.265519397190762902e+03 1.042101831417776658e+01 1.299393718960471268e-03
3.265521712140030104e+03 1.042188417819595081e+01 1.300091160366018388e-03
3.265524027089763422e+03 1.041837807467708465e+01 1.296797829076907962e-03
3.265526342039030624e+03 1.042095198159815439e+01 1.299562222927174316e-03
3.265528656988763032e+03 1.042231478647028808e+01 1.300926677200127347e-03
3.265530971938030234e+03 1.042316242236850954e+01 1.301788505296701086e-03
3.265533286887763552e+03 1.041885428212900244e+01 1.297032709034247160e-03
3.265535601837029844e+03 1.042362782038236801e+01 1.301391658127655287e-03
3.265537916786763617e+03 1.041739700239257616e+01 1.294952139464943539e-03
3.265540231736031274e+03 1.041732911892425939e+01 1.295274802187258798e-03
3.265542546685298475e+03 1.042118154059184576e+01 1.298589738581994342e-03
3.265544861635031339e+03 1.041519300415100702e+01 1.292990933183342387e-03
3.265547176584298541e+03 1.042180277256757037e+01 1.300211821237429958e-03
3.265549491533565742e+03 1.041870691399445548e+01 1.296751471235713061e-03
3.265551806482832944e+03 1.042109687465943502e+01 1.298863819901896520e-03
3.265554121432565807e+03 1.041990775143050385e+01 1.297741709656374505e-03
3.265556436381833464e+03 1.042123860146435099e+01 1.299282305161574306e-03
3.265558751331100666e+03 1.042193184328765909e+01 1.299692707884004530e-03
3.265561066280367413e+03 1.042089200452300801e+01 1.298441924292838669e-03
3.265563381229635525e+03 1.042069680746310212e+01 1.298622652170219015e-03
3.265565696179367478e+03 1.041885045763144291e+01 1.296236829532230322e-03
3.265568011128634680e+03 1.041979775321719970e+01 1.296597945553723888e-03
3.265570326077902791e+03 1.041975788396522162e+01 1.296720195478413959e-03
3.265572641027169539e+03 1.041763772566307722e+01 1.294374375691149243e-03
3.265574955976436286e+03 1.042348382471075574e+01 1.300321415005682062e-03
3.265577270925703488e+03 1.041827923148934687e+01 1.294833663287965359e-03
3.265579585874969780e+03 1.042136095951539154e+01 1.298604153004308736e-03
3.265581900824237437e+03 1.042244732040897226e+01 1.299137021192232119e-03
3.265584215773504638e+03 1.042060350755535048e+01 1.296934078346445021e-03
3.265586530722771386e+03 1.042258139589768362e+01 1.299914537122242404e-03
3.265588845672039042e+03 1.042225009847322426e+01 1.298850135669651776e-03
3.265591160621305789e+03 1.041817020665942728e+01 1.294608613152712241e-03
3.265593475570107330e+03 1.041891676801834699e+01 1.295497922973399369e-03
3.265595790519374987e+03 1.041871809645604152e+01 1.295240192645875834e-03
3.265598105468641734e+03 1.042232525274184596e+01 1.299121870909764097e-03
3.265600420417909390e+03 1.041738687634198257e+01 1.294306965191379787e-03
3.265602735367177047e+03 1.042396554630570904e+01 1.300536760781559635e-03
3.265605050315978588e+03 1.041840457748216053e+01 1.294193489157456850e-03
3.265607365265245789e+03 1.042181934325079418e+01 1.298902448380335681e-03
3.265609680214512991e+03 1.041974005321255170e+01 1.296352878443957080e-03
3.265611995163314532e+03 1.042113800004350388e+01 1.297896030755961569e-03
3.265614310112581734e+03 1.041905488637592114e+01 1.294886990785182063e-03
3.265616625061848936e+03 1.041955820454226256e+01 1.295751322677068376e-03
3.265618940010650476e+03 1.041942084696577453e+01 1.296438608643581299e-03
3.265621254959918133e+03 1.041991292493588439e+01 1.295902465646914074e-03
3.265623569909185790e+03 1.041969515331106777e+01 1.296746502502414992e-03
3.265625884857986875e+03 1.042011761952650417e+01 1.296659308155563269e-03
3.265628199807254077e+03 1.042091833861127625e+01 1.297867366396312236e-03
3.265630514756055618e+03 1.041958750539162537e+01 1.296462627962011996e-03
3.265632829705321910e+03 1.041859538607768343e+01 1.295385230162460948e-03
3.265635144654122996e+03 1.041842581393782652e+01 1.295290652423716988e-03
3.265637459602924537e+03 1.041989356853833826e+01 1.296174028802865672e-03
3.265639774552191739e+03 1.042000662111514409e+01 1.296141453388247305e-03
3.265642089500993279e+03 1.041616966048021453e+01 1.292895155408124155e-03
3.265644404450260936e+03 1.041557775664662877e+01 1.292274137683185756e-03
3.265646719399062476e+03 1.042192557584797719e+01 1.298436756403385274e-03
3.265649034347863562e+03 1.041953806743016031e+01 1.296192351318029620e-03
3.265651349297131674e+03 1.041584070212739377e+01 1.292602674214592042e-03
3.265653664245932305e+03 1.041714214169891406e+01 1.294341115212073023e-03
3.265655979194733845e+03 1.041633583433724475e+01 1.293187515847466851e-03
3.265658294143535841e+03 1.041774481310620537e+01 1.294725682429132560e-03
3.265660609092803497e+03 1.042066432213192684e+01 1.296161012994618070e-03
3.265662924041605947e+03 1.041632200937211472e+01 1.293242792799993409e-03
3.265665238990407033e+03 1.041662198682165119e+01 1.293203474886259153e-03
3.265667553939208574e+03 1.041464340232781538e+01 1.290972180596845027e-03
3.265669868888010569e+03 1.041904412878286657e+01 1.295884518136334587e-03
3.265672183836811655e+03 1.041569529433121133e+01 1.292501479884880901e-03
3.265674498785612741e+03 1.041593335642840046e+01 1.292559920846708763e-03
3.265676813734415191e+03 1.041509959284512732e+01 1.292047616372034085e-03
3.265679128683216732e+03 1.041576236070095973e+01 1.291760612063155454e-03
3.265681443632018272e+03 1.041658010175629556e+01 1.293000826318668100e-03
3.265683758580819813e+03 1.041973161694965810e+01 1.297100736902620337e-03
3.265686073529621353e+03 1.041736533753311278e+01 1.294280456078153408e-03
3.265688388478422894e+03 1.041257552976081691e+01 1.289466662614776596e-03
3.265690703427223525e+03 1.041152981742214578e+01 1.288047911070390851e-03
3.265693018376024611e+03 1.041546414122855069e+01 1.291779645182200044e-03
3.265695333324826606e+03 1.041623441213165080e+01 1.293140446957848251e-03
3.265697648273628602e+03 1.041377910227766179e+01 1.291084065793638401e-03
3.265699963222430142e+03 1.041446450492409248e+01 1.291556372347811349e-03
3.265702278170765567e+03 1.041440424007027410e+01 1.291566326237206372e-03
3.265704593119567562e+03 1.041130794972323947e+01 1.287350353981415183e-03
3.265706908068369103e+03 1.041255599246350450e+01 1.288323715356335221e-03
3.265709223017170189e+03 1.041216813559137755e+01 1.288879809767430997e-03
3.265711537965506523e+03 1.041279841786441906e+01 1.290398246945884640e-03
3.265713852914308063e+03 1.041193459600705573e+01 1.289374218092062454e-03
3.265716167863109604e+03 1.041200787543249895e+01 1.289535309398414297e-03
3.265718482811445938e+03 1.041765869603112016e+01 1.295425164391470494e-03
3.265720797760247024e+03 1.041131472901237309e+01 1.288450640269530765e-03
3.265723112708582448e+03 1.041243576847902119e+01 1.290766469455224309e-03
3.265725427657384898e+03 1.041330357606064538e+01 1.291427690371646725e-03
3.265727742606185984e+03 1.041172694112499464e+01 1.289996695349913784e-03
3.265730057554521409e+03 1.041201262269077610e+01 1.290354210204792008e-03
3.265732372503323859e+03 1.041200823948835286e+01 1.290233488248691482e-03
3.265734687451659738e+03 1.041020137862781780e+01 1.288040297226101215e-03
3.265737002400461279e+03 1.041098345518149060e+01 1.288764597987574140e-03
3.265739317348797158e+03 1.041088490848899362e+01 1.290259110350736342e-03
3.265741632297133492e+03 1.041194269667220240e+01 1.290579995383358235e-03
3.265743947245935033e+03 1.040953209351004993e+01 1.287968795705743928e-03
3.265746262194269548e+03 1.040851835418303395e+01 1.286258517875028644e-03
3.265748577142604518e+03 1.040913299303158368e+01 1.287201932202010650e-03
3.265750892091406968e+03 1.041147069044486706e+01 1.290301814170145139e-03
3.265753207039742847e+03 1.041299081192876663e+01 1.291280973583843871e-03
3.265755521988078726e+03 1.041025295627724923e+01 1.288879938154174291e-03
3.265757836936880267e+03 1.040881793087331531e+01 1.288177882851763425e-03
3.265760151885216601e+03 1.040907510329978081e+01 1.287598396078967191e-03
3.265762466833552480e+03 1.040626681333604786e+01 1.284844444958165195e-03
3.265764781781887905e+03 1.040755619693787537e+01 1.286737982095741140e-03
3.265767096730223784e+03 1.040416504115773577e+01 1.282094076167154947e-03
3.265769411679025325e+03 1.040817962296959820e+01 1.287448778204732490e-03
3.265771726627361204e+03 1.040753624078507578e+01 1.287014412755668356e-03
3.265774041575697993e+03 1.040680324441757065e+01 1.286114658006372790e-03
3.265776356524033417e+03 1.040719478046400681e+01 1.287077036900315455e-03
3.265778671472368842e+03 1.040460572735297262e+01 1.284201351549465542e-03
3.265780986420705631e+03 1.040600766489890816e+01 1.285218045204115705e-03
3.265783301369041055e+03 1.040201394893890630e+01 1.281664841665058679e-03
3.265785616317376935e+03 1.040213221290969159e+01 1.282697556305673796e-03
3.265787931265713723e+03 1.040471972142602297e+01 1.284877243019644146e-03
3.265790246214049603e+03 1.039949967594120217e+01 1.279918236274525884e-03
3.265792561162385937e+03 1.040011782929609652e+01 1.280616351572851173e-03
3.265794876110255700e+03 1.039812097175746786e+01 1.278367116493914863e-03
3.265797191058591579e+03 1.040155090762825196e+01 1.283298076451723632e-03
3.265799506006927913e+03 1.039786924397436607e+01 1.278732762298264748e-03
3.265801820955262428e+03 1.039875657478575910e+01 1.279894685738506514e-03
3.265804135903597853e+03 1.039984150268782592e+01 1.280513670156784500e-03
3.265806450851933732e+03 1.039878812299463462e+01 1.280644249364175846e-03
3.265808765799804405e+03 1.039799139928486937e+01 1.279399481417349636e-03
3.265811080748140739e+03 1.039778854781070194e+01 1.280225983549844503e-03
3.265813395696476164e+03 1.039205844607036155e+01 1.274177284068053620e-03
3.265815710644346382e+03 1.039595946448244135e+01 1.278079919853799141e-03
3.265818025592682716e+03 1.039814995512488949e+01 1.280396551764133133e-03
3.265820340541018140e+03 1.039284534924346914e+01 1.274766629769923153e-03
3.265822655488888813e+03 1.039452692417920154e+01 1.276815745076138311e-03
3.265824970437224692e+03 1.039244126619379927e+01 1.274781526689206359e-03
3.265827285385095820e+03 1.039299287862693433e+01 1.276460967216398214e-03
3.265829600333430790e+03 1.039250296809291463e+01 1.276241675684368707e-03
3.265831915281766669e+03 1.038981159029470014e+01 1.273530352484052077e-03
3.265834230229637797e+03 1.038850641195414859e+01 1.273125641045929181e-03
3.265836545177507560e+03 1.038734467275303786e+01 1.271587780776150568e-03
3.265838860125842984e+03 1.038452060258428133e+01 1.268812652299598038e-03
3.265841175073713202e+03 1.039025196086831748e+01 1.274234073437758652e-03
3.265843490022049536e+03 1.038434592271523904e+01 1.268652633095486947e-03
3.265845804969919300e+03 1.038414824163713845e+01 1.268807087731303827e-03
3.265848119917789973e+03 1.038349072714874666e+01 1.268317111274888317e-03
3.265850434866125397e+03 1.038325003148802494e+01 1.269007967038822014e-03
3.265852749813996070e+03 1.038419965842399684e+01 1.270310068853896298e-03
3.265855064761866743e+03 1.038242445374072176e+01 1.267302553161187093e-03
3.265857379710202167e+03 1.038184126124478723e+01 1.268250241854550122e-03
3.265859694658071930e+03 1.037750717832494729e+01 1.263977918744608716e-03
3.265862009605941694e+03 1.038190702554578948e+01 1.268899845215343660e-03
3.265864324553811457e+03 1.037621799760017183e+01 1.262416130031856088e-03
3.265866639501682585e+03 1.037886203067290225e+01 1.265777307185719401e-03
3.265868954450018009e+03 1.037695599162896976e+01 1.264550335291950807e-03
3.265871269397887772e+03 1.037449618125612538e+01 1.262579130117976074e-03
3.265873584345758900e+03 1.037241069360665513e+01 1.260324604474008774e-03
3.265875899293628663e+03 1.037174886483537328e+01 1.259760506294290740e-03
3.265878214241498426e+03 1.037391401749703945e+01 1.262207250285953637e-03
3.265880529189369554e+03 1.036989599933773043e+01 1.258145380511572781e-03
3.265882844137239772e+03 1.037271369999125525e+01 1.260564873602435659e-03
3.265885159085110445e+03 1.037225295732368302e+01 1.261370492991916109e-03
3.265887474032980208e+03 1.036910561159856314e+01 1.257173875572770204e-03
3.265889788980850426e+03 1.036937160582599482e+01 1.258236279883859611e-03
3.265892103928721099e+03 1.036802635708512987e+01 1.257095251512297491e-03
3.265894418876590862e+03 1.037372396588478551e+01 1.263243134303151114e-03
3.265896733824461535e+03 1.036576881030279118e+01 1.255417374893021349e-03
3.265899048771866092e+03 1.036811800741942946e+01 1.258094547011492708e-03
3.265901363719735855e+03 1.036705572506493134e+01 1.256733443103358371e-03
3.265903678667606982e+03 1.036573446158700662e+01 1.256563122236661802e-03
3.265905993615476291e+03 1.036882833841866614e+01 1.259243376491241346e-03
3.265908308563346964e+03 1.036537503269219584e+01 1.255715164355334160e-03
3.265910623510752430e+03 1.036655958346648454e+01 1.257160003107390218e-03
3.265912938458622193e+03 1.036241044453418780e+01 1.252230621992128385e-03
3.265915253406491956e+03 1.036311906524857918e+01 1.254807021313882444e-03
3.265917568353896058e+03 1.036221425561262777e+01 1.253077826706138886e-03
3.265919883301766276e+03 1.036089858828261434e+01 1.252019490298428425e-03
3.265922198249636494e+03 1.036234990183503513e+01 1.253891601052086390e-03
3.265924513197041051e+03 1.036050102455441468e+01 1.251323182830316140e-03
3.265926828144911269e+03 1.036509244890569548e+01 1.255926635870641605e-03
3.265929143092315826e+03 1.036366419419767304e+01 1.255702027118433400e-03
3.265931458040186044e+03 1.036086879102974123e+01 1.252847111653242716e-03
3.265933772987591055e+03 1.036429649763599059e+01 1.256517063749303109e-03
3.265936087935460819e+03 1.035966776694062830e+01 1.251454215656768419e-03
3.265938402882865375e+03 1.035895608070979357e+01 1.251121328714507007e-03
3.265940717830736503e+03 1.035929829144929926e+01 1.251215516050747023e-03
3.265943032778140605e+03 1.035512254353854544e+01 1.247907781199104026e-03
3.265945347726010368e+03 1.036228496647353126e+01 1.253881252740340468e-03
3.265947662673415380e+03 1.035433885235758744e+01 1.246883983591354477e-03
3.265949977620819482e+03 1.035596752149420929e+01 1.248507383867958082e-03
3.265952292568689700e+03 1.035416691608911144e+01 1.246868679725807692e-03
3.265954607516095166e+03 1.035679514383135746e+01 1.249438518746585902e-03
3.265956922463499723e+03 1.035941671639783657e+01 1.252608612372234842e-03
3.265959237410904279e+03 1.035188776332740979e+01 1.244477196895511740e-03
3.265961552358774043e+03 1.035456246873551933e+01 1.247766792326222623e-03
3.265963867306179509e+03 1.035304398110474722e+01 1.246240318841022616e-03
3.265966182253584066e+03 1.035441055180050007e+01 1.247463902617180088e-03
3.265968497200988168e+03 1.035573821393058580e+01 1.249058687825709306e-03
3.265970812148391815e+03 1.035521816726544841e+01 1.248319647285315095e-03
3.265973127095795917e+03 1.035441091782879397e+01 1.248624212598240489e-03
3.265975442043201383e+03 1.035460494401610809e+01 1.249774372144365391e-03
3.265977756991071601e+03 1.035404545248413122e+01 1.247835859791930017e-03
3.265980071938475703e+03 1.034857795724147422e+01 1.241151448777334538e-03
3.265982386885880260e+03 1.035477570623878307e+01 1.249056237613132420e-03
3.265984701833284817e+03 1.035052402586528508e+01 1.244435151363028564e-03
3.265987016780688919e+03 1.034855759666826280e+01 1.242823024647475788e-03
3.265989331728094385e+03 1.035280526116739530e+01 1.247351288533705884e-03
3.265991646675032825e+03 1.035089025925761419e+01 1.245304625530783233e-03
3.265993961622437382e+03 1.034992356650879586e+01 1.243719658917831440e-03
3.265996276569842394e+03 1.035112998638882331e+01 1.244610713407942474e-03
3.265998591517246496e+03 1.034937338881822377e+01 1.242618108447783760e-03
3.266000906464651507e+03 1.034751673448625908e+01 1.241468800316462102e-03
3.266003221412056519e+03 1.034898297894919139e+01 1.243068865522380280e-03
3.266005536358994959e+03 1.034905900029465897e+01 1.242707656961754108e-03
3.266007851306399516e+03 1.035035152060228114e+01 1.244272707341550176e-03
3.266010166253804528e+03 1.035201219967424358e+01 1.246413905077168845e-03
3.266012481201209539e+03 1.035273093721474957e+01 1.247120307205368565e-03
3.266014796148148434e+03 1.035018794776543771e+01 1.244052696344422277e-03
3.266017111095552536e+03 1.035236958598797763e+01 1.247025522212877021e-03
3.266019426042957548e+03 1.034791129647838659e+01 1.242569539031401337e-03
3.266021740989896443e+03 1.034875870871827885e+01 1.242511643738382875e-03
3.266024055937300545e+03 1.034688721865507688e+01 1.240689402902306901e-03
3.266026370884239441e+03 1.034982697895902781e+01 1.243599146511031785e-03
3.266028685831643998e+03 1.035042899287231677e+01 1.244013981181123739e-03
3.266031000779047645e+03 1.034887359220011049e+01 1.242650137006508877e-03
3.266033315725986995e+03 1.035020089751245109e+01 1.244289766974409316e-03
3.266035630673391097e+03 1.035212235183827545e+01 1.246060750430709550e-03
3.266037945620330447e+03 1.035211714303646779e+01 1.246515976829243918e-03
3.266040260567269797e+03 1.035176461999985698e+01 1.245874456525069814e-03
3.266042575514673445e+03 1.034867796348056501e+01 1.243294230224038007e-03
3.266044890461612340e+03 1.035436680368919049e+01 1.248060516268356679e-03
3.266047205409017806e+03 1.035318333670242907e+01 1.247380293609070189e-03
3.266049520355956702e+03 1.035224090787129470e+01 1.245985045139165644e-03
3.266051835302896052e+03 1.035505060645718878e+01 1.249439330953609111e-03
3.266054150250300154e+03 1.035261009256073272e+01 1.247012895065533877e-03
3.266056465197239504e+03 1.035259650111990481e+01 1.245585734962832355e-03
3.266058780144177945e+03 1.034794969480977755e+01 1.240992390282074460e-03
3.266061095091116385e+03 1.035647463223925691e+01 1.250301617831615615e-03
3.266063410038055736e+03 1.035010693951981153e+01 1.243894567577251203e-03
3.266065724985460292e+03 1.035442983882354540e+01 1.247647929801218173e-03
3.266068039932399188e+03 1.035596212594186660e+01 1.249092548867215173e-03
3.266070354879338993e+03 1.035618346263996337e+01 1.249059242270042632e-03
3.266072669826277433e+03 1.035656588138042267e+01 1.250405119926219352e-03
3.266074984773216784e+03 1.035655671088074570e+01 1.249103178022756798e-03
3.266077299720155679e+03 1.035552636921385172e+01 1.249018841956196562e-03
3.266079614667094575e+03 1.035433439315543147e+01 1.247054586219188905e-03
3.266081929614033470e+03 1.035014851124887869e+01 1.243405184785263858e-03
3.266084244560971456e+03 1.035265093139562609e+01 1.245438610575934401e-03
3.266086559507909442e+03 1.035128704024216262e+01 1.243975693329697936e-03
3.266088874454849247e+03 1.035750361152370758e+01 1.250616202584495804e-03
3.266091189401787688e+03 1.035313662813316782e+01 1.245553453480563151e-03
3.266093504348726583e+03 1.035610478042297089e+01 1.248524445019431016e-03
3.266095819295665933e+03 1.035581684730605723e+01 1.249277378212707273e-03
3.266098134242604829e+03 1.035481206440662483e+01 1.247646014606391008e-03
3.266100449189078518e+03 1.035834125301440167e+01 1.251140748117410663e-03
3.266102764136016958e+03 1.035521500193706856e+01 1.247635964363731425e-03
3.266105079082955854e+03 1.035620870678914329e+01 1.248838625767167846e-03
3.266107394029894749e+03 1.035648615195599120e+01 1.249018359631877840e-03
3.266109708976833645e+03 1.035892125084980719e+01 1.251235782665725263e-03
3.266112023923307788e+03 1.035705870784473071e+01 1.249841928528957515e-03
3.266114338870245774e+03 1.035514928510112753e+01 1.247509070266247409e-03
3.266116653817184670e+03 1.035961811802216026e+01 1.251813590576453901e-03
3.266118968763658813e+03 1.035943023291311249e+01 1.250515009015123937e-03
3.266121283710596799e+03 1.035627920436810712e+01 1.248949879416450318e-03
3.266123598657070488e+03 1.035733028008463386e+01 1.250083921501199489e-03
3.266125913604009384e+03 1.035555343653908089e+01 1.247416413986646719e-03
3.266128228550947824e+03 1.035972615996628754e+01 1.251808948534418415e-03
3.266130543497421513e+03 1.035658839344754512e+01 1.248231206906130287e-03
3.266132858444360863e+03 1.035947688977886294e+01 1.251359221662323327e-03
3.266135173390834552e+03 1.036224529624575652e+01 1.254292862589805740e-03
3.266137488337773448e+03 1.035824375547477771e+01 1.249467532773692333e-03
3.266139803284244863e+03 1.036415610766780127e+01 1.255750641085598591e-03
3.266142118230717642e+03 1.035775632120035361e+01 1.249145725284067946e-03
3.266144433177656992e+03 1.035884531690226851e+01 1.250675655463094312e-03
3.266146748124129772e+03 1.035688178054412134e+01 1.247195887787173191e-03
3.266149063070603461e+03 1.036153272506170175e+01 1.252709704603643080e-03
3.266151378017542811e+03 1.036205361532035774e+01 1.252935064153448338e-03
3.266153692964016500e+03 1.036038647084572872e+01 1.252392169653789022e-03
3.266156007910490189e+03 1.035907489040134344e+01 1.251008220527243886e-03
3.266158322857428630e+03 1.036286920559653524e+01 1.253599270612500930e-03
3.266160637803901409e+03 1.035993130096088777e+01 1.251451349116495474e-03
3.266162952750375553e+03 1.036300330258552549e+01 1.255289780459045192e-03
3.266165267696847877e+03 1.036273413585314529e+01 1.254362661324533515e-03
3.266167582643321566e+03 1.035581019186530227e+01 1.246408120320861845e-03
3.266169897589795255e+03 1.035912027020444803e+01 1.249919905254312860e-03
3.266172212536268489e+03 1.035864981577496557e+01 1.249675775599222438e-03
3.266174527483207385e+03 1.036062291651477274e+01 1.251811393578541312e-03
3.266176842429680619e+03 1.036316518183998703e+01 1.253704611872407358e-03
3.266179157376153853e+03 1.036003599275299081e+01 1.251033270064722241e-03
3.266181472322627542e+03 1.036209594853947280e+01 1.253623272807207747e-03
3.266183787269099867e+03 1.035964670411298627e+01 1.250245305493622458e-03
3.266186102215573555e+03 1.036156661967866910e+01 1.252796339890059271e-03
3.266188417161581583e+03 1.036288725183628578e+01 1.253479641455870893e-03
3.266190732108054362e+03 1.036463429529116809e+01 1.255399728264708662e-03
3.266193047054528506e+03 1.036407107059399735e+01 1.255464682467156761e-03
3.266195362001000831e+03 1.036048609723684955e+01 1.251462630583047428e-03
3.266197676947474065e+03 1.036535420035524169e+01 1.256619346803330029e-03
3.266199991893946390e+03 1.036122040697378566e+01 1.252308355768270032e-03
3.266202306840420079e+03 1.036348498773580040e+01 1.254961128605738439e-03
3.266204621786428106e+03 1.036245769168435338e+01 1.253667965607472429e-03
3.266206936732900431e+03 1.035972403435383704e+01 1.250718132901002325e-03
3.266209251679373665e+03 1.036337632929075703e+01 1.255054531185097015e-03
3.266211566625847809e+03 1.036174739234088804e+01 1.252914124254189123e-03
3.266213881571854472e+03 1.036311911473075043e+01 1.254098923194409089e-03
3.266216196518327706e+03 1.036064244131559597e+01 1.251351076560340472e-03
3.266218511464336189e+03 1.035757770491219176e+01 1.248377051175229586e-03
3.266220826410809423e+03 1.036657352595828563e+01 1.258385144874988627e-03
3.266223141357283112e+03 1.036142800865510694e+01 1.252821669356254117e-03
3.266225456303290230e+03 1.035776397315642683e+01 1.249013321975554064e-03
3.266227771249763464e+03 1.036342004473067213e+01 1.254896538324925355e-03
3.266230086195771491e+03 1.035821209823218503e+01 1.248926591338984969e-03
3.266232401142244271e+03 1.036148815599459283e+01 1.253811688641751337e-03
3.266234716088251844e+03 1.035780345361919252e+01 1.248937874589281299e-03
3.266237031034725533e+03 1.036378733108007033e+01 1.255099595708719087e-03
3.266239345980732651e+03 1.036016237247404703e+01 1.251948069888096952e-03
3.266241660926741133e+03 1.035910157210132354e+01 1.250649074823860377e-03
3.266243975873213458e+03 1.035855414966906451e+01 1.249934023753699599e-03
3.266246290819221485e+03 1.036015140929050382e+01 1.251873886213032781e-03
3.266248605765229513e+03 1.035866884563989743e+01 1.250102780638064504e-03
3.266250920711701838e+03 1.036045202050145519e+01 1.252541730922845931e-03
3.266253235657708956e+03 1.035688416208974516e+01 1.248019129818546489e-03
3.266255550603716529e+03 1.035601085386713471e+01 1.247794390454036928e-03
3.266257865549723647e+03 1.035487363415237105e+01 1.247111400916580933e-03
3.266260180496197790e+03 1.035760935766352908e+01 1.249457841440715540e-03
3.266262495442204454e+03 1.035726898253824224e+01 1.249198755217264568e-03
3.266264810388212481e+03 1.035531496433043408e+01 1.246896536593626462e-03
3.266267125334220509e+03 1.035917185792957795e+01 1.250969071045505195e-03
3.266269440280227627e+03 1.035914806751032202e+01 1.251887539645564484e-03
3.266271755226234745e+03 1.036060161951162684e+01 1.253823556339372838e-03
3.266274070172243228e+03 1.035916347788421987e+01 1.251625558587005126e-03
3.266276385118250801e+03 1.035511819997067207e+01 1.247853165206532422e-03
3.266278700064258828e+03 1.035478942237785915e+01 1.248012267515642617e-03
3.266281015010265946e+03 1.035607970153972524e+01 1.248532347449511767e-03
3.266283329956273519e+03 1.035672059561393077e+01 1.250377479804724162e-03
3.266285644902282002e+03 1.035504469355649348e+01 1.248537223987099569e-03
3.266287959848289120e+03 1.035207043578524377e+01 1.245798941965428836e-03
3.266290274794296238e+03 1.035243667051366856e+01 1.246041068419126950e-03
3.266292589740304720e+03 1.035278744359987435e+01 1.245984511350164796e-03
3.266294904686312293e+03 1.035258905770114701e+01 1.245729120394440835e-03
3.266297219632319866e+03 1.034953302977014289e+01 1.243057196470904752e-03
3.266299534577861778e+03 1.034834626051253892e+01 1.241835362204324637e-03
3.266301849523869350e+03 1.035283985317907351e+01 1.246637723529835746e-03
3.266304164469876923e+03 1.035126528380626709e+01 1.246096385192575241e-03
3.266306479415884496e+03 1.034686554193578090e+01 1.240959574192350380e-03
3.266308794361426862e+03 1.034594961312207317e+01 1.241048978423426284e-03
3.266311109307433981e+03 1.034526534300374934e+01 1.240912769712490624e-03
3.266313424253440644e+03 1.034792054661817495e+01 1.243665975006642398e-03
3.266315739198983010e+03 1.034426806127915377e+01 1.239518460135952994e-03
3.266318054144990128e+03 1.034477651063990677e+01 1.240347019187899033e-03
3.266320369090997701e+03 1.034235576156632774e+01 1.238758238785832863e-03
3.266322684036540068e+03 1.034778337419852257e+01 1.244054643349345665e-03
3.266324998982547186e+03 1.034170072312381983e+01 1.237912708097573282e-03
3.266327313928090007e+03 1.034165905798250940e+01 1.237646579889161661e-03
3.266329628874097125e+03 1.034175571365098456e+01 1.239093684813289548e-03
3.266331943819638582e+03 1.033810863017489190e+01 1.235247965587196002e-03
3.266334258765647064e+03 1.033719342333196423e+01 1.234693428150091150e-03
3.266336573711188521e+03 1.033609362145734067e+01 1.233887585657212965e-03
3.266338888656730433e+03 1.033808580272325628e+01 1.236091344805082199e-03
3.266341203602738005e+03 1.033640119650424616e+01 1.235580717792122410e-03
3.266343518548280372e+03 1.033635774712831612e+01 1.235078646090706674e-03
3.266345833493822283e+03 1.033140224385538097e+01 1.230492513782245612e-03
3.266348148439829401e+03 1.033293520949638022e+01 1.232467780836716577e-03
3.266350463385371768e+03 1.033502006638697424e+01 1.234385688993795780e-03
3.266568068224402850e+03 1.030007025149455124e+01 1.209424023067012235e-03
3.266570383169013439e+03 1.029730480719028485e+01 1.206959168297929048e-03
3.266572698113624938e+03 1.030409210268543774e+01 1.214067529753472957e-03
3.266575013058235527e+03 1.029969467634398228e+01 1.209712189713517839e-03
3.266577328002846571e+03 1.030258871809542320e+01 1.211691751450706764e-03
3.266579642947456705e+03 1.030365686289579941e+01 1.212941625989587355e-03
3.266581957891602087e+03 1.030043119681215558e+01 1.209677547483062506e-03
3.266584272836212676e+03 1.030255004672130248e+01 1.212044441574297972e-03
3.266586587780822811e+03 1.030224532603509324e+01 1.210531032110147157e-03
3.266588902725433400e+03 1.030199867466564712e+01 1.210766101563567074e-03
3.266591217670043989e+03 1.030304764009094143e+01 1.211834470563755888e-03
3.266593532614188462e+03 1.030500647596833375e+01 1.214269858902642611e-03
3.266595847558799051e+03 1.030278810796517774e+01 1.211675048490786638e-03
3.266598162503409185e+03 1.030454225916502509e+01 1.213684534802357161e-03
3.266600477447554567e+03 1.030617706462925653e+01 1.215338893248743037e-03
3.266602792392165156e+03 1.029898774834283159e+01 1.207461780740145879e-03
3.266605107336774836e+03 1.030333335397824968e+01 1.211447314459072975e-03
3.266607422280920218e+03 1.030616469822716397e+01 1.213930244890918525e-03
3.266609737225530807e+03 1.030510821880748296e+01 1.212715390785914539e-03
3.266612052169675735e+03 1.030938156202011236e+01 1.217367148923139677e-03
3.266614367114287234e+03 1.030434362247462232e+01 1.212557475792713346e-03
3.266616682058431707e+03 1.030438514097926017e+01 1.212186556591885291e-03
3.266618997003041841e+03 1.030940455825608026e+01 1.217393296926817326e-03
3.266621311947187678e+03 1.030929374917648644e+01 1.216538787417844334e-03
3.266623626891798267e+03 1.030751851556858867e+01 1.214775168925066179e-03
3.266625941835943649e+03 1.030731568680783639e+01 1.214147762511933858e-03
3.266628256780553784e+03 1.030556683059477940e+01 1.212848072321647463e-03
3.266630571724698711e+03 1.030833553213107656e+01 1.215465280006131554e-03
3.266632886668844094e+03 1.030871976401492773e+01 1.216082168728305256e-03
3.266635201613454228e+03 1.030655991324723786e+01 1.213520544096069248e-03
3.266637516557599611e+03 1.030566173470568536e+01 1.212842631340949572e-03
3.266639831501744538e+03 1.030732725383523984e+01 1.213767621211521604e-03
3.266642146445889921e+03 1.030567192924048570e+01 1.212345373891254201e-03
3.266644461390500965e+03 1.031104561373028083e+01 1.218306413100448760e-03
3.266646776334644983e+03 1.031043111759492525e+01 1.217713594096996900e-03
3.266649091278789456e+03 1.031054382882589415e+01 1.216733371513839665e-03
3.266651406222933929e+03 1.031258177794325803e+01 1.218750188800697513e-03
3.266653721167078402e+03 1.031118083150115261e+01 1.218039795115664035e-03
3.266656036111223329e+03 1.031202744544771832e+01 1.218249087099763624e-03
3.266658351055369167e+03 1.031041601607622127e+01 1.216043462609398907e-03
3.266660665999514549e+03 1.030849702243020616e+01 1.214890648879792499e-03
3.266662980943659477e+03 1.031235285093537257e+01 1.217892569767296861e-03
3.266665295887803950e+03 1.031041296642143124e+01 1.216283831920735503e-03
3.266667610831949787e+03 1.031137069799814299e+01 1.216911778777154084e-03
3.266669925776093805e+03 1.031419055081871505e+01 1.219966620696207168e-03
3.266672240720238733e+03 1.031259792377943008e+01 1.218524434185455727e-03
3.266674555664384570e+03 1.031416578339030465e+01 1.219365107655993527e-03
3.266676870608529043e+03 1.031400131301018241e+01 1.219819878081028052e-03
3.266679185552673516e+03 1.031521007641524790e+01 1.220261938941530474e-03
3.266681500496818899e+03 1.031368175829133804e+01 1.218725827285440603e-03
3.266683815440963372e+03 1.031381722549108737e+01 1.218966872215436308e-03
3.266686130384642638e+03 1.031426033593272606e+01 1.219013891567168528e-03
3.266688445328788021e+03 1.031583505342538842e+01 1.221013064111025909e-03
3.266690760272933403e+03 1.031376988506366743e+01 1.219242604457760259e-03
3.266693075216613124e+03 1.031125703337962918e+01 1.216122342112983161e-03
3.266695390160757597e+03 1.031785179411348885e+01 1.223425435174766655e-03
3.266697705104902525e+03 1.031249120149150045e+01 1.217241962904961478e-03
3.266700020048581791e+03 1.031562031910300448e+01 1.221102765236628139e-03
3.266702334992726719e+03 1.031055639158594772e+01 1.214911854761618415e-03
3.266704649936871647e+03 1.031642055037232453e+01 1.221089523318312151e-03
3.266706964880550004e+03 1.031789526386358169e+01 1.222788108354573187e-03
3.266709279824695386e+03 1.031584348010810359e+01 1.220377852834310470e-03
3.266711594768374653e+03 1.031552536688119126e+01 1.220151375374828925e-03
3.266713909712519126e+03 1.031378416147891208e+01 1.218429321226075076e-03
3.266716224656198392e+03 1.031429702512722635e+01 1.218408044863445892e-03
3.266718539600343320e+03 1.032062170416860525e+01 1.225618050159752587e-03
3.266720854544022586e+03 1.031926597664704914e+01 1.223243036748398972e-03
3.266723169487702762e+03 1.031532570427814655e+01 1.220371698278611841e-03
3.266725484431846780e+03 1.032178407646142304e+01 1.226043459082281750e-03
3.266727799375526502e+03 1.031942312323559818e+01 1.223217240093299376e-03
3.266730114319206223e+03 1.031995678375533032e+01 1.224777670141682625e-03
3.266732429263350696e+03 1.031958679659158662e+01 1.223562726099641220e-03
3.266734744207029507e+03 1.031659646314396639e+01 1.220503884353941158e-03
3.266737059150709683e+03 1.032015556692807934e+01 1.224451063795597809e-03
3.266739374094389404e+03 1.031954136814711909e+01 1.223475071564185694e-03
3.266741689038068671e+03 1.031852255683137898e+01 1.222180623013707041e-03
3.266744003982213144e+03 1.031975792412625914e+01 1.222770277200043929e-03
3.266746318925892410e+03 1.031476666689050248e+01 1.218477059108115899e-03
3.266748633869572132e+03 1.032098381786383001e+01 1.224925869457187859e-03
3.266750948813251398e+03 1.031575716703863677e+01 1.219167287392142586e-03
3.266753263756931119e+03 1.032151297755862984e+01 1.224723270348784853e-03
3.266755578700609476e+03 1.031574827208164002e+01 1.219313482501376174e-03
3.266757893644288743e+03 1.031868749872609392e+01 1.221427391132230309e-03
3.266760208587968009e+03 1.031826278623653259e+01 1.221061814060378200e-03
3.266762523531645911e+03 1.032095230321134416e+01 1.224396088902934268e-03
3.266764838475326087e+03 1.032109013730993929e+01 1.225024787804247523e-03
3.266767153419004899e+03 1.032197738050272662e+01 1.224951042325354757e-03
3.266769468362685075e+03 1.031912071824892152e+01 1.222554233121012340e-03
3.266771783306364341e+03 1.031675891376228371e+01 1.219579439464531755e-03
3.266774098249577946e+03 1.031980522605719308e+01 1.223545670821928532e-03
3.266776413193257213e+03 1.032037156398434874e+01 1.223719553900017281e-03
3.266778728136936479e+03 1.031886699774488214e+01 1.222880313985013311e-03
3.266781043080615746e+03 1.031970877739991010e+01 1.223900871678591058e-03
3.266783358024295467e+03 1.032054357829467151e+01 1.225103503595617854e-03
3.266785672967509072e+03 1.031893744699876692e+01 1.222203580187706086e-03
3.266787987911188793e+03 1.031967789779639766e+01 1.224025543721346488e-03
3.266790302854868060e+03 1.031931041314084574e+01 1.222893042372164875e-03
3.266792617798080755e+03 1.031920669655376699e+01 1.222928010436533010e-03
3.266794932741760476e+03 1.031800341595088000e+01 1.221872102286367893e-03
3.266797247685440198e+03 1.031399850232330451e+01 1.218020194594704496e-03
3.266799562628653803e+03 1.031660864340558525e+01 1.221125741595131646e-03
3.266801877572333524e+03 1.031701504317429574e+01 1.220761636293397423e-03
3.266804192515546674e+03 1.031721480288172188e+01 1.221443326615533238e-03
3.266806507459226395e+03 1.031522317040718661e+01 1.220370254670017415e-03
3.266808822402440001e+03 1.031451031475258517e+01 1.219124880728099641e-03
3.266811137346118812e+03 1.031745647952684308e+01 1.221754309210884787e-03
3.266813452289332417e+03 1.031490721157560664e+01 1.219893256616773509e-03
3.266815767232546477e+03 1.031595960575304716e+01 1.221328403104911470e-03
3.266818082176224834e+03 1.031315347569644025e+01 1.218186967705898061e-03
3.266820397119438439e+03 1.031514679390296862e+01 1.220808869517882051e-03
3.266822712062651590e+03 1.031148098330606366e+01 1.216909456979665223e-03
3.266825027006330856e+03 1.031150094211595558e+01 1.217236182981727656e-03
3.266827341949544461e+03 1.031122150746365662e+01 1.216732099381699368e-03
3.266829656892758521e+03 1.031480371846127930e+01 1.220513291098475079e-03
3.266831971835972581e+03 1.031347834986879164e+01 1.219716151359119061e-03
3.266834286779650938e+03 1.031140200568209053e+01 1.217277885687410681e-03
3.266836601722864543e+03 1.031024211013288294e+01 1.216225856271759692e-03
3.266838916666079058e+03 1.031407728368110455e+01 1.220782151495911419e-03
3.266841231609291754e+03 1.031360295683056982e+01 1.220421288053439354e-03
3.266843546552505359e+03 1.030808071450208985e+01 1.215501782188879764e-03
3.266845861495719873e+03 1.030939554048428874e+01 1.216309146740839585e-03
3.266848176438933478e+03 1.030985931146647872e+01 1.217221787359375933e-03
3.266850491382147538e+03 1.030915659614066726e+01 1.216135109646397563e-03
3.266852806325360689e+03 1.030836774533567635e+01 1.216068135696154670e-03
3.266855121268574294e+03 1.031070501211683954e+01 1.217932284341365252e-03
3.266857436211787899e+03 1.030786491403547345e+01 1.214607705603884275e-03
3.266859751155001504e+03 1.030798893600669786e+01 1.215523390258520199e-03
3.266862066098215564e+03 1.030710475113876967e+01 1.214590969328186495e-03
3.266864381041429169e+03 1.030344588406652484e+01 1.211420276700684012e-03
3.266866695984642320e+03 1.030386337507548689e+01 1.212849167314231699e-03
3.266869010927856380e+03 1.030552492553615629e+01 1.213088131787215876e-03
3.266871325870603869e+03 1.030434338099502156e+01 1.213124396021879022e-03
3.266873640813817019e+03 1.030421806808024243e+01 1.212701743184119987e-03
3.266875955757030624e+03 1.030171794750154568e+01 1.210868692518948147e-03
3.266878270700243775e+03 1.030333721967494043e+01 1.212701459700447470e-03
3.266880585642992628e+03 1.029934366165126391e+01 1.208502045634850253e-03
3.266882900586205324e+03 1.030080298844736397e+01 1.210714848398316982e-03
3.266885215529419384e+03 1.029789315776579173e+01 1.207259792751549108e-03
3.266887530472167782e+03 1.030041801155338277e+01 1.211114326196293181e-03
3.266889845415380478e+03 1.029742015199686556e+01 1.208343053451427273e-03
3.266892160358594992e+03 1.029626380765540183e+01 1.206224092892035308e-03
3.266894475301342936e+03 1.029669443220488390e+01 1.207460172107016182e-03
3.266896790244556541e+03 1.029502909090517271e+01 1.206272604424001287e-03
3.266899105187304940e+03 1.029638284221652711e+01 1.207478908843021784e-03
3.266901420130518545e+03 1.029568424254428294e+01 1.206881274324180485e-03
3.266903735073266489e+03 1.029577733066304823e+01 1.206490831065341711e-03
3.266906050016480549e+03 1.029551305686818274e+01 1.207433876478831297e-03
3.266908364959228493e+03 1.029539973264397190e+01 1.207317026706824321e-03
3.266910679901976437e+03 1.029113953432825745e+01 1.203158490419960029e-03
3.266912994845190042e+03 1.029098570239712984e+01 1.202936719544807137e-03
3.266915309787938440e+03 1.029220409574769057e+01 1.204574309817570393e-03
3.266917624730685930e+03 1.029175439436096084e+01 1.203869036737577813e-03
3.266919939673899535e+03 1.028693476147096497e+01 1.199949550276110119e-03
3.266922254616647479e+03 1.029233518718678830e+01 1.204883381489808619e-03
3.266924569559395422e+03 1.028696246539327497e+01 1.198541743457658950e-03
3.266926884502143366e+03 1.028868244238494611e+01 1.201163974019043255e-03
3.266929199444890855e+03 1.029042920351852430e+01 1.203669404127199897e-03
3.266931514388104006e+03 1.028743958089741284e+01 1.200057757247789247e-03
3.266933829330852404e+03 1.028907778728239286e+01 1.202289385774012826e-03
3.266936144273599893e+03 1.028801861999707157e+01 1.200579571576394517e-03
3.266938459216347383e+03 1.028848566104754525e+01 1.201904559331294555e-03
3.266940774159095781e+03 1.028750186160670310e+01 1.200791887069686250e-03
3.266943089101843725e+03 1.028582285878116309e+01 1.199651718607813375e-03
3.266945404044591669e+03 1.028637713198694925e+01 1.199603387016903158e-03
3.266947718987340522e+03 1.028533719398460633e+01 1.199298545345262555e-03
3.266950033930088011e+03 1.028298393275107792e+01 1.196509137450997096e-03
3.266952348872835501e+03 1.028487034430198221e+01 1.199305677564117345e-03
3.266954663815583899e+03 1.028695200561990752e+01 1.200759966253508006e-03
3.266956978758332298e+03 1.028621343546143585e+01 1.200114866986818881e-03
3.266959293700615035e+03 1.028641787154976228e+01 1.200912472657874805e-03
3.266961608643362524e+03 1.028836089091314498e+01 1.203016424807179779e-03
3.266963923586110468e+03 1.028369775814624276e+01 1.198085777626493355e-03
3.266966238528858412e+03 1.028234925731752014e+01 1.196757971546782810e-03
3.266968553471605901e+03 1.028816072453935071e+01 1.203384389525150467e-03
3.266970868413888638e+03 1.028389741818742564e+01 1.199226111188113038e-03
3.266973183356637037e+03 1.028064046027160039e+01 1.195541156380134805e-03
3.266975498299384526e+03 1.028189130156641262e+01 1.197481401566275047e-03
3.266977813241667718e+03 1.028365167815817571e+01 1.198534413782397683e-03
3.266980128184414752e+03 1.028281552610749117e+01 1.197999155294389917e-03
3.266982443127162696e+03 1.028076447096097290e+01 1.196120347731558127e-03
3.266984758069445888e+03 1.028301550109394036e+01 1.198606248518843155e-03
3.266987073012192923e+03 1.028040218394440863e+01 1.195549272673429369e-03
3.266989387954475205e+03 1.028141987923456924e+01 1.196833709851273910e-03
3.266991702897222694e+03 1.028110822525458978e+01 1.196696928357053689e-03
3.266994017839504522e+03 1.027930163131883212e+01 1.194744699404813766e-03
3.266996332782252921e+03 1.028289361663925661e+01 1.198739012764922247e-03
3.266998647724534749e+03 1.028343890197548305e+01 1.199202978197927080e-03
3.267000962667282693e+03 1.027788037176775404e+01 1.193340502671854644e-03
3.267003277609565885e+03 1.028180774416634513e+01 1.197327479121708654e-03
3.267005592551848622e+03 1.028023872964377894e+01 1.195917645924727667e-03
3.267007907494596566e+03 1.028057524200593065e+01 1.196656219833542797e-03
3.267010222436877939e+03 1.028244353337808903e+01 1.198320997020359182e-03
3.267012537379160676e+03 1.028011227153238671e+01 1.195870336449397992e-03
3.267014852321909530e+03 1.027949474318902290e+01 1.195646799934024264e-03
3.267017167264191812e+03 1.027736236345111820e+01 1.193542855300836142e-03
3.267019482206474549e+03 1.027428783243925281e+01 1.190229817183756974e-03
3.267021797148755923e+03 1.028001274433048096e+01 1.195911279120131111e-03
3.267024112091038660e+03 1.027806053666114039e+01 1.193989618878451859e-03
3.267026427033320942e+03 1.028021547463200847e+01 1.196088426812360727e-03
3.267028741976068886e+03 1.027997706339280626e+01 1.195897812657988448e-03
3.267031056918351624e+03 1.027978295120007601e+01 1.196488291267979679e-03
3.267033371860633451e+03 1.027828166770142104e+01 1.195072613296042788e-03
3.267035686802915734e+03 1.027948597458055424e+01 1.195879266561782148e-03
3.267038001745198926e+03 1.027995441237731100e+01 1.195785151648111593e-03
3.267040316687480299e+03 1.027664726521932614e+01 1.192605428593675101e-03
3.267042631629762582e+03 1.028078083040210622e+01 1.197666380778854853e-03
3.267044946572044410e+03 1.027666203928389166e+01 1.192660166646443941e-03
3.267047261513860576e+03 1.027900046081362539e+01 1.195383914124196209e-03
3.267049576456143768e+03 1.028044331973480929e+01 1.196462308241143897e-03
3.267051891398425596e+03 1.027890304283546108e+01 1.194651823202475937e-03
3.267054206340707424e+03 1.027836961977343755e+01 1.193920571374467712e-03
3.267056521282990616e+03 1.027918906161763246e+01 1.195521449813488494e-03
3.267058836225272444e+03 1.028117423241815409e+01 1.197029299407950534e-03
3.267061151167089065e+03 1.027961585101022379e+01 1.195394546284508528e-03
3.267063466109371802e+03 1.027903078536196979e+01 1.194998039212204080e-03
3.267065781051654540e+03 1.028071909716532772e+01 1.196466275287356041e-03
3.267068095993471161e+03 1.027779907845468621e+01 1.193772969922213571e-03
3.267070410935752989e+03 1.027983394995620792e+01 1.195534989395007812e-03
3.267072725878035271e+03 1.028341824829877460e+01 1.198958866103697193e-03
3.267075040819851893e+03 1.028371749201393470e+01 1.199792590081538192e-03
3.267077355762134630e+03 1.028052920924608671e+01 1.196213067924410027e-03
3.267079670703951706e+03 1.028010141937332200e+01 1.196168687990860086e-03
3.267081985646233534e+03 1.028266194311228077e+01 1.197542364846883181e-03
3.267084300588049700e+03 1.028111071814184996e+01 1.196117411656366127e-03
3.267086615530332892e+03 1.028138994810187157e+01 1.196182322545594244e-03
3.267088930472149059e+03 1.027934198750694783e+01 1.194743750819299592e-03
3.267091245414431796e+03 1.028548138221002439e+01 1.200609196278179741e-03
3.267093560356247963e+03 1.028098647397749588e+01 1.196258812961520542e-03
3.267095875298530700e+03 1.028344019545486709e+01 1.198787350028347005e-03
3.267098190240347321e+03 1.028545531506111921e+01 1.200000442596629814e-03
3.267100505182163033e+03 1.028497933010731558e+01 1.199428147438192510e-03
3.267102820124444406e+03 1.028487465027230208e+01 1.200137462474983431e-03
3.267105135066261937e+03 1.028576290345957034e+01 1.200507792041008263e-03
3.267107450008078558e+03 1.028426365027205591e+01 1.198950758310805050e-03
3.267109764949895634e+03 1.028304067176636494e+01 1.197226613249853912e-03
3.267112079892177007e+03 1.028733051802879750e+01 1.201945273317409123e-03
3.267114394833994538e+03 1.028406720643583228e+01 1.198360622939927600e-03
3.267116709775811159e+03 1.028710850890747963e+01 1.201152558202698293e-03
3.267119024717626871e+03 1.028653624564346458e+01 1.200201687108168888e-03
3.267121339659444402e+03 1.028745670591980499e+01 1.201244861375506696e-03
3.267123654601261023e+03 1.028830900836256390e+01 1.201933855578812523e-03
3.267125969543077190e+03 1.028842669027577905e+01 1.201636467051833473e-03
3.267128284484894721e+03 1.028790850421601455e+01 1.201479656461974278e-03
3.267130599426710432e+03 1.028759639656978031e+01 1.201131714780984431e-03
3.267132914368527963e+03 1.028497811439347487e+01 1.198101643914159216e-03
3.267135229310345039e+03 1.028777754326058869e+01 1.201727805105779227e-03
3.267137544252161206e+03 1.028750358846795088e+01 1.201384473032775929e-03
3.267139859193978737e+03 1.028983614314576300e+01 1.203043877589616423e-03
3.267142174135794448e+03 1.028934491062367229e+01 1.203059804469643057e-03
3.267144489077611524e+03 1.028603915575216554e+01 1.199845510182310842e-03
3.267146804018962939e+03 1.029038214462397960e+01 1.202438840700558332e-03
3.267149118960779106e+03 1.028931812053123984e+01 1.202557118927470668e-03
3.267151433902595272e+03 1.029072707118145757e+01 1.203329944883714401e-03
3.267153748844412803e+03 1.029056498361052263e+01 1.203920017387283921e-03
3.267156063785762854e+03 1.028777203084345260e+01 1.200321728578551510e-03
3.267158378727579020e+03 1.028817360270483583e+01 1.200444510232836397e-03
3.267160693669395641e+03 1.029251455635062840e+01 1.205459893441406883e-03
3.267163008610746601e+03 1.029137037258541376e+01 1.203258335956014545e-03
3.267165323552563677e+03 1.029396239120749712e+01 1.206465656143492502e-03
3.267167638494380299e+03 1.029065713717777442e+01 1.202594157042265015e-03
3.267169953435731713e+03 1.029240763286658833e+01 1.204076101844693374e-03
3.267172268377547880e+03 1.029146716366508585e+01 1.203202823507978176e-03
3.267174583318898840e+03 1.029182734547853073e+01 1.203763507685723811e-03
3.267176898260715461e+03 1.029540123875880298e+01 1.207498105131732087e-03
3.267179213202065966e+03 1.029263707703671216e+01 1.204553085076081297e-03
3.267181528143883497e+03 1.029274985522642538e+01 1.205000474671407340e-03
3.267183843085234457e+03 1.029510139512781208e+01 1.207418285185756987e-03
3.267186158026585417e+03 1.029098987692490574e+01 1.202631004782578426e-03
3.267188472968402039e+03 1.029346903153283854e+01 1.205106926572318497e-03
3.267190787909752999e+03 1.029309358507386030e+01 1.204267642813413143e-03
3.267193102851103504e+03 1.029442016374520108e+01 1.206845258331080929e-03
3.267195417792921035e+03 1.029267728370029111e+01 1.204607146356425577e-03
3.267197732734272449e+03 1.029344446519711553e+01 1.205542205267056593e-03
3.267200047675623409e+03 1.029287911379922527e+01 1.204864002450201001e-03
3.267202362616973915e+03 1.029781046550342793e+01 1.210189671852593711e-03
3.267204677558790536e+03 1.029381556904203165e+01 1.206291679643504630e-03
3.267206992500141496e+03 1.029579278974707002e+01 1.208129562565082036e-03
3.267209307441492001e+03 1.029225292811440795e+01 1.203775423385624547e-03
3.267211622382842961e+03 1.029314402394518524e+01 1.204868987232841481e-03
3.267213937324193012e+03 1.029209610047668022e+01 1.203533005272191224e-03
3.267216252265544426e+03 1.029245100439973726e+01 1.203702837349621135e-03
3.267218567206895386e+03 1.029356084292839135e+01 1.205314185187559162e-03
3.267220882148245892e+03 1.029609528642443905e+01 1.207751144314459651e-03
3.267223197089597306e+03 1.029182429378221286e+01 1.203561414363508910e-03
3.267225512030948721e+03 1.029115991526445484e+01 1.203278080136554410e-03
3.267227826972299226e+03 1.029737071941445237e+01 1.208474904415101584e-03
3.267230141913651096e+03 1.028957216019299281e+01 1.201242956700041605e-03
3.267232456855001601e+03 1.029489189104315194e+01 1.206566965134787473e-03
3.267234771796352561e+03 1.029280281527662488e+01 1.203932142623671125e-03
3.267237086737237860e+03 1.029483269174268045e+01 1.206667262903331943e-03
3.267239401678588365e+03 1.029165997429525703e+01 1.203734309967941212e-03
3.267241716619939325e+03 1.029552953662190973e+01 1.206918652761228283e-03
3.267244031561291195e+03 1.029390429061363932e+01 1.206090277239305238e-03
3.267246346502642609e+03 1.029281481672570386e+01 1.204546589453088035e-03
3.267248661443527453e+03 1.028913540205576105e+01 1.200910486396040977e-03
3.267250976384877958e+03 1.029547020837306626e+01 1.207134973717433621e-03
3.267253291326229373e+03 1.029157464631019536e+01 1.203229710667771480e-03
3.267255606267115581e+03 1.029700174077963304e+01 1.208928384623791539e-03
3.267257921208466541e+03 1.029375405204857152e+01 1.206009576206478005e-03
3.267260236149351840e+03 1.029445916570330155e+01 1.206520382277547279e-03
3.267262551090702800e+03 1.029765661672604082e+01 1.209354969892893154e-03
3.267264866031588554e+03 1.029541051598351054e+01 1.207161354406380760e-03
3.267267180972939514e+03 1.029174643783675513e+01 1.202642843242718350e-03
3.267269495913823448e+03 1.029505897020552041e+01 1.206210191514136242e-03
3.267271810855173499e+03 1.029178496399800302e+01 1.203002684560777096e-03
3.267274125796059707e+03 1.029329966834441734e+01 1.204449365075526248e-03
3.267276440737410667e+03 1.028946279904610783e+01 1.201311844935060548e-03
3.267278755678296420e+03 1.029368841606507701e+01 1.205328589816407388e-03
3.267281070619181264e+03 1.029096093881278762e+01 1.202892706381441081e-03
3.267283385560532224e+03 1.029281573853658927e+01 1.204276432999422776e-03
3.267285700501417978e+03 1.029579976625610982e+01 1.208038361177712124e-03
3.267288015442302822e+03 1.029191046614377747e+01 1.203462928211363435e-03
3.267290330383189030e+03 1.029395248829318632e+01 1.205405618627726624e-03
3.267292645324539535e+03 1.029653515108205042e+01 1.207684937078187066e-03
3.267294960265424379e+03 1.028841929381301235e+01 1.199463363553446033e-03
3.267297275206310587e+03 1.029390204960118638e+01 1.206228517816073601e-03
3.267299590147195431e+03 1.029410884701756324e+01 1.205644332042646706e-03
3.267301905088080275e+03 1.029026822008632713e+01 1.202434616196700707e-03
3.267304220028966029e+03 1.029474936685429398e+01 1.206086272636746606e-03
3.267306534969851782e+03 1.029392803575021098e+01 1.205701187672592956e-03
3.267308849910737536e+03 1.029532236256670608e+01 1.207217282005191130e-03
3.267311164851621925e+03 1.029203278831732149e+01 1.203648561023924236e-03
3.267313479792507678e+03 1.029027306873332392e+01 1.201029044415090037e-03
3.267315794733393432e+03 1.029113318558237822e+01 1.203146969691269762e-03
3.267318109674278276e+03 1.029589625912555739e+01 1.207335609266756756e-03
3.267320424615164029e+03 1.029269418049924667e+01 1.204300635365050881e-03
3.267322739556048873e+03 1.029484384969676292e+01 1.206745351887590200e-03
3.267325054496934172e+03 1.029076385614646760e+01 1.202234915947720823e-03
3.267327369437819016e+03 1.029658830113036672e+01 1.208727786306019146e-03
3.267329684378238198e+03 1.029337670425533524e+01 1.204778561474388349e-03
3.267331999319123497e+03 1.029484421173985531e+01 1.206678492383710718e-03
3.267334314260008796e+03 1.028934365225782699e+01 1.201555145548462806e-03
3.267336629200894549e+03 1.029344469171536502e+01 1.206090973788197370e-03
3.267338944141314641e+03 1.029262462025345748e+01 1.205005906626552790e-03
3.267341259082199485e+03 1.029341805687638534e+01 1.205764189596353602e-03
3.267343574023084329e+03 1.028995860609912683e+01 1.202126867008396476e-03
3.267345888963504876e+03 1.028937224661159888e+01 1.202013705573970383e-03
3.267348203904390630e+03 1.028812461514333876e+01 1.200619216351796713e-03
3.267350518844809812e+03 1.029231296707094501e+01 1.204555070571401319e-03
3.267352833785695111e+03 1.029136754880794058e+01 1.204172633254806980e-03
3.267355148726580410e+03 1.028888309942078294e+01 1.201362846321377652e-03
3.267357463667000502e+03 1.028731377991622153e+01 1.200293212760340008e-03
3.267359778607419685e+03 1.028825130449922121e+01 1.201603347478390335e-03
3.267362093548305438e+03 1.028803526566403193e+01 1.201333216693771175e-03
3.267364408488725076e+03 1.028706011045798618e+01 1.199907796987061473e-03
3.267366723429610374e+03 1.028844339071107328e+01 1.201627177048266706e-03
3.267369038370030012e+03 1.028988285973182926e+01 1.203721240714066129e-03
3.267371353310449649e+03 1.028830027563135374e+01 1.201927908848894784e-03
3.267373668251334948e+03 1.028649587554926903e+01 1.200225507638994936e-03
3.267375983191755495e+03 1.028381955818297833e+01 1.197934995678930038e-03
3.267378298132174677e+03 1.028513322933834395e+01 1.198730574347021396e-03
3.267380613072593860e+03 1.028355456341580698e+01 1.198453070718050921e-03
3.267382928013478704e+03 1.028585988637295934e+01 1.199926865037130065e-03
3.267385242953898342e+03 1.028329846980919093e+01 1.198545778461560483e-03
3.267387557894318434e+03 1.028397616000439996e+01 1.198771408228443405e-03
3.267389872834738071e+03 1.028470090011739657e+01 1.200018778101546264e-03
3.267392187775158163e+03 1.028017003792944628e+01 1.195027047776618797e-03
3.267394502715576891e+03 1.027904334767093530e+01 1.194300534829059214e-03
3.267396817655996529e+03 1.028034507019944677e+01 1.196327084639741030e-03
3.267399132596417076e+03 1.028122498554330022e+01 1.196765130728869595e-03
3.267401447536835803e+03 1.027930429561645020e+01 1.195582616726319257e-03
3.267403762477255441e+03 1.028441496955360179e+01 1.200400378835361423e-03
3.267406077417675988e+03 1.028080854678303346e+01 1.196701067499448190e-03
3.267408392358096080e+03 1.027901318154013133e+01 1.195115490411568192e-03
3.267410707298515717e+03 1.028078659560509855e+01 1.196878012479229416e-03
3.267413022238934900e+03 1.027727916758494331e+01 1.193802629759040590e-03
3.267415337179354538e+03 1.027650067130407230e+01 1.193115651757131138e-03
3.267417652119774630e+03 1.027741701108767813e+01 1.194111259962874665e-03
3.267419967059728606e+03 1.027636788799328293e+01 1.193797539007855624e-03
3.267422282000148698e+03 1.027686996694666277e+01 1.194347224319705506e-03
3.267424596940567426e+03 1.027812613117413498e+01 1.195435448976385267e-03
3.267426911880987518e+03 1.027514015874683295e+01 1.192500440360454465e-03
3.267429226820941949e+03 1.027089459642820835e+01 1.188517520809606858e-03
3.267431541761361132e+03 1.027396723157679048e+01 1.192407572478142511e-03
3.267433856701780314e+03 1.027671796555949690e+01 1.194828947334291734e-03
3.267436171641735200e+03 1.027636751319622022e+01 1.195122149733268821e-03
3.267438486582153928e+03 1.027362096038415018e+01 1.192517939879521359e-03
3.267440801522107904e+03 1.027142611135423600e+01 1.190431333260622481e-03
3.267443116462527087e+03 1.027390621630165768e+01 1.192641395042626142e-03
3.267445431402481063e+03 1.027048342381853985e+01 1.189562160507040729e-03
3.267447746342901155e+03 1.027181334698190440e+01 1.191107369057521148e-03
3.267450061282855586e+03 1.026749775014097743e+01 1.187113454866149361e-03
3.267452376223274769e+03 1.027149347706582105e+01 1.191446437818689807e-03
3.267454691163228745e+03 1.026639228601493592e+01 1.186271084590560711e-03
3.267457006103648382e+03 1.026786033700542333e+01 1.187327742025889258e-03
3.267459321043602358e+03 1.026891940899469269e+01 1.188890114562371264e-03
3.267461635983555880e+03 1.026997698423121008e+01 1.190423383829354934e-03
3.267463950923976427e+03 1.026935830161320951e+01 1.189582015961618972e-03
3.267466265863930403e+03 1.026782397356620180e+01 1.188635041812345422e-03
3.267468580803884379e+03 1.026639452879585512e+01 1.186417735957289409e-03
3.267470895743838810e+03 1.027017431219739052e+01 1.191292062360347183e-03
3.267473210683791876e+03 1.026513165513093639e+01 1.186114360685334296e-03
3.267475525624211514e+03 1.026960617663351449e+01 1.190189625351201512e-03
3.267477840564165945e+03 1.026557432613227405e+01 1.186087697137796007e-03
3.267480155504120376e+03 1.026569692518342336e+01 1.186401384321552135e-03
3.267482470444074352e+03 1.026653909723834524e+01 1.187642616431713221e-03
3.267484785384027873e+03 1.026480864214490651e+01 1.186368206422154254e-03
3.267487100323982304e+03 1.026725320590160351e+01 1.189234893972405168e-03
3.267489415263936280e+03 1.026118326691422489e+01 1.182148143473119722e-03
3.267491730203891166e+03 1.026453538370392771e+01 1.185776861993037426e-03
3.267494045143844232e+03 1.026243462179058952e+01 1.184120086701317444e-03
3.267496360083796844e+03 1.026423635068764284e+01 1.186197619974780227e-03
3.267498675023751275e+03 1.026112907225504500e+01 1.182567641637602245e-03
3.267500989963706161e+03 1.026144826109947417e+01 1.182699685614814001e-03
3.267503304903659682e+03 1.026572711135062832e+01 1.187964764326303758e-03
3.267505619843147542e+03 1.025870416582881184e+01 1.181515535192954360e-03
3.267507934783101973e+03 1.026153814198393022e+01 1.182925564458944898e-03
3.267510249723056404e+03 1.026267546585308210e+01 1.184828536241756694e-03
3.267512564663010380e+03 1.025818776791066966e+01 1.180010003844675446e-03
3.267514879602498695e+03 1.026155267681087757e+01 1.183289962183472132e-03
3.267517194542452671e+03 1.025841761287457743e+01 1.180801502533268890e-03
3.267519509482407102e+03 1.026210024988869307e+01 1.185181297318312760e-03
3.267521824421895417e+03 1.026056245621690621e+01 1.183365949808392768e-03
3.267524139361849393e+03 1.025751010610455438e+01 1.180544478092674342e-03
3.267526454301802914e+03 1.026054781561000873e+01 1.183565581101554817e-03
3.267528769241291229e+03 1.026396428211976541e+01 1.186392172556812461e-03
3.267531084181246115e+03 1.026114404965948523e+01 1.183887836664939157e-03
3.267533399120733975e+03 1.025857239880921590e+01 1.181516369107945457e-03
3.267535714060687496e+03 1.026024139409872049e+01 1.183088042519497146e-03
3.267538029000176721e+03 1.026063987156355495e+01 1.183726911438117433e-03
3.267540343940130697e+03 1.025627176539297736e+01 1.179017745134262971e-03
3.267542658879619466e+03 1.025871420417997548e+01 1.181670352563859083e-03
3.267544973819106872e+03 1.025748562508313810e+01 1.180684938071398541e-03
3.267547288759061303e+03 1.025683097636420449e+01 1.179526061281881665e-03
3.267549603698549618e+03 1.026063801311616430e+01 1.184282862695610087e-03
3.267551918638037478e+03 1.025663975760978275e+01 1.179906253932942045e-03
3.267554233577991454e+03 1.026373897423504467e+01 1.186605754836646178e-03
3.267556548517478859e+03 1.025735386669448168e+01 1.179854757556263959e-03
3.267558863456968083e+03 1.025954799462360434e+01 1.183152557865744733e-03
3.267561178396455944e+03 1.025956875531884904e+01 1.182542668692889007e-03
3.267563493336410374e+03 1.025591495341301673e+01 1.179192148969377980e-03
3.267565808275899144e+03 1.025701992880991043e+01 1.180200390254150349e-03
3.267568123215387004e+03 1.025804194572654282e+01 1.181822368242880757e-03
3.267570438154875774e+03 1.026167743930274767e+01 1.184648835465221478e-03
3.267572753094364089e+03 1.025551259774726098e+01 1.179138408971121222e-03
3.267575068033851494e+03 1.025750993911362485e+01 1.179957978009630237e-03
3.267577382973339809e+03 1.026221405752382410e+01 1.184658227334433288e-03
3.267579697912829033e+03 1.025791837401977347e+01 1.180693674589022250e-03
3.267582012852317348e+03 1.025919979969238049e+01 1.182225699075961471e-03
3.267584327791806118e+03 1.025807159261347579e+01 1.181566672153279212e-03
3.267586642731293978e+03 1.025882635417637090e+01 1.181328275097377322e-03
3.267588957670782293e+03 1.026142254417903033e+01 1.184287604839466285e-03
3.267591272610271062e+03 1.026089645958844798e+01 1.183069703275326564e-03
3.267593587549293261e+03 1.026125899286042475e+01 1.184488154139139203e-03
3.267595902488782031e+03 1.026055918893382035e+01 1.183128860485184062e-03
3.267598217428269891e+03 1.025938312192174173e+01 1.182019064788709418e-03
3.267600532367758206e+03 1.025923628566585677e+01 1.182302457119960033e-03
3.267602847306781769e+03 1.026102482529236326e+01 1.183803487905761781e-03
3.267605162246270538e+03 1.026164199679755740e+01 1.183745360852808725e-03
3.267607477185757944e+03 1.026333798674724918e+01 1.185633824057821068e-03
3.267609792124779688e+03 1.026246916143780652e+01 1.185040504286305908e-03
3.267612107064267548e+03 1.026092265656797764e+01 1.183488797713994154e-03
3.267614422003756772e+03 1.026464518099561296e+01 1.186651671695416457e-03
3.267616736942778971e+03 1.025934396934764692e+01 1.181166905964267568e-03
3.267619051882267740e+03 1.026389917307533572e+01 1.185490747962046230e-03
3.267621366821290394e+03 1.026611105117199862e+01 1.187776699859633333e-03
3.267623681760778709e+03 1.026478613634660775e+01 1.186101407293478410e-03
3.267625996699802272e+03 1.026656880019589480e+01 1.187245505773148373e-03
3.267628311639290132e+03 1.026169573528837198e+01 1.182936549345766242e-03
3.267630626578312331e+03 1.026156204996564014e+01 1.182216534480613019e-03
3.267632941517335894e+03 1.026522628331943920e+01 1.185683858552344112e-03
3.267635256456824209e+03 1.026826945834368487e+01 1.189052994067948520e-03
3.267637571395846862e+03 1.026894327507917026e+01 1.188796511947813996e-03
3.267639886334869516e+03 1.026540605983754872e+01 1.186117898719140761e-03
3.267642201274357831e+03 1.026699490136105375e+01 1.186792089707548780e-03
3.267644516213380484e+03 1.026471761130575011e+01 1.184483085308060376e-03
3.267646831152403593e+03 1.027063256599078755e+01 1.190297556563813149e-03
3.267649146091426701e+03 1.026824294494844736e+01 1.188140301869667357e-03
3.267651461030448445e+03 1.027070297217574968e+01 1.190480313597156760e-03
3.267653775969936760e+03 1.027349398842355654e+01 1.192999449128703338e-03
3.267656090908959868e+03 1.026566449408136172e+01 1.185144897354467380e-03
3.267658405847982522e+03 1.026938808582534257e+01 1.188263439010482430e-03
3.267660720787004720e+03 1.027297403999274827e+01 1.191100338872737438e-03
3.267663035726026919e+03 1.026850183187732135e+01 1.186509116256944697e-03
3.267665350665049573e+03 1.027511664815427928e+01 1.193948874964039820e-03
3.267667665604072681e+03 1.027014662400500100e+01 1.188277643286582809e-03
3.267669980543094425e+03 1.027336654415806905e+01 1.192132894223679089e-03
3.267672295482117534e+03 1.027588502820650262e+01 1.193738696685827478e-03
3.267674610421140642e+03 1.027770757862476181e+01 1.195551859572205724e-03
3.267676925360163295e+03 1.027487428470646158e+01 1.192937306794954492e-03
3.267679240298720288e+03 1.027972305855137591e+01 1.196877927224329055e-03
3.267681555237742941e+03 1.027384747381423757e+01 1.190756065125626959e-03
3.267683870176766050e+03 1.027916190634635285e+01 1.196705676148578047e-03
3.267686185115788703e+03 1.027931074122040300e+01 1.195783675970018634e-03
3.267688500054810902e+03 1.027968830345201745e+01 1.196495740833363082e-03
3.267690814993368804e+03 1.028063769649329018e+01 1.196720997202571895e-03
3.267693129932391003e+03 1.027903222728117960e+01 1.195337790879381825e-03
3.267695444871413201e+03 1.028183662919596664e+01 1.197966328704484383e-03
3.267697759809971103e+03 1.027988430656409413e+01 1.196336563583145097e-03
3.267700074748992847e+03 1.027628058867316163e+01 1.191715002427486689e-03
3.267702389687549839e+03 1.028062623660445141e+01 1.196059771620015463e-03
3.267704704626572948e+03 1.028427306872651492e+01 1.199681890929195621e-03
3.267707019565596511e+03 1.028135088625673177e+01 1.196355098620624112e-03
3.267709334504153503e+03 1.028395014262081020e+01 1.199283883296618780e-03
3.267711649443175702e+03 1.028487297464053896e+01 1.199829596559683943e-03
3.267713964381732694e+03 1.028504428244072777e+01 1.199995242670394337e-03
3.267716279320290141e+03 1.028480015537536829e+01 1.199795931440376029e-03
3.267718594259312340e+03 1.028400139169730387e+01 1.198356150922297693e-03
3.267720909197868878e+03 1.028286363860016195e+01 1.197166821453891829e-03
3.267723224136891076e+03 1.028605993876790059e+01 1.200840686465493284e-03
3.267725539075448523e+03 1.028774982442809360e+01 1.202215939546818352e-03
3.267727854014005516e+03 1.028582307586584577e+01 1.200092094990792618e-03
3.267730168952562053e+03 1.028973008316681259e+01 1.203578315726323194e-03
3.267732483891584707e+03 1.028948771139375928e+01 1.203025520803331378e-03
3.267734798830142154e+03 1.028657703370929077e+01 1.200828530218682466e-03
3.267737113768699601e+03 1.028920698923282195e+01 1.202443399317329725e-03
3.267739428707257048e+03 1.028913196921608986e+01 1.202412878286741654e-03
3.267741743645813585e+03 1.029119375019439175e+01 1.203919036631995523e-03
3.267744058584370578e+03 1.029184511970609606e+01 1.205572616425200404e-03
3.267746373522928025e+03 1.028469291867069479e+01 1.197922200802791848e-03
3.267748688461950223e+03 1.028836546475810998e+01 1.201630441030816440e-03
3.267751003400508125e+03 1.028894991504880885e+01 1.201438020771555685e-03
3.267753318339064663e+03 1.029167553326902862e+01 1.204398895190300113e-03
3.267755633277621200e+03 1.028988164225429003e+01 1.202687604648453729e-03
3.267757948215712986e+03 1.029342698391270972e+01 1.205731152407159843e-03
3.267760263154270433e+03 1.029076747578394802e+01 1.203056617453806708e-03
3.267762578092827425e+03 1.029442357336987257e+01 1.206931470020557477e-03
3.267764893031383963e+03 1.029391312737231345e+01 1.206127362420307070e-03
3.267767207969941410e+03 1.029257291346137393e+01 1.204841081411892100e-03
3.267769522908498402e+03 1.028944131105454929e+01 1.201536019883586541e-03
3.267771837847054940e+03 1.029042454960498709e+01 1.202561640318367984e-03
3.267774152785146725e+03 1.029228411575863689e+01 1.203724354107987924e-03
3.267776467723703718e+03 1.029464323446534912e+01 1.206530855893455430e-03
3.267778782662259800e+03 1.029324629381313194e+01 1.205173131366817736e-03
3.267781097600351586e+03 1.029783312935961348e+01 1.210201256202498394e-03
3.267783412538908124e+03 1.029449924153772500e+01 1.205990614844602198e-03
3.267785727477465571e+03 1.029289499717999945e+01 1.204277719266244780e-03
3.267788042415556447e+03 1.029500892648518828e+01 1.206654969621405449e-03
3.267790357354113439e+03 1.029391335266633689e+01 1.205535522845872917e-03
3.267792672292205680e+03 1.029497677499487907e+01 1.206991471312469444e-03
3.267794987230761762e+03 1.029490591767449104e+01 1.206231790852756863e-03
3.267797302168853548e+03 1.029623789797729394e+01 1.207888370588428928e-03
3.267799617107410995e+03 1.029753559412810660e+01 1.208429266354229701e-03
3.267801932045502326e+03 1.029445691569866383e+01 1.205733898378631101e-03
3.267804246984059318e+03 1.029383918451170388e+01 1.204971947679624438e-03
3.267806561922150649e+03 1.029404856174302374e+01 1.204706084374438258e-03
3.267808876860242435e+03 1.029442498681228280e+01 1.205121610541914088e-03
3.267811191798799427e+03 1.029624991186348737e+01 1.207633620916019829e-03
3.267813506736889849e+03 1.029395231130052046e+01 1.205104550109218622e-03
3.267815821674981635e+03 1.029352950361368713e+01 1.204406035497919370e-03
3.267818136613539082e+03 1.029846327644527371e+01 1.209253434321631588e-03
3.267820451551630413e+03 1.029658453004456398e+01 1.207477325889209051e-03
3.267822766489722198e+03 1.029801714577097727e+01 1.208912539577966646e-03
3.267825081427813075e+03 1.029928543553833542e+01 1.210800737967746748e-03
3.267827396365904406e+03 1.029640630134601764e+01 1.207699237540794555e-03
3.267829711303996191e+03 1.029487676199729229e+01 1.205580291022234673e-03
3.267832026242552274e+03 1.029435207135975006e+01 1.205768660942040105e-03
3.267834341180643605e+03 1.029350853105897734e+01 1.204539061346244838e-03
3.267836656118734481e+03 1.029638726990106612e+01 1.207043829918289131e-03
3.267838971056825358e+03 1.029820832982462164e+01 1.209184725095297473e-03
3.267841285994917598e+03 1.029420784740981887e+01 1.204389900060547731e-03
3.267843600933009384e+03 1.029676050870677528e+01 1.207992846865947774e-03
3.267845915870635054e+03 1.029554685719240403e+01 1.206698071521670936e-03
3.267848230808725930e+03 1.029756336762353186e+01 1.208797911108177355e-03
3.267850545746817261e+03 1.029814241441957279e+01 1.209935260902289663e-03
3.267852860684909047e+03 1.029578587482433605e+01 1.206675153420383104e-03
3.267855175623000832e+03 1.029513756649700618e+01 1.206010953656474951e-03
3.267857490561092618e+03 1.029565599537071030e+01 1.206908986387181595e-03
3.267859805498717378e+03 1.029463371796488147e+01 1.204922317525765427e-03
3.267862120436809619e+03 1.029549381337155012e+01 1.206558967224335933e-03
3.267864435374900495e+03 1.029288968420797623e+01 1.204814887004971441e-03
3.267866750312991371e+03 1.029634067519080176e+01 1.207639282936959820e-03
3.267869065250617496e+03 1.029959676457808726e+01 1.211079711408820196e-03
3.267871380188708827e+03 1.029244677456027901e+01 1.203370901562526071e-03
3.267873695126334496e+03 1.029265569213868226e+01 1.203994962960339620e-03
3.267876010064426737e+03 1.029849225757039477e+01 1.209516767504300889e-03
3.267878325002517613e+03 1.029660830037686914e+01 1.208396612575103959e-03
3.267880639940142828e+03 1.029730779960083886e+01 1.208265219928873323e-03
3.267882954878235068e+03 1.029452792631745339e+01 1.206195396710553914e-03
3.267885269815860738e+03 1.029186948536870716e+01 1.202879701800067943e-03
3.267887584753486408e+03 1.029422383933222918e+01 1.205642833371591395e-03
3.267889899691576375e+03 1.029162521433337218e+01 1.202603151485684896e-03
3.267892214629202044e+03 1.029449993626216653e+01 1.205800973842709525e-03
3.267894529567293375e+03 1.029284798925544742e+01 1.204473368836095088e-03
3.267896844504919500e+03 1.029557457092677630e+01 1.207029677879282309e-03
3.267899159442545624e+03 1.029539247352852627e+01 1.207649660477899027e-03
3.267901474380170384e+03 1.029487634816830344e+01 1.206800145682664560e-03
3.267903789318262625e+03 1.029193690873670519e+01 1.204016069090304035e-03
3.267906104255887840e+03 1.029052803870349919e+01 1.203041762723024025e-03
3.267908419193513510e+03 1.028713616438103706e+01 1.199237410039985605e-03
3.267910734131139634e+03 1.029240989187126409e+01 1.204926028682519294e-03
3.267913049068764849e+03 1.029086641256350276e+01 1.203091963628419346e-03
3.267915364006856180e+03 1.028971435045183291e+01 1.202371423131790278e-03
3.267917678944482759e+03 1.028941581499983648e+01 1.202809014882821317e-03
3.267919993882107974e+03 1.028676204522203363e+01 1.200016012368727500e-03
3.267922308819733189e+03 1.028929509994384084e+01 1.202318952365768459e-03
3.267924623757359768e+03 1.028935854650092274e+01 1.202368299310032154e-03
3.267926938694985438e+03 1.028899022729152080e+01 1.202303186930402416e-03
3.267929253632611562e+03 1.028877961104048211e+01 1.202711542817270921e-03
3.267931568570236777e+03 1.028758818029321631e+01 1.201139176337740139e-03
3.267933883507396786e+03 1.028983187938964150e+01 1.203313302210501541e-03
3.267936198445022455e+03 1.028777679484984198e+01 1.202473263534131927e-03
3.267938513382648580e+03 1.028791353227159178e+01 1.201601845551464841e-03
3.267940828320274704e+03 1.028718699109504797e+01 1.201772584157369652e-03
3.267943143257899465e+03 1.028809897531960438e+01 1.202199629173814326e-03
3.267945458195525134e+03 1.028522529606942371e+01 1.199016598444116108e-03
3.267947773132684688e+03 1.028595927656547815e+01 1.200080412844290725e-03
3.267950088070309903e+03 1.028702510703536355e+01 1.201459244804290762e-03
3.267952403007935573e+03 1.028364926180544359e+01 1.198002279355105332e-03
3.267954717945096036e+03 1.028050015160203046e+01 1.195212273338530379e-03
3.267957032882721251e+03 1.028685445950957700e+01 1.201212761772000193e-03
3.267959347819882169e+03 1.028167256712205813e+01 1.196907532269894051e-03
3.267961662757506929e+03 1.028363841564706505e+01 1.199053363420945085e-03
3.267963977695133053e+03 1.028334114320357351e+01 1.198821622775437211e-03
3.267966292632293516e+03 1.028330766305314370e+01 1.198803518047525688e-03
3.267968607569919186e+03 1.028489694001738641e+01 1.200530636810162328e-03
3.267970922507079649e+03 1.028053478691441924e+01 1.195977665550570796e-03
3.267973237444239203e+03 1.028080889687628563e+01 1.196637289220269440e-03
3.267975552381865782e+03 1.028179098548477199e+01 1.197773675114419080e-03
3.267977867319025790e+03 1.027999176622842015e+01 1.196708207904322984e-03
3.267980182256651460e+03 1.027512559129591274e+01 1.190979595866860407e-03
3.267982497193811469e+03 1.028043231487700382e+01 1.196388825448701414e-03
3.267984812130971022e+03 1.027707987696335223e+01 1.193565650113933771e-03
3.267987127068131485e+03 1.027769648758372512e+01 1.194670376418259733e-03
3.267989442005757610e+03 1.027758012325549331e+01 1.194182817746045370e-03
3.267991756942917618e+03 1.028077701537684518e+01 1.197191202714121324e-03
3.267994071880078081e+03 1.027487314024565812e+01 1.191823608411015419e-03
3.267996386817237635e+03 1.027785052591593029e+01 1.194595814909106025e-03
3.267998701754397189e+03 1.027776934394347030e+01 1.194748999663541216e-03
3.268001016691557197e+03 1.027477375227945799e+01 1.191797907510291389e-03
3.268003331629181957e+03 1.027605180375301508e+01 1.193696592099403311e-03
3.268005646566342421e+03 1.027525103714498300e+01 1.192095102238883379e-03
3.268007961503502429e+03 1.027503156243900584e+01 1.192708119855406855e-03
3.268010276440662437e+03 1.027684287265425667e+01 1.194091823287647030e-03
3.268012591377822901e+03 1.027646264196121528e+01 1.194175756865207237e-03
3.268014906314982454e+03 1.027332640061502289e+01 1.190979615159633732e-03
3.268017221251676347e+03 1.027243600199551565e+01 1.189623327583288950e-03
3.268019536188837264e+03 1.027459583156807632e+01 1.192444347287430770e-03
3.268021851125997273e+03 1.027701099450676558e+01 1.194745148560978935e-03
3.268024166063157281e+03 1.027360601719632172e+01 1.191636664644969744e-03
3.268026481000316835e+03 1.027619709672367421e+01 1.193950061993318944e-03
3.268028795937477298e+03 1.027559372071614163e+01 1.193855565634278091e-03
3.268031110874172100e+03 1.027039350966473208e+01 1.189140346460960170e-03
3.268033425811331654e+03 1.027002924361146086e+01 1.188039532741137988e-03
3.268035740748492572e+03 1.027252014954989612e+01 1.190877576325291651e-03
3.268038055685186464e+03 1.027474498075198284e+01 1.192892680009880520e-03
3.268040370622346472e+03 1.027040618217057855e+01 1.188727044487532898e-03
3.268042685559506936e+03 1.027180415458647289e+01 1.190391961352606741e-03
3.268045000496201283e+03 1.027318615017101244e+01 1.191905551529288650e-03
3.268047315433361291e+03 1.026784694421726840e+01 1.186412939143602048e-03
3.268049630370055638e+03 1.027219519237410061e+01 1.190514559242745801e-03
3.268051945307215647e+03 1.027038605951073791e+01 1.188726750160537830e-03
3.268054260243910448e+03 1.027230865768184387e+01 1.191146996901922038e-03
3.268056575181070002e+03 1.027456821235073647e+01 1.193171149452476251e-03
3.268058890117763440e+03 1.027263240255074095e+01 1.190825798508112670e-03
3.268061205054457787e+03 1.027457672813711476e+01 1.194098560546319856e-03
3.268063519991617795e+03 1.027309991606645667e+01 1.190950284174033345e-03
3.268065834928312597e+03 1.027022733776923324e+01 1.188587790961852068e-03
3.268068149865006035e+03 1.027173853446302587e+01 1.190512364238511221e-03
3.268070464802166498e+03 1.027098459197901370e+01 1.189982927722874236e-03
3.268072779738860845e+03 1.027287446465581056e+01 1.191399315586312395e-03
3.268075094675555192e+03 1.027497465698573720e+01 1.193471152603602266e-03
3.268077409612249994e+03 1.027728326885069876e+01 1.195672927592471421e-03
3.268079724549410003e+03 1.027444839006781407e+01 1.192166883631185729e-03
3.268082039486104804e+03 1.027395400617064425e+01 1.191914323347594441e-03
3.268084354422799152e+03 1.027120987304941480e+01 1.189676297764267424e-03
3.268086669359493499e+03 1.027411223456395284e+01 1.192266785345749572e-03
3.268088984296187846e+03 1.027376352351178213e+01 1.191765940361196475e-03
3.268091299232882193e+03 1.027639432258600927e+01 1.194582581593624628e-03
3.268093614169576540e+03 1.027352459756405878e+01 1.191866277393911419e-03
3.268095929106271797e+03 1.027196927461100628e+01 1.190185255775611916e-03
3.268098244042966598e+03 1.027329515720274244e+01 1.191124773446388969e-03
3.268100558979660491e+03 1.027521247172266605e+01 1.193295737525438107e-03
3.268102873916354383e+03 1.027735702542648610e+01 1.194948550574099046e-03
3.268105188853049185e+03 1.027683213841946319e+01 1.194845442893828751e-03
3.268107503789277871e+03 1.027492593859113512e+01 1.191939034324039203e-03
3.268109818725972218e+03 1.027864077011346744e+01 1.195664795692028687e-03
3.268112133662666565e+03 1.027746553517549266e+01 1.194295586160961081e-03
3.268114448599360458e+03 1.027493192593062687e+01 1.191320603146243072e-03
3.268116763536054350e+03 1.028099902502713192e+01 1.197439248285848273e-03
3.268119078472283491e+03 1.028013884729465488e+01 1.196796106466095893e-03
3.268121393408976928e+03 1.028048571737839900e+01 1.196810463511354273e-03
3.268123708345671730e+03 1.027847007168497129e+01 1.194465093693574407e-03
3.268126023281900416e+03 1.028167930156116938e+01 1.197869034660591515e-03
3.268128338218594763e+03 1.028362642686147943e+01 1.199234643422578865e-03
3.268130653154823904e+03 1.028123987804989525e+01 1.196876698411995484e-03
3.268132968091517796e+03 1.028276979564576088e+01 1.198036469133623421e-03
3.268135283027746482e+03 1.028395313867672733e+01 1.198985071823503593e-03
3.268137597964441738e+03 1.028313022103046137e+01 1.198033037240104487e-03
3.268139912900670424e+03 1.028721346833250294e+01 1.202154140254681333e-03
3.268142227837364771e+03 1.028439123698067270e+01 1.198878595898619087e-03
3.268144542773593002e+03 1.028789641817047062e+01 1.202006819739480327e-03
3.268146857709822598e+03 1.028748548387231487e+01 1.201099244616739585e-03
3.268149172646516490e+03 1.028722555990598408e+01 1.200964572112293415e-03
3.268151487582745631e+03 1.028809917585992650e+01 1.201594856167230267e-03
3.268153802518974771e+03 1.029104787952799072e+01 1.204801499778946879e-03
3.268156117455668664e+03 1.028921293010072624e+01 1.202337474411105823e-03
3.268158432391897804e+03 1.029086388534476981e+01 1.203673620819988455e-03
3.268160747328126035e+03 1.028907616097229294e+01 1.201017075084782545e-03
3.268163062264354721e+03 1.029254708326737600e+01 1.205021863254386290e-03
3.268165377200583407e+03 1.029143855331323998e+01 1.203849624499735236e-03
3.268167692136812548e+03 1.029581986626358336e+01 1.207680825064025168e-03
3.268170007073040324e+03 1.029641621655199302e+01 1.207680645287879159e-03
3.268172322009734671e+03 1.029735790677593599e+01 1.208267245590969284e-03
3.268174636940840628e+03 1.029594171402456482e+01 1.206754641477251078e-03
3.268176951877069769e+03 1.029551052423648372e+01 1.205420371654613567e-03
3.268179266813298000e+03 1.030111067475583830e+01 1.211019817465763945e-03
3.268181581749527595e+03 1.029757734108407696e+01 1.207646233948306844e-03
3.268183896685755826e+03 1.029661125463514892e+01 1.206385944493282769e-03
3.268186211621984512e+03 1.030184632773348419e+01 1.211518332016787297e-03
3.268188526558213198e+03 1.029963228811709541e+01 1.208663041802500058e-03
3.268190841494441884e+03 1.030037801574622947e+01 1.209240583558746562e-03
3.268193156430205818e+03 1.030240176628860738e+01 1.211738320076201619e-03
3.268195471366434504e+03 1.030299931474541708e+01 1.211681944289254471e-03
3.268197786302662280e+03 1.030398194141219292e+01 1.212403209219401054e-03
3.268200101238891421e+03 1.030589840310423000e+01 1.214970081197505212e-03
3.268202416174654900e+03 1.030434944929804786e+01 1.212457028477011882e-03
3.268204731110883586e+03 1.030620869232655501e+01 1.214791362566757654e-03
3.268207046047112271e+03 1.030605390394748966e+01 1.214688201829633744e-03
3.268209360982874841e+03 1.030964667465982565e+01 1.218201308481406354e-03
3.268211675919104437e+03 1.030707550979074050e+01 1.214151828481937253e-03
3.268213990854867916e+03 1.030622510615169851e+01 1.213401012265073525e-03
3.268216305791096147e+03 1.030946953919222686e+01 1.216818727539418186e-03
3.268218620726858717e+03 1.030894665569773316e+01 1.215923394801326444e-03
3.268220935663087857e+03 1.031221278427442556e+01 1.218836959214625098e-03
3.268223250598851337e+03 1.030822009154194774e+01 1.214785690902612809e-03
3.268225565535080477e+03 1.030947847084869551e+01 1.215936726067608957e-03
3.268227880470842138e+03 1.031152896761237514e+01 1.217818633885225195e-03
3.268230195407070369e+03 1.031237189322724035e+01 1.218720693194428250e-03
3.268232510342833393e+03 1.031175561897734561e+01 1.217980943397975425e-03
3.268234825278597782e+03 1.031163978019011473e+01 1.217561289918572473e-03
3.268237140214359897e+03 1.031660624148919325e+01 1.223098261555023670e-03
3.268239455150588583e+03 1.031538585739325775e+01 1.221572124903444771e-03
3.268241770086352062e+03 1.031089268292936545e+01 1.216314825999378945e-03
3.268244085022115087e+03 1.031625889308290134e+01 1.222073817319028165e-03
3.268246399957877657e+03 1.031134813854661658e+01 1.217199477172206667e-03
3.268248714893641591e+03 1.031500410487309694e+01 1.220142668262932852e-03
3.268251029829869367e+03 1.031571648535155816e+01 1.221480540021750022e-03
3.268253344765632391e+03 1.031608372190458667e+01 1.220926136193995317e-03
3.268255659701395871e+03 1.031540931281961981e+01 1.220059895712024851e-03
3.268257974637159350e+03 1.031368466057556610e+01 1.218756635875404507e-03
3.268260289572922375e+03 1.031418404116216259e+01 1.218777146988204909e-03
3.268262604508684944e+03 1.031540765711380203e+01 1.220205623304876060e-03
3.268264919444448424e+03 1.031418689987390991e+01 1.218604148119606725e-03
3.268267234379745787e+03 1.031754386719015670e+01 1.222514160166108524e-03
3.268269549315508812e+03 1.031517859489558475e+01 1.219558278710229735e-03
3.268271864251272746e+03 1.031531735735218192e+01 1.220364345828371189e-03
3.268274179187034861e+03 1.031176484123801629e+01 1.216031619599068246e-03
3.268276494122798795e+03 1.031440345212868337e+01 1.218515826789858458e-03
3.268278809058561819e+03 1.031708700433559045e+01 1.222231485400761090e-03
3.268281123993858273e+03 1.031451276772962089e+01 1.219064267342714978e-03
3.268283438929620843e+03 1.031732793715328711e+01 1.221580242362542250e-03
3.268285753865383413e+03 1.031726122067795792e+01 1.221461406974061080e-03
3.268288068800680776e+03 1.031886827977998777e+01 1.223200362911213909e-03
3.268290383736444710e+03 1.031584041773160543e+01 1.220447376808868551e-03
3.268292698672206825e+03 1.031505708273103750e+01 1.219380378421145274e-03
3.268295013607504188e+03 1.031806158762558567e+01 1.222025377494674906e-03
3.268297328543268122e+03 1.031835521166191683e+01 1.223113642696554678e-03
3.268299643478565486e+03 1.031894925945277031e+01 1.223435110957524132e-03
3.268301958414328965e+03 1.031893483509159282e+01 1.223149977039141413e-03
3.268304273349625873e+03 1.031606017620599225e+01 1.220402859082929566e-03
3.268306588285389807e+03 1.031652003226922965e+01 1.220448167605151825e-03
3.268308903220686716e+03 1.031860894166763742e+01 1.222668723472259637e-03
3.268311218155984079e+03 1.032060976824418574e+01 1.225365905103314307e-03
3.268313533091747559e+03 1.032029887081046837e+01 1.224663480544160854e-03
3.268315848027044467e+03 1.031544494860509253e+01 1.219032232936810133e-03
3.268318162962341376e+03 1.031990462470388437e+01 1.224187274768800005e-03
3.268320477898104855e+03 1.031999922501730893e+01 1.224539454233951417e-03
3.268322792833402673e+03 1.032227965077501786e+01 1.227089298058421912e-03
3.268325107768700491e+03 1.032074074129475960e+01 1.224832154307154645e-03
3.268327422703996945e+03 1.031871860958027831e+01 1.222154082309460498e-03
3.268329737639294763e+03 1.031889767264105728e+01 1.222980375839359448e-03
3.268332052574593035e+03 1.031668555820479760e+01 1.219542714752822141e-03
3.268334367510356515e+03 1.032132740629629097e+01 1.225041243644264333e-03
3.268336682445653423e+03 1.031952305180415053e+01 1.222998040730108186e-03
3.268338997380950786e+03 1.031765357660222548e+01 1.221004884002681095e-03
3.268341312316247695e+03 1.032043993658222192e+01 1.224850232231430901e-03
3.268343627251544603e+03 1.032163025603368567e+01 1.225021109287187339e-03
3.268345942186841512e+03 1.031712236632391644e+01 1.220840337708282292e-03
3.268348257122138421e+03 1.031962975285398798e+01 1.223005609750105324e-03
3.268350572056971032e+03 1.032096380007179626e+01 1.223815819388678278e-03
3.268352886992268395e+03 1.032094059343085668e+01 1.224650011231558739e-03
3.268355201927565759e+03 1.032175577658208354e+01 1.224216518185889139e-03
3.268357516862863122e+03 1.031964783156629295e+01 1.222383118293117119e-03
3.268359831798160485e+03 1.032031951561142336e+01 1.224549272476599783e-03
3.268362146732992642e+03 1.032277434317510867e+01 1.225963929252522422e-03
3.268364461668289550e+03 1.032299731579987423e+01 1.226359520978983911e-03
3.268366776603587368e+03 1.032417716939388441e+01 1.226941971570915139e-03
3.268369091538884277e+03 1.032159322605877350e+01 1.224342870036930746e-03
3.268371406473716434e+03 1.032230108706526650e+01 1.225339721831023325e-03
3.268373721409014252e+03 1.032196750090345994e+01 1.224622454398257383e-03
3.268376036343846408e+03 1.032235418825834294e+01 1.225340687248560037e-03
3.268378351279143317e+03 1.032007505061637609e+01 1.223546911176120284e-03
3.268380666213975019e+03 1.032207677870013995e+01 1.225231055089222049e-03
3.268382981149272382e+03 1.032091877728394103e+01 1.224489629223157782e-03
3.268385296084104539e+03 1.032257560669311047e+01 1.225334637368404598e-03
3.268387611019401447e+03 1.031573232950407260e+01 1.218214079988276218e-03
3.268389925954234059e+03 1.032334193771775865e+01 1.226813204809163111e-03
3.268392240889530967e+03 1.032265616050543677e+01 1.226388837709214193e-03
3.268394555824362214e+03 1.032122698864850108e+01 1.224125989044431376e-03
3.268396870759193462e+03 1.032401815563944325e+01 1.227363714010376193e-03
3.268399185694490370e+03 1.032390470029455898e+01 1.227152559962920450e-03
3.268401500629322982e+03 1.032490748851479445e+01 1.228630280930399256e-03
3.268403815564153774e+03 1.031971018272983187e+01 1.222856641769864061e-03
3.268406130498985476e+03 1.032141797964403018e+01 1.224870167618426816e-03
3.268408445433818088e+03 1.032026851817811774e+01 1.223151856951868203e-03
3.268410760369114996e+03 1.031941383095347753e+01 1.223171691003833040e-03
3.268413075303946243e+03 1.032216023054969156e+01 1.225462248136841015e-03
3.268415390238778400e+03 1.032045268784566971e+01 1.223710876441952682e-03
3.268417705173610557e+03 1.032299271685571895e+01 1.226468270673830661e-03
3.268420020108442714e+03 1.031770672221759355e+01 1.221516098533628270e-03
3.268422335043273961e+03 1.031950307099705455e+01 1.222817150842315376e-03
3.268424649978105663e+03 1.031830630535024795e+01 1.221614456507988736e-03
3.268426964912937365e+03 1.031973774539540756e+01 1.223706367259175948e-03
3.268429279847769521e+03 1.031988236778865620e+01 1.223227492087708163e-03
3.268431594782601678e+03 1.032017989766517729e+01 1.223778969837792559e-03
3.268433909716966809e+03 1.031540018120545099e+01 1.218551792452509221e-03
3.268436224651798511e+03 1.032021977775354138e+01 1.223686584405151313e-03
3.268438539586631123e+03 1.031792644463585695e+01 1.220939534704231508e-03
3.268440854521462825e+03 1.031894180786988180e+01 1.222318316017822386e-03
3.268443169456294982e+03 1.031802843866536890e+01 1.221078543872096021e-03
3.268445484390660567e+03 1.032039399562760629e+01 1.223745438633724869e-03
3.268447799325492269e+03 1.031881517167308182e+01 1.222717183929734408e-03
3.268450114260324426e+03 1.032066350095503893e+01 1.224517995475710814e-03
3.268452429194690012e+03 1.032213295454769408e+01 1.227273274928060648e-03
3.268454744129521714e+03 1.032082965030784116e+01 1.224220030924028134e-03
3.268457059064352961e+03 1.032205409016227549e+01 1.226113550738550497e-03
3.268459373998718547e+03 1.032392550219874572e+01 1.228225435637721749e-03
3.268461688933551159e+03 1.031836154774861214e+01 1.222939262367580930e-03
3.268464003867917199e+03 1.031744431171813225e+01 1.222143283744092212e-03
3.268466318802748901e+03 1.032001809209764254e+01 1.224265685987921837e-03
3.268468633737114942e+03 1.031807492447377328e+01 1.221747360610745715e-03
3.268470948671481437e+03 1.031631109374499289e+01 1.220643798978328148e-03
3.268473263606313139e+03 1.031506120253372849e+01 1.219340401333041416e-03
3.268475578540678725e+03 1.031720054808138975e+01 1.221613825546658027e-03
3.268477893475045676e+03 1.031763496964712523e+01 1.221807662144818243e-03
3.268480208409876468e+03 1.031395183184931597e+01 1.217947891013401772e-03
3.268482523344242509e+03 1.031644843071618389e+01 1.221186252615300612e-03
3.268484838278609004e+03 1.031950391192528116e+01 1.224854450632996677e-03
3.268487153212975045e+03 1.031525907606600789e+01 1.219626007454734226e-03
3.268489468147806292e+03 1.031632903591063055e+01 1.221495438540143828e-03
3.268491783082173242e+03 1.031941479218404289e+01 1.223800718583319732e-03
3.268494098016539283e+03 1.032238628418413029e+01 1.227575027569944438e-03
3.268496412950905324e+03 1.031852539522405010e+01 1.223443928548352631e-03
3.268498727885270910e+03 1.031783694433287302e+01 1.221943679610131700e-03
3.268501042819637405e+03 1.031509840738276118e+01 1.220285621296729765e-03
3.268503357754003446e+03 1.031479185909921981e+01 1.220281904335453237e-03
3.268505672688369486e+03 1.031579946047232710e+01 1.220873532683745778e-03
3.268507987622735982e+03 1.031698761552992316e+01 1.222367650049296104e-03
3.268510302557101568e+03 1.031395724474822906e+01 1.218602703691779813e-03
3.268512617491466699e+03 1.031523492386402552e+01 1.219577906104005747e-03
3.268514932425832740e+03 1.031337695681010125e+01 1.218380073402024937e-03
3.268517247359733574e+03 1.031590239417155175e+01 1.220671623951252640e-03
3.268519562294100069e+03 1.031631144578304671e+01 1.220947474194434374e-03
3.268521877228465655e+03 1.031341356106863572e+01 1.218118240205510235e-03
3.268524192162831241e+03 1.031485867524823341e+01 1.219996682152528359e-03
3.268526507096732530e+03 1.031698149390636310e+01 1.221824566106364520e-03
3.268528822031098571e+03 1.031400347381654470e+01 1.219172334881216211e-03
3.268531136965465066e+03 1.031597485173115558e+01 1.220374450806239108e-03
3.268533451899364991e+03 1.031444344533676016e+01 1.219111273668948767e-03
3.268535766833731486e+03 1.031796933926016102e+01 1.224117876794957862e-03
3.268538081768097527e+03 1.031636097254653350e+01 1.220835769175690998e-03
3.268540396701997452e+03 1.031592410492667966e+01 1.219558195946377757e-03
3.268542711636363947e+03 1.031697653576781981e+01 1.221865122762833683e-03
3.268545026570263872e+03 1.031804385457843587e+01 1.222484002414183897e-03
3.268547341504630367e+03 1.031848695133052196e+01 1.222776957822810720e-03
3.268549656438531201e+03 1.031657644444944211e+01 1.222200038041396965e-03
3.268551971372431581e+03 1.031995607179537444e+01 1.224154813487611775e-03
3.268554286306798076e+03 1.031820954892456932e+01 1.223861239536582326e-03
3.268556601240698001e+03 1.031813256841554427e+01 1.222592460607415917e-03
3.268558916174598380e+03 1.031954067641452610e+01 1.223455973730643020e-03
3.268561231108964421e+03 1.032007161186838218e+01 1.223945059460846340e-03
3.268563546042864800e+03 1.032211764071516136e+01 1.226225147848115319e-03
3.268565860976764270e+03 1.031836076956281900e+01 1.222494299834642976e-03
3.268568175910664650e+03 1.032212421871388131e+01 1.226357604151808193e-03
3.268570490844565484e+03 1.031703335444516512e+01 1.220897352656552699e-03
3.268572805778931979e+03 1.031904133750215991e+01 1.222871360970848205e-03
3.268575120712831449e+03 1.031969470369455522e+01 1.223341484958327370e-03
3.268577435646731828e+03 1.032337194477105591e+01 1.228119506599957252e-03
3.268579750580633117e+03 1.032114173290374026e+01 1.224672503866800714e-03
3.268582065514533497e+03 1.031940082479981768e+01 1.223237020952759775e-03
3.268584380448433876e+03 1.032211282791783979e+01 1.225954930995119124e-03
3.268586695382334256e+03 1.032152299026037490e+01 1.225331398764142876e-03
3.268589010316234635e+03 1.032062640552280186e+01 1.224331132944017284e-03
3.268591325250135469e+03 1.032451049459258741e+01 1.227745791495612679e-03
3.268593640183569732e+03 1.032378896660243583e+01 1.227122415563232675e-03
3.268595955117471021e+03 1.032294160046361498e+01 1.226222138175328503e-03
3.268598270051370491e+03 1.032134313138961978e+01 1.224134701169737709e-03
3.268600584985271780e+03 1.032314156822062046e+01 1.225510686129904596e-03
3.268602899919172160e+03 1.032299091582150297e+01 1.226047287785208065e-03
3.268605214852607787e+03 1.032392954389036888e+01 1.227003272331459848e-03
3.268607529786507712e+03 1.032424054719724182e+01 1.226737052597863661e-03
3.268609844720407636e+03 1.032152399412071730e+01 1.224107494755207609e-03
3.268612159653842355e+03 1.032724980753183353e+01 1.229711426300272728e-03
3.268614474587742734e+03 1.032511905535127816e+01 1.227095146922431565e-03
3.268616789521177452e+03 1.032486724194332162e+01 1.227036932726406886e-03
3.268619104455078741e+03 1.032679603803719459e+01 1.228289209553153072e-03
3.268621419388978211e+03 1.032600597140919341e+01 1.227964563660230478e-03
3.268623734322412474e+03 1.032750092927838459e+01 1.228459576189143594e-03
3.268626049255846738e+03 1.032878373878667588e+01 1.230765628467089335e-03
3.268628364189747572e+03 1.032930480714292898e+01 1.230137096650053699e-03
3.268630679123182745e+03 1.032746736054633629e+01 1.228370114545385876e-03
3.268632994057082669e+03 1.033042578990968252e+01 1.230511839725772312e-03
3.268635308990517387e+03 1.032821215769114787e+01 1.229011920327167029e-03
3.268637623923952560e+03 1.033041981096803141e+01 1.230961756960379828e-03
3.268639938857853394e+03 1.033158783801280123e+01 1.232390063361485421e-03
3.268642253791288113e+03 1.033338161744134887e+01 1.234119418987990454e-03
3.268644568724721921e+03 1.033266296882218604e+01 1.232776206512748406e-03
3.268646883658157549e+03 1.033493320046367359e+01 1.235170994221529168e-03
3.268649198591591812e+03 1.033125525779069953e+01 1.230170059507772889e-03
3.268651513525492192e+03 1.033548976616991943e+01 1.234786930996779972e-03
3.268653828458927819e+03 1.033747854903611341e+01 1.236536505421942465e-03
3.268656143392362083e+03 1.033519182031706940e+01 1.233656417499041924e-03
3.268658458325796346e+03 1.033420581590884524e+01 1.232509354082224166e-03
3.268660773259231973e+03 1.034015656768404412e+01 1.238549670317942242e-03
3.268663088192665782e+03 1.034063212512057994e+01 1.238760703933078269e-03
3.268665403126100500e+03 1.033874120820426334e+01 1.236751044549489875e-03
3.268667718059536128e+03 1.033940756483239198e+01 1.237503786629609798e-03
3.268670032992970846e+03 1.034163355862031786e+01 1.238746491364119085e-03
3.268672347925939903e+03 1.034135887327966508e+01 1.238677562651321678e-03
3.268674662859374621e+03 1.034076421562663484e+01 1.237356214126011846e-03
3.268676977792809339e+03 1.034194110983101211e+01 1.238368461025253454e-03
3.268679292726244057e+03 1.034450741873391699e+01 1.241282279027783753e-03
3.268681607659678775e+03 1.034549214094592884e+01 1.241861613989905496e-03
3.268683922592646923e+03 1.034061313059403986e+01 1.236251539039404101e-03
3.268686237526081641e+03 1.034732952263724748e+01 1.243582850403743539e-03
3.268688552459516359e+03 1.034449407634977369e+01 1.240541760443272974e-03
3.268690867392485416e+03 1.035102899773438878e+01 1.247064770960126020e-03
3.268693182325921043e+03 1.034997442060414663e+01 1.245418213497466974e-03
3.268695497259355761e+03 1.035193155440205359e+01 1.247133344344460593e-03
3.268697812192324818e+03 1.035304638122267207e+01 1.247964780731617438e-03
3.268700127125759536e+03 1.035073227412730112e+01 1.244784363114950733e-03
3.268702442058729048e+03 1.035042619572340783e+01 1.244715001501612390e-03
3.268704756992163311e+03 1.035297326698371201e+01 1.246578162950825932e-03
3.268707071925132823e+03 1.035384871762990500e+01 1.248148371564908972e-03
3.268709386858101425e+03 1.035352036639888595e+01 1.246748688369455835e-03
3.268711701791536598e+03 1.035195801830639439e+01 1.245266275055084909e-03
3.268714016724506109e+03 1.035758950495293718e+01 1.251051170564818332e-03
3.268716331657475621e+03 1.035659175204123805e+01 1.249517124365800112e-03
3.268718646590909884e+03 1.035504942104482495e+01 1.248534550519499057e-03
3.268720961523878941e+03 1.036014191881297286e+01 1.252556556636234223e-03
3.268723276456848453e+03 1.035833778593204713e+01 1.250605778421083570e-03
3.268725591389817509e+03 1.035876823578767159e+01 1.250317341953339698e-03
3.268727906322786566e+03 1.036324512818683985e+01 1.254928261141154914e-03
3.268730221256221739e+03 1.036311112712949623e+01 1.254077888288913272e-03
3.268732536189189886e+03 1.036537604020549708e+01 1.257066629739015751e-03
3.268734851122158943e+03 1.036457085747896123e+01 1.255941998595063846e-03
3.268737166055127545e+03 1.036702255498559921e+01 1.258090478612455994e-03
3.268739480988096602e+03 1.036390737648260618e+01 1.254874409803084486e-03
3.268741795921066114e+03 1.036523500797134290e+01 1.256742703089894610e-03
3.268744110854034716e+03 1.036744681442338312e+01 1.258046756921634172e-03
3.268746425787003318e+03 1.036732359946192261e+01 1.256998602610026822e-03
3.268748740719972830e+03 1.036959260023112606e+01 1.259118475554880240e-03
3.268751055652476680e+03 1.037321060585797206e+01 1.263167966693956807e-03
3.268753370585445737e+03 1.037190988993393326e+01 1.261865712873493778e-03
3.268755685518414793e+03 1.037107084127005052e+01 1.260371628030392162e-03
3.268758000451383850e+03 1.036882121899811970e+01 1.257818497653306975e-03
3.268760315384352907e+03 1.037282635444237400e+01 1.261978408900025356e-03
3.268762630316855848e+03 1.037208461423325190e+01 1.260524890250381939e-03
3.268764945249825359e+03 1.037544655710185815e+01 1.263970009076011538e-03
3.268767260182794416e+03 1.037131618421085477e+01 1.259827412399172793e-03
3.268769575115297812e+03 1.037221758023859941e+01 1.259598629873686206e-03
3.268771890048267778e+03 1.037333412215086348e+01 1.260420958829862239e-03
3.268774204980770719e+03 1.037441969931523644e+01 1.261998611478663997e-03
3.268776519913739321e+03 1.037620778296919255e+01 1.263941134719939177e-03
3.268778834846243626e+03 1.037578038704837979e+01 1.262914246200284299e-03
3.268781149779212683e+03 1.037529148280802893e+01 1.261815947321245218e-03
3.268783464711716533e+03 1.037693882601589834e+01 1.264588490744268223e-03
3.268785779644685135e+03 1.038134771896729980e+01 1.268204636306043001e-03
3.268788094577188531e+03 1.037493901547763109e+01 1.261669208162963197e-03
3.268790409509691472e+03 1.037972783942809762e+01 1.267141530400477068e-03
3.268792724442660528e+03 1.038007371752589059e+01 1.266623375304385367e-03
3.268795039375163469e+03 1.038142440561967206e+01 1.266729463839859175e-03
3.268797354307666865e+03 1.038303889948499759e+01 1.269213689267743731e-03
3.268799669240636376e+03 1.038285850259218535e+01 1.269014853048060307e-03
3.268801984173139317e+03 1.038210923116026230e+01 1.268449801372776783e-03
3.268804299105642713e+03 1.038029053513412947e+01 1.266162257379184952e-03
3.268806614038147018e+03 1.038536626393074869e+01 1.271971200635017060e-03
3.268808928970649959e+03 1.038447547177211661e+01 1.270166491540966874e-03
3.268811243903153809e+03 1.037839260275751840e+01 1.263924205256636811e-03
3.268813558835657659e+03 1.038289367471466917e+01 1.267738545605048362e-03
3.268815873768161055e+03 1.038699541923744007e+01 1.272431996785794396e-03
3.268818188700664905e+03 1.038655499928605863e+01 1.272192931044272175e-03
3.268820503633167391e+03 1.038953817348720321e+01 1.275365867902734582e-03
3.268822818565670786e+03 1.038602683206570987e+01 1.270328275318442345e-03
3.268825133498175092e+03 1.038858894400681976e+01 1.274424854947028233e-03
3.268827448430678487e+03 1.038642254954090305e+01 1.270560021152502281e-03
3.268829763363181883e+03 1.038590963965007319e+01 1.270763336694777151e-03
3.268832078295684823e+03 1.038948548427338459e+01 1.274774587873996881e-03
3.268834393228188674e+03 1.038777162261744103e+01 1.272118976557492023e-03
3.268836708160226408e+03 1.038899643380309001e+01 1.273522215417982519e-03
3.268839023092729803e+03 1.038615903991613898e+01 1.270775787193496398e-03
3.268841338025234108e+03 1.038697309782886968e+01 1.271283251481683139e-03
3.268843652957270933e+03 1.039157926997424752e+01 1.276795449100559315e-03
3.268845967889774329e+03 1.039062401676939018e+01 1.275391374780895839e-03
3.268848282822277724e+03 1.039106639131963306e+01 1.274661731773768167e-03
3.268850597754314549e+03 1.038654068433025657e+01 1.270720395962855959e-03
3.268852912686818399e+03 1.038584954134749871e+01 1.270095415260164744e-03
3.268855227618856134e+03 1.039010850977290090e+01 1.274679084044126609e-03
3.268857542551359529e+03 1.038884277489451158e+01 1.272717226775864179e-03
3.268859857483397718e+03 1.038730658249136773e+01 1.271375609651517356e-03
3.268862172415901568e+03 1.038659022693977718e+01 1.269897488312081175e-03
3.268864487347938848e+03 1.038747842735117111e+01 1.270967691066081330e-03
3.268866802279976582e+03 1.038770808308894011e+01 1.271358806774212967e-03
3.268869117212480432e+03 1.038832242506945214e+01 1.271484067703419285e-03
3.268871432144518167e+03 1.038543482033473886e+01 1.268476851980713561e-03
3.268873747076555446e+03 1.039405311756202543e+01 1.278018576985652088e-03
3.268876062009059751e+03 1.038900871011091098e+01 1.272552200716958390e-03
3.268878376941097031e+03 1.038816579099124837e+01 1.271059744495386945e-03
3.268880691873134310e+03 1.038886019718684217e+01 1.272244621721230120e-03
3.268883006805172954e+03 1.038767697963138481e+01 1.270937233214889436e-03
3.268885321737210688e+03 1.039265034279813626e+01 1.275871425386416666e-03
3.268887636669248423e+03 1.038996126829873567e+01 1.272794771974896169e-03
3.268889951601286157e+03 1.038845846619516777e+01 1.271927766964012652e-03
3.268892266533324801e+03 1.039200448919236131e+01 1.276099890083071424e-03
3.268894581465362080e+03 1.039020368286760387e+01 1.274320247874131820e-03
3.268896896397398905e+03 1.038917160370739445e+01 1.271857710927991542e-03
3.268899211329437549e+03 1.039503385239841293e+01 1.277710026780022688e-03
3.268901526261474828e+03 1.039327158106077675e+01 1.276781856845034648e-03
3.268903841193512562e+03 1.039317302297323664e+01 1.276591062624044719e-03
3.268906156125549387e+03 1.039110869452872343e+01 1.273861817335746440e-03
3.268908471057587121e+03 1.039357110311678056e+01 1.276970800044035029e-03
3.268910785989159194e+03 1.039171959887622343e+01 1.275087737289631526e-03
3.268913100921196929e+03 1.039504337002622236e+01 1.278953624943765782e-03
3.268915415853234663e+03 1.038961291510282869e+01 1.272140854681519731e-03
3.268917730785272852e+03 1.039344398506247558e+01 1.276641672320516768e-03
3.268920045716844470e+03 1.039207985106686394e+01 1.275001537643177590e-03
3.268922360648882204e+03 1.039242651846308263e+01 1.276482708834220711e-03
3.268924675580920393e+03 1.038985065854215861e+01 1.273347548176035574e-03
3.268926990512493376e+03 1.039095665418826364e+01 1.274418694896987210e-03
3.268929305444531565e+03 1.038691590762494599e+01 1.270251830610227102e-03
3.268931620376102728e+03 1.039417184193251664e+01 1.277802999967501789e-03
3.268933935308140462e+03 1.039121230201284440e+01 1.275158936345035989e-03
3.268936250239712990e+03 1.039437577723422912e+01 1.278103091110599152e-03
3.268938565171751634e+03 1.038859187740151491e+01 1.272224755648895421e-03
3.268940880103323707e+03 1.039021345039962441e+01 1.273763621367884251e-03
3.268943195034894870e+03 1.039032223395122401e+01 1.273427749515406056e-03
3.268945509966933514e+03 1.039235068387136707e+01 1.275831557884351403e-03
3.268947824898505587e+03 1.039232787184186080e+01 1.276303384381787583e-03
3.268950139830077205e+03 1.038700446003490363e+01 1.270209664537590329e-03
3.268952454761650188e+03 1.039277965595376685e+01 1.277078676214468819e-03
3.268954769693687467e+03 1.038957959299887257e+01 1.273145711700032290e-03
3.268957084625259540e+03 1.038903949907240865e+01 1.273065287589816418e-03
3.268959399556831158e+03 1.039233210383666162e+01 1.276690336804228417e-03
3.268961714488402322e+03 1.039154698287460654e+01 1.275833546874432112e-03
3.268964029419974850e+03 1.038956303865088771e+01 1.273758999794185427e-03
3.268966344351546468e+03 1.039079865615218878e+01 1.274565526352137946e-03
3.268968659283118541e+03 1.038956703720123365e+01 1.273340311900036156e-03
3.268970974214691523e+03 1.038748645955745076e+01 1.272372389503659707e-03
3.268973289146264051e+03 1.038981335702488806e+01 1.273834653553862451e-03
3.268975604077836124e+03 1.039092334450254640e+01 1.274592589715199805e-03
3.268977919009407742e+03 1.038571859153484489e+01 1.269850759305315773e-03
3.268980233940979815e+03 1.038656982169039011e+01 1.269889182930588386e-03
3.268982548872551888e+03 1.038823478530017042e+01 1.271987155089043201e-03
3.268984863804124416e+03 1.038756051943588865e+01 1.271449585762562387e-03
3.268987178735230827e+03 1.038530119040746058e+01 1.268855783604907680e-03
3.268989493666802446e+03 1.039117368725093726e+01 1.275382154685350501e-03
3.268991808598374519e+03 1.039153579481131118e+01 1.275897541294155127e-03
3.268994123529947501e+03 1.038925421874720634e+01 1.273543709834006922e-03
3.268996438461054368e+03 1.038521230414477792e+01 1.269075289480068973e-03
3.268998753392626440e+03 1.038882358717951426e+01 1.273086963601190690e-03
3.269001068323731943e+03 1.038954987862181589e+01 1.273576687009677450e-03
3.269003383255304470e+03 1.038448031246570480e+01 1.267986410695375087e-03
3.269005698186876998e+03 1.039135263640683426e+01 1.275761276300360885e-03
3.269008013117983410e+03 1.039171964356660283e+01 1.276637960551908584e-03
3.269010328049089821e+03 1.038841296522609703e+01 1.272260807192918076e-03
3.269012642980661440e+03 1.038956425531131700e+01 1.273457491698619512e-03
3.269014957911767851e+03 1.038475350293627919e+01 1.268761891931503025e-03
3.269017272843339470e+03 1.038884077439491804e+01 1.273598135233605915e-03
3.269019587774445426e+03 1.039157055477321379e+01 1.275926249904020364e-03
3.269021902705552748e+03 1.039159334943578372e+01 1.276093635859910144e-03
3.269024217637123911e+03 1.038642996997146994e+01 1.269977384191625170e-03
3.269026532568230323e+03 1.038898453052550863e+01 1.273372172648575603e-03
3.269028847499337644e+03 1.038882620762102960e+01 1.272401658636626185e-03
3.269031162430444510e+03 1.038892694943536021e+01 1.272852773938731993e-03
3.269033477362016583e+03 1.039386921588939749e+01 1.277759037427603607e-03
3.269035792293122540e+03 1.038812843420615017e+01 1.272256532026402138e-03
3.269038107224229407e+03 1.039173097450137462e+01 1.275294217933908283e-03
3.269040422155335364e+03 1.039090849942093442e+01 1.275206981460301351e-03
3.269042737086441775e+03 1.039082410496704867e+01 1.274048307154083699e-03
3.269045052017549096e+03 1.038860436744484339e+01 1.272449372628093678e-03
3.269047366948655508e+03 1.038790006177728031e+01 1.271566542457400412e-03
3.269049681879762375e+03 1.039141114878074745e+01 1.274939118161626207e-03
3.269051996810868332e+03 1.038928409529676955e+01 1.273714606889378822e-03
3.269054311741974743e+03 1.038770617891113446e+01 1.271563860928168243e-03
3.269056626672615948e+03 1.039225192489332983e+01 1.275871930593700659e-03
3.269058941603721905e+03 1.039008856142461390e+01 1.274096397653181603e-03
3.269061256534828317e+03 1.039117105448229239e+01 1.274849214861321868e-03
3.269063571465935638e+03 1.038775906970217910e+01 1.270683648901974354e-03
3.269065886397042505e+03 1.039042051853151172e+01 1.273412035060819290e-03
3.269068201327682800e+03 1.039312160784759165e+01 1.276861080617968042e-03
3.269070516258789212e+03 1.039006897183270794e+01 1.273196462891072788e-03
3.269072831189895169e+03 1.038934442311973783e+01 1.273033871150635590e-03
3.269075146120535010e+03 1.039093787129612423e+01 1.273714467600675420e-03
3.269077461051642786e+03 1.039241547976239133e+01 1.276311533262645221e-03
3.269079775982283081e+03 1.039336969300782698e+01 1.276838126211315462e-03
3.269082090913389038e+03 1.039625305873301819e+01 1.279706650966490810e-03
3.269084405844029789e+03 1.038919612969601047e+01 1.271843962871148847e-03
3.269086720775136655e+03 1.039134493212791277e+01 1.274991244593261068e-03
3.269089035705776951e+03 1.039531611092513330e+01 1.278746603848576703e-03
3.269091350636883362e+03 1.039185081387846488e+01 1.274827954823369320e-03
3.269093665567524567e+03 1.039264089257734724e+01 1.276255837894356556e-03
3.269095980498165773e+03 1.039306048411085115e+01 1.276318129546259164e-03
3.269098295429272184e+03 1.039251237559575536e+01 1.275371760528894605e-03
3.269100610359912480e+03 1.039664538233386537e+01 1.278884255651875851e-03
3.269102925290552776e+03 1.039559254529360821e+01 1.278899398742722225e-03
3.269105240221193981e+03 1.039514539724601860e+01 1.277185412537835832e-03
3.269107555151835186e+03 1.039363260498767616e+01 1.276073508058532709e-03
3.269109870082942052e+03 1.039624661642181458e+01 1.279106559300947476e-03
3.269112185013581893e+03 1.039603158639007674e+01 1.278478420142724207e-03
3.269114499944223553e+03 1.039480900597150281e+01 1.276785459616306502e-03
3.269116814874863849e+03 1.039624179764207312e+01 1.278059533443956335e-03
3.269119129805505054e+03 1.039735235609964903e+01 1.279706960982101216e-03
3.269121444736146259e+03 1.039829601543906001e+01 1.279742973106758747e-03
3.269123759666786555e+03 1.039719941217061461e+01 1.279013787023997690e-03
3.269126074597426850e+03 1.039946159753689869e+01 1.280911740108276560e-03
3.269128389528068510e+03 1.039754696584162019e+01 1.279028364887455950e-03
3.269130704458243144e+03 1.039753884054871769e+01 1.278923035531115112e-03
3.269133019388882985e+03 1.040126655276986334e+01 1.282905081653453296e-03
3.269135334319523281e+03 1.040451489713972677e+01 1.286340458889863791e-03
3.269137649250164486e+03 1.040182991732569207e+01 1.283641789786266847e-03
3.269139964180805691e+03 1.040268415078371511e+01 1.283470698115607737e-03
3.269142279110980780e+03 1.040137706081699953e+01 1.282339860024696385e-03
3.269144594041621986e+03 1.040377988248893715e+01 1.285132740950963156e-03
3.269146908972261826e+03 1.039568444916109158e+01 1.275421554613935830e-03
3.269149223902437370e+03 1.039979690424541836e+01 1.280121547283928195e-03
3.269151538833078575e+03 1.040230292095392883e+01 1.282642108954931519e-03
3.269153853763253210e+03 1.040007587224760854e+01 1.279657546411613021e-03
3.269156168693894870e+03 1.040293038940518322e+01 1.282773131234469545e-03
3.269158483624069504e+03 1.040503110941294906e+01 1.285751162916629530e-03
3.269160798554709800e+03 1.040563592724735464e+01 1.285606683782784636e-03
3.269163113484885798e+03 1.040646933300934940e+01 1.285414158594587681e-03
3.269165428415526549e+03 1.040748018509412098e+01 1.287053355234475758e-03
3.269167743345702547e+03 1.040647052018046281e+01 1.285312772106900593e-03
3.269170058275876727e+03 1.040760832484813392e+01 1.286273603144185958e-03
3.269172373206517477e+03 1.041119824974514607e+01 1.290906770895771348e-03
3.269174688136693021e+03 1.040542447224047429e+01 1.283850159498887847e-03
3.269177003066868565e+03 1.041150921422752873e+01 1.289433394273344644e-03
3.269179317997044109e+03 1.041230052576654685e+01 1.290716742408155697e-03
3.269181632927218743e+03 1.041440600081618584e+01 1.292891678647955546e-03
3.269183947857859494e+03 1.041077178055072139e+01 1.288729573779277739e-03
3.269186262788034583e+03 1.041556831587976006e+01 1.293844690275739069e-03
3.269188577718208762e+03 1.041387598778426948e+01 1.291019085233898953e-03
3.269190892648383851e+03 1.041575135161182075e+01 1.293350799660492522e-03
3.269193207578558940e+03 1.041569592272399092e+01 1.293340034349762645e-03
3.269195522508734484e+03 1.041949394971983978e+01 1.297099301562771841e-03
3.269197837438909573e+03 1.041788477495902754e+01 1.294415843500550372e-03
3.269200152369084208e+03 1.041800345931599736e+01 1.295234128992903523e-03
3.269202467298794545e+03 1.042367084616402373e+01 1.300726363143815461e-03
3.269204782228969179e+03 1.041919401058650152e+01 1.295804222622163552e-03
3.269207097159143814e+03 1.042277287117219231e+01 1.298633853951311999e-03
3.269209412089319812e+03 1.042202925450607154e+01 1.297445581264663941e-03
3.269211727019495811e+03 1.042570655820517267e+01 1.300988382484721080e-03
3.269214041949204329e+03 1.042269062279405034e+01 1.298392316792868623e-03
3.269216356879378964e+03 1.042500916144934209e+01 1.299743759898315401e-03
3.269218671809554507e+03 1.042598338979419026e+01 1.301185230735432989e-03
3.269220986739263935e+03 1.042547403239972681e+01 1.301614698391973792e-03
3.269223301669439479e+03 1.042829573221433925e+01 1.302892513402696163e-03
3.269225616599615023e+03 1.042389859805436458e+01 1.298809210652520545e-03
3.269227931529323996e+03 1.042752063223720604e+01 1.301559990534547923e-03
3.269230246459499085e+03 1.043124210544628205e+01 1.305140151874384586e-03
3.269232561389208968e+03 1.042924617440061574e+01 1.303166061090732216e-03
3.269234876319384512e+03 1.043190306712761917e+01 1.305010111403838088e-03
3.269237191249093485e+03 1.043661837598738273e+01 1.309974049794831010e-03
3.269239506178802912e+03 1.043460085407203586e+01 1.307519167591703361e-03
3.269241821108977547e+03 1.043547526975147832e+01 1.307755503862754109e-03
3.269244136038686520e+03 1.043469322048966319e+01 1.306329206043396491e-03
3.269246450968396402e+03 1.043706846693867085e+01 1.307955102052631288e-03
3.269248765898105376e+03 1.043900193426447665e+01 1.310841212759296381e-03
3.269251080828280010e+03 1.043835113555121374e+01 1.309323149914641939e-03
3.269253395757990802e+03 1.043679552249993847e+01 1.308112738684049639e-03
3.269255710687699320e+03 1.044355907848296283e+01 1.314511685401407700e-03
3.269258025617408748e+03 1.044524666819051006e+01 1.316856850632603998e-03
3.269260340547119085e+03 1.044169484877706999e+01 1.312268463084657324e-03
3.269262655476828058e+03 1.044669271671718391e+01 1.318256466700741926e-03
3.269264970406537486e+03 1.044539589849089545e+01 1.315539048535236712e-03
3.269267285336246914e+03 1.044685202067994645e+01 1.317011689128263227e-03
3.269269600265956797e+03 1.044725059801641542e+01 1.317273348621245902e-03
3.269271915195666679e+03 1.044680008127713577e+01 1.316831803656378502e-03
3.269274230125375652e+03 1.044724387885259453e+01 1.317316367970536653e-03
3.269276545055085535e+03 1.044979489119257288e+01 1.319246374224974623e-03
3.269278859984794963e+03 1.044710452270800616e+01 1.316600270206451199e-03
3.269281174914504845e+03 1.044896635898846071e+01 1.318034605120618156e-03
3.269283489843749066e+03 1.045164227803677548e+01 1.321001064311939487e-03
3.269285804773458040e+03 1.045158457969950661e+01 1.321085041623022574e-03
3.269288119703167467e+03 1.044993238568255656e+01 1.318272630488611296e-03
3.269290434632876895e+03 1.045116268144746563e+01 1.318598299403092849e-03
3.269292749562120662e+03 1.045480478182799544e+01 1.323028076971207584e-03
3.269295064491830999e+03 1.045187742372823081e+01 1.319888243188664916e-03
3.269297379421073856e+03 1.045414388280152984e+01 1.321699717675378291e-03
3.269299694350782829e+03 1.045252259338219503e+01 1.320843357985211500e-03
3.269302009280026596e+03 1.045646609652900594e+01 1.324145325693310525e-03
3.269304324209735569e+03 1.045835896883554028e+01 1.326243520790107606e-03
3.269306639138980245e+03 1.045795729172091448e+01 1.325475333573344515e-03
3.269308954068688763e+03 1.045658541978367850e+01 1.323603782720198137e-03
3.269311268997932530e+03 1.046158316646317310e+01 1.328742956076841555e-03
3.269313583927642867e+03 1.046131924844596384e+01 1.328331673482166389e-03
3.269315898856887088e+03 1.046078131240089171e+01 1.326699797306848342e-03
3.269318213786130400e+03 1.045998670749716553e+01 1.325502539360164708e-03
3.269320528715374166e+03 1.046224564572828086e+01 1.329034919385426068e-03
3.269322843645084049e+03 1.046092888591435788e+01 1.326939216477915524e-03
3.269325158574327361e+03 1.046198849176858658e+01 1.328289183445809834e-03
3.269327473503571582e+03 1.046134803692759974e+01 1.327051787467907603e-03
3.269329788432815803e+03 1.046464805387691044e+01 1.330628974088713485e-03
3.269332103362059115e+03 1.046508786125954060e+01 1.330899246609024188e-03
3.269334418291302427e+03 1.046913363189555923e+01 1.335409828070867376e-03
3.269336733220547103e+03 1.046502556628553116e+01 1.330303362205693734e-03
3.269339048149791779e+03 1.046645075862879537e+01 1.331770341310433607e-03
3.269341363079035091e+03 1.046598594953898953e+01 1.330625725961642357e-03
3.269343678008277948e+03 1.047178495863084535e+01 1.337420215287794074e-03
3.269345992937522624e+03 1.046813924215420144e+01 1.332990735981254716e-03
3.269348307866765936e+03 1.046499641871124631e+01 1.329831515325532098e-03
3.269350622796009702e+03 1.046631894026017839e+01 1.330582874046083632e-03
3.269352937725253923e+03 1.047307097448225832e+01 1.337822252442856779e-03
3.269355252654031574e+03 1.047189094432854617e+01 1.336193430788454881e-03
3.269357567583274431e+03 1.046970677584333309e+01 1.333746795562917647e-03
3.269359882512518652e+03 1.047050476123033391e+01 1.333538034728067208e-03
3.269362197441762419e+03 1.047101130068309516e+01 1.334848814582938669e-03
3.269364512370540979e+03 1.046745358643251400e+01 1.331798466513868474e-03
3.269366827299783836e+03 1.046968669827665721e+01 1.333052355428811101e-03
3.269369142228562396e+03 1.047448672069035958e+01 1.338057144436799028e-03
3.269371457157806617e+03 1.047310943447355314e+01 1.337135156093579615e-03
3.269373772086584722e+03 1.047454579196032398e+01 1.338387468094465226e-03
3.269376087015828489e+03 1.047431661184278084e+01 1.337298516678319706e-03
3.269378401944606594e+03 1.047471331234033443e+01 1.337439000204558321e-03
3.269380716873850361e+03 1.047710469465607197e+01 1.340137836878463806e-03
3.269383031802628466e+03 1.047567427539962281e+01 1.338815451306687911e-03
3.269385346731872232e+03 1.047529934129978280e+01 1.337718559450488433e-03
3.269387661660651247e+03 1.047953844882501429e+01 1.342060288556848075e-03
3.269389976589428443e+03 1.047882554234177910e+01 1.341525872255098324e-03
3.269392291518206548e+03 1.047886876910317255e+01 1.341438990849423913e-03
3.269394606447451224e+03 1.048161815514978912e+01 1.344805874209565764e-03
3.269396921376229329e+03 1.048121148492622368e+01 1.344166106712653191e-03
3.269399236305007889e+03 1.048007188887871166e+01 1.341844524943584501e-03
3.269401551233785995e+03 1.048263512146327159e+01 1.344390175563337734e-03
3.269403866162563645e+03 1.047993051749323001e+01 1.341735068886082752e-03
3.269406181091342660e+03 1.048499226096123316e+01 1.347336297654966406e-03
3.269408496020120765e+03 1.048427236447182409e+01 1.346178357605551249e-03
3.269410810948898416e+03 1.048514242049311562e+01 1.346588730931745376e-03
3.269413125877675611e+03 1.048556995062695307e+01 1.348555500087146586e-03
3.269415440806453262e+03 1.048630843031136273e+01 1.348221215158729950e-03
3.269417755735231822e+03 1.048531402078409513e+01 1.346386878858230746e-03
3.269420070664010382e+03 1.048228119221981203e+01 1.342571611430635374e-03
3.269422385592788487e+03 1.048387211298635258e+01 1.345255467534485364e-03
3.269424700521566592e+03 1.048254673985924690e+01 1.343238354936988942e-03
3.269427015449879491e+03 1.048597900452129572e+01 1.346780296646426936e-03
3.269429330378657596e+03 1.048523040007575702e+01 1.345881755146855581e-03
3.269431645307435247e+03 1.048985603952098167e+01 1.351151448057529752e-03
3.269433960235748600e+03 1.048746320537057031e+01 1.347539207442298610e-03
3.269436275164525796e+03 1.048507225551903765e+01 1.345150120905129693e-03
3.269438590093304811e+03 1.048976611905885648e+01 1.350112642419447166e-03
3.269440905021617255e+03 1.048476362311139987e+01 1.344356627421443469e-03
3.269443219950395360e+03 1.048663316606528717e+01 1.346049310757904639e-03
3.269445534878707804e+03 1.048961053093053408e+01 1.349635396622174193e-03
3.269447849807485909e+03 1.049411257227797734e+01 1.355185075482476026e-03
3.269450164735798353e+03 1.048509341072607448e+01 1.343894289459494776e-03
3.269452479664576458e+03 1.049176801123213032e+01 1.351828302257606978e-03
3.269454794592889812e+03 1.048966678809787112e+01 1.349552314870743801e-03
3.269457109521202256e+03 1.048829645599284888e+01 1.347157793130954878e-03
3.269459424449979451e+03 1.048631405543224027e+01 1.344250865057345593e-03
3.269461739378292805e+03 1.048843445421188392e+01 1.347260272024830043e-03
3.269464054306605249e+03 1.049588155619639096e+01 1.355310511400408544e-03
3.269466369234917693e+03 1.048975518155031850e+01 1.349283024396327356e-03
3.269468684163695343e+03 1.049279193284602130e+01 1.352176752881532364e-03
3.269470999092006423e+03 1.049439421895357683e+01 1.353756926133503017e-03
3.269473314020319776e+03 1.049462050761671250e+01 1.354063289852199719e-03
3.269475628948632220e+03 1.049579262584047612e+01 1.355836549972694359e-03
3.269477943876944664e+03 1.049567996207926157e+01 1.355766147073612623e-03
3.269480258805257563e+03 1.049200662000194662e+01 1.350434512236359198e-03
3.269482573733569552e+03 1.049613806737632871e+01 1.355025354690795334e-03
3.269484888661882451e+03 1.049206931629676198e+01 1.351197098249312710e-03
3.269487203590194440e+03 1.048869537877060765e+01 1.346517516626150913e-03
3.269489518518507793e+03 1.049299837656555034e+01 1.351894777035201342e-03
3.269491833446354576e+03 1.049307506976436599e+01 1.351711246349618237e-03
3.269494148374666565e+03 1.049641828399878385e+01 1.356021973231549826e-03
3.269496463302978555e+03 1.049157142837649914e+01 1.349847081614276040e-03
3.269498778231291908e+03 1.049851645601169103e+01 1.358716347252375556e-03
3.269501093159604352e+03 1.049154520680917635e+01 1.351328058738714144e-03
3.269503408087451589e+03 1.049549993408162329e+01 1.354563805973673903e-03
3.269505723015763579e+03 1.049148118064664992e+01 1.351039173196624636e-03
3.269508037943610361e+03 1.049436060664549686e+01 1.353201987958354289e-03
3.269510352871922805e+03 1.049472810722970983e+01 1.353964741458181780e-03
3.269512667800235249e+03 1.049586717224589805e+01 1.355418580398964077e-03
3.269514982728082941e+03 1.049483949355924928e+01 1.354331257407945721e-03
3.269517297656394931e+03 1.049426691859288852e+01 1.353633535205246794e-03
3.269519612584242623e+03 1.049402540260124006e+01 1.354016609091561680e-03
3.269521927512089405e+03 1.049725384160160857e+01 1.356633628989801534e-03
3.269524242440400940e+03 1.049529681296677985e+01 1.354524006649805235e-03
3.269526557368247722e+03 1.049345133078027281e+01 1.351873397175593159e-03
3.269528872296559712e+03 1.049455969210287520e+01 1.353112492062942757e-03
3.269531187224406494e+03 1.049214689603362416e+01 1.351047141699840198e-03
3.269533502152253277e+03 1.049209566925660653e+01 1.350977098871318201e-03
3.269535817080100514e+03 1.049519975473261191e+01 1.354134246031238461e-03
3.269538132007947752e+03 1.049172777568121262e+01 1.350249094772670161e-03
3.269540446936259286e+03 1.049421861658480637e+01 1.353476950598849794e-03
3.269542761864106524e+03 1.049190330071230015e+01 1.351411736536754392e-03
3.269545076791953761e+03 1.049540709351022016e+01 1.355099586051414446e-03
3.269547391719800544e+03 1.049250147335895100e+01 1.351364407088854244e-03
3.269549706647647326e+03 1.049150329801824810e+01 1.349781673859254622e-03
3.269552021575494109e+03 1.049948257999045254e+01 1.359563473689140694e-03
3.269554336503341801e+03 1.049531004190209060e+01 1.354324386165938919e-03
3.269556651431188129e+03 1.049622873190484285e+01 1.355482240820590116e-03
3.269558966359034457e+03 1.049263327362901954e+01 1.350641750348563312e-03
3.269561281286416033e+03 1.049565554991649385e+01 1.354835196935861913e-03
3.269563596214262361e+03 1.049480314991358831e+01 1.353880286770261197e-03
3.269565911142109599e+03 1.049473311663590458e+01 1.354143650697139326e-03
3.269568226069956381e+03 1.049248834550416731e+01 1.351535975508544232e-03
3.269570540997804073e+03 1.049257677567903535e+01 1.350592632639850297e-03
3.269572855925184740e+03 1.049580256150489177e+01 1.354887204498688531e-03
3.269575170853031523e+03 1.049497154603032278e+01 1.354257419202003392e-03
3.269577485780412644e+03 1.049433487316088431e+01 1.353408893980576587e-03
3.269579800708259427e+03 1.049476813895418204e+01 1.353649211509414972e-03
3.269582115636105300e+03 1.049610257225979382e+01 1.355245252667370247e-03
3.269584430563486421e+03 1.049444917505630492e+01 1.353057457280225579e-03
3.269586745491333204e+03 1.049355894919996679e+01 1.352511124255218996e-03
3.269589060418714325e+03 1.049832793535672337e+01 1.357554004128840247e-03
3.269591375346095447e+03 1.049413547752880760e+01 1.352873909381575347e-03
3.269593690273942229e+03 1.049636859283086210e+01 1.355081745620259279e-03
3.269596005201324260e+03 1.049366166435844328e+01 1.352530347723478275e-03
3.269598320129171498e+03 1.049564836531023282e+01 1.354633349319809459e-03
3.269600635056552619e+03 1.049699020091018120e+01 1.354439468811424177e-03
3.269602949983932831e+03 1.049895419659470619e+01 1.358085308238206855e-03
3.269605264911314407e+03 1.049733899602874487e+01 1.356114594876492094e-03
3.269607579838695983e+03 1.049528598312038241e+01 1.353677079359993582e-03
3.269609894766542311e+03 1.049899089892028492e+01 1.358169691606760142e-03
3.269612209693923887e+03 1.049964379282554461e+01 1.358353591912431690e-03
3.269614524621305009e+03 1.049773637326118170e+01 1.356080505896823741e-03
3.269616839548685675e+03 1.049946167187925994e+01 1.357381307852108341e-03
3.269619154476067706e+03 1.049462103086199960e+01 1.351557553859682919e-03
3.269621469403448828e+03 1.050219431510369539e+01 1.361122362335466952e-03
3.269623784330830404e+03 1.050136719547350239e+01 1.359294480581219175e-03
3.269626099258211070e+03 1.049714717689374233e+01 1.354374205372602807e-03
3.269628414185592192e+03 1.049704161859193974e+01 1.354852164889531422e-03
3.269630729112508106e+03 1.050310611478707123e+01 1.361434269023292266e-03
3.269633044039889683e+03 1.050536850179963366e+01 1.363705467253529483e-03
3.269635358967270804e+03 1.050250741785033881e+01 1.359601864689982589e-03
3.269637673894651016e+03 1.049998480453155558e+01 1.357311732296799739e-03
3.269639988821565566e+03 1.050055212464127408e+01 1.357658967391100905e-03
3.269642303748947597e+03 1.050375237259717665e+01 1.361245445665719683e-03
3.269644618676328719e+03 1.050649548959903079e+01 1.364746933818547026e-03
3.269646933603244634e+03 1.050257657060939565e+01 1.359962372862993018e-03
3.269649248530624845e+03 1.050691141188816147e+01 1.364297578262300883e-03
3.269651563458006422e+03 1.050724388028996970e+01 1.365721108293273733e-03
3.269653878384921882e+03 1.050202613739339697e+01 1.358246280567763703e-03
3.269656193312303458e+03 1.050293419835661624e+01 1.359210171504809288e-03
3.269658508239218918e+03 1.050738429244849392e+01 1.363792952735487247e-03
3.269660823166133923e+03 1.050791164315066695e+01 1.364643321754974246e-03
3.269663138093515499e+03 1.050784547557388571e+01 1.364865538066130542e-03
3.269665453020430959e+03 1.050616401255478038e+01 1.362874202125514489e-03
3.269667767947347784e+03 1.050964004377655137e+01 1.366679571525382993e-03
3.269670082874728450e+03 1.050546502758438017e+01 1.361844185581520929e-03
3.269672397801643001e+03 1.050966987609369063e+01 1.365817291583902712e-03
3.269674712728559371e+03 1.050734685157601689e+01 1.363222684855377358e-03
3.269677027655474376e+03 1.050973287772369247e+01 1.366025946583670049e-03
3.269679342582389836e+03 1.050862860438503610e+01 1.365222781865732884e-03
3.269681657509306206e+03 1.051005136973522802e+01 1.366350447545470635e-03
3.269683972436686417e+03 1.051120097746077775e+01 1.367260482155604421e-03
3.269686287363602787e+03 1.051112649056062054e+01 1.367416872015970054e-03
3.269688602290518247e+03 1.050815660038438004e+01 1.363515895750839211e-03
3.269690917217433707e+03 1.051245675109065303e+01 1.368681738670649017e-03
3.269693232143883506e+03 1.051387856819582467e+01 1.369513921004139427e-03
3.269695547070797602e+03 1.051567383247789422e+01 1.372597541932520484e-03
3.269697861997713062e+03 1.051156584180066389e+01 1.366981575692122197e-03
3.269700176924628977e+03 1.051011560083348151e+01 1.365334281715864344e-03
3.269702491851544437e+03 1.051289885558985304e+01 1.368112943085228721e-03
3.269704806778459897e+03 1.051441415366643994e+01 1.370191426795390249e-03
3.269707121704909696e+03 1.051323538367330102e+01 1.368178964328689443e-03
3.269709436631825611e+03 1.051691503019018015e+01 1.372187515193150050e-03
3.269711751558741071e+03 1.051485095347656973e+01 1.370508654935363420e-03
3.269714066485190415e+03 1.051766106663294487e+01 1.372445448592002652e-03
3.269716381412106784e+03 1.051485260912831521e+01 1.369830045474944606e-03
3.269718696338556128e+03 1.052002127087493299e+01 1.375762907983518876e-03
3.269721011265471589e+03 1.051466791192099492e+01 1.368596002442844023e-03
3.269723326191921387e+03 1.051509451104236526e+01 1.368887622969933290e-03
3.269725641118837302e+03 1.052201074480583287e+01 1.376929009289065654e-03
3.269727956045287556e+03 1.051915159387890419e+01 1.372804899531524609e-03
3.269730270972202561e+03 1.052034876814986397e+01 1.374640163582962387e-03
3.269732585898652360e+03 1.052471497491889174e+01 1.380321573393657967e-03
3.269734900825102613e+03 1.052159046554031363e+01 1.374930861314368037e-03
3.269737215752018074e+03 1.052447606728964402e+01 1.378117279432234396e-03
3.269739530678467872e+03 1.051923717477218290e+01 1.371841668980734253e-03
3.269741845604917671e+03 1.052215619339595420e+01 1.374603495518374229e-03
3.269744160531367470e+03 1.052514997920290618e+01 1.379341689533649003e-03
3.269746475457817724e+03 1.052619228466458168e+01 1.378533585965956024e-03
3.269748790384267522e+03 1.052398591115090198e+01 1.376583238105562844e-03
3.269751105311182982e+03 1.052932160360775882e+01 1.382248681159882605e-03
3.269753420237631417e+03 1.052827624043431243e+01 1.380958986777418946e-03
3.269755735164081671e+03 1.052851627518605504e+01 1.380451508167760029e-03
3.269758050090531469e+03 1.053014950030407171e+01 1.381594562533191347e-03
3.269760365016516062e+03 1.052832332561973772e+01 1.379973926706695589e-03
3.269762679942965860e+03 1.053655988465808768e+01 1.389519603765926228e-03
3.269764994869415659e+03 1.053005575868376908e+01 1.381391119722981788e-03
3.269767309795865458e+03 1.053007513599384382e+01 1.380669841362012129e-03
3.269769624722315712e+03 1.053395813601439279e+01 1.384920378539400551e-03
3.269771939648765510e+03 1.053479651416895457e+01 1.386961883116978773e-03
3.269774254574750103e+03 1.053476199153557147e+01 1.385617353111677713e-03
3.269776569501198992e+03 1.053764503051420931e+01 1.389254208402340230e-03
3.269778884427649245e+03 1.054143162329460992e+01 1.392915986107169223e-03
3.269781199353633383e+03 1.053456349373475476e+01 1.384546221273283721e-03
3.269783514280083182e+03 1.054030535779567224e+01 1.390886113631042108e-03
3.269785829199548971e+03 1.054035331755687466e+01 1.391424148752375915e-03
3.269788144125998770e+03 1.053964997832371076e+01 1.389899429044415225e-03
3.269790459051982907e+03 1.054280392080380047e+01 1.393844630378205567e-03
3.269792773978432706e+03 1.054147538158409780e+01 1.391242262212597988e-03
3.269795088904416843e+03 1.054333692313220361e+01 1.393231833526185556e-03
3.269797403830401436e+03 1.054184684938289251e+01 1.391849895514929046e-03
3.269799718756850780e+03 1.054285790654401467e+01 1.392062371211592181e-03
3.269802033682835372e+03 1.054621743686447743e+01 1.395940617242363369e-03
3.269804348608819510e+03 1.054439897926139125e+01 1.394443651611823728e-03
3.269806663535268399e+03 1.054578954796311230e+01 1.395037767981030996e-03
3.269808978461252536e+03 1.054832591715397605e+01 1.398005586345414403e-03
3.269811293387236219e+03 1.054644571392310759e+01 1.395185663851441658e-03
3.269813608313221266e+03 1.055136848162928231e+01 1.401574051159772865e-03
3.269815923239204494e+03 1.054786726594926272e+01 1.396484819353601163e-03
3.269818238165189086e+03 1.054975687805945839e+01 1.398252426778223007e-03
3.269820553091173679e+03 1.054959912862619120e+01 1.397469185866049256e-03
3.269822868017157816e+03 1.055213359674502271e+01 1.400813571690621376e-03
3.269825182943142408e+03 1.054943015135138751e+01 1.397238845931773931e-03
3.269827497869126091e+03 1.054955939958350797e+01 1.396827182510215499e-03
3.269829812795110229e+03 1.055046730037717140e+01 1.399092912023201535e-03
3.269832127721094366e+03 1.055649869995515111e+01 1.404971076393033043e-03
3.269834442647078504e+03 1.055462328082672485e+01 1.402792585037960713e-03
3.269836757572597890e+03 1.055398807920896509e+01 1.401962809874150685e-03
3.269839072498581572e+03 1.055080048657911540e+01 1.397602053821025070e-03
3.269841387424565255e+03 1.055848092852051678e+01 1.407104903762954398e-03
3.269843702350549847e+03 1.055624196112368018e+01 1.405184698272814864e-03
3.269846017276068778e+03 1.055461164780070327e+01 1.401810338253295027e-03
3.269848332202052916e+03 1.055466541921969181e+01 1.401904076181926693e-03
3.269850647127570937e+03 1.055536954356871782e+01 1.402625717597980612e-03
3.269852962053555530e+03 1.055300290239753558e+01 1.399546016814074431e-03
3.269855276979540122e+03 1.055863403458341487e+01 1.405822320863800738e-03
3.269857591905058598e+03 1.055611718865152326e+01 1.403057494051184817e-03
3.269859906830577529e+03 1.055965551725485341e+01 1.407365182041343853e-03
3.269862221756560302e+03 1.055795341076273175e+01 1.403820724240634546e-03
3.269864536682078324e+03 1.055994487170756813e+01 1.407850567523980922e-03
3.269866851608062461e+03 1.055535331266124466e+01 1.402511210558084155e-03
3.269869166533581847e+03 1.055813331134688227e+01 1.405091856759740866e-03
3.269871481459100323e+03 1.055979473366320676e+01 1.406993573242730240e-03
3.269873796384618799e+03 1.055934380419411411e+01 1.406687546330035029e-03
3.269876111310603392e+03 1.056068481011091187e+01 1.407647796052500112e-03
3.269878426236121413e+03 1.056191459689452472e+01 1.408393033545962203e-03
3.269880741161640799e+03 1.056224782414123808e+01 1.409749558483537699e-03
3.269883056087159275e+03 1.055911273429605757e+01 1.404809479014142290e-03
3.269885371012676842e+03 1.056410156243999765e+01 1.411191190840431790e-03
3.269887685938195318e+03 1.056079912678181465e+01 1.407754820161744502e-03
3.269890000863714704e+03 1.056250979370665988e+01 1.409302141515679681e-03
3.269892315789233180e+03 1.056236162139872370e+01 1.408782112195411948e-03
3.269894630714752111e+03 1.056055166601882966e+01 1.407656324935440068e-03
3.269896945640270133e+03 1.056206453841090998e+01 1.408378795584605634e-03
3.269899260565789064e+03 1.056009883480128053e+01 1.405860081086980759e-03
3.269901575490841424e+03 1.056563015386220172e+01 1.412517006685023698e-03
3.269903890416360809e+03 1.056309496931542391e+01 1.409729983276679453e-03
3.269906205341878831e+03 1.056001087094986701e+01 1.405553903858580353e-03
3.269908520267396852e+03 1.056275521398737638e+01 1.409748854734476069e-03
3.269910835192449667e+03 1.056134709122791904e+01 1.407013178056023628e-03
3.269913150117969053e+03 1.056345331273750965e+01 1.409210943098711472e-03
3.269915465043022778e+03 1.056063606063833760e+01 1.407080914079780407e-03
3.269917779968540344e+03 1.056492480590543614e+01 1.411789364245387207e-03
3.269920094894058366e+03 1.055925178436492295e+01 1.405013494570204764e-03
3.269922409819110726e+03 1.055964592935280599e+01 1.405332592800194805e-03
3.269924724744163541e+03 1.056289295280449636e+01 1.409048901267713873e-03
3.269927039669682472e+03 1.056029663297240972e+01 1.406516738998592154e-03
3.269929354594734832e+03 1.056328034051142239e+01 1.409889050937391131e-03
3.269931669520253308e+03 1.055936025811494972e+01 1.405434913922245501e-03
3.269933984445307033e+03 1.055945728708998388e+01 1.404983044947482424e-03
3.269936299370358938e+03 1.055929055053050725e+01 1.404945629353241939e-03
3.269938614295411753e+03 1.056105969645092379e+01 1.407141164674582771e-03
3.269940929220931139e+03 1.055998233189200697e+01 1.406540554393076762e-03
3.269943244145984409e+03 1.055895482727076029e+01 1.407721399853961372e-03
3.269945559071036769e+03 1.056211879365513795e+01 1.410355707814722487e-03
3.269947873996089584e+03 1.055998626023535891e+01 1.406507486036727124e-03
3.269950188921142399e+03 1.055941223581234922e+01 1.405616460862393977e-03
3.269952503846195668e+03 1.055942898194715696e+01 1.406326758024245213e-03
3.269954818771248483e+03 1.056047531826085439e+01 1.408273302604788699e-03
3.269957133696301753e+03 1.055998577890367862e+01 1.406773750414060152e-03
3.269959448621354113e+03 1.055598871730179411e+01 1.402026623217065638e-03
3.269961763546406473e+03 1.055738713061677458e+01 1.403885727331821405e-03
3.269964078471460198e+03 1.055569212560001802e+01 1.401714411730846117e-03
3.269966393396513467e+03 1.055977232518649700e+01 1.407392107268247384e-03
3.269968708321100621e+03 1.056148191696193450e+01 1.409065257370506778e-03
3.269971023246152981e+03 1.055928295949786211e+01 1.406961745814509735e-03
3.269973338171205796e+03 1.055905978810884527e+01 1.406404314782443155e-03
3.269975653095792950e+03 1.055800573573097800e+01 1.404683927609333199e-03
3.269977968020844855e+03 1.055603275238989447e+01 1.402731862065020874e-03
3.269980282945898125e+03 1.055657877855328586e+01 1.403616709515933961e-03
3.269982597870484369e+03 1.055657213561296004e+01 1.403459007721837622e-03
3.269984912795537639e+03 1.055762691708370937e+01 1.405246304340596313e-03
3.269987227720124793e+03 1.055616314985459425e+01 1.403653990582210808e-03
3.269989542645178062e+03 1.055752039955509147e+01 1.404849641840625251e-03
3.269991857569766125e+03 1.055778191424825074e+01 1.405964599701177821e-03
3.269994172494352370e+03 1.055463266097813602e+01 1.402346723725280287e-03
3.269996487419405639e+03 1.055770332530205380e+01 1.405821741592637149e-03
3.269998802343992793e+03 1.055361895203054168e+01 1.400854987178819363e-03
3.270001117268580401e+03 1.055478893401070906e+01 1.402662569374122986e-03
3.270003432193633671e+03 1.055680058276750266e+01 1.404793899833298469e-03
3.270005747118219915e+03 1.055625991280035691e+01 1.404823342154366828e-03
3.270008062042807524e+03 1.055393344322967408e+01 1.401154402114077220e-03
3.270010376967395132e+03 1.055698785925448391e+01 1.405769556771618248e-03
3.270012691891982286e+03 1.055432165615939510e+01 1.403156068673906427e-03
3.270015006816569439e+03 1.055366814280995413e+01 1.401275425327622951e-03
3.270017321741156593e+03 1.055422190647812819e+01 1.402689837434497764e-03
3.270019636665743747e+03 1.055223133069109132e+01 1.399825315068308623e-03
3.270021951590330900e+03 1.054723290117750878e+01 1.393766086317698273e-03
3.270024266514918509e+03 1.055332237132428475e+01 1.400989463253955215e-03
3.270026581439506117e+03 1.055267614041154545e+01 1.400489137069962139e-03
3.270028896364093271e+03 1.055088219467642929e+01 1.398032944498578097e-03
3.270031211288680424e+03 1.054682633505993294e+01 1.393790182298091773e-03
3.270033526212800552e+03 1.055474201173758431e+01 1.403922754383878221e-03
3.270035841137387251e+03 1.055443898510211298e+01 1.402467558823155625e-03
3.270038156061974860e+03 1.055243868018819953e+01 1.401414278461288448e-03
3.270040470986096807e+03 1.055421952464450897e+01 1.403616855917696419e-03
3.270042785910684415e+03 1.055155774318904882e+01 1.399392150540765137e-03
3.270045100835271114e+03 1.055247447091791102e+01 1.401531173975431414e-03
3.270047415759393061e+03 1.055042449076088396e+01 1.398718925999095078e-03
3.270049730683979760e+03 1.055236043846727689e+01 1.401596113949148039e-03
3.270052045608101253e+03 1.054882226647595189e+01 1.396649298197615713e-03
3.270054360532688861e+03 1.054821110401050177e+01 1.396081758703111809e-03
3.270056675456809899e+03 1.054860690625812758e+01 1.396103494622925184e-03
3.270058990380931391e+03 1.055197313049830221e+01 1.399765656461381645e-03
3.270061305305518999e+03 1.054792940333414286e+01 1.395713431737290698e-03
3.270063620229641401e+03 1.054711968561598745e+01 1.394803607698101274e-03
3.270065935153762439e+03 1.055523604754810663e+01 1.404679768108334356e-03
3.270068250078349593e+03 1.055053919162761034e+01 1.398694247759403727e-03
3.270070565002471540e+03 1.055260328164270156e+01 1.400543942645482692e-03
3.270072879926593032e+03 1.054984448138957909e+01 1.397713670827707049e-03
3.270075194850714524e+03 1.055597779117111301e+01 1.405057917970451093e-03
3.270077509774836017e+03 1.054828385739337193e+01 1.395521594878302045e-03
3.270079824698957509e+03 1.055083299299876920e+01 1.399393221960162133e-03
3.270082139623078547e+03 1.055143312158471325e+01 1.400036764028378226e-03
3.270084454547200949e+03 1.054485857820202455e+01 1.390860213230421440e-03
3.270086769471322441e+03 1.055328448432814170e+01 1.401914876110738409e-03
3.270089084395443479e+03 1.055165330538411084e+01 1.399764134566339364e-03
3.270091399319564061e+03 1.055031177236415729e+01 1.398120644294036834e-03
3.270093714243685554e+03 1.055343441375483948e+01 1.401771002945468962e-03
3.270096029167341385e+03 1.055497104400580177e+01 1.403853050171926338e-03
3.270098344091463332e+03 1.055237545260933096e+01 1.400113879206188678e-03
3.270100659015584824e+03 1.055188033472636278e+01 1.399305189329256693e-03
3.270102973939240655e+03 1.054936344265686721e+01 1.395511879939490951e-03
3.270105288863362603e+03 1.055611894094931991e+01 1.404711543673604944e-03
3.270107603787484550e+03 1.055370892748219980e+01 1.401169222278262055e-03
3.270109918711140381e+03 1.055641815694910335e+01 1.404379762235873899e-03
3.270112233635261873e+03 1.055920559403128678e+01 1.408237634558679808e-03
3.270114548558917704e+03 1.055729185488979027e+01 1.405689609444176662e-03
3.270116863483040106e+03 1.055727333712907878e+01 1.405683861906490426e-03
3.270119178406695482e+03 1.055866190253066250e+01 1.407294997143438689e-03
3.270121493330816520e+03 1.055631192547761188e+01 1.404067025797008789e-03
3.270123808254473261e+03 1.055511764575423150e+01 1.402356114331423454e-03
3.270126123178129546e+03 1.055707265542572060e+01 1.404759656614609472e-03
3.270128438101784923e+03 1.055500864695392771e+01 1.402423830461732449e-03
3.270130753025905960e+03 1.055321693764768121e+01 1.399563506086440052e-03
3.270133067949562246e+03 1.055870254594132085e+01 1.405339191361887948e-03
3.270135382873218532e+03 1.055831012391266199e+01 1.406098447524511746e-03
3.270137697796874818e+03 1.055200137240279545e+01 1.398552123679319562e-03
3.270140012720530649e+03 1.055847644069227087e+01 1.406516759658573692e-03
3.270142327644186025e+03 1.056004668936221513e+01 1.407671978080072108e-03
3.270144642567840947e+03 1.055647795887449725e+01 1.403346753850086932e-03
3.270146957491496323e+03 1.055762340992573911e+01 1.404918551137364921e-03
3.270149272415152609e+03 1.055690315088344988e+01 1.404099516641186228e-03
3.270151587338808895e+03 1.055662683685139669e+01 1.403377338391692411e-03
3.270153902262463816e+03 1.055342315457589564e+01 1.400244610816781627e-03
3.270156217186119648e+03 1.055960620990934551e+01 1.407010343411187279e-03
3.270158532109775933e+03 1.055569228025673212e+01 1.402125404273260210e-03
3.270160847032966558e+03 1.055523153085351495e+01 1.401937521771351187e-03
3.270163161956622389e+03 1.055701689237923624e+01 1.404035045793736733e-03
3.270165476880278220e+03 1.055644314879143764e+01 1.402588820923302178e-03
3.270167791803468390e+03 1.055377675021079753e+01 1.399691238174493582e-03
3.270170106727124676e+03 1.056288843222026586e+01 1.410032855146271151e-03
3.270172421650780507e+03 1.055927109356106541e+01 1.405873435177094422e-03
3.270174736573971131e+03 1.055734768359648079e+01 1.403397829123035657e-03
3.270177051497626508e+03 1.055663576103815338e+01 1.402908469890899864e-03
3.270179366420816223e+03 1.055650148703160340e+01 1.402672065391534625e-03
3.270181681344006847e+03 1.056302056065745631e+01 1.410744848513025484e-03
3.270183996267663588e+03 1.056003111612563572e+01 1.406434809265773994e-03
3.270186311190853303e+03 1.055935403851367127e+01 1.405941203682844424e-03
3.270188626114043018e+03 1.055928019426422715e+01 1.405330117023192342e-03
3.270190941037699304e+03 1.055533985904179062e+01 1.401470786994498795e-03
3.270193255960889473e+03 1.056196181283607771e+01 1.408768069642560728e-03
3.270195570884079643e+03 1.056170019262838622e+01 1.408501206893483619e-03
3.270197885807270723e+03 1.055970334551981793e+01 1.406639147002951371e-03
3.270200200730460438e+03 1.055830703218542510e+01 1.405129729346580062e-03
3.270202515654115814e+03 1.055827056491311922e+01 1.404613682066741497e-03
3.270204830577305529e+03 1.055628636809759868e+01 1.401492035427326496e-03
3.270207145500495244e+03 1.056499164259775192e+01 1.412239593851565174e-03
3.270209460423685869e+03 1.055872674044968917e+01 1.404119952317274848e-03
3.270211775346410832e+03 1.056575477797268015e+01 1.413008166743750420e-03
3.270214090269601456e+03 1.055997644662359036e+01 1.405400370353933294e-03
3.270216405192791171e+03 1.056450100519080948e+01 1.411533266403673615e-03
3.270218720115981341e+03 1.056111419023437570e+01 1.407441430126053859e-03
3.270221035039171966e+03 1.056541178316510710e+01 1.411871685683546923e-03
3.270223349962363045e+03 1.056343667544576803e+01 1.409239950436134373e-03
3.270225664885087554e+03 1.056251493276883835e+01 1.408240221891783649e-03
3.270227979808277269e+03 1.056255977945728119e+01 1.407731845950107663e-03
3.270230294731467438e+03 1.056482102072867590e+01 1.410707530326499272e-03
3.270232609654191947e+03 1.056684851318053653e+01 1.413254953877655538e-03
3.270234924577382571e+03 1.056343870197771295e+01 1.408181789337227194e-03
3.270237239500107535e+03 1.056246131622875595e+01 1.407281434666313386e-03
3.270239554423296795e+03 1.056708895694163886e+01 1.413188852568441310e-03
3.270241869346021303e+03 1.056371998148932434e+01 1.408931751992209807e-03
3.270244184269211928e+03 1.056478545519048851e+01 1.408777490886584148e-03
3.270246499191937801e+03 1.056892690689407388e+01 1.414662295446702817e-03
3.270248814114661400e+03 1.056909322862499678e+01 1.414734533694961879e-03
3.270251129037851570e+03 1.056445352454180231e+01 1.408089320582900025e-03
3.270253443960576533e+03 1.056750781274281614e+01 1.412633947858216339e-03
3.270255758883301041e+03 1.056845122293044525e+01 1.412557755361143908e-03
3.270258073806025095e+03 1.056819574454172184e+01 1.412595570268214158e-03
3.270260388728749149e+03 1.057040707161083049e+01 1.415087504110055768e-03
3.270262703651473203e+03 1.057061929608759776e+01 1.416190290005413461e-03
3.270265018574663372e+03 1.057201214729761851e+01 1.415940189088774667e-03
3.270267333497387881e+03 1.057331482535167488e+01 1.418063988010489834e-03
3.270269648420112389e+03 1.057008851844149433e+01 1.413788275163635824e-03
3.270271963342372146e+03 1.057413420254310488e+01 1.418356002650080416e-03
3.270274278265096655e+03 1.056887129560078442e+01 1.411562445404894277e-03
3.270276593187821618e+03 1.057515459420296366e+01 1.420126117944343815e-03
3.270278908110545672e+03 1.057231711543596830e+01 1.416392713737693555e-03
3.270281223033270180e+03 1.057501594978411674e+01 1.419225083841374252e-03
3.270283537955995143e+03 1.057578536343151221e+01 1.420338097187959009e-03
3.270285852878253536e+03 1.057337107106634733e+01 1.417524745230292274e-03
3.270288167800978954e+03 1.057515972280713079e+01 1.419265585123122330e-03
3.270290482723703008e+03 1.057421776228704680e+01 1.418236151590796575e-03
3.270292797645961400e+03 1.057576793939298199e+01 1.419398432722622592e-03
3.270295112568686818e+03 1.057634627903907898e+01 1.420596788623623968e-03
3.270297427490945665e+03 1.057586412702614354e+01 1.419479741345870509e-03
3.270299742413670629e+03 1.057844335480201181e+01 1.422643296919094908e-03
3.270302057335929021e+03 1.057811608912106038e+01 1.421377624630971656e-03
3.270304372258653530e+03 1.058032088451831854e+01 1.424274479521632150e-03
3.270306687180912377e+03 1.058092250806354784e+01 1.425173490285792498e-03
3.270309002103637795e+03 1.057893602389043863e+01 1.422970138930795868e-03
3.270311317025896642e+03 1.058061276982702559e+01 1.424796221009377774e-03
3.270313631948154580e+03 1.058154909777579356e+01 1.426154475738675674e-03
3.270315946870412517e+03 1.058035201613233411e+01 1.424212532019979941e-03
3.270318261793137481e+03 1.057927587828028493e+01 1.422921869059026300e-03
3.270320576715396783e+03 1.058363548965657408e+01 1.428163217907646226e-03
3.270322891637655630e+03 1.058229969256960601e+01 1.427004694720714496e-03
3.270325206559914022e+03 1.058011535948039494e+01 1.423249017312868065e-03
3.270327521482172415e+03 1.058008451038043951e+01 1.422944628164822881e-03
3.270329836404432172e+03 1.058183165383243818e+01 1.424210433263820193e-03
3.270332151326691474e+03 1.058205704497843769e+01 1.425699104780876140e-03
3.270334466248949866e+03 1.058168200245199309e+01 1.425232477355336917e-03
3.270336781171208713e+03 1.057919491573865756e+01 1.421711665497054147e-03
3.270339096093467560e+03 1.058355039628487582e+01 1.426278266079335872e-03
3.270341411015261656e+03 1.058468683209365580e+01 1.427166332807956219e-03
3.270343725937520503e+03 1.058166728231639198e+01 1.424440780398574446e-03
3.270346040859779350e+03 1.058221212898749464e+01 1.425019205571373534e-03
3.270348355782038198e+03 1.059023057680672331e+01 1.434318104084066851e-03
3.270350670703831838e+03 1.058597239646324795e+01 1.429085185142707232e-03
3.270352985626090685e+03 1.058607981696975742e+01 1.428987825951826517e-03
3.270355300547883417e+03 1.058765796350509980e+01 1.430149559511431894e-03
3.270357615470143173e+03 1.058479259584006371e+01 1.426899575796877978e-03
3.270359930391936359e+03 1.058863363554273285e+01 1.432137721083513423e-03
3.270362245314195661e+03 1.058583662315120399e+01 1.429874015612667224e-03
3.270364560235987938e+03 1.058561215886013329e+01 1.427153856321772187e-03
3.270366875158247240e+03 1.058953653778068471e+01 1.433074421985028194e-03
3.270369190080040426e+03 1.059128266754751913e+01 1.434497182728094013e-03
3.270371505001833611e+03 1.058531519055997450e+01 1.426614149845821392e-03
3.270373819924092004e+03 1.058779226343635216e+01 1.428421668427649416e-03
3.270376134845884735e+03 1.058546447607472629e+01 1.426973963766707933e-03
3.270378449767678376e+03 1.058634274474676573e+01 1.428415280390432597e-03
3.270380764689471562e+03 1.058648920014781680e+01 1.427994074215968795e-03
3.270383079611264293e+03 1.058901359039085044e+01 1.430877654810956212e-03
3.270385394533057934e+03 1.058776149872913308e+01 1.429714353828250451e-03
3.270387709454851120e+03 1.059166933764641527e+01 1.434010671467825021e-03
3.270390024376643851e+03 1.059332063321368977e+01 1.435514770528305154e-03
3.270392339298437946e+03 1.059203061817257918e+01 1.433807291682535597e-03
3.270394654220231587e+03 1.058672798072031185e+01 1.427255876970531887e-03
3.270396969142024318e+03 1.059060753920979359e+01 1.432513786676152881e-03
3.270399284063817504e+03 1.059216130299026837e+01 1.433700283765753074e-03
3.270401598985610690e+03 1.058999643108352373e+01 1.431100660502271403e-03
3.270403913907403876e+03 1.059039352020671565e+01 1.432385860118852872e-03
3.270406228828731400e+03 1.058792953552974758e+01 1.429064425633324665e-03
3.270408543750525041e+03 1.059159693089119969e+01 1.432486080354884164e-03
3.270410858672318682e+03 1.059225701460007762e+01 1.433688781768000181e-03
3.270413173593646661e+03 1.059240886182054631e+01 1.434344728206814667e-03
3.270415488515438938e+03 1.059192492013469256e+01 1.434106969145952388e-03
3.270417803436767372e+03 1.059218320723919504e+01 1.434054301548958474e-03
3.270420118358560558e+03 1.059671220759559596e+01 1.438922939141923547e-03
3.270422433279888082e+03 1.059396448330621787e+01 1.436408287535470389e-03
3.270424748201681723e+03 1.059436657291514372e+01 1.436625020222778715e-03
3.270427063123007883e+03 1.059072853027863914e+01 1.431826481358103309e-03
3.270429378044335408e+03 1.059247059445869432e+01 1.433937066522612651e-03
3.270431692966128594e+03 1.059018930716374918e+01 1.430396584811776924e-03
3.270434007887455664e+03 1.059356066048226808e+01 1.435469806838830104e-03
3.270436322808784098e+03 1.059158965725345425e+01 1.432364897545793103e-03
3.270438637730111168e+03 1.059360100070802702e+01 1.434897402409572543e-03
3.270440952651904809e+03 1.059464942696726020e+01 1.436650656536427473e-03
3.270443267573231878e+03 1.059360534118334840e+01 1.435406816825979433e-03
3.270445582494560767e+03 1.059084603147828219e+01 1.431618425238629418e-03
3.270447897415887383e+03 1.059146620077447842e+01 1.432247056644998795e-03
3.270450212337214907e+03 1.059213721220384485e+01 1.433611849587874010e-03
3.270452527258542432e+03 1.059147875080826573e+01 1.432849666821046659e-03
3.270454842179870866e+03 1.059301233569094158e+01 1.434297382951848577e-03
3.270457157100732729e+03 1.058893828898873046e+01 1.429220769950870565e-03
3.270459472022060709e+03 1.059578711445612420e+01 1.437957615592559473e-03
3.270461786943387779e+03 1.059508483528594880e+01 1.437492002703542968e-03
3.270464101864715303e+03 1.059284340260498603e+01 1.433819240481342110e-03
3.270466416785577621e+03 1.059254493167317079e+01 1.434283776340769187e-03
3.270468731706904691e+03 1.059208558900819952e+01 1.434028451624688554e-03
3.270471046628233125e+03 1.059280188065182671e+01 1.435195357565055910e-03
3.270473361549095443e+03 1.059315280822218597e+01 1.434544587493219057e-03
3.270475676470422968e+03 1.059238315010714615e+01 1.434443359467675550e-03
3.270477991391283922e+03 1.058811117654730616e+01 1.429181930687699721e-03
3.270480306312612811e+03 1.059098471358036342e+01 1.432770159083579953e-03
3.270482621233473310e+03 1.059571397677700588e+01 1.437877849233922499e-03
3.270484936154800380e+03 1.059062036810850316e+01 1.432908244398625785e-03
3.270487251075662698e+03 1.058897606584056383e+01 1.430215743618508872e-03
3.270489565996524107e+03 1.058792791570925118e+01 1.428516774763522986e-03
3.270491880917852086e+03 1.058951088845649302e+01 1.431229362561137154e-03
3.270494195838713495e+03 1.058946762074147685e+01 1.431033283728291470e-03
3.270496510759575358e+03 1.058771071913267647e+01 1.428737061936896820e-03
3.270498825680438131e+03 1.059111148355006549e+01 1.433640875587075848e-03
3.270501140601299539e+03 1.058572431733335151e+01 1.426982101134248579e-03
3.270503455522161403e+03 1.059092090163614053e+01 1.433021145877961004e-03
3.270505770443023721e+03 1.058668039218240686e+01 1.428749333798094408e-03
3.270508085363885584e+03 1.058883765269390764e+01 1.431482053857281028e-03
3.270510400284747448e+03 1.058963979697805868e+01 1.432037183718336704e-03
3.270512715205608856e+03 1.058490850012484330e+01 1.426081222591016632e-03
3.270515030126471629e+03 1.058900778776399854e+01 1.431957304638172739e-03
3.270517345047333492e+03 1.058927918241098531e+01 1.431299725002753388e-03
3.270519659968195811e+03 1.058119290399298862e+01 1.422068447037028345e-03
3.270521974889057674e+03 1.058372896294311971e+01 1.424876216759610528e-03
3.270524289809453421e+03 1.058319991780113867e+01 1.424664514366892360e-03
3.270526604730314830e+03 1.058618636559192616e+01 1.429031172457224811e-03
3.270528919651177603e+03 1.059033767711539831e+01 1.433255255243668248e-03
3.270531234571573805e+03 1.058362970654823876e+01 1.425728059760157781e-03
3.270533549492436123e+03 1.058678229162004136e+01 1.429997890126315663e-03
3.270535864412832780e+03 1.058568409867735838e+01 1.428097533085031330e-03
3.270538179333694643e+03 1.058256418860879933e+01 1.423663153253041042e-03
3.270540494254089481e+03 1.058477820326138108e+01 1.427268948253827873e-03
3.270542809174951799e+03 1.058332965424337857e+01 1.425787588533782013e-03
3.270545124095347546e+03 1.058688369914890437e+01 1.429980807114385926e-03
3.270547439015743294e+03 1.058352501604965745e+01 1.426316566556154594e-03
3.270549753936606066e+03 1.058649686226955566e+01 1.430070237781535863e-03
3.270552068857001359e+03 1.058120421863640459e+01 1.423406075671610578e-03
3.270554383777397561e+03 1.058461407200302951e+01 1.428427192053102280e-03
3.270556698697794673e+03 1.058338662105077077e+01 1.425588963762050186e-03
3.270559013618191784e+03 1.058338961936605749e+01 1.426180672625709670e-03
3.270561328538587532e+03 1.058532250129036001e+01 1.428026381780769533e-03
3.270563643458982824e+03 1.058445083796349095e+01 1.428058117581327115e-03
3.270565958379379481e+03 1.057608711027042325e+01 1.417773871667807589e-03
3.270568273299776138e+03 1.058104095512208431e+01 1.423768117733003637e-03
3.270570588220172795e+03 1.058309257348050991e+01 1.426378270738944999e-03
3.270572903140569451e+03 1.058270429565805237e+01 1.426175088655708655e-03
3.270575218060965199e+03 1.058141764431060849e+01 1.424470564053147018e-03
3.270577532981361401e+03 1.058059279015101950e+01 1.424434375122700077e-03
3.270579847901758058e+03 1.057978730253508459e+01 1.423174382793002731e-03
3.270582162821688598e+03 1.057937680337546915e+01 1.422118794071914770e-03
3.270584477742085255e+03 1.057936827282823344e+01 1.421891647099871080e-03
3.270586792662481457e+03 1.057846946619216233e+01 1.421591688237430415e-03
3.270589107582412453e+03 1.058206180669833429e+01 1.426056723482314187e-03
3.270591422502808200e+03 1.057609226898734534e+01 1.419030750473587515e-03
3.270593737422738741e+03 1.057839725115058016e+01 1.421807147314645700e-03
3.270596052343134488e+03 1.057577624913513503e+01 1.418523236686432699e-03
3.270598367263064574e+03 1.058318770361840500e+01 1.427324004244962452e-03
3.270600682183460776e+03 1.057893689773887047e+01 1.422870621131586827e-03
3.270602997103390862e+03 1.057745295755019299e+01 1.420918825843241196e-03
3.270605312023322767e+03 1.057994205838023838e+01 1.423163174134121044e-03
3.270607626943252399e+03 1.057120865975106128e+01 1.413076477057305857e-03
3.270609941863649055e+03 1.058105936953617920e+01 1.424767472643731839e-03
3.270612256783580051e+03 1.057764170644806612e+01 1.420801993056099340e-03
3.270614571703510137e+03 1.057628604232806424e+01 1.419805696720769948e-03
3.270616886623440223e+03 1.057841258621200353e+01 1.422444678269968758e-03
3.270619201543371673e+03 1.057860461084155901e+01 1.422330339319538258e-03
3.270621516463302214e+03 1.057787981197361837e+01 1.421912979354333960e-03
3.270623831383232755e+03 1.057985136566784767e+01 1.424047770724927789e-03
3.270626146303162841e+03 1.057905987802603853e+01 1.423319671780782841e-03
3.270628461223093836e+03 1.057609557678510726e+01 1.418924190431729640e-03
3.270630776143024377e+03 1.057490858573988746e+01 1.418275616111305511e-03
3.270633091062955373e+03 1.057777189213597957e+01 1.422513501195156590e-03
3.270635405982885914e+03 1.057757324090038686e+01 1.421996006772109373e-03
3.270637720902351248e+03 1.057696206087344137e+01 1.421362484114798612e-03
3.270640035822281789e+03 1.057517171760559016e+01 1.418457861223883145e-03
3.270642350742211875e+03 1.057636557201899130e+01 1.421291345396088991e-03
3.270644665661677209e+03 1.057504732843587369e+01 1.419404180697987150e-03
3.270646980581607750e+03 1.057738857251596087e+01 1.421232598494156932e-03
3.270649295501073084e+03 1.057395650222632000e+01 1.418284975824028911e-03
3.270651610421003170e+03 1.057210011468424682e+01 1.414988829807517457e-03
3.270653925340467140e+03 1.057157458322048527e+01 1.415369813706372120e-03
3.270656240260397681e+03 1.057611668863651921e+01 1.419871137158291085e-03
3.270658555179863015e+03 1.057452642069176996e+01 1.418072481944115514e-03
3.270660870099327440e+03 1.057260865289108231e+01 1.416033810522331895e-03
3.270663185019258890e+03 1.057709339365817414e+01 1.421736253660686256e-03
3.270665499938722860e+03 1.057441410698380757e+01 1.418524661532895520e-03
3.270667814858187739e+03 1.057544164263528685e+01 1.419935282845861090e-03
3.270670129777653528e+03 1.057865638632387473e+01 1.423417923526188638e-03
3.270672444697118408e+03 1.057620707662125348e+01 1.420905423161345675e-03
3.270674759617049403e+03 1.057609010149237250e+01 1.421136961786108582e-03
3.270677074536513373e+03 1.057638073867241069e+01 1.420875560843008799e-03
3.270679389455978708e+03 1.057367154623008432e+01 1.417121875258405168e-03
3.270681704375444042e+03 1.057630746053351878e+01 1.421164286030825695e-03
3.270684019294443715e+03 1.057890845262224211e+01 1.425171005812560102e-03
3.270686334213909049e+03 1.057849272316866163e+01 1.422729592660529341e-03
3.270688649133373474e+03 1.057400142584239866e+01 1.417888515833022091e-03
3.270690964052839263e+03 1.057601379420012755e+01 1.420426731402359491e-03
3.270693278972303688e+03 1.057611859982679370e+01 1.419829503024313232e-03
3.270695593891302451e+03 1.057298710756619542e+01 1.416456871843516834e-03
3.270697908810768240e+03 1.057880083539883209e+01 1.423031507478696818e-03
3.270700223730233574e+03 1.057479259594191490e+01 1.418520434470987770e-03
3.270702538649232338e+03 1.057905819615105614e+01 1.423867688357819197e-03
3.270704853568697217e+03 1.057943228672488800e+01 1.424887371781671753e-03
3.270707168487696435e+03 1.057703041152627144e+01 1.421341173135480789e-03
3.270709483407160860e+03 1.058265035023497980e+01 1.428071454447731340e-03
3.270711798326160078e+03 1.057894795506672914e+01 1.422719983137360391e-03
3.270714113245624958e+03 1.058013412718148771e+01 1.423879112991919930e-03
3.270716428164623721e+03 1.058190671944377215e+01 1.426901942238713653e-03
3.270718743083623394e+03 1.057851783965703518e+01 1.421857653748893240e-03
3.270721058003087819e+03 1.057962022284785064e+01 1.423062716696164983e-03
3.270723372922087492e+03 1.058114446113324547e+01 1.425389611382201155e-03
3.270725687841087165e+03 1.058138629831563371e+01 1.424993664302578924e-03
3.270728002760085474e+03 1.057738137461461037e+01 1.420191498509027362e-03
3.270730317679084692e+03 1.057877812998672162e+01 1.421526870725600125e-03
3.270732632598084820e+03 1.057828438480241218e+01 1.420990703976502973e-03
3.270734947517084493e+03 1.058108338592649389e+01 1.423132599236390239e-03
3.270737262436083711e+03 1.058591110311408912e+01 1.429030263335606546e-03
3.270739577355082474e+03 1.058405128744115054e+01 1.426775184370718264e-03
3.270741892274082602e+03 1.058812373857152878e+01 1.432220347873183709e-03
3.270744207193080911e+03 1.058135537963921635e+01 1.423273127010882787e-03
3.270746522112080584e+03 1.058595025876401685e+01 1.428484076219894809e-03
3.270748837030614595e+03 1.058688658358871315e+01 1.430423776495435553e-03
3.270751151949613813e+03 1.058204334124411972e+01 1.423272609804119909e-03
3.270753466868613486e+03 1.058718421380792662e+01 1.429086382830254678e-03
3.270755781787612250e+03 1.058531902140178360e+01 1.426782094531039383e-03
3.270758096706145807e+03 1.058208810202050643e+01 1.423085565971110187e-03
3.270760411625145480e+03 1.058977770005845898e+01 1.432270258848582353e-03
3.270762726543678582e+03 1.058576381409306855e+01 1.426930270918469815e-03
3.270765041462677345e+03 1.058896944122164818e+01 1.431322409054073229e-03
3.270767356381209993e+03 1.058926139517685172e+01 1.431150905463350956e-03
3.270769671299744459e+03 1.059157989825175861e+01 1.433828236095974424e-03
3.270771986218743677e+03 1.058923152167866633e+01 1.431777038285359221e-03
3.270774301137276780e+03 1.059162973791052487e+01 1.433683977832484304e-03
3.270776616055811246e+03 1.059572435073184948e+01 1.439223624184275555e-03
3.270778930974810010e+03 1.059328797503755482e+01 1.434901273410283057e-03
3.270781245893343566e+03 1.059287535738370778e+01 1.434501624999550079e-03
3.270783560811877578e+03 1.059318613660252240e+01 1.434745036188512981e-03
3.270785875730411590e+03 1.059630991293546387e+01 1.438202214535464233e-03
3.270788190648945147e+03 1.059362881818608138e+01 1.433898092332045295e-03
3.270790505567478249e+03 1.059711038850516118e+01 1.438813022575581319e-03
3.270792820486012715e+03 1.059453359653668514e+01 1.436177689289351578e-03
3.270795135404545363e+03 1.059651338942724408e+01 1.437252760855819945e-03
3.270797450323079374e+03 1.059830928361009938e+01 1.440257224534424816e-03
3.270799765241612931e+03 1.059358833971177205e+01 1.434313005371254651e-03
3.270802080159681282e+03 1.059914626311389441e+01 1.439976531134868221e-03
3.270804395078215748e+03 1.059686006324719543e+01 1.436952940427167150e-03
3.270806709996748395e+03 1.060023325908056080e+01 1.442236462071597950e-03
3.270809024915282407e+03 1.059759687350625867e+01 1.438012168519756540e-03
3.270811339833350758e+03 1.060009938878246416e+01 1.440258490227309517e-03
3.270813654751884314e+03 1.060098570378936067e+01 1.441250237347475914e-03
3.270815969669952665e+03 1.059826227155366496e+01 1.437210399615433806e-03
3.270818284588485767e+03 1.060107396075855490e+01 1.442286436448702355e-03
3.270820599506552753e+03 1.059929743900852372e+01 1.438883756194848668e-03
3.270822914425085855e+03 1.060269574046283303e+01 1.443456588622638124e-03
3.270825229343154206e+03 1.060166224680034119e+01 1.441019336153845408e-03
3.270827544261222556e+03 1.060405655750871468e+01 1.443594177904475306e-03
3.270829859179755658e+03 1.060488321757880747e+01 1.446796173191081027e-03
3.270832174097824009e+03 1.060643833324051499e+01 1.446595783456785947e-03
3.270834489015891450e+03 1.060467551942911690e+01 1.444643875540575816e-03
3.270836803933959345e+03 1.060612888081961636e+01 1.444800251456998877e-03
3.270839118852028150e+03 1.060686222251179522e+01 1.446233654002437169e-03
3.270841433770096501e+03 1.060170655962860664e+01 1.439751661839014764e-03
3.270843748688630058e+03 1.060510303628075590e+01 1.443945648541913613e-03
3.270846063606697498e+03 1.061052893235980399e+01 1.450492512251482609e-03
3.270848378524299733e+03 1.060859365286477818e+01 1.448013739464977263e-03
3.270850693442368083e+03 1.061127832567662388e+01 1.450374473753943778e-03
3.270853008360435524e+03 1.060999402764213606e+01 1.448193938567124807e-03
3.270855323278503874e+03 1.060652786529688285e+01 1.445233360798658072e-03
3.270857638196571315e+03 1.060728195156694653e+01 1.445576387310078823e-03
3.270859953114639211e+03 1.060998333976836072e+01 1.449055250592412364e-03
3.270862268032241900e+03 1.061035520877931937e+01 1.449246283506605516e-03
3.270864582950310250e+03 1.061048790781451068e+01 1.449795419081315040e-03
3.270866897867912485e+03 1.061070167971081979e+01 1.449435407949995619e-03
3.270869212785979926e+03 1.061028246192844904e+01 1.449450965296008838e-03
3.270871527704048276e+03 1.061315378566828471e+01 1.452427939483065186e-03
3.270873842621650965e+03 1.061843274831669248e+01 1.458716684852063824e-03
3.270876157539252745e+03 1.061216649530083878e+01 1.450817874511992631e-03
3.270878472457320640e+03 1.060913993344006201e+01 1.446233463652887895e-03
3.270880787374922420e+03 1.060954346356471767e+01 1.449008399565058884e-03
3.270883102292990770e+03 1.061224294259817924e+01 1.451107047159599017e-03
3.270885417210592550e+03 1.060978821405614880e+01 1.446757334123007594e-03
3.270887732128194330e+03 1.061266315579187314e+01 1.450966757980465217e-03
3.270890047045797019e+03 1.061498804634081061e+01 1.454095953473404697e-03
3.270892361963399708e+03 1.061361491714805183e+01 1.452743149044044731e-03
3.270894676881001942e+03 1.061590838385278168e+01 1.455558677374879520e-03
3.270896991798604176e+03 1.061261476013618932e+01 1.452349926623213404e-03
3.270899306716206411e+03 1.061219511503584201e+01 1.451277256450195230e-03
3.270901621633809100e+03 1.061634657800705739e+01 1.456979462123881653e-03
3.270903936551411789e+03 1.061291390263163592e+01 1.451717881419592416e-03
3.270906251469014023e+03 1.060988571268545932e+01 1.448323509845545181e-03
3.270908566386615348e+03 1.061364811020870924e+01 1.453166379863445263e-03
3.270910881304217583e+03 1.061298408341497890e+01 1.452668922064776803e-03
3.270913196221820726e+03 1.060629279185513241e+01 1.444282498519509385e-03
3.270915511138957299e+03 1.060814742073141304e+01 1.445964512064847442e-03
3.270917826056559989e+03 1.061241511365125589e+01 1.451494754330799651e-03
3.270920140974162678e+03 1.060932870480515966e+01 1.447955970162818039e-03
3.270922455891299705e+03 1.061290404020179423e+01 1.453569433217247490e-03
3.270924770808901030e+03 1.061355960797574838e+01 1.453331743869454079e-03
3.270927085726038513e+03 1.060594244538189201e+01 1.444130461940658101e-03
3.270929400643640292e+03 1.061234688163862394e+01 1.452568437755198411e-03
3.270931715560777775e+03 1.060780643659978573e+01 1.446603323968986918e-03
3.270934030477913439e+03 1.060590404083844618e+01 1.444610800911522250e-03
3.270936345395514763e+03 1.060961250578712622e+01 1.449316242152152686e-03
3.270938660312651336e+03 1.060953358126337953e+01 1.450002337385058191e-03
3.270940975229787909e+03 1.060684723449414868e+01 1.445895651415673132e-03
3.270943290146924483e+03 1.060471064930040797e+01 1.443564043423907310e-03
3.270945605064527626e+03 1.060450025301942034e+01 1.443774346556110080e-03
3.270947919981663290e+03 1.060605568656534636e+01 1.445487444361706576e-03
3.270950234898800772e+03 1.060748454373473493e+01 1.447460408868942415e-03
3.270952549815936891e+03 1.060531637113348680e+01 1.444639769342989438e-03
3.270954864733074373e+03 1.060643156389490116e+01 1.446792337892437467e-03
3.270957179650210492e+03 1.060406423059733427e+01 1.444460984496974019e-03
3.270959494566880949e+03 1.060720935947384014e+01 1.448081952317084066e-03
3.270961809484018431e+03 1.060514968011855785e+01 1.446293441277694911e-03
3.270964124401155004e+03 1.060632406134684835e+01 1.447236849888077414e-03
3.270966439318291577e+03 1.060375389445261973e+01 1.443657525608235855e-03
3.270968754235428605e+03 1.060332183973661024e+01 1.444007044808849746e-03
3.270971069152099517e+03 1.060186384205981547e+01 1.441968349240843779e-03
3.270973384069236545e+03 1.060174542532386788e+01 1.442508975453884231e-03
3.270975698985907002e+03 1.060022726444359265e+01 1.440030844019721647e-03
3.270978013903043575e+03 1.060339572392781626e+01 1.444107853639593937e-03
3.270980328819714487e+03 1.059800818679327250e+01 1.438003875524863093e-03
3.270982643736851514e+03 1.059566254747421610e+01 1.435473249372972186e-03
3.270984958653522881e+03 1.059697617346299126e+01 1.436843979872687695e-03
3.270987273570658999e+03 1.059632441018615623e+01 1.436558676513412236e-03
3.270989588487329002e+03 1.059856926005668143e+01 1.440007989532126470e-03
3.270991903403999459e+03 1.060005424960244724e+01 1.441882400363878785e-03
3.270994218320670370e+03 1.059178722842848863e+01 1.432120443088381575e-03
3.270996533237807398e+03 1.059325071943212571e+01 1.434559279045233499e-03
3.270998848154477855e+03 1.059465977524894598e+01 1.435837813165377619e-03
3.271001163071148767e+03 1.059311257295004438e+01 1.433968867525648632e-03
3.271003477987820588e+03 1.059122691732660826e+01 1.432349690445100911e-03
3.271005792904491500e+03 1.059260741125222438e+01 1.434293404710702997e-03
3.271008107821162412e+03 1.059508149462584647e+01 1.437175477690942312e-03
3.271010422737833323e+03 1.058939012680416170e+01 1.430341028248398316e-03
3.271012737654505145e+03 1.058891987902205933e+01 1.430321784006372650e-03
3.271015052570709486e+03 1.059441941536348963e+01 1.436483594043795825e-03
3.271017367487380398e+03 1.059113956300951109e+01 1.433048618440349413e-03
3.271019682404052219e+03 1.059019227970784982e+01 1.432331814575229980e-03
3.271021997320723585e+03 1.059136322806105568e+01 1.434393853137819674e-03
3.271024312236928381e+03 1.058840859328611117e+01 1.431508263929710725e-03
3.271026627153598838e+03 1.058542086384016301e+01 1.427073984985667305e-03
3.271028942070270205e+03 1.058471248095971085e+01 1.426607324171216872e-03
3.271031256986475455e+03 1.058565889498509982e+01 1.428201276287391656e-03
3.271033571903147276e+03 1.058693368315001315e+01 1.430021251789251845e-03
3.271035886819352982e+03 1.058782464382459665e+01 1.432124275171991210e-03
3.271038201735557777e+03 1.058459105938393208e+01 1.427851757372676457e-03
3.271040516652228689e+03 1.058674322531256529e+01 1.430580294225966814e-03
3.271042831568433940e+03 1.058326562860426634e+01 1.426852022507798081e-03
3.271045146484639190e+03 1.058185143980071885e+01 1.425571374310195295e-03
3.271047461400844441e+03 1.057933175764881817e+01 1.422319777624667580e-03
3.271049776317514443e+03 1.058153565730824397e+01 1.424788511694184169e-03
3.271052091233720603e+03 1.057748978656922745e+01 1.419351093242297683e-03
3.271054406149924944e+03 1.058433935201463605e+01 1.428775845559563957e-03
3.271056721066130194e+03 1.058121196367927119e+01 1.425723720229593030e-03
3.271059035982335899e+03 1.057850085814140328e+01 1.422313726304094911e-03
3.271061350898542059e+03 1.058304264144130258e+01 1.428178790245675754e-03
3.271063665814746855e+03 1.057989995962143936e+01 1.424013969226711274e-03
3.271065980730952106e+03 1.057491836496882165e+01 1.418246336249327820e-03
3.271068295646691695e+03 1.057909236396668362e+01 1.423443183252635002e-03
3.271070610562896945e+03 1.057650984108023984e+01 1.420777919931519653e-03
3.271072925479102196e+03 1.057237069298583521e+01 1.415795272857120436e-03
3.271075240395307901e+03 1.057844863414180026e+01 1.423404481907190227e-03
3.271077555311047490e+03 1.057203833593187703e+01 1.415840972944029403e-03
3.271079870227252286e+03 1.057738339472708944e+01 1.422233200803181118e-03
3.271082185142992785e+03 1.057652139476697783e+01 1.421341403080080609e-03
3.271084500059198490e+03 1.057307362700806941e+01 1.417516584769316045e-03
3.271086814974938079e+03 1.057345930259990041e+01 1.417916540304958511e-03
3.271089129891143784e+03 1.057406123673104403e+01 1.419046587765517876e-03
3.271091444806882919e+03 1.057112778739774228e+01 1.415706871855555715e-03
3.271093759722622508e+03 1.057241096521826407e+01 1.416960982528364969e-03
3.271096074638827304e+03 1.057175575858534167e+01 1.416564686543506438e-03
3.271098389554567802e+03 1.057362762113694288e+01 1.418960127676170560e-03
3.271100704470307392e+03 1.057029341364003017e+01 1.414485522064105102e-03
3.271103019386046981e+03 1.056955326759071490e+01 1.414408927929084727e-03
3.271105334301784751e+03 1.056988423979964509e+01 1.415554069878723975e-03
3.271107649217524340e+03 1.057426860478628683e+01 1.420107485971489492e-03
3.271109964133264384e+03 1.057037680553943915e+01 1.416357417852596740e-03
3.271112279049004428e+03 1.056673302214460364e+01 1.411768184639628767e-03
3.271114593964744472e+03 1.056894372301273854e+01 1.415023602537803351e-03
3.271116908880483606e+03 1.056670964462288076e+01 1.412381884709424740e-03
3.271119223796223196e+03 1.056645136053220568e+01 1.411867999689507850e-03
3.271121538711962785e+03 1.056605503134169410e+01 1.411069659688517610e-03
3.271123853627236713e+03 1.056851246289354407e+01 1.414733087025659298e-03
3.271126168542977211e+03 1.057142825700487343e+01 1.417915400990334531e-03
3.271128483458716801e+03 1.056795443183417404e+01 1.413304760174386322e-03
3.271130798373990729e+03 1.056896984189990363e+01 1.415989496642076299e-03
3.271133113289729863e+03 1.056400927927010791e+01 1.409868909006898501e-03
3.271135428205004246e+03 1.056566817338517694e+01 1.411238671973556432e-03
3.271137743120743835e+03 1.056392304686130856e+01 1.409845078159596482e-03
3.271140058036017763e+03 1.056566529045558767e+01 1.411043307436679909e-03
3.271142372951758261e+03 1.056701322320228620e+01 1.413751750377195259e-03
3.271144687867031280e+03 1.056538209889687963e+01 1.411560881776126580e-03
3.271147002782306117e+03 1.056473207720936003e+01 1.410418404732261899e-03
3.271149317698046161e+03 1.056648264575493457e+01 1.413276315194305103e-03
3.271151632613319634e+03 1.056614480395618649e+01 1.413651784691891469e-03
3.271153947528594017e+03 1.056353207177246034e+01 1.409839766785009590e-03
3.271156262443867490e+03 1.056569437519170762e+01 1.413778715363870004e-03
3.271158577359141418e+03 1.056406665486321472e+01 1.410785979200728651e-03
3.271160892274414891e+03 1.056166758622913804e+01 1.408406794652889565e-03
3.271163207189688364e+03 1.056365795200052027e+01 1.410688884681924292e-03
3.271165522104963202e+03 1.056378129775068331e+01 1.410639719851017326e-03
3.271167837020237585e+03 1.055687885698612405e+01 1.402388885669262394e-03
3.271170151935511512e+03 1.056435369066892704e+01 1.411955487622526670e-03
3.271172466850784986e+03 1.056668753837787555e+01 1.414671740662897708e-03
3.271174781765593252e+03 1.055877730623610766e+01 1.404988268694987294e-03
3.271177096680867635e+03 1.056019241456004387e+01 1.406848975947427079e-03
3.271179411596141563e+03 1.056281648298790010e+01 1.410085228202503926e-03
3.271181726510949829e+03 1.056204973374980582e+01 1.409001622558273166e-03
3.271184041426223303e+03 1.055661682581093253e+01 1.402772429783455616e-03
3.271186356341031569e+03 1.055601346446386124e+01 1.401941809872459107e-03
3.271188671256305952e+03 1.055794073044074466e+01 1.404877990717228213e-03
3.271190986171114673e+03 1.056494300908910766e+01 1.413201470510765979e-03
3.271193301086389056e+03 1.056260236896267557e+01 1.410466628694230767e-03
3.271195616001197777e+03 1.055918444525829436e+01 1.406562176520858567e-03
3.271197930916006044e+03 1.056129076048372362e+01 1.408288193676970239e-03
3.271200245831279517e+03 1.055869014806680894e+01 1.405618710976634742e-03
3.271202560746087329e+03 1.055558619274775722e+01 1.403286846742058747e-03
3.271204875660896505e+03 1.055902237367135044e+01 1.406014333299670984e-03
3.271207190575704772e+03 1.055707172395841908e+01 1.403284790448599672e-03
3.271209505490513493e+03 1.056086731074147522e+01 1.408514854791762362e-03
3.271211820405320850e+03 1.055782826667416785e+01 1.405047210700878166e-03
3.271214135320129571e+03 1.055709666706817274e+01 1.404821154154238961e-03
3.271216450234937383e+03 1.056106997278627979e+01 1.409277203233558901e-03
3.271218765149745195e+03 1.055814922903973851e+01 1.404193896136715592e-03
3.271221080064553462e+03 1.055738924817254265e+01 1.405144030551275583e-03
3.271223394979361728e+03 1.055498782693930337e+01 1.401389858621712422e-03
3.271225709893704334e+03 1.055835773963024415e+01 1.405084573412778218e-03
3.271228024808513055e+03 1.056335215000166983e+01 1.411040920323958659e-03
3.271230339723321777e+03 1.056013370751417213e+01 1.407155882091503567e-03
3.271232654637663927e+03 1.055913470575619328e+01 1.405824539372334519e-03
3.271234969552472649e+03 1.056050497313545833e+01 1.407678677527927089e-03
3.271237284466815709e+03 1.055749342041151095e+01 1.404199813093087289e-03
3.271239599381623520e+03 1.056035080281620253e+01 1.408422837022063959e-03
3.271241914295966581e+03 1.056294454879059330e+01 1.410318530745888676e-03
3.271244229210774392e+03 1.055789759253968541e+01 1.403698014356527133e-03
3.271246544125117452e+03 1.055909420715304492e+01 1.405539566644449165e-03
3.271248859039460513e+03 1.056303193191099510e+01 1.410438093517279393e-03
3.271251173953802663e+03 1.056105759165304470e+01 1.408732992679070884e-03
3.271253488868610475e+03 1.056159948759787248e+01 1.408366325022020671e-03
3.271255803782953990e+03 1.056333745290236159e+01 1.409891934373236040e-03
3.271258118697297050e+03 1.056196873967674854e+01 1.408821271541790777e-03
3.271260433611639655e+03 1.056058859708502595e+01 1.407739197762666568e-03
3.271262748525981806e+03 1.055962988802852465e+01 1.405088252732577354e-03
3.271265063440324411e+03 1.056637456520172691e+01 1.412945628999724354e-03
3.271267378354667926e+03 1.056706998895666771e+01 1.414008478809554306e-03
3.271269693269010531e+03 1.056420110979998128e+01 1.410615827577656406e-03
3.271272008183353137e+03 1.056555814523844283e+01 1.412001044832068364e-03
3.271274323097229626e+03 1.056255375476045977e+01 1.408242842446286646e-03
3.271276638011571777e+03 1.056537643015196259e+01 1.410667024069694802e-03
3.271278952925913927e+03 1.056624481630138668e+01 1.412456242236527579e-03
3.271281267839791326e+03 1.056749570754975309e+01 1.413066366348005466e-03
3.271283582754133931e+03 1.056439973065936044e+01 1.410048084700259077e-03
3.271285897668476537e+03 1.057147049699172570e+01 1.418937402788333826e-03
3.271288212582353935e+03 1.056836967242038128e+01 1.415437967086526170e-03
3.271290527496696541e+03 1.056761608426766408e+01 1.412850504946136119e-03
3.271292842410573485e+03 1.056691205583141624e+01 1.412507863310432602e-03
3.271295157324450884e+03 1.056532532522509449e+01 1.411420040770459960e-03
3.271297472238793489e+03 1.056746471624938444e+01 1.411978185036663440e-03
3.271299787152670433e+03 1.057050030562458431e+01 1.414912684610100755e-03
3.271302102066547377e+03 1.056884184827206141e+01 1.413530438170884206e-03
3.271304416980425231e+03 1.056792360008641651e+01 1.412481006344566085e-03
3.271306731894766926e+03 1.057253289586332023e+01 1.417290049089193083e-03
3.271309046808644780e+03 1.057560182771852375e+01 1.421328654163813094e-03
3.271311361722521724e+03 1.057344023925033483e+01 1.418174683122522001e-03
3.271313676636398668e+03 1.057398484797998073e+01 1.418120978044198942e-03
3.271315991550276067e+03 1.057224520389549127e+01 1.416834772051784545e-03
3.271318306464152556e+03 1.057447883627166263e+01 1.419253992052137365e-03
3.271320621377563839e+03 1.057302471522789311e+01 1.417265801514212224e-03
3.271322936291440783e+03 1.057573677347426333e+01 1.420765317757590254e-03
3.271325251205317727e+03 1.057627811295673048e+01 1.421833156046536971e-03
3.271327566119195581e+03 1.057561138775498577e+01 1.419934464343182911e-03
3.271329881032605954e+03 1.057781384870145480e+01 1.422259375195760464e-03
3.271332195946482443e+03 1.058453113248086197e+01 1.430855294066485980e-03
3.271334510860358932e+03 1.057811037888444616e+01 1.422617283339941722e-03
3.271336825773770215e+03 1.057717620937844138e+01 1.420947598996405957e-03
3.271339140687648069e+03 1.057342278281700843e+01 1.417107187025856089e-03
3.271341455601059351e+03 1.058114671338628554e+01 1.425594452433881455e-03
3.271343770514471089e+03 1.058060429562408977e+01 1.424374558342145040e-03
3.271346085428347578e+03 1.057559236423774784e+01 1.417989764418404585e-03
3.271348400341759771e+03 1.057668599224153994e+01 1.421062206499304047e-03
3.271350715255170599e+03 1.057965268713988394e+01 1.422800721913048327e-03
3.271353030169047543e+03 1.057946972004049790e+01 1.422439688181491562e-03
3.271355345082458825e+03 1.057902290860170069e+01 1.423199869325664181e-03
3.271357659995870108e+03 1.058466331278949291e+01 1.429762130917445724e-03
3.271359974909281391e+03 1.058027111878064908e+01 1.424234142621490489e-03
3.271362289822693128e+03 1.058549786336991971e+01 1.429014047029365363e-03
3.271364604736104411e+03 1.057985686890957666e+01 1.422975393943729785e-03
3.271366919649516149e+03 1.058345423305947719e+01 1.427915303844423884e-03
3.271369234562926977e+03 1.058398709311820163e+01 1.427853475739211675e-03
3.271371549476338259e+03 1.058236054361573686e+01 1.425428799830177418e-03
3.271373864389283881e+03 1.058361618297354845e+01 1.427258376506795618e-03
3.271376179302696073e+03 1.058348192595539672e+01 1.426354187074898661e-03
3.271378494216107356e+03 1.058463925899605584e+01 1.428065311460374482e-03
3.271380809129518639e+03 1.058543338144353285e+01 1.429771474175376518e-03
3.271383124042465170e+03 1.058413686717326918e+01 1.427583332797813893e-03
3.271385438955875543e+03 1.058717627526447380e+01 1.431356742897710961e-03
3.271387753868820255e+03 1.058405367694247623e+01 1.427277086405761468e-03
3.271390068782231992e+03 1.058620838309361289e+01 1.429417344059386984e-03
3.271392383695177614e+03 1.058066904775107275e+01 1.422972842616357977e-03
3.271394698608588897e+03 1.058516660097241058e+01 1.428700597682214246e-03
3.271397013510823854e+03 1.058133287870887784e+01 1.424247325108412426e-03
3.271399328423769475e+03 1.058372276236857701e+01 1.427401729300356885e-03
3.271401643337181667e+03 1.058565825411478123e+01 1.430191683093963049e-03
3.271403958250127289e+03 1.058568133409515610e+01 1.430007421151800132e-03
3.271406273163072910e+03 1.057978007887119887e+01 1.421155371844655011e-03
3.271408588076018532e+03 1.057863402840493450e+01 1.421246628534460731e-03
3.271410902988965063e+03 1.058590618203707834e+01 1.430200144765075756e-03
3.271413217901909775e+03 1.058329561195682977e+01 1.426894487383737701e-03
3.271415532814855396e+03 1.058380713513995630e+01 1.428060127177789660e-03
3.271417847727801927e+03 1.058236436810063452e+01 1.426786745099693950e-03
3.271420162640747549e+03 1.058285230817473099e+01 1.425978309674673329e-03
3.271422477553693625e+03 1.058075213648243817e+01 1.425086411252541891e-03
3.271424792466638792e+03 1.057535117976595274e+01 1.417649134158839629e-03
3.271427107379118752e+03 1.058257643094469991e+01 1.426333366542737900e-03
3.271429422292064373e+03 1.057685498611260044e+01 1.419535660713820225e-03
3.271431737205010450e+03 1.057837575867991831e+01 1.421809839294150462e-03
3.271434052117490864e+03 1.058049130818554318e+01 1.425055362896132357e-03
3.271436367030436486e+03 1.058215336992333988e+01 1.427449835431510118e-03
3.271438681942916446e+03 1.058166736257576801e+01 1.426718880534530269e-03
3.271440996855861158e+03 1.057310784261915515e+01 1.416642064804729149e-03
3.271443311768340209e+03 1.057128859997248327e+01 1.414517489176957523e-03
3.271445626680821078e+03 1.057414820057973870e+01 1.418315334073269336e-03
3.271447941593766700e+03 1.057403397154220315e+01 1.417557678356342731e-03
3.271450256506247115e+03 1.057118088532457989e+01 1.415068246312824315e-03
3.271452571418726620e+03 1.056942685050649366e+01 1.413567892223975813e-03
3.271454886331206581e+03 1.057212986276071831e+01 1.415525125956097275e-03
3.271457201243686995e+03 1.057270074024276951e+01 1.417029568154170617e-03
3.271459516156166501e+03 1.057251481534144588e+01 1.417632743310379010e-03
3.271461831068646916e+03 1.057423831532979008e+01 1.419020076658286493e-03
3.271464145981126421e+03 1.057169230862790776e+01 1.416883362627854902e-03
3.271466460893606381e+03 1.056976135003507622e+01 1.413830714481813808e-03
3.271468775806087251e+03 1.056892770253664082e+01 1.413749617468464115e-03
3.271471090718567211e+03 1.056863841201698051e+01 1.413549522848650064e-03
3.271473405631047626e+03 1.056975158755546218e+01 1.415621209774846302e-03
3.271475720543527586e+03 1.056727079693559368e+01 1.412201226282808544e-03
3.271478035455541885e+03 1.056917805864360815e+01 1.415189143893800161e-03
3.271480350368021391e+03 1.056210402437045559e+01 1.406407566656315980e-03
3.271482665280501351e+03 1.056060683737382888e+01 1.405107577835015787e-03
3.271484980192516559e+03 1.056773989882240805e+01 1.413912845152885201e-03
3.271487295104996520e+03 1.057087583699820499e+01 1.419068290154615938e-03
3.271489610017010818e+03 1.056823725409299364e+01 1.415035230646543565e-03
3.271491924929490779e+03 1.056672188009572011e+01 1.413624053823947296e-03
3.271494239841505532e+03 1.056637025483230374e+01 1.413789947318080465e-03
3.271496554753519831e+03 1.055937605452546002e+01 1.404848283099619909e-03
3.271498869665534130e+03 1.056470141531169027e+01 1.411843240107759495e-03
3.271501184578013635e+03 1.056453750474512177e+01 1.411420373948071329e-03
3.271503499490028389e+03 1.056152675892420234e+01 1.407923550893035777e-03
3.271505814402042688e+03 1.056169700474437967e+01 1.408969746425008541e-03
3.271508129314056532e+03 1.056347039824515655e+01 1.410605677254674539e-03
3.271510444226070831e+03 1.056060064823569178e+01 1.407970521814356840e-03
3.271512759138085585e+03 1.056046488193938160e+01 1.407832419676754640e-03
3.271515074050099429e+03 1.056100531677258481e+01 1.408995933655376662e-03
3.271517388962114637e+03 1.055448338815062215e+01 1.400953818069243127e-03
3.271519703874128481e+03 1.055659153476749701e+01 1.404225219557389461e-03
3.271522018786142326e+03 1.055765145587026943e+01 1.405236860459131709e-03
3.271524333697691873e+03 1.055483834506942387e+01 1.403075593298997326e-03
3.271526648609706626e+03 1.055526152902000447e+01 1.403682559113789835e-03
3.271528963521720470e+03 1.055623316294852287e+01 1.404963623490658583e-03
3.271531278433269108e+03 1.054904453411695009e+01 1.397982612809785209e-03
3.271533593345283407e+03 1.055094642658920634e+01 1.400223716268984364e-03
3.271535908256832499e+03 1.054810356921732861e+01 1.396563137388130357e-03
3.271538223168846343e+03 1.055054186699097052e+01 1.399479327018670520e-03
3.271540538080395891e+03 1.054625057018835932e+01 1.394546159110211748e-03
3.271542852992410189e+03 1.054762236064439662e+01 1.397198851769936804e-03
3.271545167903958827e+03 1.054533789929177878e+01 1.395207715636810966e-03
3.271547482815507010e+03 1.054169975049523522e+01 1.391455634461761333e-03
3.271549797727521764e+03 1.054233664779952839e+01 1.391766370957042221e-03
3.271552112639070401e+03 1.054583098794871532e+01 1.396668845688938581e-03
3.271554427550619039e+03 1.054343222108217226e+01 1.394208970674781301e-03
3.271556742462166767e+03 1.054187415236061653e+01 1.392567644445646090e-03
3.271559057373714950e+03 1.053950944519687027e+01 1.390216259825208548e-03
3.271561372285264497e+03 1.053551685199610688e+01 1.385576732074390600e-03
3.271563687196813135e+03 1.053547907742246181e+01 1.386284838198299611e-03
3.271566002108361317e+03 1.054107325939660456e+01 1.393732471789290318e-03
3.271568317019910864e+03 1.053745714071196815e+01 1.390232100711155487e-03
3.271570631931459502e+03 1.053359968332597596e+01 1.384872920508106470e-03
3.271572946842542478e+03 1.053304371852307852e+01 1.384601428975656490e-03
3.271575261754091116e+03 1.052848954891035227e+01 1.379634186591018269e-03
3.271577576665639754e+03 1.052955711076644008e+01 1.381383249732499570e-03
3.271579891576722730e+03 1.053206151223040266e+01 1.384482003129978728e-03
3.271582206488271368e+03 1.052591412164048990e+01 1.378345834796113100e-03
3.271584521399355253e+03 1.052848622104645315e+01 1.381382412919325694e-03
3.271586836310903436e+03 1.052690409992862897e+01 1.380515887619629400e-03
3.271589151221986413e+03 1.052816994082335533e+01 1.381318729634149192e-03
3.271591466133535505e+03 1.052528296906273297e+01 1.379231324467728370e-03
3.271593781044618481e+03 1.052216399762249388e+01 1.375171584152388255e-03
3.271596095955701458e+03 1.052664198174593757e+01 1.381227714667663002e-03
3.271598410867250550e+03 1.052508841330643818e+01 1.379352652159121550e-03
3.271600725778333981e+03 1.052338176163389427e+01 1.377162415217528029e-03
3.271603040689416503e+03 1.052076630394567225e+01 1.375425744240428398e-03
3.271605355600499479e+03 1.052222961276405577e+01 1.376914407917530832e-03
3.271607670511582910e+03 1.052086803841478257e+01 1.375166504327624949e-03
3.271609985422665886e+03 1.051728460805356136e+01 1.372255999951241777e-03
3.271612300333748408e+03 1.052069134202946188e+01 1.376229473180317492e-03
3.271614615244830929e+03 1.052043691300296935e+01 1.376310569281472820e-03
3.271616930155914815e+03 1.051851078432570930e+01 1.375641630147277387e-03
3.271619245066996882e+03 1.051846449138765038e+01 1.375128870491129683e-03
3.271621559978080768e+03 1.051524173976492449e+01 1.370645971272155348e-03
3.271623874888698083e+03 1.051361807620434341e+01 1.369387503780633434e-03
3.271626189799781514e+03 1.051593462247276989e+01 1.372415080089180823e-03
3.271628504710864490e+03 1.051667087959074109e+01 1.372179660598881867e-03
3.271630819621480896e+03 1.051462142355433826e+01 1.370393995947577579e-03
3.271633134532564327e+03 1.051198408466241396e+01 1.367408819487595482e-03
3.271635449443182097e+03 1.051580398017168250e+01 1.373383017829313702e-03
3.271637764354265073e+03 1.051459277375487211e+01 1.370288689453169574e-03
3.271640079264882388e+03 1.051306534776393775e+01 1.369122275006426229e-03
3.271642394175499703e+03 1.050741360082926334e+01 1.362503240174140927e-03
3.271644709086582225e+03 1.051021343749711612e+01 1.365746709373538790e-03
3.271647023997199994e+03 1.051245389541695729e+01 1.367845197313009159e-03
3.271649338907817764e+03 1.050701818221062922e+01 1.362668963824437834e-03
3.271651653818435534e+03 1.051108155562758384e+01 1.368257344920469467e-03
3.271653968729518510e+03 1.051227778642882527e+01 1.368491889636905051e-03
3.271656283640135825e+03 1.050952515304544121e+01 1.365806080960357783e-03
3.271658598550753140e+03 1.050879961765530979e+01 1.365863846246141017e-03
3.271660913461370455e+03 1.051015338210632954e+01 1.367375632068739463e-03
3.271663228371988225e+03 1.050794541688525285e+01 1.364719914142882400e-03
3.271665543282605540e+03 1.050837563743254321e+01 1.364894881078820756e-03
3.271667858192757194e+03 1.050742375380354687e+01 1.364424550203855498e-03
3.271670173103373145e+03 1.050651560700326570e+01 1.363240346953605324e-03
3.271672488013990460e+03 1.050564294014189315e+01 1.362316259178754114e-03
3.271674802924608230e+03 1.050838936979066496e+01 1.366179560154403248e-03
3.271677117834760793e+03 1.050613692279211797e+01 1.362774065902406118e-03
3.271679432745377653e+03 1.050640746334912734e+01 1.363597420104345655e-03
3.271681747655528397e+03 1.050458214802943147e+01 1.361670987778397643e-03
3.271684062566146622e+03 1.050755771002157601e+01 1.364646798368310439e-03
3.271686377476297821e+03 1.050651264713373223e+01 1.363389731361727480e-03
3.271688692386915591e+03 1.050761484829850900e+01 1.365348552445545859e-03
3.271691007297067699e+03 1.050695109510740721e+01 1.365018959351390823e-03
3.271693322207685469e+03 1.050418452411416936e+01 1.361074046474683354e-03
3.271695637117837123e+03 1.050345629259178004e+01 1.361222868435492828e-03
3.271697952027987867e+03 1.050222269176477141e+01 1.359694650320951870e-03
3.271700266938140430e+03 1.050847571449925866e+01 1.367611014905184639e-03
3.271702581848292084e+03 1.050812641060387165e+01 1.366599595525537763e-03
3.271704896758909399e+03 1.050251177569950833e+01 1.359512596487430416e-03
3.271707211669061508e+03 1.050558305902222145e+01 1.364317672098979643e-03
3.271709526579212707e+03 1.050412847327153543e+01 1.362062552947812142e-03
3.271711841489364815e+03 1.050005647283304810e+01 1.357456210370930035e-03
3.271714156399050808e+03 1.050546495540362812e+01 1.363814494340356929e-03
3.271716471309202461e+03 1.050577788990956307e+01 1.363908813229399667e-03
3.271718786219354570e+03 1.050415079864403722e+01 1.362118753505616895e-03
3.271721101129506678e+03 1.050468083979678546e+01 1.362539117525184964e-03
3.271723416039657877e+03 1.049974076254348176e+01 1.357051960623494990e-03
3.271725730949342505e+03 1.050424042037030503e+01 1.361810706744955935e-03
3.271728045859494614e+03 1.050559656808607656e+01 1.363675078570691359e-03
3.271730360769646722e+03 1.050540185779849622e+01 1.362727940674442412e-03
3.271732675679332715e+03 1.050064215430139392e+01 1.359198073605746328e-03
3.271734990589484369e+03 1.050501685749043190e+01 1.362929123976201404e-03
3.271737305499169906e+03 1.050455735635844690e+01 1.362785951681360058e-03
3.271739620408856354e+03 1.050230383030710790e+01 1.359822070749885014e-03
3.271741935319008462e+03 1.050249299463176911e+01 1.360721774625640824e-03
3.271744250228694455e+03 1.049900315486582869e+01 1.356618525823193337e-03
3.271746565138380902e+03 1.050342685641662932e+01 1.361421560263356570e-03
3.271748880048532556e+03 1.050294954632139621e+01 1.360939731265019704e-03
3.271751194958219003e+03 1.050347566240387387e+01 1.361531165421352640e-03
3.271753509867904540e+03 1.050705009908779530e+01 1.365762074854690120e-03
3.271755824777590533e+03 1.050844116840686127e+01 1.367000358348574281e-03
3.271758139687276980e+03 1.050139405136412840e+01 1.358806536141828796e-03
3.271760454596962518e+03 1.050274210632078464e+01 1.361061442955492379e-03
3.271762769506648965e+03 1.050477401400290134e+01 1.362419072240607506e-03
3.271765084416334957e+03 1.050628388402051350e+01 1.364523479477979537e-03
3.271767399326020495e+03 1.050521299726311497e+01 1.363129455119478379e-03
3.271769714235241736e+03 1.050365028722888106e+01 1.360671364194503911e-03
3.271772029144927728e+03 1.050832084617691464e+01 1.366214164508492909e-03
3.271774344054614176e+03 1.050136177900598433e+01 1.358302875893824518e-03
3.271776658964299713e+03 1.050712898067952139e+01 1.365253865679303714e-03
3.271778973873520954e+03 1.050693036580991446e+01 1.364209215565655511e-03
3.271781288783206037e+03 1.050433942541315702e+01 1.362134822166153388e-03
3.271783603692425459e+03 1.050888519712603042e+01 1.366892027848977008e-03
3.271785918602111451e+03 1.050563444425831250e+01 1.363019248990816933e-03
3.271788233511331782e+03 1.050556404868681604e+01 1.363166226805372083e-03
3.271790548421018684e+03 1.050804660511896138e+01 1.365559361290129671e-03
3.271792863330238561e+03 1.050557337852411521e+01 1.362913505121517198e-03
3.271795178239458437e+03 1.050598859554791886e+01 1.362639933200492049e-03
3.271797493149144884e+03 1.050721722950996018e+01 1.364162084949873885e-03
3.271799808058365670e+03 1.050979636489979185e+01 1.367245278999993470e-03
3.271802122967586456e+03 1.051063219322703901e+01 1.368245401345804819e-03
3.271804437876806332e+03 1.050812820838569017e+01 1.364927163633529407e-03
3.271806752786027573e+03 1.051079199734135372e+01 1.368544274802650220e-03
3.271809067695247450e+03 1.050461858479630628e+01 1.360687349792242228e-03
3.271811382604467326e+03 1.050739429331659203e+01 1.364540060383789572e-03
3.271813697513688567e+03 1.050922627530149178e+01 1.366072397503925034e-03
3.271816012422909807e+03 1.050929889950399598e+01 1.365900285235516817e-03
3.271818327332129684e+03 1.050963674880966892e+01 1.366276817144993416e-03
3.271820642241349560e+03 1.051028723755515770e+01 1.367382204826869977e-03
3.271822957150104230e+03 1.050769409601874571e+01 1.363918105918975185e-03
3.271825272059325016e+03 1.050795872297322298e+01 1.364872854589694847e-03
3.271827586968545802e+03 1.051417610046606477e+01 1.370976369717065001e-03
3.271829901877300017e+03 1.050752311790829197e+01 1.364375971037994507e-03
3.271832216786520803e+03 1.051095470711818791e+01 1.367944923957678657e-03
3.271834531695275473e+03 1.051183050677744291e+01 1.368433865845221104e-03
3.271836846604494440e+03 1.051198228858194739e+01 1.368195838619115775e-03
3.271839161513248655e+03 1.051240246465602013e+01 1.368691421470467256e-03
3.271841476422469896e+03 1.051487774891407589e+01 1.372237177185173761e-03
3.271843791331224566e+03 1.051459014965303673e+01 1.370963260057661386e-03
3.271846106239980145e+03 1.050986354885225538e+01 1.365655752844680383e-03
3.271848421149200021e+03 1.051354342570877343e+01 1.369329984560288625e-03
3.271850736057954236e+03 1.051622358722726602e+01 1.373140928987335967e-03
3.271853050966709816e+03 1.051557239751038608e+01 1.371960084415427099e-03
3.271855365875464486e+03 1.051524644453756352e+01 1.371950326565959640e-03
3.271857680784219610e+03 1.050896682199188703e+01 1.364095557270045061e-03
3.271859995692973825e+03 1.051278715082181137e+01 1.368808531623124866e-03
3.271862310601728950e+03 1.051473896609700454e+01 1.371432995126580651e-03
3.271864625510483620e+03 1.051447722807336405e+01 1.370220658694255508e-03
3.271866940419237835e+03 1.051457920462596363e+01 1.369712705301833573e-03
3.271869255327992960e+03 1.051140450381364921e+01 1.366240349799106250e-03
3.271871570236748539e+03 1.051367745951211496e+01 1.369370754576384195e-03
3.271873885145502754e+03 1.051177412968998937e+01 1.366294531573020296e-03
3.271876200053791763e+03 1.051654621537717915e+01 1.372319744155159685e-03
3.271878514962546433e+03 1.051620588587300453e+01 1.372029447280832468e-03
3.271880829871301557e+03 1.051842707452208714e+01 1.375282857143262207e-03
3.271883144779590566e+03 1.051665827627282113e+01 1.372259126400086383e-03
3.271885459688345691e+03 1.051611354193688896e+01 1.371469590599472483e-03
3.271887774596634699e+03 1.051838651147930648e+01 1.374664069639168398e-03
3.271890089505389369e+03 1.051589750780560095e+01 1.371943140924342108e-03
3.271892404413677468e+03 1.051380772723293155e+01 1.368739011960622707e-03
3.271894719322431229e+03 1.051653145231571607e+01 1.371976713909137330e-03
3.271897034230721147e+03 1.051806404462660893e+01 1.373297565430323325e-03
3.271899349139010610e+03 1.052017674864557506e+01 1.375946787986978906e-03
3.271901664047764825e+03 1.051793652745592667e+01 1.373136683745328863e-03
3.271903978956053379e+03 1.051795958905175077e+01 1.373893448082599182e-03
3.271906293864342842e+03 1.051611387709883871e+01 1.371601402628065940e-03
3.271908608772631851e+03 1.052050445705820003e+01 1.375129060102999509e-03
3.271910923680921769e+03 1.051509873304241260e+01 1.370215613809429430e-03
3.271913238589210778e+03 1.051689356550220467e+01 1.371868227384988054e-03
3.271915553497499786e+03 1.051923055661491624e+01 1.374732641021697132e-03
3.271917868405788795e+03 1.051965946237526417e+01 1.375045737885533361e-03
3.271920183314077804e+03 1.051866474544346097e+01 1.373789450704650294e-03
3.271922498222366812e+03 1.051697075799761549e+01 1.371590805708487347e-03
3.271924813130655821e+03 1.051704625742035759e+01 1.372737202266680360e-03
3.271927128038479623e+03 1.051687015607943643e+01 1.371588056268855001e-03
3.271929442946769086e+03 1.052093486855407356e+01 1.376614823653303076e-03
3.271931757855058549e+03 1.051838925138930669e+01 1.373245424747359831e-03
3.271934072762881442e+03 1.052106790014802939e+01 1.377425400046825357e-03
3.271936387671169996e+03 1.051733666729961136e+01 1.372875416966153408e-03
3.271938702578993798e+03 1.051657967056281606e+01 1.371452325219503889e-03
3.271941017487282807e+03 1.051971615044373642e+01 1.376026060663454974e-03
3.271943332395106609e+03 1.051483737518421435e+01 1.369246819932507051e-03
3.271945647303396072e+03 1.051775220524039156e+01 1.373060839672098727e-03
3.271947962211218965e+03 1.051705499390448217e+01 1.371885303703855238e-03
3.271950277119507518e+03 1.051691273850237351e+01 1.372957012747632764e-03
3.271952592027330411e+03 1.051287848515010737e+01 1.368547405587778329e-03
3.271954906935154213e+03 1.051265218502543419e+01 1.368554126028701272e-03
3.271957221842978015e+03 1.051026062861678412e+01 1.365553191555603663e-03
3.271959536750801817e+03 1.051864175054995165e+01 1.374545761794013958e-03
3.271961851659090371e+03 1.051429261422822137e+01 1.370076864496314831e-03
3.271964166566913718e+03 1.051435484646350105e+01 1.370139366385512677e-03
3.271966481474737066e+03 1.051282955054099055e+01 1.368467540064065464e-03
3.271968796382560868e+03 1.051410771148201029e+01 1.370521096397222865e-03
3.271971111290384215e+03 1.051104469079045600e+01 1.366071767521316203e-03
3.271973426198208017e+03 1.051254346877712287e+01 1.369142316301232010e-03
3.271975741105565248e+03 1.051344842269727664e+01 1.369724418984316974e-03
3.271978056013389050e+03 1.050988825197168097e+01 1.365824757969396740e-03
3.271980370921211943e+03 1.051042452159025409e+01 1.367137375342192696e-03
3.271982685829035290e+03 1.051086491381158083e+01 1.367307268769558156e-03
3.271985000736859547e+03 1.050585851553026906e+01 1.361277658178587950e-03
3.271987315644217233e+03 1.050834527298118992e+01 1.365684397228097025e-03
3.271989630552041035e+03 1.050815078227119592e+01 1.364291708431105993e-03
3.271991945459398266e+03 1.050537932359375404e+01 1.362126425153773477e-03
3.271994260367222068e+03 1.050495950322948602e+01 1.361886721864812586e-03
3.271996575274579300e+03 1.050626595389441320e+01 1.363583866497401417e-03
3.271998890182402647e+03 1.050845969261488122e+01 1.365953786132010446e-03
3.272001205089761243e+03 1.050803025847971739e+01 1.365922060387209222e-03
3.272003519997584135e+03 1.050922786516300178e+01 1.368310054161171394e-03
3.272005834904940912e+03 1.050704257297171296e+01 1.364034687520587416e-03
3.272008149812298598e+03 1.050557382290731745e+01 1.363576903128458110e-03
3.272010464720121490e+03 1.050208011824260801e+01 1.359534292106633502e-03
3.272012779627480086e+03 1.050665270197472267e+01 1.363765919649425912e-03
3.272015094534837772e+03 1.050526600787342346e+01 1.363159138577611264e-03
3.272017409442195458e+03 1.050519356779786051e+01 1.363742337912423989e-03
3.272019724349553144e+03 1.050377881218735965e+01 1.362267519684399802e-03
3.272022039256910830e+03 1.050070966795865601e+01 1.359144598969267044e-03
3.272024354164268971e+03 1.050213656353517067e+01 1.361062219050631272e-03
3.272026669071626202e+03 1.050024965328156767e+01 1.358478390079900658e-03
3.272028983978984797e+03 1.049964410053734909e+01 1.358363372342448775e-03
3.272031298886342029e+03 1.049928369459710353e+01 1.357951217309423097e-03
3.272033613793699260e+03 1.049971960272988980e+01 1.358589178921776374e-03
3.272035928701057401e+03 1.049654227793690886e+01 1.355130358395536302e-03
3.272038243607950790e+03 1.049456820069095642e+01 1.353301318975019471e-03
3.272040558515308021e+03 1.050045807592558234e+01 1.359607142181595363e-03
3.272042873422665252e+03 1.049502838625628520e+01 1.354155648693827502e-03
3.272045188330023393e+03 1.049750553060795255e+01 1.357708204052760371e-03
3.272047503236915418e+03 1.049409987928518362e+01 1.354387073510080700e-03
3.272049818144272649e+03 1.049561668174682971e+01 1.355985017871141072e-03
3.272052133051165583e+03 1.049159816038219262e+01 1.353216453764452629e-03
3.272054447958523269e+03 1.049381583087861713e+01 1.354007321372298518e-03
3.272056762865415294e+03 1.049110221397305587e+01 1.351539283113169536e-03
3.272059077772772980e+03 1.049515685822016131e+01 1.356662407412607572e-03
3.272061392679664550e+03 1.049120599857602443e+01 1.352213278278052407e-03
3.272063707586556120e+03 1.049391502881310601e+01 1.355572381519056348e-03
3.272066022493913806e+03 1.048814984915405901e+01 1.349022444713185833e-03
3.272068337400805831e+03 1.048806348114653986e+01 1.349519311672241163e-03
3.272070652307698765e+03 1.048605570772002338e+01 1.347608984685680356e-03
3.272072967214590790e+03 1.048364451471100622e+01 1.344814610180999643e-03
3.272075282121482815e+03 1.048318088384132452e+01 1.345004861673148103e-03
3.272077597028840501e+03 1.048816694535933003e+01 1.350790215217913736e-03
3.272079911935732980e+03 1.048618409890976189e+01 1.348180284249580725e-03
3.272082226842624550e+03 1.048510702833918096e+01 1.347743439713112480e-03
3.272084541749517030e+03 1.048578071598577743e+01 1.348915712327393261e-03
3.272086856656409509e+03 1.048318317995024707e+01 1.346698414521770980e-03
3.272089171563301988e+03 1.048122258950245467e+01 1.344198298511706030e-03
3.272091486469727897e+03 1.048130257916904817e+01 1.344057962849440650e-03
3.272093801376620377e+03 1.048270484305534822e+01 1.345816720739232948e-03
3.272096116283511947e+03 1.047984910489019228e+01 1.342562441187904621e-03
3.272098431190404426e+03 1.047877648195824563e+01 1.341902160241438243e-03
3.272100746097296906e+03 1.047939001786305369e+01 1.343993920399869525e-03
3.272103061003722360e+03 1.047721213831547260e+01 1.341458766748461614e-03
3.272105375910614384e+03 1.047967564098239990e+01 1.344051865704118604e-03
3.272107690817506864e+03 1.047892382781072307e+01 1.342246286748956241e-03
3.272110005723933682e+03 1.047745352041510003e+01 1.340847600613462439e-03
3.272112320630826162e+03 1.047322556334360932e+01 1.338270485755840844e-03
3.272114635537252525e+03 1.047444096670483482e+01 1.338659763982050221e-03
3.272116950444145004e+03 1.047662406375054189e+01 1.341622353928497184e-03
3.272119265350570458e+03 1.047300347205507443e+01 1.336681859400764682e-03
3.272121580257461574e+03 1.046996637154722265e+01 1.334531098040377594e-03
3.272123895163887937e+03 1.047585894881967761e+01 1.341415228518318950e-03
3.272126210070314301e+03 1.046807680108493877e+01 1.332803621809342323e-03
3.272128524976741573e+03 1.046917038755915996e+01 1.333590352457830015e-03
3.272130839883633143e+03 1.047199435775000254e+01 1.337632199334362875e-03
3.272133154790059507e+03 1.047047155221913073e+01 1.335722140358522672e-03
3.272135469696485870e+03 1.046867846445593742e+01 1.333874285207776534e-03
3.272137784602912689e+03 1.046677139359572450e+01 1.331870630269794877e-03
3.272140099509339507e+03 1.046793704571915562e+01 1.333209539584985113e-03
3.272142414416231532e+03 1.046624066326817726e+01 1.332260849910150546e-03
3.272144729322657895e+03 1.046868071637080710e+01 1.334222241862059819e-03
3.272147044229083804e+03 1.046923966173443610e+01 1.335502370416959605e-03
3.272149359135510622e+03 1.046619926540890511e+01 1.332635121031545446e-03
3.272151674041471779e+03 1.046165992130871736e+01 1.327145375725423924e-03
3.272153988947898597e+03 1.046614353029730360e+01 1.332411257604714612e-03
3.272156303854324960e+03 1.046425099393423430e+01 1.330439778363914222e-03
3.272158618760750869e+03 1.046411603834677351e+01 1.330584048417331666e-03
3.272160933667177233e+03 1.046762492309693471e+01 1.334605896500452426e-03
3.272163248573604051e+03 1.046481196209420794e+01 1.331335966231077684e-03
3.272165563479564298e+03 1.046391392176884949e+01 1.330730333199711549e-03
3.272167878385991571e+03 1.046235948814817007e+01 1.328383139688464826e-03
3.272170193292418389e+03 1.046306468153895608e+01 1.330026087026872248e-03
3.272172508198379091e+03 1.046480018517589095e+01 1.332022061519369440e-03
3.272174823104804091e+03 1.046422619673820442e+01 1.331585409502358168e-03
3.272177138011229545e+03 1.046494216396931876e+01 1.332266184127746172e-03
3.272179452917191156e+03 1.046082994952238110e+01 1.328116588593882029e-03
3.272181767823617520e+03 1.045583670883068805e+01 1.321898771425559452e-03
3.272184082729579131e+03 1.046004584310000496e+01 1.326617582822740143e-03
3.272186397636005495e+03 1.046126395722784252e+01 1.328019066000252300e-03
3.272188712541966652e+03 1.046109834134322547e+01 1.328858738890243731e-03
3.272191027447926899e+03 1.046008811773271852e+01 1.326904149994356189e-03
3.272193342354353263e+03 1.045859924270074792e+01 1.326401961482811826e-03
3.272195657260314420e+03 1.046165325178412786e+01 1.329054944298986747e-03
3.272197972166274667e+03 1.045849196350362575e+01 1.326111957957388371e-03
3.272200287072235824e+03 1.045433256186358761e+01 1.321906206763989473e-03
3.272202601978661733e+03 1.046215887284251167e+01 1.329995072274590875e-03
3.272204916884622435e+03 1.045918086307846906e+01 1.327383217547188719e-03
3.272207231790584046e+03 1.046009850828359333e+01 1.328501555296374799e-03
3.272209546696544749e+03 1.045560443897159963e+01 1.322489055099773528e-03
3.272211861602505451e+03 1.045869715809493528e+01 1.326503300410692343e-03
3.272214176508466608e+03 1.045912179659402419e+01 1.327397400952514371e-03
3.272216491414427765e+03 1.046166375342829369e+01 1.330403795471746383e-03
3.272218806320388012e+03 1.045429835837751398e+01 1.322192129753427215e-03
3.272221121226348259e+03 1.045421292486494025e+01 1.322005462360707458e-03
3.272223436132309871e+03 1.045702886347344673e+01 1.325570805975245185e-03
3.272225751038270573e+03 1.044929480630689511e+01 1.317747735959344003e-03
3.272228065944231275e+03 1.045379073186590624e+01 1.322568552344922715e-03
3.272230380850191068e+03 1.045550369762416665e+01 1.324701057739135915e-03
3.272232695756151770e+03 1.045354852534455858e+01 1.322128877278055210e-03
3.272235010661646811e+03 1.044956051077032377e+01 1.318524084420189544e-03
3.272237325567607513e+03 1.046025445775841689e+01 1.330274904062023590e-03
3.272239640473568670e+03 1.045523387516403879e+01 1.324738234841171683e-03
3.272241955379529372e+03 1.045350345152114535e+01 1.323465467031396860e-03
3.272244270285024868e+03 1.045340968858712571e+01 1.323105367703538175e-03
3.272246585190985115e+03 1.045099003711644059e+01 1.319427842360826894e-03
3.272248900096479701e+03 1.044953587212742718e+01 1.318388882481750851e-03
3.272251215002440858e+03 1.044979872916865560e+01 1.319745450830667492e-03
3.272253529908402470e+03 1.045126648417029003e+01 1.320906093929292676e-03
3.272255844813897511e+03 1.045537356718906175e+01 1.325918635832442401e-03
3.272258159719857758e+03 1.045066912359528466e+01 1.320991690466152878e-03
3.272260474625353709e+03 1.045029591086179721e+01 1.320579806951827952e-03
3.272262789531313956e+03 1.045162096632796356e+01 1.322145321407931133e-03
3.272265104436808542e+03 1.045002221903154371e+01 1.320635861397519411e-03
3.272267419342304038e+03 1.044809015761322257e+01 1.318329958114301034e-03
3.272269734248265195e+03 1.045074916733439707e+01 1.321823844715055898e-03
3.272272049153760690e+03 1.044706901195525894e+01 1.316537653947810185e-03
3.272274364059254822e+03 1.044952632708033491e+01 1.320008252844021663e-03
3.272276678965216433e+03 1.044732451010116669e+01 1.317613714599203409e-03
3.272278993870711474e+03 1.044777992842289827e+01 1.317826995637056547e-03
3.272281308776206515e+03 1.044475214215455239e+01 1.314684894457357131e-03
3.272283623681702011e+03 1.044595427961199796e+01 1.315857020701791330e-03
3.272285938587197506e+03 1.044540336278978288e+01 1.316105494371218147e-03
3.272288253493157299e+03 1.044776263731617760e+01 1.317715168302907320e-03
3.272290568398651430e+03 1.044795486247804206e+01 1.318914178046124742e-03
3.272292883304146471e+03 1.044443316050729642e+01 1.315204992984978253e-03
3.272295198209641967e+03 1.044726776863410755e+01 1.318706279035928913e-03
3.272297513115137463e+03 1.044502448576952780e+01 1.316154278568044435e-03
3.272299828020632958e+03 1.044689194358306850e+01 1.317392362358563206e-03
3.272302142926127544e+03 1.044966072938935220e+01 1.320725016086733965e-03
3.272304457831622585e+03 1.044453347154792588e+01 1.315606118318838648e-03
3.272306772737118081e+03 1.044515807975478339e+01 1.315698200883310548e-03
3.272309087642613576e+03 1.044508459714275794e+01 1.316056137851930518e-03
3.272311402548108617e+03 1.044341909626423615e+01 1.313885998486133281e-03
3.272313717453137542e+03 1.044681613644322837e+01 1.319124277016187194e-03
3.272316032358633038e+03 1.044502970071413905e+01 1.316564801420573886e-03
3.272318347264128079e+03 1.044496879049319915e+01 1.316341300157124368e-03
3.272320662169622665e+03 1.044611727543769675e+01 1.317652973843020216e-03
3.272322977075118615e+03 1.044366459571427974e+01 1.315565807110134896e-03
3.272325291980148450e+03 1.044166907970540947e+01 1.312629179961408241e-03
3.272327606885643490e+03 1.044539281737965553e+01 1.317639498955900258e-03
3.272329921791138531e+03 1.044325643758431710e+01 1.315098530804874018e-03
3.272332236696634027e+03 1.044248083532995963e+01 1.313952537727929200e-03
3.272334551601662497e+03 1.044051228941503240e+01 1.312289221074342763e-03
3.272336866507157538e+03 1.043571367660810090e+01 1.307337693942040328e-03
3.272339181412653033e+03 1.044119932512097648e+01 1.313385484348501223e-03
3.272341496317683777e+03 1.044007273640984756e+01 1.312464217556386700e-03
3.272343811223177454e+03 1.043891630075809829e+01 1.310594347126638843e-03
3.272346126128205469e+03 1.043914032705925621e+01 1.311363351822992032e-03
3.272348441033700510e+03 1.044127600217933960e+01 1.313957165635971664e-03
3.272350755938730799e+03 1.044125566898560997e+01 1.313371051428939475e-03
3.272353070844225840e+03 1.044163465746308184e+01 1.314846183872079828e-03
3.272355385749255674e+03 1.043997770267020719e+01 1.313008252444277995e-03
3.272357700654750261e+03 1.043428125978022969e+01 1.306296545360044860e-03
3.272360015559780550e+03 1.043731487810205394e+01 1.309498633405384001e-03
3.272362330465275136e+03 1.044044011829769758e+01 1.313409063914200078e-03
3.272364645370304515e+03 1.043881310087874326e+01 1.312003402240547248e-03
3.272366960275333895e+03 1.043679156579582212e+01 1.309668002567965532e-03
3.272369275180829391e+03 1.043660770305312369e+01 1.309642273529954080e-03
3.272371590085858770e+03 1.044079456549821749e+01 1.314668500714651555e-03
3.272373904990888605e+03 1.043983041438449177e+01 1.313458088405257060e-03
3.272376219896384100e+03 1.043771652105854031e+01 1.310447024594389850e-03
3.272378534801413025e+03 1.043768870805845594e+01 1.310659471516026787e-03
3.272380849706442405e+03 1.043415630699660746e+01 1.307549224182970012e-03
3.272383164611472239e+03 1.043926472925448934e+01 1.312996522487586484e-03
3.272385479516967280e+03 1.043240465852839804e+01 1.304901335848025843e-03
3.272387794421997114e+03 1.043443477587184809e+01 1.307469887266934526e-03
3.272390109327026039e+03 1.043257090624230443e+01 1.305670824995692949e-03
3.272392424232055419e+03 1.043529655608388396e+01 1.308631506622204245e-03
3.272394739137084798e+03 1.043624578524158153e+01 1.309199785759795811e-03
3.272397054042579839e+03 1.043582737371769475e+01 1.309449178014444621e-03
3.272399368947609219e+03 1.043808910420906955e+01 1.311672488795137016e-03
3.272401683852637689e+03 1.043683839772582367e+01 1.311074128958063158e-03
3.272403998757667978e+03 1.043237026052474548e+01 1.305457093404965721e-03
3.272406313662696448e+03 1.043191406514631225e+01 1.305616320928243727e-03
3.272408628567725827e+03 1.042971668972852939e+01 1.303266429421456483e-03
3.272410943472756117e+03 1.042965217076854678e+01 1.303058686903981779e-03
3.272413258377785496e+03 1.042736804740812318e+01 1.301083613376187486e-03
3.272415573282815785e+03 1.043254777455305593e+01 1.307339233375816529e-03
3.272417888187845620e+03 1.042713049856125274e+01 1.301837876913170249e-03
3.272420203092874999e+03 1.043342478849853627e+01 1.307758968988309090e-03
3.272422517997903924e+03 1.043164097434804205e+01 1.306479825513694008e-03
3.272424832902933304e+03 1.043201525975334931e+01 1.305906400011537473e-03
3.272427147807963138e+03 1.042805199168402197e+01 1.302299082911493244e-03
3.272429462712992517e+03 1.043095430222518694e+01 1.305190464805013181e-03
3.272431777618021897e+03 1.043119034577206250e+01 1.305655753753196978e-03
3.272434092523050822e+03 1.043269429960610672e+01 1.306635988323168315e-03
3.272436407428080201e+03 1.043195857934278692e+01 1.305907890043722566e-03
3.272438722333110036e+03 1.043216608906507403e+01 1.306713685086989237e-03
3.272441037237674209e+03 1.042918247307770585e+01 1.303039883919125154e-03
3.272443352142704043e+03 1.043423527830181818e+01 1.309576224198566842e-03
3.272445667047733423e+03 1.043107793793731020e+01 1.305705379129971661e-03
3.272447981952763257e+03 1.043396245504415454e+01 1.308822784168237139e-03
3.272450296857791727e+03 1.043074878511399994e+01 1.305775155394221483e-03
3.272452611762821562e+03 1.043292728372748535e+01 1.307948209794007220e-03
3.272454926667385735e+03 1.042993932644992938e+01 1.304358716699079244e-03
3.272457241572414659e+03 1.042975744312746045e+01 1.304151041055630388e-03
3.272459556477443584e+03 1.043049755201870354e+01 1.305662518577172058e-03
3.272461871382473419e+03 1.042876377469378646e+01 1.303257077762690975e-03
3.272464186287037137e+03 1.042978096813571831e+01 1.304266921534239215e-03
3.272466501192066062e+03 1.042634150620359001e+01 1.300493688102028486e-03
3.272468816097095441e+03 1.042982574994374012e+01 1.304203484338020734e-03
3.272471131002124821e+03 1.042907680765531353e+01 1.303519742693099457e-03
3.272473445906688539e+03 1.043112589065119167e+01 1.306206784388766690e-03
3.272475760811718374e+03 1.043312123902913768e+01 1.307568053738532993e-03
3.272478075716747298e+03 1.043055472563435515e+01 1.305010369157891649e-03
3.272480390621776678e+03 1.042993989850462988e+01 1.304712486070131166e-03
3.272482705526340851e+03 1.042920101392398280e+01 1.303637429778120062e-03
3.272485020431370685e+03 1.043007854168852688e+01 1.305440745228995860e-03
3.272487335336400520e+03 1.043044241189088162e+01 1.305324542870373722e-03
3.272489650240963783e+03 1.042975182982047322e+01 1.305382601943796137e-03
3.272491965145994072e+03 1.042916195655893929e+01 1.304495246471447552e-03
3.272494280051022997e+03 1.043155240108097992e+01 1.307263601218064397e-03
3.272496594955586261e+03 1.042745227245103123e+01 1.302299642782571345e-03
3.272498909860616550e+03 1.042909533665995525e+01 1.304316310271688359e-03
3.272501224765180268e+03 1.042929078042871538e+01 1.306119546132329797e-03
3.272503539670210102e+03 1.042748748354749821e+01 1.302928673129868974e-03
3.272505854575239482e+03 1.042889473683079160e+01 1.304621290684745321e-03
3.272508169479803655e+03 1.043078756060150525e+01 1.306715704395179731e-03
3.272510484384832580e+03 1.042438224390016188e+01 1.300261361721830045e-03
3.272512799289861505e+03 1.042277739203717069e+01 1.299045176810905734e-03
3.272515114194424314e+03 1.042706462592351357e+01 1.303570793998143048e-03
3.272517429099453693e+03 1.042678532385335544e+01 1.303068661902596426e-03
3.272519744004017866e+03 1.042805274089044687e+01 1.304238759262354910e-03
3.272522058909046791e+03 1.042219496841424586e+01 1.298926816115880982e-03
3.272524373814077080e+03 1.042188889584538813e+01 1.297746122190680546e-03
3.272526688718640798e+03 1.041908305590290773e+01 1.295329537184945626e-03
3.272529003623670633e+03 1.042315788522236630e+01 1.299658531032016513e-03
3.272531318528234806e+03 1.042219160133178590e+01 1.298855822285547830e-03
3.272533633433264185e+03 1.042410261187976772e+01 1.300914883068749655e-03
3.272535948337827904e+03 1.042212982541589206e+01 1.299357359312900946e-03
3.272538263242856829e+03 1.041919406836603557e+01 1.296289444864154577e-03
3.272540578147886663e+03 1.041904314548867383e+01 1.295705690647738946e-03
3.272542893052450381e+03 1.041921573632084908e+01 1.295950642150895098e-03
3.272545207957479761e+03 1.042271938115222163e+01 1.300829197226518194e-03
3.272547522862043934e+03 1.041515627850356829e+01 1.292281695332031261e-03
3.272549837767073768e+03 1.041779421594257826e+01 1.295159867001764590e-03
3.272552152671637486e+03 1.041806094320243936e+01 1.296147482897191732e-03
3.272554467576666866e+03 1.041904804780387472e+01 1.296843451117393655e-03
3.272556782481696246e+03 1.041639731213974329e+01 1.294235528247074472e-03
3.272559097386260419e+03 1.041389424349765669e+01 1.292153799031315166e-03
3.272561412291289344e+03 1.041260490653767512e+01 1.290615627755811474e-03
3.272563727195853971e+03 1.041532595279286433e+01 1.292763344487731251e-03
3.272566042100882441e+03 1.041772542125051970e+01 1.295832319776123566e-03
3.272568357005446614e+03 1.041584839641718929e+01 1.294826961656260055e-03
3.272570671910475539e+03 1.041274983555505607e+01 1.292256959989396877e-03
3.272572986815504464e+03 1.041619196820382598e+01 1.295093526282742194e-03
3.272575301720068637e+03 1.041247947011761710e+01 1.291936485263323487e-03
3.272577616625098472e+03 1.041131695063441143e+01 1.291458849617589926e-03
3.272579931529661735e+03 1.041033739613035891e+01 1.290785029138399398e-03
3.272582246434691115e+03 1.040906850246596171e+01 1.289316353938816393e-03
3.272584561339254833e+03 1.040747799260424955e+01 1.287752277632963575e-03
3.272586876244284667e+03 1.040483202876871260e+01 1.284919505923436643e-03
3.272589191149314047e+03 1.040813747947368562e+01 1.288667720016442586e-03
3.272591506053878220e+03 1.040713673789330151e+01 1.288101221460906083e-03
3.272593820958908054e+03 1.040657132233597437e+01 1.287964502734950840e-03
3.272596135863471318e+03 1.040292473203771806e+01 1.284094342135656342e-03
3.272598450768500697e+03 1.040159733774157580e+01 1.282484298447940374e-03
3.272600765673530532e+03 1.040437949845019716e+01 1.286903952075763328e-03
3.272603080578093795e+03 1.039936264396486365e+01 1.281434533857737012e-03
3.272605395483123630e+03 1.040401426461571432e+01 1.286637283455653894e-03
3.272607710388153009e+03 1.040025842535882106e+01 1.282576879203352815e-03
3.272610025292716273e+03 1.039984791115674412e+01 1.282344459388281687e-03
3.272612340197745652e+03 1.039581959162598324e+01 1.278056212670647005e-03
3.272614655102775941e+03 1.039827479143613331e+01 1.282244715147936188e-03
3.272616970007339660e+03 1.039760070171877615e+01 1.280847324007443593e-03
3.272619284912369494e+03 1.039483873741516184e+01 1.279368690018267696e-03
3.272621599817398419e+03 1.039205794464517041e+01 1.275773229674483219e-03
3.272623914721963047e+03 1.039738269383866687e+01 1.282036294397336006e-03
3.272626229626991517e+03 1.039288110694710277e+01 1.277923624751475416e-03
3.272628544532020442e+03 1.038830680425214403e+01 1.273672259134178090e-03
3.272630859436584160e+03 1.038666030212953117e+01 1.271403629558998626e-03
3.272633174341613540e+03 1.039129122302722408e+01 1.276375021652542338e-03
3.272635489246642919e+03 1.038917895005715053e+01 1.274452902979115879e-03
3.272637804151672754e+03 1.038500839769970341e+01 1.271027038984424073e-03
3.272640119056236927e+03 1.038459173163366245e+01 1.269457545520124827e-03
3.272642433961265851e+03 1.038554842492253627e+01 1.271943114707672602e-03
3.272644748866295231e+03 1.038762502086703421e+01 1.273780413790418344e-03
3.272647063771325520e+03 1.038477457100757384e+01 1.271391047737221698e-03
3.272649378676355809e+03 1.038411491014419141e+01 1.270838274286608229e-03
3.272651693580919073e+03 1.038181211892840139e+01 1.269237227183928236e-03
3.272654008485948452e+03 1.038407887935660767e+01 1.272182786142286425e-03
3.272656323390977832e+03 1.038097094497637940e+01 1.267675723952318891e-03
3.272658638296006757e+03 1.038108268130150691e+01 1.268536375242034940e-03
3.272660953201036591e+03 1.037678680642799023e+01 1.264607219036156674e-03
3.272663268106065971e+03 1.037455717982552628e+01 1.262409335842152843e-03
3.272665583011095805e+03 1.037756803754651713e+01 1.265299916891546089e-03
3.272667897916125639e+03 1.037747421055217778e+01 1.266169413081999527e-03
3.272670212820688903e+03 1.038060156217400198e+01 1.269783815940126034e-03
3.272672527725718282e+03 1.037430599408490650e+01 1.262833019694698010e-03
3.272674842630748117e+03 1.037800737061809464e+01 1.266583852554054425e-03
3.272677157535777496e+03 1.037630455588462830e+01 1.264949051051301229e-03
3.272679472440806876e+03 1.037645509500804231e+01 1.265835703280667520e-03
3.272681787345835801e+03 1.036913511332777738e+01 1.258496293763864803e-03
3.272684102250865180e+03 1.037147096914843836e+01 1.260828316324728643e-03
3.272686417155894105e+03 1.037481022873231495e+01 1.264435212667880870e-03
3.272688732060923485e+03 1.037150688968470291e+01 1.260702356591337885e-03
3.272691046965952864e+03 1.037118700442384345e+01 1.261474325927718467e-03
3.272693361870982699e+03 1.036674488898351321e+01 1.255778618579053360e-03
3.272695676776477740e+03 1.037130950876993651e+01 1.261047564687836804e-03
3.272697991681507574e+03 1.037262697983948456e+01 1.262976038395524463e-03
3.272700306586536954e+03 1.037171383389372536e+01 1.261688718067620731e-03
3.272702621491565878e+03 1.036817130016185473e+01 1.258514438147801534e-03
3.272704936396595258e+03 1.036861602698843043e+01 1.258914100166625078e-03
3.272707251301625547e+03 1.037194994332826425e+01 1.263127215716426449e-03
3.272709566206655381e+03 1.036958556412120025e+01 1.260245803056559517e-03
3.272711881112150422e+03 1.036750144584636857e+01 1.257795593062012614e-03
3.272714196017178892e+03 1.037062800690790709e+01 1.262048749485598573e-03
3.272716510922208727e+03 1.037028208229007298e+01 1.260455973692553187e-03
3.272718825827238561e+03 1.036747338836262244e+01 1.257880083803319385e-03
3.272721140732733602e+03 1.036940717852107952e+01 1.259806408774876612e-03
3.272723455637762981e+03 1.036840472241097366e+01 1.259644568060416065e-03
3.272725770542792816e+03 1.036796019715608175e+01 1.258533439759906706e-03
3.272728085448287857e+03 1.036622563634433725e+01 1.257582948150237504e-03
3.272730400353317236e+03 1.036786934837872920e+01 1.259565095264380619e-03
3.272732715258347071e+03 1.036722114725764676e+01 1.258283770760599673e-03
3.272735030163842112e+03 1.036733180851465264e+01 1.258751632980248305e-03
3.272737345068871491e+03 1.036870455480821107e+01 1.260900191532484012e-03
3.272739659974366077e+03 1.036411844384037195e+01 1.256079143657184462e-03
3.272741974879394547e+03 1.036266452318547593e+01 1.254005545182247097e-03
3.272744289784890043e+03 1.036488014508161903e+01 1.255974707451291755e-03
3.272746604689919423e+03 1.036731172200227391e+01 1.258910388769113710e-03
3.272748919595414463e+03 1.036384177595453870e+01 1.254978346927135800e-03
3.272751234500909959e+03 1.036577342771077426e+01 1.257317688598147019e-03
3.272753549405939339e+03 1.036196454331040684e+01 1.253777027936916425e-03
3.272755864311434834e+03 1.036726419682248412e+01 1.260380311940508327e-03
3.272758179216464669e+03 1.036440824630887825e+01 1.256236066103129682e-03
3.272760494121960164e+03 1.036275355733616266e+01 1.254139228826407944e-03
3.272762809027454750e+03 1.036597302408884858e+01 1.258414354205305728e-03
3.272765123932949791e+03 1.036397248468441390e+01 1.256901888979289643e-03
3.272767438837979626e+03 1.036133209622681761e+01 1.253299134026083237e-03
3.272769753743474212e+03 1.036409730080621472e+01 1.256061884603713787e-03
3.272772068648970162e+03 1.036273825622480516e+01 1.255478680774510742e-03
3.272774383554464293e+03 1.036621495525447578e+01 1.259433476786044797e-03
3.272776698459959334e+03 1.036358475157935644e+01 1.255656589841903361e-03
3.272779013364989623e+03 1.036136333480511951e+01 1.254489100607689188e-03
3.272781328270484664e+03 1.036076916808734438e+01 1.252982210232401940e-03
3.272783643175980160e+03 1.036219823447107480e+01 1.254496577790727282e-03
3.272785958081474746e+03 1.036347899420544749e+01 1.256603247050811899e-03
3.272788272986970696e+03 1.036031150989083649e+01 1.252903193392080434e-03
3.272790587892464828e+03 1.036427956981228782e+01 1.256807080603285741e-03
3.272792902797960778e+03 1.036217457909189044e+01 1.255603082786509303e-03
3.272795217703454455e+03 1.036065109873002399e+01 1.254072139329712437e-03
3.272797532608949496e+03 1.036245055067661625e+01 1.254937268977457301e-03
3.272799847514910653e+03 1.035728313406011480e+01 1.250208264933498582e-03
3.272802162420405693e+03 1.035916336599385801e+01 1.251912227072254869e-03
3.272804477325900734e+03 1.036306216051710294e+01 1.256186243109508067e-03
3.272806792231395775e+03 1.036260430576072800e+01 1.255707320342460461e-03
3.272809107137356477e+03 1.036089907202825167e+01 1.253434098291127943e-03
3.272811422042851973e+03 1.036146998381851603e+01 1.254247495532948443e-03
3.272813736948346559e+03 1.036178465996514753e+01 1.254580494534012413e-03
3.272816051853842509e+03 1.035946568955653291e+01 1.252888865467582545e-03
3.272818366759803212e+03 1.036038450438805469e+01 1.253940297435568842e-03
3.272820681665298707e+03 1.036311274851334119e+01 1.256694116127075010e-03
3.272822996571258955e+03 1.036425825247532373e+01 1.257410486988550869e-03
3.272825311476754450e+03 1.035972798153036756e+01 1.252678574348802584e-03
3.272827626382715152e+03 1.035679601532429572e+01 1.249195818351769849e-03
3.272829941288209739e+03 1.035975079123135778e+01 1.253768000276590973e-03
3.272832256194170895e+03 1.035821892537503075e+01 1.251925948048334368e-03
3.272834571099665482e+03 1.036207305892786223e+01 1.255462961490325016e-03
3.272836886005626184e+03 1.036263434579287335e+01 1.255573281576494388e-03
3.272839200911587795e+03 1.036320671264637561e+01 1.256646664386293528e-03
3.272841515817082836e+03 1.035878339064268339e+01 1.252238235551544118e-03
3.272843830723043993e+03 1.036140816146425614e+01 1.254867279839342459e-03
3.272846145629004241e+03 1.035996635456042370e+01 1.253425093932910997e-03
3.272848460534965398e+03 1.036396837955538786e+01 1.256220133582492890e-03
3.272850775440925645e+03 1.036036475071551699e+01 1.252934076768654403e-03
3.272853090346885438e+03 1.036362534318289441e+01 1.257015676169188348e-03
3.272855405252380478e+03 1.036428458642483541e+01 1.257053945328692659e-03
3.272857720158341181e+03 1.036178601401761412e+01 1.254614396592699252e-03
3.272860035064302792e+03 1.036212704853691235e+01 1.255003962496702326e-03
3.272862349970263494e+03 1.036299160257248708e+01 1.256060035756725087e-03
3.272864664876690767e+03 1.036580193988664789e+01 1.260315507877275958e-03
3.272866979782651015e+03 1.036225915782370599e+01 1.255911590826152722e-03
3.272869294688611262e+03 1.035861159752489158e+01 1.253464627585975299e-03
3.272871609594572874e+03 1.036141929666609229e+01 1.256428351497578628e-03
3.272873924500533576e+03 1.036317043499133383e+01 1.258791056486097473e-03
3.272876239406494278e+03 1.036113212249496840e+01 1.257741081003846580e-03
3.272878554312920642e+03 1.036241821599659829e+01 1.260349975346581946e-03
3.272880869218882253e+03 1.036492916297664024e+01 1.263637226687100695e-03
3.272883184124842501e+03 1.036580897342783025e+01 1.265729864134726174e-03
3.272885499031268409e+03 1.036407498996302934e+01 1.265554528943571132e-03
3.272887813937230021e+03 1.036282224151370812e+01 1.264681601355367550e-03
3.272890128843656385e+03 1.036290345401996937e+01 1.267254967944672758e-03
3.272892443749617541e+03 1.036348396992549326e+01 1.268131486866867384e-03
3.272894758656042995e+03 1.036345983425976947e+01 1.270076022451595028e-03
3.272897073562004607e+03 1.036293255661056101e+01 1.271541752472468180e-03
3.272899388468430971e+03 1.036563338533989409e+01 1.276017430443700165e-03
3.272901703374857789e+03 1.036232019418886452e+01 1.274125820897179960e-03
3.272904018280818036e+03 1.036444732598062402e+01 1.279451236084547770e-03
3.272906333187244854e+03 1.036065920773757476e+01 1.277199056670506741e-03
3.272908648093671218e+03 1.036401869455955094e+01 1.283459123537881346e-03
3.272910963000095762e+03 1.036372801000984012e+01 1.284442087475710492e-03
3.272913277906522580e+03 1.036451516320947341e+01 1.287328132902129533e-03
3.272915592812948944e+03 1.036479261007350772e+01 1.290212311773499378e-03
3.272917907719375762e+03 1.036532295048431962e+01 1.293419444292243916e-03
3.272920222625802580e+03 1.036749725738668459e+01 1.298796870106147137e-03
3.272922537532228489e+03 1.036417063945943617e+01 1.296991607875129298e-03
3.272924852438655762e+03 1.036362499696908834e+01 1.299094925690312151e-03
3.272927167345081671e+03 1.036841975001649985e+01 1.306412798800194027e-03
3.272929482251507579e+03 1.036933491710336241e+01 1.310049506544648436e-03
3.272931797157934398e+03 1.036764074598454144e+01 1.310787176559499549e-03
3.272934112064361216e+03 1.036565986154758967e+01 1.310918523090999661e-03
3.272936426971253695e+03 1.036480282109441653e+01 1.313702991269629023e-03
3.272938741877680059e+03 1.036549536581714115e+01 1.316501377214431218e-03
3.272941056784106877e+03 1.036541193636775482e+01 1.318550772382115228e-03
3.272943371690998447e+03 1.036881754789870058e+01 1.324915448221045209e-03
3.272945686597424356e+03 1.036638563285603354e+01 1.324959144602694955e-03
3.272948001504316835e+03 1.036637490223488101e+01 1.328068602908141337e-03
3.272950316410743653e+03 1.036461883614281732e+01 1.328673866868531868e-03
3.272952631317636133e+03 1.036200420018952784e+01 1.328853231205628276e-03
3.272954946224527703e+03 1.036366425274281511e+01 1.333631950248336017e-03
3.272957261130954976e+03 1.036672462865657174e+01 1.340828228426142873e-03
3.272959576037846546e+03 1.036664811056822444e+01 1.343612361372172092e-03
3.272961890944738570e+03 1.036316868147685000e+01 1.342310500912938936e-03
3.272964205851630140e+03 1.037053955093628232e+01 1.354529319612277766e-03
3.272966520758521256e+03 1.036544001775918389e+01 1.351628858642715206e-03
3.272968835665414190e+03 1.036418026764335565e+01 1.353797171575921556e-03
3.272971150572305305e+03 1.036239598407917661e+01 1.354726055752869659e-03
3.272973465479197330e+03 1.036150391863994713e+01 1.357367456687363656e-03
3.272975780386090264e+03 1.036546861774006700e+01 1.365552613535200421e-03
3.272978095292982289e+03 1.036068562739059118e+01 1.364473255938913020e-03
3.272980410199875223e+03 1.036220935887604711e+01 1.369507910678520934e-03
3.272982725106767248e+03 1.036224820053343798e+01 1.374123525901586266e-03
3.272985040013659273e+03 1.036552896594549367e+01 1.381293614751792024e-03
3.272987354921016959e+03 1.036040014439215007e+01 1.378772558430517870e-03
3.272989669827909438e+03 1.036485608206975861e+01 1.388052951895090608e-03
3.272991984734801463e+03 1.036504096120168938e+01 1.393292272694850609e-03
3.272994299642158694e+03 1.036287096252855378e+01 1.394756076143019007e-03
3.272996614549051628e+03 1.035940342322914987e+01 1.394017153946535423e-03
3.276237495929418401e+03 1.040817102857340259e+01 1.364775675232841358e-03
3.276239810843295345e+03 1.041172489252499211e+01 1.368855072299056267e-03
3.276242125757638405e+03 1.040857695293078855e+01 1.365348511945117544e-03
3.276244440671515804e+03 1.041037216218788863e+01 1.366532424299069784e-03
3.276246755585392748e+03 1.041063129565065637e+01 1.368162371837128169e-03
3.276249070499270147e+03 1.040901144220085328e+01 1.365659259258751590e-03
3.276251385413611843e+03 1.041150512675400641e+01 1.368563439411874015e-03
3.276253700327489241e+03 1.040910614147125912e+01 1.365684123316752681e-03
3.276256015241366640e+03 1.040925182039236674e+01 1.366385904912062943e-03
3.276258330155243584e+03 1.041024845675199018e+01 1.366778482298502918e-03
3.276260645069120983e+03 1.040894103020335670e+01 1.366537766542351645e-03
3.276262959982998382e+03 1.040642841833711252e+01 1.362708282067951913e-03
3.276265274897340987e+03 1.040815100979532204e+01 1.364229048938527498e-03
3.276267589811217476e+03 1.040901949202607213e+01 1.366535785878259272e-03
3.276269904725094875e+03 1.040288349484736941e+01 1.358215426441437574e-03
3.276272219638971364e+03 1.041013930362082718e+01 1.366942521353609269e-03
3.276274534552848309e+03 1.041116611812071646e+01 1.368302367650622679e-03
3.276276849465329178e+03 1.041218908102967688e+01 1.369349105610851835e-03
3.276279164379206577e+03 1.040607231129392574e+01 1.362790171951279612e-03
3.276281479293083521e+03 1.040438373374853143e+01 1.360203029365601246e-03
3.276283794206960465e+03 1.040745317919351542e+01 1.364405817785911646e-03
3.276286109120837864e+03 1.040557507043913965e+01 1.362228204152579007e-03
3.276288424034714808e+03 1.040740748424725304e+01 1.363756171219539454e-03
3.276290738948591297e+03 1.040501415383001671e+01 1.361191257279825359e-03
3.276293053862466877e+03 1.040715080388513947e+01 1.363425434187514208e-03
3.276295368776343821e+03 1.040388277708986209e+01 1.359830859547077201e-03
3.276297683690221675e+03 1.040368699650742634e+01 1.359404766256923618e-03
3.276299998604099073e+03 1.040975099593256559e+01 1.366540548611348480e-03
3.276302313517509901e+03 1.040244426724614080e+01 1.357675021357751749e-03
3.276304628431386845e+03 1.040839000324123731e+01 1.364721116031493821e-03
3.276306943345264699e+03 1.040474138922419556e+01 1.359671516627345084e-03
3.276309258259141643e+03 1.040655522531866772e+01 1.362029619602924367e-03
3.276311573173019042e+03 1.040563951186392444e+01 1.360859245273458298e-03
3.276313888086429870e+03 1.040712036802673524e+01 1.361963670612265261e-03
3.276316203000306814e+03 1.040399105649911604e+01 1.358470606360085483e-03
3.276318517914184667e+03 1.040611555735115523e+01 1.361384481505980475e-03
3.276320832827596405e+03 1.040914445048553283e+01 1.365000720876187847e-03
3.276323147741472894e+03 1.040563810970827063e+01 1.360481484115961918e-03
3.276325462655349838e+03 1.041017313721428650e+01 1.366052502540902967e-03
3.276327777568762031e+03 1.040848659876020577e+01 1.362540155340063487e-03
3.276330092482639429e+03 1.041238823113577894e+01 1.368023595213740170e-03
3.276332407396050712e+03 1.040669622506186265e+01 1.360350118868171136e-03
3.276334722309927201e+03 1.040908982259152538e+01 1.363791013070974690e-03
3.276337037223804600e+03 1.040799312295714252e+01 1.361654239136613842e-03
3.276339352137215428e+03 1.040704256475751244e+01 1.359969438898257733e-03
3.276341667051092372e+03 1.040455943792278859e+01 1.356930644729537234e-03
3.276343981964504565e+03 1.041165850616816613e+01 1.364896788469219160e-03
3.276346296878381509e+03 1.040508271912429095e+01 1.356705103906491417e-03
3.276348611791792337e+03 1.040851832082146089e+01 1.361212121249531131e-03
3.276350926705203619e+03 1.040811103802875692e+01 1.360813183536800988e-03
3.276353241619080563e+03 1.041356168434884921e+01 1.366260908388499838e-03
3.276355556532490937e+03 1.040965346135329028e+01 1.361600366967344669e-03
3.276357871446368335e+03 1.041454062774939260e+01 1.367166498383806618e-03
3.276360186359780073e+03 1.040868620330684813e+01 1.360912156050090530e-03
3.276362501273191810e+03 1.040589896940501902e+01 1.356547218809366290e-03
3.276364816187068755e+03 1.040849478354388324e+01 1.360106017043071847e-03
3.276367131100480492e+03 1.041153496479446261e+01 1.363209895374873845e-03
3.276369446013891320e+03 1.041591130810247456e+01 1.367929508778573675e-03
3.276371760927768264e+03 1.041375319832833135e+01 1.364841153926106988e-03
3.276374075841180002e+03 1.041032038519699654e+01 1.360553354564860351e-03
3.276376390754590830e+03 1.041046732052996404e+01 1.361537680964918472e-03
3.276378705668002567e+03 1.040999959009300113e+01 1.359470078552408060e-03
3.276381020581413850e+03 1.041403567045451872e+01 1.363865867056348290e-03
3.276383335495291249e+03 1.041285419162855597e+01 1.362691829556171011e-03
3.276385650408702986e+03 1.041345654466390513e+01 1.363509403574133475e-03
3.276387965322113814e+03 1.040977260678535288e+01 1.358470074238013600e-03
3.276390280235526006e+03 1.041519586221006044e+01 1.365535327075636726e-03
3.276392595148937289e+03 1.041090461385535804e+01 1.359180403835652398e-03
3.276394910062349027e+03 1.041603735934105046e+01 1.364953023514369401e-03
3.276397224975759400e+03 1.041466739655599838e+01 1.363924598462811508e-03
3.276399539889171592e+03 1.041621295474810616e+01 1.365120286311409959e-03
3.276401854802582420e+03 1.041591671766143534e+01 1.364920720282363420e-03
3.276404169715993703e+03 1.041671658007847867e+01 1.364839317314461018e-03
3.276406484629404531e+03 1.041599448684017482e+01 1.364324888705858996e-03
3.276408799542815359e+03 1.041290981854995223e+01 1.360929572312573506e-03
3.276411114456227551e+03 1.041418811812936873e+01 1.360807672286963197e-03
3.276413429369638834e+03 1.041747986936407244e+01 1.365213680554342585e-03
3.276415744283050572e+03 1.041330582858968512e+01 1.361093855290508190e-03
3.276418059196460945e+03 1.041746948514332338e+01 1.365014289872605200e-03
3.276420374109872682e+03 1.041985108566028018e+01 1.367598026819106865e-03
3.276422689023284875e+03 1.041743594470259282e+01 1.364673080129972594e-03
3.276425003936230496e+03 1.041258744968578753e+01 1.357992811702244838e-03
3.276427318849641779e+03 1.042015653096468242e+01 1.366943625890630360e-03
3.276429633763053516e+03 1.041553774734961557e+01 1.361220401502070965e-03
3.276431948676465254e+03 1.042090030882436125e+01 1.368096463167588770e-03
3.276434263589876537e+03 1.041372291666720962e+01 1.359036591659080551e-03
3.276436578502822613e+03 1.041681529036380560e+01 1.362209664947941186e-03
3.276438893416232986e+03 1.042221173010246638e+01 1.367934106372427263e-03
3.276441208329644724e+03 1.041920140946196227e+01 1.364683365733709158e-03
3.276443523242590345e+03 1.042222439839779469e+01 1.367815845008123242e-03
3.276445838156002083e+03 1.042223171664117842e+01 1.367532434548170313e-03
3.276448153069413820e+03 1.041743963531434503e+01 1.362010702649068790e-03
3.276450467982359442e+03 1.042071262075387494e+01 1.365511305790759059e-03
3.276452782895771179e+03 1.042488918547942056e+01 1.369671092490771592e-03
3.276455097809182462e+03 1.042315753473377349e+01 1.367874298403400773e-03
3.276457412722128538e+03 1.042222124519841486e+01 1.366132433050350290e-03
3.276459727635538457e+03 1.042065291568900776e+01 1.363679029965187252e-03
3.276462042548484078e+03 1.042620777063062576e+01 1.370336342881841619e-03
3.276464357461894906e+03 1.042409806484667456e+01 1.368799522873930972e-03
3.276466672374840527e+03 1.042489692326096495e+01 1.368005719710915042e-03
3.276468987288252720e+03 1.042406576708885702e+01 1.366592679540926808e-03
3.276471302201198341e+03 1.042835733169320278e+01 1.371080176720414993e-03
3.276473617114144417e+03 1.042620487800813223e+01 1.368923278037907990e-03
3.276475932027555245e+03 1.042662133711541017e+01 1.369840326211739468e-03
3.276478246940501776e+03 1.042495780741674416e+01 1.367161679041081594e-03
3.276480561853913514e+03 1.042673096548046985e+01 1.369021154982424460e-03
3.276482876766859135e+03 1.042594712687452940e+01 1.367811983563384411e-03
3.276485191679803847e+03 1.042618678662158338e+01 1.367249966828689876e-03
3.276487506593215585e+03 1.042631589410489212e+01 1.367963134530592213e-03
3.276489821506161661e+03 1.043249971704842771e+01 1.374528018031023801e-03
3.276492136419106828e+03 1.043056053169428310e+01 1.372362484731909577e-03
3.276494451332052904e+03 1.042743481089055990e+01 1.368146051995009198e-03
3.276496766245464642e+03 1.043022675186285042e+01 1.370930683171402284e-03
3.276499081158410718e+03 1.042718111999849384e+01 1.367475122341749736e-03
3.276501396071356794e+03 1.043083520118569396e+01 1.371808287192045504e-03
3.276503710984301961e+03 1.042733900471693786e+01 1.367069613436358621e-03
3.276506025897247582e+03 1.042580505213170383e+01 1.365268248900215970e-03
3.276508340810658410e+03 1.043227829796786921e+01 1.372207115611627981e-03
3.276510655723604941e+03 1.043065030498680379e+01 1.370654823321949909e-03
3.276512970636550563e+03 1.043151371162684349e+01 1.371154577497467461e-03
3.276515285549496639e+03 1.043256728172205072e+01 1.372672303996508216e-03
3.276517600462441806e+03 1.043673156978043615e+01 1.376461149840424187e-03
3.276519915375386972e+03 1.043160129619968934e+01 1.370421850268709746e-03
3.276522230288332594e+03 1.043514158805991343e+01 1.374686182947077373e-03
3.276524545201278670e+03 1.043442905155397682e+01 1.372860705798917627e-03
3.276526860114223382e+03 1.043205169557181478e+01 1.369877158257440386e-03
3.276529175027169458e+03 1.043728816599449871e+01 1.376268208167397535e-03
3.276531489940115534e+03 1.043787521448855493e+01 1.376841707707404140e-03
3.276533804853061611e+03 1.043740945123810526e+01 1.375703252334180716e-03
3.276536119766007687e+03 1.044269023753178161e+01 1.381515978513063372e-03
3.276538434678953308e+03 1.043803747290962036e+01 1.375987789170636348e-03
3.276540749591433723e+03 1.043356636565779283e+01 1.369810948033993274e-03
3.276543064504379799e+03 1.043944128645206959e+01 1.377072311802322912e-03
3.276545379417324966e+03 1.043750952313841651e+01 1.373763701195463956e-03
3.276547694330270588e+03 1.044138760282886125e+01 1.379149630739142859e-03
3.276550009243215754e+03 1.044226633150109507e+01 1.379212328724755635e-03
3.276552324155696624e+03 1.043745858873348631e+01 1.373837702140089274e-03
3.276554639068642246e+03 1.043698788789479970e+01 1.373455126730363822e-03
3.276556953981587867e+03 1.044113595020759533e+01 1.378018338289976278e-03
3.276559268894533488e+03 1.044021657219429144e+01 1.376099678204641521e-03
3.276561583807013903e+03 1.044483697601020644e+01 1.381150423733094879e-03
3.276563898719960434e+03 1.044171387115189908e+01 1.377700589096242639e-03
3.276566213632906056e+03 1.043477014648558310e+01 1.369074812696802939e-03
3.276568528545385561e+03 1.044282481786253314e+01 1.379308341381600602e-03
3.276570843458331183e+03 1.044286394511922289e+01 1.377278939700687065e-03
3.276573158370811143e+03 1.044222254447944209e+01 1.376799676125067123e-03
3.276575473283755855e+03 1.044779386847816482e+01 1.383453410272972479e-03
3.276577788196701476e+03 1.044635765282897921e+01 1.381831638287124575e-03
3.276580103109181437e+03 1.044586286756102211e+01 1.380753884104064019e-03
3.276582418022127968e+03 1.044553565269917428e+01 1.380282918444444232e-03
3.276584732934608382e+03 1.044326007384889543e+01 1.377598392311477635e-03
3.276587047847554004e+03 1.044857166367958357e+01 1.383208192878143715e-03
3.276589362760033509e+03 1.044616400998711647e+01 1.380977500099384025e-03
3.276591677672979586e+03 1.044930863869763726e+01 1.383993490670445926e-03
3.276593992585459546e+03 1.044222286004887401e+01 1.375019135483040696e-03
3.276596307497939506e+03 1.044791764856410943e+01 1.381613314360363763e-03
3.276598622410885582e+03 1.045395846094472425e+01 1.389248997953107783e-03
3.276600937323365542e+03 1.045183516553101555e+01 1.386364882787515353e-03
3.276603252235845957e+03 1.045003231764672336e+01 1.383315839369616542e-03
3.276605567148791579e+03 1.045424788490665691e+01 1.388816417862126376e-03
3.276607882061271994e+03 1.045001353458704685e+01 1.383280011634176448e-03
3.276610196973752409e+03 1.044970734899723652e+01 1.382868803367654073e-03
3.276612511886698030e+03 1.045358902250952049e+01 1.387732368944371393e-03
3.276614826799177536e+03 1.044778033710438514e+01 1.379584953309781481e-03
3.276617141711657496e+03 1.045012124901790074e+01 1.382494981499710019e-03
3.276619456624137456e+03 1.045235595717113775e+01 1.385430815018260991e-03
3.276621771536617416e+03 1.045607912603718859e+01 1.389734371357553540e-03
3.276624086449097831e+03 1.044894810523570072e+01 1.380504153136231840e-03
3.276626401362044817e+03 1.045131649106807892e+01 1.383225785887486460e-03
3.276628716274523867e+03 1.045283907868315509e+01 1.384900149097488369e-03
3.276631031187003373e+03 1.045515809552159325e+01 1.388159605406556404e-03
3.276633346099482878e+03 1.045508113281769624e+01 1.386786702945791731e-03
3.276635661011962384e+03 1.045505841881220022e+01 1.386763211820777990e-03
3.276637975924442799e+03 1.045831386038684485e+01 1.390178285386865558e-03
3.276640290836923668e+03 1.045523414614678259e+01 1.386664762892531391e-03
3.276642605749404083e+03 1.045306710867464517e+01 1.383376829250990755e-03
3.276644920661884044e+03 1.045523583331710959e+01 1.386755373315148041e-03
3.276647235574363549e+03 1.045228531362901236e+01 1.383219711006001239e-03
3.276649550486843964e+03 1.045635847862626910e+01 1.387206829443908941e-03
3.276651865399324379e+03 1.045569215504784211e+01 1.385851121606663768e-03
3.276654180311804339e+03 1.045306212975487803e+01 1.381874960431947246e-03
3.276656495224283844e+03 1.045554166565147547e+01 1.385736214740810246e-03
3.276658810136299053e+03 1.045899624828204821e+01 1.389850458262082995e-03
3.276661125048779013e+03 1.045632901577472218e+01 1.386124774458024483e-03
3.276663439961258518e+03 1.045656152099393665e+01 1.386313902091682515e-03
3.276665754873738933e+03 1.045169340316171080e+01 1.380747856124085998e-03
3.276668069786219348e+03 1.045909784886793759e+01 1.389885306541563609e-03
3.276670384698234102e+03 1.045766314005537367e+01 1.387376566260404079e-03
3.276672699610714062e+03 1.045903575962175758e+01 1.388399660588632420e-03
3.276675014523194022e+03 1.045936668351518151e+01 1.389249129408967652e-03
3.276677329435673983e+03 1.045877079836867551e+01 1.388139682703510951e-03
3.276679644347687827e+03 1.045315745872090929e+01 1.380731386506434989e-03
3.276681959260168696e+03 1.045615272413158081e+01 1.385633154488063665e-03
3.276684274172648657e+03 1.046072331460247895e+01 1.390736146263776103e-03
3.276686589084662955e+03 1.045810771295171016e+01 1.387492751435798069e-03
3.276688903997142461e+03 1.045878075907047666e+01 1.388301104290796473e-03
3.276691218909156305e+03 1.045493436965949918e+01 1.382949711847795190e-03
3.276693533821636265e+03 1.045873557061357850e+01 1.387471859611247565e-03
3.276695848733651019e+03 1.045588309910233704e+01 1.383990884575795515e-03
3.276698163646131434e+03 1.045864015895489985e+01 1.387669482989397837e-03
3.276700478558145733e+03 1.045685172332529334e+01 1.384918994542317598e-03
3.276702793470625693e+03 1.045704729978525904e+01 1.384722780372416549e-03
3.276705108382640447e+03 1.046216905112538953e+01 1.391131331704805862e-03
3.276707423295120407e+03 1.046048977975404526e+01 1.389149127494394278e-03
3.276709738207134251e+03 1.045719499601650782e+01 1.385157987185327549e-03
3.276712053119615121e+03 1.045904885849376065e+01 1.387586498471371933e-03
3.276714368031629419e+03 1.045876415698850437e+01 1.387417698738559798e-03
3.276716682943644173e+03 1.045768994178755307e+01 1.385682242599572001e-03
3.276718997856123679e+03 1.046008225172509221e+01 1.389360583290210260e-03
3.276721312768138887e+03 1.045886429988824773e+01 1.386972332085730647e-03
3.276723627680152276e+03 1.046170754145076920e+01 1.390487757111745189e-03
3.276725942592632236e+03 1.046345410943961873e+01 1.392064452532226467e-03
3.276728257504646990e+03 1.046186179122891780e+01 1.390692767923964665e-03
3.276730572416661744e+03 1.045719665736583792e+01 1.384309279091116120e-03
3.276732887328676497e+03 1.045906980643729334e+01 1.386058388656375004e-03
3.276735202240690342e+03 1.045982091510912682e+01 1.387431823961583375e-03
3.276737517153171211e+03 1.046391005312801781e+01 1.392908474054851140e-03
3.276739832065185510e+03 1.045850910107867193e+01 1.384926114539300219e-03
3.276742146977199354e+03 1.046091250776818526e+01 1.389315507249461960e-03
3.276744461889212289e+03 1.046250851939260684e+01 1.390729307314252008e-03
3.276746776801226588e+03 1.045966529967726188e+01 1.386629317556178952e-03
3.276749091713241796e+03 1.045916272452821083e+01 1.387025879498571040e-03
3.276751406625256550e+03 1.046218314279022898e+01 1.390575265869710159e-03
3.276753721537270849e+03 1.046160748883409930e+01 1.389204981706620512e-03
3.276756036449286057e+03 1.046168044419948728e+01 1.389183212319239011e-03
3.276758351361299901e+03 1.046348453929547340e+01 1.391698581301457948e-03
3.276760666273314200e+03 1.046278420611160698e+01 1.390257075685149982e-03
3.276762981185328954e+03 1.046412262390286152e+01 1.391673805063606230e-03
3.276765296097342798e+03 1.045719367795668830e+01 1.383928941927400858e-03
3.276767611009357552e+03 1.046231635082664901e+01 1.389804590122401375e-03
3.276769925921371851e+03 1.046174844354478317e+01 1.389511830960292070e-03
3.276772240833387059e+03 1.045849614148776396e+01 1.385136225606050904e-03
3.276774555745400903e+03 1.046397712414530723e+01 1.391526858513263435e-03
3.276776870656949541e+03 1.045964485281646539e+01 1.386582334884616484e-03
3.276779185568964749e+03 1.046295534076526579e+01 1.390367199278936226e-03
3.276781500480979503e+03 1.046063980849488040e+01 1.388740303341621206e-03
3.276783815392993347e+03 1.045766411134331619e+01 1.384314664233580452e-03
3.276786130305007646e+03 1.045854005347350224e+01 1.385454244120521046e-03
3.276788445216557193e+03 1.045952998251947186e+01 1.385645336204714044e-03
3.276790760128571037e+03 1.045412489664848366e+01 1.379157795487723432e-03
3.276793075040585791e+03 1.045842957941782991e+01 1.384494967704068139e-03
3.276795389952133974e+03 1.045603231478571971e+01 1.381549587004267821e-03
3.276797704864148727e+03 1.046004110077253557e+01 1.386523953169791976e-03
3.276800019776163026e+03 1.046013597672268070e+01 1.385961783472607544e-03
3.276802334687710754e+03 1.045944561915330695e+01 1.385011094833627074e-03
3.276804649599725508e+03 1.045567767301581341e+01 1.380129584221916842e-03
3.276806964511273691e+03 1.045953718893822604e+01 1.385284728991524345e-03
3.276809279423288899e+03 1.045936269456290901e+01 1.384416650075637493e-03
3.276811594334837082e+03 1.045854302565733285e+01 1.383886415262136930e-03
3.276813909246851381e+03 1.045809125291928154e+01 1.383080393368975704e-03
3.276816224158400018e+03 1.045822512481598388e+01 1.382802564088433982e-03
3.276818539070414772e+03 1.045955659251898595e+01 1.384870315642217509e-03
3.276820853981963410e+03 1.046142394937110609e+01 1.387100929377153629e-03
3.276823168893977709e+03 1.045275092678197737e+01 1.377147142128756687e-03
3.276825483805527256e+03 1.046012750378071843e+01 1.385052486006628503e-03
3.276827798717076803e+03 1.046013870268571999e+01 1.384678466951218875e-03
3.276830113629090647e+03 1.045516817735314419e+01 1.378556183043526482e-03
3.276832428540638375e+03 1.045808879853705520e+01 1.382024765203747080e-03
3.276834743452187467e+03 1.045945351734507689e+01 1.383729335664381265e-03
3.276837058364201766e+03 1.045828398122534608e+01 1.381852312644583870e-03
3.276839373275750404e+03 1.045449364398413117e+01 1.377898665241501872e-03
3.276841688187299951e+03 1.045676555810213948e+01 1.380172222298714198e-03
3.276844003098849043e+03 1.045468790590925323e+01 1.377435524852503677e-03
3.276846318010862888e+03 1.045500794323929838e+01 1.378132601225893735e-03
3.276848632922411525e+03 1.046061187025143546e+01 1.383777739099579379e-03
3.276850947833961072e+03 1.045737219472253443e+01 1.380093232498319630e-03
3.276853262745509710e+03 1.045842331399346570e+01 1.381402036029041403e-03
3.276855577657057893e+03 1.045922441214523424e+01 1.381989064757271728e-03
3.276857892568605621e+03 1.045714161899026351e+01 1.380121568622748058e-03
3.276860207480619920e+03 1.045533364858624559e+01 1.377433480925729101e-03
3.276862522392169467e+03 1.045883546865855962e+01 1.381513588204503346e-03
3.276864837303717650e+03 1.046016104902325772e+01 1.382758135685855988e-03
3.276867152215267197e+03 1.045944708252722499e+01 1.382620035573836397e-03
3.276869467126815834e+03 1.045765868824608091e+01 1.379585552805351637e-03
3.276871782038364472e+03 1.045832395596261399e+01 1.380432923303698918e-03
3.276874096949913564e+03 1.045584455101402099e+01 1.377424071196360579e-03
3.276876411861462657e+03 1.045961872154412120e+01 1.381978300234642555e-03
3.276878726773010385e+03 1.045728340810717505e+01 1.379453917882695951e-03
3.276881041684093361e+03 1.045624619542323153e+01 1.378507709969578740e-03
3.276883356595642908e+03 1.045508266958238863e+01 1.376400510650445603e-03
3.276885671507191546e+03 1.046012223814435238e+01 1.382635898320680760e-03
3.276887986418740638e+03 1.045762863364577910e+01 1.379152450928114318e-03
3.276890301330288821e+03 1.045392781396525095e+01 1.375153086959476564e-03
3.276892616241837914e+03 1.045769317290127454e+01 1.378709463791849424e-03
3.276894931152921345e+03 1.045615237052798285e+01 1.377621419746480726e-03
3.276897246064470437e+03 1.045708663170860397e+01 1.378329299320398080e-03
3.276899560976018620e+03 1.046190474070843734e+01 1.384362766729027800e-03
3.276901875887567257e+03 1.045900835285790897e+01 1.379781722963164007e-03
3.276904190798650689e+03 1.045486542617681991e+01 1.375154659356026985e-03
3.276906505710199781e+03 1.045557624533121377e+01 1.375387317550185416e-03
3.276908820621747964e+03 1.045768887095117172e+01 1.378079747889153755e-03
3.276911135532830485e+03 1.045836352881812559e+01 1.378610641780555514e-03
3.276913450444379123e+03 1.045734347843171363e+01 1.377897474819234167e-03
3.276915765355462554e+03 1.045830732410807862e+01 1.378482224836118141e-03
3.276918080267010737e+03 1.046019149284917837e+01 1.380187157690568236e-03
3.276920395178559374e+03 1.045808106617526079e+01 1.377837219903921707e-03
3.276922710089643260e+03 1.045665555571663496e+01 1.375574080974586695e-03
3.276925025001191443e+03 1.046214563732138814e+01 1.382498355562585034e-03
3.276927339912274419e+03 1.045835861774897779e+01 1.376896680297181284e-03
3.276929654823823512e+03 1.046119901513699446e+01 1.380227445821489898e-03
3.276931969734906488e+03 1.046007313881361256e+01 1.380510352017756681e-03
3.276934284645989464e+03 1.046083189304055239e+01 1.379221040165797907e-03
3.276936599557538557e+03 1.046125863509240972e+01 1.379210645201188988e-03
3.276938914468621988e+03 1.046128462336079856e+01 1.379993545476279528e-03
3.276941229380171080e+03 1.046339211373276257e+01 1.381436129210610085e-03
3.276943544291254057e+03 1.046031513798985202e+01 1.378916672808108267e-03
3.276945859202336578e+03 1.046163242713686081e+01 1.378374272848937807e-03
3.276948174113885216e+03 1.046225438564788135e+01 1.379769239488085704e-03
3.276950489024968647e+03 1.046542198448373995e+01 1.383216912832556985e-03
3.276952803936051623e+03 1.046193537122520389e+01 1.379409805654308084e-03
3.276955118847135054e+03 1.046112585218218349e+01 1.378376373722024414e-03
3.276957433758683692e+03 1.046262231720607616e+01 1.380311773985199017e-03
3.276959748669767123e+03 1.046310913486912142e+01 1.380749571662566151e-03
3.276962063580849644e+03 1.046065837218911376e+01 1.376938940661574101e-03
3.276964378491933985e+03 1.046121065944092798e+01 1.376676386169970422e-03
3.276966693403016507e+03 1.046230841720841731e+01 1.378757047064449112e-03
3.276969008314099483e+03 1.046650247036311399e+01 1.383994996541930292e-03
3.276971323225181550e+03 1.046306797864710525e+01 1.379855926109443184e-03
3.276973638136264526e+03 1.046525085064480010e+01 1.382420813344803273e-03
3.276975953047347957e+03 1.046569592208618360e+01 1.382130873402141920e-03
3.276978267958896595e+03 1.046409209118494132e+01 1.379799468778455419e-03
3.276980582869980026e+03 1.046437151778736663e+01 1.380166723656581652e-03
3.276982897780597341e+03 1.046068915120343590e+01 1.375488278782668623e-03
3.276985212691680317e+03 1.046609661765706534e+01 1.381812176658039383e-03
3.276987527602763294e+03 1.047042711855702990e+01 1.386338873535510399e-03
3.276989842513847179e+03 1.046698273714192595e+01 1.383331066782465422e-03
3.276992157424929701e+03 1.046706127591938440e+01 1.382644267674884792e-03
3.276994472336012223e+03 1.046327443620210218e+01 1.378422812299678283e-03
3.276996787247096108e+03 1.046456282740294341e+01 1.380393455517128949e-03
3.276999102158179539e+03 1.046960091427862949e+01 1.385262019190112341e-03
3.277001417069262516e+03 1.046541942061421260e+01 1.381172140640524789e-03
3.277003731979879376e+03 1.046749898403277967e+01 1.382933870344960200e-03
3.277006046890963262e+03 1.046837723808230081e+01 1.383773883009851470e-03
3.277008361802046238e+03 1.046842656348587575e+01 1.383296335701261932e-03
3.277010676713129669e+03 1.046920272166834032e+01 1.384134494858333536e-03
3.277012991623746530e+03 1.046508645162371920e+01 1.379374775359437730e-03
3.277015306534829506e+03 1.047144676758654569e+01 1.386615481250338087e-03
3.277017621445912482e+03 1.046654568561468324e+01 1.379977159052049639e-03
3.277019936356529797e+03 1.046610344296017203e+01 1.380434638626207517e-03
3.277022251267613683e+03 1.047301703834748210e+01 1.387982737217204445e-03
3.277024566178695750e+03 1.046887856065695210e+01 1.383314501012923060e-03
3.277026881089313065e+03 1.047094830131101517e+01 1.385087498248599620e-03
3.277029196000396496e+03 1.047166034590258477e+01 1.386454907389393729e-03
3.277031510911013356e+03 1.046794763757603874e+01 1.381457768290039224e-03
3.277033825822096333e+03 1.047230110112876922e+01 1.386718559899299558e-03
3.277036140732714557e+03 1.047493049222553907e+01 1.389302361979600185e-03
3.277038455643797079e+03 1.046925055885380118e+01 1.383796013661533130e-03
3.277040770554414394e+03 1.047487984062523303e+01 1.389736222928822243e-03
3.277043085465497370e+03 1.047383262304837714e+01 1.387270303859571528e-03
3.277045400376115595e+03 1.047632064303036614e+01 1.391112972640826725e-03
3.277047715286732455e+03 1.047438408791551723e+01 1.388737253375176657e-03
3.277050030197815431e+03 1.047729271175808208e+01 1.391824693404432019e-03
3.277052345108433656e+03 1.047332495425493093e+01 1.386621203674189267e-03
3.277054660019517087e+03 1.047505817743674328e+01 1.389550322666761178e-03
3.277056974930133947e+03 1.047184389648135472e+01 1.384866207475463681e-03
3.277059289840751262e+03 1.047718319358641992e+01 1.390894577319160301e-03
3.277061604751368577e+03 1.047735393427368678e+01 1.391109450799489717e-03
3.277063919662452008e+03 1.047517047115240452e+01 1.388343644259074691e-03
3.277066234573069778e+03 1.047692032978180521e+01 1.391026868502791020e-03
3.277068549483687093e+03 1.047790019970155306e+01 1.391859400510048151e-03
3.277070864394304408e+03 1.047832414132700052e+01 1.391471309134619623e-03
3.277073179304922633e+03 1.047706415127720447e+01 1.389801985585316238e-03
3.277075494216006064e+03 1.047595821911646574e+01 1.388184367576882116e-03
3.277077809126622924e+03 1.047919986165329576e+01 1.391497332599678271e-03
3.277080124037240239e+03 1.047970747174766970e+01 1.393385367924466524e-03
3.277082438947857099e+03 1.048054469088349627e+01 1.393643271511197821e-03
3.277084753858473960e+03 1.047601554531905776e+01 1.387943346502049698e-03
3.277087068769091275e+03 1.047587961908325838e+01 1.387723517265989368e-03
3.277089383679709044e+03 1.047763480074818609e+01 1.390213418592835043e-03
3.277091698590326814e+03 1.047879051661829664e+01 1.391145173872412009e-03
3.277094013500944129e+03 1.048401531971943612e+01 1.397834902242977521e-03
3.277096328411561444e+03 1.048051809274454627e+01 1.392023257383555269e-03
3.277098643322178759e+03 1.047923481001456025e+01 1.390877078656402137e-03
3.277100958232796529e+03 1.047607290104269673e+01 1.387451916022502041e-03
3.277103273143413844e+03 1.048256425826719251e+01 1.395618290963858638e-03
3.277105588053565498e+03 1.047565265464511874e+01 1.386986167493388508e-03
3.277107902964182358e+03 1.048003450380931945e+01 1.391927515835552709e-03
3.277110217874800583e+03 1.048385292759808962e+01 1.396524075969561487e-03
3.277112532785418807e+03 1.047943936195684422e+01 1.391348857802938641e-03
3.277114847696035667e+03 1.048414154454912151e+01 1.396574663533642346e-03
3.277117162606187776e+03 1.048275149544589269e+01 1.395523155851464405e-03
3.277119477516805091e+03 1.048606483638566189e+01 1.399033690381095655e-03
3.277121792427422406e+03 1.048579188727452483e+01 1.398724490854733223e-03
3.277124107338040176e+03 1.048283919124494545e+01 1.395982814033461120e-03
3.277126422248191375e+03 1.048370617423178786e+01 1.396881828560878102e-03
3.277128737158809599e+03 1.048011423821714416e+01 1.391656909105236633e-03
3.277131052068960344e+03 1.048138934371782582e+01 1.394136482778895016e-03
3.277133366979577659e+03 1.048104206064885702e+01 1.392726141816254216e-03
3.277135681890195883e+03 1.048212395455132118e+01 1.394636371230823305e-03
3.277137996800347082e+03 1.047878289088884785e+01 1.390685765081634776e-03
3.277140311710963942e+03 1.048409446714409654e+01 1.397227000787653380e-03
3.277142626621116051e+03 1.048159331600690791e+01 1.394109525870097397e-03
3.277144941531732911e+03 1.047804946647817914e+01 1.389559422030948229e-03
3.277147256441884565e+03 1.047773937617704298e+01 1.389203880571569533e-03
3.277149571352502790e+03 1.048627883320338583e+01 1.399475397080838113e-03
3.277151886262653989e+03 1.047825147948796420e+01 1.390320547546846416e-03
3.277154201173270849e+03 1.047880357322000222e+01 1.390640567764754761e-03
3.277156516083422957e+03 1.047635122178427380e+01 1.388405953735096865e-03
3.277158830993575521e+03 1.048602661108869327e+01 1.399030262572216465e-03
3.277161145904192381e+03 1.048336210846249550e+01 1.395835056166461240e-03
3.277163460814344489e+03 1.048013538018101976e+01 1.391632462110862015e-03
3.277165775724496598e+03 1.048175286212287993e+01 1.393772145485450446e-03
3.277168090635114368e+03 1.048066821221127398e+01 1.392941389814493806e-03
3.277170405545266021e+03 1.048085424917477226e+01 1.392309645004492736e-03
3.277172720455417220e+03 1.048193475039739120e+01 1.393692597923502354e-03
3.277175035365569784e+03 1.048048884162955119e+01 1.392009378773833520e-03
3.277177350275720983e+03 1.047517226970317594e+01 1.386502528148563255e-03
3.277179665186337843e+03 1.047919739961673713e+01 1.391491199838416556e-03
3.277181980096489951e+03 1.047940850953130365e+01 1.390843413170812998e-03
3.277184295006642515e+03 1.048049924232530117e+01 1.392176786837982100e-03
3.277186609916794623e+03 1.048007780218715368e+01 1.391816319925781977e-03
3.277188924826946277e+03 1.047913059548224979e+01 1.390805087499175823e-03
3.277191239737097931e+03 1.048042283082263104e+01 1.392503546290707996e-03
3.277193554647249584e+03 1.047467068795752709e+01 1.385557633434663163e-03
3.277195869557400329e+03 1.047503988933895513e+01 1.385653949033425125e-03
3.277198184467551982e+03 1.047803335255655988e+01 1.389390742576306764e-03
3.277200499377703636e+03 1.048071995457469541e+01 1.392827211693623479e-03
3.277202814287855290e+03 1.047651320783246298e+01 1.387685435125988456e-03
3.277205129198007398e+03 1.047371009179398449e+01 1.384242463743880257e-03
3.277207444108159507e+03 1.047257380974122754e+01 1.382977499663563857e-03
3.277209759018311615e+03 1.047370258781449692e+01 1.383892573369109417e-03
3.277212073928462814e+03 1.047741514524862083e+01 1.389807840623903668e-03
3.277214388838614468e+03 1.047731900110322556e+01 1.388498090254051574e-03
3.277216703748300915e+03 1.047044548335784953e+01 1.380217469354727382e-03
3.277219018658453479e+03 1.047330692203541957e+01 1.383957092260398869e-03
3.277221333568605132e+03 1.047851484330674587e+01 1.389525301320208546e-03
3.277223648478755877e+03 1.047333541367313359e+01 1.384422612889697497e-03
3.277225963388908440e+03 1.047139029254709897e+01 1.381355902076446436e-03
3.277228278298594432e+03 1.046843382023239677e+01 1.377586573488199942e-03
3.277230593208746086e+03 1.047368233213268240e+01 1.383831455215491250e-03
3.277232908118898195e+03 1.047030871929393037e+01 1.379981554670098656e-03
3.277235223028584187e+03 1.047297240561302623e+01 1.383004159598488249e-03
3.277237537938735841e+03 1.047148307903859887e+01 1.381679060719136990e-03
3.277239852848887494e+03 1.046775225843387780e+01 1.376874548468777059e-03
3.277242167758573942e+03 1.047233469399388639e+01 1.382284930148029679e-03
3.277244482668726505e+03 1.046818765887520897e+01 1.377390109965473614e-03
3.277246797578412497e+03 1.047515786722911280e+01 1.386610746158953560e-03
3.277249112488563696e+03 1.047351741386546209e+01 1.384478466352814406e-03
3.277251427398248779e+03 1.046699805803029903e+01 1.376488302645416037e-03
3.277253742308399978e+03 1.046905492856959263e+01 1.378439512699065027e-03
3.277256057218086426e+03 1.047137595496560714e+01 1.380885321501373799e-03
3.277258372128238534e+03 1.046674500530310858e+01 1.375483512203769460e-03
3.277260687037924527e+03 1.047037931323670890e+01 1.380925771294888712e-03
3.277263001948076635e+03 1.046635444554918593e+01 1.375120656837419382e-03
3.277265316857763082e+03 1.046778986426256530e+01 1.377229153722428880e-03
3.277267631767449075e+03 1.047279809304012765e+01 1.383911901553201923e-03
3.277269946677600274e+03 1.046596097159512162e+01 1.375409428574904695e-03
3.277272261587286266e+03 1.046815647055730913e+01 1.377825608536801085e-03
3.277274576496972713e+03 1.046574843859175097e+01 1.375266262283490921e-03
3.277276891406658251e+03 1.046441911674317105e+01 1.373501748027760672e-03
3.277279206316810814e+03 1.046642340154674500e+01 1.375815501488087452e-03
3.277281521226496807e+03 1.046533307610654617e+01 1.374938489540920850e-03
3.277283836136182799e+03 1.046503382593615328e+01 1.374603858414891102e-03
3.277286151045868792e+03 1.046908332107689610e+01 1.378450654434257034e-03
3.277288465955555694e+03 1.046653217623042842e+01 1.376076470746483192e-03
3.277290780865707347e+03 1.046546142575098770e+01 1.374278668376424564e-03
3.277293095775394249e+03 1.046607626872260433e+01 1.375632765767873487e-03
3.277295410685079332e+03 1.047093264655472922e+01 1.380631291466096052e-03
3.277297725594765325e+03 1.046504292569295202e+01 1.374186072096585543e-03
3.277300040504452227e+03 1.046463007085603536e+01 1.373584775032509267e-03
3.277302355414138219e+03 1.046648671539487196e+01 1.375547522140247673e-03
3.277304670323824666e+03 1.046492485560777119e+01 1.373905343833619046e-03
3.277306985233510204e+03 1.047037196774144974e+01 1.380236045751869704e-03
3.277309300143195287e+03 1.046547386306474081e+01 1.375074507209662509e-03
3.277311615052881280e+03 1.046334389776895435e+01 1.371517952527451277e-03
3.277313929962568182e+03 1.046392894293634868e+01 1.373081813125076123e-03
3.277316244872253719e+03 1.046508863717337334e+01 1.373808222270646133e-03
3.277318559781474050e+03 1.046757910094505029e+01 1.376121177903130493e-03
3.277320874691160043e+03 1.046006951895074799e+01 1.367343954987292401e-03
3.277323189600846490e+03 1.046327451905940720e+01 1.371176539690027469e-03
3.277325504510532483e+03 1.046350365157821116e+01 1.371441919572698306e-03
3.277327819420218475e+03 1.046651548444126334e+01 1.375213246430740527e-03
3.277330134329439716e+03 1.046891697609098593e+01 1.377872701100099889e-03
3.277332449239125708e+03 1.046285024325460533e+01 1.370290254604282455e-03
3.277334764148812155e+03 1.046659151077786376e+01 1.374914776189022645e-03
3.277337079058497693e+03 1.046294688894734470e+01 1.370727958159657488e-03
3.277339393967718934e+03 1.046424313090410330e+01 1.371878902999016043e-03
3.277341708877404471e+03 1.046536986038951156e+01 1.373101831569649781e-03
3.277344023787090464e+03 1.046034889231565934e+01 1.366716833280573907e-03
3.277346338696311250e+03 1.046685555737657758e+01 1.375561704557521237e-03
3.277348653605997242e+03 1.046474712612778113e+01 1.371985675428889079e-03
3.277350968515218028e+03 1.046401586911062509e+01 1.371120970599542990e-03
3.277353283424903566e+03 1.046368842789300402e+01 1.370906594700858948e-03
3.277355598334124807e+03 1.046389615369175274e+01 1.371793810591966870e-03
3.277357913243810799e+03 1.046531657246919700e+01 1.372635122673721312e-03
3.277360228153031585e+03 1.046299580980924659e+01 1.370766282863174765e-03
3.277362543062717123e+03 1.046486672897213843e+01 1.371885092981538256e-03
3.277364857971936999e+03 1.046149215133675270e+01 1.367503188277484046e-03
3.277367172881622537e+03 1.046405815797164252e+01 1.370796104289879547e-03
3.277369487790843777e+03 1.046415737711216210e+01 1.371130606955952213e-03
3.277371802700063654e+03 1.046619500210025144e+01 1.373011973158856387e-03
3.277374117609749192e+03 1.046424541232332395e+01 1.371580468531110025e-03
3.277376432518969978e+03 1.046542855206115341e+01 1.372562918541144752e-03
3.277378747428190763e+03 1.046191924868412393e+01 1.368057113810716924e-03
3.277381062337876756e+03 1.046164841339835228e+01 1.367759568710700353e-03
3.277383377247097542e+03 1.046507242676693927e+01 1.372160074957405173e-03
3.277385692156317873e+03 1.046126445103759828e+01 1.367103156484702955e-03
3.277388007065537749e+03 1.046593205504669299e+01 1.372193461921079145e-03
3.277390321975223742e+03 1.046773850625965885e+01 1.375367989813606031e-03
3.277392636884444983e+03 1.046610006118275038e+01 1.373717412393363159e-03
3.277394951793665314e+03 1.046263608213181229e+01 1.369536475534879460e-03
3.277397266702886100e+03 1.046121444938760803e+01 1.367089030048302973e-03
3.277399581612106886e+03 1.046084220020006228e+01 1.366805543388600842e-03
3.277401896521327672e+03 1.046451012071394260e+01 1.371101486720025398e-03
3.277404211430547548e+03 1.046574346508900533e+01 1.372961968024781444e-03
3.277406526339768789e+03 1.046317672196337512e+01 1.370048711803955634e-03
3.277408841248989575e+03 1.046657923801979173e+01 1.373349136891641956e-03
3.277411156158209451e+03 1.046011704765153461e+01 1.365653549419393320e-03
3.277413471067429782e+03 1.046267548226379951e+01 1.368600397066530245e-03
3.277415785976650568e+03 1.046253034590887587e+01 1.368120314960305029e-03
3.277418100885870444e+03 1.046386021214181739e+01 1.369718350347767745e-03
3.277420415795090776e+03 1.046168153663539968e+01 1.366844729338242232e-03
3.277422730704310652e+03 1.045958106698230061e+01 1.364447624460789037e-03
3.277425045613530528e+03 1.046739082385633779e+01 1.374509473495049913e-03
3.277427360522751769e+03 1.046433124863118991e+01 1.369833304789239191e-03
3.277429675431506439e+03 1.046451342154781017e+01 1.370762684387052217e-03
3.277431990340726770e+03 1.046502042593810167e+01 1.370662432612211167e-03
3.277434305249947556e+03 1.047070091500138567e+01 1.376895712941965822e-03
3.277436620159167887e+03 1.046214832361088476e+01 1.367251261122759583e-03
3.277438935067922557e+03 1.046562498144256637e+01 1.371107156905394158e-03
3.277441249977142434e+03 1.046594323260432446e+01 1.371230732189133300e-03
3.277443564886363674e+03 1.046714760134345212e+01 1.372950507805458442e-03
3.277445879795118344e+03 1.047022614250769301e+01 1.376042016383995569e-03
3.277448194704339130e+03 1.046716381219885683e+01 1.371670706683189578e-03
3.277450509613559461e+03 1.046769181381349867e+01 1.372833528695753579e-03
3.277452824522314586e+03 1.046557770048609015e+01 1.369486243860123555e-03
3.277455139431535372e+03 1.047024307729375714e+01 1.375710176934327473e-03
3.277457454340290042e+03 1.047170329611081918e+01 1.376978085155392342e-03
3.277459769249509918e+03 1.047085306375852554e+01 1.376539599648019798e-03
3.277462084158264588e+03 1.046561833104182604e+01 1.369239246663921886e-03
3.277464399067484919e+03 1.046668450271964979e+01 1.370329898169087924e-03
3.277466713976240044e+03 1.047003107496031760e+01 1.374147217292335209e-03
3.277469028885460375e+03 1.046838828299707203e+01 1.372798929929785246e-03
3.277471343794215500e+03 1.046811654512517009e+01 1.371371361636615537e-03
3.277473658703435831e+03 1.047120468250033909e+01 1.374802356891002050e-03
3.277475973612190501e+03 1.047461702080708790e+01 1.378687793626651127e-03
3.277478288520944716e+03 1.047287647427509683e+01 1.377436722684417412e-03
3.277480603430165047e+03 1.047140153463341861e+01 1.375151015733421965e-03
3.277482918338920172e+03 1.047143717281292119e+01 1.374920166796703147e-03
3.277485233247673932e+03 1.047229880516356282e+01 1.375916546450196539e-03
3.277487548156429057e+03 1.047338956323366332e+01 1.375836678604552181e-03
3.277489863065649388e+03 1.047279587320801397e+01 1.375688927055990045e-03
3.277492177974404512e+03 1.047293299967231306e+01 1.376097219467784395e-03
3.277494492883159637e+03 1.047565802284606029e+01 1.378905108313915710e-03
3.277496807791913852e+03 1.047485691981072620e+01 1.377758664310816403e-03
3.277499122700668977e+03 1.047324641475805507e+01 1.375778052907913104e-03
3.277501437609889763e+03 1.047329238606145196e+01 1.375204921807819192e-03
3.277503752518644433e+03 1.047344920822390257e+01 1.375286083343031131e-03
3.277506067427400012e+03 1.047509671737904569e+01 1.376734529888791166e-03
3.277508382336155137e+03 1.047865321967976016e+01 1.381362143347407857e-03
3.277510697244908897e+03 1.047532294661315966e+01 1.377233066880050386e-03
3.277513012153664477e+03 1.047304511720510689e+01 1.374037921396943163e-03
3.277515327062419146e+03 1.047567112187066485e+01 1.377145012461531348e-03
3.277517641971173362e+03 1.047488714516591912e+01 1.375993155126429331e-03
3.277519956879928941e+03 1.047986787322888702e+01 1.381547558688883898e-03
3.277522271788684066e+03 1.047974058031367939e+01 1.381542368884350509e-03
3.277524586697438281e+03 1.047930523499783106e+01 1.381352660790763440e-03
3.277526901605727289e+03 1.047743806593461002e+01 1.377797880918618049e-03
3.277529216514482869e+03 1.047903910517199222e+01 1.380144416251106532e-03
3.277531531423236629e+03 1.048077906127685743e+01 1.381712630509214501e-03
3.277533846331990389e+03 1.048313618933365809e+01 1.384148110655772498e-03
3.277536161240745514e+03 1.048164104531741359e+01 1.381896263500208711e-03
3.277538476149034523e+03 1.047853401064182499e+01 1.379204776681019822e-03
3.277540791057789647e+03 1.048287846937283163e+01 1.383144817215527017e-03
3.277543105966544317e+03 1.047822053597670866e+01 1.377601539115966495e-03
3.277545420875299442e+03 1.048410849842632686e+01 1.384221134938316096e-03
3.277547735783588450e+03 1.048177718604365438e+01 1.381344580130070129e-03
3.277550050692343575e+03 1.047995913308975702e+01 1.378723524959291633e-03
3.277552365601098245e+03 1.048224438393442703e+01 1.381833934090916875e-03
3.277554680509387708e+03 1.048406200268911626e+01 1.383842970216872048e-03
3.277556995418141923e+03 1.048236855289353819e+01 1.381812156933360028e-03
3.277559310326431387e+03 1.048812365356741161e+01 1.388001051330127250e-03
3.277561625235186057e+03 1.048407764107806983e+01 1.383212837500255761e-03
3.277563940143475065e+03 1.048250088738678620e+01 1.381693039059743748e-03
3.277566255052230190e+03 1.048626275323627510e+01 1.384948966178256970e-03
3.277568569960519199e+03 1.048609116133595087e+01 1.384736364400184416e-03
3.277570884869273868e+03 1.048809161568033943e+01 1.386810458651287995e-03
3.277573199777563786e+03 1.048336787317373897e+01 1.380843060124671172e-03
3.277575514686318002e+03 1.048742189579768613e+01 1.385352732350964228e-03
3.277577829594607465e+03 1.048516020498319357e+01 1.382167653051867258e-03
3.277580144502896474e+03 1.048800433298808699e+01 1.385680946282448912e-03
3.277582459411651143e+03 1.048654605380389349e+01 1.384306336182497934e-03
3.277584774319940607e+03 1.048647610832050603e+01 1.382706347959286207e-03
3.277587089228229615e+03 1.048998332578277370e+01 1.387399915843704140e-03
3.277589404136983376e+03 1.048738695929077736e+01 1.384355648856874571e-03
3.277591719045271930e+03 1.049410508065806269e+01 1.391467311684918507e-03
3.277594033953561393e+03 1.049254537895387784e+01 1.390235861587292045e-03
3.277596348861850402e+03 1.049050149495367634e+01 1.387517054684991782e-03
3.277598663770140774e+03 1.049007240092704940e+01 1.386823955969202155e-03
3.277600978678894990e+03 1.049161524536029333e+01 1.387830564976979967e-03
3.277603293587183543e+03 1.049169335873525455e+01 1.387318680575750068e-03
3.277605608495473007e+03 1.049233911841277056e+01 1.387710951854174372e-03
3.277607923403762015e+03 1.049476558237175894e+01 1.390216706851608169e-03
3.277610238312050569e+03 1.048927133971706205e+01 1.384103168463857690e-03
3.277612553220340033e+03 1.049475680198861127e+01 1.389655984415901066e-03
3.277614868128629496e+03 1.049173353667378450e+01 1.386791423741270003e-03
3.277617183036918959e+03 1.049835333767455481e+01 1.393955276804174524e-03
3.277619497945208423e+03 1.049596952851067400e+01 1.391548620697801147e-03
3.277621812853497431e+03 1.049686590428493993e+01 1.391535809823999910e-03
3.277624127761786440e+03 1.049278657374997259e+01 1.387598261009475404e-03
3.277626442670075903e+03 1.049463145771205674e+01 1.388871644138627058e-03
3.277628757578365366e+03 1.049544527732270005e+01 1.388941711608807994e-03
3.277631072486654375e+03 1.049818584142911604e+01 1.392993165659161875e-03
3.277633387394477722e+03 1.049749166492202157e+01 1.391488855868504076e-03
3.277635702302766731e+03 1.049835883349264520e+01 1.392518198354919436e-03
3.277638017211055740e+03 1.049614148134418912e+01 1.389573806916942185e-03
3.277640332119344748e+03 1.049709704041173808e+01 1.390830621581918549e-03
3.277642647027634666e+03 1.049620497437267908e+01 1.389085663690477765e-03
3.277644961935457559e+03 1.049752430917168411e+01 1.390859465951831521e-03
3.277647276843746113e+03 1.050362405825953083e+01 1.397546202902516348e-03
3.277649591752035576e+03 1.050032924596049710e+01 1.393343422126870797e-03
3.277651906659858469e+03 1.049854939161516221e+01 1.391588486690731796e-03
3.277654221568147022e+03 1.050182377640014408e+01 1.395494818221883421e-03
3.277656536476436486e+03 1.050084526671710528e+01 1.393402971049734511e-03
3.277658851384259833e+03 1.049926255763121574e+01 1.391701813874181336e-03
3.277661166292548842e+03 1.050026121471723783e+01 1.392537030876328519e-03
3.277663481200373099e+03 1.049695336583067728e+01 1.388688780672617598e-03
3.277665796108662562e+03 1.050252661023978362e+01 1.395706899421745011e-03
3.277668111016485454e+03 1.050268719692149055e+01 1.395437397777653937e-03
3.277670425924774463e+03 1.050534838453681985e+01 1.399103959074421942e-03
3.277672740832598720e+03 1.050576316823134349e+01 1.399401702376400734e-03
3.277675055740887728e+03 1.050172514933146495e+01 1.394910456929656728e-03
3.277677370648711531e+03 1.050151754134047799e+01 1.393588725681424749e-03
3.277679685557000084e+03 1.050187954877178242e+01 1.394442733008388223e-03
3.277682000464823432e+03 1.050272443318553428e+01 1.395416629147165155e-03
3.277684315372646779e+03 1.050476753489639492e+01 1.397697548706129623e-03
3.277686630280935788e+03 1.050774288462242900e+01 1.401344954171734577e-03
3.277688945188760044e+03 1.050352162972375147e+01 1.395012447659407318e-03
3.277691260096583392e+03 1.050518171731746442e+01 1.397492647671349239e-03
3.277693575004406739e+03 1.050287777531526601e+01 1.394540101010403052e-03
3.277695889912695748e+03 1.050282060964620001e+01 1.394905308850182945e-03
3.277698204820520004e+03 1.050239067498103473e+01 1.394211261500997957e-03
3.277700519728342442e+03 1.050398621557407708e+01 1.395666971752488640e-03
3.277702834636165790e+03 1.050910520994414377e+01 1.402185490220003933e-03
3.277705149543988682e+03 1.050265618726395722e+01 1.393841710026209966e-03
3.277707464451811575e+03 1.050233366453384320e+01 1.393710919370403202e-03
3.277709779360101038e+03 1.049946981822640524e+01 1.390205511389111222e-03
3.277712094267924840e+03 1.050420909640971168e+01 1.396828753597559271e-03
3.277714409175748642e+03 1.050362075413252860e+01 1.394699889587914512e-03
3.277716724083571535e+03 1.049906074168738002e+01 1.389507739245333029e-03
3.277719038991395792e+03 1.050228351396282633e+01 1.392703778783225535e-03
3.277721353899219594e+03 1.050479299192896399e+01 1.396406453073195490e-03
3.277723668807042941e+03 1.050604073346646494e+01 1.398616462718409907e-03
3.277725983714866743e+03 1.050384167195587004e+01 1.395942160950393481e-03
3.277728298622224429e+03 1.050346084857650730e+01 1.394846968824986098e-03
3.277730613530047776e+03 1.050162322957857164e+01 1.392346399870213582e-03
3.277732928437871578e+03 1.050554102937225487e+01 1.397356126746097764e-03
3.277735243345694471e+03 1.050451434207569079e+01 1.395870523312449591e-03
3.277737558253517818e+03 1.049753573563528875e+01 1.387735587955351473e-03
3.277739873161342075e+03 1.050523788493286581e+01 1.396870421849224532e-03
3.277742188068699761e+03 1.050200746782028283e+01 1.392566439568404275e-03
3.277744502976523563e+03 1.049725126663903829e+01 1.387785350985237505e-03
3.277746817884346456e+03 1.050522591838254804e+01 1.396756086359516192e-03
3.277749132792170712e+03 1.050322490763448258e+01 1.394848994070256847e-03
3.277751447699528399e+03 1.050585468059809457e+01 1.397571228226235449e-03
3.277753762607351746e+03 1.050404644125557851e+01 1.395446129516197736e-03
3.277756077515175093e+03 1.050039905885841840e+01 1.391825806430304225e-03
3.277758392422531870e+03 1.049983079403220287e+01 1.390848972200876311e-03
3.277760707330355217e+03 1.050179902660870468e+01 1.393404042056718348e-03
3.277763022237713813e+03 1.050214886628920752e+01 1.393184459980574682e-03
3.277765337145536705e+03 1.050124698675317880e+01 1.393300502999334986e-03
3.277767652052894391e+03 1.050478122303937312e+01 1.395769698341529615e-03
3.277769966960718193e+03 1.050148747527752136e+01 1.392772239119023430e-03
3.277772281868076789e+03 1.050588184049241569e+01 1.398127982444436661e-03
3.277774596775899681e+03 1.049929330836999775e+01 1.390132619592947781e-03
3.277776911683257367e+03 1.050428923815616500e+01 1.396758111296639770e-03
3.277779226591081169e+03 1.049876026233731885e+01 1.389687117205812891e-03
3.277781541498437946e+03 1.049686697407864067e+01 1.387295575503373884e-03
3.277783856405796087e+03 1.049714804331070894e+01 1.387707833442414218e-03
3.277786171313619889e+03 1.049659642550603955e+01 1.387923595502210368e-03
3.277788486220977575e+03 1.050002725710222684e+01 1.391376757697956835e-03
3.277790801128335715e+03 1.050163006534524257e+01 1.393562587634652843e-03
3.277793116036159063e+03 1.050011968495335601e+01 1.390711242878472313e-03
3.277795430943517204e+03 1.049983009134645862e+01 1.391457146613441463e-03
3.277797745850875799e+03 1.049617578777690063e+01 1.386567321049035672e-03
3.277800060758233030e+03 1.049712689060979365e+01 1.388906647740707290e-03
3.277802375666056378e+03 1.049829671795325581e+01 1.390225883890864721e-03
3.277804690571086212e+03 1.049484000705245279e+01 1.385086408090186643e-03
3.277807005478443443e+03 1.049939932212964600e+01 1.391108448710979889e-03
3.277809320385800675e+03 1.049488541720264401e+01 1.386273408531683241e-03
3.277811635293159270e+03 1.049538587418316737e+01 1.386107205588866164e-03
3.277813950200516501e+03 1.049329666586423571e+01 1.384863848378062963e-03
3.277816265107873733e+03 1.048944440387675670e+01 1.378845120206756945e-03
3.277818580015231419e+03 1.049581820040972957e+01 1.386748020971940911e-03
3.277820894922589559e+03 1.049388876984534846e+01 1.384112484230999108e-03
3.277823209829946791e+03 1.049739177480517149e+01 1.389220457922931600e-03
3.277825524737304931e+03 1.049202318653739674e+01 1.383124189393702659e-03
3.277827839644663527e+03 1.049291341643565545e+01 1.383411585055309943e-03
3.277830154552020758e+03 1.049071688603481434e+01 1.381071768502527665e-03
3.277832469459377990e+03 1.048802708284942753e+01 1.377541950226615413e-03
3.277834784366736585e+03 1.049461049018841940e+01 1.384823772509247630e-03
3.277837099273629065e+03 1.049249627694347353e+01 1.382903764485062057e-03
3.277839414180986751e+03 1.049122260658750783e+01 1.381872356264173029e-03
3.277841729088344437e+03 1.048824609508035799e+01 1.377398667091321799e-03
3.277844043995702577e+03 1.048880422426454828e+01 1.378877191388415023e-03
3.277846358903060718e+03 1.049260953735194768e+01 1.383839593087551065e-03
3.277848673809952743e+03 1.049127715365536062e+01 1.382054543018481707e-03
3.277850988717310429e+03 1.049038013456739726e+01 1.379360103741047268e-03
3.277853303624668570e+03 1.049022297239861068e+01 1.380305756507643712e-03
3.277855618531561049e+03 1.048768576088968274e+01 1.377628160419642296e-03
3.277857933438917826e+03 1.049375501522129106e+01 1.383593028514753511e-03
3.277860248346275512e+03 1.048510865974555450e+01 1.373975206266081408e-03
3.277862563253167991e+03 1.048984767647406002e+01 1.380033370186357390e-03
3.277864878160526587e+03 1.049007018897563803e+01 1.379014167725783370e-03
3.277867193067418611e+03 1.048557608008833242e+01 1.375093395708224626e-03
3.277869507974775388e+03 1.048985501426256839e+01 1.379160922867688887e-03
3.277871822881667413e+03 1.048575509346473922e+01 1.375148631207465718e-03
3.277874137789024644e+03 1.048747815319168275e+01 1.377045653168599204e-03
3.277876452695917578e+03 1.048883314959184787e+01 1.378299246978956531e-03
3.277878767603275264e+03 1.048302142274756221e+01 1.370922087237364797e-03
3.277881082510167289e+03 1.048400776618831465e+01 1.372960954690945765e-03
3.277883397417058859e+03 1.048720377617938837e+01 1.375941642730871663e-03
3.277885712324417455e+03 1.048517388962235941e+01 1.374558692994451220e-03
3.277888027231309479e+03 1.048689980744952521e+01 1.375743319135250362e-03
3.277890342138201504e+03 1.048485965835916467e+01 1.373295638487393019e-03
3.277892657045559645e+03 1.048907242919764649e+01 1.378879351359081976e-03
3.277894971952451669e+03 1.048950198262282640e+01 1.378816749600792185e-03
3.277897286859344149e+03 1.048809152213185492e+01 1.376988079435901647e-03
3.277899601766235719e+03 1.048482988426587603e+01 1.373268016793826500e-03
3.277901916673128653e+03 1.048796816590719061e+01 1.376721361914723689e-03
3.277904231580486339e+03 1.048648390750176418e+01 1.375793244090317341e-03
3.277906546487378364e+03 1.048597815087258134e+01 1.375044891720289368e-03
3.277908861394269934e+03 1.048176961839454435e+01 1.369943259247431667e-03
3.277911176301162413e+03 1.048332490863953836e+01 1.372237620972413140e-03
3.277913491208054438e+03 1.048341722020585998e+01 1.371416634128754149e-03
3.277915806114946463e+03 1.048148334267127879e+01 1.369554965977876721e-03
3.277918121021838942e+03 1.048079650010680552e+01 1.369852648057443825e-03
3.277920435928731422e+03 1.048398590854498025e+01 1.372489727832348167e-03
3.277922750835623447e+03 1.048085547227377745e+01 1.368974666208948483e-03
3.277925065742515471e+03 1.048577740318671303e+01 1.374479836123455043e-03
3.277927380649407496e+03 1.048043219359541744e+01 1.368323046672532224e-03
3.277929695556299066e+03 1.048734551948396287e+01 1.376463415359783322e-03
3.277932010463191546e+03 1.047623668103043926e+01 1.363776299877776177e-03
3.277934325370083116e+03 1.048134488432706490e+01 1.368938287710706704e-03
3.277936640276509479e+03 1.048375933436413732e+01 1.371707089785115545e-03
3.277938955183401958e+03 1.048688959195985149e+01 1.375203821592895469e-03
3.277941270090294438e+03 1.048120638969356833e+01 1.368991388364674145e-03
3.277943584997186917e+03 1.048272835677898307e+01 1.370947800462472962e-03
3.277945899904079397e+03 1.048257422163003660e+01 1.370410526346480798e-03
3.277948214810505306e+03 1.048383173031908733e+01 1.371760893911687157e-03
3.277950529717397330e+03 1.048179400907752878e+01 1.369507155719327683e-03
3.277952844624290265e+03 1.048360645375324118e+01 1.372329753863674000e-03
3.277955159530717083e+03 1.048269860761715933e+01 1.371185118069592323e-03
3.277957474437609108e+03 1.048544358094117435e+01 1.373673709899698005e-03
3.277959789344500678e+03 1.048144386332019984e+01 1.368838934215303683e-03
3.277962104250927496e+03 1.048756397032185639e+01 1.376064651271280588e-03
3.277964419157819520e+03 1.048843274711174978e+01 1.377328035259150129e-03
3.277966734064245429e+03 1.048275968890252585e+01 1.370635182962397875e-03
3.277969048971137909e+03 1.048553362901507668e+01 1.373775009662030330e-03
3.277971363877564727e+03 1.048283632391670928e+01 1.370922683729752832e-03
3.277973678784456752e+03 1.047772582811847641e+01 1.363803659631338287e-03
3.277975993690883570e+03 1.048535185465777708e+01 1.374226720607588884e-03
3.277978308597776049e+03 1.048126498832709252e+01 1.368416084387027000e-03
3.277980623504202413e+03 1.048447877049310684e+01 1.373442266296633508e-03
3.277982938410628321e+03 1.048257770158164348e+01 1.369980057288895442e-03
3.277985253317519437e+03 1.048316360145929949e+01 1.370836489090407773e-03
3.277987568223945345e+03 1.048170276086721131e+01 1.369225161571266305e-03
3.277989883130372618e+03 1.048621869691903186e+01 1.373489689343522242e-03
3.277992198037264643e+03 1.048474603348222622e+01 1.372001367628926296e-03
3.277994512943691461e+03 1.048254179892289528e+01 1.369056581541083523e-03
3.277996827850117370e+03 1.048298333946246785e+01 1.369529501207761464e-03
3.277999142756544643e+03 1.048555548052782704e+01 1.373140958313359998e-03
3.278001457662971461e+03 1.047912303031702841e+01 1.364909009560557511e-03
3.278003772569863486e+03 1.048381622062268370e+01 1.370526604983837498e-03
3.278006087476289395e+03 1.048891610005324893e+01 1.377538418278216950e-03
3.278008402382716667e+03 1.048675125436694344e+01 1.374317520714905122e-03
3.278010717289142576e+03 1.048099914165408819e+01 1.366874238036195916e-03
3.278013032195568485e+03 1.048299609244231689e+01 1.369225023935310721e-03
3.278015347101995758e+03 1.048329864754735041e+01 1.370370296439659156e-03
3.278017662008422576e+03 1.048382342888239549e+01 1.370178335387404805e-03
3.278019976914848485e+03 1.048414491191238973e+01 1.370540952950769897e-03
3.278022291821274848e+03 1.048560772714329659e+01 1.372408221365364065e-03
3.278024606727702121e+03 1.048379585566218175e+01 1.370466080076927383e-03
3.278026921634128485e+03 1.048382501045302462e+01 1.369849832805664080e-03
3.278029236540554848e+03 1.048450556815776835e+01 1.370533071375389707e-03
3.278031551446981211e+03 1.048975518801814388e+01 1.376439525965160015e-03
3.278033866353408030e+03 1.048843840441054276e+01 1.375880512906957256e-03
3.278036181259368277e+03 1.048786739417192848e+01 1.374186005508896621e-03
3.278038496165794641e+03 1.048431439714870272e+01 1.369035097774667703e-03
3.278040811072221004e+03 1.048730388161487070e+01 1.373234372803476544e-03
3.278043125978646458e+03 1.048826205952982704e+01 1.375158795269659610e-03
3.278045440885073731e+03 1.048617683816262947e+01 1.372743090074517993e-03
3.278047755791034433e+03 1.048354094768931333e+01 1.369467784340680375e-03
3.278050070697461706e+03 1.048454319121790412e+01 1.370814224528926631e-03
3.278052385603888524e+03 1.048392128699040882e+01 1.369534366382202948e-03
3.278054700509848772e+03 1.048749977667839417e+01 1.373768955295810593e-03
3.278057015416275590e+03 1.048548180911274130e+01 1.370165968064657961e-03
3.278059330322236747e+03 1.048408294303854404e+01 1.368885065928683760e-03
3.278061645228662655e+03 1.048265236414222557e+01 1.367663904369053468e-03
3.278063960135088564e+03 1.048640804898023582e+01 1.371908011825731608e-03
3.278066275041050176e+03 1.049056669610614634e+01 1.376310039770194029e-03
3.278068589947476539e+03 1.048715034687839065e+01 1.372022944061466240e-03
3.278070904853437696e+03 1.048843927722629843e+01 1.373765335397818558e-03
3.278073219759864060e+03 1.048777857242105327e+01 1.372421501736440343e-03
3.278075534665825217e+03 1.048997639803110538e+01 1.375031836086761973e-03
3.278077849571786373e+03 1.049146145729988433e+01 1.377132825681664629e-03
3.278080164478212282e+03 1.048609902267092586e+01 1.370680180027336126e-03
3.278082479384173439e+03 1.048591720137726568e+01 1.370448714833945964e-03
3.278084794290600257e+03 1.048933319247505658e+01 1.373709513503667190e-03
3.278087109196560505e+03 1.049026263683574101e+01 1.374922625477901670e-03
3.278089424102520752e+03 1.048703340244790994e+01 1.371127732649941346e-03
3.278091739008481909e+03 1.048863282540128772e+01 1.372338116737252967e-03
3.278094053914908727e+03 1.049259722412319817e+01 1.377529235068391785e-03
3.278096368820869429e+03 1.048670394287966445e+01 1.370050955273458037e-03
3.278098683726829222e+03 1.049128564855932311e+01 1.375535929670657293e-03
3.278100998632789924e+03 1.049277559204649179e+01 1.377279117972167108e-03
3.278103313538751081e+03 1.049318664602972007e+01 1.377789234400810751e-03
3.278105628445177899e+03 1.049589217241705086e+01 1.380410444904840283e-03
3.278107943351139056e+03 1.049201070938915237e+01 1.376474744317137365e-03
3.278110258257099304e+03 1.049464804020931830e+01 1.378649171886981014e-03
3.278112573163060006e+03 1.048715690111644427e+01 1.370256133667080911e-03
3.278114888069020708e+03 1.049063998831803701e+01 1.373686987554052471e-03
3.278117202974981410e+03 1.049201306242205511e+01 1.375556191056357368e-03
3.278119517880942567e+03 1.049342824801354190e+01 1.377205536208870543e-03
3.278121832786903724e+03 1.049246094490016823e+01 1.375370824949234032e-03
3.278124147692864426e+03 1.049104377990626880e+01 1.373317223452258417e-03
3.278126462598825583e+03 1.049630602190025996e+01 1.379387358047373365e-03
3.278128777504785830e+03 1.049383125097322456e+01 1.376951391028732137e-03
3.278131092410281781e+03 1.049355278564880933e+01 1.376615672295196813e-03
3.278133407316242483e+03 1.049620799949355998e+01 1.379490243883255314e-03
3.278135722222203640e+03 1.049554217094750541e+01 1.378111751367125859e-03
3.278138037128163887e+03 1.049779554275873217e+01 1.381101743601188900e-03
3.278140352034125044e+03 1.049537525407197691e+01 1.378209609964563915e-03
3.278142666939620085e+03 1.049503996993633059e+01 1.376536219879455391e-03
3.278144981845580332e+03 1.049565156971023683e+01 1.377292472787876787e-03
3.278147296751541944e+03 1.049759829131905242e+01 1.378702100988829374e-03
3.278149611657502646e+03 1.049628165166607552e+01 1.377767113699085097e-03
3.278151926562997687e+03 1.049177106639708690e+01 1.372134834252098940e-03
3.278154241468957480e+03 1.050041470777085983e+01 1.382391719450788399e-03
3.278156556374452975e+03 1.050063502730615639e+01 1.382010008099530084e-03
3.278158871280414587e+03 1.049980453319557405e+01 1.381276637112569591e-03
3.278161186186374835e+03 1.050123815862900756e+01 1.383311419376485277e-03
3.278163501091870785e+03 1.049932315030863350e+01 1.380034017475008454e-03
3.278165815997831032e+03 1.049638338052291608e+01 1.376301260259841369e-03
3.278168130903326073e+03 1.050091539073872937e+01 1.381715567935741778e-03
3.278170445809286321e+03 1.049466170403288956e+01 1.374178149511996305e-03
3.278172760714782271e+03 1.050099904184027189e+01 1.381048058241952665e-03
3.278175075620277312e+03 1.050216449577284195e+01 1.383337491412200320e-03
3.278177390526238469e+03 1.049834993518408233e+01 1.379325638932287976e-03
3.278179705431733510e+03 1.049904709685007376e+01 1.378430611727106403e-03
3.278182020337694667e+03 1.049872446602338449e+01 1.378149159013401142e-03
3.278184335243189707e+03 1.050158430199454074e+01 1.381834356130521961e-03
3.278186650148684748e+03 1.050451877951933355e+01 1.384663447879629170e-03
3.278188965054179789e+03 1.050360900672322373e+01 1.383967174939303981e-03
3.278191279960140946e+03 1.049818912344180788e+01 1.377406835518841686e-03
3.278193594865635987e+03 1.050366711318176094e+01 1.384137617789022541e-03
3.278195909771130573e+03 1.050303660248162174e+01 1.382064622876173722e-03
3.278198224676626523e+03 1.050033010670566291e+01 1.380238877403855945e-03
3.278200539582587226e+03 1.049993396227540288e+01 1.379775271195842010e-03
3.278202854488082721e+03 1.050284782205594425e+01 1.382254885926983328e-03
3.278205169393577307e+03 1.050137322472165735e+01 1.380383818585129803e-03
3.278207484299073258e+03 1.050181092212199552e+01 1.381090105269168564e-03
3.278209799204567389e+03 1.050193923477772628e+01 1.381646460751736073e-03
3.278212114110061975e+03 1.050657516677159542e+01 1.387341828971859741e-03
3.278214429015557471e+03 1.050299298574378781e+01 1.381704712634265492e-03
3.278216743921052966e+03 1.049912518329836075e+01 1.377632447540500264e-03
3.278219058826547553e+03 1.049981919144480713e+01 1.378934111871090579e-03
3.278221373732043048e+03 1.050128058470989778e+01 1.380717104153571240e-03
3.278223688637538089e+03 1.050662535901378547e+01 1.387061513575927642e-03
3.278226003543032675e+03 1.050070268694511633e+01 1.379756599994075902e-03
3.278228318448528626e+03 1.050326716928666748e+01 1.383401518982583503e-03
3.278230633353558460e+03 1.050098629334776135e+01 1.380159727693788850e-03
3.278232948259053501e+03 1.049729918618863778e+01 1.375447795698717980e-03
3.278235263164548542e+03 1.050272260227905718e+01 1.382683110155936675e-03
3.278237578070044037e+03 1.050218198232592215e+01 1.381834143643504180e-03
3.278239892975539533e+03 1.050062439142497794e+01 1.379795422376637855e-03
3.278242207880568458e+03 1.050115585023908338e+01 1.381021692011506329e-03
3.278244522786063499e+03 1.049966961438278723e+01 1.378753971037376949e-03
3.278246837691558540e+03 1.049905110964866317e+01 1.377826011115448586e-03
3.278249152596587919e+03 1.049930587618112021e+01 1.378879811421572033e-03
3.278251467502083415e+03 1.050178105281351115e+01 1.381125891469886383e-03
3.278253782407578910e+03 1.049743013259478808e+01 1.375578630297006775e-03
3.278256097312608290e+03 1.049788033540819221e+01 1.375899877155842407e-03
3.278258412218103331e+03 1.050070066120197865e+01 1.380121873358765945e-03
3.278260727123133620e+03 1.049740139814184658e+01 1.375774249089473404e-03
3.278263042028629116e+03 1.049813111354645478e+01 1.376738742640571615e-03
3.278265356933658040e+03 1.049791014422725866e+01 1.376916950707887145e-03
3.278267671839152626e+03 1.049428693722050099e+01 1.372740002728571607e-03
3.278269986744181551e+03 1.049702181892249442e+01 1.376037690788917264e-03
3.278272301649677047e+03 1.049601944524488317e+01 1.375214300085140368e-03
3.278274616554706427e+03 1.049838813824187866e+01 1.378373289545355151e-03
3.278276931459735351e+03 1.049532306879430621e+01 1.373661982765754172e-03
3.278279246365230847e+03 1.049741108877074680e+01 1.377018559447894513e-03
3.278281561270260681e+03 1.049099007427160934e+01 1.368539000519622536e-03
3.278283876175290516e+03 1.049474168045435718e+01 1.374105039603151952e-03
3.278286191080785557e+03 1.049172679886691917e+01 1.370675652269063216e-03
3.278288505985814936e+03 1.049400051669884526e+01 1.373297235918617644e-03
3.278290820890844770e+03 1.048950716873678601e+01 1.368226285754080718e-03
3.278293135795874605e+03 1.049034476884287415e+01 1.368811684112357634e-03
3.278295450701369191e+03 1.049026729508874034e+01 1.369269711095463544e-03
3.278297765606399025e+03 1.049331591828216936e+01 1.372852576981849378e-03
3.278300080511428405e+03 1.049086531521409071e+01 1.370735661255391034e-03
3.278302395416457330e+03 1.048996468265735160e+01 1.369038827882814975e-03
3.278304710321487619e+03 1.049123665019635254e+01 1.370456894368512991e-03
3.278307025226517453e+03 1.048581121660014404e+01 1.364607608957816567e-03
3.278309340131546378e+03 1.048654084499379380e+01 1.364922237428239362e-03
3.278311655036575758e+03 1.048966322565994247e+01 1.368557382510009624e-03
3.278313969941606047e+03 1.048567492637860532e+01 1.365821126221588005e-03
3.278316284846635426e+03 1.048442029169205014e+01 1.363364955348250101e-03
3.278318599751664806e+03 1.048375446083123030e+01 1.362933824080626638e-03
3.278320914656694185e+03 1.048455431465635712e+01 1.365238209711585509e-03
3.278323229561723110e+03 1.048611758546000949e+01 1.366756779204815475e-03
3.278325544466752035e+03 1.048179047168916966e+01 1.361070867252666197e-03
3.278327859371781415e+03 1.048415165360475854e+01 1.363573005907405943e-03
3.278330174276810794e+03 1.048390530719608904e+01 1.364587420073043195e-03
3.278332489181374513e+03 1.048385260542035624e+01 1.363850497009894613e-03
3.278334804086404802e+03 1.047797755988176505e+01 1.358056001006880406e-03
3.278337118991434181e+03 1.048291228773080164e+01 1.362728406411287986e-03
3.278339433896464016e+03 1.048291363614147542e+01 1.363169962461364742e-03
3.278341748801027279e+03 1.047993593459808892e+01 1.359892988668565551e-03
3.278344063706057568e+03 1.047722624561010107e+01 1.357541715241231345e-03
3.278346378611087403e+03 1.048010093894023598e+01 1.360472834448575932e-03
3.278348693515651121e+03 1.047428346020586964e+01 1.353798468604965836e-03
3.278351008420680046e+03 1.047582586076605260e+01 1.355671181377529665e-03
3.278353323325243764e+03 1.047409492864562708e+01 1.353985160753161257e-03
3.278355638230273598e+03 1.047769640740171226e+01 1.358394755131905104e-03
3.278357953135302523e+03 1.047305234668908369e+01 1.353660369065162348e-03
3.278360268039867151e+03 1.047426545517604168e+01 1.354292718412387518e-03
3.278362582944896531e+03 1.047297128804226851e+01 1.354009525701394727e-03
3.278364897849460704e+03 1.047118066995669672e+01 1.350629988068578454e-03
3.278367212754024877e+03 1.047402314112991206e+01 1.354809531335275262e-03
3.278369527659054711e+03 1.046762026909250842e+01 1.347845888042247886e-03
3.278371842563618429e+03 1.047202657581718377e+01 1.353051187324125042e-03
3.278374157468648264e+03 1.046628309894498621e+01 1.346908154424214911e-03
3.278376472373212437e+03 1.046636134566218601e+01 1.346722319493890178e-03
3.278378787277775700e+03 1.047219582307576324e+01 1.353653746500980406e-03
3.278381102182803716e+03 1.047092286631557378e+01 1.352641171228949552e-03
3.278383417087367434e+03 1.047427317818900860e+01 1.356429007300178182e-03
3.278385731991931607e+03 1.047005064102979688e+01 1.351195600406065924e-03
3.278388046896495325e+03 1.046535323848030075e+01 1.345413553751672285e-03
3.278390361801525160e+03 1.046659327187810717e+01 1.347449706976013885e-03
3.278392676706088423e+03 1.046345752462433865e+01 1.343295023489412014e-03
3.278394991610653051e+03 1.046639427141309575e+01 1.347399857922084929e-03
3.278397306515216769e+03 1.046497931558171501e+01 1.346033950193661552e-03
3.278399621419780487e+03 1.046321743442991803e+01 1.344594473153651413e-03
3.278401936324344206e+03 1.046354955225649519e+01 1.344146792966485933e-03
3.278404251228908379e+03 1.046461523948366867e+01 1.345542101782960884e-03
3.278406566133472097e+03 1.046465393921267051e+01 1.345645375315949240e-03
3.278408881038035361e+03 1.045906236563056346e+01 1.339796252348934586e-03
3.278411195942599988e+03 1.046158071438396497e+01 1.342542328054176009e-03
3.278413510847163707e+03 1.046271617815403765e+01 1.343480893579579016e-03
3.278415825751727425e+03 1.045999441411005293e+01 1.341034990318555739e-03
3.278418140656291598e+03 1.045999193030600161e+01 1.340310412654957019e-03
3.278420455560855771e+03 1.046508358830052643e+01 1.348072290391404571e-03
3.278422770465419489e+03 1.046232881693482142e+01 1.343904318130285068e-03
3.278425085369983663e+03 1.046043264086152114e+01 1.342083435873798417e-03
3.278427400274081265e+03 1.046194298503251474e+01 1.342739867307488760e-03
3.278429715178645893e+03 1.046026259991036511e+01 1.342348209023757873e-03
3.278432030083209156e+03 1.045513797039589576e+01 1.335096356198051549e-03
3.278434344987771965e+03 1.045927091079679450e+01 1.341153668584952252e-03
3.278436659891870022e+03 1.046240181025745741e+01 1.344128953987725828e-03
3.278438974796433286e+03 1.045868577571025426e+01 1.339692087035452162e-03
3.278441289700997913e+03 1.045795685936167452e+01 1.339072150328584829e-03
3.278443604605096425e+03 1.045751684888002409e+01 1.338903620213631983e-03
3.278445919509660143e+03 1.045601097500089693e+01 1.336681187236308643e-03
3.278448234414223407e+03 1.045808651407923229e+01 1.340214262558918779e-03
3.278450549318321919e+03 1.045560225590077152e+01 1.336363032970898715e-03
3.278452864222886546e+03 1.045689476062073098e+01 1.337696914007786321e-03
3.278455179126984603e+03 1.046061931336780582e+01 1.342604173437028691e-03
3.278457494031548777e+03 1.045594593871079780e+01 1.336742138731355969e-03
3.278459808935646379e+03 1.045697973944239934e+01 1.338026350035155347e-03
3.278462123840210097e+03 1.045914294289898550e+01 1.340869690721084454e-03
3.278464438744307699e+03 1.045629012499367150e+01 1.337019851346422233e-03
3.278466753648871872e+03 1.045643419812214603e+01 1.336972852566431589e-03
3.278469068552970384e+03 1.046151192774746086e+01 1.342859160389223453e-03
3.278471383457068441e+03 1.046032492483578835e+01 1.341717942170509662e-03
3.278473698361633069e+03 1.045911656306730464e+01 1.339643144527443569e-03
3.278476013265731581e+03 1.046077120502710045e+01 1.342284518040520866e-03
3.278478328169829183e+03 1.045666812840674709e+01 1.337410442683357016e-03
3.278480643073928150e+03 1.045644353167212159e+01 1.337138357094974552e-03
3.278482957978492777e+03 1.045780275776648161e+01 1.339016581391788609e-03
3.278485272882589925e+03 1.045608771195054487e+01 1.336739060999360927e-03
3.278487587786687982e+03 1.045852004335865004e+01 1.338897051440615790e-03
3.278489902690785584e+03 1.046223325466484333e+01 1.343448342049653266e-03
3.278492217594883186e+03 1.045744188966252608e+01 1.338069121959543049e-03
3.278494532499447814e+03 1.045758948538065525e+01 1.338239079074690337e-03
3.278496847403545416e+03 1.045578671261127290e+01 1.335964704313520731e-03
3.278499162307643473e+03 1.045497617603490248e+01 1.334590144807708441e-03
3.278501477211741985e+03 1.045691500961834564e+01 1.337338284616668756e-03
3.278503792115840497e+03 1.045476890684427218e+01 1.334321221003771998e-03
3.278506107019938554e+03 1.045773440144431454e+01 1.337685495497037630e-03
3.278508421924036611e+03 1.045770693492102765e+01 1.337409634315487195e-03
3.278510736828135123e+03 1.045755798944139769e+01 1.337748960650575730e-03
3.278513051732233180e+03 1.045499404330416837e+01 1.334347291135702402e-03
3.278515366635866030e+03 1.045686053099741386e+01 1.338587661700099901e-03
3.278517681539963633e+03 1.045780651687030627e+01 1.337534790091008275e-03
3.278519996444061690e+03 1.046072860608412647e+01 1.340539414159298620e-03
3.278522311348159747e+03 1.045772695663447216e+01 1.337622559682102863e-03
3.278524626252257804e+03 1.045758743352187281e+01 1.337986920546657341e-03
3.278526941156356770e+03 1.045682937896032172e+01 1.336340982207388870e-03
3.278529256059989621e+03 1.046139019389663005e+01 1.341371713511422094e-03
3.278531570964087678e+03 1.045610512594456409e+01 1.335512866392100277e-03
3.278533885868185280e+03 1.045763241367910190e+01 1.336921187567068894e-03
3.278536200771818585e+03 1.045860991949953345e+01 1.337296235268819371e-03
3.278538515675916642e+03 1.046003733459262719e+01 1.339561174100058552e-03
3.278540830580015154e+03 1.045644734317484037e+01 1.336495130136878965e-03
3.278543145483647095e+03 1.045605320534204630e+01 1.335075022509812611e-03
3.278545460387745607e+03 1.046169141094877730e+01 1.342235161351514614e-03
3.278547775291377548e+03 1.045789951940389173e+01 1.337371921333915152e-03
3.278550090195474695e+03 1.046140965813668799e+01 1.340014399802251467e-03
3.278552405099107546e+03 1.046149225186922216e+01 1.341524818434013024e-03
3.278554720003205603e+03 1.045781056361521522e+01 1.336742050029503899e-03
3.278557034906837998e+03 1.045526492709779909e+01 1.333862718170205925e-03
3.278559349810936510e+03 1.046064808685248693e+01 1.340278039512839917e-03
3.278561664714568906e+03 1.045841807916784205e+01 1.336644077409483234e-03
3.278563979618667418e+03 1.045743883125778950e+01 1.335590287658476464e-03
3.278566294522300268e+03 1.045720231209103801e+01 1.335848897081166886e-03
3.278568609425932664e+03 1.045375262289351426e+01 1.331795492285913190e-03
3.278570924330031175e+03 1.045881283800891559e+01 1.337195632249636983e-03
3.278573239233663116e+03 1.045912708823492743e+01 1.337852514218985369e-03
3.278575554137295512e+03 1.045453076244883306e+01 1.331954400565009324e-03
3.278577869040927908e+03 1.045903301685414277e+01 1.337655563129640885e-03
3.278580183945026420e+03 1.045816578207558400e+01 1.336241113700901723e-03
3.278582498848659270e+03 1.045547474400867749e+01 1.333705116185580821e-03
3.278584813752291666e+03 1.045451121325835331e+01 1.332338073462891338e-03
3.278587128655924971e+03 1.045507327230231454e+01 1.332494986219164750e-03
3.278589443559557367e+03 1.045757904937918781e+01 1.335206404023300082e-03
3.278591758463189763e+03 1.045954075225410485e+01 1.337835415348366270e-03
3.278594073366822613e+03 1.045526947812640017e+01 1.332937273706750374e-03
3.278596388270455009e+03 1.045463973860412388e+01 1.330543213934358079e-03
3.278598703174087404e+03 1.045751732987170968e+01 1.334532309974681159e-03
3.278601018077719345e+03 1.045845667826373493e+01 1.335637870688782770e-03
3.278603332981351286e+03 1.045924112121510774e+01 1.336533958691380830e-03
3.278605647884983227e+03 1.046050865598192026e+01 1.337710929740145750e-03
3.278607962788616533e+03 1.046175963134274767e+01 1.338795498800358919e-03
3.278610277692249383e+03 1.045760451833960047e+01 1.335016110413591748e-03
3.278612592595881324e+03 1.046094582831591779e+01 1.338216790388166520e-03
3.278614907499513720e+03 1.045876501233881584e+01 1.335099243343385771e-03
3.278617222403147025e+03 1.045765493422875281e+01 1.332892796302893000e-03
3.278619537306313759e+03 1.046261985183853760e+01 1.339231276825365771e-03
3.278621852209946610e+03 1.046027672256840191e+01 1.336702835093427945e-03
3.278624167113578551e+03 1.045947453956840612e+01 1.335228975917864252e-03
3.278626482017211401e+03 1.046061790306066541e+01 1.336305276056206194e-03
3.278628796920378136e+03 1.045793680795399361e+01 1.332702259938931552e-03
3.278631111824010532e+03 1.045774370741623116e+01 1.333601974948661313e-03
3.278633426727642927e+03 1.045763913933577172e+01 1.333063701468123387e-03
3.278635741630810571e+03 1.046206752097193693e+01 1.337698248053233131e-03
3.278638056534442967e+03 1.046185741377757772e+01 1.337524563588241271e-03
3.278640371438075817e+03 1.046076689077840882e+01 1.336212849139026704e-03
3.278642686341242552e+03 1.045940483602733195e+01 1.334661121357807491e-03
3.278645001244875402e+03 1.046259846561921592e+01 1.337972090859561617e-03
3.278647316148042137e+03 1.045927067804251820e+01 1.334290502624144257e-03
3.278649631051674533e+03 1.046229011315889501e+01 1.337058183107338446e-03
3.278651945954841722e+03 1.046180273262280380e+01 1.337578086419327714e-03
3.278654260858008001e+03 1.046532482048143287e+01 1.340935105836210802e-03
3.278656575761640397e+03 1.046746730222469424e+01 1.343511540564336923e-03
3.278658890664807586e+03 1.046072825567407705e+01 1.335245043211537308e-03
3.278661205568439527e+03 1.046611700650861820e+01 1.341279547722348938e-03
3.278663520471605807e+03 1.046189304247578633e+01 1.337006527921330307e-03
3.278665835374772541e+03 1.046266244723080518e+01 1.337543880179694169e-03
3.278668150278404937e+03 1.046196895034970531e+01 1.336614886282610310e-03
3.278670465181571672e+03 1.045702654326739811e+01 1.330862138493674358e-03
3.278672780084738861e+03 1.045882326523979344e+01 1.333003171077225225e-03
3.278675094987906505e+03 1.046475455309692926e+01 1.338761318559780278e-03
3.278677409891072784e+03 1.046437351447605124e+01 1.339360972837179897e-03
3.278679724794705180e+03 1.046323829864917698e+01 1.338328146797634118e-03
3.278682039697872369e+03 1.046336979640248721e+01 1.337696943201873790e-03
3.278684354601039104e+03 1.046042697298782898e+01 1.335059849819697020e-03
3.278686669504205383e+03 1.046184409517819702e+01 1.336066476833070978e-03
3.278688984407373027e+03 1.046023218325932902e+01 1.334061127955746794e-03
3.278691299310539762e+03 1.046325986735943303e+01 1.337098771724307611e-03
3.278693614213706951e+03 1.046225547222697472e+01 1.336845834028450603e-03
3.278695929116874595e+03 1.046149932545536387e+01 1.335846828610614276e-03
3.278698244020040875e+03 1.046135462396851956e+01 1.334762254748609548e-03
3.278700558923208064e+03 1.046085053051780456e+01 1.334194458623375306e-03
3.278702873826375253e+03 1.045933890203463079e+01 1.332548693145443192e-03
3.278705188729542442e+03 1.046100864041943801e+01 1.334744400246777032e-03
3.278707503632709177e+03 1.046773083545767591e+01 1.342290373740199485e-03
3.278709818535409795e+03 1.046470925477842151e+01 1.338403209905251762e-03
3.278712133438576984e+03 1.046258522948617653e+01 1.335236536419717301e-03
3.278714448341743719e+03 1.046429032625973221e+01 1.338118146265842006e-03
3.278716763244909998e+03 1.046119881315074096e+01 1.334292945978168788e-03
3.278719078147610617e+03 1.046128642062625325e+01 1.333509650575480073e-03
3.278721393050777806e+03 1.046114225251302443e+01 1.334078048145470943e-03
3.278723707953944540e+03 1.046341383914080048e+01 1.336650522325886527e-03
3.278726022857111275e+03 1.046465749407535739e+01 1.338517810784636700e-03
3.278728337759812348e+03 1.045872324224416161e+01 1.332218958594557495e-03
3.278730652662979537e+03 1.046319185193885204e+01 1.336181203865329436e-03
3.278732967565681065e+03 1.045875792112009606e+01 1.332031049749662086e-03
3.278735282468847799e+03 1.046400399241893098e+01 1.338524531316704182e-03
3.278737597372014989e+03 1.046317721233716469e+01 1.336474609089290328e-03
3.278739912274715607e+03 1.045562353205685291e+01 1.327420482621286413e-03
3.278742227177882341e+03 1.046067934291177615e+01 1.334371803102804739e-03
3.278744542080583415e+03 1.046221004228793028e+01 1.335454809254577220e-03
3.278746856983284488e+03 1.046087597355744947e+01 1.333786751828586149e-03
3.278749171886452132e+03 1.045832193414178413e+01 1.332043859622988663e-03
3.278751486789153205e+03 1.045617126348372850e+01 1.329159313915035572e-03
3.278753801692319939e+03 1.045803686470707028e+01 1.331130621801246807e-03
3.278756116595021467e+03 1.046154172215070055e+01 1.335118792108345651e-03
3.278758431497722995e+03 1.045436016239067278e+01 1.327075561922208026e-03
3.278760746400889730e+03 1.045632985652891733e+01 1.328454733220993432e-03
3.278763061303590803e+03 1.045513668449932076e+01 1.327724115263684409e-03
3.278765376206292785e+03 1.046041858064068464e+01 1.333961528915181228e-03
3.278767691108993859e+03 1.045933410302992073e+01 1.332874446399390494e-03
3.278770006012160138e+03 1.045786934728643303e+01 1.330989758432942838e-03
3.278772320914860757e+03 1.045503976274231306e+01 1.327596322317260670e-03
3.278774635817560920e+03 1.045447205168912674e+01 1.326905244196356897e-03
3.278776950720262448e+03 1.045568760750520632e+01 1.329009528475387069e-03
3.278779265622963976e+03 1.045285268740030205e+01 1.326378205955177194e-03
3.278781580525665504e+03 1.045553623374613927e+01 1.329366401032687104e-03
3.278783895428366577e+03 1.045328914542031917e+01 1.326896750049066627e-03
3.278786210331067196e+03 1.045707580239210266e+01 1.330899931417883980e-03
3.278788525233769178e+03 1.045059997877010360e+01 1.323266164336006851e-03
3.278790840136470251e+03 1.045323521948775891e+01 1.327158825504673673e-03
3.278793155039171324e+03 1.044790985738466738e+01 1.320769745843066627e-03
3.278795469941873307e+03 1.044937383943392639e+01 1.323321050097286261e-03
3.278797784844574380e+03 1.044899278543931764e+01 1.322485872448698118e-03
3.278800099747274999e+03 1.045092770776052760e+01 1.325366807629954364e-03
3.278802414649976527e+03 1.044994387669142988e+01 1.324249004213176031e-03
3.278804729552211938e+03 1.044923574852233017e+01 1.324002094204742219e-03
3.278807044454913466e+03 1.044676969800792321e+01 1.320825329235093479e-03
3.278809359357614994e+03 1.044522347016511432e+01 1.319122650296363245e-03
3.278811674260316522e+03 1.044624340516802974e+01 1.321334220911254530e-03
3.278813989163017595e+03 1.044668824389849071e+01 1.320899670366687019e-03
3.278816304065252552e+03 1.044644857724895814e+01 1.321400511224327980e-03
3.278818618967954535e+03 1.044713211069708336e+01 1.323100509799900876e-03
3.278820933870656063e+03 1.044372177228035525e+01 1.318937790812951859e-03
3.278823248772891475e+03 1.044279499929572630e+01 1.318232673993909206e-03
3.278825563675592093e+03 1.044116927573823261e+01 1.315848660602067944e-03
3.278827878577827505e+03 1.044120314247337333e+01 1.317049788649133453e-03
3.278830193480528578e+03 1.043841428178045128e+01 1.313912854232715142e-03
3.278832508382763535e+03 1.043940243010558255e+01 1.315517360281795488e-03
3.278834823285464608e+03 1.043507323982504431e+01 1.310778762644878963e-03
3.278837138187699566e+03 1.043491695935142261e+01 1.312303641377980147e-03
3.278839453090401548e+03 1.043546646760326091e+01 1.311670976302633596e-03
3.278841767992637415e+03 1.043785484969171051e+01 1.315455874983465336e-03
3.278844082895338488e+03 1.043469663804013159e+01 1.311067988501630555e-03
3.278846397797573445e+03 1.043066575866340173e+01 1.305996416165935287e-03
3.278848712699809766e+03 1.043046536049415884e+01 1.306448135534222935e-03
3.278851027602510840e+03 1.043247011105340860e+01 1.309505933311488944e-03
3.278853342504746706e+03 1.043573358892669489e+01 1.312662439429552455e-03
3.278855657406981663e+03 1.042974868302115254e+01 1.307049101697003697e-03
3.278857972309682737e+03 1.043179625734513216e+01 1.309489503033420309e-03
3.278860287211918603e+03 1.043294856657114167e+01 1.310570175388150885e-03
3.278862602114153560e+03 1.043271815975865024e+01 1.309701466013600459e-03
3.278864917016389882e+03 1.042930602139112040e+01 1.307018057152030789e-03
3.278867231918625293e+03 1.042899926548603062e+01 1.305912247209437384e-03
3.278869546820861160e+03 1.042768973137465416e+01 1.304977023521616429e-03
3.278871861723561778e+03 1.042671423987343182e+01 1.304235382786543941e-03
3.278874176625798100e+03 1.042643460099990627e+01 1.304335114170485999e-03
3.278876491528033512e+03 1.042673057825731497e+01 1.304900634111769500e-03
3.278878806430268924e+03 1.042470550047259614e+01 1.301998714635082188e-03
3.278881121332504335e+03 1.042457035426426692e+01 1.302263059882122600e-03
3.278883436234740657e+03 1.042486182290695318e+01 1.303379778886911257e-03
3.278885751136975159e+03 1.042403627898109164e+01 1.302734612259887157e-03
3.278888066039209662e+03 1.042314717898379861e+01 1.300992301511861215e-03
3.278890380941445528e+03 1.042536112676284255e+01 1.303750954462306070e-03
3.278892695843214824e+03 1.042710726599705495e+01 1.305528740510825212e-03
3.278895010745451145e+03 1.042286290820959671e+01 1.301242247988059321e-03
3.278897325647686557e+03 1.042824195239954399e+01 1.307685672654974310e-03
3.278899640549922424e+03 1.042352744745871362e+01 1.302508151404121193e-03
3.278901955452158290e+03 1.042315914154242762e+01 1.301295735432603977e-03
3.278904270353928496e+03 1.042228645350387595e+01 1.299921361165375490e-03
3.278906585256163453e+03 1.042584592936179000e+01 1.304896266961553392e-03
3.278908900158399774e+03 1.042101179473395334e+01 1.299779392807133213e-03
3.278911215060635186e+03 1.042220269894698781e+01 1.300674874033091490e-03
3.278913529962404937e+03 1.041721109625469133e+01 1.296490372913510804e-03
3.278915844864639894e+03 1.042122005283263064e+01 1.300037033659778071e-03
3.278918159766410554e+03 1.042182898054753437e+01 1.301492765814012478e-03
3.278920474668645966e+03 1.042300107171525703e+01 1.302669957863257684e-03
3.278922789570881378e+03 1.041311936922652848e+01 1.291585417958479717e-03
3.278925104472651583e+03 1.041818691371773653e+01 1.297912463454225758e-03
3.278927419374887450e+03 1.042032318969468996e+01 1.299944683571196968e-03
3.278929734276656745e+03 1.042182383119218869e+01 1.301752141333868641e-03
3.278932049178892612e+03 1.041433007327436400e+01 1.294744616723584327e-03
3.278934364080662817e+03 1.041221531851773818e+01 1.291345076761017847e-03
3.278936678982432568e+03 1.041476070640210594e+01 1.295066603646532815e-03
3.278938993884668434e+03 1.041630693230248994e+01 1.296332581652031527e-03
3.278941308786436366e+03 1.041469738154299307e+01 1.294925212144001523e-03
3.278943623688205662e+03 1.041516713536753969e+01 1.295740957879534675e-03
3.278945938590441983e+03 1.041644942325191003e+01 1.296381180967525783e-03
3.278948253492211734e+03 1.041603177490133447e+01 1.296019578952739516e-03
3.278950568393981484e+03 1.041170342932856485e+01 1.291530999255734082e-03
3.278952883295751235e+03 1.041335529525805725e+01 1.293333928093627801e-03
3.278955198197987556e+03 1.041204532852326814e+01 1.292151001228362961e-03
3.278957513099757307e+03 1.041639295222997852e+01 1.296567956688322084e-03
3.278959828001527512e+03 1.041127074425680910e+01 1.291502550113464041e-03
3.278962142903296808e+03 1.041389204312798711e+01 1.294471018458423755e-03
3.278964457805067013e+03 1.041401755734471735e+01 1.294804917750774125e-03
3.278966772706837219e+03 1.040978479801132650e+01 1.290019681894116147e-03
3.278969087608607424e+03 1.041213787759324916e+01 1.293087099908285260e-03
3.278971402510376720e+03 1.041394963494284731e+01 1.294559226635495124e-03
3.278973717412146470e+03 1.041201533947659641e+01 1.293332734731633292e-03
3.278976032313916676e+03 1.041713252863013572e+01 1.298735724512703818e-03
3.278978347215686426e+03 1.040818871366756149e+01 1.289251894299555355e-03
3.278980662117456632e+03 1.041123183068181035e+01 1.291477793691408462e-03
3.278982977019226382e+03 1.041104963631996760e+01 1.292531159146805952e-03
3.278985291920996588e+03 1.041078626853016154e+01 1.291536174674221514e-03
3.278987606822766793e+03 1.040657730080236298e+01 1.287483078422857474e-03
3.278989921724536543e+03 1.040848758928443374e+01 1.288908667901771067e-03
3.278992236626306294e+03 1.040855691211106482e+01 1.289558712758350715e-03
3.278994551527610383e+03 1.041309745603948400e+01 1.295133891680494377e-03
3.278996866429380589e+03 1.041169307003517375e+01 1.293415229089347552e-03
3.278999181331149430e+03 1.041222061292643808e+01 1.293318144107366780e-03
3.279001496232453064e+03 1.040730246696653083e+01 1.288139295027660282e-03
3.279003811134222815e+03 1.040968680576288996e+01 1.291305852903481318e-03
3.279006126035993020e+03 1.040930165546396324e+01 1.290782452179792608e-03
3.279008440937296655e+03 1.040653683145307795e+01 1.288385787892383462e-03
3.279010755839066860e+03 1.041001038255930311e+01 1.291730830637777359e-03
3.279013070740837520e+03 1.040801974609099823e+01 1.289633860381805396e-03
3.279015385642142064e+03 1.040980459244885026e+01 1.291167845163361354e-03
3.279017700543911815e+03 1.041322722873813866e+01 1.294862968838485055e-03
3.279020015445215904e+03 1.041130596488104132e+01 1.292538275419181579e-03
3.279022330346985655e+03 1.040977613913333855e+01 1.290835665341860975e-03
3.279024645248290653e+03 1.040786613223847468e+01 1.289256289685042573e-03
3.279026960150060404e+03 1.041124835885368505e+01 1.292883157167753301e-03
3.279029275051364493e+03 1.040637145039885958e+01 1.287311858328566826e-03
3.279031589952668583e+03 1.040487378754683334e+01 1.286124427529296722e-03
3.279033904854438333e+03 1.041261683498012047e+01 1.294501473497320547e-03
3.279036219755742422e+03 1.041084741236752187e+01 1.292158625388166232e-03
3.279038534657046512e+03 1.040863583390999025e+01 1.289773703381252683e-03
3.279040849558817172e+03 1.040819390697127389e+01 1.289448053358124239e-03
3.279043164460121261e+03 1.040744013646233768e+01 1.289298049300849130e-03
3.279045479361425350e+03 1.040895971190033720e+01 1.290568480463443303e-03
3.279047794262729440e+03 1.040889738682091448e+01 1.291441168190107834e-03
3.279050109164033984e+03 1.040952185155445342e+01 1.292146334649040993e-03
3.279052424065804189e+03 1.040859005610855981e+01 1.289861155743314731e-03
3.279054738967107824e+03 1.040767822534112241e+01 1.289504493550656635e-03
3.279057053868411458e+03 1.040878940411489850e+01 1.289913741825717561e-03
3.279059368769716002e+03 1.041024752633059158e+01 1.291812357512616338e-03
3.279061683671019637e+03 1.040820364628864780e+01 1.290732511863645383e-03
3.279063998572323726e+03 1.041199124712277424e+01 1.293661366480273198e-03
3.279066313473627815e+03 1.041279597233636700e+01 1.294856000884562867e-03
3.279068628374932814e+03 1.041141408360954301e+01 1.293698269396750594e-03
3.279070943276236903e+03 1.040603480749578225e+01 1.287715374354570170e-03
3.279073258177541447e+03 1.040839703142547279e+01 1.290070582596700632e-03
3.279075573078845537e+03 1.040820201339530726e+01 1.289640187254214622e-03
3.279077887979683510e+03 1.041072928441970902e+01 1.292754913791472086e-03
3.279080202880988509e+03 1.040676952612578887e+01 1.288405585690445424e-03
3.279082517782293053e+03 1.040678270983244325e+01 1.288403161382394675e-03
3.279084832683597142e+03 1.040744078611904477e+01 1.288976477511003882e-03
3.279087147584900777e+03 1.040823637558602144e+01 1.290319612212542438e-03
3.279089462485740114e+03 1.040984692456626171e+01 1.291648570121404355e-03
3.279091777387043294e+03 1.040552805703292449e+01 1.287211327146576883e-03
3.279094092288347383e+03 1.041104032426222048e+01 1.292458542228739141e-03
3.279096407189651927e+03 1.040855611592597185e+01 1.290604657664953196e-03
3.279098722090490810e+03 1.041342677728294852e+01 1.294728151334935450e-03
3.279101036991794899e+03 1.040562693546737627e+01 1.286353640174025832e-03
3.279103351892633327e+03 1.041040314440651748e+01 1.292530099491504079e-03
3.279105666793937871e+03 1.040780139069354249e+01 1.289117434666735111e-03
3.279107981695242415e+03 1.040738257904641806e+01 1.288850306785395286e-03
3.279110296596080389e+03 1.041164925897813553e+01 1.293411693963728449e-03
3.279112611497384478e+03 1.041179467216440280e+01 1.293289676231873866e-03
3.279114926398222451e+03 1.041004315592295981e+01 1.291573496816703732e-03
3.279117241299061789e+03 1.040789099484264568e+01 1.289271582634368739e-03
3.279119556200365878e+03 1.040720398105048439e+01 1.288269764595864576e-03
3.279121871101203851e+03 1.040457095254063269e+01 1.286237041387136961e-03
3.279124186002508395e+03 1.041204391608020963e+01 1.293844624017153212e-03
3.279126500903346823e+03 1.040623822888185934e+01 1.287399042369728437e-03
3.279128815804185251e+03 1.040740404877616143e+01 1.290066398740067526e-03
3.279131130705490250e+03 1.040711989191754938e+01 1.288985153199216638e-03
3.279133445606328678e+03 1.040818947460811117e+01 1.290307540461127110e-03
3.279135760507167561e+03 1.040701617015059810e+01 1.289237744791413807e-03
3.279138075408005534e+03 1.040490935411753526e+01 1.286569871235055231e-03
3.279140390308844871e+03 1.040783174488461782e+01 1.289477161570940248e-03
3.279142705210149416e+03 1.040768221117497561e+01 1.289459518168713627e-03
3.279145020110987389e+03 1.040505493614782218e+01 1.286331446944961009e-03
3.279147335011825817e+03 1.040650362739048695e+01 1.288159994663527416e-03
3.279149649912665154e+03 1.040567134865542442e+01 1.287558741457094135e-03
3.279151964813503128e+03 1.041018065432480810e+01 1.292636142922050065e-03
3.279154279714341556e+03 1.040769010638983083e+01 1.290053280756085470e-03
3.279156594615179984e+03 1.040862094447917663e+01 1.290518161716184111e-03
3.279158909516019776e+03 1.040736238738845110e+01 1.289135121044621222e-03
3.279161224416857294e+03 1.040867953583660821e+01 1.291188029930153596e-03
3.279163539317695722e+03 1.040790274085999556e+01 1.289290977785632420e-03
3.279165854218535060e+03 1.040346516161757151e+01 1.285793143029626473e-03
3.279168169119373033e+03 1.040666275475240532e+01 1.287945304809298003e-03
3.279170484020211006e+03 1.041027798095701584e+01 1.293347933735075617e-03
3.279172798920583773e+03 1.041070133300604539e+01 1.292440937180352805e-03
3.279175113821422656e+03 1.040621327078242331e+01 1.287599556035424250e-03
3.279177428722261084e+03 1.040375742807229109e+01 1.285527770678083700e-03
3.279179743623099966e+03 1.040498090532950215e+01 1.287408694732039127e-03
3.279182058523471824e+03 1.040493926714519546e+01 1.286408006150543569e-03
3.279184373424310252e+03 1.040617367923487535e+01 1.287257005141339379e-03
3.279186688325149589e+03 1.040805830170491042e+01 1.289791689375526266e-03
3.279189003225522356e+03 1.040956674594275633e+01 1.291308765481127179e-03
3.279191318126360784e+03 1.041143109428863944e+01 1.293939613907318020e-03
3.279193633027199212e+03 1.040867009037354940e+01 1.290188416306965085e-03
3.279195947927572888e+03 1.040868665817391836e+01 1.290423758369285082e-03
3.279198262828411316e+03 1.040977590731563396e+01 1.291241542135853401e-03
3.279200577728784538e+03 1.040879665328863446e+01 1.290514285641452099e-03
3.279202892629622511e+03 1.040915806300676927e+01 1.291372626177677034e-03
3.279205207529996187e+03 1.040936064448119680e+01 1.290420142980137517e-03
3.279207522430835070e+03 1.041109622422444048e+01 1.293459701664214636e-03
3.279209837331207382e+03 1.040790300935965718e+01 1.288522059021790338e-03
3.279212152232045810e+03 1.041159771451292215e+01 1.293626167665809599e-03
3.279214467132418577e+03 1.041111251195774834e+01 1.292518896323081173e-03
3.279216782032791343e+03 1.040724809649340799e+01 1.287405812733331736e-03
3.279219096933629771e+03 1.040902005746700887e+01 1.290375847299217622e-03
3.279221411834002993e+03 1.040735705026131086e+01 1.288206696156897610e-03
3.279223726734376214e+03 1.040955750861150264e+01 1.290701243777922979e-03
3.279226041634748526e+03 1.041234699112005835e+01 1.293579688348895024e-03
3.279228356535586499e+03 1.040802011356333878e+01 1.289103451670413087e-03
3.279230671435960176e+03 1.040770388178101058e+01 1.288591074611966734e-03
3.279232986336333397e+03 1.041312203858409724e+01 1.295033288638190510e-03
3.279235301236706164e+03 1.040913031565269975e+01 1.290460879605917184e-03
3.279237616137078476e+03 1.041333158069775067e+01 1.294241457807083053e-03
3.279239931037452152e+03 1.041019810197374085e+01 1.291915024409918131e-03
3.279242245937824464e+03 1.041031236274701222e+01 1.291056496521951870e-03
3.279244560838196776e+03 1.041041244433251833e+01 1.291626163116143351e-03
3.279246875738569997e+03 1.041285108920868119e+01 1.294071417852675574e-03
3.279249190638943219e+03 1.041025597924177148e+01 1.291004781472151856e-03
3.279251505539316440e+03 1.041127127777301808e+01 1.292079536239208216e-03
3.279253820439688752e+03 1.040737319384451887e+01 1.288816101129685275e-03
3.279256135340061974e+03 1.041315067465498956e+01 1.294260729250346510e-03
3.279258450240435195e+03 1.041092312945787945e+01 1.292346567364115748e-03
3.279260765140808417e+03 1.041061707309471629e+01 1.292063760728587524e-03
3.279263080041180729e+03 1.041225855936101219e+01 1.292868254154565851e-03
3.279265394941553950e+03 1.041140139743572846e+01 1.293156649383619961e-03
3.279267709841461510e+03 1.041282460242958763e+01 1.293937997098152303e-03
3.279270024741834277e+03 1.041131077026096108e+01 1.292007931063160562e-03
3.279272339642207044e+03 1.040850994720107892e+01 1.289380052457963881e-03
3.279274654542579810e+03 1.040500126579481233e+01 1.285794373028466449e-03
3.279276969442486916e+03 1.041016006579126341e+01 1.291806182904998816e-03
3.279279284342859683e+03 1.040564889613009569e+01 1.286146377640460517e-03
3.279281599243231994e+03 1.041024894623634545e+01 1.291672520778028776e-03
3.279283914143138645e+03 1.041044254752143772e+01 1.292604969899173060e-03
3.279286229043511867e+03 1.040931436415470124e+01 1.290855508658723906e-03
3.279288543943419427e+03 1.041007637127301777e+01 1.291870171085404608e-03
3.279290858843792648e+03 1.040587501030431561e+01 1.287379946822754702e-03
3.279293173743699299e+03 1.040820739226917802e+01 1.289972382712832252e-03
3.279295488644072975e+03 1.040568032282861211e+01 1.287359126510195188e-03
3.279297803543980535e+03 1.040810157316579065e+01 1.290387659573754382e-03
3.279300118444352847e+03 1.040863115119729265e+01 1.290672793178555041e-03
3.279302433344259953e+03 1.040666709761914888e+01 1.288389978943569247e-03
3.279304748244167513e+03 1.040312548252312297e+01 1.284611852619772917e-03
3.279307063144539825e+03 1.040960279083405737e+01 1.292243531052099208e-03
3.279309378044447385e+03 1.040570003434869761e+01 1.287606232602419047e-03
3.279311692944354945e+03 1.040747821723056532e+01 1.289738087379639023e-03
3.279314007844727712e+03 1.040401189675407423e+01 1.286550524220424468e-03
3.279316322744634817e+03 1.040412204146427300e+01 1.285853850074788118e-03
3.279318637644542378e+03 1.040465117487482516e+01 1.288157175565732369e-03
3.279320952544449938e+03 1.040339574585984472e+01 1.286052271943959741e-03
3.279323267444357498e+03 1.040630110854222679e+01 1.288866757700950433e-03
3.279325582344729810e+03 1.039992533899480875e+01 1.282477745055356786e-03
3.279327897244637825e+03 1.040086804610793259e+01 1.283908270083131044e-03
3.279330212144544930e+03 1.040113489956275394e+01 1.284145355749481514e-03
3.279547812682739277e+03 1.035507938883146828e+01 1.252320865163214416e-03
3.279550127581715969e+03 1.035205468047643684e+01 1.248293661502160702e-03
3.279552442480226546e+03 1.035299707786759171e+01 1.250142865760741403e-03
3.279554757379201874e+03 1.035005443018515692e+01 1.246481869135992147e-03
3.279557072277711995e+03 1.035233550056808660e+01 1.249646474327783738e-03
3.279559387176687778e+03 1.035304767615683019e+01 1.249988035001585018e-03
3.279561702075197445e+03 1.034962598267870071e+01 1.246746890418724829e-03
3.279564016974172773e+03 1.034860040612474030e+01 1.245826920853909192e-03
3.279566331872682895e+03 1.035049673726209463e+01 1.247780624581850848e-03
3.279568646771658678e+03 1.034807898267276194e+01 1.245878466372758297e-03
3.279570961670169709e+03 1.034971004122365734e+01 1.247148121137163241e-03
3.279573276569145492e+03 1.035026880966400498e+01 1.248934994575773456e-03
3.279575591467656068e+03 1.034961260596473842e+01 1.248139911677875009e-03
3.279577906366165735e+03 1.034714804242804931e+01 1.246046012597339840e-03
3.279580221264676766e+03 1.034682676342597318e+01 1.245621011236763397e-03
3.279582536163652549e+03 1.034946378012745427e+01 1.248069336489249746e-03
3.279584851062163125e+03 1.034636409610760666e+01 1.245162339466535139e-03
3.279587165960672792e+03 1.034517732331399387e+01 1.244020952249828881e-03
3.279589480859183368e+03 1.034560874529207020e+01 1.244467725919117971e-03
3.279591795757693490e+03 1.034420588057096069e+01 1.244126400650932048e-03
3.279594110656668818e+03 1.034396728597830695e+01 1.243822368638992492e-03
3.279596425555179394e+03 1.034349752763459662e+01 1.242517524821943557e-03
3.279598740453690425e+03 1.034387551986173825e+01 1.243078213793075149e-03
3.279601055352200547e+03 1.034194344943343680e+01 1.241127280551016952e-03
3.279603370250710213e+03 1.034533667686966574e+01 1.245216284396954932e-03
3.279605685149221245e+03 1.034332895929114216e+01 1.242306983793455650e-03
3.279608000047731366e+03 1.033939456426241676e+01 1.238912193524320700e-03
3.279610314946241488e+03 1.034459667086773038e+01 1.244910153678929722e-03
3.279612629844752064e+03 1.034039262117204849e+01 1.239760981887649003e-03
3.279614944743262640e+03 1.034091036610239911e+01 1.240852917272066433e-03
3.279617259641307555e+03 1.033967138429306587e+01 1.239743686677737856e-03
3.279619574539817222e+03 1.034393614260199001e+01 1.244877697750931822e-03
3.279621889438325979e+03 1.034249357683712489e+01 1.242241675598396286e-03
3.279624204336835646e+03 1.034183770899977262e+01 1.241327307371793134e-03
3.279626519235346677e+03 1.033825105502050334e+01 1.237621261783402411e-03
3.279628834133391592e+03 1.033939834543458858e+01 1.239700415591139674e-03
3.279631149031901714e+03 1.033685793024426580e+01 1.237134960928447250e-03
3.279633463930411381e+03 1.033997089827229487e+01 1.240055499407150723e-03
3.279635778828456750e+03 1.034057514219100682e+01 1.241263182438734304e-03
3.279638093726967782e+03 1.034026570876888940e+01 1.241541893903986074e-03
3.279640408625477448e+03 1.033905008387259628e+01 1.239625554677740646e-03
3.279642723523521454e+03 1.033807457587305834e+01 1.238682666677790077e-03
3.279645038422032030e+03 1.033928482921649739e+01 1.240091621807469036e-03
3.279647353320077400e+03 1.033547900322093760e+01 1.236480467874304058e-03
3.279649668218587976e+03 1.033543239710092365e+01 1.236029951198218315e-03
3.279651983116631982e+03 1.033990433834254041e+01 1.240876880806786580e-03
3.279654298015141649e+03 1.033641028463233447e+01 1.238373006494693750e-03
3.279656612913187018e+03 1.033949691841309892e+01 1.240568509069346625e-03
3.279658927811697595e+03 1.033522817841375740e+01 1.236071866472566701e-03
3.279661242709742055e+03 1.033853614928947806e+01 1.240398274248099035e-03
3.279663557607786515e+03 1.033858451755733299e+01 1.240207004697852031e-03
3.279665872506297092e+03 1.033498530295203821e+01 1.236540271886148743e-03
3.279668187404341552e+03 1.033578398657462216e+01 1.237531951650333020e-03
3.279670502302386467e+03 1.033411933420559947e+01 1.235451852736296763e-03
3.279672817200430472e+03 1.033727229026845507e+01 1.239403975688536941e-03
3.279675132098940594e+03 1.033458378799690358e+01 1.236511857843276699e-03
3.279677446996984600e+03 1.033908432356111362e+01 1.241224767175353599e-03
3.279679761895029515e+03 1.033522077148702323e+01 1.236821530054488727e-03
3.279682076793074430e+03 1.033535348169733581e+01 1.237368240228022562e-03
3.279684391691118435e+03 1.033458425648468726e+01 1.236357154947966995e-03
3.279686706589162895e+03 1.033533762721870986e+01 1.236614962242763797e-03
3.279689021487207356e+03 1.033378749949286046e+01 1.235753755674883804e-03
3.279691336385251816e+03 1.033093658426358807e+01 1.232792308953041234e-03
3.279693651283296276e+03 1.033639787928403031e+01 1.238913468522308530e-03
3.279695966181341646e+03 1.033594374115969217e+01 1.238353988853347926e-03
3.279698281079386561e+03 1.033409105162168373e+01 1.236205083587187939e-03
3.279700595977431021e+03 1.033599317386189931e+01 1.238176820964893843e-03
3.279702910875475482e+03 1.033396258974901549e+01 1.236285491970155965e-03
3.279705225773519942e+03 1.032949049859546875e+01 1.231424521285907295e-03
3.279707540671565766e+03 1.033472759545053954e+01 1.236420553269626304e-03
3.279709855569609317e+03 1.033431035433942569e+01 1.236742256907448533e-03
3.279712170467188571e+03 1.033382458385887404e+01 1.236288628989586427e-03
3.279714485365233031e+03 1.033492524731346762e+01 1.237005338308501444e-03
3.279716800263278401e+03 1.033698767941050534e+01 1.239239131210605150e-03
3.279719115161322406e+03 1.033235236895502318e+01 1.234652919517135973e-03
3.279721430058901205e+03 1.033415606964532429e+01 1.236288594957810332e-03
3.279723744956945666e+03 1.033720477036912300e+01 1.239259057576807838e-03
3.279726059854990581e+03 1.033434955104841180e+01 1.236577218502332536e-03
3.279728374752569380e+03 1.033197540577729256e+01 1.233895421063863291e-03
3.279730689650612931e+03 1.033077528977160320e+01 1.233258967572841824e-03
3.279733004548191275e+03 1.033461744028081597e+01 1.237485927373317435e-03
3.279735319446236645e+03 1.033044002694051322e+01 1.232284386058974225e-03
3.279737634343815444e+03 1.033563095138947929e+01 1.237898289116055829e-03
3.279739949241859904e+03 1.033300580006038771e+01 1.235292879610764682e-03
3.279742264139438703e+03 1.033401540108593153e+01 1.236889677870652970e-03
3.279744579037484073e+03 1.033431450768710391e+01 1.236511089926769840e-03
3.279746893935063781e+03 1.033605300384711256e+01 1.237559297967536116e-03
3.279749208832642125e+03 1.033004313203313984e+01 1.232617728742563127e-03
3.279751523730686131e+03 1.033516909506018067e+01 1.237250711177706637e-03
3.279753838628265385e+03 1.033416170938633805e+01 1.236428981005699120e-03
3.279756153525844638e+03 1.033462953110206861e+01 1.236613690203767092e-03
3.279758468423889553e+03 1.033649228561263200e+01 1.239064988877994688e-03
3.279760783321467898e+03 1.033558240106376402e+01 1.237748134007943084e-03
3.279763098219046697e+03 1.033572000405781210e+01 1.237736912560640683e-03
3.279765413116625950e+03 1.033389906399764691e+01 1.236112549623338960e-03
3.279767728014205204e+03 1.033465404189272263e+01 1.236814213852966294e-03
3.279770042912250119e+03 1.033447510013398407e+01 1.236823927499124554e-03
3.279772357809828463e+03 1.033395232624469884e+01 1.236524363194955361e-03
3.279774672707408172e+03 1.033269614682299498e+01 1.234859182216308925e-03
3.279776987604987426e+03 1.033418163670491197e+01 1.235951542460301394e-03
3.279779302502565770e+03 1.033225935522200345e+01 1.233936050777860362e-03
3.279781617400144569e+03 1.033122275264604539e+01 1.232536960136528664e-03
3.279783932297723823e+03 1.033316860704949747e+01 1.235471291305833977e-03
3.279786247195302622e+03 1.033255316735507989e+01 1.234735362315568432e-03
3.279788562092880966e+03 1.033614853229251196e+01 1.239050734972091655e-03
3.279790876990458855e+03 1.033256313553227912e+01 1.235061777833344147e-03
3.279793191887572448e+03 1.033817718970452759e+01 1.240327713545030189e-03
3.279795506785151701e+03 1.033674488172465189e+01 1.239227083891481515e-03
3.279797821682730500e+03 1.033393109889440353e+01 1.236410109939873898e-03
3.279800136580309299e+03 1.033154012958106804e+01 1.234600544284983163e-03
3.279802451477888553e+03 1.033124946948170475e+01 1.233776383786390268e-03
3.279804766375002146e+03 1.033252160337402259e+01 1.234828284941917815e-03
3.279807081272581399e+03 1.033488648369380414e+01 1.238183297989127636e-03
3.279809396170159744e+03 1.033206358135217151e+01 1.234834105532470758e-03
3.279811711067273791e+03 1.033289110508319197e+01 1.236030313226500667e-03
3.279814025964852590e+03 1.033221885713294519e+01 1.235382256620266850e-03
3.279816340862431389e+03 1.033183268442490288e+01 1.233948638151789561e-03
3.279818655759544981e+03 1.033162542937553496e+01 1.234508647131121305e-03
3.279820970657122871e+03 1.033014965449962119e+01 1.233079120011712580e-03
3.279823285554236463e+03 1.033343328770800795e+01 1.236770764496365402e-03
3.279825600451815717e+03 1.032927110360036416e+01 1.233037719111425767e-03
3.279827915348928400e+03 1.032939097308935317e+01 1.233174227378672390e-03
3.279830230246508108e+03 1.033073200836611605e+01 1.234545308195492000e-03
3.279832545143621246e+03 1.033196665566874550e+01 1.235862128656378201e-03
3.279834860040734384e+03 1.032972124867499275e+01 1.233027086342473573e-03
3.279837174938313183e+03 1.032519772105677092e+01 1.228654873477838267e-03
3.279839489835427230e+03 1.032781582729468539e+01 1.230796340563282149e-03
3.279841804732540368e+03 1.032985238411677997e+01 1.233877734406370547e-03
3.279844119630119167e+03 1.032595646070580031e+01 1.229646989818775375e-03
3.279846434527231395e+03 1.032954905468668194e+01 1.233426114596686014e-03
3.279848749424344987e+03 1.032865972184442960e+01 1.232627107439287530e-03
3.279851064321457670e+03 1.032542091197947087e+01 1.229993847676513589e-03
3.279853379218570808e+03 1.032696637683793206e+01 1.231199121548771144e-03
3.279855694116150062e+03 1.032600814552373514e+01 1.231040544581602988e-03
3.279858009013262745e+03 1.032704938804737083e+01 1.231649960740563952e-03
3.279860323910376792e+03 1.032670284881035450e+01 1.231868050545326066e-03
3.279862638807490384e+03 1.032453356146795187e+01 1.229663396126142718e-03
3.279864953704603977e+03 1.032616479466429027e+01 1.231758110865027993e-03
3.279867268601717569e+03 1.032377932709936630e+01 1.228498444476740529e-03
3.279869583498830707e+03 1.032441715468327281e+01 1.229489260061306533e-03
3.279871898395943390e+03 1.032375514072219147e+01 1.228518918028710617e-03
3.279874213293056982e+03 1.032288744282559634e+01 1.228412552815466054e-03
3.279876528190170575e+03 1.032380335126290305e+01 1.229131471825144336e-03
3.279878843087284167e+03 1.032556820746115811e+01 1.231524696194373318e-03
3.279881157983931189e+03 1.031890558939958424e+01 1.224446176994311479e-03
3.279883472881045236e+03 1.032028864128326440e+01 1.226071719043236212e-03
3.279885787778157464e+03 1.032311353377953367e+01 1.228993569286844067e-03
3.279888102675271057e+03 1.032180880294415992e+01 1.228340181309072431e-03
3.279890417571918988e+03 1.032154280357471876e+01 1.227895009755875042e-03
3.279892732469032580e+03 1.031894791204836892e+01 1.225162785115794552e-03
3.279895047366145718e+03 1.031949444197826615e+01 1.226078641298107303e-03
3.279897362263258401e+03 1.032065595533737579e+01 1.227690718660241808e-03
3.279899677159905423e+03 1.031983101831598226e+01 1.226461064724231704e-03
3.279901992057018560e+03 1.031836593369824584e+01 1.224723152850841837e-03
3.279904306953666037e+03 1.032033770073031853e+01 1.226879848802279061e-03
3.279906621850780084e+03 1.031695711648650260e+01 1.223783121809161921e-03
3.279908936747427560e+03 1.031985511096048391e+01 1.226919539825393514e-03
3.279911251644540243e+03 1.032138036704312789e+01 1.228699114731894538e-03
3.279913566541188629e+03 1.031614216875908596e+01 1.222908911137898617e-03
3.279915881438301767e+03 1.031844832440470938e+01 1.226324873751772531e-03
3.279918196334949698e+03 1.031614584179978955e+01 1.223579103903465939e-03
3.279920511232061926e+03 1.031600804989496467e+01 1.223653519800998362e-03
3.279922826128710767e+03 1.031301826777911579e+01 1.220737574924459770e-03
3.279925141025357334e+03 1.031694140043362395e+01 1.225186704092380389e-03
3.279927455922470472e+03 1.031417314664045648e+01 1.222218085225899647e-03
3.279929770819118858e+03 1.031359945579952608e+01 1.221667510524685092e-03
3.279932085715766334e+03 1.031662609944503473e+01 1.224549409895556206e-03
3.279934400612413810e+03 1.031287708660736158e+01 1.221440937557683468e-03
3.279936715509527403e+03 1.031248426161602438e+01 1.220959632660797208e-03
3.279939030406174879e+03 1.031423254683068080e+01 1.222809478575125107e-03
3.279941345302822810e+03 1.031345192877018491e+01 1.221975757431197334e-03
3.279943660199470287e+03 1.031472143753252446e+01 1.223639274558192044e-03
3.279945975096117763e+03 1.031011762145979915e+01 1.219670910171417356e-03
3.279948289992766149e+03 1.031228835165048707e+01 1.220339616096647413e-03
3.279950604889414080e+03 1.031163948954318066e+01 1.220734292156755831e-03
3.279952919786061557e+03 1.031099166658403732e+01 1.220266217062773370e-03
3.279955234682708578e+03 1.031235837914631581e+01 1.221270011099408279e-03
3.279957549579355600e+03 1.031045034779623926e+01 1.219693443408060478e-03
3.279959864476002622e+03 1.031090869964310741e+01 1.220057683274457933e-03
3.279962179372650553e+03 1.030879919907011910e+01 1.218384685013151111e-03
3.279964494269298029e+03 1.031190597464610548e+01 1.221158641959631686e-03
3.279966809165945961e+03 1.030931985251253558e+01 1.218408938961956399e-03
3.279969124062593437e+03 1.030656246357175476e+01 1.216513943045648746e-03
3.279971438959241368e+03 1.030807298335404276e+01 1.217821780545799227e-03
3.279973753855423638e+03 1.031052364565035262e+01 1.220347977280485802e-03
3.279976068752071569e+03 1.031027047793374507e+01 1.220167962591691769e-03
3.279978383648719046e+03 1.030814310249323107e+01 1.217472703579495054e-03
3.279980698544900406e+03 1.030636853349265536e+01 1.216690288219298777e-03
3.279983013441548792e+03 1.030905154958212222e+01 1.218763370470611097e-03
3.279985328338196268e+03 1.030941357954006143e+01 1.219864225193428332e-03
3.279987643234378538e+03 1.030391729313655169e+01 1.214720714420437601e-03
3.279989958131025560e+03 1.030823133580849849e+01 1.218223280970783147e-03
3.279992273027673491e+03 1.030615705522004788e+01 1.216733305329993284e-03
3.279994587923854851e+03 1.030319932588217569e+01 1.213524346627950631e-03
3.279996902820502328e+03 1.030473766127010471e+01 1.216076427201722094e-03
3.279999217716685052e+03 1.030498041844183454e+01 1.216027691479382817e-03
3.280001532612867777e+03 1.030357592155839264e+01 1.214299318317935876e-03
3.280003847509514344e+03 1.030948964432522885e+01 1.220489258866484621e-03
3.280006162405696614e+03 1.030447388793847274e+01 1.215780626040316231e-03
3.280008477302344545e+03 1.030200184433592980e+01 1.212852240436957827e-03
3.280010792198526360e+03 1.030324075661069294e+01 1.214232514572739872e-03
3.280013107094708175e+03 1.030508694750733056e+01 1.216402323025702649e-03
3.280015421991354742e+03 1.030679417585530722e+01 1.218852947902371916e-03
3.280017736887537012e+03 1.030336497760555581e+01 1.214650215785056985e-03
3.280020051783718372e+03 1.030014232429456911e+01 1.211750621579723826e-03
3.280022366679901097e+03 1.029981916989448898e+01 1.211689076289635368e-03
3.280024681576548119e+03 1.029966317376056395e+01 1.211482079807079618e-03
3.280026996472729479e+03 1.029976084158942840e+01 1.211617205507830707e-03
3.280029311368912204e+03 1.030122798842686471e+01 1.213344767215076073e-03
3.280031626265094474e+03 1.030088240914481901e+01 1.213198375790923086e-03
3.280033941161275834e+03 1.029945154599772472e+01 1.210878521231404477e-03
3.280036256057457649e+03 1.030112875727489374e+01 1.213741443988996128e-03
3.280038570953639919e+03 1.029720605691196589e+01 1.209558936744090400e-03
3.280040885849822189e+03 1.030113501596086678e+01 1.213070962149458750e-03
3.280043200746004459e+03 1.029674324991759704e+01 1.208942320716338645e-03
3.280045515642185819e+03 1.030119080186406499e+01 1.213687607885573227e-03
3.280047830538368544e+03 1.030196065597388611e+01 1.214370223211638398e-03
3.280050145434550359e+03 1.030183093494626867e+01 1.213591815940900757e-03
3.280052460330732629e+03 1.030340063642583281e+01 1.216224736083422638e-03
3.280054775226448328e+03 1.029869783309737841e+01 1.211055836848690982e-03
3.280057090122631053e+03 1.029715571931177998e+01 1.209338099178175127e-03
3.280059405018812413e+03 1.029968387826741427e+01 1.212725527360093963e-03
3.280061719914993773e+03 1.030014344659945991e+01 1.213445096301476621e-03
3.280064034810710382e+03 1.029984723751805653e+01 1.212547751377840606e-03
3.280066349706892652e+03 1.030145846496554540e+01 1.213995553205673809e-03
3.280068664603074467e+03 1.030052977506840861e+01 1.213097543900228245e-03
3.280070979498790621e+03 1.030178762384603175e+01 1.214334536435189961e-03
3.280073294394971981e+03 1.030074219804239632e+01 1.213169785337031787e-03
3.280075609291154251e+03 1.029648032921109291e+01 1.208760404825901880e-03
3.280077924186870405e+03 1.029947086155252478e+01 1.212369472743080176e-03
3.280080239083052220e+03 1.029976529913807148e+01 1.213218733927276874e-03
3.280082553978768829e+03 1.029640263758759744e+01 1.208801968446390155e-03
3.280084868874951553e+03 1.030239602472955696e+01 1.215393881094079366e-03
3.280087183770667707e+03 1.030050191866962983e+01 1.212957167919601151e-03
3.280089498666849522e+03 1.029915847915118299e+01 1.212225867098652146e-03
3.280091813562566131e+03 1.029739397336026130e+01 1.210339373330484528e-03
3.280094128458281375e+03 1.029854820973234197e+01 1.211358020432353128e-03
3.280096443354463190e+03 1.030129934117642954e+01 1.214327649274294773e-03
3.280098758250180254e+03 1.029994192616656967e+01 1.212826990821929893e-03
3.280101073145896407e+03 1.029744327902576906e+01 1.209892465433572714e-03
3.280103388042078677e+03 1.030060956836770458e+01 1.213982115317822083e-03
3.280105702937794376e+03 1.029827629107754383e+01 1.211208092667971463e-03
3.280108017833510985e+03 1.029872405580001882e+01 1.211619534733708202e-03
3.280110332729228048e+03 1.029741756162869670e+01 1.210458200435181016e-03
3.280112647624943747e+03 1.029683343707279874e+01 1.209721297523259041e-03
3.280114962520660811e+03 1.029671373757290453e+01 1.209942517108195548e-03
3.280117277416842626e+03 1.029693738201340025e+01 1.210293322772686923e-03
3.280119592312558780e+03 1.029710814289555643e+01 1.210304408396845142e-03
3.280121907208274934e+03 1.029782728172473405e+01 1.211878479388690203e-03
3.280124222103991542e+03 1.029997049381161744e+01 1.213441359599329913e-03
3.280126536999707241e+03 1.029886718324877215e+01 1.211913056962550354e-03
3.280128851895422031e+03 1.029897831503114958e+01 1.212652099198928413e-03
3.280131166791138639e+03 1.029788822508462154e+01 1.211261123160061078e-03
3.280133481686389587e+03 1.029682790745561682e+01 1.209579066475148642e-03
3.280135796582105286e+03 1.029829131346253313e+01 1.211882279709392213e-03
3.280138111477821894e+03 1.029813343604222808e+01 1.211560506006073611e-03
3.280140426373538503e+03 1.029793020203626597e+01 1.210951761369313991e-03
3.280142741269255112e+03 1.029661487735539183e+01 1.209348830591371353e-03
3.280145056164970811e+03 1.029723268938871783e+01 1.210713353292053795e-03
3.280147371060222213e+03 1.029713249226474936e+01 1.210424758351799851e-03
3.280149685955938367e+03 1.029910708307749445e+01 1.212483092128679345e-03
3.280152000851654975e+03 1.029752371606346806e+01 1.210695006718269301e-03
3.280154315746905468e+03 1.029484355019200592e+01 1.208280981670939577e-03
3.280156630642622076e+03 1.029942478991356936e+01 1.213409060260116053e-03
3.280158945538338230e+03 1.029693067172227217e+01 1.210270519763646021e-03
3.280161260433589177e+03 1.029753700309776399e+01 1.211125543717788420e-03
3.280163575329304877e+03 1.029887243522475337e+01 1.212082096341119287e-03
3.280165890224555369e+03 1.029818080466708530e+01 1.212015617507866336e-03
3.280168205120271978e+03 1.029606809215566088e+01 1.209782025453270526e-03
3.280170520015522470e+03 1.029635728913881110e+01 1.210419366933657842e-03
3.280172834911239079e+03 1.029523943729316748e+01 1.208952746082241026e-03
3.280175149806489571e+03 1.029524879124819492e+01 1.208676930543143299e-03
3.280177464701740973e+03 1.029392575424986411e+01 1.207518595626548607e-03
3.280179779597457582e+03 1.029610327174354367e+01 1.209762536988017931e-03
3.280182094492707620e+03 1.029580696771219195e+01 1.209637377938328155e-03
3.280184409387957203e+03 1.029570861609239252e+01 1.209749537036735809e-03
3.280186724283673357e+03 1.029691953302292795e+01 1.210423772665029148e-03
3.280189039178923849e+03 1.029435682935558738e+01 1.208469079677287764e-03
3.280191354074175251e+03 1.029325823230135128e+01 1.207026448329139804e-03
3.280193668969425744e+03 1.029693472861715797e+01 1.210904501966237083e-03
3.280195983865141898e+03 1.029397240396697555e+01 1.208532287783500381e-03
3.280198298760391936e+03 1.029554065498944837e+01 1.209047705746970182e-03
3.280200613655643792e+03 1.029832859525306432e+01 1.212375308330984787e-03
3.280202928550893375e+03 1.029563577292934795e+01 1.209556318078096500e-03
3.280205243446144777e+03 1.029407848748907384e+01 1.208214162503838066e-03
3.280207558341395270e+03 1.029528768325258348e+01 1.209852084213327043e-03
3.280209873236645763e+03 1.029344931530907203e+01 1.208128556086793086e-03
3.280212188131896710e+03 1.029374116131667449e+01 1.209008652629268250e-03
3.280214503027146748e+03 1.029368545367631604e+01 1.208730278909124402e-03
3.280216817922398150e+03 1.029622610889352963e+01 1.211103892583428659e-03
3.280219132817648642e+03 1.029096795048787172e+01 1.205637974313537039e-03
3.280221447712899590e+03 1.029397883818814208e+01 1.208419236615467527e-03
3.280223762607684421e+03 1.029178062805394589e+01 1.206751335618987077e-03
3.280226077502934913e+03 1.028940619137604884e+01 1.204402362352180629e-03
3.280228392398186770e+03 1.029196055396478116e+01 1.206945126986815661e-03
3.280230707293436353e+03 1.029298495242589873e+01 1.208249062468375523e-03
3.280233022188686391e+03 1.029046263488400648e+01 1.205758767462577563e-03
3.280235337083471677e+03 1.028883322007261469e+01 1.204143198104557465e-03
3.280237651978722624e+03 1.029505173293921594e+01 1.210457968367229138e-03
3.280239966873972662e+03 1.028781579973920834e+01 1.202503672322204368e-03
3.280242281768757039e+03 1.029139279903306914e+01 1.206856163028125579e-03
3.280244596664007531e+03 1.029075456581269243e+01 1.206079550122669082e-03
3.280246911558792817e+03 1.028944313448452519e+01 1.204776229489007075e-03
3.280249226454043310e+03 1.029108895063195206e+01 1.206710706528341852e-03
3.280251541348828596e+03 1.029335642519631655e+01 1.208742859638522755e-03
3.280253856244079088e+03 1.029246982358422535e+01 1.208282249901373225e-03
3.280256171138863920e+03 1.029010214943086510e+01 1.205688474855017185e-03
3.280258486034115776e+03 1.028724154057717044e+01 1.202610898581081078e-03
3.280260800928900153e+03 1.028725958392512219e+01 1.202746619712003699e-03
3.280263115823684529e+03 1.029080879624273415e+01 1.206627510853594933e-03
3.280265430718935932e+03 1.028930818233120448e+01 1.205071094849634056e-03
3.280267745613720763e+03 1.028794966002435984e+01 1.203412922670831289e-03
3.280270060508506049e+03 1.029116328388337642e+01 1.206610294354914462e-03
3.280272375403756087e+03 1.029065123439695739e+01 1.206850235288968627e-03
3.280274690298541373e+03 1.028960112955492789e+01 1.205305869061438964e-03
3.280277005193325749e+03 1.029066933438665288e+01 1.205966627766534007e-03
3.280279320088110580e+03 1.028868941944969073e+01 1.204270590002028043e-03
3.280281634982895866e+03 1.029057899571722423e+01 1.206187675351461010e-03
3.280283949878146814e+03 1.029000927983733149e+01 1.205286513107272457e-03
3.280286264772932554e+03 1.028791892722134094e+01 1.204102262779661609e-03
3.280288579667717386e+03 1.029077158739424647e+01 1.206404757618590807e-03
3.280290894562502672e+03 1.028871111918598125e+01 1.204614669772079280e-03
3.280293209457287503e+03 1.028986493226393151e+01 1.206408154445513846e-03
3.280295524352071425e+03 1.028994303657221820e+01 1.205247790646978446e-03
3.280297839246855801e+03 1.029034427091907844e+01 1.206279452466075880e-03
3.280300154141641542e+03 1.028777140373168564e+01 1.203866022587155721e-03
3.280302469036426373e+03 1.028892973056063553e+01 1.205307559969697427e-03
3.280304783930745998e+03 1.029242281253375069e+01 1.208828300898663740e-03
3.280307098825529920e+03 1.028656535811271766e+01 1.202714444575259762e-03
3.280309413720315206e+03 1.028972948772198492e+01 1.205324035409342147e-03
3.280311728615100492e+03 1.028991448033026046e+01 1.206082480005652010e-03
3.280314043509885778e+03 1.029192058135430621e+01 1.208271492538228863e-03
3.280316358404204948e+03 1.028871438014902395e+01 1.205243715864905921e-03
3.280318673298989779e+03 1.028955455587964352e+01 1.205814313132595956e-03
3.280320988193775065e+03 1.028716814914054467e+01 1.203526837069667172e-03
3.280323303088093780e+03 1.028480134244816036e+01 1.201125544342830729e-03
3.280325617982879521e+03 1.028768208507606019e+01 1.204019712098272025e-03
3.280327932877664352e+03 1.028777341626733488e+01 1.204251034288152328e-03
3.280330247771983977e+03 1.028809317957470704e+01 1.204639045429933006e-03
3.280332562666768354e+03 1.028834957768415848e+01 1.204152145022053177e-03
3.280334877561087978e+03 1.028952196106295958e+01 1.205887460600616129e-03
3.280337192455873264e+03 1.028461993118538587e+01 1.201239503367913970e-03
3.280339507350192434e+03 1.028654197605894538e+01 1.203135674448636838e-03
3.280341822244977266e+03 1.028560016856591197e+01 1.202151828527089645e-03
3.280344137139296436e+03 1.028637569186301981e+01 1.202974967785698686e-03
3.280346452033616060e+03 1.028957357709558451e+01 1.206036780900721431e-03
3.280348766928400437e+03 1.028537513772243983e+01 1.201965757947339158e-03
3.280351081822719607e+03 1.028479773113675755e+01 1.201968009442101054e-03
3.280353396717038777e+03 1.028844099679029611e+01 1.205447857606250671e-03
3.280355711611823608e+03 1.028423093338612659e+01 1.201218936227377082e-03
3.280358026506142778e+03 1.028739529668784769e+01 1.204654081523688722e-03
3.280360341400462403e+03 1.028205987656557063e+01 1.198668835145956686e-03
3.280362656294781573e+03 1.028090310008403208e+01 1.198461655943760737e-03
3.280364971189101198e+03 1.028558833658990324e+01 1.202843570522101882e-03
3.280367286083886484e+03 1.028366002560843206e+01 1.201022567004833650e-03
3.280369600978205654e+03 1.028521327671966468e+01 1.202639334593550271e-03
3.280374230766843993e+03 1.028562358691590006e+01 1.204015860577282082e-03
3.280376545661164073e+03 1.028398304155247089e+01 1.202066850147081754e-03
3.280378860555482788e+03 1.028445839419158503e+01 1.202756395657284417e-03
3.280381175449801958e+03 1.028191068437662636e+01 1.200247489056176188e-03
3.280383490344121583e+03 1.027888782546184210e+01 1.197428771805586836e-03
3.280385805238440298e+03 1.028237617801240056e+01 1.200739344552906969e-03
3.280388120132759923e+03 1.028114170942430405e+01 1.199838963898059189e-03
3.280390435026613886e+03 1.027934518271111486e+01 1.197620095178640294e-03
3.280392749920933511e+03 1.028268146949448081e+01 1.201493291181476375e-03
3.280395064815253136e+03 1.028040616851096445e+01 1.199754338710100256e-03
3.280397379709572306e+03 1.027907914422940827e+01 1.197482085001282202e-03
3.280399694603425814e+03 1.028238811439017120e+01 1.201431146152119687e-03
3.280402009497745439e+03 1.027513689203176384e+01 1.194197295767167625e-03
3.280404324392065064e+03 1.027641919981340912e+01 1.195557145600123407e-03
3.280406639286384234e+03 1.027676244190721455e+01 1.195832050263534842e-03
3.280408954180237288e+03 1.027945211841747231e+01 1.198883124114977390e-03
3.280411269074556458e+03 1.027846538842715596e+01 1.198662013786794701e-03
3.280413583968409966e+03 1.028105533540601790e+01 1.201288311078813759e-03
3.280415898862728682e+03 1.027640684000610705e+01 1.196983934530301006e-03
3.280418213756582190e+03 1.027670890278165317e+01 1.197079438890638224e-03
3.280420528650901360e+03 1.027251075258423541e+01 1.193016005067362847e-03
3.280422843544755779e+03 1.027513561877538883e+01 1.196406623574392111e-03
3.280425158439074949e+03 1.027219370437325630e+01 1.192664447737089772e-03
3.280427473332928457e+03 1.027248559052337917e+01 1.193769599688286782e-03
3.280429788227248082e+03 1.027346541499673904e+01 1.194299267224881557e-03
3.280432103121101591e+03 1.027188939283121094e+01 1.193793044847619609e-03
3.280434418014955554e+03 1.027050873524861885e+01 1.192418473005868625e-03
3.280436732908809518e+03 1.027287573654814601e+01 1.194440692578118508e-03
3.280439047803128688e+03 1.027141686726970349e+01 1.193141016566937052e-03
3.280441362696981741e+03 1.026798769904047504e+01 1.190517452597893286e-03
3.280443677590836160e+03 1.026821783339493344e+01 1.190787395629036701e-03
3.280445992484689668e+03 1.026802556888809548e+01 1.190642583694161150e-03
3.280448307379008838e+03 1.026579807657818755e+01 1.189272153202828143e-03
3.280450622272862347e+03 1.026399084633010972e+01 1.187004998124867447e-03
3.280452937166716765e+03 1.026670545019018377e+01 1.190643886640897547e-03
3.280455252060569364e+03 1.026693260352012338e+01 1.190088008545465720e-03
3.280457566954423783e+03 1.026863947212291173e+01 1.192376999706777196e-03
3.280459881848276837e+03 1.026731488658811564e+01 1.190998027300260546e-03
3.280462196742130800e+03 1.026339992566461845e+01 1.187143791509418650e-03
3.280464511635983854e+03 1.026256387080204391e+01 1.187042388170843690e-03
3.280466826529837817e+03 1.026266998804164743e+01 1.186591707804563085e-03
3.280469141423690417e+03 1.026212322851368342e+01 1.186516798030012821e-03
3.280471456317544380e+03 1.026364011022963041e+01 1.188359583857080248e-03
3.280473771210932682e+03 1.025933625837551588e+01 1.183805338351848722e-03
3.280476086104786191e+03 1.026352366101293434e+01 1.188162303241957355e-03
3.280478400998640154e+03 1.025848122659482442e+01 1.184096789209007324e-03
3.280480715892493208e+03 1.025891046819571883e+01 1.184360450293329937e-03
3.280483030785881965e+03 1.026045044239398507e+01 1.186035569850048656e-03
3.280485345679735474e+03 1.025728802966637332e+01 1.182876594881199879e-03
3.280487660573589437e+03 1.025731327463795495e+01 1.183448358763965940e-03
3.280489975467442036e+03 1.026082336664979522e+01 1.186744780290033318e-03
3.280492290360830339e+03 1.025563261091546430e+01 1.182510481905455759e-03
3.280494605254684757e+03 1.025632455446220170e+01 1.182831266033493702e-03
3.280496920148073059e+03 1.025793701034393024e+01 1.184497203999311434e-03
3.280499235041926568e+03 1.025667114816875269e+01 1.183738710840818650e-03
3.280501549935314415e+03 1.025541438810133599e+01 1.182187911178461583e-03
3.280503864829167924e+03 1.025375934807384581e+01 1.180927821782721317e-03
3.280506179722556226e+03 1.025257154535765203e+01 1.179332865452336699e-03
3.280508494616409735e+03 1.025546974239916231e+01 1.182065570186846245e-03
3.280510809509797582e+03 1.025319499321043715e+01 1.180617298579772359e-03
3.280513124403185884e+03 1.025349913130272661e+01 1.180886031695762032e-03
3.280515439297039848e+03 1.025082642535195809e+01 1.178191165173095127e-03
3.280517754190428150e+03 1.025351980969874788e+01 1.182090934545103637e-03
3.280520069083815542e+03 1.025203996447984522e+01 1.179138148486413634e-03
3.280522383977668596e+03 1.025293890061205104e+01 1.180842553064910582e-03
3.280524698871056444e+03 1.025218777077233767e+01 1.181042660686936353e-03
3.280527013764444746e+03 1.025055205167615213e+01 1.179386891557575963e-03
3.280529328657832139e+03 1.025017370044083975e+01 1.178466336543823167e-03
3.280531643551219531e+03 1.024972293696358605e+01 1.178953538811538084e-03
3.280533958445073949e+03 1.025263548050362239e+01 1.181807155169597437e-03
3.280536273338461797e+03 1.024642320539344986e+01 1.175607703737798458e-03
3.280538588231850099e+03 1.024961951274028849e+01 1.178863447013799070e-03
3.280540903125237492e+03 1.024866917005128997e+01 1.177938172418125252e-03
3.280543218018626249e+03 1.024782654235601242e+01 1.177066153261630650e-03
3.280545532912014551e+03 1.025017530950009004e+01 1.179820387494218180e-03
3.280547847805401943e+03 1.024810118784158597e+01 1.176842468078849978e-03
3.280550162698789791e+03 1.024992382195624074e+01 1.179430763278443029e-03
3.280552477591712886e+03 1.024928469853538004e+01 1.178443482048677606e-03
3.280554792485100734e+03 1.024782851423078789e+01 1.177845132702590950e-03
3.280557107378489036e+03 1.024668030926551410e+01 1.176569360700321747e-03
3.280559422271876429e+03 1.024408958112413259e+01 1.173741210559167605e-03
3.280561737165265185e+03 1.024585616787914866e+01 1.175881461596807584e-03
3.280564052058187372e+03 1.024524271189223512e+01 1.174727862400293298e-03
3.280566366951575674e+03 1.024455153416551134e+01 1.175173958883740481e-03
3.280568681844963066e+03 1.024615046459165413e+01 1.176327945525782034e-03
3.280570996738351369e+03 1.025082914873083872e+01 1.180931962601779184e-03
3.280573311631273555e+03 1.024211600580817461e+01 1.172389232014937888e-03
3.280575626524661402e+03 1.024528276824717032e+01 1.175621835138308292e-03
3.280577941417583133e+03 1.024372337803906952e+01 1.174044440161855704e-03
3.280580256310970526e+03 1.024418206137227827e+01 1.174892406238136310e-03
3.280582571203893167e+03 1.024416820362930736e+01 1.175043010116248081e-03
3.280584886097281469e+03 1.024382742770148447e+01 1.175042360218658344e-03
3.280587200990203655e+03 1.024151069405509418e+01 1.172111383912636477e-03
3.280589515883591503e+03 1.024639302017378384e+01 1.177345652895549905e-03
3.280591830776514144e+03 1.024221790815616195e+01 1.173451566328303749e-03
3.280594145669902446e+03 1.024176060820212797e+01 1.173348100304774958e-03
3.280596460562824632e+03 1.024071525677313588e+01 1.171760140515025169e-03
3.280598775455747273e+03 1.024182459188887151e+01 1.173242122717068616e-03
3.280601090349135575e+03 1.024564612664485352e+01 1.176808465421062475e-03
3.280603405242056851e+03 1.024208512110155667e+01 1.173276439905491164e-03
3.280605720134979492e+03 1.024235984600840155e+01 1.174055578638530124e-03
3.280608035027902133e+03 1.024387177883137312e+01 1.175119269654112267e-03
3.280610349921289526e+03 1.024246276030116221e+01 1.174054936625166428e-03
3.280612664814212621e+03 1.024336768463965264e+01 1.174698774702851627e-03
3.280614979707134808e+03 1.024036364987941461e+01 1.171858244205250437e-03
3.280617294600057448e+03 1.023988882813180368e+01 1.171567396451571102e-03
3.280619609492979180e+03 1.024342183018785413e+01 1.174956814500490929e-03
3.280621924385901821e+03 1.024023943775100953e+01 1.171621414022104438e-03
3.280624239278824462e+03 1.024118927546501290e+01 1.172476734106972030e-03
3.280626554171747102e+03 1.024190130086013539e+01 1.173284943132959449e-03
3.280628869064668834e+03 1.024230954333552823e+01 1.173730354914886542e-03
3.280631183957591929e+03 1.024373907768596581e+01 1.174963283157927450e-03
3.280633498850513661e+03 1.024246159375065446e+01 1.174589844740010552e-03
3.280635813743434937e+03 1.024023765876433600e+01 1.171347709085102801e-03
3.280638128636357578e+03 1.023974090531602599e+01 1.171077719526380286e-03
3.280640443528814558e+03 1.024261425939334913e+01 1.173404114479162331e-03
3.280642758421735834e+03 1.024114032229148741e+01 1.172500507690191684e-03
3.280645073314658475e+03 1.024327303960631141e+01 1.174000745094719777e-03
3.280647388207581116e+03 1.024072747125469007e+01 1.171916002052999974e-03
3.280649703100037186e+03 1.024293931400123192e+01 1.174020050758682642e-03
3.280652017992959827e+03 1.024380958484979054e+01 1.174817918654894001e-03
3.280654332885882468e+03 1.024223666255443987e+01 1.173164939440421049e-03
3.280656647778339448e+03 1.024496408878431453e+01 1.175817047837453624e-03
3.280658962671261634e+03 1.024362044252646697e+01 1.174162661591858850e-03
3.280661277563718613e+03 1.024383497643666807e+01 1.174727526048138185e-03
3.280663592456640799e+03 1.024346279072246446e+01 1.174220467579170819e-03
3.280665907349097324e+03 1.024260314951446205e+01 1.173239907878498040e-03
3.280668222242019510e+03 1.024539575148887849e+01 1.175546034092093050e-03
3.280670537134476945e+03 1.024485607511160623e+01 1.174874342890881067e-03
3.280672852027399585e+03 1.024490535736347674e+01 1.175224528345688267e-03
3.280675166919856110e+03 1.024675666924588313e+01 1.176753411134217383e-03
3.280677481812777842e+03 1.024522972940187060e+01 1.175194505934865682e-03
3.280679796705234821e+03 1.024888155686295121e+01 1.179315252175165739e-03
3.280682111597690891e+03 1.024505231782432446e+01 1.174793664365137488e-03
3.280684426490147416e+03 1.024423183569805040e+01 1.174149554822402630e-03
3.280686741383070512e+03 1.024721731852953965e+01 1.176886270384412160e-03
3.280689056275526582e+03 1.024679989252835455e+01 1.176047284265526209e-03
3.280691371167982652e+03 1.024705579425997826e+01 1.176855742045878608e-03
3.280693686060439632e+03 1.024741281328837061e+01 1.177282688798307218e-03
3.280696000952896156e+03 1.024815515197072457e+01 1.177811648957230364e-03
3.280698315845352226e+03 1.025068625797569233e+01 1.179979877724201317e-03
3.280700630738274867e+03 1.025067208845832667e+01 1.180071857485258347e-03
3.280702945630731847e+03 1.024880737133920405e+01 1.177616144077476331e-03
3.280705260523188826e+03 1.024986546028542023e+01 1.178939370369057197e-03
3.280707575415645806e+03 1.024929888943062295e+01 1.177932897912252171e-03
3.280709890308102331e+03 1.025045003926222442e+01 1.178898296113668363e-03
3.280712205200558856e+03 1.024969791711928835e+01 1.178753554862789011e-03
3.280714520092550629e+03 1.025230798313187464e+01 1.180345400304150466e-03
3.280716834985007608e+03 1.025265085838709567e+01 1.180614575554967370e-03
3.280719149877464133e+03 1.025294094811754420e+01 1.181088341337870138e-03
3.280721464769920203e+03 1.024779063705881832e+01 1.175633223006394314e-03
3.280723779662376728e+03 1.025100258281821830e+01 1.178590306660628508e-03
3.280726094554833708e+03 1.025133824006048400e+01 1.178851036754883282e-03
3.280728409446824571e+03 1.025149589081349610e+01 1.179045277887981599e-03
3.280730724339281551e+03 1.025561769562557046e+01 1.182737760451428284e-03
3.280733039231738530e+03 1.025286403687090697e+01 1.180421883991997298e-03
3.280735354123728939e+03 1.025596034603663931e+01 1.183190192777657966e-03
3.280737669016185464e+03 1.025536774992171019e+01 1.181848339009568130e-03
3.280739983908177237e+03 1.025537071801519140e+01 1.182021964096953643e-03
3.280742298800633762e+03 1.025769132554047758e+01 1.184746273348879098e-03
3.280744613693090287e+03 1.025571738517792753e+01 1.182299680294110261e-03
3.280746928585081150e+03 1.025272001435018332e+01 1.179035097779759919e-03
3.280749243477536766e+03 1.025640609220576849e+01 1.182702853443163898e-03
3.280751558369528084e+03 1.025618701735015215e+01 1.182652634065431418e-03
3.280753873261518947e+03 1.025811445235944319e+01 1.184813862796443721e-03
3.280756188153976382e+03 1.025747977556795831e+01 1.183984384407405117e-03
3.280758503045966791e+03 1.025613116530458413e+01 1.182048911846623161e-03
3.280760817938422861e+03 1.025707762835584269e+01 1.182995784724639706e-03
3.280763132830414634e+03 1.025980400812219528e+01 1.185410233990321933e-03
3.280765447722405497e+03 1.025909873958410046e+01 1.184590975824067289e-03
3.280767762614396815e+03 1.025858445319995838e+01 1.184343511311774849e-03
3.280770077506852886e+03 1.025935208795748288e+01 1.184734093136616912e-03
3.280772392398844204e+03 1.026093680787634277e+01 1.185980451233750992e-03
3.280774707290835522e+03 1.026065035131039593e+01 1.185630048335932496e-03
3.280777022182826386e+03 1.025954127352128076e+01 1.184580500109143082e-03
3.280779337074817704e+03 1.026094181144847717e+01 1.185766843759042443e-03
3.280781651966808568e+03 1.026072809573685163e+01 1.185642597361513109e-03
3.280783966858799431e+03 1.026396261260055276e+01 1.189315366251286277e-03
3.280786281750790295e+03 1.025975934303447090e+01 1.184626326822195430e-03
3.280788596642782068e+03 1.026298076064159126e+01 1.187616758003049496e-03
3.280790911534773386e+03 1.026528092379222556e+01 1.189809240704365733e-03
3.280793226426763795e+03 1.026129874093253136e+01 1.186050425221063780e-03
3.280795541318754658e+03 1.026020905863742705e+01 1.184557695651156182e-03
3.280797856210745977e+03 1.026455965461370390e+01 1.189241918771609310e-03
3.280800171102736385e+03 1.026433460334397729e+01 1.188539471549775964e-03
3.280802485994727249e+03 1.025951240221839456e+01 1.183453862296128924e-03
3.280804800886251996e+03 1.026215721183038454e+01 1.186673151570437042e-03
3.280807115778242405e+03 1.026546021593765090e+01 1.189464395587141706e-03
3.280809430670234178e+03 1.026267645249875926e+01 1.186458436437980634e-03
3.280811745562225497e+03 1.026396989165789364e+01 1.187829140802963744e-03
3.280814060453751154e+03 1.026321079985991069e+01 1.187156192759908271e-03
3.280816375345742472e+03 1.026392476095653805e+01 1.187286500037476990e-03
3.280818690237267674e+03 1.026294322053027841e+01 1.186259097319580184e-03
3.280821005129258538e+03 1.026469050462239174e+01 1.188726023348220685e-03
3.280823320021249401e+03 1.026381817866918666e+01 1.187301891316652844e-03
3.280825634912775513e+03 1.026528498874200324e+01 1.189211816953772340e-03
3.280827949804765922e+03 1.026619031612967348e+01 1.189674855581017215e-03
3.280830264696291579e+03 1.026489432313682393e+01 1.188148986472888817e-03
3.280832579588282897e+03 1.026469906297418078e+01 1.187606859869184657e-03
3.280834894479808554e+03 1.026322184215799105e+01 1.186541890741281023e-03
3.280837209371333302e+03 1.026207203167654569e+01 1.185702486984588355e-03
3.280839524263324165e+03 1.026538930800885652e+01 1.189472381253829083e-03
3.280841839154849367e+03 1.026421721979268398e+01 1.187856033820979809e-03
3.280844154046375024e+03 1.026525800592518323e+01 1.189403300463605720e-03
3.280846468938365433e+03 1.026397241489211609e+01 1.187826628416714398e-03
3.280848783829891545e+03 1.026406195408806177e+01 1.188077351205417669e-03
3.280851098721416747e+03 1.026355940222573793e+01 1.188024005164247917e-03
3.280853413612942404e+03 1.026415283966317915e+01 1.188165131452285179e-03
3.280855728504467606e+03 1.026389279061539916e+01 1.188207882515038413e-03
3.280858043396458925e+03 1.026206382648870274e+01 1.187313407195355946e-03
3.280860358287983672e+03 1.026651097529671830e+01 1.190406193317714240e-03
3.280862673179507965e+03 1.026150169281118885e+01 1.185470854542984651e-03
3.280864988071034077e+03 1.026456181072036955e+01 1.188320992536280683e-03
3.280867302962558824e+03 1.026087299803099206e+01 1.184938805427757872e-03
3.280869617854084481e+03 1.026299707166038289e+01 1.187823078439972577e-03
3.280871932745610138e+03 1.026631482558565978e+01 1.190063904639666664e-03
3.280874247637135340e+03 1.026150412364099651e+01 1.185943247505800210e-03
3.280876562528194881e+03 1.026205164030077555e+01 1.187439591141651891e-03
3.280878877419720084e+03 1.025929826917722210e+01 1.183872627988429797e-03
3.280881192311245286e+03 1.025993798833119897e+01 1.184793561316401520e-03
3.280883507202770488e+03 1.026231128754364619e+01 1.187214894661162016e-03
3.280885822094295690e+03 1.026060502038870048e+01 1.186844299465665640e-03
3.280888136985356141e+03 1.026274844835758593e+01 1.187559635480147160e-03
3.280890451876881343e+03 1.026152955344940310e+01 1.186271922171323922e-03
3.280892766768407000e+03 1.026174023186362838e+01 1.187344390382811914e-03
3.280895081659931748e+03 1.025952507527370372e+01 1.185376689096519567e-03
3.280897396550992198e+03 1.025878807011071636e+01 1.184711670940830422e-03
3.280899711442517400e+03 1.025800698431222280e+01 1.183063645190712962e-03
3.280902026333576941e+03 1.025753794202620384e+01 1.183742840436932718e-03
3.280904341225102598e+03 1.025481465209950116e+01 1.180942741712691629e-03
3.280906656116162594e+03 1.025844025255593550e+01 1.184372082244889443e-03
3.280908971007687796e+03 1.025654653830940610e+01 1.183000567341365534e-03
3.280911285898748247e+03 1.025625197878649963e+01 1.182347886687373740e-03
3.280913600790273449e+03 1.025447606819645685e+01 1.181264088445583985e-03
3.280915915681332990e+03 1.025622252031454629e+01 1.183048056374872131e-03
3.280918230572856373e+03 1.025422524423865589e+01 1.181216004492855647e-03
3.280920545463916369e+03 1.025704586296986953e+01 1.184000701531867259e-03
3.280922860354975910e+03 1.025386082207207039e+01 1.180818213943010588e-03
3.280925175246036815e+03 1.025457628239604446e+01 1.181338670413215053e-03
3.280927490137561563e+03 1.025274419874660836e+01 1.180288973909747593e-03
3.280929805028620649e+03 1.025692671396484101e+01 1.184156259122350324e-03
3.280932119919681099e+03 1.025270643443519525e+01 1.180363241021186978e-03
3.280934434810740640e+03 1.025253085668924236e+01 1.180613887176099139e-03
3.280936749701800636e+03 1.024932188591547266e+01 1.177425604376457257e-03
3.280939064593325384e+03 1.024964987711627806e+01 1.177903658203134901e-03
3.280941379484385379e+03 1.025066059016599418e+01 1.179548766225411559e-03
3.280943694375445375e+03 1.024884027181306223e+01 1.177439617360261830e-03
3.280946009266504916e+03 1.025084641202175995e+01 1.179650890996820781e-03
3.280948324157564457e+03 1.024846440225271316e+01 1.177700687871495499e-03
3.280950639048624907e+03 1.024915314555521562e+01 1.179310894108017696e-03
3.280952953939684448e+03 1.024927906793204535e+01 1.178576208083309670e-03
3.280955268830278328e+03 1.024737417640665882e+01 1.177495401258308238e-03
3.280957583721338779e+03 1.024609643845443507e+01 1.176105003686614371e-03
3.280959898612397865e+03 1.024419526922283552e+01 1.174080980231763686e-03
3.280962213503457406e+03 1.024509269176190429e+01 1.175348187162072620e-03
3.280964528394516492e+03 1.024435529606249595e+01 1.174097581687233785e-03
3.280966843285576942e+03 1.024505190861697201e+01 1.175291844954119442e-03
3.280969158176170822e+03 1.024562181712714093e+01 1.176744114140220463e-03
3.280971473067229908e+03 1.024262042871828804e+01 1.173265560781497352e-03
3.280973787958289449e+03 1.024234564313846896e+01 1.173807050926136374e-03
3.280976102848882874e+03 1.024059044305275634e+01 1.171350665909982793e-03
3.280978417739942415e+03 1.024316481933004752e+01 1.174338762298991323e-03
3.280980732630537204e+03 1.024256011469994654e+01 1.174211269486847209e-03
3.280983047521596745e+03 1.024139568740407924e+01 1.173164005311000098e-03
3.280985362412656286e+03 1.023881307641844529e+01 1.170374262023087539e-03
3.280987677303250621e+03 1.023900960350089662e+01 1.170948565283246859e-03
3.280989992194310616e+03 1.023862998374461597e+01 1.170840348789102883e-03
3.280992307084904496e+03 1.023823486892631252e+01 1.170485771814374102e-03
3.280994621975498376e+03 1.023841597960363536e+01 1.170691982230397240e-03
3.280996936866558372e+03 1.023946917253265632e+01 1.171563100045715884e-03
3.280999251757152706e+03 1.023897166741635800e+01 1.171534624713299220e-03
3.281001566647746131e+03 1.023899444820734317e+01 1.171694622998021478e-03
3.281003881538805217e+03 1.023663624683878126e+01 1.169752933693421438e-03
3.281006196429400006e+03 1.023847738363475735e+01 1.171385990957471944e-03
3.281008511319994795e+03 1.023465273187938607e+01 1.167354167889420469e-03
3.281010826210587766e+03 1.023414267908118447e+01 1.166944400819334158e-03
3.281013141101647307e+03 1.023658970692520853e+01 1.169989341480487085e-03
3.281015455992242096e+03 1.023621443279237297e+01 1.169679711086938105e-03
3.281017770882836430e+03 1.023621972082526632e+01 1.169742423327908842e-03
3.281020085773430765e+03 1.023580066987539006e+01 1.169758807241105900e-03
3.281022400664024644e+03 1.023406078695315813e+01 1.168417786970367715e-03
3.281024715554618979e+03 1.023434716430955405e+01 1.167943957539434524e-03
3.281027030445212404e+03 1.023383134832828922e+01 1.167438764255054667e-03
3.281029345335805829e+03 1.023348044888155073e+01 1.167923101202683785e-03
3.281031660226399254e+03 1.023401694591309585e+01 1.168034269543371433e-03
3.281033975116994043e+03 1.023387879068830664e+01 1.168238742972783385e-03
3.281036290007588377e+03 1.023329728969975605e+01 1.167862160223814448e-03
3.281038604898181802e+03 1.023087977924438619e+01 1.164293450360359087e-03
3.281040919788310021e+03 1.023527672609898787e+01 1.169955795440922415e-03
3.281043234678904810e+03 1.023395661893408715e+01 1.168341566151759629e-03
3.281045549569497780e+03 1.023314070902017470e+01 1.166872096097404778e-03
3.281047864460091660e+03 1.023291622687599478e+01 1.167319979478807302e-03
3.281050179350220787e+03 1.023288456283769854e+01 1.167629592714447724e-03
3.281052494240814667e+03 1.023273714099127751e+01 1.167257697920474121e-03
3.281054809128148918e+03 1.023088946129599819e+01 1.165690027309760615e-03
3.281057124018277591e+03 1.023255185762292285e+01 1.167664788932161468e-03
3.281059438908871925e+03 1.023108702874439402e+01 1.165316770565515267e-03
3.281061753799465805e+03 1.023021753417763513e+01 1.164797755494811644e-03
3.281064068689594478e+03 1.022858892729923674e+01 1.163096167893202994e-03
3.281066383580188813e+03 1.022837288122801702e+01 1.163593638281004965e-03
3.281068698470317031e+03 1.022824319093844636e+01 1.163356931685867067e-03
3.281071013360445249e+03 1.023175561381594356e+01 1.166077177951344804e-03
3.281073328251039584e+03 1.023231396791389614e+01 1.166749029458551612e-03
3.281075643141167347e+03 1.023144929181385265e+01 1.167007000881313322e-03
3.281077958031762137e+03 1.023070114801762287e+01 1.166024148176648565e-03
3.281080272921890355e+03 1.022895368611666811e+01 1.163930297358115431e-03
3.281082587812019028e+03 1.022992149295225239e+01 1.165685127233051423e-03
3.281084902702145428e+03 1.022929656032538048e+01 1.164482329632869281e-03
3.281087217592738853e+03 1.023073467870292319e+01 1.165577832016288220e-03
3.281089532482867980e+03 1.023082796522877125e+01 1.166141604116344285e-03
3.281091847372996199e+03 1.023248967561205447e+01 1.167786956922060989e-03
3.281094162263124417e+03 1.023217083616529344e+01 1.166975596864346359e-03
3.281096477153252636e+03 1.023124124893352338e+01 1.165842226951805489e-03
3.281098792043381764e+03 1.022795683266416056e+01 1.163794098944077871e-03
3.281101106933510437e+03 1.023119633981935550e+01 1.166351555700604389e-03
3.281103421823638655e+03 1.023054082593357350e+01 1.165282601901241645e-03
3.281105736713766419e+03 1.023246761597839161e+01 1.167940858719612902e-03
3.281108051603895547e+03 1.023224940460536736e+01 1.166700521939095792e-03
3.281110366494023765e+03 1.022690976474198088e+01 1.162773817502353330e-03
3.281112681384152438e+03 1.023012457806465925e+01 1.165128159340178722e-03
3.281114996274280202e+03 1.023041424987032499e+01 1.164784714659858507e-03
3.281117311164408875e+03 1.023235098137207899e+01 1.167062798098336945e-03
3.281119626054537548e+03 1.023235111491191418e+01 1.167343532818939083e-03
3.281121940944666676e+03 1.023178951061259490e+01 1.166761944825634280e-03
3.281124255834328324e+03 1.023169173353486094e+01 1.166846544509475732e-03
3.281126570724456542e+03 1.023614291052926895e+01 1.170330048187104722e-03
3.281128885614585670e+03 1.023089776084498403e+01 1.165814896668237533e-03
3.281131200504248227e+03 1.023175168096030774e+01 1.166540868368121748e-03
3.281133515394376445e+03 1.023414835928190314e+01 1.169376223392037690e-03
3.281135830284504664e+03 1.023061690934875401e+01 1.165409531564058025e-03
3.281138145174168130e+03 1.023229998123620810e+01 1.167495883709622137e-03
3.281140460064295439e+03 1.023206063971334778e+01 1.166957422389954544e-03
3.281142774953957996e+03 1.023092939352501674e+01 1.165886202036323527e-03
3.281145089844086215e+03 1.023181509821149504e+01 1.166316917937439092e-03
3.281147404733748772e+03 1.023219690507909618e+01 1.166412911893257003e-03
3.281149719623877445e+03 1.023309436279716245e+01 1.167272849316621170e-03
3.281152034513540002e+03 1.023070854562941712e+01 1.164968780218532309e-03
3.281154349403668675e+03 1.023390785948996751e+01 1.168085426246132487e-03
3.281156664293331687e+03 1.023300466402713305e+01 1.166940225079272052e-03
3.281158979182993789e+03 1.023306108765206979e+01 1.166761456526274349e-03
3.281161294072657256e+03 1.023447949449028727e+01 1.169074345238345055e-03
3.281163608962785474e+03 1.023346054512510506e+01 1.167120921628533913e-03
3.281165923852448486e+03 1.023574699086906392e+01 1.169388048916775299e-03
3.281168238742110589e+03 1.023630114830770488e+01 1.170200050371997952e-03
3.281170553631773601e+03 1.023554453937411068e+01 1.168983445816931073e-03
3.281172868521436158e+03 1.023596494310023353e+01 1.169195078439669300e-03
3.281175183411564376e+03 1.023938904772403191e+01 1.172571875451150014e-03
3.281177498301226933e+03 1.023647078133934585e+01 1.170113402268790730e-03
3.281179813190890400e+03 1.023800831476424733e+01 1.170803454503442035e-03
3.281182128080552957e+03 1.023840381211462969e+01 1.171099087770956617e-03
3.281184442970215514e+03 1.024114589994944247e+01 1.173136179941485294e-03
3.281186757859878526e+03 1.024104449947897066e+01 1.173221080047791428e-03
3.281189072749541538e+03 1.024161185851037636e+01 1.173642937844811491e-03
3.281191387638738433e+03 1.023977182724074275e+01 1.171425239802538747e-03
3.281193702528400536e+03 1.024252342528624382e+01 1.174332393578779747e-03
3.281196017418064002e+03 1.023878296194759230e+01 1.170378588398187075e-03
3.281198332307726105e+03 1.024367749551776008e+01 1.174782755034815135e-03
3.281200647197388207e+03 1.024535691584513941e+01 1.176223101140378520e-03
3.281202962086585558e+03 1.024481958884623900e+01 1.175114375506534177e-03
3.281205276976248115e+03 1.024543048769799114e+01 1.175929440301205471e-03
3.281207591865910217e+03 1.024645265669204086e+01 1.176189959448838964e-03
3.281209906755573684e+03 1.024844423721847342e+01 1.178293612935614118e-03
3.281212221644770125e+03 1.024457352771335650e+01 1.174857790197010761e-03
3.281214536534432227e+03 1.024837604485364650e+01 1.178089269559379161e-03
3.281216851423630033e+03 1.024788250328357009e+01 1.176965132445276186e-03
3.281219166313293044e+03 1.024847258095776148e+01 1.177157664265731686e-03
3.281221481202489485e+03 1.024933097497562073e+01 1.178312609356501825e-03
3.281223796092152497e+03 1.024895696585040916e+01 1.177374594125864303e-03
3.281226110981349393e+03 1.025253776679673479e+01 1.180525311338674870e-03
3.281228425871012405e+03 1.024852768581250295e+01 1.176732155464850840e-03
3.281230740760210210e+03 1.025080928060952168e+01 1.178220970740971769e-03
3.281233055649407561e+03 1.025126298081126031e+01 1.178767353240384045e-03
3.281235370539070118e+03 1.025360828699782623e+01 1.181338681616583364e-03
3.281237685428266559e+03 1.025043607183810579e+01 1.177852077728435516e-03
3.281240000317463910e+03 1.025408628424600899e+01 1.180460182199312424e-03
3.281242315207127376e+03 1.025621465344447358e+01 1.182567810073563387e-03
3.281244630096323817e+03 1.025523917333734047e+01 1.181329076479240535e-03
3.281246944985520713e+03 1.026003729298967748e+01 1.186209797668716587e-03
3.281249259874718518e+03 1.025731320581040151e+01 1.183486264075670272e-03
3.281251574763915414e+03 1.025891903395779181e+01 1.184597391882456947e-03
3.281253889653111855e+03 1.025894510410982896e+01 1.184803859356581453e-03
3.281256204542307387e+03 1.025819742731976270e+01 1.183653228390001361e-03
3.281258519431504283e+03 1.026009499549775761e+01 1.184810981312354843e-03
3.281260834320702088e+03 1.026223887082017505e+01 1.186849133887525436e-03
3.281263149209899439e+03 1.026002754042399090e+01 1.184386790881961863e-03
3.281265464099095880e+03 1.026336670555897435e+01 1.187801211089019576e-03
3.281267778988292775e+03 1.026330332882655938e+01 1.187421317157814904e-03
3.281270093877490581e+03 1.026066541734862980e+01 1.184850826788319111e-03
3.281272408766687477e+03 1.026449555099825695e+01 1.188257649884708837e-03
3.281274723655884372e+03 1.026543477487136968e+01 1.189160772428309552e-03
3.281277038545081268e+03 1.026393552554367972e+01 1.187228048029089411e-03
3.281279353433812958e+03 1.026765078596093517e+01 1.191737479038348273e-03
3.281281668323010308e+03 1.026924137577207397e+01 1.191533691473792116e-03
3.281283983212207659e+03 1.026682770131132294e+01 1.189679757782466027e-03
3.281286298100938438e+03 1.027100465378555327e+01 1.194156768787059007e-03
3.281288612990136244e+03 1.026700616188979787e+01 1.189382272587120523e-03
3.281290927879333594e+03 1.026885008904811158e+01 1.190658395033884981e-03
3.281293242768064374e+03 1.027173402859382634e+01 1.193604008788825589e-03
3.281295557657261270e+03 1.027062658170450149e+01 1.192440655030323291e-03
3.281297872545992959e+03 1.027081448491748183e+01 1.192870165016902007e-03
3.281300187435189400e+03 1.027089947104654399e+01 1.192371061238197034e-03
3.281302502323920635e+03 1.027171378781597788e+01 1.192808854516963545e-03
3.281304817213117985e+03 1.027139928320152507e+01 1.192597567869001056e-03
3.281307132101849675e+03 1.027130045557539972e+01 1.192427125472497870e-03
3.281309446990580454e+03 1.027123550963044707e+01 1.192453831116296881e-03
3.281311761879777805e+03 1.027111993745139884e+01 1.191285736555285990e-03
3.281314076768508585e+03 1.027485970434080542e+01 1.195379134592970769e-03
3.281316391657239365e+03 1.027548922037116164e+01 1.196126348216228034e-03
3.281318706546437170e+03 1.027644680648191233e+01 1.196321638016340687e-03
3.281321021435168404e+03 1.027995832993158487e+01 1.200023246732457314e-03
3.281323336323900094e+03 1.027789340807675345e+01 1.197921177428015000e-03
3.281325651212631783e+03 1.027770670805000819e+01 1.197580673609396733e-03
3.281327966101363018e+03 1.027965967936129488e+01 1.198942350869027125e-03
3.281330280990094252e+03 1.027754280439437373e+01 1.197085297694489795e-03
3.281332595878825941e+03 1.028002114611292406e+01 1.199230985391510707e-03
3.281334910767558085e+03 1.027664221417035151e+01 1.196049960011968819e-03
3.281337225656288865e+03 1.027796064567815115e+01 1.197812889261037125e-03
3.281339540545020100e+03 1.027866664601601521e+01 1.197936965093889276e-03
3.281341855433751334e+03 1.027675515894873826e+01 1.195696145573502253e-03
3.281344170322483023e+03 1.027963412830345469e+01 1.198796363221660667e-03
3.281346485211213803e+03 1.027773262699608381e+01 1.195841441331831328e-03
3.281348800099945947e+03 1.027906679136161294e+01 1.198154549760577009e-03
3.281351114988677182e+03 1.028133287192049394e+01 1.200003324480895328e-03
3.281353429877408416e+03 1.028265335180850215e+01 1.201280918907809752e-03
3.281355744765674444e+03 1.028004840416827648e+01 1.198180489708917159e-03
3.281358059654406134e+03 1.028441654285411211e+01 1.202482201062622007e-03
3.281360374543137368e+03 1.028029441766168439e+01 1.198567382344120765e-03
3.281362689431402941e+03 1.028204583354926882e+01 1.200163334915289480e-03
3.281365004320134631e+03 1.028092013607479238e+01 1.198896471593352553e-03
3.281367319208865410e+03 1.028289941163230381e+01 1.201194081518823639e-03
3.281369634097130529e+03 1.028412428708839244e+01 1.202237180921817339e-03
3.281371948985862218e+03 1.028491107833727369e+01 1.202853319028147905e-03
3.281374263874127791e+03 1.028080476907518737e+01 1.198324708616084608e-03
3.281376578762859481e+03 1.028248999654267237e+01 1.200209534907098041e-03
3.281378893651125054e+03 1.028457772285600313e+01 1.202255726642019289e-03
3.281381208539856743e+03 1.028550263088359706e+01 1.203111599851903806e-03
3.281383523428122317e+03 1.028498219376318445e+01 1.202814767247532618e-03
3.281385838316854006e+03 1.028493254944398139e+01 1.202434611866909841e-03
3.281388153205119124e+03 1.028483131330267497e+01 1.202465818783417803e-03
3.281390468093384698e+03 1.028259402866943617e+01 1.199743417226596881e-03
3.281392782981650271e+03 1.028400163425557956e+01 1.201906773398589943e-03
3.281395097870381505e+03 1.028301750541286452e+01 1.200586526291381366e-03
3.281397412758647988e+03 1.028452744075328162e+01 1.201934537949887315e-03
3.281399727646913561e+03 1.028437320710992964e+01 1.201946893026351396e-03
3.281402042535179589e+03 1.028500406458405614e+01 1.202596948862285405e-03
3.281404357423444708e+03 1.028549565191291570e+01 1.203273239223797602e-03
3.281406672311711191e+03 1.028203502786688972e+01 1.199624744362037332e-03
3.281408987199976764e+03 1.028193145095981897e+01 1.199529149532280615e-03
3.281411302088708453e+03 1.028589725686600076e+01 1.203309036176452738e-03
3.281413616976973572e+03 1.028405679995305455e+01 1.201610032572691163e-03
3.281415931864773938e+03 1.027971558513185890e+01 1.197362427875334982e-03
3.281418246753040421e+03 1.028415190359106113e+01 1.201593798575293064e-03
3.281420561641305994e+03 1.028300153301126940e+01 1.200432322547757141e-03
3.281422876529571113e+03 1.028533378951751232e+01 1.202272626547144568e-03
3.281425191417835777e+03 1.028602282292965953e+01 1.203466417698946219e-03
3.281427506306101350e+03 1.028290688785909168e+01 1.200424999835778038e-03
3.281429821194367378e+03 1.028295420163005858e+01 1.200454520624036825e-03
3.281432136082166835e+03 1.028300336731596865e+01 1.200270108071897377e-03
3.281434450970432408e+03 1.028549224846008769e+01 1.203463922467795178e-03
3.281436765858698891e+03 1.028252383020595317e+01 1.199688603423756028e-03
3.281439080746964464e+03 1.028304174825123596e+01 1.200346186521285968e-03
3.281441395634764831e+03 1.028591371331768300e+01 1.203261802646044855e-03
3.281443710523031768e+03 1.028517136810127219e+01 1.202815875907345443e-03
3.281446025410830771e+03 1.028566536780715168e+01 1.203338299571079292e-03
3.281448340299096344e+03 1.028580255560866341e+01 1.203422442974681024e-03
3.281450655186897166e+03 1.028287017354174360e+01 1.200301771246122928e-03
3.281452970075162739e+03 1.028015660354250294e+01 1.197616937435892022e-03
3.281455284962963105e+03 1.028248811855261380e+01 1.199841254799000577e-03
3.281457599851228224e+03 1.028552460050497608e+01 1.203293815701668348e-03
3.281459914739029045e+03 1.028236507684828105e+01 1.199669488859462672e-03
3.281462229626829412e+03 1.028132031023175053e+01 1.199070169867159398e-03
3.281464544515094985e+03 1.028390861267323864e+01 1.201200136105864567e-03
3.281466859402894443e+03 1.028242575393321623e+01 1.200373485689299347e-03
3.281469174290695264e+03 1.028684544450741356e+01 1.204375692330580819e-03
3.281471489178960837e+03 1.028195738243513091e+01 1.199545218047514935e-03
3.281473804066760749e+03 1.028039885462753311e+01 1.198112889398701914e-03
3.281476118954560661e+03 1.028621312071852678e+01 1.204024501550971047e-03
3.281478433842360573e+03 1.028461143878103101e+01 1.202026584669701244e-03
3.281480748730160485e+03 1.028616154638771718e+01 1.204501536534379174e-03
3.281483063617959488e+03 1.028044602759215920e+01 1.198182822469599914e-03
3.281485378505759400e+03 1.028162918816937932e+01 1.199083155031768115e-03
3.281487693393559312e+03 1.028262898402308068e+01 1.200368232417896178e-03
3.281490008281360133e+03 1.028487379784626121e+01 1.202831422854063305e-03
3.281492323169160500e+03 1.027945208275893840e+01 1.197110129861542237e-03
3.281494638056960412e+03 1.028296571303326168e+01 1.200630063596481870e-03
3.281496952944760778e+03 1.028328923260347239e+01 1.201432980803509697e-03
3.281499267832560690e+03 1.028194321697207236e+01 1.199997088470839985e-03
3.281501582720361057e+03 1.028515573731803912e+01 1.203335439934327504e-03
3.281503897608160969e+03 1.028192387086225601e+01 1.200284063379756334e-03
3.281506212495494765e+03 1.028015086403739886e+01 1.198650939248055523e-03
3.281508527383295586e+03 1.028534173930538032e+01 1.204055875835165126e-03
3.281510842271095498e+03 1.028099203518812033e+01 1.199322691300799652e-03
3.281513157158895410e+03 1.028127755551816236e+01 1.199311186513293305e-03
3.281515472046229661e+03 1.028072140771094745e+01 1.198863272444819841e-03
3.281517786934030028e+03 1.027939280297113456e+01 1.197824848263139962e-03
3.281520101821363824e+03 1.027917162822179087e+01 1.198540196419750365e-03
3.281522416709163736e+03 1.027911783193374973e+01 1.197852507991278717e-03
3.281524731596964557e+03 1.027932285510885890e+01 1.198334037992956338e-03
3.281527046484298808e+03 1.027892938001242129e+01 1.197222050076781870e-03
3.281529361371633513e+03 1.027953413406576644e+01 1.197982788655515890e-03
3.281531676259433425e+03 1.027866181517282129e+01 1.197893859720078986e-03
3.281533991146768130e+03 1.027977082685742438e+01 1.198909917483331018e-03
3.281536306034567588e+03 1.027988176098909001e+01 1.199035473485251429e-03
3.281538620921900929e+03 1.027648428546438808e+01 1.195368418154432993e-03
3.281540935809236089e+03 1.028038647396080307e+01 1.199537255818334267e-03
3.281543250697036001e+03 1.027712446110936995e+01 1.196085725068554836e-03
3.281545565584370706e+03 1.027657074200216414e+01 1.195909404568323928e-03
3.281547880471705412e+03 1.027446472371979880e+01 1.194129411130110795e-03
3.281550195359039208e+03 1.027728548976630130e+01 1.196719014735900168e-03
3.281552510246373913e+03 1.027784853184147451e+01 1.196874636875175759e-03
3.281554825134174280e+03 1.027858916663241828e+01 1.197896025309928792e-03
3.281557140021508985e+03 1.028030223145446165e+01 1.199038018198100722e-03
3.281559454908842781e+03 1.027766002699672043e+01 1.196480807784879984e-03
3.281561769796177941e+03 1.027869779507723180e+01 1.198294395311015831e-03
3.281564084683512192e+03 1.027648780458386746e+01 1.195824958315856203e-03
3.281566399570846443e+03 1.027772259167354818e+01 1.197209388976199851e-03
3.281568714458180693e+03 1.027946602600911064e+01 1.198787212906448968e-03
3.281571029345515399e+03 1.027988755391942099e+01 1.199164615184992099e-03
3.281573344232383988e+03 1.027503361726130038e+01 1.194653553332359047e-03
3.281575659119717784e+03 1.027906458407976586e+01 1.198128149464151252e-03
3.281577974007052944e+03 1.027847680037217692e+01 1.198440302939832343e-03
3.281580288894387195e+03 1.027551381857333368e+01 1.194861675502525847e-03
3.281582603781721446e+03 1.027692043321463622e+01 1.196578085605252495e-03
3.281584918668590490e+03 1.027681508526549869e+01 1.196630544857864515e-03
3.281587233555925195e+03 1.027781525501922566e+01 1.197288088304324701e-03
3.281589548443259446e+03 1.027760099057926091e+01 1.197285873413537214e-03
3.281591863330128035e+03 1.027624017232304432e+01 1.195516819367087834e-03
3.281594178217461376e+03 1.027531826029827933e+01 1.195420249667613830e-03
3.281596493104796082e+03 1.027497945632101661e+01 1.194528953345333922e-03
3.281598807991664216e+03 1.027583390203390934e+01 1.195307194986147724e-03
3.281601122878998922e+03 1.027509677285346967e+01 1.194992154553924969e-03
3.281603437765868421e+03 1.027648214454072040e+01 1.196349863263954224e-03
3.281605752653202671e+03 1.027892732169723899e+01 1.198404190830979843e-03
3.281608067540070806e+03 1.027746056719785805e+01 1.197680414065569604e-03
3.281610382426939850e+03 1.027703827608100617e+01 1.196682523135089845e-03
3.281612697314274101e+03 1.028018127779561475e+01 1.199628532806097962e-03
3.281615012201142235e+03 1.027876784208147320e+01 1.198421625919929463e-03
3.281617327088011734e+03 1.027594864138608699e+01 1.195684309202688870e-03
3.281619641975346440e+03 1.027865708674543122e+01 1.198023919153947498e-03
3.281621956862215029e+03 1.027812711223434050e+01 1.197364670285484909e-03
3.281624271749083618e+03 1.027693419138323350e+01 1.196726263933469000e-03
3.281626586635952663e+03 1.027893517110636346e+01 1.199218879490886094e-03
3.281628901522821252e+03 1.027566995531120497e+01 1.196432517168489985e-03
3.281631216409689841e+03 1.027824973824375654e+01 1.197283020320676506e-03
3.281633531296558431e+03 1.027574787831936831e+01 1.195713653084103231e-03
3.281635846183427930e+03 1.027766616353233076e+01 1.197088390224959999e-03
3.281638161070296519e+03 1.027682474069334617e+01 1.196044910665056875e-03
3.281640475957165563e+03 1.027585480300772502e+01 1.195374459796668103e-03
3.281642790844034607e+03 1.027731362912414426e+01 1.197081159720298415e-03
3.281645105730903651e+03 1.027425905089564040e+01 1.194126256040022949e-03
3.281647420617771786e+03 1.027951561371891387e+01 1.198068888815298537e-03
3.281649735504639921e+03 1.027753388380397226e+01 1.196935291055306909e-03
3.281652050391508510e+03 1.027935507664818005e+01 1.198713378061612520e-03
3.281654365278377554e+03 1.028012043720450563e+01 1.199340630716785134e-03
3.281656680164780482e+03 1.028007074290880851e+01 1.199510444038859053e-03
3.281658995051649526e+03 1.027968663319979647e+01 1.198585623277180793e-03
3.281661309938517661e+03 1.027923521774410354e+01 1.198043050339780069e-03
3.281663624824921044e+03 1.028302192779543134e+01 1.201769405947082908e-03
3.281665939711789633e+03 1.027837469680543059e+01 1.197082303660942666e-03
3.281668254598657768e+03 1.028080089624392279e+01 1.198811351283418734e-03
3.281670569485061606e+03 1.028295852237570962e+01 1.201496562357501309e-03
3.281672884371930195e+03 1.028453660391427249e+01 1.203306897709881598e-03
3.281675199258333578e+03 1.028171752077530421e+01 1.199990061825622484e-03
3.281677514145201712e+03 1.028062418935714817e+01 1.198690598939424834e-03
3.281679829031605550e+03 1.028154010889543990e+01 1.199353403206449356e-03
3.281682143918474594e+03 1.028404141784142922e+01 1.201351887963590269e-03
3.281684458804877522e+03 1.028199731119252114e+01 1.199630531836765523e-03
3.281686773691280450e+03 1.028541919759668666e+01 1.203191786723174610e-03
3.281689088578149040e+03 1.028374682527302753e+01 1.201525647133212847e-03
3.281691403464552423e+03 1.028507162295069932e+01 1.202900962524223539e-03
3.281693718350955351e+03 1.028610431240794476e+01 1.203487993563042216e-03
3.281696033237358279e+03 1.028080084117224935e+01 1.198489210610700602e-03
3.281698348124227778e+03 1.028568069982577526e+01 1.202592428259893200e-03
3.281700663010630706e+03 1.028530591083803714e+01 1.202061616433039741e-03
3.281702977897034089e+03 1.028909711512219616e+01 1.206235788624814703e-03
3.281705292783435652e+03 1.028865887416837488e+01 1.205772680798769710e-03
3.281707607669837671e+03 1.028773377965991820e+01 1.204693887308519798e-03
3.281709922556241509e+03 1.028927583597617001e+01 1.205643838568633752e-03
3.281712237442644437e+03 1.028488887825406550e+01 1.201042186533471650e-03
3.281714552329047365e+03 1.028890534015748237e+01 1.204758884442824968e-03
3.281716867215450293e+03 1.028687802293371867e+01 1.203322046684992186e-03
3.281719182101854130e+03 1.028897803803380739e+01 1.204748526748028502e-03
3.281721496988257513e+03 1.028767659635247256e+01 1.203569340979848126e-03
3.281723811874660441e+03 1.029064854814126839e+01 1.206234582890075655e-03
3.281726126760597253e+03 1.028793948469823860e+01 1.203477566691968413e-03
3.281728441647001091e+03 1.029075934189480179e+01 1.205533116426647572e-03
3.281730756533404474e+03 1.028832291493562856e+01 1.203617237741529513e-03
3.281733071419806947e+03 1.029061195787082816e+01 1.205422467089940124e-03
3.281735386305744214e+03 1.029243444849672784e+01 1.207540671866506226e-03
3.281737701192148052e+03 1.029191681846968187e+01 1.207270352755441265e-03
3.281740016078551434e+03 1.029043557542906484e+01 1.205177232588573819e-03
3.281742330964488701e+03 1.029388561847837380e+01 1.208753226076357198e-03
3.281744645850891629e+03 1.029327777098630214e+01 1.207534022616288307e-03
3.281746960736828896e+03 1.029161573981067868e+01 1.205340371365555769e-03
3.281749275623232279e+03 1.029679863337505452e+01 1.210822241352615047e-03
3.281751590509170001e+03 1.029390870463679164e+01 1.207419505336969042e-03
3.281753905395572474e+03 1.029736429172668544e+01 1.211307261089751824e-03
3.281756220281509741e+03 1.029642043931478490e+01 1.210168429326350693e-03
3.281758535167913578e+03 1.029463663798524209e+01 1.207156000273745897e-03
3.281760850053849936e+03 1.029781646914669935e+01 1.211201294665370737e-03
3.281763164939787202e+03 1.030053811947476738e+01 1.213286143365511572e-03
3.281765479825724469e+03 1.029817457200363506e+01 1.210590270835209181e-03
3.281767794712127397e+03 1.030037653430341749e+01 1.213102400113768480e-03
3.281770109598064664e+03 1.030046616651194569e+01 1.214060635603675690e-03
3.281772424484002386e+03 1.030108354293618689e+01 1.213790620815452179e-03
3.281774739369940562e+03 1.029782287960750331e+01 1.210733164321824889e-03
3.281777054255877374e+03 1.029741243266435013e+01 1.209939510731584131e-03
3.281779369141814641e+03 1.029827152009046642e+01 1.210081861523808460e-03
3.281781684027752817e+03 1.030231681084668871e+01 1.214706764970654822e-03
3.281783998914155745e+03 1.030442181424501769e+01 1.217522482346000126e-03
3.281786313799627351e+03 1.030116550527886510e+01 1.213704498391934188e-03
3.281788628685565072e+03 1.029802936578228945e+01 1.209582377017637224e-03
3.281790943571502794e+03 1.030389091726698503e+01 1.215487312440885351e-03
3.281793258457440515e+03 1.030154097929787227e+01 1.213527028449769502e-03
3.281795573343377328e+03 1.030269418459383779e+01 1.214423558234800898e-03
3.281797888229315049e+03 1.030530709322105665e+01 1.216899334176530000e-03
3.281800203115252771e+03 1.030308030306408540e+01 1.214849844180947202e-03
3.281802518001189583e+03 1.030300855925047188e+01 1.215064531931965997e-03
3.281804832886660733e+03 1.030674596801314635e+01 1.218154499158161357e-03
3.281807147772598910e+03 1.030596447241284608e+01 1.216696280635226179e-03
3.281809462658536631e+03 1.030544519813741289e+01 1.216410504197465263e-03
3.281811777544007782e+03 1.030644861878206697e+01 1.217227274638840078e-03
3.281814092429945504e+03 1.030419171541840484e+01 1.215274176400875589e-03
3.281816407315417564e+03 1.030570497281249587e+01 1.216010277304850748e-03
3.281818722201353921e+03 1.030483160937664877e+01 1.215210011255228291e-03
3.281821037087291188e+03 1.030720261125341430e+01 1.217125614631496414e-03
3.281823351972762794e+03 1.030756010612931028e+01 1.217637459479591891e-03
3.281825666858234399e+03 1.030837002548375381e+01 1.218183878528958201e-03
3.281827981744171666e+03 1.030961994386782266e+01 1.219773865452368792e-03
3.281830296629644181e+03 1.031002271505777479e+01 1.220085930376166609e-03
3.281832611515581448e+03 1.031113613423866582e+01 1.221467291231135947e-03
3.281834926401053508e+03 1.030718055472884309e+01 1.216815464091564655e-03
3.281837241286524659e+03 1.030969826115054389e+01 1.219440579113129650e-03
3.281839556171997174e+03 1.030837906210561350e+01 1.218030705938357187e-03
3.281841871057934441e+03 1.031048997103408738e+01 1.220048088935316629e-03
3.281844185943406501e+03 1.031079791910141807e+01 1.220345195477941843e-03
3.281846500828877652e+03 1.031209552093118731e+01 1.221568071545521593e-03
3.281848815714350167e+03 1.031065128968250377e+01 1.219702945416837291e-03
3.281851130599820863e+03 1.031172019929192096e+01 1.220866067140066215e-03
3.281853445485292923e+03 1.030744616406998659e+01 1.216585964364700354e-03
3.281855760370765438e+03 1.031298651495191265e+01 1.221986018745618331e-03
3.281858075256237044e+03 1.031089897022905966e+01 1.219287893799094087e-03
3.281860390141709104e+03 1.031348796639784027e+01 1.222000793963052634e-03
3.281862705027180709e+03 1.031302506252372631e+01 1.221391383364401045e-03
3.281865019912652315e+03 1.030920655680464471e+01 1.217564180010959453e-03
3.281867334798124375e+03 1.031039234485576017e+01 1.219310215742225876e-03
3.281869649683595981e+03 1.031414919240983430e+01 1.223226027216662301e-03
3.281871964569068496e+03 1.031025815738751206e+01 1.219061584294907612e-03
3.281874279454539646e+03 1.030991780528162138e+01 1.218325210060363338e-03
3.281876594339544681e+03 1.031342216655014887e+01 1.222209590450648586e-03
3.281878909225016287e+03 1.031222161017494088e+01 1.220551410808190258e-03
3.281881224110488802e+03 1.031276798456228505e+01 1.221991441961703742e-03
3.281883538995494746e+03 1.031185604608148232e+01 1.220385511827082716e-03
3.281885853880966351e+03 1.031111616832058786e+01 1.219431037846570266e-03
3.281888168765972296e+03 1.031210678618325360e+01 1.220622590928993872e-03
3.281890483651444811e+03 1.031451304167756966e+01 1.222730383040957023e-03
3.281892798536915961e+03 1.031383599633808323e+01 1.222938724871601998e-03
3.281895113421922360e+03 1.031403963405426794e+01 1.222499196945447302e-03
3.281897428306928305e+03 1.031284004844411406e+01 1.221213292021259894e-03
3.281899743192399910e+03 1.031574012586453648e+01 1.224612443576484494e-03
3.281902058077405854e+03 1.031370019369624913e+01 1.222122600054561560e-03
3.281904372962877460e+03 1.031572859979804591e+01 1.223951041492006044e-03
3.281906687847883404e+03 1.031292296804263486e+01 1.221311271302725175e-03
3.281909002732890258e+03 1.031368548099080229e+01 1.222142382724729793e-03
3.281911317618362773e+03 1.031542955164741571e+01 1.224135496782082812e-03
3.281913632503367808e+03 1.031521243536650623e+01 1.223453277797699554e-03
3.281915947388373752e+03 1.031134982339488282e+01 1.219419137375465402e-03
3.281918262273380606e+03 1.031548566549157187e+01 1.223979348806123781e-03
3.281920577158386550e+03 1.031651446454363885e+01 1.224567578012046186e-03
3.281922892043392494e+03 1.031271633813822319e+01 1.221236679127563974e-03
3.281925206928398438e+03 1.031090114514020151e+01 1.218896843725553744e-03
3.281927521813404837e+03 1.031242487152499088e+01 1.220762410015793038e-03
3.281929836698410327e+03 1.031340713257158725e+01 1.221823796556122197e-03
3.281932151583416271e+03 1.031524946627910033e+01 1.223556419351434646e-03
3.281934466468422215e+03 1.031310213723944713e+01 1.221654534873075270e-03
3.281936781353428614e+03 1.031301703395016389e+01 1.221387820781518483e-03
3.281939096238434558e+03 1.031620860883796276e+01 1.224819208526864867e-03
3.281941411123440957e+03 1.031527429518639671e+01 1.224410456521772637e-03
3.281943726008447811e+03 1.031333790905442527e+01 1.221192953223822642e-03
3.281946040893452846e+03 1.031415555253380667e+01 1.222496349419320951e-03
3.281948355777993584e+03 1.031280156839908102e+01 1.221692065958312513e-03
3.281950670662999983e+03 1.031176909410163312e+01 1.220597849145723486e-03
3.281952985548005472e+03 1.031460613421987915e+01 1.222837562535323067e-03
3.281955300432545300e+03 1.031412489916694497e+01 1.222622669262929179e-03
3.281957615317552154e+03 1.031538267682966392e+01 1.224380834901648424e-03
3.281959930202558553e+03 1.031459294586585074e+01 1.223135642896182014e-03
3.281962245087098836e+03 1.031034614929646054e+01 1.219061893648704315e-03
3.281964559972105235e+03 1.031340750722862687e+01 1.222359326596632453e-03
3.281966874856645973e+03 1.031504293682264972e+01 1.223724417733318892e-03
3.281969189741651462e+03 1.031171824730371966e+01 1.220469049319747572e-03
3.281971504626192655e+03 1.031499747266390088e+01 1.223651442932883809e-03
3.281973819510733392e+03 1.030992801881467891e+01 1.219363199828909063e-03
3.281976134395738882e+03 1.031075306776064160e+01 1.219732283285321697e-03
3.281978449280279619e+03 1.031454641748801038e+01 1.223095200850982545e-03
3.281980764164819902e+03 1.031181890544316282e+01 1.220709799901217906e-03
3.281983079049826301e+03 1.031127884697985664e+01 1.220270976638384609e-03
3.281985393934367039e+03 1.030825270804772309e+01 1.217061261607463090e-03
3.281987708818906867e+03 1.030884234182029147e+01 1.217294083377160486e-03
3.281990023703446695e+03 1.031057673713067935e+01 1.219187116724637383e-03
3.281992338587986524e+03 1.030851102927972640e+01 1.217666154061001430e-03
3.281994653472527716e+03 1.031271065053248925e+01 1.221292608905961150e-03
3.281996968357068454e+03 1.031146924755073258e+01 1.220629673142252861e-03
3.281999283242073943e+03 1.031208501413861356e+01 1.220888850851203781e-03
3.282001598126614226e+03 1.031433613624192169e+01 1.223697815499848142e-03
3.282003913010688848e+03 1.031169912189285220e+01 1.221165435153730725e-03
3.282006227895229586e+03 1.031047971948270892e+01 1.219516045702826422e-03
3.282008542779769414e+03 1.031423135185284323e+01 1.223798056493523301e-03
3.282010857664310606e+03 1.031262752825290363e+01 1.221238544355474033e-03
3.282013172548851799e+03 1.031092193150551672e+01 1.219980297867375796e-03
3.282015487433391627e+03 1.031370555599517935e+01 1.223089592665546101e-03
3.282017802317931455e+03 1.031165272024190216e+01 1.220655196557439339e-03
3.282020117202006986e+03 1.030721102783835086e+01 1.215982483447873748e-03
3.282022432086547269e+03 1.031208408924440967e+01 1.221112188903667991e-03
3.282024746971088007e+03 1.030920902145222939e+01 1.218193894604147282e-03
3.282027061855162628e+03 1.031309561128461638e+01 1.222049212568189188e-03
3.282029376739702911e+03 1.031177542052152418e+01 1.220958118261337858e-03
3.282031691623778443e+03 1.031121414474967324e+01 1.220726544370039817e-03
3.282034006508318271e+03 1.030898599179172592e+01 1.218238048089826785e-03
3.282036321392858554e+03 1.030952690893433221e+01 1.218594378980364813e-03
3.282038636276934085e+03 1.030995983285984607e+01 1.218805237900260361e-03
3.282040951161008707e+03 1.031437714839359288e+01 1.223992148457872650e-03
3.282043266045548989e+03 1.030977362447973178e+01 1.219332274165409614e-03
3.282045580929622702e+03 1.031260272775636366e+01 1.221947787775011160e-03
3.282047895814163439e+03 1.031316032265689842e+01 1.222381640816980457e-03
3.282050210698238061e+03 1.031136979890148275e+01 1.220752608348023077e-03
3.282052525582313137e+03 1.031398070735603945e+01 1.223327227384369545e-03
3.282054840466386850e+03 1.031243211840395801e+01 1.221885320146189535e-03
3.282057155350927587e+03 1.031072408677787777e+01 1.219853945602214062e-03
3.282059470235002664e+03 1.031117327418239071e+01 1.220531303228235883e-03
3.282061785119077285e+03 1.030879424779918452e+01 1.217719493813873392e-03
3.282064100003152816e+03 1.030990798054864932e+01 1.218885349499711137e-03
3.282066414887227438e+03 1.031006221186372507e+01 1.218481364670507975e-03
3.282068729771302515e+03 1.031121796587145845e+01 1.220409309552343167e-03
3.282071044655376681e+03 1.031156846906356961e+01 1.221468142086604711e-03
3.282073359539452213e+03 1.031071512012053404e+01 1.219354330243768063e-03
3.282075674423526834e+03 1.031380040219276317e+01 1.222788317860843809e-03
3.282077989307601456e+03 1.030956181078070344e+01 1.218983096312152136e-03
3.282080304191676532e+03 1.031330996096741970e+01 1.222463332670065562e-03
3.282082619075751609e+03 1.031127498554625888e+01 1.219967301567290207e-03
3.282084933959826230e+03 1.031493829818605334e+01 1.223774499097237886e-03
3.282087248843435646e+03 1.031325490716295334e+01 1.221639241676359322e-03
3.282089563727509812e+03 1.031499366801734752e+01 1.223399918897897240e-03
3.282091878611584889e+03 1.031316406406463315e+01 1.221283821897286648e-03
3.282094193495660420e+03 1.031569364227679486e+01 1.224197796200927890e-03
3.282096508379268926e+03 1.031457629644730467e+01 1.223405359330500793e-03
3.282098823263343547e+03 1.031375303865258886e+01 1.222666479417495360e-03
3.282101138146952053e+03 1.031258209639332080e+01 1.221243036775249624e-03
3.282103453031026220e+03 1.031429802592204403e+01 1.222958934616949272e-03
3.282105767914635180e+03 1.031220780682899907e+01 1.220642221080650396e-03
3.282108082798709802e+03 1.031359565037011805e+01 1.221865647772803643e-03
3.282110397682318762e+03 1.031136018053503456e+01 1.219821289981537320e-03
3.282112712566393839e+03 1.031069911370570225e+01 1.219122393215208659e-03
3.282115027450003254e+03 1.031396618809922039e+01 1.221721633306423844e-03
3.282117342334077875e+03 1.031215240711238934e+01 1.219697971122986769e-03
3.282119657217686836e+03 1.031337103422474399e+01 1.221449817584593662e-03
3.282121972101296706e+03 1.031645025422165673e+01 1.224313891936385955e-03
3.282124286984905666e+03 1.031442135784351954e+01 1.222899996612992818e-03
3.282126601868980288e+03 1.031614727468737058e+01 1.224563069329870748e-03
3.282128916752589248e+03 1.031577606691498872e+01 1.224060195458951663e-03
3.282131231636199118e+03 1.031413566392826375e+01 1.222800853857144076e-03
3.282133546519808533e+03 1.031602346151947103e+01 1.223855048663895217e-03
3.282135861403417493e+03 1.031566892037075434e+01 1.224005361379394956e-03
3.282138176287026454e+03 1.031542009233856838e+01 1.223547069764829073e-03
3.282140491170635869e+03 1.031361609525707479e+01 1.221653319391557968e-03
3.282142806054244829e+03 1.031783729088058976e+01 1.225545105288015479e-03
3.282145120937853790e+03 1.031672367459634643e+01 1.224353850959146971e-03
3.282147435821462750e+03 1.031399393851299529e+01 1.221935164185678456e-03
3.282149750705072620e+03 1.031707225892004942e+01 1.224584159419824913e-03
3.282152065588681580e+03 1.031921810349603774e+01 1.226907289610042933e-03
3.282154380472290995e+03 1.031865806802101559e+01 1.226021225144925371e-03
3.282156695355898592e+03 1.031975258094590053e+01 1.227943570734726410e-03
3.282159010239041436e+03 1.031878580326202588e+01 1.226175722045890230e-03
3.282161325122650396e+03 1.032050291235456285e+01 1.227622475213123671e-03
3.282163640006259811e+03 1.031844545792716517e+01 1.225735976360330841e-03
3.282165954889403565e+03 1.031739796645408269e+01 1.224105884904805102e-03
3.282168269773012980e+03 1.031672742357142170e+01 1.223901890190701430e-03
3.282170584656621941e+03 1.031924176600119480e+01 1.226252568960255803e-03
3.282172899539765240e+03 1.032035231607660464e+01 1.227364472568566629e-03
3.282175214423375110e+03 1.031823230277838377e+01 1.224919815989492650e-03
3.282177529306518409e+03 1.031893112650128153e+01 1.225288332315558693e-03
3.282179844190127369e+03 1.031800815680838568e+01 1.224324413709377678e-03
3.282182159073270668e+03 1.032066505477104457e+01 1.227563064475154691e-03
3.282184473956414877e+03 1.031810747997263356e+01 1.224631770525924212e-03
3.282186788840023837e+03 1.032212875651358885e+01 1.228548297756944848e-03
3.282189103723167591e+03 1.031674056659339556e+01 1.222644499530650512e-03
3.282191418606310435e+03 1.032026954612749137e+01 1.225856929721567089e-03
3.282193733489919850e+03 1.032176391199054954e+01 1.227773972008280000e-03
3.282196048373064059e+03 1.032323934739362947e+01 1.229309376535367166e-03
3.282198363256206903e+03 1.032458727649365748e+01 1.230202508321893160e-03
3.282200678139350202e+03 1.032122257958559075e+01 1.226722512045350317e-03
3.282202993022493956e+03 1.032531768998478938e+01 1.230965631111435562e-03
3.282205307905637710e+03 1.031845773029370150e+01 1.223818771507723590e-03
3.282207622788781464e+03 1.032435401101090378e+01 1.229695555697177560e-03
3.282209937672389970e+03 1.032398578750277451e+01 1.229237147712126162e-03
3.282212252555532359e+03 1.032623450241058372e+01 1.231475152767371774e-03
3.282214567438209997e+03 1.032533886210456053e+01 1.230423727278156338e-03
3.282216882321353296e+03 1.032225260590997173e+01 1.227814895002156620e-03
3.282219197204497050e+03 1.032657993199343949e+01 1.231614716767984825e-03
3.282221512087640804e+03 1.032440560464043067e+01 1.228450217969253829e-03
3.282223826970784103e+03 1.033068507173915229e+01 1.234973828154035469e-03
3.282226141853927402e+03 1.032841679970277227e+01 1.232631333883151686e-03
3.282228456736605494e+03 1.032683371518264259e+01 1.230289045197708719e-03
3.282230771619748339e+03 1.032841107870439146e+01 1.232097384545079513e-03
3.282233086502892547e+03 1.033027052763768872e+01 1.233739713311440703e-03
3.282235401386035846e+03 1.033050128683314739e+01 1.235008116331651673e-03
3.282237716268713484e+03 1.033079082503959256e+01 1.234591132137729088e-03
3.282240031151856783e+03 1.032912608458627801e+01 1.232133897654011075e-03
3.282242346034534876e+03 1.033146404773431826e+01 1.234644498248632259e-03
3.282244660917679084e+03 1.033101201796978330e+01 1.233544782642597044e-03
3.282246975800356722e+03 1.033046331738634471e+01 1.232607931855363203e-03
3.282249290683499567e+03 1.033228753297006719e+01 1.235062510861789599e-03
3.282251605566178114e+03 1.033532788230765043e+01 1.237715714349604552e-03
3.282253920449321413e+03 1.033464051494382474e+01 1.236766423396780780e-03
3.282256235331999505e+03 1.033516887739673429e+01 1.237169813420462916e-03
3.282258550214676688e+03 1.033743152512654895e+01 1.239313802577572243e-03
3.282260865097820897e+03 1.034067864148945404e+01 1.242406973853187480e-03
3.282263179980498080e+03 1.033863127933219772e+01 1.239331107247331658e-03
3.282265494863175263e+03 1.033744402516684424e+01 1.238599505138780581e-03
3.282267809745853810e+03 1.033776383849837721e+01 1.238180058699667706e-03
3.282270124628530994e+03 1.033928100745779766e+01 1.240081448163123882e-03
3.282272439511208631e+03 1.033791628313826472e+01 1.237800677481483294e-03
3.282274754394351476e+03 1.033878943886936064e+01 1.239105618841322264e-03
3.282277069277030023e+03 1.034138466144926305e+01 1.241204272862880603e-03
3.282279384159707661e+03 1.034338299100497771e+01 1.242976643302059429e-03
3.282281699042385299e+03 1.034415840210682269e+01 1.243756789887982220e-03
3.282284013925063391e+03 1.034510210852240064e+01 1.245045848455041213e-03
3.282286328807275368e+03 1.034495322124143968e+01 1.244382156688322947e-03
3.282288643689953460e+03 1.034255861485051931e+01 1.241569784728785084e-03
3.282290958572631553e+03 1.034773161017418452e+01 1.246658001757447150e-03
3.282293273455308736e+03 1.034536089788163338e+01 1.244136225831983609e-03
3.282295588337986828e+03 1.034801391449847685e+01 1.246371901407780907e-03
3.282297903220199260e+03 1.034865136200575364e+01 1.247013651506291565e-03
3.282300218102876897e+03 1.034845607487300967e+01 1.246845795173964115e-03
3.282302532985554535e+03 1.034609117483537055e+01 1.243749227943347080e-03
3.282304847867766966e+03 1.035283111907276954e+01 1.250227079177915332e-03
3.282307162750445514e+03 1.035061882504572317e+01 1.247229791010225726e-03
3.282309477633123151e+03 1.035346542245932611e+01 1.250405740863457177e-03
3.282311792515334673e+03 1.035243265061692952e+01 1.249298716533180477e-03
3.282314107398013221e+03 1.035004297531877882e+01 1.246369152269226951e-03
3.282316422280224288e+03 1.035323506715939246e+01 1.249396796761878103e-03
3.282318737162902380e+03 1.035607575617746612e+01 1.252771763618370756e-03
3.282321052045114811e+03 1.035435051606835088e+01 1.250883161344400240e-03
3.282323366927326788e+03 1.035317071566826286e+01 1.249971551247949309e-03
3.282325681810004426e+03 1.035710487390124257e+01 1.252926652866058867e-03
3.282327996692215493e+03 1.035786612590665001e+01 1.254004118943146317e-03
3.282330311574427469e+03 1.036260424302905214e+01 1.258058939227102609e-03
3.282332626457105562e+03 1.035756816499824140e+01 1.253475842181474720e-03
3.282334941339317993e+03 1.035715326528997338e+01 1.251690368506053544e-03
3.282337256221530424e+03 1.035869286984619464e+01 1.253462986687567914e-03
3.282339571103741946e+03 1.036055856658989427e+01 1.255768917554896200e-03
3.282341885985954377e+03 1.035882563018393654e+01 1.253597609375731907e-03
3.282344200868166809e+03 1.035972111878671420e+01 1.254405377625293985e-03
3.282346515750378785e+03 1.035960340172655592e+01 1.254336345209443489e-03
3.282348830632590762e+03 1.036099778070891020e+01 1.255516966613414668e-03
3.282351145514802738e+03 1.036530314733959379e+01 1.259502440744222820e-03
3.282353460397015624e+03 1.036189595183900281e+01 1.256136244340116427e-03
3.282355775279228055e+03 1.036812046169036883e+01 1.262375242751175323e-03
3.282358090161440032e+03 1.036274415093254397e+01 1.255888695594576223e-03
3.282360405043651554e+03 1.036754029641320329e+01 1.261342798381260124e-03
3.282362719925398778e+03 1.036675029737507003e+01 1.260856844695670050e-03
3.282365034807610755e+03 1.036680971378850735e+01 1.260454085707258609e-03
3.282367349689822731e+03 1.036479024667551307e+01 1.258304372557126662e-03
3.282369664572035617e+03 1.036841893936382419e+01 1.261623012549914795e-03
3.282371979453781933e+03 1.036758724823244826e+01 1.260152200302345300e-03
3.282374294335993909e+03 1.037088983804053299e+01 1.263631459927508707e-03
3.282376609217740224e+03 1.036741462098303046e+01 1.259292353682205448e-03
3.282378924099952656e+03 1.036790869385582958e+01 1.260134670998724242e-03
3.282381238982164177e+03 1.036653817018607349e+01 1.258923472370582653e-03
3.282383553863910038e+03 1.036794137658810833e+01 1.260748176133502218e-03
3.282385868745656808e+03 1.036720202870118612e+01 1.259286565875470483e-03
3.282388183627868784e+03 1.036911006863559415e+01 1.261279970856965917e-03
3.282390498509615554e+03 1.037064421197284858e+01 1.262863714994109194e-03
3.282392813391827531e+03 1.037411498299274193e+01 1.265962889009672769e-03
3.282395128273573391e+03 1.037125161342799728e+01 1.264109647888379036e-03
3.282397443155320616e+03 1.037330823649238454e+01 1.265475603333176234e-03
3.282399758037067386e+03 1.037158053911345412e+01 1.263426205771839240e-03
3.282402072919278908e+03 1.037206791520703142e+01 1.264512111546146423e-03
3.282404387801025223e+03 1.036697402239167509e+01 1.258283507857304835e-03
3.282406702682771993e+03 1.037306949210916329e+01 1.264351633445399796e-03
3.282409017564518763e+03 1.037115088135452545e+01 1.262230375399764262e-03
3.282411332446265533e+03 1.037578188296898851e+01 1.266657176973758157e-03
3.282413647328011393e+03 1.037633173803362041e+01 1.266789095650052051e-03
3.282415962209758618e+03 1.037496120648471454e+01 1.266214538088368015e-03
3.282418277091505388e+03 1.037481355073377998e+01 1.265504204838867200e-03
3.282420591973251703e+03 1.037549227032398846e+01 1.265986827291979691e-03
3.282422906854997564e+03 1.037618326441164385e+01 1.266900666129728691e-03
3.282425221736744788e+03 1.037724071647355828e+01 1.267687476501456112e-03
3.282427536618490649e+03 1.037796214094663760e+01 1.268660020040068793e-03
3.282429851499770848e+03 1.037432223087212080e+01 1.264778486865013839e-03
3.282432166381518073e+03 1.037673421997334344e+01 1.266997657980088341e-03
3.282434481263264388e+03 1.037915526681819856e+01 1.269999292500867882e-03
3.282436796145011158e+03 1.037581053352051619e+01 1.266383113916005367e-03
3.282439111026290902e+03 1.037782341559897326e+01 1.268067909970849432e-03
3.282441425908036763e+03 1.037684622035586202e+01 1.266797955251433789e-03
3.282443740789317417e+03 1.037767795157938622e+01 1.267994997279743314e-03
3.282446055671064642e+03 1.037893548237753016e+01 1.268694702347090324e-03
3.282448370552811411e+03 1.037826424917381019e+01 1.268344814097874642e-03
3.282450685434092065e+03 1.037718145523930602e+01 1.267101477235565814e-03
3.282453000315372265e+03 1.037914371288923476e+01 1.269970301480293677e-03
3.282455315197119035e+03 1.037925311216961077e+01 1.269029558084466738e-03
3.282457630078400598e+03 1.037624263916628031e+01 1.266347968640927800e-03
3.282459944960146458e+03 1.037880836953088703e+01 1.268012511218034920e-03
3.282462259841427567e+03 1.037947416113145138e+01 1.269236494249753513e-03
3.282464574722708676e+03 1.037991347997816050e+01 1.269407718409967974e-03
3.282466889603989330e+03 1.037992371704395289e+01 1.269542908896065855e-03
3.282469204485736100e+03 1.037674328075192065e+01 1.266029592617283050e-03
3.282471519367016299e+03 1.037945375018718153e+01 1.269416268767039864e-03
3.282473834248297862e+03 1.037818571541085788e+01 1.268139282118486066e-03
3.282476149129578516e+03 1.038030493489433681e+01 1.268949865637461136e-03
3.282478464010860080e+03 1.037857296378102312e+01 1.268055744443432383e-03
3.282480778892140734e+03 1.038029764453132664e+01 1.269871125251618212e-03
3.282483093773421388e+03 1.037869764081279200e+01 1.268239013870505437e-03
3.282485408654702042e+03 1.037985825523374217e+01 1.269322475598386873e-03
3.282487723535982695e+03 1.038001539626342407e+01 1.269824650306304375e-03
3.282490038417263349e+03 1.037731350069199721e+01 1.266519777298909721e-03
3.282492353298544458e+03 1.037914028890947549e+01 1.268473830960609129e-03
3.282494668179824657e+03 1.038019390074487447e+01 1.270101813885632976e-03
3.282496983060638740e+03 1.038110687814829269e+01 1.271012452826569394e-03
3.282499297941919849e+03 1.037792859442822113e+01 1.267298362090289428e-03
3.282501612823201413e+03 1.038008322382172999e+01 1.269924384143445752e-03
3.282503927704016405e+03 1.037760835393965664e+01 1.267178217899485662e-03
3.282506242585297059e+03 1.038016714928135187e+01 1.270325240399433533e-03
3.282508557466578168e+03 1.038001654086051673e+01 1.270040092096517102e-03
3.282510872347393615e+03 1.038262783624161223e+01 1.272008690698850364e-03
3.282513187228673814e+03 1.038183551231625579e+01 1.271104500235167422e-03
3.282515502109488807e+03 1.038225100886248597e+01 1.271779349351914376e-03
3.282517816990769916e+03 1.038065895250915815e+01 1.269751918688720969e-03
3.282520131871585363e+03 1.038099178496322139e+01 1.270762071966612073e-03
3.282522446752866472e+03 1.037920501102962412e+01 1.268943876087463450e-03
3.282524761633681464e+03 1.037931090377293231e+01 1.268818704707064303e-03
3.282527076514496912e+03 1.037782930681114202e+01 1.267087616633560693e-03
3.282529391395777566e+03 1.038313081305189378e+01 1.272273685932682596e-03
3.282531706276593013e+03 1.038319150273883551e+01 1.273340567971328798e-03
3.282534021157407551e+03 1.037609745811275985e+01 1.265411588692793871e-03
3.282536336038222998e+03 1.038090480951527184e+01 1.269853508800121216e-03
3.282538650919038446e+03 1.037832525629242220e+01 1.267569355115047251e-03
3.282540965800319555e+03 1.038139790802001272e+01 1.271293033006269321e-03
3.282543280681134092e+03 1.038068475550929826e+01 1.270264317588737975e-03
3.282545595561949540e+03 1.037949786517611273e+01 1.269412141103728022e-03
3.282547910442764532e+03 1.037837689944854347e+01 1.267734701230860449e-03
3.282550225323579070e+03 1.038040386698000361e+01 1.270796600452021689e-03
3.282552540204393608e+03 1.037704121285524472e+01 1.266574894272915180e-03
3.282554855085208601e+03 1.037755585708674744e+01 1.267365629433100157e-03
3.282557169965557932e+03 1.037920095893715633e+01 1.269991896625941290e-03
3.282559484846373380e+03 1.037778672167863547e+01 1.267557159464815803e-03
3.282561799727188372e+03 1.038012254251524169e+01 1.269965915804868208e-03
3.282564114608003365e+03 1.037430827336015682e+01 1.263633028394586496e-03
3.282566429484627861e+03 1.037743846627064670e+01 1.267921399079580775e-03
3.282568744365443308e+03 1.037663959607476016e+01 1.267121932198867103e-03
3.282571059246258301e+03 1.037797521503533460e+01 1.268498465698148295e-03
3.282573374126608087e+03 1.038097588114021619e+01 1.271449796563583990e-03
3.282575689007423534e+03 1.037824554216880024e+01 1.268929425896314763e-03
3.282578003887773775e+03 1.037892487341619763e+01 1.269913422977062131e-03
3.282580318768588768e+03 1.037802862064929776e+01 1.268228785597948823e-03
3.282582633648938554e+03 1.037624123820908117e+01 1.266736426260099994e-03
3.282584948529753547e+03 1.037588921825856758e+01 1.266009659127404798e-03
3.282587263410102423e+03 1.037417047578793117e+01 1.264021243392379756e-03
3.282589578290917871e+03 1.037883032353990309e+01 1.269255963068897583e-03
3.282591893171267657e+03 1.037952066512474936e+01 1.269603028714783163e-03
3.282594208051617443e+03 1.037698976748760593e+01 1.267316162361579578e-03
3.282596522932432435e+03 1.037877301192506607e+01 1.269749258367020191e-03
3.282598837812782222e+03 1.038119635772837412e+01 1.271352571080542997e-03
3.282601152693131098e+03 1.037906195089338901e+01 1.269386026747565703e-03
3.282603467573480430e+03 1.037514436158950915e+01 1.265297137022871211e-03
3.282605782453830216e+03 1.037629279259682669e+01 1.266977662937037591e-03
3.282608097334179092e+03 1.037690699716253917e+01 1.266996928007693961e-03
3.282610412214993630e+03 1.037522239046022321e+01 1.265629945729050730e-03
3.282612727095343416e+03 1.038019737249184260e+01 1.270594487652353935e-03
3.282615041975692293e+03 1.037376643046797753e+01 1.263428508531845356e-03
3.282617356856042079e+03 1.037727859483830173e+01 1.267122881948623807e-03
3.282619671735926204e+03 1.037750271939537683e+01 1.268000687959285055e-03
3.282621986616275535e+03 1.037933085259644272e+01 1.269705632681042201e-03
3.282624301496624867e+03 1.037620579276302912e+01 1.266967449018548391e-03
3.282626616376974198e+03 1.037633702386895962e+01 1.266687063400857545e-03
3.282628931257323984e+03 1.037432042620744177e+01 1.264404330927042285e-03
3.282631246137673770e+03 1.037785848260572941e+01 1.267877954064558412e-03
3.282633561017557440e+03 1.037506560113228105e+01 1.265267394418110626e-03
3.282635875897906772e+03 1.037864777264310234e+01 1.268656494918795567e-03
3.282638190778257012e+03 1.037861538242425929e+01 1.268320405773792035e-03
3.282640505658140682e+03 1.037995760301220827e+01 1.269934160400270230e-03
3.282642820538490469e+03 1.037622523876257929e+01 1.266183295711408203e-03
3.282645135418373684e+03 1.037859034766933952e+01 1.269119647902592881e-03
3.282647450298723925e+03 1.038132050051732946e+01 1.271786085280943342e-03
3.282649765178608050e+03 1.037988182679005789e+01 1.271071304891829585e-03
3.282652080058956926e+03 1.037566256695196465e+01 1.265638657068296393e-03
3.282654394938841051e+03 1.037962696461161549e+01 1.269311178065652248e-03
3.282656709818725176e+03 1.038046275450446920e+01 1.269858653049644537e-03
3.282659024699074052e+03 1.038248888823151184e+01 1.272329604934043391e-03
3.282661339578957268e+03 1.037717099983886371e+01 1.266753321867229503e-03
3.282663654458840483e+03 1.038128677282437273e+01 1.271016882311642180e-03
3.282665969338723698e+03 1.038118218726928532e+01 1.270885051604441016e-03
3.282668284219073939e+03 1.038026335205938722e+01 1.269723643315020340e-03
3.282670599098958064e+03 1.038002320922095656e+01 1.269468963778058387e-03
3.282672913978841279e+03 1.038171159981479974e+01 1.271329394374109186e-03
3.282675228858725404e+03 1.038195483205605107e+01 1.271566873986536153e-03
3.282677543738609529e+03 1.038267487540067968e+01 1.271323191401812353e-03
3.282679858618493199e+03 1.038306757207455888e+01 1.271239389376612513e-03
3.282682173498376869e+03 1.038640494347776588e+01 1.275474964945958823e-03
3.282684488378260994e+03 1.038708524376628972e+01 1.275520130059804112e-03
3.282686803258145574e+03 1.038748677924728447e+01 1.275872880095830142e-03
3.282689118138028789e+03 1.038572656615264655e+01 1.273761445170513290e-03
3.282691433017447707e+03 1.038643825377427099e+01 1.274326713531135974e-03
3.282693747897331377e+03 1.038457260606374000e+01 1.273173777930266702e-03
3.282696062777215502e+03 1.038837491381070777e+01 1.276005412341286744e-03
3.282698377657098717e+03 1.038882759084368246e+01 1.276590469460112684e-03
3.282700692536517636e+03 1.038997655566326017e+01 1.278650609542542624e-03
3.282703007416401306e+03 1.038793852923970285e+01 1.275021762697559069e-03
3.282705322295819315e+03 1.039007982869253155e+01 1.277105766274103365e-03
3.282707637175703439e+03 1.039028356800566932e+01 1.277352021612247193e-03
3.282709952055587564e+03 1.039233456422113377e+01 1.279469047371229427e-03
3.282712266935005573e+03 1.039057834143861747e+01 1.277202757381526053e-03
3.282714581814889698e+03 1.039153479393781865e+01 1.278512202103785191e-03
3.282716896694307252e+03 1.039186682552184138e+01 1.277714980663496478e-03
3.282719211573726170e+03 1.039576209102145654e+01 1.281307198990269550e-03
3.282721526453608476e+03 1.039335519227928550e+01 1.279055546716000675e-03
3.282723841333026485e+03 1.039256443848669775e+01 1.277448477253490455e-03
3.282726156212444494e+03 1.039299806043802654e+01 1.277562632746972755e-03
3.282728471091862502e+03 1.039655328303681792e+01 1.281210168751335463e-03
3.282730785971746627e+03 1.039723268971060044e+01 1.282328369068242878e-03
3.282733100851164636e+03 1.039751552454901962e+01 1.281220276838208622e-03
3.282735415730583100e+03 1.040004504206260272e+01 1.284334357673229399e-03
3.282737730610000654e+03 1.040062739045140461e+01 1.284844462847451168e-03
3.282740045489419572e+03 1.040340952956118059e+01 1.287914585925164319e-03
3.282742360368837581e+03 1.040302842146070716e+01 1.286410502785719726e-03
3.282744675248256044e+03 1.040286861957348563e+01 1.286394797869975766e-03
3.282746990127674053e+03 1.040374327798984666e+01 1.286991836033481293e-03
3.282749305007092516e+03 1.040257073402859156e+01 1.285432003907249071e-03
3.282751619886510525e+03 1.040637559723910677e+01 1.289128532422197755e-03
3.282753934765928989e+03 1.040638426210592016e+01 1.289079983675355413e-03
3.282756249645346543e+03 1.040941360046551978e+01 1.292220012181960909e-03
3.282758564524299800e+03 1.041288410295138966e+01 1.295252416889105477e-03
3.282760879403717809e+03 1.041134678489968124e+01 1.293023455135804177e-03
3.282763194283135817e+03 1.041170392165970071e+01 1.292987877197883774e-03
3.282765509162088620e+03 1.041313164662086876e+01 1.294642272283654970e-03
3.282767824041507083e+03 1.041360878934610490e+01 1.294625038743525735e-03
3.282770138920925547e+03 1.041587946112777097e+01 1.296552425969793370e-03
3.282772453799877439e+03 1.041448194551209561e+01 1.294823446830769501e-03
3.282774768679295448e+03 1.041597349281227380e+01 1.296052762672529309e-03
3.282777083558247341e+03 1.041731877159857333e+01 1.296728322214048658e-03
3.282779398437664895e+03 1.042013581711641201e+01 1.299912218510331646e-03
3.282781713316617243e+03 1.042182259280037471e+01 1.301566941945610798e-03
3.282784028195570045e+03 1.042177388347870348e+01 1.301459043710327277e-03
3.282786343074988054e+03 1.042323339685527195e+01 1.301945245032093239e-03
3.282788657953940856e+03 1.042035260659348239e+01 1.298449457980490251e-03
3.282790972832893203e+03 1.042619568687678466e+01 1.305036534771530530e-03
3.282793287711846006e+03 1.042632219878314714e+01 1.304868087145177402e-03
3.282795602591264469e+03 1.042241123732072339e+01 1.299296909433965766e-03
3.282797917470216817e+03 1.042559879928115762e+01 1.303162415921403725e-03
3.282800232349169619e+03 1.042909134008591820e+01 1.307210853983015435e-03
3.282802547228121966e+03 1.042722457190816776e+01 1.304389193937666907e-03
3.282804862107074769e+03 1.042726751182479106e+01 1.304427635048276048e-03
3.282807176986027571e+03 1.043236494033014594e+01 1.309642267077083940e-03
3.282809491864979464e+03 1.043056488047376540e+01 1.306641784849862931e-03
3.282811806743932721e+03 1.043282984589979279e+01 1.309164905073350715e-03
3.282814121622885523e+03 1.043245220541179386e+01 1.308778628316370094e-03
3.282816436501837416e+03 1.043470258158648356e+01 1.311583932785555023e-03
3.282818751380324557e+03 1.043146077326064258e+01 1.307651929288525423e-03
3.282821066259276904e+03 1.043943091523911448e+01 1.315842803793474715e-03
3.282823381138229706e+03 1.043665987474068224e+01 1.313872171139787237e-03
3.282825696017182509e+03 1.043683565927298140e+01 1.312460283464529512e-03
3.282828010895668740e+03 1.043856871239198902e+01 1.315164751640301392e-03
3.282830325774621997e+03 1.043455564567973681e+01 1.309947284421486688e-03
3.282832640653573435e+03 1.043873480906362872e+01 1.313914957389181832e-03
3.282834955532060121e+03 1.043444886305440988e+01 1.310305331571844090e-03
3.282837270411012469e+03 1.043652808342502425e+01 1.310757258850634354e-03
3.282839585289499610e+03 1.043857198242515416e+01 1.313524751278826201e-03
3.282841900168451502e+03 1.043871231447707970e+01 1.313476107298710335e-03
3.282844215046938189e+03 1.043817171269945376e+01 1.311968334775418920e-03
3.282846529925424875e+03 1.043754861219751717e+01 1.312317871291191667e-03
3.282848844804377222e+03 1.044060937927975807e+01 1.315833023476834602e-03
3.282851159682864818e+03 1.044222754669698006e+01 1.316537922060225701e-03
3.282853474561351504e+03 1.044105050792102851e+01 1.315303009517788989e-03
3.282855789440303852e+03 1.043997036425228941e+01 1.314184420488535409e-03
3.282858104318790538e+03 1.044197576599368738e+01 1.316177664974277220e-03
3.282860419197278134e+03 1.044421822934220856e+01 1.318659671810574205e-03
3.282862734075764820e+03 1.044432104598556776e+01 1.317599186381587057e-03
3.282865048954251961e+03 1.044493994695712225e+01 1.319410548496344508e-03
3.282867363832738192e+03 1.044273392894553432e+01 1.315952003836500569e-03
3.282869678711225788e+03 1.044707043993729378e+01 1.320818414248695321e-03
3.282871993589712474e+03 1.044397204580593375e+01 1.316984062144691296e-03
3.282874308468199615e+03 1.044336834046367812e+01 1.315498351159453310e-03
3.282876623346685847e+03 1.044619982823517468e+01 1.319652534951665582e-03
3.282878938225172988e+03 1.044475061886356393e+01 1.317697159609285910e-03
3.282881253103660583e+03 1.044991165526541366e+01 1.323562679161097719e-03
3.282883567981681608e+03 1.044586307028085415e+01 1.318749547417033497e-03
3.282885882860168749e+03 1.044765149246904556e+01 1.320337796670455503e-03
3.282888197738655435e+03 1.045005206795554464e+01 1.322764857770245168e-03
3.282890512617142122e+03 1.044875498467280828e+01 1.321627498313668889e-03
3.282892827495162692e+03 1.044990781273795122e+01 1.322014107096786562e-03
3.282895142373649378e+03 1.044498958923324494e+01 1.316511081103966668e-03
3.282897457251670858e+03 1.044821516309287546e+01 1.320784461969854492e-03
3.282899772130157544e+03 1.045168770454576546e+01 1.323876808857044366e-03
3.282902087008179024e+03 1.044931644825073036e+01 1.321416862221595290e-03
3.282904401886665255e+03 1.045054187700496939e+01 1.322482004052383036e-03
3.282906716764686280e+03 1.044791800938679671e+01 1.320332241359033253e-03
3.282909031643173421e+03 1.045145222253360195e+01 1.324049686793058941e-03
3.282911346521194446e+03 1.045025947995645410e+01 1.322462623266163449e-03
3.282913661399215925e+03 1.045557343671772266e+01 1.328366196225059083e-03
3.282915976277703066e+03 1.045099941998247672e+01 1.323342062572042304e-03
3.282918291155724091e+03 1.044889968179697526e+01 1.320702712896008706e-03
3.282920606033744662e+03 1.045296534757315321e+01 1.324347631098989932e-03
3.282922920911766596e+03 1.044903498816569254e+01 1.320103874235833670e-03
3.282925235789788076e+03 1.044996591248298756e+01 1.321298617460761387e-03
3.282927550667809101e+03 1.045381898004458066e+01 1.326140342287669303e-03
3.282929865545829671e+03 1.045418217380188963e+01 1.325902470925082463e-03
3.282932180423851605e+03 1.045372745625327582e+01 1.324444525976932073e-03
3.282934495301873085e+03 1.045380058782002664e+01 1.325210870337312913e-03
3.282936810179894110e+03 1.045587149785370862e+01 1.327828408813057056e-03
3.282939125057914680e+03 1.045220792308730395e+01 1.323232218895892221e-03
3.282941439935936614e+03 1.045137133993094203e+01 1.322642183785109919e-03
3.282943754813957639e+03 1.045526103104011817e+01 1.326792695037976207e-03
3.282946069691978664e+03 1.045902988939888800e+01 1.330807718402692410e-03
3.282948384569533573e+03 1.045147956418297142e+01 1.322464174014679810e-03
3.282950699447554598e+03 1.045555450884225124e+01 1.327212116546655279e-03
3.282953014325575623e+03 1.045552318401122704e+01 1.326734427326833844e-03
3.282955329203130987e+03 1.045697364567396903e+01 1.328937397446793662e-03
3.282957644081152466e+03 1.045555330654238446e+01 1.326969770238123824e-03
3.282959958959173491e+03 1.045449918382039911e+01 1.325493361725030642e-03
3.282962273836728855e+03 1.045334688442574844e+01 1.323911665982565634e-03
3.282964588714750789e+03 1.045408900926973850e+01 1.323930871195646728e-03
3.282966903592306608e+03 1.045601300060796390e+01 1.326954952438965350e-03
3.282969218469861971e+03 1.045595715481603882e+01 1.327505531106465322e-03
3.282971533347882541e+03 1.045686328689194511e+01 1.327610373981842357e-03
3.282973848225438815e+03 1.045370586559584325e+01 1.323753369676616788e-03
3.282976163102993723e+03 1.045933717823374920e+01 1.330468813993831555e-03
3.282978477981014294e+03 1.045676820707167920e+01 1.326929129773146351e-03
3.282980792858570567e+03 1.045780090834808540e+01 1.327822012065775449e-03
3.282983107736126385e+03 1.045973921784322869e+01 1.331109846042156063e-03
3.282985422613681294e+03 1.046079568061976595e+01 1.331718535535877761e-03
3.282987737491236658e+03 1.045920113238949156e+01 1.330133452901351892e-03
3.282990052368792931e+03 1.046301558052672753e+01 1.334395891740206138e-03
3.282992367246348294e+03 1.045852391956046823e+01 1.329199511707032091e-03
3.282994682123904568e+03 1.045929325673192523e+01 1.329884717191825603e-03
3.282996997001460386e+03 1.045878501620010148e+01 1.328650804710812105e-03
3.282999311879015295e+03 1.045943327911587950e+01 1.328925921360693584e-03
3.283001626756570658e+03 1.045595470074684208e+01 1.326119207870640792e-03
3.283003941634125567e+03 1.046026463231320491e+01 1.330478907572563933e-03
3.283006256511680476e+03 1.045941934014703989e+01 1.329475435003572544e-03
3.283008571389236749e+03 1.045966514291603033e+01 1.329069478276720525e-03
3.283010886266326452e+03 1.046021436823597206e+01 1.330291259163001762e-03
3.283013201143881815e+03 1.045984341230129822e+01 1.330230201986244741e-03
3.283015516021437634e+03 1.045982748972159371e+01 1.329534595370219542e-03
3.283017830898527791e+03 1.045733072952202747e+01 1.326867533712572421e-03
3.283020145776083609e+03 1.046036658897311966e+01 1.331164104439661478e-03
3.283022460653172857e+03 1.045855441942704189e+01 1.328541868553837066e-03
3.283024775530728220e+03 1.046208396321834755e+01 1.332007303204908732e-03
3.283027090407818378e+03 1.045629181293096011e+01 1.326453788641342776e-03
3.283029405285374196e+03 1.045781364005489777e+01 1.327198484172699465e-03
3.283031720162463898e+03 1.046273101258710270e+01 1.333443087982928146e-03
3.283034035039554055e+03 1.046224676888340532e+01 1.332966575410072336e-03
3.283036349917109874e+03 1.046070479946525822e+01 1.330583626787628076e-03
3.283038664794199121e+03 1.045926017494995719e+01 1.329488447955498413e-03
3.283040979671288369e+03 1.045909920074454824e+01 1.329258985989103560e-03
3.283043294548378981e+03 1.045864536437291470e+01 1.328619921237489789e-03
3.283045609425934344e+03 1.046131319487587064e+01 1.331746574413454707e-03
3.283047924303024502e+03 1.045673150570092602e+01 1.325789171484468079e-03
3.283050239180113749e+03 1.046033619127980963e+01 1.330372069267468519e-03
3.283052554057203906e+03 1.045908541465455421e+01 1.329466993373790411e-03
3.283054868934294518e+03 1.046025587744206398e+01 1.330574431606941326e-03
3.283057183811383766e+03 1.046313393395956481e+01 1.333324575730581362e-03
3.283059498688473013e+03 1.045914842785828469e+01 1.328756975638318563e-03
3.283061813565562716e+03 1.046106884086756672e+01 1.330918378726747824e-03
3.283064128442652418e+03 1.046152013468162778e+01 1.331356440391070085e-03
3.283066443319276914e+03 1.045846335931289595e+01 1.327874669451808379e-03
3.283068758196367071e+03 1.045615666238570363e+01 1.325832112023991958e-03
3.283071073073456319e+03 1.046212526583175695e+01 1.332493002670083471e-03
3.283073387950546476e+03 1.045979181716150386e+01 1.329252111324329697e-03
3.283075702827170971e+03 1.046361342639264080e+01 1.334662484357325646e-03
3.283078017704260674e+03 1.046138907168283794e+01 1.331785932764474427e-03
3.283080332580885170e+03 1.045933898920218574e+01 1.328963705466773820e-03
3.283082647457974417e+03 1.046247901777851474e+01 1.332621403266139211e-03
3.283084962334598913e+03 1.046154348560594016e+01 1.331118440703087363e-03
3.283087277211689525e+03 1.045741584448816752e+01 1.326698352033115619e-03
3.283089592088313566e+03 1.046163508931689989e+01 1.330936394289869212e-03
3.283091906965402814e+03 1.046330692692036379e+01 1.333476061328227975e-03
3.283094221842027764e+03 1.046146474646321778e+01 1.330826761850187985e-03
3.283096536718651805e+03 1.046255499539888056e+01 1.332388449109929906e-03
3.283098851595741962e+03 1.046382657794186422e+01 1.332703205714998824e-03
3.283101166472366458e+03 1.046519815119665253e+01 1.333874533326033810e-03
3.283103481348990954e+03 1.046303605811720061e+01 1.332594937215458982e-03
3.283105796225614540e+03 1.046523946501965696e+01 1.334370819354716757e-03
3.283108111102238581e+03 1.046427364893577838e+01 1.333539231789696066e-03
3.283110425979328284e+03 1.046168453005234511e+01 1.330948292971960911e-03
3.283112740855952325e+03 1.046035748012063493e+01 1.329381497171954786e-03
3.283115055732575911e+03 1.046590334272788070e+01 1.334987525207089777e-03
3.283117370609199497e+03 1.046578738758267590e+01 1.335453121997962197e-03
3.283119685485358787e+03 1.046652295564096136e+01 1.335721904623721418e-03
3.283122000361982828e+03 1.046275328443019248e+01 1.331070285886119635e-03
3.283124315238606869e+03 1.046556007659400755e+01 1.333892119819928652e-03
3.283126630115231819e+03 1.046751123076741230e+01 1.336003562341425482e-03
3.283128944991855860e+03 1.046732154481609456e+01 1.335494435676426363e-03
3.283131259868480811e+03 1.046524776837653370e+01 1.333711932055267613e-03
3.283133574744638281e+03 1.046794685247666479e+01 1.336267060595468020e-03
3.283135889621262322e+03 1.046891964276194464e+01 1.337472636531186840e-03
3.283138204497887273e+03 1.046728562882251801e+01 1.335820113283097462e-03
3.283140519374045653e+03 1.046707941412848086e+01 1.335708330538802830e-03
3.283142834250670148e+03 1.046728481645123310e+01 1.335160319236457964e-03
3.283145149126828528e+03 1.046596585753974828e+01 1.333858823430196256e-03
3.283147464003453024e+03 1.046907707319530445e+01 1.337569962002363227e-03
3.283149778879611404e+03 1.046857415710506167e+01 1.336450829227124344e-03
3.283152093755769783e+03 1.047048971778405146e+01 1.339691924912864889e-03
3.283154408632393825e+03 1.047054956404367587e+01 1.338350923756429509e-03
3.283156723508553114e+03 1.047174572497482714e+01 1.339710387767816804e-03
3.283159038384711494e+03 1.047436170471612016e+01 1.342366750607313286e-03
3.283161353261335989e+03 1.046990547184800491e+01 1.337204319672739708e-03
3.283163668137494369e+03 1.047046071605480577e+01 1.337398222909797667e-03
3.283165983013653204e+03 1.047139639827886270e+01 1.338496155023305391e-03
3.283168297889811583e+03 1.046872321976316655e+01 1.335631490978211747e-03
3.283170612765969963e+03 1.047570702820553734e+01 1.342953719988103454e-03
3.283172927642126979e+03 1.047298912002064419e+01 1.339392190611059068e-03
3.283175242518285813e+03 1.047688943701653841e+01 1.343864847803438950e-03
3.283177557394444193e+03 1.047230005202351855e+01 1.338325188077254526e-03
3.283179872270602573e+03 1.047691234858408649e+01 1.342854510187959467e-03
3.283182187146761407e+03 1.047436390940559114e+01 1.340530853689368479e-03
3.283184502022919332e+03 1.047295533255938693e+01 1.338798141418587112e-03
3.283186816899078622e+03 1.047576187703872819e+01 1.342378930294777168e-03
3.283189131774771340e+03 1.047899769939982129e+01 1.345105139880369526e-03
3.283191446650930175e+03 1.047914399528641383e+01 1.345338095592609308e-03
3.283193761527088554e+03 1.047764327456194877e+01 1.343301667449965393e-03
3.283196076402781728e+03 1.047916184023106645e+01 1.345606782695855236e-03
3.283198391278940562e+03 1.048048522173231056e+01 1.345935546513817417e-03
3.283200706155098942e+03 1.048110739731190577e+01 1.346023212330921086e-03
3.283203021030792570e+03 1.048202214595228554e+01 1.347293436170685348e-03
3.283205335906950495e+03 1.048244458511871535e+01 1.347577578031026882e-03
3.283207650782643213e+03 1.048232076412067038e+01 1.347759727641118389e-03
3.283209965658802503e+03 1.048091208034849231e+01 1.345673631847589362e-03
3.283212280534495221e+03 1.048267811712481112e+01 1.347004286289887149e-03
3.283214595410187940e+03 1.048627329776473971e+01 1.350397221138213786e-03
3.283216910286346319e+03 1.048346700804938969e+01 1.347865933220510157e-03
3.283219225162039947e+03 1.048498044633606163e+01 1.349088048182858117e-03
3.283221540037732666e+03 1.048738641904283675e+01 1.351973115463988000e-03
3.283223854913425384e+03 1.048928055468513776e+01 1.353686743491855100e-03
3.283226169789118558e+03 1.048655507433131184e+01 1.350619238077194195e-03
3.283228484664810367e+03 1.048547925492773913e+01 1.349356121361561765e-03
3.283230799540503085e+03 1.049035023311429526e+01 1.354329132770391506e-03
3.283233114416196258e+03 1.048967046374005463e+01 1.353014881338047070e-03
3.283235429291889432e+03 1.049109638868458205e+01 1.355177822402430822e-03
3.283237744167582150e+03 1.049382000088157696e+01 1.357425589929941914e-03
3.283240059043273959e+03 1.049064060035158974e+01 1.353722345996468584e-03
3.283242373918967587e+03 1.049448158966154843e+01 1.357459766129013408e-03
3.283244688794659851e+03 1.049174453946188912e+01 1.354974994077914928e-03
3.283247003670352569e+03 1.049538684602753058e+01 1.358492499479506573e-03
3.283249318546046197e+03 1.049238579650319281e+01 1.354224239368821432e-03
3.283251633421273254e+03 1.049653771844795358e+01 1.359416479953992792e-03
3.283253948296966428e+03 1.049681201413118359e+01 1.358407095338558940e-03
3.283256263172658691e+03 1.049475712357826396e+01 1.356219283780761347e-03
3.283258578047886658e+03 1.049813719056033712e+01 1.360130521835186583e-03
3.283260892923579377e+03 1.050424082065335973e+01 1.366818980792235952e-03
3.283263207798806434e+03 1.050079481578043961e+01 1.361474412230439558e-03
3.283265522674499607e+03 1.050083113725734130e+01 1.361112713915404266e-03
3.283267837549727119e+03 1.049993783587459717e+01 1.360692691192501823e-03
3.283270152424954631e+03 1.050219432108511519e+01 1.363646051804275755e-03
3.283272467300646895e+03 1.050144967015995334e+01 1.362168606316836988e-03
3.283274782175874407e+03 1.050555560671719846e+01 1.366494972379530409e-03
3.283277097051101919e+03 1.050641397820968415e+01 1.366974137543175167e-03
3.283279411926794637e+03 1.050369968660096909e+01 1.362614211403601712e-03
3.283281726802022149e+03 1.051163416430318165e+01 1.372708344216485655e-03
3.283284041677248752e+03 1.050522540337593114e+01 1.363783327242449857e-03
3.283286356552474899e+03 1.050899044737872146e+01 1.368815194543806417e-03
3.283288671427702411e+03 1.050922190840747206e+01 1.368790827746768418e-03
3.283290986302929923e+03 1.051090643781971856e+01 1.369665781902494953e-03
3.283293301178157435e+03 1.051043846626991218e+01 1.369343590218076966e-03
3.283295616053384492e+03 1.051128259073738391e+01 1.369469506028401368e-03
3.283297930928611549e+03 1.051500427070738652e+01 1.374227145638234979e-03
3.283300245803839061e+03 1.052045000432400101e+01 1.380228501052792843e-03
3.283302560679066573e+03 1.051717960284686271e+01 1.375929325484042624e-03
3.283304875553827969e+03 1.051822068002619837e+01 1.376516271798848773e-03
3.283307190429055481e+03 1.051601899761054071e+01 1.373787046012821169e-03
3.283309505304282993e+03 1.052007840118735515e+01 1.378090720229329953e-03
3.283311820179509596e+03 1.051781566327699124e+01 1.375149908211963524e-03
3.283314135054271446e+03 1.051819259348048519e+01 1.374746454023020826e-03
3.283316449929498503e+03 1.051701587882316247e+01 1.373744148412014976e-03
3.283318764804259445e+03 1.052058192641432122e+01 1.377807122284213778e-03
3.283321079679486957e+03 1.051962731820687047e+01 1.376219886559329562e-03
3.283323394554248807e+03 1.052554447418946104e+01 1.381927227811752994e-03
3.283325709429475864e+03 1.052348824230602631e+01 1.379780151175627727e-03
3.283328024304237260e+03 1.052700680290496749e+01 1.384777846006615470e-03
3.283330339179465227e+03 1.052534130393124023e+01 1.381776935112458528e-03
3.283332654054227078e+03 1.052527202010022833e+01 1.381484316008760489e-03
3.283334968928988474e+03 1.053027337715798240e+01 1.387058984140428696e-03
3.283337283803749415e+03 1.052942765722662344e+01 1.385797232807525021e-03
3.283339598678976472e+03 1.053162864124750442e+01 1.388056767950790991e-03
3.283341913553737413e+03 1.053283618259284715e+01 1.389472138398281003e-03
3.283344228428499264e+03 1.053106114878505295e+01 1.386135161758457902e-03
3.283346543303260660e+03 1.053349325549956816e+01 1.388796905599208554e-03
3.283348858178022510e+03 1.053283688293723586e+01 1.388291618243443467e-03
3.283351173052783452e+03 1.053402428807737046e+01 1.390367707928095260e-03
3.283353487927545757e+03 1.053353996485455291e+01 1.388704594607402098e-03
3.283355802802307608e+03 1.053239760787061385e+01 1.387853900478527988e-03
3.283358117677069004e+03 1.053426008258543867e+01 1.389303515585144175e-03
3.283360432551364283e+03 1.053290633112938224e+01 1.387592742967308328e-03
3.283362747426126589e+03 1.053782715449725771e+01 1.393029961392627239e-03
3.283365062300888439e+03 1.053847868046844738e+01 1.393891456026358786e-03
3.283367377175649381e+03 1.053619347103611936e+01 1.390279798102356679e-03
3.283369692049945570e+03 1.053814009265352603e+01 1.391941538094507158e-03
3.283372006924706966e+03 1.053831166944406661e+01 1.392783860053689159e-03
3.283374321799468817e+03 1.053554206479461008e+01 1.389346924751861312e-03
3.283376636673765006e+03 1.053642996491237938e+01 1.389810748133333282e-03
3.283378951548526402e+03 1.054418050268460583e+01 1.398962240646400932e-03
3.283381266422822591e+03 1.054433202664766966e+01 1.398923523081628409e-03
3.283383581297117416e+03 1.054251318747879296e+01 1.396232202325002961e-03
3.283385896171878812e+03 1.054184044918340035e+01 1.395246125223655173e-03
3.283388211046175002e+03 1.054638076622236653e+01 1.400572694929045833e-03
3.283390525920936852e+03 1.054558574087911360e+01 1.399755845818479632e-03
3.283392840795233042e+03 1.054080557135127272e+01 1.394419458624066499e-03
3.283395155669528322e+03 1.054114673153807757e+01 1.393715489366088682e-03
3.283397470543824056e+03 1.054197956552583904e+01 1.395073334099620728e-03
3.283399785418119791e+03 1.054179468404299591e+01 1.395216997010928581e-03
3.283402100292415525e+03 1.054318141597951097e+01 1.396339605774062770e-03
3.283404415166711260e+03 1.055046153755610661e+01 1.404703455068180605e-03
3.283406730041007904e+03 1.054512075073709809e+01 1.398277990142269027e-03
3.283409044915303639e+03 1.054648581111395345e+01 1.399884582209385848e-03
3.283411359789599373e+03 1.054761918660934228e+01 1.400743320811685027e-03
3.283413674663895563e+03 1.054676354928022697e+01 1.399807963605117665e-03
3.283415989538191752e+03 1.054537471495804013e+01 1.397476562951799253e-03
3.283418304412487487e+03 1.054373968351515956e+01 1.395824919312766690e-03
3.283420619286783676e+03 1.054738346291041040e+01 1.400231478086227553e-03
3.283422934160613295e+03 1.054735266955456652e+01 1.399806445552968836e-03
3.283425249034909939e+03 1.054719836467632987e+01 1.400560161969833075e-03
3.283427563909205674e+03 1.054607898475281580e+01 1.398201741502039849e-03
3.283429878783035747e+03 1.054611538909576751e+01 1.398717103034551002e-03
3.283432193657331482e+03 1.054522056758840698e+01 1.397290491011215227e-03
3.283434508531628126e+03 1.054489564436075000e+01 1.396389419327826635e-03
3.283436823405458199e+03 1.054629059961652437e+01 1.398448597990456033e-03
3.283439138279288272e+03 1.054723566674984347e+01 1.399657985788768655e-03
3.283441453153584462e+03 1.055033817924043760e+01 1.403128972893126535e-03
3.283443768027414990e+03 1.054871399165690349e+01 1.401551821548147883e-03
3.283446082901710724e+03 1.055026305164377831e+01 1.402420438934775604e-03
3.283448397775540798e+03 1.055142163176031822e+01 1.404695398802618825e-03
3.283450712649371781e+03 1.054806225899942973e+01 1.401420731706574463e-03
3.283453027523200490e+03 1.054888640007086131e+01 1.401340050333408282e-03
3.283455342397030563e+03 1.054925419120016450e+01 1.402202055977458308e-03
3.283457657271326752e+03 1.054507367019010999e+01 1.396340032379156685e-03
3.283459972145155916e+03 1.054992093285729560e+01 1.402260708629121970e-03
3.283462287018986444e+03 1.054593660989389292e+01 1.396851941377596053e-03
3.283464601892816972e+03 1.054984501044502743e+01 1.401914824329342831e-03
3.283466916766647500e+03 1.054935693262957486e+01 1.401920315227437762e-03
3.283469231640477574e+03 1.055063973539486000e+01 1.404039706646091406e-03
3.283471546513841531e+03 1.055110414720979151e+01 1.403694206985254492e-03
3.283473861387672514e+03 1.055162889495499812e+01 1.404479119010501468e-03
3.283476176261502587e+03 1.054875471261179065e+01 1.400950475140273462e-03
3.283478491135333115e+03 1.055247426411322920e+01 1.405753284799337796e-03
3.283480806008697527e+03 1.055321334475654993e+01 1.405673019857917689e-03
3.283483120882528056e+03 1.054543400021739785e+01 1.397032868822528553e-03
3.283485435756358584e+03 1.054707885483772145e+01 1.399023762599273333e-03
3.283487750629722996e+03 1.055134506144507611e+01 1.404300395297565117e-03
3.283490065503553069e+03 1.054749420625056899e+01 1.399333246566069645e-03
3.283492380376917936e+03 1.054696088574111101e+01 1.398455835117205044e-03
3.283494695250748464e+03 1.054927697377919849e+01 1.401786783177256038e-03
3.283497010124112421e+03 1.054826965614670797e+01 1.400644427231697870e-03
3.283499324997942495e+03 1.054907443543742218e+01 1.401407589783367673e-03
3.283501639871307816e+03 1.055020066653451494e+01 1.403242190147338054e-03
3.283503954744672228e+03 1.054705984084620596e+01 1.398501249122351782e-03
3.283506269618037550e+03 1.054547580958334052e+01 1.396693900512128257e-03
3.283508584491868078e+03 1.055287402370506911e+01 1.406344328663166904e-03
3.283510899365232035e+03 1.055039328843316504e+01 1.402674830864992931e-03
3.283513214238595538e+03 1.054893701377760706e+01 1.400920521303351774e-03
3.283515529111960404e+03 1.055094547839294350e+01 1.403473620869293828e-03
3.283517843985324362e+03 1.054657867825719464e+01 1.398691440137892796e-03
3.283520158858689683e+03 1.054943788641346458e+01 1.401940522184481159e-03
3.283522473732054550e+03 1.054950332965593063e+01 1.401654973913409995e-03
3.283524788605418962e+03 1.055216808179370780e+01 1.404343122159181813e-03
3.283527103478783374e+03 1.054735956853681955e+01 1.399140102008467100e-03
3.283529418352148241e+03 1.055202287731247779e+01 1.405179501482172952e-03
3.283531733225047446e+03 1.054706946810449075e+01 1.398226817640448212e-03
3.283534048098411404e+03 1.054927563374783617e+01 1.402316531406197497e-03
3.283536362971775816e+03 1.054878305328210431e+01 1.401046604931509591e-03
3.283538677845140228e+03 1.054880245736581124e+01 1.402073411677843716e-03
3.283540992718039433e+03 1.054556677909103257e+01 1.396918471364901569e-03
3.283543307591403391e+03 1.054875606310128155e+01 1.400660254029722574e-03
3.283545622464303051e+03 1.054749040154230322e+01 1.399789393245574800e-03
3.283547937337667463e+03 1.054898278448744620e+01 1.401230568391730871e-03
3.283550252210566669e+03 1.055178691708608341e+01 1.404989321614186389e-03
3.283552567083931081e+03 1.055170467807904089e+01 1.403905718496147557e-03
3.283554881956829831e+03 1.055143080278094558e+01 1.403679702218415702e-03
3.283557196829729492e+03 1.054896272294086401e+01 1.400941948844093522e-03
3.283559511703093449e+03 1.055063194154329231e+01 1.403400600420855356e-03
3.283561826575992200e+03 1.055045418146402270e+01 1.402694793034542017e-03
3.283564141448891860e+03 1.054779007669771929e+01 1.399008825450291432e-03
3.283566456321790156e+03 1.054844635221300386e+01 1.399765528445074238e-03
3.283568771194687997e+03 1.055043423327759022e+01 1.402071809612533007e-03
3.283571086068053773e+03 1.054624081310653594e+01 1.397460842819719289e-03
3.283573400940952070e+03 1.055155183215031300e+01 1.403842089101405488e-03
3.283575715813850366e+03 1.055348829441104463e+01 1.406105010118211549e-03
3.283578030686750026e+03 1.055385308174463788e+01 1.406240806954916090e-03
3.283580345559183570e+03 1.055431995840710435e+01 1.406759512517398144e-03
3.283582660432081866e+03 1.055241117186017519e+01 1.405069485031531975e-03
3.283584975304981072e+03 1.055240129068224419e+01 1.404855802284215183e-03
3.283587290177879822e+03 1.055123755507671568e+01 1.402942077144587064e-03
3.283589605050779483e+03 1.055088657822808429e+01 1.402953621365429565e-03
3.283591919923212572e+03 1.055212388070528640e+01 1.403964297960270122e-03
3.283594234796111778e+03 1.055116853911984620e+01 1.402468972653194562e-03
3.283596549669010528e+03 1.055423954594204972e+01 1.406146099632940832e-03
3.283598864541444073e+03 1.055553121433404939e+01 1.407761017780164705e-03
3.283601179414342369e+03 1.055229222499768227e+01 1.404753336767997724e-03
3.283603494286775458e+03 1.055703098895846637e+01 1.410287427533035969e-03
3.283605809159675118e+03 1.055366933277488428e+01 1.404481097208814091e-03
3.283608124032108208e+03 1.055750086712511049e+01 1.410020603812227975e-03
3.283610438904542207e+03 1.055463599658941654e+01 1.406125819284939193e-03
3.283612753777440503e+03 1.055040119426738343e+01 1.400931895199201234e-03
3.283615068649873592e+03 1.055751756718761314e+01 1.409498336892175529e-03
3.283617383522307136e+03 1.055743471993389448e+01 1.409848294745234950e-03
3.283619698394740226e+03 1.055755704745988410e+01 1.410091361803540938e-03
3.283622013267638977e+03 1.055357530165443514e+01 1.405322221489572641e-03
3.283624328140071611e+03 1.055356410575181059e+01 1.405235302270508657e-03
3.283626643012504701e+03 1.055430683459734098e+01 1.405767425528150951e-03
3.283628957884937336e+03 1.055727316898309809e+01 1.409462186078284506e-03
3.283631272757370880e+03 1.055515740764622024e+01 1.406739238955948294e-03
3.283633587629804424e+03 1.055608530362335173e+01 1.407233159763859182e-03
3.283635902502237968e+03 1.055732312223376645e+01 1.409396519506321685e-03
3.283638217374671058e+03 1.055602477253692051e+01 1.407652478665723716e-03
3.283640532246638941e+03 1.055558384470384325e+01 1.408087399130385350e-03
3.283642847119072485e+03 1.055896924890410205e+01 1.410398203774860691e-03
3.283645161991505574e+03 1.055925292791926395e+01 1.410863669792565209e-03
3.283647476863472548e+03 1.055709991523225000e+01 1.408552731964670063e-03
3.283649791735906547e+03 1.055720664717984292e+01 1.408281919597194126e-03
3.283652106608339636e+03 1.055511176108762861e+01 1.406263193387383408e-03
3.283654421480307519e+03 1.055539064965004492e+01 1.406395234120354568e-03
3.283656736352740609e+03 1.055421190072449988e+01 1.404765280630261744e-03
3.283659051224708037e+03 1.055459879713310656e+01 1.406032569756800318e-03
3.283661366097141581e+03 1.055353507334078778e+01 1.404187164273180879e-03
3.283663680969109464e+03 1.055462463997037403e+01 1.405632769703447221e-03
3.283665995841076438e+03 1.055795772731582360e+01 1.408889654941575123e-03
3.283668310713509982e+03 1.055413303801578273e+01 1.404660842313142262e-03
3.283670625585478774e+03 1.055716716340089611e+01 1.408855823130273016e-03
3.283672940457445293e+03 1.055867807878180109e+01 1.410110463197114571e-03
3.283675255329412721e+03 1.055639562551719202e+01 1.407712696593656004e-03
3.283677570201381059e+03 1.055649667297936745e+01 1.408198334805506715e-03
3.283679885073813693e+03 1.055801124517696721e+01 1.409495742649900319e-03
3.283682199945780667e+03 1.055910526183560627e+01 1.410616766889727890e-03
3.283684514817748550e+03 1.055511435886572791e+01 1.405786693525178923e-03
3.283686829689715978e+03 1.055815857481371900e+01 1.409507742866149835e-03
3.283689144561217290e+03 1.055891898134691864e+01 1.410371640150477656e-03
3.283691459433185628e+03 1.055372771300239698e+01 1.404884016293690046e-03
3.283693774305152601e+03 1.055953611256886226e+01 1.411142040260184504e-03
3.283696089177119575e+03 1.055828212713615422e+01 1.409210397588883624e-03
3.283698404049087912e+03 1.055862566243492928e+01 1.409511643860528705e-03
3.283700718920589679e+03 1.055883609817912472e+01 1.409225542689516650e-03
3.283703033792557562e+03 1.055644455221789357e+01 1.406630274816042829e-03
3.283705348664524536e+03 1.055606724521846829e+01 1.407564654304070163e-03
3.283707663536027212e+03 1.055959398378218772e+01 1.410693328089400889e-03
3.283709978407994640e+03 1.055725070747707406e+01 1.407000183511255718e-03
3.283712293279496407e+03 1.055855305208998374e+01 1.409351970583938400e-03
3.283714608151464745e+03 1.055846818392696917e+01 1.409017338916465460e-03
3.283716923022966967e+03 1.056158529675800928e+01 1.412161431741955657e-03
3.283719237894468279e+03 1.055800576033214178e+01 1.407824326794584243e-03
3.283721552766436616e+03 1.056072838219522403e+01 1.410982215234646373e-03
3.283723867637938383e+03 1.056065210267651722e+01 1.412302676379101861e-03
3.283726182509440605e+03 1.055997287275283902e+01 1.410356436893626074e-03
3.283728497380942372e+03 1.056436175734071625e+01 1.414850421994125239e-03
3.283730812252444593e+03 1.056047776044697351e+01 1.410148553303678005e-03
3.283733127124412476e+03 1.055985755218728528e+01 1.409274562302951237e-03
3.283735441995913334e+03 1.056008271874141968e+01 1.410558573339133238e-03
3.283737756867414646e+03 1.056522039719802208e+01 1.415872338879516773e-03
3.283740071738916413e+03 1.056413154824074851e+01 1.414715891804819645e-03
3.283742386610418180e+03 1.056503654104639800e+01 1.415621001254483216e-03
3.283744701481455195e+03 1.056272187258318773e+01 1.411659660978001503e-03
3.283747016352957417e+03 1.056582951307878027e+01 1.416032067106587009e-03
3.283749331224458729e+03 1.056320610921788905e+01 1.412976536216848300e-03
3.283751646095960496e+03 1.056278496079476170e+01 1.412045120095274447e-03
3.283753960966997511e+03 1.056608225173762783e+01 1.416102626922428062e-03
3.283756275838499278e+03 1.056942484914009484e+01 1.419202430542369602e-03
3.283758590710001499e+03 1.056619100876416795e+01 1.414676586592288543e-03
3.283760905581037605e+03 1.056958735993280207e+01 1.419016680808823970e-03
3.283763220452539372e+03 1.056849464020360330e+01 1.416882720862640147e-03
3.283765535323576387e+03 1.056984599966613914e+01 1.418559803753449656e-03
3.283767850195078154e+03 1.056840968074271103e+01 1.416842233965812190e-03
3.283770165066113805e+03 1.057077040754791675e+01 1.419806044670704004e-03
3.283772479937150820e+03 1.057383728673570644e+01 1.423494869344522993e-03
3.283774794808652587e+03 1.057173639395691289e+01 1.420113880134454875e-03
3.283777109679689147e+03 1.056921057787188367e+01 1.417754145272822437e-03
3.283779424550724798e+03 1.057242822533080329e+01 1.420788381005770205e-03
3.283781739421761813e+03 1.057184005997241272e+01 1.420631619672324628e-03
3.283784054293263125e+03 1.057295775686699635e+01 1.420811192923247812e-03
3.283786369164298776e+03 1.057562712641733960e+01 1.424078228223722101e-03
3.283788684035335791e+03 1.057520419005741630e+01 1.423385730919101387e-03
3.283790998906371442e+03 1.057701307149251946e+01 1.426201204992825437e-03
3.283793313777407093e+03 1.057920556922664090e+01 1.428219689872069513e-03
3.283795628648443198e+03 1.057520918795654552e+01 1.422681786601387834e-03
3.283797943519014098e+03 1.057877896973232801e+01 1.427386497577234946e-03
3.283800258390049748e+03 1.058045267920335242e+01 1.429204295174325194e-03
3.283802573261086764e+03 1.057592946001770784e+01 1.422337212393327182e-03
3.283804888132123779e+03 1.057462746966299427e+01 1.421059010909307219e-03
3.283807203002693313e+03 1.058081551290817401e+01 1.428437421421435358e-03
3.283809517873729419e+03 1.058526091370258726e+01 1.433782259426938897e-03
3.283811832744765979e+03 1.058135951702602640e+01 1.429600413592777919e-03
3.283814147615337788e+03 1.058151018198931759e+01 1.428805874485909472e-03
3.283816462486373894e+03 1.058463539943322296e+01 1.431931855514981125e-03
3.283818777356944338e+03 1.058271146337436264e+01 1.429672592868599587e-03
3.283821092227980444e+03 1.058126610305101423e+01 1.427950269468304971e-03
3.283823407098551797e+03 1.057983744977402552e+01 1.425317997069223573e-03
3.283825721969122242e+03 1.058461761333084894e+01 1.431710094603183244e-03
3.283828036840158347e+03 1.057993646588573711e+01 1.425610350326358099e-03
3.283830351710728792e+03 1.058523410295803480e+01 1.432835262725606820e-03
3.283832666581299236e+03 1.058518388107449226e+01 1.431747873298800820e-03
3.283834981451870590e+03 1.058754835074166323e+01 1.434898901428107061e-03
3.283837296322441489e+03 1.058705214512405490e+01 1.433653851940762738e-03
3.283839611193477594e+03 1.058544580451263073e+01 1.431256114559558562e-03
3.283841926064047584e+03 1.058560122152478655e+01 1.431275007416552263e-03
3.283844240934618938e+03 1.059092916593391109e+01 1.437501738480255345e-03
3.283846555804723721e+03 1.058898387632596183e+01 1.435908648408169884e-03
3.283848870675294165e+03 1.058996966687465147e+01 1.436672915430536228e-03
3.283851185545863700e+03 1.059333992252706480e+01 1.440591494926307149e-03
3.283853500416434599e+03 1.059127216188762688e+01 1.437963633813345559e-03
3.283855815287005044e+03 1.059365239025257210e+01 1.440743561143371324e-03
3.283858130157575943e+03 1.059073956803099748e+01 1.436322470801162238e-03
3.283860445027680726e+03 1.058940310024368969e+01 1.435030446692971357e-03
3.283862759898251625e+03 1.059551937783090025e+01 1.441951891888288827e-03
3.283865074768355953e+03 1.059214137861823701e+01 1.437398208276771151e-03
3.283867389638926397e+03 1.059213101281270220e+01 1.437174705129351873e-03
3.283869704509031635e+03 1.059586320723038355e+01 1.442692847681317260e-03
3.283872019379602079e+03 1.059704520715913389e+01 1.443089508144913997e-03
3.283874334249706862e+03 1.059323513046066800e+01 1.437849721131664741e-03
3.283876649120277762e+03 1.059490244141800908e+01 1.440799763340133927e-03
3.283878963990382999e+03 1.059324152493870841e+01 1.438062016953224999e-03
3.283881278860487328e+03 1.059754818513760810e+01 1.443451002175859862e-03
3.283883593730593020e+03 1.059541035042504298e+01 1.440086815201704461e-03
3.283885908601163464e+03 1.059733361748284608e+01 1.442465981957351132e-03
3.283888223471268702e+03 1.059435897354569178e+01 1.438806782514395234e-03
3.283890538341373485e+03 1.059881384367635349e+01 1.444577755611423098e-03
3.283892853211478723e+03 1.059910406809693129e+01 1.444554650216711223e-03
3.283895168081583506e+03 1.059679055445374196e+01 1.441798935092046324e-03
3.283897482951688289e+03 1.059405246890352181e+01 1.438252706789415513e-03
3.283899797821793527e+03 1.059814945949504583e+01 1.442292796557060729e-03
3.283902112691898765e+03 1.059817179663815523e+01 1.442869375058339256e-03
3.283904427561537432e+03 1.060294942107725902e+01 1.448791481609525318e-03
3.283906742431641760e+03 1.060011166552741813e+01 1.444423654305165405e-03
3.283909057301746543e+03 1.059835875501109470e+01 1.443657659411622845e-03
3.283911372171851326e+03 1.060303993511823961e+01 1.448495026421043035e-03
3.283913687041490448e+03 1.060240377643776455e+01 1.448373674008251967e-03
3.283916001911596140e+03 1.060148378494040422e+01 1.446435698428160830e-03
3.283918316781235262e+03 1.060241104095623221e+01 1.447676171760796295e-03
3.283920631651340955e+03 1.060290241796943178e+01 1.448175585416819301e-03
3.283922946520980531e+03 1.059823417150154157e+01 1.442405100494865804e-03
3.283925261391084859e+03 1.060024776489769316e+01 1.444529832289487281e-03
3.283927576260724436e+03 1.060215149389912348e+01 1.447037774750746172e-03
3.283929891130829674e+03 1.060609709630089803e+01 1.452063259279748894e-03
3.283932206000468796e+03 1.060700044824820765e+01 1.452606290882152516e-03
3.283934520870107917e+03 1.060120469446942870e+01 1.444646089519465142e-03
3.283936835739747494e+03 1.060462139620857336e+01 1.449721636479530708e-03
3.283939150609387070e+03 1.060149460623691908e+01 1.444661944678695157e-03
3.283941465479491853e+03 1.060219160966853735e+01 1.446051838846284816e-03
3.283943780349131430e+03 1.060059419658885282e+01 1.443540755109980287e-03
3.283946095218770552e+03 1.060591718087609969e+01 1.452016375041111865e-03
3.283948410088410128e+03 1.060389074520950814e+01 1.448050091025168728e-03
3.283950724958048340e+03 1.060101173535221797e+01 1.444692670584158973e-03
3.283953039827221801e+03 1.060313060900294246e+01 1.448588738129024268e-03
3.283955354696861377e+03 1.060414317804170992e+01 1.448500782704044941e-03
3.283957669566501409e+03 1.059941171746562105e+01 1.443087926866657225e-03
3.283959984436140076e+03 1.060155522541164430e+01 1.445176718925596845e-03
3.283962299305313081e+03 1.060061802373427398e+01 1.443479354346484996e-03
3.283964614174951748e+03 1.060449117689953091e+01 1.449148376350927131e-03
3.283966929044591780e+03 1.059831433138414525e+01 1.442359738747891681e-03
3.283969243913765240e+03 1.060646926374025334e+01 1.453327263751893507e-03
3.283971558783404362e+03 1.059937518303398818e+01 1.443641376304150232e-03
3.283973873652577822e+03 1.060044852208947574e+01 1.445010731817524810e-03
3.283976188522217399e+03 1.060321020477644538e+01 1.447591427200132065e-03
3.283978503391390859e+03 1.060119999314788686e+01 1.445434802975795879e-03
3.283980818260564774e+03 1.060499388932605136e+01 1.449476285182932497e-03
3.283983133130203896e+03 1.060221210201428121e+01 1.447285318013005881e-03
3.283985447999377357e+03 1.060232226296749936e+01 1.446670660616141161e-03
3.283987762868551727e+03 1.060223145905170306e+01 1.447275864884905701e-03
3.283990077737725187e+03 1.060273408947232632e+01 1.447346008758282473e-03
3.283992392606899102e+03 1.060259769670470575e+01 1.447674783092718197e-03
3.283994707476072563e+03 1.060387529847901433e+01 1.449263591479533217e-03
3.283997022345246023e+03 1.060558284334357637e+01 1.451933951910034607e-03
3.283999337214420393e+03 1.059929211868822918e+01 1.443937274966513272e-03
3.284001652083593399e+03 1.059871614987862642e+01 1.442566442323904661e-03
3.284003966952767769e+03 1.060086446568140062e+01 1.446089901477773951e-03
3.284006281821941229e+03 1.060209839939495957e+01 1.447581750718541886e-03
3.284008596691114690e+03 1.060186110451564723e+01 1.448139676939791528e-03
3.284010911560288605e+03 1.059757113988453447e+01 1.441392713706767187e-03
3.284013226428996404e+03 1.059925347029942699e+01 1.444347240245071138e-03
3.284015541298169865e+03 1.059756420916945530e+01 1.442464702948662025e-03
3.284017856166877664e+03 1.059842698458307808e+01 1.443917653203316814e-03
3.284020171036050669e+03 1.059865377277007248e+01 1.444392372339987690e-03
3.284022485905224585e+03 1.059856076379844403e+01 1.444050601964374505e-03
3.284024800773932384e+03 1.059491958724404803e+01 1.440041377825376865e-03
3.284027115642640638e+03 1.059759112166334383e+01 1.443414556764487013e-03
3.284029430511814553e+03 1.059621613484944547e+01 1.441649676291813275e-03
3.284031745380522807e+03 1.059468308666190239e+01 1.439714333846335266e-03
3.284034060249230606e+03 1.059541379056946120e+01 1.441546241250234346e-03
3.284036375118404521e+03 1.059907383841757245e+01 1.445344390072665890e-03
3.284038689987111866e+03 1.059580973137965643e+01 1.441839882719980759e-03
3.284041004855819665e+03 1.059318414371273320e+01 1.438246650303279120e-03
3.284043319724527919e+03 1.059622232879889658e+01 1.442580345463357521e-03
3.284045634593235718e+03 1.059414174163107880e+01 1.440054401333167727e-03
3.284047949461943517e+03 1.059618260562752212e+01 1.443443781099696841e-03
3.284050264330651771e+03 1.059282537718945960e+01 1.438378647392022074e-03
3.284052579199359570e+03 1.059341668523981284e+01 1.439024330623947176e-03
3.284054894068067370e+03 1.059522787713237157e+01 1.442227776532059060e-03
3.284057208936775623e+03 1.059146634907022744e+01 1.437543164900097377e-03
3.284059523805018216e+03 1.059236450223215797e+01 1.439290222764974840e-03
3.284061838673726470e+03 1.059143246754080536e+01 1.437188527951633200e-03
3.284064153542433814e+03 1.059245560536208330e+01 1.438941905628311280e-03
3.284066468410676407e+03 1.059395866580643641e+01 1.440099778576193774e-03
3.284068783279384661e+03 1.059178567046841302e+01 1.438409718820551778e-03
3.284071098148092460e+03 1.059043663955898040e+01 1.436678913182254901e-03
3.284073413016334598e+03 1.059032545827690619e+01 1.436383719476444411e-03
3.284075727885041488e+03 1.058902003641208367e+01 1.434910729764960445e-03
3.284078042747696145e+03 1.059118088164987093e+01 1.438633986918584759e-03
3.284080357616403489e+03 1.059304919608964646e+01 1.439808420717178647e-03
3.284082672484646537e+03 1.058814809308459104e+01 1.435115207201165992e-03
3.284084987352888675e+03 1.059009168972119141e+01 1.436996885885343878e-03
3.284087302221130813e+03 1.058892921034085610e+01 1.436003698706222369e-03
3.284089617089839066e+03 1.058650089005955763e+01 1.432513079537503162e-03
3.284091931958081659e+03 1.058436219050527960e+01 1.430235859315212490e-03
3.284094246826323797e+03 1.058747150462831144e+01 1.433957997228409902e-03
3.284096561694565935e+03 1.058748029133671409e+01 1.434453870441038939e-03
3.284098876562808528e+03 1.058794698288614455e+01 1.435713511453650618e-03
3.284101191431051120e+03 1.058836213773206580e+01 1.435747356922166106e-03
3.284103506299293258e+03 1.058371127265200862e+01 1.430130750272783297e-03
3.284105821167535396e+03 1.058650364988429260e+01 1.433003354407215348e-03
3.284108136035312782e+03 1.058567009889102906e+01 1.432482107776129497e-03
3.284110450903554920e+03 1.058773578048181818e+01 1.434942696260567028e-03
3.284112765771797513e+03 1.058287816616195443e+01 1.429263434849385728e-03
3.284115080639573989e+03 1.058036955589679096e+01 1.426063337988150255e-03
3.284117395507815672e+03 1.058285919775175721e+01 1.430209854125402344e-03
3.284119710376058720e+03 1.058568689728806511e+01 1.432631296995170826e-03
3.284122025243835196e+03 1.059080684484875334e+01 1.438726336534549991e-03
3.284124340112078244e+03 1.058685078009274072e+01 1.435561879932724903e-03
3.284126654979854720e+03 1.058730984253824658e+01 1.434849629722312033e-03
3.284128969847631652e+03 1.058405874654676104e+01 1.431283934470456085e-03
3.284131284715872880e+03 1.058678812267204172e+01 1.434478246315822004e-03
3.284133599583648902e+03 1.058313268018481068e+01 1.430607485490111193e-03
3.284135914451424924e+03 1.058203080641742133e+01 1.428894426627414166e-03
3.284138229319201855e+03 1.058540598702408353e+01 1.432799684125504736e-03
3.284140544187444448e+03 1.058260807846243523e+01 1.429496363341235289e-03
3.284142859055220470e+03 1.058132338691106256e+01 1.428343759323558127e-03
3.284145173922997401e+03 1.058173552026143227e+01 1.429115797764790759e-03
3.284147488790774332e+03 1.058207763107909472e+01 1.429998766217432851e-03
3.284149803658550809e+03 1.058188179915966565e+01 1.429377960519504333e-03
3.284152118526327286e+03 1.058073104212510707e+01 1.428593475951281562e-03
3.284154433393639010e+03 1.057783955001057663e+01 1.425248299410888713e-03
3.284156748261415487e+03 1.058109252191914251e+01 1.429007145872339098e-03
3.284159063129192418e+03 1.057862920723560762e+01 1.426717082093636232e-03
3.284161377996968440e+03 1.057603751461912367e+01 1.423264604722444468e-03
3.284163692864280165e+03 1.058039226179602466e+01 1.428841158851847180e-03
3.284166007732056642e+03 1.057745592991136441e+01 1.425031192826380728e-03
3.284168322599833573e+03 1.058032376063027513e+01 1.429436433745157053e-03
3.284170637467144388e+03 1.057799825886574041e+01 1.426182270905602435e-03
3.284172952334920865e+03 1.057884383544130458e+01 1.427755320293423464e-03
3.284175267202232590e+03 1.057669883567854896e+01 1.424933434803166751e-03
3.284177582069543405e+03 1.058050240471935055e+01 1.429274052211306802e-03
3.284179896937319427e+03 1.057986920961832666e+01 1.428912641361826776e-03
3.284182211804631152e+03 1.057958727025237344e+01 1.428507286563121623e-03
3.284184526671942422e+03 1.057697275671039883e+01 1.425693677448420507e-03
3.284186841539718444e+03 1.057460006945176723e+01 1.422155659682205380e-03
3.284189156407028349e+03 1.057588380083702084e+01 1.423757390883380889e-03
3.284191471274339619e+03 1.057457920149802533e+01 1.423375537635352414e-03
3.284193786141650435e+03 1.057002110059679012e+01 1.416921868818610177e-03
3.284196101008961705e+03 1.057381536555827850e+01 1.421800830436216294e-03
3.284198415876272520e+03 1.057669128251622581e+01 1.424930432936643817e-03
3.284200730743583335e+03 1.057476896192869020e+01 1.422957722267091706e-03
3.284203045610894605e+03 1.058016391784226329e+01 1.429322830399220538e-03
3.284205360477740214e+03 1.057482530684644217e+01 1.423448192942474832e-03
3.284207675345051484e+03 1.057717856629881048e+01 1.425635397655382547e-03
3.284209990212361845e+03 1.057056403995302318e+01 1.418919660125041258e-03
3.284212305079672660e+03 1.057557346340786886e+01 1.424656908622988971e-03
3.284214619946518724e+03 1.057528842463226937e+01 1.423879122699195712e-03
3.284216934813829539e+03 1.057557825576139976e+01 1.424790884190265490e-03
3.284219249680675148e+03 1.057178147383294942e+01 1.420684995772319385e-03
3.284221564547985508e+03 1.057563906313354885e+01 1.424597962635881917e-03
3.284223879414831572e+03 1.057609542473086961e+01 1.424686192349233207e-03
3.284226194282142387e+03 1.057668556898672918e+01 1.427300392131119946e-03
3.284228509148987996e+03 1.057625687323387709e+01 1.425628247785040714e-03
3.284230824015834060e+03 1.057598944782201045e+01 1.424515106248864854e-03
3.284233138883144420e+03 1.057146756305482604e+01 1.418866545234266554e-03
3.284235453749989574e+03 1.057513561244180877e+01 1.424337120579248755e-03
3.284237768616834728e+03 1.057832222352684148e+01 1.428192789863686396e-03
3.284240083483679882e+03 1.057822915433530042e+01 1.427793766378130345e-03
3.284242398350525036e+03 1.057860312198959107e+01 1.428426789284620952e-03
3.284244713217369281e+03 1.057693663445158450e+01 1.426263493056699949e-03
3.284247028084214435e+03 1.057595254282621333e+01 1.424694532707681789e-03
3.284249342951060498e+03 1.057784314665066994e+01 1.426795078770758162e-03
3.284251657817905652e+03 1.057829286045435069e+01 1.427473278629005351e-03
3.284253972684750806e+03 1.057806777123546738e+01 1.426432998466982535e-03
3.284256287551596415e+03 1.057856324877386989e+01 1.427558828868027811e-03
3.284258602417975908e+03 1.057664719549784671e+01 1.424526912764375328e-03
3.284260917284821517e+03 1.057558022757597627e+01 1.423395915653065565e-03
3.284263232151667125e+03 1.059070035681618371e+01 1.443846307390399958e-03
3.284265547018046618e+03 1.057876966184677414e+01 1.426822659967701048e-03
3.284267861884892227e+03 1.057650655487376845e+01 1.424456053227141604e-03
3.284270176751271720e+03 1.057683934780971313e+01 1.424559082539941400e-03
3.284272491618116874e+03 1.058049485945494972e+01 1.429255845703850851e-03
3.284274806484496366e+03 1.057847125238007813e+01 1.426707436236436229e-03
3.284277121350876769e+03 1.058384682377225694e+01 1.432298922551420274e-03
3.284279436217722377e+03 1.057988582786183507e+01 1.428731213626706527e-03
3.284281751084101415e+03 1.058263108275591868e+01 1.431033594212060807e-03
3.284284065950481818e+03 1.058032869044002666e+01 1.427737932892629569e-03
3.284286380816860856e+03 1.058454930314897524e+01 1.433127906311970753e-03
3.284288695683240803e+03 1.058079360337630348e+01 1.428426075912791896e-03
3.284291010549620296e+03 1.058320225393218195e+01 1.431754223637580602e-03
3.284293325415999789e+03 1.058327529132806788e+01 1.431606937649321449e-03
3.284295640282380191e+03 1.058469960993349446e+01 1.432284844358810766e-03
3.284297955148759684e+03 1.058718085828945199e+01 1.435627851200654967e-03
3.284300270015139176e+03 1.058512352524697420e+01 1.432164560858899130e-03
3.284302584881517760e+03 1.058434250145950095e+01 1.431661608306113035e-03
3.284304899747897707e+03 1.058598973306227542e+01 1.434421304771939200e-03
3.284307214613811539e+03 1.058578782892635672e+01 1.434124365963430512e-03
3.284309529480191031e+03 1.058488567477810882e+01 1.431414588158083645e-03
3.284314159212484810e+03 1.058748464754602914e+01 1.434032784122313102e-03
3.284316474078864303e+03 1.058824419231289049e+01 1.434958665177689689e-03
3.284318788944779044e+03 1.058547505913380071e+01 1.431910556156067160e-03
3.284321103811158537e+03 1.058596473487127376e+01 1.431662935186685031e-03
3.284323418677072368e+03 1.059382857289184088e+01 1.442076433354461075e-03
3.284325733542987109e+03 1.058506391042789829e+01 1.430805244602665867e-03
3.284328048409367057e+03 1.059242697642922160e+01 1.439406651866271310e-03
3.284330363275280433e+03 1.059240182484810688e+01 1.439435497061405467e-03
3.284332678141195174e+03 1.059239429148587242e+01 1.438534498368329237e-03
3.284334993007109460e+03 1.059332425161002078e+01 1.439893260032500122e-03
3.284337307873022837e+03 1.059135511109993644e+01 1.436900795216818029e-03
3.284339622738936669e+03 1.059712328448473606e+01 1.444162692283548982e-03
3.284341937604850500e+03 1.059748969416536113e+01 1.443683296042282561e-03
3.284344252470764332e+03 1.059841543874338399e+01 1.445639268803266620e-03
3.284346567336678618e+03 1.059862991212968808e+01 1.445003671911690825e-03
3.284348882202592904e+03 1.060020096562681680e+01 1.447190999403593194e-03
3.284351197068506735e+03 1.060031095631981835e+01 1.445884128243205046e-03
3.284353511934421022e+03 1.060078622165367968e+01 1.445811030923392724e-03
3.284355826799868737e+03 1.060178192419693843e+01 1.447320603671855329e-03
3.284358141665782114e+03 1.060348045844232345e+01 1.448887299560696392e-03
3.284360456531695490e+03 1.060367584051646261e+01 1.449615385969832719e-03
3.284362771397144570e+03 1.060235809245810223e+01 1.446670332361313545e-03
3.284365086263058402e+03 1.060520166836169764e+01 1.450388991759972261e-03
3.284367401128507026e+03 1.060347776002164899e+01 1.448175076504182876e-03
3.284369715994420403e+03 1.060380144246130563e+01 1.448183537028930245e-03
3.284372030859869028e+03 1.060338122918901504e+01 1.448080863030630277e-03
3.284374345725317653e+03 1.060356487882621757e+01 1.447811499270002748e-03
3.284376660591231484e+03 1.061013658304225871e+01 1.455056358599193887e-03
3.284378975456679655e+03 1.060407410010397911e+01 1.448407522784370561e-03
3.284381290322128734e+03 1.060694671098857711e+01 1.450926125742900419e-03
3.284383605187577814e+03 1.060856689419593657e+01 1.452476505644496613e-03
3.284385920053025529e+03 1.060668161915868879e+01 1.450786261632493798e-03
3.284388234918473245e+03 1.060941234409521705e+01 1.453810516447958008e-03
3.284390549783921870e+03 1.061145413127416504e+01 1.456703425529817493e-03
3.284392864649370495e+03 1.060843884017649508e+01 1.452566429522234590e-03
3.284395179514819120e+03 1.061099633999775627e+01 1.454306024634433210e-03
3.284397494380266835e+03 1.060622971168413997e+01 1.449931459839759159e-03
3.284399809245715915e+03 1.061041557161272131e+01 1.453811872913119991e-03
3.284402124110698423e+03 1.060771700494650105e+01 1.450755886433618969e-03
3.284404438976147048e+03 1.061210150810751252e+01 1.455467574426072899e-03
3.284406753841594764e+03 1.061083344453601995e+01 1.454622725277925641e-03
3.284409068706578182e+03 1.061022365950426405e+01 1.453416147360583931e-03
3.284411383572025443e+03 1.061642650503007346e+01 1.460853203799730802e-03
3.284413698437007952e+03 1.061065497717283179e+01 1.454122048609802348e-03
3.284416013302456577e+03 1.060963929472567813e+01 1.452471046429114126e-03
3.284418328167439086e+03 1.061182768715893232e+01 1.455857936250136517e-03
3.284420643032421594e+03 1.061322301577115823e+01 1.456866625110018023e-03
3.284422957897870219e+03 1.061527209695247009e+01 1.459982900578081152e-03
3.284425272762852728e+03 1.061458410548757492e+01 1.458406957184415044e-03
3.284427587627835692e+03 1.061250808711216109e+01 1.456045492519440808e-03
3.284429902492818655e+03 1.061511107054361247e+01 1.459102585741714779e-03
3.284432217357801619e+03 1.061371529120246393e+01 1.457718631896845387e-03
3.284434532222783673e+03 1.061545122054612200e+01 1.459850649159088196e-03
3.284436847087767092e+03 1.061351989649258520e+01 1.457183944440631953e-03
3.284439161952750055e+03 1.061696630225570814e+01 1.461193529019885577e-03
3.284441476817732564e+03 1.061627901134939478e+01 1.460371087903256527e-03
3.284443791682715073e+03 1.061193688246046918e+01 1.455652352571732647e-03
3.284446106547698037e+03 1.061083059248537097e+01 1.453335166650438935e-03
3.284448421412680091e+03 1.061897314713112372e+01 1.463957410981238296e-03
3.284450736277196484e+03 1.061429602920577508e+01 1.457144578339106050e-03
3.284453051142179902e+03 1.061326722404353973e+01 1.457647031724778252e-03
3.284455366007162411e+03 1.061360926941381067e+01 1.457524195298750885e-03
3.284457680871679713e+03 1.061209804579772076e+01 1.454962224368722568e-03
3.284459995736661767e+03 1.061222087657843360e+01 1.455217420940340062e-03
3.284462310601179524e+03 1.061350061932531830e+01 1.456351027601752090e-03
3.284464625466162488e+03 1.061602023081994695e+01 1.460177600148790909e-03
3.284466940330678881e+03 1.061381943723890764e+01 1.457856086132060681e-03
3.284469255195195728e+03 1.061641423662476136e+01 1.460416669765168211e-03
3.284471570059712121e+03 1.061436435924977673e+01 1.458085852652994674e-03
3.284473884924694630e+03 1.061771686505339218e+01 1.462063782339281890e-03
3.284476199789211933e+03 1.061089485390008136e+01 1.454472432369009575e-03
3.284478514653728780e+03 1.061341090016298772e+01 1.457526790173835872e-03
3.284480829518246082e+03 1.061820094014203342e+01 1.462521741178978481e-03
3.284483144382762475e+03 1.061345307597017396e+01 1.457900280696893501e-03
3.284485459247280232e+03 1.061098692578457126e+01 1.454801504666036532e-03
3.284487774111797535e+03 1.061573313413288489e+01 1.459014272551904670e-03
3.284490088976313928e+03 1.061381017025989237e+01 1.457872826175833072e-03
3.284492403840830775e+03 1.061308341210491690e+01 1.456643145138801238e-03
3.284494718704882871e+03 1.061228193555837507e+01 1.456034252477316111e-03
3.284497033569399719e+03 1.061019804732760718e+01 1.452749162987815659e-03
3.284499348433917021e+03 1.061252127499905917e+01 1.457118835663050995e-03
3.284501663297967752e+03 1.060935913317243440e+01 1.452296063070437600e-03
3.284503978162485510e+03 1.061112575122361790e+01 1.455403743744876311e-03
3.284506293027002357e+03 1.061570969858876623e+01 1.460521631243578240e-03
3.284508607891053998e+03 1.061434429044356342e+01 1.459117578714188559e-03
3.284510922755104730e+03 1.061261663874684302e+01 1.457594435729434512e-03
3.284513237619622032e+03 1.061318052526573297e+01 1.457583024640996417e-03
3.284515552483673673e+03 1.061107834593259014e+01 1.455250777116483740e-03
3.284517867347724859e+03 1.061402316759868114e+01 1.459530766443573220e-03
3.284520182212241707e+03 1.061035460672456843e+01 1.455156221063722433e-03
3.284522497076293803e+03 1.061392689849107107e+01 1.458863101537370222e-03
3.284524811940344534e+03 1.061630166651546148e+01 1.461962546731305438e-03
3.284527126804395266e+03 1.060824282604484736e+01 1.452659469521726861e-03
3.284529441668446452e+03 1.060711510597782947e+01 1.450396771178147446e-03
3.284531756532498548e+03 1.061102451385518108e+01 1.454929702325879516e-03
3.284534071396549734e+03 1.060810150654162598e+01 1.451370770476819285e-03
3.284536386260600921e+03 1.060619664502501891e+01 1.450570417156571857e-03
3.284538701124652562e+03 1.060713752716572955e+01 1.452286743935413821e-03
3.284541015988704203e+03 1.060922981557005329e+01 1.453210727865490671e-03
3.284543330852289728e+03 1.060967008201959416e+01 1.454848549965334897e-03
3.284545645716340914e+03 1.060774015632234679e+01 1.453182817931721613e-03
3.284547960580392555e+03 1.060847281016949850e+01 1.453324279403109568e-03
3.284550275443978535e+03 1.060767617002809260e+01 1.452481606628674635e-03
3.284552590308029721e+03 1.060766274071110971e+01 1.453004988668880632e-03
3.284554905171615701e+03 1.060638440570576080e+01 1.450185823143202357e-03
3.284557220035666433e+03 1.060556699137514691e+01 1.450511309198542018e-03
3.284559534899252867e+03 1.060413996899324474e+01 1.449578352847301485e-03
3.284561849762837483e+03 1.060596951979189484e+01 1.450521011923637830e-03
3.284564164626888669e+03 1.060432546593692393e+01 1.450180673624250913e-03
3.284566479490475103e+03 1.060341250925367440e+01 1.447474002150969099e-03
3.284568794354061083e+03 1.060279150516531210e+01 1.447716188538679394e-03
3.284571109217646608e+03 1.060366869204083429e+01 1.449464235769677136e-03
3.284573424081231678e+03 1.060363937636002518e+01 1.449658416345224942e-03
3.284575738944818113e+03 1.060387449735532783e+01 1.449476769760194494e-03
3.284578053808403638e+03 1.060374385419811816e+01 1.449864641577460356e-03
3.284580368671989163e+03 1.059864027308992718e+01 1.442132398724229247e-03
3.284582683535573778e+03 1.060248927624229154e+01 1.448669855471376115e-03
3.284584998399159304e+03 1.060171601110313766e+01 1.447048098965358085e-03
3.284587313262744829e+03 1.059745179198892728e+01 1.442398730336571285e-03
3.284589628126331263e+03 1.060029409065875505e+01 1.446594246531937057e-03
3.284591942989451582e+03 1.060515444852196509e+01 1.452035377429281363e-03
3.284594257853037107e+03 1.059607694861261606e+01 1.441838918404523629e-03
3.284596572716622632e+03 1.059847589676349955e+01 1.444745626510224226e-03
3.284598887579742950e+03 1.059793333277987770e+01 1.443697326753189689e-03
3.284601202443328475e+03 1.059486215811695153e+01 1.440793103843708263e-03
3.284603517306448339e+03 1.059588923142128891e+01 1.442171147824360513e-03
3.284605832170034773e+03 1.059801749146283889e+01 1.445056585837048262e-03
3.284608147033154637e+03 1.059803695405008739e+01 1.444752526850663675e-03
3.284610461896274501e+03 1.059627441915274204e+01 1.442845678674416687e-03
3.284612776759860481e+03 1.059298756542276543e+01 1.439949261500548475e-03
3.284615091622980799e+03 1.059609428762421857e+01 1.443419780782582941e-03
3.284617406486100663e+03 1.059431749362590125e+01 1.440986803475353094e-03
3.284619721349220526e+03 1.059344385661995069e+01 1.439697571968860277e-03
3.284622036212340390e+03 1.059209568902585374e+01 1.439456535027160361e-03
3.284624351075460254e+03 1.059355184834997488e+01 1.440116958218613363e-03
3.284626665938581027e+03 1.059305989061546072e+01 1.439621266650874427e-03
3.284628980801701800e+03 1.058736653181342291e+01 1.432825932780985466e-03
3.284631295664821664e+03 1.059230787186892897e+01 1.439728397626171934e-03
3.284633610527941528e+03 1.058739636981329646e+01 1.433675392076131684e-03
3.284635925390595730e+03 1.059187886562817127e+01 1.439550427656404374e-03
3.284638240253715594e+03 1.059205149654025568e+01 1.439964185656913845e-03
3.284640555116835003e+03 1.059018770644359719e+01 1.437002804378826075e-03
3.284642869979488751e+03 1.058534980346306043e+01 1.431428702513020193e-03
3.284645184842609524e+03 1.058878453193809932e+01 1.436389385484898498e-03
3.284647499705729388e+03 1.059114202227131152e+01 1.438779163061543491e-03
3.284649814568384045e+03 1.058897220568842812e+01 1.437100185549529700e-03
3.284652129431037793e+03 1.058825952511695334e+01 1.435832766679455115e-03
3.284654444294158566e+03 1.058792257871663800e+01 1.435356176878191609e-03
3.284656759156812768e+03 1.058772281578098884e+01 1.434511594063307737e-03
3.284659074019467425e+03 1.058554555216605131e+01 1.431991194803215088e-03
3.284661388882586834e+03 1.059149240200029851e+01 1.440155370313516868e-03
3.284663703745241946e+03 1.058624523527712746e+01 1.433053184794599649e-03
3.284666018607896603e+03 1.058909695227913872e+01 1.436305515926944529e-03
3.284668333470550351e+03 1.058912246178404004e+01 1.436055847229872080e-03
3.284670648333204554e+03 1.058269892462922712e+01 1.429130164233185021e-03
3.284672963195859666e+03 1.058859842762392311e+01 1.436121972400712307e-03
3.284675278058514778e+03 1.058378521809017769e+01 1.430249632874980694e-03
3.284677592921168525e+03 1.059099663865586649e+01 1.439348466757734042e-03
3.284679907783822273e+03 1.058709403171652674e+01 1.434785016810633885e-03
3.284682222646010814e+03 1.059032655668248424e+01 1.438475243054110298e-03
3.284684537508665471e+03 1.058320606058280866e+01 1.430552521560230200e-03
3.284686852371319219e+03 1.058878040309973123e+01 1.437600729174103942e-03
3.284689167233508670e+03 1.058764312378966466e+01 1.434869437626225481e-03
3.284691482096163782e+03 1.058504641432450200e+01 1.432250480604482790e-03
3.284693796958817074e+03 1.058583591432759796e+01 1.433163710713710208e-03
3.284696111821004706e+03 1.058529505793524450e+01 1.433133949016917631e-03
3.284698426683658909e+03 1.058533376112755064e+01 1.432742856600925478e-03
3.284700741545847450e+03 1.058387018116069811e+01 1.430823603924645873e-03
3.284703056408036900e+03 1.058784374052363475e+01 1.436279231806475865e-03
3.284705371270691558e+03 1.058307242735421383e+01 1.429323393261091365e-03
3.284707686132880099e+03 1.058517276108643657e+01 1.432626489945756487e-03
3.284710000995068185e+03 1.058701776256797089e+01 1.435292019404278219e-03
3.284712315857257636e+03 1.058465594869149484e+01 1.431523344835454545e-03
3.284714630719446632e+03 1.058308052288894885e+01 1.430442395600534621e-03
3.284716945581635173e+03 1.058530130037176420e+01 1.433540842893078109e-03
3.284719260443823259e+03 1.057933962433665798e+01 1.425809123556974435e-03
3.284721575306012710e+03 1.058352567754022999e+01 1.430863220197325534e-03
3.284723890168201251e+03 1.058896913891125280e+01 1.437205774060271168e-03
3.284726205030389792e+03 1.065256753959505787e+01 1.524510573900077172e-03
3.284728519892578333e+03 1.058880726964218866e+01 1.437677704499346065e-03
3.284730834754767784e+03 1.058679294557435924e+01 1.434288343209440611e-03
3.284733149616490664e+03 1.058854742904811275e+01 1.437789307253901873e-03
3.284735464478680115e+03 1.058517031435632205e+01 1.433104665954731179e-03
3.284737779340403449e+03 1.058450304033314282e+01 1.431393118223787085e-03
3.284740094202591990e+03 1.058726182456695852e+01 1.435031274431619163e-03
3.284742409064780531e+03 1.058415655330820471e+01 1.431589255771629609e-03
3.284744723926503866e+03 1.058480344666189232e+01 1.431988085666881499e-03
3.284747038788226746e+03 1.058548504565701620e+01 1.433906427462528247e-03
3.284749353650414832e+03 1.058626836745931143e+01 1.434731585851790328e-03
3.284751668512137257e+03 1.058492450917868766e+01 1.433203881061979532e-03
3.284753983373860592e+03 1.058801504826630691e+01 1.436854508620546500e-03
3.284756298236048679e+03 1.058584399979298141e+01 1.434265361061781924e-03
3.284758613097772013e+03 1.058934232921228435e+01 1.438523622007896073e-03
3.284760927959495348e+03 1.058395855364471672e+01 1.431393178655494900e-03
3.284763242821218682e+03 1.058368324715339170e+01 1.431392243486308020e-03
3.284765557682941562e+03 1.058594063653277928e+01 1.433770180847252764e-03
3.284767872544664897e+03 1.058648822203182327e+01 1.434392500042682003e-03
3.284770187406387777e+03 1.058885212253748520e+01 1.437764037865515206e-03
3.284772502268111111e+03 1.058328735161875400e+01 1.430900275558088207e-03
3.284774817129833536e+03 1.058477622339747981e+01 1.432108717306532610e-03
3.284777131991091665e+03 1.058444434692345837e+01 1.432246788106532158e-03
3.284779446852814544e+03 1.058696653526096298e+01 1.434670828441462435e-03
3.284781761714537424e+03 1.058544486997080192e+01 1.432513090181557593e-03
3.284784076575794643e+03 1.058425307875675436e+01 1.432174508110269605e-03
3.284786391437517977e+03 1.058688567776599854e+01 1.434826523446223372e-03
3.284788706298775651e+03 1.058513948202448773e+01 1.432681662574370254e-03
3.284791021160498985e+03 1.058571037870385823e+01 1.432849617654272491e-03
3.284793336021755749e+03 1.058294083011445963e+01 1.429858294937234138e-03
3.284795650883479539e+03 1.058549255495806563e+01 1.432509676552889662e-03
3.284797965744736757e+03 1.058654541135584992e+01 1.434210115815957517e-03
3.284800280605994431e+03 1.059039986802311795e+01 1.438762130498463495e-03
3.284802595467716856e+03 1.058687269602566694e+01 1.435113952342222457e-03
3.284804910328974984e+03 1.058446207020405261e+01 1.431127111288682833e-03
3.284807225190231293e+03 1.058807408855318855e+01 1.437012126430865008e-03
3.284809540051488511e+03 1.058503663495023872e+01 1.431908435623986502e-03
3.284811854912744820e+03 1.058700170301603194e+01 1.433571165454174904e-03
3.284814169774002494e+03 1.058617966182966086e+01 1.433329126265673811e-03
3.284816484635260167e+03 1.058920741869493654e+01 1.436803747173858326e-03
3.284818799496517386e+03 1.058515752772094487e+01 1.431509201931031438e-03
3.284821114357775059e+03 1.059069204772982431e+01 1.438573484175157064e-03
3.284823429219031823e+03 1.059056823413452975e+01 1.438382688248980145e-03
3.284825744079823835e+03 1.058992445075298861e+01 1.436999799190405045e-03
3.284828058941081508e+03 1.058929678052484746e+01 1.436408341294525323e-03
3.284830373802338727e+03 1.059068777638757375e+01 1.437662581866111424e-03
3.284832688663130284e+03 1.059011428417345968e+01 1.437362400856104358e-03
3.284835003524387957e+03 1.058915823965599401e+01 1.436385135289207013e-03
3.284837318385180424e+03 1.059354118564367297e+01 1.441565145643880540e-03
3.284839633246438098e+03 1.059452903778593580e+01 1.442818000656558367e-03
3.284841948107229655e+03 1.059019037406590691e+01 1.436661275139240485e-03
3.284844262968486873e+03 1.059172208290230266e+01 1.439469769498075364e-03
3.284846577829278431e+03 1.058596389895637024e+01 1.430902912799816374e-03
3.284848892690070898e+03 1.059362856798475860e+01 1.440896627206766228e-03
3.284851207551328571e+03 1.059434833411393839e+01 1.441083900245634887e-03
3.284853522412120128e+03 1.059445515193868914e+01 1.441394268335647461e-03
3.284855837272911231e+03 1.059406525733532689e+01 1.441253781162432461e-03
3.284858152133703697e+03 1.059323398728379217e+01 1.439428480353174963e-03
3.284860466994495255e+03 1.059485729108329721e+01 1.442448564254915182e-03
3.284862781855286357e+03 1.059439308518043532e+01 1.440311896620441196e-03
3.284865096716077460e+03 1.059587367880519970e+01 1.443108910675194997e-03
3.284867411576869472e+03 1.059398160716959580e+01 1.440107756966471642e-03
3.284869726437660574e+03 1.059615456527657251e+01 1.442811007351513068e-03
3.284872041297986925e+03 1.059680285771682406e+01 1.444317021977782741e-03
3.284874356158779392e+03 1.058962375040819026e+01 1.434010086985337438e-03
3.284876671019570495e+03 1.059550247593192829e+01 1.441576474758927886e-03
3.284878985880362507e+03 1.059776042362829962e+01 1.444411985021557421e-03
3.284881300740688857e+03 1.059793588583282364e+01 1.443750033282216764e-03
3.284883615601480415e+03 1.059775384339179816e+01 1.444138278316112103e-03
3.284885930461806311e+03 1.060049655433607541e+01 1.447043197436227594e-03
3.284888245322598777e+03 1.059973520552283865e+01 1.446802854734837883e-03
3.284890560182924673e+03 1.060012383878461151e+01 1.446780969378883312e-03
3.284892875043250569e+03 1.060136018161318461e+01 1.447486501417769283e-03
3.284895189904042581e+03 1.059857493132894746e+01 1.443948431277654884e-03
3.284897504764368477e+03 1.059874803956042832e+01 1.444786483039705227e-03
3.284899819624694373e+03 1.059996661954570918e+01 1.446101277317406869e-03
3.284902134485486386e+03 1.059987337700759724e+01 1.445400321261870518e-03
3.284904449345812282e+03 1.060296997760956828e+01 1.449467229958035109e-03
3.284906764206138632e+03 1.060124861118850781e+01 1.446867603959286781e-03
3.284909079066464983e+03 1.060068337852198717e+01 1.446296500050031674e-03
3.284911393926791789e+03 1.060022546642010788e+01 1.445323796645755750e-03
3.284913708787116775e+03 1.060119499049102032e+01 1.446505622112286005e-03
3.284916023647442671e+03 1.060065110966887403e+01 1.446060478776975411e-03
3.284918338507303815e+03 1.060117375059624933e+01 1.446886084520629086e-03
3.284920653367628802e+03 1.060077138844103750e+01 1.445748502405596681e-03
3.284922968227954698e+03 1.060469499209993671e+01 1.450583216689651763e-03
3.284925283088281049e+03 1.060273624044146601e+01 1.447958013336508821e-03
3.284927597948140829e+03 1.060390844340255967e+01 1.449844398375882241e-03
3.284929912808466725e+03 1.060198962092650987e+01 1.447185770630908400e-03
3.284932227668793530e+03 1.060836466216422558e+01 1.455183078517902984e-03
3.284934542528653765e+03 1.060246122982468009e+01 1.447685119068650760e-03
3.284936857388980116e+03 1.060729420103544207e+01 1.453833952830651697e-03
3.284939172248840805e+03 1.060556272107262643e+01 1.451463937483068230e-03
3.284941487108701494e+03 1.060066735612651634e+01 1.444853079833588591e-03
3.284943801969027390e+03 1.060340382128312875e+01 1.449080492147365772e-03
3.284946116828888080e+03 1.059969865378322318e+01 1.443957970235415717e-03
3.284948431688747405e+03 1.060270475770541054e+01 1.447318827990378472e-03
3.284950746549073301e+03 1.060864025249907350e+01 1.455341606821777692e-03
3.284953061408933991e+03 1.060401221622427492e+01 1.450035525566294387e-03
3.284955376268794680e+03 1.060055570734626684e+01 1.444557168097932668e-03
3.284957691128654915e+03 1.060594734142712170e+01 1.452511825367687904e-03
3.284960005988515604e+03 1.060514328197809775e+01 1.449798999081295964e-03
3.284962320848375839e+03 1.060342280390354475e+01 1.448357903533345524e-03
3.284964635708236528e+03 1.060510427666481270e+01 1.451293999777558902e-03
3.284966950568096763e+03 1.060688878944856839e+01 1.452140009044061491e-03
3.284969265427957453e+03 1.060566633128005876e+01 1.452124445885909958e-03
3.284971580287352026e+03 1.060632579111334728e+01 1.452562647652099826e-03
3.284973895147212716e+03 1.060532443019151039e+01 1.450844682460035060e-03
3.284976210007072950e+03 1.060165470492924733e+01 1.446902725754410255e-03
3.284978524866467069e+03 1.060891042062057821e+01 1.456158276233660660e-03
3.284980839726326849e+03 1.060356901820806996e+01 1.449694839895691693e-03
3.284983154586187538e+03 1.060524543175646173e+01 1.450808225299266051e-03
3.284985469445582567e+03 1.060646428813786812e+01 1.452036478785016273e-03
3.284987784305442801e+03 1.060450226038852151e+01 1.450886481821888566e-03
3.284990099164837375e+03 1.060003528237806592e+01 1.445007450128537197e-03
3.284992414024232403e+03 1.060366159115278606e+01 1.448492217989662137e-03
3.284994728884093092e+03 1.059934715499922575e+01 1.444435803806763978e-03
3.284997043743487666e+03 1.060505392639992195e+01 1.451059294026486304e-03
3.284999358602882694e+03 1.059886708025723046e+01 1.443788155399228527e-03
3.285001673462742474e+03 1.059917448360941705e+01 1.445087014460989978e-03
3.285003988322137957e+03 1.060195234376943318e+01 1.447246002454513495e-03
3.285006303181532530e+03 1.059973888205829873e+01 1.445277306886954454e-03
3.285008618040927558e+03 1.060089166771006930e+01 1.446573852738694370e-03
3.285010932900321677e+03 1.060297124420347004e+01 1.449474197039657452e-03
3.285013247759717160e+03 1.059896407848884436e+01 1.444827497964549026e-03
3.285015562619111734e+03 1.060345966065569456e+01 1.450700670224397762e-03
3.285017877478506307e+03 1.060087906076643272e+01 1.447820504920817016e-03
3.285020192337901790e+03 1.059759609349949727e+01 1.442739703225832124e-03
3.285022507196830702e+03 1.060028242673605270e+01 1.445650148787317466e-03
3.285024822056225275e+03 1.059991447826969058e+01 1.445574371840856100e-03
3.285027136915619849e+03 1.060128126490609546e+01 1.447964187652879065e-03
3.285029451775014422e+03 1.059697382323906645e+01 1.442966148892814915e-03
3.285031766633942880e+03 1.060209433290358483e+01 1.449410648435350921e-03
3.285034081493337453e+03 1.059803165634817468e+01 1.444943858003453624e-03
3.285036396352266820e+03 1.059679370604003346e+01 1.442530436490600853e-03
3.285038711211661393e+03 1.059730351126822967e+01 1.443473274367942450e-03
3.285041026070591215e+03 1.059724115699027891e+01 1.443462744867038449e-03
3.285043340929985789e+03 1.059986091067473879e+01 1.446704751037262808e-03
3.285045655788915155e+03 1.059458166691852909e+01 1.441231205337657533e-03
3.285047970647844068e+03 1.059702457686223376e+01 1.444314425836458254e-03
3.285050285507239096e+03 1.059204443943150409e+01 1.438611797716343298e-03
3.285052600366168463e+03 1.059331419770235350e+01 1.439546743445955287e-03
3.285054915225096920e+03 1.059457553112907569e+01 1.441662765730454543e-03
3.285057230084025832e+03 1.059296230237008984e+01 1.440172590623577369e-03
3.285059544942955654e+03 1.059336610890628094e+01 1.440104801267603693e-03
3.285061859801884566e+03 1.059287472919865891e+01 1.440990742131503669e-03
3.285064174660813478e+03 1.058753104174779125e+01 1.433240609924271150e-03
3.285066489519742390e+03 1.059246106984452318e+01 1.440632306052201661e-03
3.285068804378672212e+03 1.059406572120193601e+01 1.441740868784733122e-03
3.285071119237601579e+03 1.058694978327850400e+01 1.432856852651539798e-03
3.285073434096530491e+03 1.058992489313660279e+01 1.437455430208643041e-03
3.285075748955459403e+03 1.059346336285725343e+01 1.441353685769797754e-03
3.285078063814388770e+03 1.058669289827609639e+01 1.434547654817322103e-03
3.285080378672852476e+03 1.058942465364782493e+01 1.436527903814533358e-03
3.285082693531780933e+03 1.058810344395929448e+01 1.435787045724319731e-03
3.285085008390709845e+03 1.058540126698665240e+01 1.433122946087497839e-03
3.285087323249174005e+03 1.058201253766354455e+01 1.429244896143291388e-03
3.285089638108102463e+03 1.058794206325744547e+01 1.436914298135680496e-03
3.285091952966565259e+03 1.058469989265587685e+01 1.432648581060736977e-03
3.285094267825494626e+03 1.058280939896138584e+01 1.431237019772053269e-03
3.285096582683957422e+03 1.058654359620831364e+01 1.435412377883309989e-03
3.285098897542420673e+03 1.058552358177871255e+01 1.434969343290922947e-03
3.285101212401349585e+03 1.058719928774643826e+01 1.436715263979902475e-03
3.285103527259812836e+03 1.058360837593492576e+01 1.433047017389912654e-03
3.285105842118276541e+03 1.058469479757500764e+01 1.434096297431538755e-03
3.285108156977205908e+03 1.058011325455282048e+01 1.430190819002992832e-03
3.285110471835669614e+03 1.058044679321236181e+01 1.429642181821704243e-03
3.285112786694132410e+03 1.058054957197997226e+01 1.429772653122863245e-03
3.285115101552595661e+03 1.057724341775767662e+01 1.426507043350041908e-03
3.285117416411059367e+03 1.057700619030760159e+01 1.426351989619321133e-03
3.285119731269523527e+03 1.058085697994790308e+01 1.431154525807476355e-03
3.285122046127986323e+03 1.057479636362826625e+01 1.424546729338784087e-03
3.285124360986449574e+03 1.056988036485233806e+01 1.418591917129715567e-03
3.285126675844913734e+03 1.057674365661747373e+01 1.426572435442075275e-03
3.285128990703377440e+03 1.057431074885257516e+01 1.424337732303366947e-03
3.285131305561840691e+03 1.057396921322068017e+01 1.423945978781719548e-03
3.285133620419837825e+03 1.057581963717762363e+01 1.426829435016831486e-03
3.285135935278301986e+03 1.057447308921359941e+01 1.424817907467762273e-03
3.285138250136765237e+03 1.057201550795073608e+01 1.421714042036415502e-03
3.285140564994763736e+03 1.057454410508372611e+01 1.424862574952314321e-03
3.285142879853227441e+03 1.056921602625152801e+01 1.419155202488146545e-03
3.285145194711690237e+03 1.056740190799617274e+01 1.415961377240129411e-03
3.285147509569687372e+03 1.057019256765211956e+01 1.421158712320693155e-03
3.285149824428150623e+03 1.056989850767287820e+01 1.422706031128104145e-03
3.285152139286147758e+03 1.056707427744623473e+01 1.418072914639118172e-03
3.285154454144146257e+03 1.056570741825645499e+01 1.415666072426759355e-03
3.285156769002609508e+03 1.056820874687136147e+01 1.420647903911441499e-03
3.285159083860607552e+03 1.056555251769108672e+01 1.416825430040703597e-03
3.285161398718604687e+03 1.056534126018419606e+01 1.416982879781817717e-03
3.285163713577068393e+03 1.056389441079553748e+01 1.415676347324885910e-03
3.285166028435066437e+03 1.056147530134279933e+01 1.413418793616374926e-03
3.285168343293064481e+03 1.056456651019565207e+01 1.416775572228956602e-03
3.285170658151062071e+03 1.056322281620348136e+01 1.415683168416782736e-03
3.285172973009060115e+03 1.056191291116849484e+01 1.413992298425656132e-03
3.285175287867057705e+03 1.056065977560874991e+01 1.411560532179854726e-03
3.285177602725055294e+03 1.056121594112654449e+01 1.413259399463499214e-03
3.285179917583053793e+03 1.055804687931454744e+01 1.409020879297455571e-03
3.285182232441050928e+03 1.056124565768584489e+01 1.413230808141049434e-03
3.285184547299049427e+03 1.056209302722113463e+01 1.414119167335518411e-03
3.285186862157047017e+03 1.055983535768046799e+01 1.412299684147981646e-03
3.285189177015044606e+03 1.055660186898882280e+01 1.408223179561460215e-03
3.285191491873042651e+03 1.055633675805542282e+01 1.407872231837529759e-03
3.285193806730574579e+03 1.055539204498712280e+01 1.407524279308437114e-03
3.285196121588572623e+03 1.055633770920513470e+01 1.408850582216167758e-03
3.285198436446569758e+03 1.055421782931335706e+01 1.406735565162031860e-03
3.285200751304101686e+03 1.055590053630223579e+01 1.408009645693258189e-03
3.285203066162098366e+03 1.055943484918752517e+01 1.412607283379397390e-03
3.285205381020096866e+03 1.055630887220415914e+01 1.408590896980985727e-03
3.285207695877628794e+03 1.055286839815284949e+01 1.405703017206986170e-03
3.285210010735626383e+03 1.055609268562619008e+01 1.409308370838109961e-03
3.285212325593158312e+03 1.055531596817909445e+01 1.409285689702692449e-03
3.285214640450691149e+03 1.055417171418697464e+01 1.407301649650396320e-03
3.285216955308688739e+03 1.055595486425421470e+01 1.409855988702847680e-03
3.285219270166221122e+03 1.055466938893156481e+01 1.407598691697175804e-03
3.285221585024218257e+03 1.055308573675329420e+01 1.407268650908909168e-03
3.285223899881751095e+03 1.055289872169033316e+01 1.406753228840616982e-03
3.285226214739283478e+03 1.055108601721290640e+01 1.405077420164143947e-03
3.285228529596815406e+03 1.054703846316333049e+01 1.399801423252038015e-03
3.285230844454347789e+03 1.054668979017515973e+01 1.400564442237402490e-03
3.285233159312344924e+03 1.055072743653903622e+01 1.404360096957250068e-03
3.285235474169877307e+03 1.055250048046923439e+01 1.407250969925636199e-03
3.285237789027409690e+03 1.054943863395743264e+01 1.404147318407995837e-03
3.285240103884942073e+03 1.055305292264710637e+01 1.407669777175398320e-03
3.285242418742474456e+03 1.054578096196650883e+01 1.399126757427095538e-03
3.285244733600006384e+03 1.054923944666975544e+01 1.404064076478482841e-03
3.285247048457538767e+03 1.055035791200151962e+01 1.404817328502700564e-03
3.285249363315070696e+03 1.054724011531336991e+01 1.403385364474723672e-03
3.285251678172137417e+03 1.054859216996447024e+01 1.403085883122550228e-03
3.285253993029669800e+03 1.054953009906279426e+01 1.404664801449262987e-03
3.285256307887201729e+03 1.054575321222984741e+01 1.399972073405688407e-03
3.285258622744732747e+03 1.054419929693692382e+01 1.398098721393565289e-03
3.285260937601799014e+03 1.054666627901442943e+01 1.401293518305697693e-03
3.285263252459331397e+03 1.054951492293153770e+01 1.404939030518275855e-03
3.285265567316862871e+03 1.054373072349016205e+01 1.398260277688684458e-03
3.285267882173929138e+03 1.054483843754664107e+01 1.399420358401255900e-03
3.285270197031461521e+03 1.054563650066626934e+01 1.401146008320328616e-03
3.285272511888993449e+03 1.054322387826411500e+01 1.398498324222854049e-03
3.285274826746059261e+03 1.054562608878718777e+01 1.401054890950302568e-03
3.285277141603592099e+03 1.054391828950662635e+01 1.399107965999745167e-03
3.285279456460658366e+03 1.054250211093720679e+01 1.397315826097419089e-03
3.285281771317725088e+03 1.054556753573385208e+01 1.401257669276290791e-03
3.285284086175256562e+03 1.054406672380239840e+01 1.399908585242834501e-03
3.285286401032323738e+03 1.054326154190825626e+01 1.398751976672175370e-03
3.285288715889855666e+03 1.054343951169055060e+01 1.398581372402526871e-03
3.285291030746921933e+03 1.054042737218439107e+01 1.395614312235598370e-03
3.285293345603988200e+03 1.054371245933023538e+01 1.399199099162980187e-03
3.285295660461054922e+03 1.053975110913866509e+01 1.395166118929623078e-03
3.285297975318121644e+03 1.054148907272444369e+01 1.397302779018621752e-03
3.285300290175654027e+03 1.054002853769167736e+01 1.395639897021221576e-03
3.285302605032719839e+03 1.053937562889795565e+01 1.394636424534589653e-03
3.285304919889787016e+03 1.054175915173827960e+01 1.397197475213684571e-03
3.285307234746853283e+03 1.054025831741752484e+01 1.396102253553365346e-03
3.285309549603920004e+03 1.054248816082886009e+01 1.398791580195181319e-03
3.285311864460985817e+03 1.053955050883220323e+01 1.394492576428987655e-03
3.285314179318052084e+03 1.054132601059332330e+01 1.396998673968712209e-03
3.285316494175117441e+03 1.054189766480374502e+01 1.398054421170675946e-03
3.285318809032184618e+03 1.053970142306208935e+01 1.395337941882275048e-03
3.285321123889251794e+03 1.054083492916332787e+01 1.397154685381524165e-03
3.285323438746317606e+03 1.054203970159046655e+01 1.398637892590857013e-03
3.285325753603383419e+03 1.054082983158195219e+01 1.397352913767511886e-03
3.285328068459984934e+03 1.053898826147193546e+01 1.394756035506607454e-03
3.285330383317051201e+03 1.053659359483873459e+01 1.392883759415545998e-03
3.285332698174117468e+03 1.053919700131642756e+01 1.396168113115964660e-03
3.285335013031183735e+03 1.054100443653879893e+01 1.397247798346136494e-03
3.285337327887785250e+03 1.053377233137669045e+01 1.389275636485848113e-03
3.285339642744851517e+03 1.053544455207748953e+01 1.391187076925033510e-03
3.285341957601917784e+03 1.053784665050128133e+01 1.394763911744312029e-03
3.285344272458519299e+03 1.054045423734095976e+01 1.397666631933641365e-03
3.285346587315586021e+03 1.053637066498033192e+01 1.392856482418473483e-03
3.285348902172186627e+03 1.053617192826795446e+01 1.392385498250511486e-03
3.285351217029252894e+03 1.053560643381494444e+01 1.391330006197519361e-03
3.285353531885854409e+03 1.053585435834362194e+01 1.392600533430972485e-03
3.285355846742920676e+03 1.053521365466355775e+01 1.392712453021582430e-03
3.285358161599520827e+03 1.054136398569232824e+01 1.398252517875001565e-03
3.285360476456588003e+03 1.053859976442881674e+01 1.395965159939530032e-03
3.285362791313189064e+03 1.053515043026186504e+01 1.392067007581184682e-03
3.285365106169789669e+03 1.053751355901860798e+01 1.393709278834917532e-03
3.285367421026855482e+03 1.053434840291919627e+01 1.390950589635022187e-03
3.285369735883456087e+03 1.053425488621689254e+01 1.390459376562685470e-03
3.285372050740055784e+03 1.053482367161798194e+01 1.390646625463408436e-03
3.285374365597122960e+03 1.053750780303867884e+01 1.394095744783573499e-03
3.285376680453723566e+03 1.053465358607036606e+01 1.391349495099555595e-03
3.285378995310324626e+03 1.053656345874800593e+01 1.394821372069173946e-03
3.285381310166924777e+03 1.053388810541303755e+01 1.391040383778047824e-03
3.285383625023525838e+03 1.053578542336023460e+01 1.393342929822049756e-03
3.285385939880592559e+03 1.053545011780719776e+01 1.392916896647759415e-03
3.285388254737193620e+03 1.053382361476471019e+01 1.390443956040302151e-03
3.285390569593793771e+03 1.053772530238112992e+01 1.395172704754333529e-03
3.285392884450394831e+03 1.053504483765321353e+01 1.392433969118368016e-03
3.285395199306996801e+03 1.053371670397986648e+01 1.390316290688993223e-03
3.285397514163596497e+03 1.053420012729833388e+01 1.391311399157858352e-03
3.285399829020197558e+03 1.054027187075829275e+01 1.398507272610435750e-03
3.285402143876798618e+03 1.053616544517768006e+01 1.393695263792686830e-03
3.285404458733399224e+03 1.053374248767946852e+01 1.390497555844700433e-03
3.285406773589999830e+03 1.053445975817488289e+01 1.391681252655609189e-03
3.285409088446600435e+03 1.053466221624186261e+01 1.392052379727360843e-03
3.285411403302735835e+03 1.053467540441240402e+01 1.392385736996496490e-03
3.285413718159337805e+03 1.053817977029467201e+01 1.396363435179050639e-03
3.285416033015937955e+03 1.053134425723338907e+01 1.387875890137719396e-03
3.285418347872538561e+03 1.053501147391563642e+01 1.392518105566872225e-03
3.285420662729139622e+03 1.053473758150703254e+01 1.391970257805148943e-03
3.285422977585274566e+03 1.053141214278799964e+01 1.388046374948509725e-03
3.285425292441875627e+03 1.053653106377626258e+01 1.393427325241426706e-03
3.285427607298475777e+03 1.053583644741986625e+01 1.394134457921672584e-03
3.285429922155075474e+03 1.053560161335283496e+01 1.393214056689071013e-03
3.285432237011210418e+03 1.053516522367327113e+01 1.393092669186295424e-03
3.285434551867811933e+03 1.053676384948080802e+01 1.394941098962357859e-03
3.285436866724412539e+03 1.053598962849899934e+01 1.394310688444699419e-03
3.285439181580547483e+03 1.053517316994182451e+01 1.392258815979221642e-03
3.285441496437148544e+03 1.053814479571601126e+01 1.396018953664976371e-03
3.285443811293283943e+03 1.053471475606425223e+01 1.391867804702461974e-03
3.285446126149884549e+03 1.053441064427636853e+01 1.391432628765222135e-03
3.285448441006019948e+03 1.053912789464607869e+01 1.397595370080569445e-03
3.285450755862621463e+03 1.053642579980460958e+01 1.394353627434544293e-03
3.285453070718756408e+03 1.053830326621966229e+01 1.396211179689713262e-03
3.285455385575356559e+03 1.053526030661603308e+01 1.392232280910052572e-03
3.285457700431491503e+03 1.053440252037536240e+01 1.390709887488691650e-03
3.285460015288092563e+03 1.053416405029508240e+01 1.391184558281351440e-03
3.285462330144227508e+03 1.053305274674585057e+01 1.390142942600735773e-03
3.285464645000828568e+03 1.053124953662532448e+01 1.387630694839240338e-03
3.285466959856963513e+03 1.053534540671739883e+01 1.392512865831309690e-03
3.285469274713098457e+03 1.053349473938073189e+01 1.389780734275247991e-03
3.285471589569699518e+03 1.053528133811574818e+01 1.392589896056937917e-03
3.285473904425834917e+03 1.053390318015025784e+01 1.390102259280540445e-03
3.285476219282435522e+03 1.053561736320622799e+01 1.394322530590799084e-03
3.285478534138570467e+03 1.053602952247328339e+01 1.392828635852550118e-03
3.285480848994705411e+03 1.053258429022242737e+01 1.389206878635351576e-03
3.285483163850839901e+03 1.053391338152810164e+01 1.391239771155203990e-03
3.285485478707440507e+03 1.053860598216876454e+01 1.396663783244817339e-03
3.285487793563575906e+03 1.053540582094848332e+01 1.392944165940185764e-03
3.285490108419710850e+03 1.053458539522384996e+01 1.392224392937796516e-03
3.285492423275845795e+03 1.053433134921006342e+01 1.392339270161465498e-03
3.285494738132446400e+03 1.053657878391565994e+01 1.394222135033607642e-03
3.285497052988582254e+03 1.053544806053413829e+01 1.393295210694128934e-03
3.285499367844717199e+03 1.053414473538145302e+01 1.391523770049351736e-03
3.285501682700852598e+03 1.053521844937938212e+01 1.392601210981146221e-03
3.285503997556987542e+03 1.053066395442579761e+01 1.387995858262539755e-03
3.285506312413122942e+03 1.053086637108950896e+01 1.388215074229031927e-03
3.285508627269258795e+03 1.053404907527257883e+01 1.391056346307199170e-03
3.285510942125858492e+03 1.053102167748730267e+01 1.388713827053024994e-03
3.285513256981993436e+03 1.052881479818444355e+01 1.386341883638468522e-03
3.285515571838128835e+03 1.053246115759963786e+01 1.389437106044606783e-03
3.285517886694264234e+03 1.053134557296371554e+01 1.389338902853805768e-03
3.285520201550399634e+03 1.053227288381468441e+01 1.389781559810753181e-03
3.285522516406534578e+03 1.053011340640944837e+01 1.387385732009592141e-03
3.285524831262669977e+03 1.052965582809992462e+01 1.387756889194482991e-03
3.285527146118805376e+03 1.052671681787496638e+01 1.384013761624252291e-03
3.285529460974939866e+03 1.052772852775809653e+01 1.385570276804333175e-03
3.285531775831074810e+03 1.052850770874639963e+01 1.386206217267965841e-03
3.285534090687210664e+03 1.052878470401857314e+01 1.387585093796899708e-03
3.285536405543346063e+03 1.052599740428408381e+01 1.384342099754125961e-03
3.285538720399481008e+03 1.052877459089302903e+01 1.387848082273941686e-03
3.285541035255615043e+03 1.053022641041508045e+01 1.388765063843099565e-03
3.285543350111749987e+03 1.052947534986682676e+01 1.389287577885508660e-03
3.285545664967884477e+03 1.052745640298485341e+01 1.386149040605887074e-03
3.285547979824019876e+03 1.052733612734154534e+01 1.386348411874046074e-03
3.285550294679690069e+03 1.052604227312414054e+01 1.385039450677533288e-03
3.285552609535825013e+03 1.052793949568798126e+01 1.387188668329158645e-03
3.285554924391960412e+03 1.052758725202111378e+01 1.386602144854583857e-03
3.285557239248095357e+03 1.052444451971071260e+01 1.383455630356390364e-03
3.285559554104230301e+03 1.052357026353242553e+01 1.383012336654975902e-03
3.285561868960366155e+03 1.052179446739377155e+01 1.380182497593068075e-03
3.285564183816501554e+03 1.052080386365080145e+01 1.380377062683129426e-03
3.285566498672636499e+03 1.052096958816127525e+01 1.380591531697663134e-03
3.285568813528305327e+03 1.052124864484645350e+01 1.380657236480747939e-03
3.285571128384441181e+03 1.052198373940591125e+01 1.382424796009842395e-03
3.285573443240576580e+03 1.052211343449091885e+01 1.382957099529363680e-03
3.285575758096711525e+03 1.051756212637238974e+01 1.377497860854889206e-03
3.285578072952846469e+03 1.051848166203583190e+01 1.378971766232295164e-03
3.285580387808981868e+03 1.051988058111653679e+01 1.381219162484407159e-03
3.285582702664651606e+03 1.051849907425596520e+01 1.378877729133611051e-03
3.285585017520786550e+03 1.051795415995030503e+01 1.378331769670703040e-03
3.285587332376921495e+03 1.051894972345480284e+01 1.380332159842521120e-03
