2.474169181977536937e+03 1.047642743732474102e+01 7.768953786359730470e-04
2.474176127110426023e+03 1.047343688027110709e+01 7.731409307515481680e-04
2.474183072243662991e+03 1.047226817026259837e+01 7.705599840227709066e-04
2.474190017377250115e+03 1.046967865374657869e+01 7.666813213952238708e-04
2.474196962511301990e+03 1.046884687959120619e+01 7.642441162706238491e-04
2.474203907645703111e+03 1.046668284411116723e+01 7.613515583705505975e-04
2.474210852780337973e+03 1.046269966218696190e+01 7.580534516637841332e-04
2.474217797915437586e+03 1.046041303394233069e+01 7.564968442881436859e-04
2.474224743050886900e+03 1.045655372306214481e+01 7.545354452882781183e-04
2.474231688186686370e+03 1.045702863591171550e+01 7.554963189273510319e-04
2.474238633322834175e+03 1.045366197388145224e+01 7.535080463397512193e-04
2.474245578459331227e+03 1.045195371925840355e+01 7.528007414216798853e-04
2.474252523596061110e+03 1.044952701066908141e+01 7.516328669035555760e-04
2.474259468733140238e+03 1.044897635804681890e+01 7.519048038722063931e-04
2.474266413870569068e+03 1.044345306546858154e+01 7.486611280403406661e-04
2.474273359008346233e+03 1.044060726043782061e+01 7.470964566190796147e-04
2.474280304146356684e+03 1.044137545677910950e+01 7.477429211251296467e-04
2.474287249284716381e+03 1.043937862068231048e+01 7.474890025290991617e-04
2.474294194423309364e+03 1.043795340127255855e+01 7.462119160352791939e-04
2.474301139562251592e+03 1.043793444796203218e+01 7.461895835140487871e-04
2.474308084701425287e+03 1.043536910383649996e+01 7.449600876808595579e-04
2.474315029840832722e+03 1.043435183957491219e+01 7.443428331888241913e-04
2.474321974980590312e+03 1.043337920692644971e+01 7.440651756180149479e-04
2.474328920120579824e+03 1.043267156099624771e+01 7.438550542740042081e-04
2.474335865260802166e+03 1.043097865809465752e+01 7.428498242453417545e-04
2.474342810401257339e+03 1.043104750962680249e+01 7.432312464465956744e-04
2.474349755542061757e+03 1.042989966165428406e+01 7.427198254892561358e-04
2.474356700682982591e+03 1.043036623198025126e+01 7.427400897688362248e-04
2.474363645824252671e+03 1.042833065132509063e+01 7.413143686924565266e-04
2.474370590965756037e+03 1.042742064108037425e+01 7.410428038172474884e-04
2.474377536107375818e+03 1.042813882541826587e+01 7.414751271792503241e-04
2.474384481249227520e+03 1.043071088061602225e+01 7.434242859930654005e-04
2.474391426391428922e+03 1.042865288103519994e+01 7.421376963794426357e-04
2.474398371533747195e+03 1.042781291496171114e+01 7.414271566816671129e-04
2.474405316676296934e+03 1.042895306030908209e+01 7.420278740672381053e-04
2.474412261818964453e+03 1.042825878391010797e+01 7.417361563910467069e-04
2.474419206961980308e+03 1.042817610318786592e+01 7.415050206842544898e-04
2.474426152104997527e+03 1.043017726518954902e+01 7.429754867094573445e-04
2.474433097248362174e+03 1.042834716156666630e+01 7.415586495026960014e-04
2.474440042391844145e+03 1.042860201523677510e+01 7.419977212480330766e-04
2.474446987535559401e+03 1.042818269156619415e+01 7.414662684575932649e-04
2.474453932679391073e+03 1.042916303100739484e+01 7.423377379955213877e-04
2.474460877823455121e+03 1.042847915510744627e+01 7.417701065974160015e-04
2.474467822967636039e+03 1.043070800203592086e+01 7.427755878767314419e-04
2.474474768111932462e+03 1.043129946647318818e+01 7.431167401840226266e-04
2.474481713256462626e+03 1.042986529943403440e+01 7.422267323324824350e-04
2.474488658401224711e+03 1.043041090867247256e+01 7.425649679495699169e-04
2.474495603545987251e+03 1.043211852136076345e+01 7.433620268761946450e-04
2.474502548690983076e+03 1.043323528423446689e+01 7.439079398309223195e-04
2.474509493836095317e+03 1.043357672235377542e+01 7.442214621878397466e-04
2.474516438981323518e+03 1.043183248058953261e+01 7.428729715209140627e-04
2.474523384126785004e+03 1.043168005575390467e+01 7.424566722288438326e-04
2.474530329272245581e+03 1.043456175944671926e+01 7.441952134039682290e-04
2.474537274417939443e+03 1.043685864972048449e+01 7.457103347974492185e-04
2.474544219563749721e+03 1.043426064458511604e+01 7.438151495825545603e-04
2.474551164709676414e+03 1.043629203338607780e+01 7.452602561243290786e-04
2.474558109855719977e+03 1.043472783272582660e+01 7.445797264569192385e-04
2.474565055001763085e+03 1.043521071439073467e+01 7.446730035775294982e-04
2.474572000148039024e+03 1.043599478682585158e+01 7.446214563723847595e-04
2.474578945294431833e+03 1.043788631617511520e+01 7.458610170738988335e-04
2.474585890440939693e+03 1.043733835533970655e+01 7.456298593093908279e-04
2.474592835587565787e+03 1.043661946602651369e+01 7.451194786635642218e-04
2.474599780734191427e+03 1.043730333139484046e+01 7.454768769043154534e-04
2.474606725881048988e+03 1.043791005732161459e+01 7.458136551775099111e-04
2.474613671027907003e+03 1.044036054333285790e+01 7.471893619100318821e-04
2.474620616174881889e+03 1.043761121413716353e+01 7.454734183185080573e-04
2.474627561321973189e+03 1.043646098813769996e+01 7.451399613368779639e-04
2.474634506469064036e+03 1.043856223059645494e+01 7.459867737549835025e-04
2.474641451616387712e+03 1.043719677772286225e+01 7.455083269829550132e-04
2.474648396763710934e+03 1.043648559213772842e+01 7.447059207093012457e-04
2.474655341911035066e+03 1.043099786782844340e+01 7.413561054710988496e-04
2.474662287058591119e+03 1.043556774129412545e+01 7.447226209623038912e-04
2.474669232206148081e+03 1.043349642159893165e+01 7.437569282368769420e-04
2.474676177353705043e+03 1.043400510992453789e+01 7.438938320397967896e-04
2.474683122501493926e+03 1.043075212868876456e+01 7.422405001949373580e-04
2.474690067649284174e+03 1.043224518030111803e+01 7.436061704698208310e-04
2.474697012797072603e+03 1.043066283088922042e+01 7.430180268034764510e-04
2.474703957944978356e+03 1.043019655522669353e+01 7.422328007235249247e-04
2.474710903093001434e+03 1.042824058596111847e+01 7.415582288156076464e-04
2.474717848241021784e+03 1.042801544952926207e+01 7.412992227130401268e-04
2.474724793389044407e+03 1.042697852914354861e+01 7.411067148134681303e-04
2.474731738537183446e+03 1.042527732742627578e+01 7.398092141927064495e-04
2.474738683685438900e+03 1.042289316445862468e+01 7.387037547491055040e-04
2.474745628833694354e+03 1.042248199158895083e+01 7.386830344109106055e-04
2.474752573981948899e+03 1.042009676072339985e+01 7.376063046466947238e-04
2.474759519130319859e+03 1.041895399590269911e+01 7.370786684916827512e-04
2.474766464278808598e+03 1.041802557913986860e+01 7.367946667793063903e-04
2.474773409427179558e+03 1.041518395866898850e+01 7.352015564858118551e-04
2.474780354575667388e+03 1.041511967510203363e+01 7.356141919294480235e-04
2.474787299724271179e+03 1.041409217791062147e+01 7.351262107645672658e-04
2.474794244872759919e+03 1.040797771567837771e+01 7.320413921748239808e-04
2.474801190021364164e+03 1.040791130524663721e+01 7.322327878855033455e-04
2.474808135170084824e+03 1.040770666939030775e+01 7.322532975823837402e-04
2.474815080318689070e+03 1.040400859414872237e+01 7.303732413241422914e-04
2.474822025467409730e+03 1.040140952918678430e+01 7.289164519445141734e-04
2.474828970616246806e+03 1.040170231679255863e+01 7.294222274253941334e-04
2.474835915764967922e+03 1.039991819971533715e+01 7.287522445960846430e-04
2.474842860913805453e+03 1.040019352893462390e+01 7.291797622658360021e-04
2.474849806062642529e+03 1.039663408276276257e+01 7.270064965940322647e-04
2.474856751211479605e+03 1.039784339957523862e+01 7.278116651966625925e-04
2.474863696360433096e+03 1.039502675875589333e+01 7.264366527698132552e-04
2.474870641509270172e+03 1.039435675899288292e+01 7.259415521502137012e-04
2.474877586658224118e+03 1.039417457516252696e+01 7.260051164349740202e-04
2.474884531807177154e+03 1.039430027470816853e+01 7.264268949980414586e-04
2.474891476956188853e+03 1.039219387325398181e+01 7.251559158296604860e-04
2.474898422105201007e+03 1.039204114965846415e+01 7.250753567056996383e-04
2.474905367254213161e+03 1.039038586110719109e+01 7.240274199253733623e-04
2.474912312403224860e+03 1.039263015449786742e+01 7.254096103334751588e-04
2.474919257552293857e+03 1.039048251080229690e+01 7.242554902670279675e-04
2.474926202701306011e+03 1.038890678215432573e+01 7.233932671743183856e-04
2.474933147850376372e+03 1.039135102013376510e+01 7.248137059081672480e-04
2.474940092999504486e+03 1.039207285759620270e+01 7.252824504378486406e-04
2.474947038148574393e+03 1.039306531753864959e+01 7.256094439433746811e-04
2.474953983297702507e+03 1.038913800773645768e+01 7.231546600735785273e-04
2.474960928446831531e+03 1.039249399411596997e+01 7.250289609511658198e-04
2.474967873595959645e+03 1.039432793665146448e+01 7.264296857704041202e-04
2.474974818745086850e+03 1.039214592231991041e+01 7.245694838388990616e-04
2.474981763894215419e+03 1.039471370190426036e+01 7.261604526617225584e-04
2.474988709043343988e+03 1.039526646521556685e+01 7.262376449422874207e-04
2.474995654192472102e+03 1.039540048874338041e+01 7.259802469962996999e-04
2.475002599341657969e+03 1.039849062957951276e+01 7.281218881564907120e-04
2.475009544490786539e+03 1.039713146639245878e+01 7.269216650586553382e-04
2.475016489639972860e+03 1.039923425323297934e+01 7.275085113112722676e-04
2.475023434789101429e+03 1.040046486314274787e+01 7.284239785237974331e-04
2.475030379938229089e+03 1.040360616290634788e+01 7.299196928496148006e-04
2.475037325087416320e+03 1.040151008552063772e+01 7.284791409985317276e-04
2.475044270236543980e+03 1.040495510193956008e+01 7.304406662733733393e-04
2.475051215385730757e+03 1.040340794027332727e+01 7.294024121312596550e-04
2.475058160534858416e+03 1.040397115647987114e+01 7.296159303815757903e-04
2.475065105683986530e+03 1.040391415874085723e+01 7.295499654496007081e-04
2.475072050833115554e+03 1.040681705185320460e+01 7.311849979752906882e-04
2.475078995982244123e+03 1.040492360281157502e+01 7.299238974677228027e-04
2.475085941131371328e+03 1.040631783449452996e+01 7.308212055729415785e-04
2.475092886280499897e+03 1.040729959209014055e+01 7.315036848061204399e-04
2.475099831429628011e+03 1.040797115409344897e+01 7.320595141171725188e-04
2.475106776578697463e+03 1.040649012741222634e+01 7.310516757432145626e-04
2.475113721727826032e+03 1.040642357315545574e+01 7.311161753712947138e-04
2.475120666876896394e+03 1.040466221482190612e+01 7.300439518316033253e-04
2.475127612025966300e+03 1.040462882675318212e+01 7.297899695493997516e-04
2.475134557175036207e+03 1.040463091871872159e+01 7.298297414865260232e-04
2.475141502324106114e+03 1.040544568427421623e+01 7.304107703197795570e-04
2.475148447473117812e+03 1.040396655096250100e+01 7.296498726343266352e-04
2.475155392622187719e+03 1.040320950592181859e+01 7.289836306544351377e-04
2.475162337771199418e+03 1.040416280099528024e+01 7.298926427595026295e-04
2.475169282920152909e+03 1.040544149627927339e+01 7.305817992478788213e-04
2.475176228069164608e+03 1.040143529869252426e+01 7.282559387778500797e-04
2.475183173218119009e+03 1.040186373772650974e+01 7.290279156456821444e-04
2.475190118367072500e+03 1.040168815837790994e+01 7.286221837545606714e-04
2.475197063516025537e+03 1.040008517629657803e+01 7.278961070297941104e-04
2.475204008664979028e+03 1.039883218924349073e+01 7.274311640512770745e-04
2.475210953813874767e+03 1.040060876584486493e+01 7.286224969601293568e-04
2.475217898962769141e+03 1.039816631783441814e+01 7.269301242406632025e-04
2.475224844111607581e+03 1.039947372156836991e+01 7.279092522211472877e-04
2.475231789260503319e+03 1.039766509985801335e+01 7.269572286721598473e-04
2.475238734409341305e+03 1.039624734192281252e+01 7.265467652042488208e-04
2.475245679558177926e+03 1.039517474620815740e+01 7.260500262152851537e-04
2.475252624706956340e+03 1.039245024148900143e+01 7.245857627119949365e-04
2.475259569855735663e+03 1.039270650779554472e+01 7.249027168346955851e-04
2.475266515004514531e+03 1.039091726439804830e+01 7.240548968547801285e-04
2.475273460153234737e+03 1.038734545352533800e+01 7.224600130388361425e-04
2.475280405301956307e+03 1.038727522234927569e+01 7.231248537178081547e-04
2.475287350450618760e+03 1.038554641639234788e+01 7.220108401959052886e-04
2.475294295599338511e+03 1.038212939641882571e+01 7.201068012409017312e-04
2.475301240748001419e+03 1.038047016886836182e+01 7.193388155764624068e-04
2.475308185896606119e+03 1.038060928872521416e+01 7.197837695263145132e-04
2.475315131045210364e+03 1.037587215305206279e+01 7.173019934011119628e-04
2.475322076193814610e+03 1.037405401067220190e+01 7.164275488146222776e-04
2.475329021342361102e+03 1.037397418045013531e+01 7.167256354987219845e-04
2.475335966490906685e+03 1.037056448806345799e+01 7.148589192703894840e-04
2.475342911639394970e+03 1.037084419201488394e+01 7.151972873069044941e-04
2.475349856787882345e+03 1.037102135234855993e+01 7.155134992641275227e-04
2.475356801936370630e+03 1.036918044876275324e+01 7.146116640722750130e-04
2.475363747084800707e+03 1.037156779271720453e+01 7.161349348705330900e-04
2.475370692233230329e+03 1.036562618424102666e+01 7.129330922727243050e-04
2.475377637381601744e+03 1.036662113510929117e+01 7.135886443852144847e-04
2.475384582529973159e+03 1.036681707971496635e+01 7.136560437091670492e-04
2.475391527678345028e+03 1.036450036223366666e+01 7.123658944045648022e-04
2.475398472826657780e+03 1.036463695507957539e+01 7.125460325217750860e-04
2.475405417974912780e+03 1.036493018465462512e+01 7.127414215561578455e-04
2.475412363123167779e+03 1.036334925229223280e+01 7.119626468284083378e-04
2.475419308271422778e+03 1.036458989449574020e+01 7.129793333050221237e-04
2.475426253419620480e+03 1.036388139774909689e+01 7.123899246446878690e-04
2.475433198567759064e+03 1.036429236052006608e+01 7.124228912493428718e-04
2.475440143715955401e+03 1.036140705647602545e+01 7.108378923595258699e-04
2.475447088864036232e+03 1.036278370744927102e+01 7.116675794861781470e-04
2.475454034012117063e+03 1.036353400481843501e+01 7.119945572735328484e-04
2.475460979160196530e+03 1.036585528692712899e+01 7.133862571416040065e-04
2.475467924308219608e+03 1.036545794407962440e+01 7.133163747924207033e-04
2.475474869456241322e+03 1.036616740361788835e+01 7.133413047620602463e-04
2.475481814604205283e+03 1.036598596431636565e+01 7.128640385950802674e-04
2.475488759752170154e+03 1.036765100292522135e+01 7.139054464078194856e-04
2.475495704900075452e+03 1.036600919164476231e+01 7.128446179509928060e-04
2.475502650047981660e+03 1.036701660536503056e+01 7.127556191375080015e-04
2.475509595195829206e+03 1.037132178691840423e+01 7.156374526408950136e-04
2.475516540343676752e+03 1.037054869554614456e+01 7.149320358124357450e-04
2.475523485491466090e+03 1.037274280769775636e+01 7.159598664932125293e-04
2.475530430639197220e+03 1.037373125441978061e+01 7.162231381227231013e-04
2.475537375786928351e+03 1.037514618326686744e+01 7.171349335914785610e-04
2.475544320934661300e+03 1.037696395975222963e+01 7.180957654014683087e-04
2.475551266082333314e+03 1.037758201370510136e+01 7.178672478557705924e-04
2.475558211229948483e+03 1.037878546507106137e+01 7.186765466118134448e-04
2.475565156377562744e+03 1.037703864006800814e+01 7.175869979786400317e-04
2.475572101525177459e+03 1.037784979833312882e+01 7.176762756161193281e-04
2.475579046672733966e+03 1.038558374899199954e+01 7.223328447862122385e-04
2.475585991820233176e+03 1.037808471655672982e+01 7.176649260050031644e-04
2.475592936967731475e+03 1.038151918278265384e+01 7.196006251361504544e-04
2.475599882115172022e+03 1.038230696438938594e+01 7.199641296313631731e-04
2.475606827262553452e+03 1.038200526949969671e+01 7.197465836073728808e-04
2.475613772409993544e+03 1.038148569485212569e+01 7.192052142294033104e-04
2.475620717557317221e+03 1.038333185524860447e+01 7.202240787296741416e-04
2.475627662704640898e+03 1.038222596409989151e+01 7.194008822195092825e-04
2.475634607851906367e+03 1.038518952187965283e+01 7.210845026128615779e-04
2.475641552999171836e+03 1.038451418082797773e+01 7.206322870886750116e-04
2.475648498146438214e+03 1.038642114830588170e+01 7.216844166798559810e-04
2.475655443293587268e+03 1.038645698328050848e+01 7.216329171008453985e-04
2.475662388440736322e+03 1.038680460050568044e+01 7.215208463630743687e-04
2.475669333587884921e+03 1.038831698525518554e+01 7.224550490338127028e-04
2.475676278734976222e+03 1.038858501561519887e+01 7.223475781777728309e-04
2.475683223882008406e+03 1.038776456595355135e+01 7.218672845092513959e-04
2.475690169029041499e+03 1.038753688325281033e+01 7.219174050636286690e-04
2.475697114176015930e+03 1.038842198311199461e+01 7.223255971849100367e-04
2.475704059322991270e+03 1.038634562026317276e+01 7.209047023957485196e-04
2.475711004469907039e+03 1.038754801201537958e+01 7.215758569624002548e-04
2.475717949616823716e+03 1.038815750002836324e+01 7.219379718374493516e-04
2.475724894763681732e+03 1.038612136579594392e+01 7.208440545550680355e-04
2.475731839910481995e+03 1.038945038545281996e+01 7.230240865513361476e-04
2.475738785057281348e+03 1.038792551931014074e+01 7.220142536644725542e-04
2.475745730204023403e+03 1.038625266292394578e+01 7.207996038053143904e-04
2.475752675350707250e+03 1.038588462989855543e+01 7.208489465319764490e-04
2.475759620497390642e+03 1.038598405457424789e+01 7.210239008763443327e-04
2.475766565644074490e+03 1.038118386793493642e+01 7.182023181039528257e-04
2.475773510790699220e+03 1.038480461562909341e+01 7.205463312276576835e-04
2.475780455937266197e+03 1.038385387964205187e+01 7.200744149062504335e-04
2.475787401083775421e+03 1.038249308033937979e+01 7.196215831999693696e-04
2.475794346230283736e+03 1.038192894761352036e+01 7.190817240588350196e-04
2.475801291376792960e+03 1.038135890791114591e+01 7.194898449888095229e-04
2.475808236523243522e+03 1.038033910815756755e+01 7.187902998778305423e-04
2.475815181669635876e+03 1.037981729281221277e+01 7.187531681828451813e-04
2.475822126815970478e+03 1.037775026146612589e+01 7.175147926435237761e-04
2.475829071962303715e+03 1.037620316263361353e+01 7.166970639060576097e-04
2.475836017108638771e+03 1.037540750340483697e+01 7.164200120878832677e-04
2.475842962254856957e+03 1.037590585174015345e+01 7.168035944073574426e-04
2.475849907401132441e+03 1.037314501364675046e+01 7.153294333870436001e-04
2.475856852547291965e+03 1.037207788999046265e+01 7.151078971502888284e-04
2.475863797693451488e+03 1.037187409613157207e+01 7.147753790892827103e-04
2.475870742839553714e+03 1.037130974323704358e+01 7.146172882805226821e-04
2.475877687985655029e+03 1.037300926832337566e+01 7.157427955233835017e-04
2.475884633131698138e+03 1.036894878315472113e+01 7.134061469973780080e-04
2.475891578277741246e+03 1.036979870414722349e+01 7.141599440099275376e-04
2.475898523423726147e+03 1.036820499867596723e+01 7.131479602348852250e-04
2.475905468569652840e+03 1.037047277962660807e+01 7.145739166878368890e-04
2.475912413715579987e+03 1.036897720611179530e+01 7.135686881451061472e-04
2.475919358861448927e+03 1.036921027620228131e+01 7.135224420502793733e-04
2.475926304007259205e+03 1.037030618738401877e+01 7.144707868581328314e-04
2.475933249153069937e+03 1.036850200348761497e+01 7.132490628592456959e-04
2.475940194298821552e+03 1.037001126056231648e+01 7.144843558189998460e-04
2.475947139444574077e+03 1.036975490004704881e+01 7.139892672391637924e-04
2.475954084590210186e+03 1.036871800158860424e+01 7.134672964578846806e-04
2.475961029735903139e+03 1.036822765302702543e+01 7.133288418222600647e-04
2.475967974881538794e+03 1.036838754726094436e+01 7.131556612524339242e-04
2.475974920027117150e+03 1.036882454252964791e+01 7.134098995319800712e-04
2.475981865172636390e+03 1.036986276286568120e+01 7.141492970932372415e-04
2.475988810318156084e+03 1.036906048797275126e+01 7.134690986403803645e-04
2.475995755463616661e+03 1.036971500880175334e+01 7.140309667737894340e-04
2.476002700609077692e+03 1.037045671948235537e+01 7.142564500876679009e-04
2.476009645754480516e+03 1.037049042155502221e+01 7.140927965395179851e-04
2.476016590899825133e+03 1.037166510949238329e+01 7.147547491003560264e-04
2.476023536045170658e+03 1.037002782533164336e+01 7.139151218948268851e-04
2.476030481190457522e+03 1.037190695035823573e+01 7.146542720025548167e-04
2.476037426335743930e+03 1.037239095886421936e+01 7.146317256147586769e-04
2.476044371480914378e+03 1.037500520248293334e+01 7.163563541735427313e-04
2.476051316626141670e+03 1.037339731229038620e+01 7.152542100375361032e-04
2.476058261771253910e+03 1.037382684687323930e+01 7.154841638985587424e-04
2.476065206916366151e+03 1.037596944856326431e+01 7.166275114662992805e-04
2.476072152061477482e+03 1.037676655509597268e+01 7.167854641395841366e-04
2.476079097206472852e+03 1.037780866792627066e+01 7.170709506855886192e-04
2.476086042351526885e+03 1.037962712574062962e+01 7.180491379572687734e-04
2.476092987496464502e+03 1.037907369754997156e+01 7.172076295123223488e-04
2.476099932641402120e+03 1.038245260799166481e+01 7.192568809663616412e-04
2.476106877786280165e+03 1.038283060085624143e+01 7.191334780706493124e-04
2.476113822931160030e+03 1.038548518958578981e+01 7.204412486621502741e-04
2.476120768075980777e+03 1.038553624099695405e+01 7.203363631591171677e-04
2.476127713220742407e+03 1.038593182369364243e+01 7.202766880929616783e-04
2.476134658365505402e+03 1.038802462413135075e+01 7.216996474919763933e-04
2.476141603510211098e+03 1.038801684563886063e+01 7.217895198544815351e-04
2.476148548654857223e+03 1.038840457061563605e+01 7.219219471334607872e-04
2.476155493799504256e+03 1.039004231963028779e+01 7.223590702016775876e-04
2.476162438944149471e+03 1.039181045458699515e+01 7.232834424558404326e-04
2.476169384088679635e+03 1.039025601379727171e+01 7.222179657740306676e-04
2.476176329233209799e+03 1.039392109895125316e+01 7.242012917406525242e-04
2.476183274377738599e+03 1.039363971956270483e+01 7.242710690696475351e-04
2.476190219522151892e+03 1.039216573627335194e+01 7.230848063957109797e-04
2.476197164666566096e+03 1.039283019829770538e+01 7.234133595867065555e-04
2.476204109810978935e+03 1.039416732568444601e+01 7.240359788676967948e-04
2.476211054955334475e+03 1.039455261278459730e+01 7.240208961281816664e-04
2.476218000099631354e+03 1.039686611665695182e+01 7.252921102345543346e-04
2.476224945243928232e+03 1.039511190495579029e+01 7.243247018921791834e-04
2.476231890388108695e+03 1.039754541424588474e+01 7.256823030562246013e-04
2.476238835532346911e+03 1.039566615868110944e+01 7.242361514616901504e-04
2.476245780676528739e+03 1.039913482485253127e+01 7.263626257858790984e-04
2.476252725820650994e+03 1.039815997673897030e+01 7.255739854263720942e-04
2.476259670964715497e+03 1.039913003006346770e+01 7.259599995568115404e-04
2.476266616108779544e+03 1.039705914927779773e+01 7.251545127463914506e-04
2.476273561252784930e+03 1.039935189573412266e+01 7.262486605831942410e-04
2.476280506396790770e+03 1.039778911321270449e+01 7.254703564173948160e-04
2.476287451540739312e+03 1.039792101594408891e+01 7.257247445000571638e-04
2.476294396684628737e+03 1.039809259483176440e+01 7.259355362192930700e-04
2.476301341828517252e+03 1.039650478741236839e+01 7.247688805771191267e-04
2.476308286972349379e+03 1.039497185031729387e+01 7.240930878440881039e-04
2.476315232116122388e+03 1.039506776403974619e+01 7.243327966993305883e-04
2.476322177259895398e+03 1.039523120873161766e+01 7.247346899396865357e-04
2.476329122403610199e+03 1.039292216757508847e+01 7.232308447855837711e-04
2.476336067547325911e+03 1.038976477568184720e+01 7.215338363127052910e-04
2.476343012690982505e+03 1.039190427806114414e+01 7.229355782079602060e-04
2.476349957834580891e+03 1.039004554961989868e+01 7.218876068695764510e-04
2.476356902978179278e+03 1.038998988964677750e+01 7.219529608272934763e-04
2.476363848121719911e+03 1.038827177711779015e+01 7.212924778169914905e-04
2.476370793265201883e+03 1.038471704311352362e+01 7.189805518748648488e-04
2.476377738408684309e+03 1.038593239657297751e+01 7.201671940399025995e-04
2.476384683552107163e+03 1.038512169202054558e+01 7.200474111838864452e-04
2.476391628695531381e+03 1.038425426260131879e+01 7.193990302709157804e-04
2.476398573838897391e+03 1.038407726716127222e+01 7.197919144517220345e-04
2.476405518982203830e+03 1.038255460582332290e+01 7.187084791040887358e-04
2.476412464125512088e+03 1.038241210935364656e+01 7.186985248670485146e-04
2.476419409268761228e+03 1.038123931546787126e+01 7.185100101894855438e-04
2.476426354412011278e+03 1.038092196328576122e+01 7.184696749653366691e-04
2.476433299555144458e+03 1.037869268352629959e+01 7.169584892456654264e-04
2.476440244698334936e+03 1.037684748970204396e+01 7.161736533283459202e-04
2.476447189841409909e+03 1.037816301548234854e+01 7.169376875490763310e-04
2.476454134984484426e+03 1.037733965363155519e+01 7.165001538684835072e-04
2.476461080127558489e+03 1.037771182992694818e+01 7.168275309748383837e-04
2.476468025270517046e+03 1.037766146885537921e+01 7.167538282888381114e-04
2.476474970413475603e+03 1.037756925185846058e+01 7.166559463719566732e-04
2.476481915556433705e+03 1.037531977986063580e+01 7.156509426387375411e-04
2.476488860699333600e+03 1.037672370911803910e+01 7.160361472798499639e-04
2.476495805842175287e+03 1.037775749852647955e+01 7.166263015305384320e-04
2.476502750985016974e+03 1.037499958808904843e+01 7.147579306989097596e-04
2.476509696127800908e+03 1.037785539576047711e+01 7.166178521255578459e-04
2.476516641270525724e+03 1.037784808727880836e+01 7.166766265247179234e-04
2.476523586413251905e+03 1.037859269578765797e+01 7.170293396201474299e-04
2.476530531555918969e+03 1.037676623075145699e+01 7.160159527102219869e-04
2.476537476698585124e+03 1.037992651585562776e+01 7.178005290357430479e-04
2.476544421841194890e+03 1.037812341166223185e+01 7.165542257034684991e-04
2.476551366983745538e+03 1.037889761778347264e+01 7.169959549986883130e-04
2.476558312126238434e+03 1.038048775207524699e+01 7.176664389611440683e-04
2.476565257268789537e+03 1.038106956254374325e+01 7.180818692816767768e-04
2.476572202411222861e+03 1.038277689899635625e+01 7.186497811190852361e-04
2.476579147553658004e+03 1.038183904965977078e+01 7.182442648444360310e-04
2.476586092696034029e+03 1.038322571926754101e+01 7.188219935338560108e-04
2.476593037838410055e+03 1.038476262143412576e+01 7.194284557540722149e-04
2.476599982980727873e+03 1.038631691340308194e+01 7.202844099804398600e-04
2.476606928122987938e+03 1.038427133430712956e+01 7.190829214021536965e-04
2.476613873265248003e+03 1.038758123484616114e+01 7.208737495503588682e-04
2.476620818407450315e+03 1.038781281638814846e+01 7.207236466081620241e-04
2.476627763549592601e+03 1.038895606133247007e+01 7.215155773122740963e-04
2.476634708691735796e+03 1.038987350006431143e+01 7.217868322016625935e-04
2.476641653833879445e+03 1.039200016861344977e+01 7.227988291732890310e-04
2.476648598975905770e+03 1.039328068147947093e+01 7.234909071469372392e-04
2.476655544117933005e+03 1.039148783764268202e+01 7.219464430682614444e-04
2.476662489259960239e+03 1.039293157742717355e+01 7.221903015406332246e-04
2.476669434401929720e+03 1.039537772191254561e+01 7.238019127118650075e-04
2.476676379543840085e+03 1.039645019773197276e+01 7.241384263956478868e-04
2.476683324685749994e+03 1.039875221484366463e+01 7.256225239118710120e-04
2.476690269827602606e+03 1.039827480471898014e+01 7.248116714351522790e-04
2.476697214969396555e+03 1.040274317001715332e+01 7.273782419623737354e-04
2.476704160111189594e+03 1.039936341458745872e+01 7.249864656455108115e-04
2.476711105252925790e+03 1.040140385957452374e+01 7.260267931107441302e-04
2.476718050394662441e+03 1.040311067229131936e+01 7.269392918241853819e-04
2.476724995536339975e+03 1.040570899599133625e+01 7.282888802192872190e-04
2.476731940677959756e+03 1.040807337211818506e+01 7.295462327807020197e-04
2.476738885819578172e+03 1.040978970179899399e+01 7.305965136983293400e-04
2.476745830961140655e+03 1.040666845792197748e+01 7.284833974426786329e-04
2.476752776102643566e+03 1.040728517409769971e+01 7.287644745319014211e-04
2.476759721244146021e+03 1.040678887856477886e+01 7.285125895938357292e-04
2.476766666385649387e+03 1.040852037715746903e+01 7.294018502508034301e-04
2.476773611527035882e+03 1.041047015995787284e+01 7.301476721628209548e-04
2.476780556668481040e+03 1.041029511361911730e+01 7.305657522523825330e-04
2.476787501809809328e+03 1.040979794581223317e+01 7.301385720212813296e-04
2.476794446951137616e+03 1.041141977268251928e+01 7.310190564239288586e-04
2.476801392092408150e+03 1.040905591655222295e+01 7.295537559942378864e-04
2.476808337233677776e+03 1.040902197368741611e+01 7.297486946009870863e-04
2.476815282374890103e+03 1.041000475396288749e+01 7.302766427309265044e-04
2.476822227516102430e+03 1.040725414481967626e+01 7.286177575560306898e-04
2.476829172657198797e+03 1.040858630741460900e+01 7.296522384419238793e-04
2.476836117798352007e+03 1.040834084810308013e+01 7.291308524052863638e-04
2.476843062939389711e+03 1.040782501539956328e+01 7.291182036340303815e-04
2.476850008080426505e+03 1.040916857468587864e+01 7.303798756170356600e-04
2.476856953221464209e+03 1.040732561569502579e+01 7.287752517480708229e-04
2.476863898362443251e+03 1.040525412026791408e+01 7.277157863268707847e-04
2.476870843503363176e+03 1.040693572098016162e+01 7.288941060122740507e-04
2.476877788644284919e+03 1.040674018729918870e+01 7.288138895460823325e-04
2.476884733785148001e+03 1.040289785067687589e+01 7.264558006980192635e-04
2.476891678925952874e+03 1.040482700457692289e+01 7.277014938957357014e-04
2.476898624066758202e+03 1.040163891803873852e+01 7.261272156628918641e-04
2.476905569207503504e+03 1.040142940385894832e+01 7.258033728371667557e-04
2.476912514348250170e+03 1.040293387044535933e+01 7.266378470649584613e-04
2.476919459488937719e+03 1.040358791363627589e+01 7.274028111616089509e-04
2.476926404629625722e+03 1.040150444680079467e+01 7.263294234210604253e-04
2.476933349770255973e+03 1.040443151771610530e+01 7.278245876978472724e-04
2.476940294910828015e+03 1.040298680843335077e+01 7.268893681465346188e-04
2.476947240051341396e+03 1.040452358303944536e+01 7.279354982771221207e-04
2.476954185191912984e+03 1.040374121949179909e+01 7.273284678377285855e-04
2.476961130332369066e+03 1.040551228477850287e+01 7.281742852482753561e-04
2.476968075472824239e+03 1.040364368520147487e+01 7.271169076475996395e-04
2.476975020613221204e+03 1.040461166592345954e+01 7.274064726960599147e-04
2.476981965753618169e+03 1.040428487450720141e+01 7.271399091530078877e-04
2.476988910893956927e+03 1.040578563543438406e+01 7.280504359873234436e-04
2.476995856034295684e+03 1.040394152437831110e+01 7.264240156710051119e-04
2.477002801174576234e+03 1.040749254021240944e+01 7.286589725173332407e-04
2.477009746314799486e+03 1.041077801441666040e+01 7.303492410532005496e-04
2.477016691455020919e+03 1.040891180829499696e+01 7.290114022960077081e-04
2.477023636595185963e+03 1.041195464060447762e+01 7.306331486562015615e-04
2.477030581735292799e+03 1.041197051125804762e+01 7.301386845965126930e-04
2.477037526875397816e+03 1.041364156590355350e+01 7.310751862720533132e-04
2.477044472015503743e+03 1.041678643287760053e+01 7.328827169809658303e-04
2.477051417155494164e+03 1.041957481707059330e+01 7.341022793164991150e-04
2.477058362295541883e+03 1.041890031548153317e+01 7.332649311321634165e-04
2.477065307435473187e+03 1.042202792344065898e+01 7.349418173867454428e-04
2.477072252575404491e+03 1.042263668438058488e+01 7.351029536145949062e-04
2.477079197715335795e+03 1.042575289417227502e+01 7.367297297579980487e-04
2.477086142855152048e+03 1.042466719646642481e+01 7.353197865438497027e-04
2.477093087995024689e+03 1.042993725315639786e+01 7.384191851397198855e-04
2.477100033134781370e+03 1.043133601945354272e+01 7.388178469826451635e-04
2.477106978274538506e+03 1.043104862554811874e+01 7.384008836635633883e-04
2.477113923414295641e+03 1.043496515309052874e+01 7.403351820801381362e-04
2.477120868553994114e+03 1.043611670870071073e+01 7.409635761847805247e-04
2.477127813693633925e+03 1.043857298268233791e+01 7.418760730235526282e-04
2.477134758833275555e+03 1.044258711985994914e+01 7.438535248267769216e-04
2.477141703972857613e+03 1.044465292926196653e+01 7.448460733646494964e-04
2.477148649112438761e+03 1.044499213815951322e+01 7.445792436621217168e-04
2.477155594251905313e+03 1.045044897741053269e+01 7.475391796799703108e-04
2.477162539413140621e+03 1.045127041837390713e+01 7.476587754918554134e-04
2.477169484552606264e+03 1.045571309368935253e+01 7.502149266944954696e-04
2.477176429692013699e+03 1.045559375079703379e+01 7.500119093560407438e-04
2.477183374831421133e+03 1.045902645294803790e+01 7.518052395434329706e-04
2.477190319970770361e+03 1.045792437011165532e+01 7.505882552975505191e-04
2.477197265110062290e+03 1.046215940279040879e+01 7.528610501743832712e-04
2.477204210249353309e+03 1.046474500508857908e+01 7.540970615851495373e-04
2.477211155388586576e+03 1.046616385856625264e+01 7.546609345920896874e-04
2.477218100527819843e+03 1.046618513234074754e+01 7.544367796010168110e-04
2.477225045666993992e+03 1.046996064957305350e+01 7.564382983035960279e-04
2.477231990806169051e+03 1.047156623384593388e+01 7.570849515987471655e-04
2.477238935945284993e+03 1.047169769728244049e+01 7.569931155201930963e-04
2.477245881084343637e+03 1.047383744609881795e+01 7.581457547241656500e-04
2.477252826223401826e+03 1.047474946077083047e+01 7.581660925361458515e-04
2.477259771362401807e+03 1.047666067411902802e+01 7.592319218657470102e-04
2.477266716501402698e+03 1.047621194595774163e+01 7.584723777258063062e-04
2.477273661640344471e+03 1.047762187415838042e+01 7.592743153990170113e-04
2.477280606779228037e+03 1.048023196004998958e+01 7.607080246590634419e-04
2.477287551918112058e+03 1.048104271931629228e+01 7.609304117472810670e-04
2.477294497056995169e+03 1.048095144056003036e+01 7.611905129221807707e-04
2.477301442195762320e+03 1.048306368083125584e+01 7.621654264069843525e-04
2.477308387334589042e+03 1.048353973181549570e+01 7.624232000229654504e-04
2.477315332473297531e+03 1.048149327617481674e+01 7.607451467048338906e-04
2.477322277612006928e+03 1.048243709519856992e+01 7.613226174992372220e-04
2.477329222750716326e+03 1.048423870106358535e+01 7.622830322618508441e-04
2.477336167889367061e+03 1.048378221251200237e+01 7.620713261709546275e-04
2.477343113027959589e+03 1.048678830457554767e+01 7.639862797536275171e-04
2.477350058166552117e+03 1.048471272264432130e+01 7.624635593526295435e-04
2.477357003305086437e+03 1.048481796259662069e+01 7.623947277295665004e-04
2.477363948443563004e+03 1.048304203572671511e+01 7.612298703252118413e-04
2.477370893582039116e+03 1.048330940685629997e+01 7.614514595798235362e-04
2.477377838720515683e+03 1.048574827109962015e+01 7.632114930581488559e-04
2.477384783858934043e+03 1.048561998346537827e+01 7.628869019401755954e-04
2.477391728997293285e+03 1.048477220579379399e+01 7.621327946643473468e-04
2.477398674135653437e+03 1.048548928302465733e+01 7.628367509759393381e-04
2.477405619273954471e+03 1.048601322741300557e+01 7.632095333052414839e-04
2.477412564412198662e+03 1.048549256186703538e+01 7.629946405363665892e-04
2.477419509550442399e+03 1.048522532768702753e+01 7.625742753738226154e-04
2.477426454688685226e+03 1.048809550364535070e+01 7.647728917739778391e-04
2.477433399826870300e+03 1.048810573245570943e+01 7.645526359540070604e-04
2.477440344964997166e+03 1.048585253973626408e+01 7.627843245276319474e-04
2.477447290103124942e+03 1.048793777433590080e+01 7.640364545043732119e-04
2.477454235241193601e+03 1.048760409707517383e+01 7.637947258370073999e-04
2.477461180379262260e+03 1.048714687374621946e+01 7.634990716199618627e-04
2.477468125517273620e+03 1.048918389669173834e+01 7.645290436671380594e-04
2.477475070655225863e+03 1.049155090436089033e+01 7.656068746371543160e-04
2.477482015793178107e+03 1.049065256577130079e+01 7.651007180679389886e-04
2.477488960931072143e+03 1.049182407665818673e+01 7.654637686775647145e-04
2.477495906068966178e+03 1.049556759370801373e+01 7.680570429264957409e-04
2.477502851206802461e+03 1.049633154177856653e+01 7.680267972703805693e-04
2.477509796344638744e+03 1.049724818782166480e+01 7.684483348926486861e-04
2.477516741482416364e+03 1.049941466838061288e+01 7.695250636995728134e-04
2.477523686620135777e+03 1.049872395813433457e+01 7.689715327053386288e-04
2.477530631757856099e+03 1.050108764053318389e+01 7.700150797030682346e-04
2.477537576895574603e+03 1.050167849399323750e+01 7.703192092142133315e-04
2.477544522033178509e+03 1.050437827253915657e+01 7.717749958029740702e-04
2.477551467170839715e+03 1.050755869954618582e+01 7.732024174724880716e-04
2.477558412308384504e+03 1.050659117662509345e+01 7.722990028693588844e-04
2.477565357445930204e+03 1.050967455460611788e+01 7.738638392867078003e-04
2.477572302583474539e+03 1.051114624403819064e+01 7.746678015013975203e-04
2.477579247720961575e+03 1.051520872901971160e+01 7.770139995800347471e-04
2.477586192858390859e+03 1.051585078189390998e+01 7.766598886222022624e-04
2.477593137995818324e+03 1.051828129382809074e+01 7.780247547838035904e-04
2.477600083133188491e+03 1.052106180491737852e+01 7.790924129777543165e-04
2.477607028270559113e+03 1.052397408887440378e+01 7.807274382649440243e-04
2.477613973407871981e+03 1.052679787248161780e+01 7.821803418204662959e-04
2.477620918545184395e+03 1.052999080612068283e+01 7.836319172004117773e-04
2.477627863682437237e+03 1.053337587162965505e+01 7.853454623601431291e-04
2.477634808819632781e+03 1.053719778303580057e+01 7.873752765254715636e-04
2.477641753956829234e+03 1.053827107634718274e+01 7.873214303046948770e-04
2.477648699094024778e+03 1.054102875789352467e+01 7.886947590998108363e-04
2.477655644231103452e+03 1.054054790544172349e+01 7.880433389422773381e-04
2.477662589368242152e+03 1.054772692834922942e+01 7.922695615812774253e-04
2.477669534505263073e+03 1.054846752070121418e+01 7.924201959498944998e-04
2.477676479642283994e+03 1.055078643717002151e+01 7.933033094945885714e-04
2.477683424779304460e+03 1.055363873785953999e+01 7.948875527722953655e-04
2.477690369916267628e+03 1.055676947335517823e+01 7.962407795823970430e-04
2.477697315053172133e+03 1.055981023060935087e+01 7.976808894991903884e-04
2.477704260190076639e+03 1.056356170285500973e+01 7.996387613182766264e-04
2.477711205326982054e+03 1.056610028444276139e+01 8.013271928262683062e-04
2.477718150463770144e+03 1.056653659791907174e+01 8.010422225564515315e-04
2.477725095600616896e+03 1.056967029398858315e+01 8.025725203938013875e-04
2.477732040737347234e+03 1.057126921803858011e+01 8.032330806600919805e-04
2.477738985874076207e+03 1.057337077005335502e+01 8.042667467063755382e-04
2.477745931010806544e+03 1.057399463474554402e+01 8.041211439788627756e-04
2.477752876147478673e+03 1.057873656147662444e+01 8.068900072471590305e-04
2.477759821284092141e+03 1.057981713598360329e+01 8.074413592279014364e-04
2.477766766420706062e+03 1.058419949267016236e+01 8.099944402815032829e-04
2.477773711557319984e+03 1.058320204843300871e+01 8.086992506117007340e-04
2.477780656693817036e+03 1.058443328979513787e+01 8.094565871724109093e-04
2.477787601830314088e+03 1.058679638314587379e+01 8.106808127062195253e-04
2.477794546966811140e+03 1.059131497522783860e+01 8.134853142138097782e-04
2.477801492103249984e+03 1.059178145872671983e+01 8.135187783960404944e-04
2.477808437239689738e+03 1.059072418223263767e+01 8.125040223796714924e-04
2.477815382376070374e+03 1.059283228011194034e+01 8.135927763355426442e-04
2.477822327512392349e+03 1.059308793440087015e+01 8.140920295575261156e-04
2.477829272648715232e+03 1.059548657862737997e+01 8.154356644360742905e-04
2.477836217784978999e+03 1.059377958604721037e+01 8.139478784802287514e-04
2.477843162921243675e+03 1.059686977589082701e+01 8.158312657194022538e-04
2.477850108057449688e+03 1.059629147671121174e+01 8.149237472326734729e-04
2.477857053193657066e+03 1.059519007680591507e+01 8.141469835346880129e-04
2.477863998329805327e+03 1.059788245823072472e+01 8.161123676751414402e-04
2.477870943465952223e+03 1.060006027873831513e+01 8.172798305548486034e-04
2.477877888602041821e+03 1.059873000686242861e+01 8.161903683806589344e-04
2.477884833738074121e+03 1.059864300621196698e+01 8.166064286055861295e-04
2.477891778874105512e+03 1.060271343809854372e+01 8.190663542950698661e-04
2.477898724010137357e+03 1.059871034020018854e+01 8.163735517391175131e-04
2.477905669146052787e+03 1.060271829512571884e+01 8.186425241066796728e-04
2.477912614282025970e+03 1.060146797355661974e+01 8.181002200776489120e-04
2.477919559417882738e+03 1.060444606455936878e+01 8.199026726678076971e-04
2.477926504553739505e+03 1.060349602768652666e+01 8.193002629943871382e-04
2.477933449689596273e+03 1.060138608239604885e+01 8.175660385734492700e-04
2.477940394825395742e+03 1.060299965317961579e+01 8.183030995863765141e-04
2.477947339961194302e+03 1.060433319202626024e+01 8.192627899762939788e-04
2.477954285096934655e+03 1.060577993203156133e+01 8.203177605592414405e-04
2.477961230232617709e+03 1.060279797230654886e+01 8.178651630666220309e-04
2.477968175368299399e+03 1.060395014304925354e+01 8.186745238147861720e-04
2.477975120503923790e+03 1.060606616306053240e+01 8.203311199418182945e-04
2.477982065639546818e+03 1.060620736294685429e+01 8.200593729680912426e-04
2.477989010775113911e+03 1.060486995815263001e+01 8.189798856889117041e-04
2.477995955910679186e+03 1.060554789000934051e+01 8.202695138781052053e-04
2.478002901046186707e+03 1.060431537769466104e+01 8.187682542307382324e-04
2.478009846181695139e+03 1.060669078044095670e+01 8.203329190047830861e-04
2.478016791317143998e+03 1.060755020835017959e+01 8.205247893797353986e-04
2.478023736452536468e+03 1.060907320916614616e+01 8.213717951268534583e-04
2.478030681587927575e+03 1.060821158540244369e+01 8.204923274642410844e-04
2.478037626723317771e+03 1.061093368042406304e+01 8.224116778025604944e-04
2.478044571858593372e+03 1.061384855489419543e+01 8.243680013827181779e-04
2.478051516993926271e+03 1.061399318177021733e+01 8.242695024201347710e-04
2.478058462129200507e+03 1.061601891960415855e+01 8.251936388826005761e-04
2.478065407264417445e+03 1.061358435809585465e+01 8.232253970853620076e-04
2.478072352399577085e+03 1.061800611943764316e+01 8.258866728867839038e-04
2.478079297534793568e+03 1.062257524864006086e+01 8.286681205130749578e-04
2.478086242669894091e+03 1.062080955199096799e+01 8.273099885899217604e-04
2.478093187804993249e+03 1.062137409383513642e+01 8.273841904252674786e-04
2.478100132940093317e+03 1.062628073706468257e+01 8.301141892838922315e-04
2.478107078075136542e+03 1.062616383332937531e+01 8.297036510993988914e-04
2.478114023210119740e+03 1.063092002258683166e+01 8.326453225016419496e-04
2.478120968345103392e+03 1.063453785956596676e+01 8.347779467668894763e-04
2.478127913480029747e+03 1.063354370388466208e+01 8.338746509796669468e-04
2.478134858614955647e+03 1.063612987769366214e+01 8.351402330200660825e-04
2.478141803749822429e+03 1.063791500380860988e+01 8.358049510453876207e-04
2.478148748884689667e+03 1.063974600133547099e+01 8.367845913076002451e-04
2.478155694019499606e+03 1.064300440613269139e+01 8.387407338617096104e-04
2.478162639154308636e+03 1.064727729247614718e+01 8.415143651162501886e-04
2.478169584289059003e+03 1.064976318602442440e+01 8.425621362547737817e-04
2.478176529423752072e+03 1.064905941647676890e+01 8.416241326707723895e-04
2.478183474558444686e+03 1.065358217107046279e+01 8.442832316084373243e-04
2.478190419693138665e+03 1.065370477927390525e+01 8.436940410283310992e-04
2.478225145365961907e+03 1.066531215847101599e+01 8.504732825269782940e-04
2.478232090500421691e+03 1.066841919519979243e+01 8.520790206388577544e-04
2.478239035634881930e+03 1.066786337392179895e+01 8.514998213451859021e-04
2.478245980769283960e+03 1.066932733289608137e+01 8.525356315975328144e-04
2.478252925903685536e+03 1.066780652732770562e+01 8.507124871662394196e-04
2.478259871038028450e+03 1.067207488969236451e+01 8.535746989214440051e-04
2.478266816172314066e+03 1.067095277551750243e+01 8.525484685593660676e-04
2.478273761306600136e+03 1.067313597177858853e+01 8.541786691352900706e-04
2.478280706440885297e+03 1.067466355750028129e+01 8.552028191051786517e-04
2.478287651575111795e+03 1.067207395334673770e+01 8.530608728808156908e-04
2.478294596709280995e+03 1.067504493537415122e+01 8.549970358091456063e-04
2.478301541843450195e+03 1.067493821019107081e+01 8.550582694880845287e-04
2.478308486977562097e+03 1.067599367502931962e+01 8.557650655937787572e-04
2.478315432111671726e+03 1.067411473831829838e+01 8.543765701606868997e-04
2.478322377245724510e+03 1.067674339771361147e+01 8.562665891557274091e-04
2.478329322379777295e+03 1.067667650140200131e+01 8.560499095726508160e-04
2.478336267513770508e+03 1.067358926703349908e+01 8.540019014991879738e-04
2.478343212647707333e+03 1.067077996679832630e+01 8.518371892710268397e-04
2.478350157781643247e+03 1.067540159115912601e+01 8.554320406192615807e-04
2.478357102915580072e+03 1.067377880521068789e+01 8.548515711197192304e-04
2.478364048049457779e+03 1.067296231510749216e+01 8.541863898686303776e-04
2.478370993183277278e+03 1.067025250229683841e+01 8.522013574705593602e-04
2.478377938317097687e+03 1.066924770872345007e+01 8.521633932253344212e-04
2.478384883450917187e+03 1.066737099977048153e+01 8.504944192466839517e-04
2.478391828584620271e+03 1.066751460146836905e+01 8.510022857947913784e-04
2.478398773718381108e+03 1.066808185281981913e+01 8.513869095310845451e-04
2.478405718852026439e+03 1.066533878380687739e+01 8.493349827023211930e-04
2.478412663985729978e+03 1.066785960905922082e+01 8.519506430242400558e-04
2.478419609119317101e+03 1.066560926943227372e+01 8.501850578384318987e-04
2.478426554252961978e+03 1.066517345060248800e+01 8.500904321786111094e-04
2.478433499386490439e+03 1.066539643351667976e+01 8.502563878585182779e-04
2.478440444520018900e+03 1.066115418703500417e+01 8.473654467094306111e-04
2.478447389653547361e+03 1.066222147953348376e+01 8.479641442312587599e-04
2.478454334787018070e+03 1.066328659513410848e+01 8.490001290728522694e-04
2.478461279920431025e+03 1.066008877223685047e+01 8.466731439337212136e-04
2.478468225053843071e+03 1.066179925093062053e+01 8.485271668663972892e-04
2.478475170187255571e+03 1.065782521077120926e+01 8.455077523483900837e-04
2.478482115320550292e+03 1.066117249155377777e+01 8.478538565397892657e-04
2.478489060453905040e+03 1.065924229655971445e+01 8.461793692414701536e-04
2.478496005587201580e+03 1.066041818311126299e+01 8.473063240239521281e-04
2.478502950720438548e+03 1.065991758459900041e+01 8.471944771281756260e-04
2.478509895853675971e+03 1.065778389246762181e+01 8.454523525590157363e-04
2.478516840986855641e+03 1.066026833890632552e+01 8.472700502753650453e-04
2.478523786119976648e+03 1.066213589973549780e+01 8.484186457553669113e-04
2.478530731253156773e+03 1.065777291444466712e+01 8.452209078713517065e-04
2.478537676386219573e+03 1.066030614054679226e+01 8.471901057539436321e-04
2.478544621519282373e+03 1.065986781991884769e+01 8.465075719607965737e-04
2.478551566652345173e+03 1.066180585032142325e+01 8.481449338938834527e-04
2.478558511785349765e+03 1.066412578522288612e+01 8.496161277861184703e-04
2.478565456918297059e+03 1.066110213444366295e+01 8.470827627283511593e-04
2.478572402051243444e+03 1.066250045841998251e+01 8.480309552284169246e-04
2.478579347184189828e+03 1.066450267036456623e+01 8.492753358559349984e-04
2.478586292317020707e+03 1.066323251860724142e+01 8.481128482025718056e-04
2.478593237449907974e+03 1.066487441125592284e+01 8.494217096883332173e-04
2.478600182582738853e+03 1.066283987214601581e+01 8.477436374472651975e-04
2.478607127715510615e+03 1.066536820331194590e+01 8.495040190589671358e-04
2.478614072848282376e+03 1.066776605712490777e+01 8.508297806042276279e-04
2.478621017980995930e+03 1.066810664239808482e+01 8.509440414797939545e-04
2.478627963113652186e+03 1.066960756996937221e+01 8.516810391515904641e-04
2.478634908246366649e+03 1.066970703889846561e+01 8.512709326522035136e-04
2.478641853378963788e+03 1.067170114258719416e+01 8.522284141964596958e-04
2.478648798511560472e+03 1.067603582677582885e+01 8.554552312534306584e-04
2.478655743644158065e+03 1.067249123758528384e+01 8.524533961613122834e-04
2.478662688776696996e+03 1.067851973071521421e+01 8.563452878447673370e-04
2.478669633909177719e+03 1.068148557233637952e+01 8.582045372160592876e-04
2.478676579041658897e+03 1.068256703417605458e+01 8.586708965227851176e-04
2.478683524174140075e+03 1.068221546336966554e+01 8.579365775248438183e-04
2.478690469306505292e+03 1.068351805887707862e+01 8.584432409911451917e-04
2.478697414438927353e+03 1.068782425796998403e+01 8.616288890600392637e-04
2.478704359571292116e+03 1.068962313539833886e+01 8.623427557897804692e-04
2.478711304703598216e+03 1.069083633637425024e+01 8.628034477519067177e-04
2.478718249835905226e+03 1.069258800815639887e+01 8.636803568855445793e-04
2.478725194968152209e+03 1.069213044141160118e+01 8.632642811532527860e-04
2.478732140100341894e+03 1.069683139881588829e+01 8.664137933142441713e-04
2.478739085232590696e+03 1.069694144448250839e+01 8.657522946430992131e-04
2.478746030364723083e+03 1.069940168677469572e+01 8.675141641613992117e-04
2.478752975496854560e+03 1.069834270524952657e+01 8.664495311622616739e-04
2.478759920628985128e+03 1.070158227005048701e+01 8.689604061408520708e-04
2.478766865761058853e+03 1.070195511996685767e+01 8.688280967837954793e-04
2.478773810893075279e+03 1.070120392062568726e+01 8.684507231202453180e-04
2.478780756025089431e+03 1.070019417132901651e+01 8.671661746595013239e-04
2.478787701157104948e+03 1.070329775057517807e+01 8.694646606100750203e-04
2.478794646289062257e+03 1.070271030836296511e+01 8.687598611063919018e-04
2.478801591420960904e+03 1.070612174182328857e+01 8.715754282447576648e-04
2.478808536552860460e+03 1.070556831711114221e+01 8.710569139123876519e-04
2.478815481684700444e+03 1.070276928046103038e+01 8.685370579425637878e-04
2.478822426816541338e+03 1.070333597626020961e+01 8.689339342433385167e-04
2.478829371948323569e+03 1.070327161163380403e+01 8.695008185664537077e-04
2.478836317080105800e+03 1.070391114363791019e+01 8.697970140842421890e-04
2.478843262211830734e+03 1.070305738011785479e+01 8.692504133391724735e-04
2.478850207343554757e+03 1.070187985270767506e+01 8.683060799527234823e-04
2.478857152475221028e+03 1.070236259245831967e+01 8.687578403619815575e-04
2.478864097606887299e+03 1.069874824869410013e+01 8.663791725946006330e-04
2.478871042738493998e+03 1.069702521609430157e+01 8.654470258650855553e-04
2.478877987870044308e+03 1.069852376419580153e+01 8.668177241808960008e-04
2.478884933001593708e+03 1.069722246263381038e+01 8.664235198591380051e-04
2.478891878133143109e+03 1.069384042051722616e+01 8.640331232740302517e-04
2.478898823264635212e+03 1.069415246839682432e+01 8.646968778835049073e-04
2.478905768396068197e+03 1.069314925168119146e+01 8.641708552643359575e-04
2.478912713527502092e+03 1.069011551960333861e+01 8.624719538277033064e-04
2.478919658658876870e+03 1.068738515006198853e+01 8.607618151463686251e-04
2.478926603790250738e+03 1.068492748212161914e+01 8.592721696818152654e-04
2.478933548921568217e+03 1.068319327450263678e+01 8.579719219484025113e-04
2.478940494052885697e+03 1.068114976119791848e+01 8.571073072699003518e-04
2.478947439184144059e+03 1.067885389965617193e+01 8.555104520959952701e-04
2.478954384315401967e+03 1.067997179519985451e+01 8.568526238987719075e-04
2.478961329446603031e+03 1.067914678116676974e+01 8.564622961515765695e-04
2.478968274577803641e+03 1.067775695664189861e+01 8.557077703121666315e-04
2.478975219708945588e+03 1.067872953640930334e+01 8.568474643372602558e-04
2.478982164840087080e+03 1.067688076069972425e+01 8.557011541697755229e-04
2.478989109971171274e+03 1.067347892901339002e+01 8.540659260395696683e-04
2.478996055102196806e+03 1.067164197395581304e+01 8.519659857332260479e-04
2.479003000233223247e+03 1.067332739461780022e+01 8.531835941234630800e-04
2.479009945364248779e+03 1.067092268105463226e+01 8.519461685612062440e-04
2.479016890495216558e+03 1.067194930054337831e+01 8.527979058691177554e-04
2.479023835626126129e+03 1.067055977608254835e+01 8.517103450693485180e-04
2.479030780757035245e+03 1.067193568095098932e+01 8.525428239110665121e-04
2.479037725887886154e+03 1.066885314948050301e+01 8.503113610577754449e-04
2.479044671018737517e+03 1.067185672450231415e+01 8.524343775110356739e-04
2.479051616149530673e+03 1.067403230983460816e+01 8.537047713723148155e-04
2.479058561280323374e+03 1.067228455668700704e+01 8.526224314504928826e-04
2.479065506411057868e+03 1.067331324484449517e+01 8.531001113102451745e-04
2.479072451541793271e+03 1.067490964917846519e+01 8.540398547193743918e-04
2.479079396672470011e+03 1.067327126427550077e+01 8.528394777109600750e-04
2.479086341803145842e+03 1.067408226476714006e+01 8.535376578140331950e-04
2.479093286933764375e+03 1.067627226379462080e+01 8.545316757926371904e-04
2.479100232064382908e+03 1.067934490412016579e+01 8.565435794679796509e-04
2.479107177194942778e+03 1.067737911549186158e+01 8.551223746592524506e-04
2.479114122325443986e+03 1.067903891614170320e+01 8.561274429401972540e-04
2.479121067455946104e+03 1.068119050205502063e+01 8.571456170371272512e-04
2.479128012586448676e+03 1.068542214928527834e+01 8.603564200227101352e-04
2.479134957716892131e+03 1.068647102568117369e+01 8.603792851219891529e-04
2.479141902847276924e+03 1.068413404922650223e+01 8.585649266120977353e-04
2.479148847977662626e+03 1.068856852344881858e+01 8.614875178313510145e-04
2.479155793107990121e+03 1.069029791023807974e+01 8.623361364239521100e-04
2.479162738238318070e+03 1.069031046632496285e+01 8.619029444134243111e-04
2.479169683368586448e+03 1.069290747482287784e+01 8.636487261144396889e-04
2.479176628498855280e+03 1.069220756515726123e+01 8.628570605387376200e-04
2.479183573629066814e+03 1.069751517990050971e+01 8.660280770413163838e-04
2.479190518759277438e+03 1.069831169950096772e+01 8.665168233107275455e-04
2.479197463889429400e+03 1.069767994509784259e+01 8.654576626652057264e-04
2.479204409019582272e+03 1.070145904272009219e+01 8.678163389814716770e-04
2.479211354149676936e+03 1.070213694808280636e+01 8.680664188658805853e-04
2.479218299279714302e+03 1.070443060851837025e+01 8.698717551749964635e-04
2.479225244409749394e+03 1.070625596229323762e+01 8.707116337826378404e-04
2.479232189539785395e+03 1.071077903085792293e+01 8.735310123188436268e-04
2.479239134669763189e+03 1.070847758029656660e+01 8.714433800036013511e-04
2.479246079799682775e+03 1.071076842018694997e+01 8.725286622803000644e-04
2.479253024929603271e+03 1.071202057777975192e+01 8.734497988893050700e-04
2.479259970059523766e+03 1.071646902987417782e+01 8.764502176435069215e-04
2.479266915189385600e+03 1.071624540661352754e+01 8.758928603233673109e-04
2.479273860319189225e+03 1.071878068299215236e+01 8.772687973696973460e-04
2.479280805448992396e+03 1.071943447339301159e+01 8.775991497886641768e-04
2.479287750578736905e+03 1.072003640816451231e+01 8.776339420195281970e-04
2.479294695708482323e+03 1.072117333281105012e+01 8.785092295891487732e-04
2.479301640838169078e+03 1.071916570718850004e+01 8.769236149164464766e-04
2.479308585967856743e+03 1.072172472888143702e+01 8.786661879829385209e-04
2.479315531097485291e+03 1.072054082104778239e+01 8.780935201562986049e-04
2.479322476227056086e+03 1.072037467228954455e+01 8.778622635414759469e-04
2.479329421356626426e+03 1.071809350564769403e+01 8.763040114943535961e-04
2.479336366486196312e+03 1.072041470232050742e+01 8.783731663456222820e-04
2.479343311615709354e+03 1.071924692582295968e+01 8.773175163849255588e-04
2.479350256745164188e+03 1.071705458799868360e+01 8.762072572069625918e-04
2.479357201874617203e+03 1.071407157514600605e+01 8.744768625505395729e-04
2.479364147004072493e+03 1.071683291711203623e+01 8.764271705044295209e-04
2.479371092133467755e+03 1.071255972601757733e+01 8.733655407685726865e-04
2.479378037262805265e+03 1.070838786805596143e+01 8.711706167325359131e-04
2.479384982392143684e+03 1.070899694819729753e+01 8.717599467906933172e-04
2.479391927521422531e+03 1.070650958062807234e+01 8.702873647605043235e-04
2.479398872650702288e+03 1.070221140756743239e+01 8.673267586387103066e-04
2.479405817779924291e+03 1.070432531586111047e+01 8.696360715767957258e-04
2.479412762909144931e+03 1.069971526914965310e+01 8.667302741952816235e-04
2.479419708038308272e+03 1.069799377620270242e+01 8.658578277646222961e-04
2.479426653167471159e+03 1.069511509577944075e+01 8.643334288104871253e-04
2.479433598296576747e+03 1.069380910525146255e+01 8.638731517638021827e-04
2.479440543425623218e+03 1.069170835937888064e+01 8.623135529803982024e-04
2.479447488554727897e+03 1.068784863046974642e+01 8.601491077332757990e-04
2.479454433683717070e+03 1.068774371426389003e+01 8.601458354084261237e-04
2.479461378812705334e+03 1.068394250366061016e+01 8.582404408823978868e-04
2.479468323941634935e+03 1.068310255022253941e+01 8.581661983319744834e-04
2.479475269070565901e+03 1.068054565964257385e+01 8.565854871772353874e-04
2.479482214199496411e+03 1.067490998184139528e+01 8.532528502934870777e-04
2.479489159328368260e+03 1.067472360120037678e+01 8.535145708035716053e-04
2.479496104457182810e+03 1.067223962261877546e+01 8.523849198862190396e-04
2.479503049585995541e+03 1.066823343374753286e+01 8.497920483581994280e-04
2.479509994714751429e+03 1.066910169743323600e+01 8.511631989941650543e-04
2.479516939843507316e+03 1.066666166328253951e+01 8.493040247865704185e-04
2.479523884972204542e+03 1.066374782385176445e+01 8.480699518320123113e-04
2.479530830100902676e+03 1.066195350426582422e+01 8.469402957058531608e-04
2.479537775229541694e+03 1.065707267523934831e+01 8.434861430320695404e-04
2.479544720358122959e+03 1.066044352978813414e+01 8.461790317307997002e-04
2.479551665486704223e+03 1.065817091047971132e+01 8.452702342596147070e-04
2.479558610615284124e+03 1.065697262697255709e+01 8.451692214064671603e-04
2.479565555743808090e+03 1.065589819597564158e+01 8.434130431325388786e-04
2.479572500872272485e+03 1.065798188292763271e+01 8.453437007500336567e-04
2.479579446000736880e+03 1.065560379443804706e+01 8.435156197373046370e-04
2.479586391129202184e+03 1.065310667995484906e+01 8.419821776614585867e-04
2.479593336257549709e+03 1.065479705881868533e+01 8.433677563712474587e-04
2.479600281385956350e+03 1.065482059588643082e+01 8.433094463430340247e-04
2.479607226514246577e+03 1.065215761991348131e+01 8.416770901025920392e-04
2.479614171642594101e+03 1.065185185983261462e+01 8.414261910504148992e-04
2.479621116770827030e+03 1.065196863212463541e+01 8.416857283386122972e-04
2.479628061899116801e+03 1.065615021173308286e+01 8.447053366226325031e-04
2.479635007027290158e+03 1.065305589003655129e+01 8.423935484635058230e-04
2.479641952155463969e+03 1.065371480564329332e+01 8.429361666461452013e-04
2.479648897283637780e+03 1.065537297586830157e+01 8.444559167673739613e-04
2.479655842411752928e+03 1.065614147659527511e+01 8.451833184846258267e-04
2.479662787539810779e+03 1.065266912581869541e+01 8.424255319550130782e-04
2.479669732667866811e+03 1.065286732687527760e+01 8.425208999458242733e-04
2.479676677795924661e+03 1.065284399709139507e+01 8.426261349560442435e-04
2.479683622923923394e+03 1.065482952435023734e+01 8.439756844028505371e-04
2.479690568051863920e+03 1.065200728901249860e+01 8.419300747951276222e-04
2.479697513179804901e+03 1.065543366469028186e+01 8.443574314234957847e-04
2.479704458307687673e+03 1.065408141531040087e+01 8.433907588884127912e-04
2.479711403435570446e+03 1.065450496460374730e+01 8.434903933399892856e-04
2.479718348563394557e+03 1.065555858083254570e+01 8.441536947481882800e-04
2.479725293691218212e+03 1.065484739020250871e+01 8.438683146984199976e-04
2.479732238818985479e+03 1.065576488205717176e+01 8.443886303907946391e-04
2.479739183946751837e+03 1.065497845027836021e+01 8.438395929518252092e-04
2.479746129074429518e+03 1.065631062284366237e+01 8.447560408080427097e-04
2.479753074202109474e+03 1.065618813159309930e+01 8.444203985166819169e-04
2.479760019329759416e+03 1.065480166082847369e+01 8.434123517953764481e-04
2.479766964457379345e+03 1.065840188065214633e+01 8.460867937770509420e-04
2.479773909584971079e+03 1.065797952332160037e+01 8.452986830880994005e-04
2.479780854712533255e+03 1.065823214914006556e+01 8.459190996946961728e-04
2.479787799840066327e+03 1.065830582958953521e+01 8.456103020641116824e-04
2.479794744967542101e+03 1.065787051017218445e+01 8.450596898096035363e-04
2.479801690095016511e+03 1.065987878990469540e+01 8.465940038396167679e-04
2.479808635222434532e+03 1.065864988561301629e+01 8.459050438134804988e-04
2.479815580349851189e+03 1.066048580623724185e+01 8.470544726136636704e-04
2.479822525477209638e+03 1.065885815801958714e+01 8.456902592222402060e-04
2.479829470604539893e+03 1.065785807538228802e+01 8.455778422975681989e-04
2.479836415731840134e+03 1.065848726120890078e+01 8.457065681919967047e-04
2.479843360859111272e+03 1.065755048848489217e+01 8.452288028228368069e-04
2.479850305986353305e+03 1.065551451856343768e+01 8.438320324338940926e-04
2.479857251113566235e+03 1.065610138875298496e+01 8.443080473277424138e-04
2.479864196240750971e+03 1.065845760918851681e+01 8.461300956240717626e-04
2.479871141367905693e+03 1.065356277835242338e+01 8.429620159955941152e-04
2.479878086495031312e+03 1.065366026586552906e+01 8.428415208212726006e-04
2.479885031622100087e+03 1.065253954966859951e+01 8.426643029434254667e-04
2.479891976749167043e+03 1.065244273393980379e+01 8.426331800875240703e-04
2.479898921876176246e+03 1.065135678600731417e+01 8.421979207158444272e-04
2.479905867003157255e+03 1.064939711942441392e+01 8.410493340817711081e-04
2.479912812130136444e+03 1.064858172933994140e+01 8.407591457100251596e-04
2.479919757257059246e+03 1.064600718702218707e+01 8.393757141546083402e-04
2.479926702383952488e+03 1.064303640980742394e+01 8.374668621830810410e-04
2.479933647510816627e+03 1.063975152770288624e+01 8.356861125725627976e-04
2.479940592637652117e+03 1.063773682044156743e+01 8.345776783753005700e-04
2.479947537764456683e+03 1.063746040040166996e+01 8.349370711272879842e-04
2.479954482891233511e+03 1.063512386569009749e+01 8.337294597943758177e-04
2.479961428017953040e+03 1.063153430946416300e+01 8.316148978474498677e-04
2.479968373144670295e+03 1.063167011043879384e+01 8.318724750955308351e-04
2.479975318271330252e+03 1.062836706799454767e+01 8.300222368211501766e-04
2.479982263397991119e+03 1.062669542447498650e+01 8.291779218064407016e-04
2.479989208524592414e+03 1.062546478038830955e+01 8.289323757785007621e-04
2.479996153651166424e+03 1.062575763019535735e+01 8.292424900977057997e-04
2.480003098777738160e+03 1.061966743196271956e+01 8.253271015237961458e-04
2.480010043904253507e+03 1.061814555628960122e+01 8.245189144953421869e-04
2.480016989030739751e+03 1.061722353739698477e+01 8.246616965104543173e-04
2.480023934157195526e+03 1.061742166072904148e+01 8.247471504219587666e-04
2.480030879283594004e+03 1.061135158802469292e+01 8.209081278433559862e-04
2.480037824409992936e+03 1.061257486574511155e+01 8.222221961219681151e-04
2.480044769536361855e+03 1.061022946245835996e+01 8.211647506707909225e-04
2.480051714662673021e+03 1.060956189595960097e+01 8.210027322075822559e-04
2.480058659788983277e+03 1.060515822882119963e+01 8.181966489639419223e-04
2.480065604915235781e+03 1.060499304902984719e+01 8.181952344994039127e-04
2.480072550041489194e+03 1.060527091844008574e+01 8.188696731276085125e-04
2.480079495167683490e+03 1.060165860325045806e+01 8.172367988494232908e-04
2.480086440293848682e+03 1.059994019799011156e+01 8.160166615417313628e-04
2.480093385419985680e+03 1.059869288518701325e+01 8.156794465642981619e-04
2.480100330546093119e+03 1.059834150166944866e+01 8.157439944851939146e-04
2.480107275672170999e+03 1.059431877779690723e+01 8.130963275737890803e-04
2.480114220798191127e+03 1.059448620326201151e+01 8.135943292743491638e-04
2.480121165924210800e+03 1.059156765449427340e+01 8.124042222505125591e-04
2.480128111050202278e+03 1.059144554499248159e+01 8.120325472737653346e-04
2.480135056176134640e+03 1.059110553746858230e+01 8.117180343177155628e-04
2.480142001302037897e+03 1.058646339797246405e+01 8.090318639974218790e-04
2.480148946427942064e+03 1.058641858444863715e+01 8.091372946999591262e-04
2.480155891570987023e+03 1.058850639338111677e+01 8.105616375586224397e-04
2.480162836696803424e+03 1.058831376521015599e+01 8.105738928631491718e-04
2.480169781822590267e+03 1.058461528666756024e+01 8.085779079463862543e-04
2.480176726948348460e+03 1.058764478161713107e+01 8.104665675680975843e-04
2.480183672074077094e+03 1.058728327397224867e+01 8.105636586146047328e-04
2.480190617199777080e+03 1.058529816619158126e+01 8.091462826849862670e-04
2.480197562325419312e+03 1.058764169951173173e+01 8.108248957223103707e-04
2.480204507451060636e+03 1.058297425102122524e+01 8.078352773102931298e-04
2.480211452576644660e+03 1.058526822644114773e+01 8.094472178702318693e-04
2.480218397702227776e+03 1.058505346002988645e+01 8.089508529076996652e-04
2.480225342827751774e+03 1.058439206905299201e+01 8.090802929410892451e-04
2.480232287953248942e+03 1.058607500973565863e+01 8.101511611957773777e-04
2.480239233078716097e+03 1.058158404262170471e+01 8.068908165437824534e-04
2.480246178204152784e+03 1.058349345970225741e+01 8.081281665283056564e-04
2.480253123329562186e+03 1.058495854146283222e+01 8.094763141305595091e-04
2.480260068454912471e+03 1.058238709742152750e+01 8.076658321486322820e-04
2.480267013580263665e+03 1.058339558908626188e+01 8.084071069985263860e-04
2.480273958705555742e+03 1.058241087779753897e+01 8.074290919741081499e-04
2.480280903830847819e+03 1.058169476124954578e+01 8.068837550717490419e-04
2.480287848956082598e+03 1.058376111566328781e+01 8.083624910804204384e-04
2.480294794081287364e+03 1.058535387198073252e+01 8.095752829238837432e-04
2.480301739206463026e+03 1.058447241124199678e+01 8.088813467787303070e-04
2.480308684331610493e+03 1.058396982467383651e+01 8.082789080583888466e-04
2.480315629456727947e+03 1.058587680334246528e+01 8.097565895651185307e-04
2.480322574581816298e+03 1.058370213556931638e+01 8.083391300237680521e-04
2.480329519706848259e+03 1.058663584200987806e+01 8.104554211038677777e-04
2.480336464831877493e+03 1.058603227746131381e+01 8.097952473036777342e-04
2.480343409956849428e+03 1.058370527318461995e+01 8.085023415709353869e-04
2.480350355081822272e+03 1.058368631448668040e+01 8.084500555387589757e-04
2.480357300206735090e+03 1.058416050138679410e+01 8.083480684786611839e-04
2.480364245331620623e+03 1.058427227101730672e+01 8.087248340110384306e-04
2.480371190456476143e+03 1.058373518622215492e+01 8.084439972375099615e-04
2.480378135581303013e+03 1.058346775850971611e+01 8.084965522044961243e-04
2.480385080706100780e+03 1.057970708982496788e+01 8.060935400717824566e-04
2.480392025830840794e+03 1.058094748303924248e+01 8.068366238652914697e-04
2.480398970955579443e+03 1.058065393432057810e+01 8.076140460547499757e-04
2.480405916080260795e+03 1.057916854807365148e+01 8.064060540116483071e-04
2.480412861204941692e+03 1.057718612435894201e+01 8.055253244399009126e-04
2.480419806329564381e+03 1.057591996660336875e+01 8.049282624441474708e-04
2.480426751454158875e+03 1.057487389354859530e+01 8.047389472587277749e-04
2.480433696578723357e+03 1.057402099622523473e+01 8.043307688428125678e-04
2.480440641703259189e+03 1.057048374283702152e+01 8.021433628984291422e-04
2.480447586827736814e+03 1.056804440429776193e+01 8.007896937514972146e-04
2.480454531952214438e+03 1.056498270852223342e+01 7.990481041730148433e-04
2.480461477076633855e+03 1.056475581206905545e+01 7.994047158055736469e-04
2.480468422201052817e+03 1.056218988633983003e+01 7.980153173813863722e-04
2.480475367325414027e+03 1.056017460355176318e+01 7.970755209440608460e-04
2.480482312449746132e+03 1.055709685945307186e+01 7.954560346105519954e-04
2.480489257574047770e+03 1.055555595132067559e+01 7.949818696223289512e-04
2.480496202698321213e+03 1.055134573485686289e+01 7.925225294833788394e-04
2.480503147822566916e+03 1.054922523745124607e+01 7.913520126479543478e-04
2.480510092946753502e+03 1.055000063077168804e+01 7.927043574925344682e-04
2.480517038070940089e+03 1.054879800928557998e+01 7.919624727084302379e-04
2.480523983195068013e+03 1.054627487234861860e+01 7.906686310827474879e-04
2.480530928319195937e+03 1.054580892916176538e+01 7.908329012281981821e-04
2.480537873443266108e+03 1.054157536395751471e+01 7.879745878303031931e-04
2.480544818567306720e+03 1.054361573010266184e+01 7.896061112497198197e-04
2.480551763691319138e+03 1.054024262790527189e+01 7.875102187088988109e-04
2.480558708815301543e+03 1.053566868994546724e+01 7.846716858996671644e-04
2.480565653939226650e+03 1.053661539996681462e+01 7.855072966050331363e-04
2.480572599063151756e+03 1.053670721457405790e+01 7.860518869797869946e-04
2.480579544187016836e+03 1.053623749819358579e+01 7.857396536113824990e-04
2.480586489310854631e+03 1.053452581023641876e+01 7.847900608234200303e-04
2.480593434434662413e+03 1.053350815715859490e+01 7.845593397718045444e-04
2.480600379558441091e+03 1.053359830033442535e+01 7.846649618404385887e-04
2.480607324682191575e+03 1.053215303533596270e+01 7.841568999345712452e-04
2.480614269805912045e+03 1.053002029655464256e+01 7.826475715389039078e-04
2.480621214929603411e+03 1.052720236238743823e+01 7.812518657470087554e-04
2.480628160053237934e+03 1.052724271278349910e+01 7.814211857251203127e-04
2.480635105176841535e+03 1.052529207637572028e+01 7.804435151826468907e-04
2.480642050300446044e+03 1.052648817472860188e+01 7.813463113536089476e-04
2.480648995423992346e+03 1.052385688835891209e+01 7.799936813116833782e-04
2.480655940547508180e+03 1.052500283930439728e+01 7.808176627419118618e-04
2.480662885670967626e+03 1.052214546350775493e+01 7.788674879939839080e-04
2.480669830794426161e+03 1.052390952309337280e+01 7.805024538858138915e-04
2.480676775917856503e+03 1.052188370022642161e+01 7.789106893761243901e-04
2.480683721041228637e+03 1.052276100076691634e+01 7.794610712687167955e-04
2.480690666164570757e+03 1.052099223534310113e+01 7.788177979813229544e-04
2.480697611287883774e+03 1.052111493824753019e+01 7.787824409479308365e-04
2.480704556411167687e+03 1.051952153661823175e+01 7.775610661448203792e-04
2.480711501534422496e+03 1.052059825445690855e+01 7.786364214415561090e-04
2.480718446657648656e+03 1.052191923372829763e+01 7.795671776049782490e-04
2.480725391780817063e+03 1.051743078522402364e+01 7.762949565146925026e-04
2.480732336903985015e+03 1.052166982248947491e+01 7.791380109941149811e-04
2.480739282027094305e+03 1.051989349798813933e+01 7.781098999038692232e-04
2.480746227150174946e+03 1.052052889703976035e+01 7.786918127750118738e-04
2.480753172273226028e+03 1.051878393911416332e+01 7.776676247396823024e-04
2.480760117396248006e+03 1.052043370342883399e+01 7.784318576941180951e-04
2.480767062519240881e+03 1.051993961593871241e+01 7.783182110701449344e-04
2.480774007642176457e+03 1.051778930359300546e+01 7.770264654572140014e-04
2.480780952765111579e+03 1.052110894134623287e+01 7.788524064963948295e-04
2.480787897887988947e+03 1.051780732275248198e+01 7.771621359660621639e-04
2.480794843010836303e+03 1.052004996833325379e+01 7.784392045722166075e-04
2.480801788133654100e+03 1.052004712439683054e+01 7.782961070567183523e-04
2.480808733256444611e+03 1.052059207633968185e+01 7.787645670665605240e-04
2.480815678379175552e+03 1.051973195325026289e+01 7.780851715743224324e-04
2.480822623501906037e+03 1.052008708661682590e+01 7.782730580809988936e-04
2.480829568624579224e+03 1.051948498424080469e+01 7.779379245834422809e-04
2.480836513747223762e+03 1.051849541416512501e+01 7.772975674816602230e-04
2.480843458869838287e+03 1.051920055263262732e+01 7.777273488269864773e-04
2.480850403992425072e+03 1.052186974161654831e+01 7.795940010851035683e-04
2.480857349114980479e+03 1.052120487633203538e+01 7.791132390914722126e-04
2.480864294237479498e+03 1.051978753512309339e+01 7.781306963932274048e-04
2.480871239359978063e+03 1.052104933743826720e+01 7.788741693152401429e-04
2.480878184482417510e+03 1.052099618951471705e+01 7.788425721210734658e-04
2.480885129604828762e+03 1.052009257394595210e+01 7.785861272294642170e-04
2.480892074727210911e+03 1.052062273569863216e+01 7.791799494948420867e-04
2.480899019849563956e+03 1.052125237848586536e+01 7.795932782128442299e-04
2.480905964971859248e+03 1.051835559323145830e+01 7.775585421014070834e-04
2.480912910094152721e+03 1.051786180118161518e+01 7.775589539753053519e-04
2.480919855216388896e+03 1.051560908062656097e+01 7.763047530739031633e-04
2.480926800338596877e+03 1.051799447927625941e+01 7.778360673830225129e-04
2.480933745460774844e+03 1.051592587988772998e+01 7.765521568205766131e-04
2.480940690582924162e+03 1.051389648222703244e+01 7.754183975779747147e-04
2.480947635705015273e+03 1.051334969870110392e+01 7.753092932524845377e-04
2.480954580827106383e+03 1.051516041274919289e+01 7.768753471411401655e-04
2.480961525949139286e+03 1.051187309024216532e+01 7.748339350715341455e-04
2.480968471071143085e+03 1.050996592460706403e+01 7.737052262028080779e-04
2.480975416193116871e+03 1.051143225945079429e+01 7.753362247973199237e-04
2.480982361315062462e+03 1.051071259036899441e+01 7.746096844034506840e-04
2.480989306436949846e+03 1.050849763278846538e+01 7.739798750011228244e-04
2.480996251558836775e+03 1.050478152228762951e+01 7.718136320442179526e-04
2.481003196680665951e+03 1.050372605557518746e+01 7.707341214256605661e-04
2.481010141802466478e+03 1.050175416736110456e+01 7.699594589870085212e-04
2.481017086924237447e+03 1.050263322785551701e+01 7.704969189667906478e-04
2.481024032045977947e+03 1.050046138323218869e+01 7.696164567111388362e-04
2.481030977167662513e+03 1.049963602348277547e+01 7.693239009611900188e-04
2.481037922289346170e+03 1.049824253941625507e+01 7.687496066929673435e-04
2.481044867410970255e+03 1.049537895701104873e+01 7.666287052432072500e-04
2.481051812532567510e+03 1.049907090561539214e+01 7.692693606072611165e-04
2.481058757654134752e+03 1.049716913358335546e+01 7.684980813969014262e-04
2.481065702775642876e+03 1.049443743230260040e+01 7.665529888242224700e-04
2.481072647897152819e+03 1.049092492378679609e+01 7.646263384022283522e-04
2.481079593018603191e+03 1.049244678764377880e+01 7.659535740846754037e-04
2.481086538140024004e+03 1.049242282446804531e+01 7.663558047442841541e-04
2.481093483261417077e+03 1.048927208577091896e+01 7.641868681685434891e-04
2.481100428382779683e+03 1.048843879379831279e+01 7.639448651461800809e-04
2.481107373504084990e+03 1.048737721236210518e+01 7.634058467885914898e-04
2.481114318625391206e+03 1.048633726144351996e+01 7.629361530334923197e-04
2.481121263746637851e+03 1.048498409158160172e+01 7.620689297593341615e-04
2.481128208867856301e+03 1.048651726138794871e+01 7.630423629287605208e-04
2.481135153989043829e+03 1.048343672007030847e+01 7.617174526215120733e-04
2.481142099110174968e+03 1.048338088998839090e+01 7.618726045087441954e-04
2.481149044231305197e+03 1.048203681000275722e+01 7.611246608664166708e-04
2.481155989352377219e+03 1.048361782705587686e+01 7.621821943873926045e-04
2.481162934473421046e+03 1.048059296875022106e+01 7.601658785948196568e-04
2.481169879594434860e+03 1.048066775052917876e+01 7.602809054184093062e-04
2.481176824715420480e+03 1.047999235068806279e+01 7.602630634592924628e-04
2.481183769836347437e+03 1.047851356577877446e+01 7.592761256187058935e-04
2.481190714957243927e+03 1.047863200519078575e+01 7.594845544681791015e-04
2.481197660078113586e+03 1.047841778693017112e+01 7.595988360774217057e-04
2.481204605198952777e+03 1.047503573617592920e+01 7.574690111082994825e-04
2.481211550319762409e+03 1.047767843927342568e+01 7.589128916144579793e-04
2.481218495440515653e+03 1.047506562904352023e+01 7.574569791921014188e-04
2.481225440561267533e+03 1.047727348035241057e+01 7.589344945099029240e-04
2.481232385681961659e+03 1.047630179116934102e+01 7.582758638291962026e-04
2.481239330802626682e+03 1.047618429941766038e+01 7.588482736830296990e-04
2.481246275923233497e+03 1.047631079901706919e+01 7.585250803228281609e-04
2.481253221043840313e+03 1.047370599182046469e+01 7.570929964754098988e-04
2.481260166164388920e+03 1.047419654027279456e+01 7.572538638068898901e-04
2.481267111284907969e+03 1.047663320503461470e+01 7.588658831042942874e-04
2.481274056405397914e+03 1.047318757123509592e+01 7.568475525266325733e-04
2.481281001525830106e+03 1.047400490204774570e+01 7.571956776756353378e-04
2.481287946646262753e+03 1.047527784858105626e+01 7.580918418743200562e-04
2.481294891766636283e+03 1.047704521068781958e+01 7.592671337087015474e-04
2.481301836886980709e+03 1.047540078802152408e+01 7.580022851939769660e-04
2.481308782007296941e+03 1.047403010935731515e+01 7.574990001714783025e-04
2.481315727127554510e+03 1.047360382004942991e+01 7.569928164360832960e-04
2.481322672247811170e+03 1.047530657301846979e+01 7.581134820852092468e-04
2.481329617368010986e+03 1.047206430066916738e+01 7.561780822256023403e-04
2.481336562488180789e+03 1.047470312310688456e+01 7.581311494478236868e-04
2.481343507608321943e+03 1.047377979148460447e+01 7.575038092695622529e-04
2.481350452728404889e+03 1.047212668756404241e+01 7.564038939129149371e-04
2.481357397848458277e+03 1.047224255053624731e+01 7.567262437532854512e-04
2.481364342968483015e+03 1.047498322187174580e+01 7.584786927160911242e-04
2.481371288088479105e+03 1.047371474637449751e+01 7.574591952721578588e-04
2.481378233208444726e+03 1.047159178669259205e+01 7.563114113505307488e-04
2.481385178328353049e+03 1.047109897583336569e+01 7.562081549452911566e-04
2.481392123448232269e+03 1.047039519167814881e+01 7.555757309832467810e-04
2.481399068568082384e+03 1.047079180499147810e+01 7.556074295740997527e-04
2.481406013687902941e+03 1.047068286956686478e+01 7.560540628929243029e-04
2.481412958807665746e+03 1.047084867613153314e+01 7.559341554580302274e-04
2.481419903927428095e+03 1.046813812198358917e+01 7.545266969344363150e-04
2.481426849047133146e+03 1.047120388639451960e+01 7.561478998707452841e-04
2.481433794166808184e+03 1.047063644159885243e+01 7.562251999917635106e-04
2.481440739286425014e+03 1.046921619973660000e+01 7.554392843716680340e-04
2.481447684406041844e+03 1.046827717716688788e+01 7.546600654841768797e-04
2.481454629525601376e+03 1.046602688769954881e+01 7.536739717208610625e-04
2.481461574645102701e+03 1.046858917540819256e+01 7.550468910980546056e-04
2.481468519764603116e+03 1.046593173210597882e+01 7.538036093348948708e-04
2.481475464884045323e+03 1.046496763749963321e+01 7.533925449435519527e-04
2.481482410003488440e+03 1.046234602033529448e+01 7.517774659764371462e-04
2.481489355122871984e+03 1.046278180873867214e+01 7.526713392897134078e-04
2.481496300242198231e+03 1.046159260107535083e+01 7.521497490712282475e-04
2.481503245361524478e+03 1.045914584026759719e+01 7.508216870341015252e-04
2.481510190480792517e+03 1.045951884589397274e+01 7.512236447412316224e-04
2.481517135600031907e+03 1.045850081757466832e+01 7.505782276914959835e-04
2.481524080719241283e+03 1.045434583795254113e+01 7.484310144546516995e-04
2.481531025838392907e+03 1.045418983105521349e+01 7.485524917646774667e-04
2.481537970957514972e+03 1.045264048481890207e+01 7.477035782931330593e-04
2.481544916076608388e+03 1.045098246870823999e+01 7.470587499907703228e-04
2.481551861195672245e+03 1.045010084173538800e+01 7.466855262715847664e-04
2.481558806314678350e+03 1.044811970388322564e+01 7.458383270120307051e-04
2.481565751433684909e+03 1.044461007674005870e+01 7.439555097531564895e-04
2.481572696552632806e+03 1.044516548613877305e+01 7.443733834377651510e-04
2.481579641671522040e+03 1.044193532593101281e+01 7.427827606551862900e-04
2.481586586790411275e+03 1.044247536561066170e+01 7.433155296232213990e-04
2.481593531909243211e+03 1.044145728223045211e+01 7.429606505198987736e-04
2.481600477028045134e+03 1.043858531655891575e+01 7.417001428083448786e-04
2.481607422146818408e+03 1.043614037793307148e+01 7.401294120546302860e-04
2.481614367265533474e+03 1.043788507727873949e+01 7.415339045010252428e-04
2.481621312384218982e+03 1.043438027980425176e+01 7.397706069346338988e-04
2.481628257502876295e+03 1.043222174357775955e+01 7.385350036358340545e-04
2.481635202621502685e+03 1.043116425042658690e+01 7.384976692642652779e-04
2.481642147740072687e+03 1.043031828185653609e+01 7.377394949245574514e-04
2.481649092858642689e+03 1.042794222910510982e+01 7.365917600725066516e-04
2.481656037977124015e+03 1.042703035880661844e+01 7.365123487725099352e-04
2.481662983095605796e+03 1.042580831661983076e+01 7.358065859771801718e-04
2.481669928214030733e+03 1.042351677262625032e+01 7.346827313781936417e-04
2.481676873332425203e+03 1.042400541511627488e+01 7.352560616440994342e-04
2.481683818450791023e+03 1.042194111793511802e+01 7.341739436089539600e-04
2.481690763569126830e+03 1.042112026134607561e+01 7.340014850580681149e-04
2.481697708687406703e+03 1.041816788553363970e+01 7.323872908246505282e-04
2.481704653805655653e+03 1.041823391144381716e+01 7.325807046800341966e-04
2.481711598923875044e+03 1.041880498483289230e+01 7.327661249293721153e-04
2.481718544042037593e+03 1.042038642726086017e+01 7.337596260482230886e-04
2.481725489160170582e+03 1.041744320184355210e+01 7.318708372215545870e-04
2.481732434278274013e+03 1.041605188171598506e+01 7.314361189012984427e-04
2.481739379396348340e+03 1.041788815026367843e+01 7.325471960312308038e-04
2.481746324514365369e+03 1.041802287801204230e+01 7.327529316522305488e-04
2.481753269632352385e+03 1.041777810604137500e+01 7.325682878794307533e-04
2.481760214750311206e+03 1.041768137549975570e+01 7.323545289476759718e-04
2.481767159868210456e+03 1.041727146449824204e+01 7.319893948392471820e-04
2.481774104986081511e+03 1.041879825633515466e+01 7.327593603848979583e-04
2.481781050103923917e+03 1.041748065906205767e+01 7.321971757489897665e-04
2.481787995221736310e+03 1.041941924058623492e+01 7.332537516837730682e-04
2.481794940339490495e+03 1.041864379333597057e+01 7.325519752151560390e-04
2.481801885457216031e+03 1.042046105111722376e+01 7.333342860420080959e-04
2.481808830574912918e+03 1.042043364146588047e+01 7.334658052073468560e-04
2.481815775692580246e+03 1.042161776598466361e+01 7.341916754690256883e-04
2.481822720810188912e+03 1.042137374714424070e+01 7.338177599691954279e-04
2.481829665927768929e+03 1.042085563039651142e+01 7.333625331558462843e-04
2.481836611045290738e+03 1.042230338780019139e+01 7.340368433595580557e-04
2.481843556162782534e+03 1.042331257903929753e+01 7.347605766198897406e-04
2.481850501280246590e+03 1.042327757543596434e+01 7.344847678484657831e-04
2.481857446397680178e+03 1.042496540750780376e+01 7.354367340593225607e-04
2.481864391515056923e+03 1.042448721234954334e+01 7.349266122376966331e-04
2.481871336632405018e+03 1.042653629286417072e+01 7.361638322459779357e-04
2.481878281749722191e+03 1.042689709369327211e+01 7.361552573045518529e-04
2.481885226867010715e+03 1.042779982966513508e+01 7.367397195192631077e-04
2.481892171984241941e+03 1.042800993622619998e+01 7.369804725764496876e-04
2.481899117101443153e+03 1.043081933463837885e+01 7.383656499714806587e-04
2.481906062218586158e+03 1.043027426579414119e+01 7.379681635942658257e-04
2.481913007335700968e+03 1.043028197315599215e+01 7.377551939199796698e-04
2.481919952452786674e+03 1.043212282165252702e+01 7.386388756748774563e-04
2.481926897569842367e+03 1.043362521352788086e+01 7.395863396098969296e-04
2.481933842686839853e+03 1.043343971461210451e+01 7.392507257442338048e-04
2.481940787803809144e+03 1.043153556154384987e+01 7.381077139834338980e-04
2.481947732920748422e+03 1.043154792823300525e+01 7.383359914591537199e-04
2.481954678037629037e+03 1.043254036464483470e+01 7.390469946087994393e-04
2.481961623154481913e+03 1.043121331371347971e+01 7.376562862860294419e-04
2.481968568271305230e+03 1.043025385914718939e+01 7.372228375140409172e-04
2.481975513388069885e+03 1.043005168482094902e+01 7.370229759983416536e-04
2.481982458504807255e+03 1.043172990493544816e+01 7.380152559028493268e-04
2.481989403621512793e+03 1.043351510870057552e+01 7.391840818484104710e-04
2.481996348738161487e+03 1.043281585007303036e+01 7.388845961803146246e-04
2.482003293854781077e+03 1.043174136032595456e+01 7.383786351780457233e-04
2.482010238971372019e+03 1.042835931792205706e+01 7.363116715907446234e-04
2.482017184087903843e+03 1.043056207990517592e+01 7.376443678547923901e-04
2.482024129204407018e+03 1.042982637249519939e+01 7.371347758764438965e-04
2.482031074320881544e+03 1.042960909956853044e+01 7.373172147646511873e-04
2.482038019437325602e+03 1.042830157751999565e+01 7.363102576710796798e-04
2.482044964553711907e+03 1.042830404490661067e+01 7.367629720561643661e-04
2.482051909670040914e+03 1.042712170103659552e+01 7.361052471523003892e-04
2.482058854786369466e+03 1.042894923266969265e+01 7.374628384301942308e-04
2.482065799902638901e+03 1.042567089241295619e+01 7.354333887847033964e-04
2.482072745018851492e+03 1.042506231169978648e+01 7.353054338067230820e-04
2.482079690135063174e+03 1.042378557757917434e+01 7.346227433455660783e-04
2.482086635251217558e+03 1.042330916936676743e+01 7.342225111849067735e-04
2.482093580367342383e+03 1.042325577890639110e+01 7.344428816847777854e-04
2.482100525483409001e+03 1.042282988122709853e+01 7.344162034168753546e-04
2.482107470599446060e+03 1.042212092950439839e+01 7.339204124059168100e-04
2.482114415715424911e+03 1.042157400262759381e+01 7.336189411051286229e-04
2.482121360831403763e+03 1.041852582252501058e+01 7.318941060263009892e-04
2.482128305947325316e+03 1.042094151921941858e+01 7.337073138589947840e-04
2.482135251063187752e+03 1.042019658165990315e+01 7.334008164242030283e-04
2.482142196179021994e+03 1.041720742943770972e+01 7.317040454165202757e-04
2.482149141294827132e+03 1.041750211693994643e+01 7.316576576222745933e-04
2.482156086410601347e+03 1.041691995902127132e+01 7.315335327469473913e-04
2.482163031526319628e+03 1.041378764879597263e+01 7.298158584601115682e-04
2.482169976642007896e+03 1.041411924648273057e+01 7.303666390969490614e-04
2.482176921757637501e+03 1.041308590613964924e+01 7.299652775969436500e-04
2.482183866873238003e+03 1.041064965054948033e+01 7.289312619276098549e-04
2.482190811988810310e+03 1.041128723085689600e+01 7.290662249230305068e-04
2.482225537565998820e+03 1.040479586784447008e+01 7.261024070137810310e-04
2.482232482681338297e+03 1.040310323736635922e+01 7.257661303503979864e-04
2.482239427796619566e+03 1.039995217893797808e+01 7.235278565544639266e-04
2.482246372911856270e+03 1.040115397164117006e+01 7.246335905638869902e-04
2.482253318027063870e+03 1.039886844124671939e+01 7.231039636259318755e-04
2.482260263142228723e+03 1.039822450136169252e+01 7.229114983234888282e-04
2.482267208257349012e+03 1.039951160742267433e+01 7.237834370666460914e-04
2.482274153372426099e+03 1.040005063193418167e+01 7.239170578043432631e-04
2.482281098487459985e+03 1.040016022707413867e+01 7.238355518073889914e-04
2.482288043602463404e+03 1.040106392293149007e+01 7.242867062732757412e-04
2.482294988717424076e+03 1.040060165387381197e+01 7.241814564723815517e-04
2.482301933832341092e+03 1.040393985588828940e+01 7.261814836096687010e-04
2.482308878947229914e+03 1.040191005069579333e+01 7.246823266890832678e-04
2.482315824062058709e+03 1.040420508192807603e+01 7.256824358667718832e-04
2.482322769176858856e+03 1.040279545647651993e+01 7.248938226356872174e-04
2.482329714291616256e+03 1.040458597601327284e+01 7.259466107776554400e-04
2.482336659406329545e+03 1.040593062920779310e+01 7.263946584387169590e-04
2.482343604521012821e+03 1.040729755647408084e+01 7.268857443458760911e-04
2.482350549635653351e+03 1.041020168851630601e+01 7.286736683043587874e-04
2.482357494750235674e+03 1.041062302910026816e+01 7.285057069587023591e-04
2.482364439864788892e+03 1.041312281157742170e+01 7.298719159890441552e-04
2.482371384979298909e+03 1.041256537721112707e+01 7.290305903757524943e-04
2.482378330093779368e+03 1.041401589324429722e+01 7.298411788158189846e-04
2.482385275208201165e+03 1.041661484455732456e+01 7.309079571998974021e-04
2.482392220322593857e+03 1.041696904685519343e+01 7.315529607156396425e-04
2.482399165436943804e+03 1.041741958353244613e+01 7.312469841004019290e-04
2.482406110551249185e+03 1.041931741981609782e+01 7.320403860816959013e-04
2.482413055665510910e+03 1.041824606549151255e+01 7.314863634442761355e-04
2.482420000779744896e+03 1.042220861130730292e+01 7.338214385658448340e-04
2.482426945893919765e+03 1.042250069695881720e+01 7.336070959201264948e-04
2.482433891008064165e+03 1.042013389273754598e+01 7.321541646192861359e-04
2.482440836122167184e+03 1.042044002481055642e+01 7.323706623272752559e-04
2.482447781236226092e+03 1.042405742610267438e+01 7.345006788700226066e-04
2.482454726350239525e+03 1.042276585968114944e+01 7.334608712651163832e-04
2.482461671464210667e+03 1.042314119536264627e+01 7.338669893295030966e-04
2.482468616578153160e+03 1.042551351393454517e+01 7.349560523680773649e-04
2.482475561692036990e+03 1.042357397923208495e+01 7.338230205473227248e-04
2.482482506805891717e+03 1.042230091186112517e+01 7.332060929421622400e-04
2.482489451919702333e+03 1.042321719891117837e+01 7.336817722561962988e-04
2.482496397033470657e+03 1.042376526422058092e+01 7.340329479123287306e-04
2.482503342147193507e+03 1.042451225864701492e+01 7.344681679778178015e-04
2.482510287260873156e+03 1.042341460145488341e+01 7.335434102124428106e-04
2.482517232374524610e+03 1.042373590502523406e+01 7.343503112672054118e-04
2.482524177488117857e+03 1.042487050202745280e+01 7.348238389954956989e-04
2.482531122601680636e+03 1.042349177474019228e+01 7.339801954778440518e-04
2.482538067715187026e+03 1.042272245516179829e+01 7.334441089167734748e-04
2.482545012828662038e+03 1.042266884263979421e+01 7.336314501012169281e-04
2.482551957942094305e+03 1.042284856985011920e+01 7.340102003155006246e-04
2.482558903055483825e+03 1.042131094131660873e+01 7.332889832907711972e-04
2.482565848168829689e+03 1.041884156341504131e+01 7.318430781325311859e-04
2.482572793282130988e+03 1.042135095145128609e+01 7.335860893702750079e-04
2.482579738395389086e+03 1.041786475535747769e+01 7.312693378421825010e-04
2.482586683508618535e+03 1.041929484572793463e+01 7.328482065733772470e-04
2.482593628621789321e+03 1.042076387496835643e+01 7.333245511664776258e-04
2.482600573734930094e+03 1.041855289100493209e+01 7.322435384088083572e-04
2.482607518848014024e+03 1.041629601217116985e+01 7.310833040629243548e-04
2.482614463961069305e+03 1.041476106302230775e+01 7.302137379802432771e-04
2.482621409074064104e+03 1.041531866188585198e+01 7.310446435434303806e-04
2.482628354187030709e+03 1.041205783717550482e+01 7.290208606024040474e-04
2.482635299299955022e+03 1.041062852677463724e+01 7.284808973481564929e-04
2.482642244412833861e+03 1.040907810437106917e+01 7.276902573848455539e-04
2.482649189525655856e+03 1.040970790980534488e+01 7.285315224811368413e-04
2.482656134638447838e+03 1.040562500711900107e+01 7.263493684418972657e-04
2.482663079751197529e+03 1.040584499416478970e+01 7.266432651427978152e-04
2.482670024863901745e+03 1.040446862798638250e+01 7.260400205412446571e-04
2.482676969976562759e+03 1.040349700732773641e+01 7.254945022813829658e-04
2.482683915089181028e+03 1.040399783199205430e+01 7.259601505065449390e-04
2.482690860201754731e+03 1.040178899044696692e+01 7.248228160878489573e-04
2.482697805314299330e+03 1.040012992353745958e+01 7.239411012691015839e-04
2.482704750426787086e+03 1.040112824582191564e+01 7.248088229973039497e-04
2.482711695539229368e+03 1.039847501071545821e+01 7.234385745038266402e-04
2.482718640651628903e+03 1.039833967072500265e+01 7.234357589444184071e-04
2.482725585763984782e+03 1.039576742273906618e+01 7.217079696968381605e-04
2.482732530876297005e+03 1.039708417035684818e+01 7.228257808473729455e-04
2.482739475988566028e+03 1.039689676442323041e+01 7.228912108016034149e-04
2.482746421100805037e+03 1.039579484898031581e+01 7.221818530755975919e-04
2.482753366212986293e+03 1.039700008193538672e+01 7.229897990030456374e-04
2.482760311325124349e+03 1.039486420517342324e+01 7.217585124764551224e-04
2.482767256437216929e+03 1.039648404144894300e+01 7.226945414547220579e-04
2.482774201549268128e+03 1.039651429547652839e+01 7.230463051590464447e-04
2.482781146661274761e+03 1.039714003524869490e+01 7.232055820313891071e-04
2.482788091773237284e+03 1.039587062587751731e+01 7.221304775733860832e-04
2.482795036885156605e+03 1.039528895270258602e+01 7.219508540953514754e-04
2.482801981997032271e+03 1.039589487845731419e+01 7.221689049030912896e-04
2.482808927108863827e+03 1.039825958494413172e+01 7.237883773820681437e-04
2.482815872220652636e+03 1.039808014331363673e+01 7.236764850820004208e-04
2.482822817332396880e+03 1.039693884857051565e+01 7.228556914390754868e-04
2.482829762444098378e+03 1.039979640195794452e+01 7.243147558848254258e-04
2.482836707555755311e+03 1.039677158591650752e+01 7.221157275552720581e-04
2.482843652667354036e+03 1.039950044591620681e+01 7.237176533008060544e-04
2.482850597778924566e+03 1.040323140403464386e+01 7.263452281540919587e-04
2.482857542890450532e+03 1.040436849004883157e+01 7.267010715814239009e-04
2.482864488001918289e+03 1.040459069518438184e+01 7.263650658010959923e-04
2.482871433113344210e+03 1.040673323217218282e+01 7.274780257957619463e-04
2.482878378224739208e+03 1.040682932200349775e+01 7.271116799695445491e-04
2.482885323336075999e+03 1.040689379710608620e+01 7.271633920586280386e-04
2.482892268447369133e+03 1.041013134099740967e+01 7.287680356827997861e-04
2.482899213558619067e+03 1.041081281155654636e+01 7.291774280274616882e-04
2.482906158669825800e+03 1.041207279373132089e+01 7.294675514065608471e-04
2.482913103780988422e+03 1.041332493874194931e+01 7.301660391525922758e-04
2.482920048892106934e+03 1.041464340323515358e+01 7.308258825888568674e-04
2.482926994003182699e+03 1.041479046673697439e+01 7.306329351561224004e-04
2.482933939114199347e+03 1.041780735487825638e+01 7.324998439201496452e-04
2.482940884225186892e+03 1.041769415145236977e+01 7.319331299212903470e-04
2.482947829336117138e+03 1.041951576786044598e+01 7.332481272886255327e-04
2.482954774447002819e+03 1.041973338738205435e+01 7.327563051329948150e-04
2.482961719557845754e+03 1.042189183774214456e+01 7.340808679466045809e-04
2.482968664668644124e+03 1.041963394115650132e+01 7.328309646051375890e-04
2.482975609779398837e+03 1.042309212314938094e+01 7.344157491309017153e-04
2.482982554890110350e+03 1.042243321873216644e+01 7.342868968457953380e-04
2.482989500000764110e+03 1.042289893588133864e+01 7.341654894996104980e-04
2.482996445111388311e+03 1.042403440377503721e+01 7.349719963010481255e-04
2.483003390221954760e+03 1.042382845190255480e+01 7.350527430844398281e-04
2.483010335332475734e+03 1.042517528779097802e+01 7.356202197698147403e-04
2.483017280442954416e+03 1.042389833428885382e+01 7.349459604779788125e-04
2.483024225553390352e+03 1.042330565553613653e+01 7.344528454019170040e-04
2.483031170663766716e+03 1.042481068556857871e+01 7.354415301795908574e-04
2.483038115774098969e+03 1.042311388128661598e+01 7.341927665291046691e-04
2.483045060884403938e+03 1.042601565868807434e+01 7.360101648807295619e-04
2.483052005994649789e+03 1.042513747141211233e+01 7.354738400427393054e-04
2.483058951104851985e+03 1.042480514456854834e+01 7.352885818229395022e-04
2.483065896214995064e+03 1.042455675164336171e+01 7.355628791769640209e-04
2.483072841325110403e+03 1.042321775138323758e+01 7.344612153100615014e-04
2.483079786435167989e+03 1.042420789817780324e+01 7.352492035929070668e-04
2.483086731545179646e+03 1.042374808320915314e+01 7.349620035733823954e-04
2.483093676655149466e+03 1.042364512637466056e+01 7.351194193529413763e-04
2.483100621765061078e+03 1.042253799603125053e+01 7.346575735477366446e-04
2.483107566874942677e+03 1.042246337279250312e+01 7.343888347701681271e-04
2.483114511984766068e+03 1.042071617562807617e+01 7.335344286620301213e-04
2.483121457094545804e+03 1.042039110050729533e+01 7.335986774568136479e-04
2.483128402204283702e+03 1.041879414682070859e+01 7.326192559558741173e-04
2.483135347313961574e+03 1.041699986738868233e+01 7.313562797166930137e-04
2.483142292440606070e+03 1.041820285476369534e+01 7.325202794936852080e-04
2.483149237550197995e+03 1.041674737145149976e+01 7.315110568567801449e-04
2.483156182659745355e+03 1.041826113090754191e+01 7.329145705641481028e-04
2.483163127769234507e+03 1.041576654230568089e+01 7.316374882380432447e-04
2.483170072878694555e+03 1.041585472650440636e+01 7.312849247710142284e-04
2.483177017988095940e+03 1.041477240370249824e+01 7.310550551900992216e-04
2.483183963097440028e+03 1.041639667737480757e+01 7.321005480409618557e-04
2.483190908206754102e+03 1.041417709390197999e+01 7.306791402462216745e-04
2.483197853316009969e+03 1.041425495311909799e+01 7.309605842485318323e-04
2.483204798425223544e+03 1.041349789167925621e+01 7.303788553253135656e-04
2.483211743534377547e+03 1.041282314810457166e+01 7.300708663417830157e-04
2.483218688643487894e+03 1.041305510646794374e+01 7.301641129946885274e-04
2.483225633752555950e+03 1.041173489111060846e+01 7.296447789169391903e-04
2.483232578861578531e+03 1.041260998940467708e+01 7.302945903251198802e-04
2.483239523970543360e+03 1.041409920631048713e+01 7.312573464937855089e-04
2.483246469079465896e+03 1.041193366228153039e+01 7.298120750441881334e-04
2.483253414188343413e+03 1.041200656318474671e+01 7.301776446078023968e-04
2.483260359297177274e+03 1.041121440945437371e+01 7.297825483833110917e-04
2.483267304405953382e+03 1.041113304017143726e+01 7.294012936868216794e-04
2.483274249514671283e+03 1.041007035686018689e+01 7.287384830902180442e-04
2.483281194623360989e+03 1.041018421359296298e+01 7.288544704353100900e-04
2.483288139731990668e+03 1.041159138601285505e+01 7.297906321832109628e-04
2.483295084840577601e+03 1.041201845255318759e+01 7.298269527462082499e-04
2.483302029949107236e+03 1.041237419228361638e+01 7.299617693505536416e-04
2.483308975057590942e+03 1.041315022508505628e+01 7.303534601875117868e-04
2.483315920166031901e+03 1.041178166816241202e+01 7.293363310107203778e-04
2.483322865274416017e+03 1.041603999866106633e+01 7.319874760129025130e-04
2.483329810382756023e+03 1.041545247097748295e+01 7.311903236124099245e-04
2.483336755491037366e+03 1.041758565723434593e+01 7.322085928396410192e-04
2.483343700599288240e+03 1.041923898088107769e+01 7.328744456545986229e-04
2.483350645707468630e+03 1.041924580662700706e+01 7.327207235848570352e-04
2.483357590815619005e+03 1.042285412964722369e+01 7.348332689155168650e-04
2.483364535923710719e+03 1.042370248009236633e+01 7.349562702048194991e-04
2.483371481031744224e+03 1.042369353630830631e+01 7.347235691954337932e-04
2.483378426139749990e+03 1.042772617228368581e+01 7.369859319812684237e-04
2.483385371247682087e+03 1.042758361092641728e+01 7.366707919138799909e-04
2.483392316355584626e+03 1.043230151997002864e+01 7.394717799194403451e-04
2.483399261463428957e+03 1.043254586434209052e+01 7.389407801522649430e-04
2.483406206571215989e+03 1.043433865854330378e+01 7.402539896229296803e-04
2.483413151678959366e+03 1.043434306537131917e+01 7.395623084922276717e-04
2.483420096786657268e+03 1.043749123022767655e+01 7.412636154174462050e-04
2.483427041894298782e+03 1.043571258363417797e+01 7.396317311961633301e-04
2.483433987001897094e+03 1.044112015595589327e+01 7.428781221356523792e-04
2.483440932109436289e+03 1.044136627607990064e+01 7.429144686542983210e-04
2.483447877216930920e+03 1.044221362714245949e+01 7.431223017660661600e-04
2.483454822324382803e+03 1.044480560886743525e+01 7.441607663784197135e-04
2.483461767431776934e+03 1.044778193556684975e+01 7.462646612232278192e-04
2.483468712539112857e+03 1.044781799846225923e+01 7.457707091923904521e-04
2.483475657646403306e+03 1.044617899501205827e+01 7.448866165439884399e-04
2.483482602753636911e+03 1.044620158891940420e+01 7.448233954482875400e-04
2.483489547860841412e+03 1.044644348445818949e+01 7.448217117458036819e-04
2.483496492967973154e+03 1.044609168837857993e+01 7.450395579037797809e-04
2.483503438075062149e+03 1.044726475810302091e+01 7.450391902669169881e-04
2.483510383182098849e+03 1.045108305401292981e+01 7.475357522904956496e-04
2.483517328289085071e+03 1.045100464347122760e+01 7.472823943591078068e-04
2.483524273396019908e+03 1.045400205882970646e+01 7.491611410417956798e-04
2.483531218502904267e+03 1.045142841031011827e+01 7.472307268259104247e-04
2.483538163609738149e+03 1.045184230699103267e+01 7.475326830654868476e-04
2.483545108716520190e+03 1.045112925626395750e+01 7.472170629082555346e-04
2.483552053823251299e+03 1.045366336796443107e+01 7.489934285908193996e-04
2.483558998929933296e+03 1.045112716532991470e+01 7.472036261848187273e-04
2.483565944036555265e+03 1.045237201649945646e+01 7.476919063815904223e-04
2.483572889143133580e+03 1.045269409382394343e+01 7.478713676969517667e-04
2.483579834249653686e+03 1.045085114933295323e+01 7.468278286429715519e-04
2.483586779356131046e+03 1.045286002318501417e+01 7.483873393644665303e-04
2.483593724462549289e+03 1.045251118519305678e+01 7.479963042702849783e-04
2.483600669568917510e+03 1.045320905510633125e+01 7.485557127081500159e-04
2.483607614675233890e+03 1.045361569830582127e+01 7.487925357429266616e-04
2.483614559781492972e+03 1.045128260800860076e+01 7.473773251355839533e-04
2.483621504887706578e+03 1.044898414708190160e+01 7.458003091221128032e-04
2.483628449993863342e+03 1.045046313159924090e+01 7.469938041397407389e-04
2.483635395099970083e+03 1.045197443887011879e+01 7.476160373780875966e-04
2.483642340206024983e+03 1.044859990463940136e+01 7.456909337071025452e-04
2.483649285312028496e+03 1.045071340373130653e+01 7.472021264452314345e-04
2.483656230417974257e+03 1.044912469470276761e+01 7.463811572957680532e-04
2.483663175523876362e+03 1.044897848464532508e+01 7.462305295647667829e-04
2.483670120629721168e+03 1.044856025013075040e+01 7.459292352910882554e-04
2.483677065735506403e+03 1.044755073900155296e+01 7.454819875001880529e-04
2.483684010841247982e+03 1.044798236422779425e+01 7.456748917119738898e-04
2.483690955946932263e+03 1.044677001627758806e+01 7.451259936923962900e-04
2.483697901052557427e+03 1.044519531466058027e+01 7.442713603224585190e-04
2.483704846158138935e+03 1.044758511941405210e+01 7.458203664611383560e-04
2.483711791263663144e+03 1.044792522780955757e+01 7.459563260926339997e-04
2.483718736369135968e+03 1.044846429895770790e+01 7.461763168147233062e-04
2.483725681474551038e+03 1.044739697674199519e+01 7.455473785405278579e-04
2.483732626579921543e+03 1.044763293289491912e+01 7.455200794268195636e-04
2.483739571685226565e+03 1.044728427777503299e+01 7.456483604628466513e-04
2.483746516790489295e+03 1.044856500226776319e+01 7.462454540425006271e-04
2.483753461895692453e+03 1.044603927288085288e+01 7.445985291468076037e-04
2.483760407000838313e+03 1.044531433548833377e+01 7.439818020000829937e-04
2.483767352105932332e+03 1.044581584923031770e+01 7.447828438078226993e-04
2.483774297210975419e+03 1.044806704476702741e+01 7.457985980368494160e-04
2.483781242315961208e+03 1.044931836814714998e+01 7.468381987575299598e-04
2.483788187420894246e+03 1.044850489185655285e+01 7.461811539196640730e-04
2.483795132525778627e+03 1.044874553401991157e+01 7.461402898896272312e-04
2.483802077630604344e+03 1.044971002225035406e+01 7.466747067707602036e-04
2.483809022735370490e+03 1.045219800007705402e+01 7.480249183840162073e-04
2.483815967840086614e+03 1.045224902081406881e+01 7.477099240771095841e-04
2.483822912944744985e+03 1.045147323918000382e+01 7.472910539740976231e-04
2.483829858049351969e+03 1.045021758711852300e+01 7.463686039227290661e-04
2.483836803153901201e+03 1.045262201512524491e+01 7.475632370100813995e-04
2.483843748258397682e+03 1.045537184366271610e+01 7.490175734453687062e-04
2.483850693362837774e+03 1.045501839606905392e+01 7.487047732325718226e-04
2.483857638467226934e+03 1.045765805667795156e+01 7.501293352779180457e-04
2.483864583571556523e+03 1.046009013861178261e+01 7.518189782207856421e-04
2.483871528675828358e+03 1.045836060740628071e+01 7.497654296410871406e-04
2.483878473780051081e+03 1.046056962528252932e+01 7.513379773116156748e-04
2.483885418884214232e+03 1.046181011067420918e+01 7.514545062906922371e-04
2.483892363988326451e+03 1.046711092286017397e+01 7.546523295410397176e-04
2.483899309092379553e+03 1.046575868293842859e+01 7.534522403369451650e-04
2.483906254196375357e+03 1.046758211017908380e+01 7.542093006986629522e-04
2.483913199300321139e+03 1.046945611767462481e+01 7.553237469327552488e-04
2.483920144404207349e+03 1.047001946337930889e+01 7.551459670649809724e-04
2.483927089508034896e+03 1.047183238817278017e+01 7.561642103013617531e-04
2.483934034611813331e+03 1.047345677834287692e+01 7.567991052340598043e-04
2.483940979715525373e+03 1.047548627020755063e+01 7.581813446191407570e-04
2.483947924819193759e+03 1.047570489619118561e+01 7.582667682768597268e-04
2.483954869922796206e+03 1.047480273835217091e+01 7.569492643714873003e-04
2.483961815026340901e+03 1.047808600987736050e+01 7.590091067117153614e-04
2.483968760129836028e+03 1.047844013566468568e+01 7.589424373300270900e-04
2.483975705233269764e+03 1.048188417488578672e+01 7.611592188610826534e-04
2.483982650336654388e+03 1.048043885111961870e+01 7.604352586162210553e-04
2.483989595439973982e+03 1.048244003375826239e+01 7.612478826012681644e-04
2.483996540543243100e+03 1.048296304820475910e+01 7.614563705726152187e-04
2.484003485646445370e+03 1.048391010271311785e+01 7.617198968417824819e-04
2.484010430749595798e+03 1.048489848374200761e+01 7.624671099648222582e-04
2.484017375852690748e+03 1.048433516085078132e+01 7.619712792553025435e-04
2.484024320955733856e+03 1.048599582338298930e+01 7.627981030171538052e-04
2.484031266058709662e+03 1.048333382783890499e+01 7.610334069477039855e-04
2.484038211161628624e+03 1.048347929345390028e+01 7.610251586575749513e-04
2.484045156264497109e+03 1.048477170573296391e+01 7.626034955411898318e-04
2.484052101367307387e+03 1.048559478559131009e+01 7.624744267869824552e-04
2.484059046470051726e+03 1.048523995633957462e+01 7.621598393551810543e-04
2.484065991572743769e+03 1.048734048978578670e+01 7.636310942634555151e-04
2.484072936675379424e+03 1.048626961913916134e+01 7.628896910923738594e-04
2.484079881777956871e+03 1.048392049976225771e+01 7.612748267831698570e-04
2.484086826880467925e+03 1.048684966070969793e+01 7.631169749069809799e-04
2.484093771982928502e+03 1.048826521641321463e+01 7.642813778328472673e-04
2.484100717085330871e+03 1.048477586437473619e+01 7.620263590013478128e-04
2.484107662187675942e+03 1.048271453510124118e+01 7.608050065507508588e-04
2.484114607289961441e+03 1.048377407382483995e+01 7.614433448667921270e-04
2.484121552392181002e+03 1.048129024305250567e+01 7.600364657930776778e-04
2.484128497494350995e+03 1.048147591256175382e+01 7.603089264165660858e-04
2.484135442596462781e+03 1.047967012925305141e+01 7.594450637158331506e-04
2.484142387698508173e+03 1.047970252943746772e+01 7.597250784386832233e-04
2.484149332800498996e+03 1.047836289945215071e+01 7.588204630827334032e-04
2.484156277902432976e+03 1.047774505199516781e+01 7.587812674668128424e-04
2.484163223004304655e+03 1.047819193241673830e+01 7.590760008270600132e-04
2.484170168106116762e+03 1.047761158527232261e+01 7.588142032243178157e-04
2.484177113207871116e+03 1.047699183766275866e+01 7.586975922403168095e-04
2.484184058309564989e+03 1.047496771270483507e+01 7.573598665479849357e-04
2.484191003411199745e+03 1.047438420094063360e+01 7.569168091906806634e-04
2.484197948512772200e+03 1.047316847719712030e+01 7.561835652284804553e-04
2.484204893614290540e+03 1.047533127433598921e+01 7.578150489612158402e-04
2.484211838715747035e+03 1.047345183302497951e+01 7.565097554911054834e-04
2.484218783817142139e+03 1.047343038446567043e+01 7.565308429834601044e-04
2.484225728918478126e+03 1.047360787740875132e+01 7.566210224583561029e-04
2.484232674019752267e+03 1.047457876428601153e+01 7.572657213084148199e-04
2.484239619120969564e+03 1.047505313324612430e+01 7.576318507090425277e-04
2.484246564222124107e+03 1.047541934794303309e+01 7.576491599374392651e-04
2.484253509323216349e+03 1.047520381019974423e+01 7.575179479797684466e-04
2.484260454424254021e+03 1.047569135134882856e+01 7.577767527524111209e-04
2.484267399525227120e+03 1.047572800737453136e+01 7.576352126797472868e-04
2.484274344626141101e+03 1.047683780789841990e+01 7.581184616273454070e-04
2.484281289726994146e+03 1.047661048452619781e+01 7.580716404946261132e-04
2.484288234827783981e+03 1.047697378595880657e+01 7.580699117528079053e-04
2.484295179928513335e+03 1.047975668417826434e+01 7.597286461459588826e-04
2.484302125029184936e+03 1.047880720758409367e+01 7.591571005718859930e-04
2.484309070129793326e+03 1.047844467416181757e+01 7.586576138620047772e-04
2.484316015230339417e+03 1.047945628333617840e+01 7.592518081846853653e-04
2.484322960330825026e+03 1.047879086409184346e+01 7.587295091043209623e-04
2.484329905431251973e+03 1.048151333000628149e+01 7.603772500349225772e-04
2.484336850531612981e+03 1.047976767936656195e+01 7.591257994872186495e-04
2.484343795631913054e+03 1.048118456979255342e+01 7.600411395083764591e-04
2.484350740732154918e+03 1.048313643269060158e+01 7.611363375580609695e-04
2.484357685832334937e+03 1.048350551573567913e+01 7.612682567440129345e-04
2.484364630932449018e+03 1.048396142504203610e+01 7.615387846127418285e-04
2.484371576032503981e+03 1.048517523069173052e+01 7.618517025524466869e-04
2.484378521132494370e+03 1.048650239319271549e+01 7.627096022845332056e-04
2.484385466232422914e+03 1.048676165238039282e+01 7.624155658332143872e-04
2.484392411332293705e+03 1.048593359567346361e+01 7.618578223031890898e-04
2.484399356432098557e+03 1.048701661448356326e+01 7.623382992437692952e-04
2.484406301531837471e+03 1.049008625285271457e+01 7.641291584507296439e-04
2.484413246631519087e+03 1.049319095571728866e+01 7.659193877421259468e-04
2.484420191731134764e+03 1.049284971003610245e+01 7.656526969399084746e-04
2.484427136830691779e+03 1.049384003991730197e+01 7.660526312395626045e-04
2.484434081930184220e+03 1.049450742731579567e+01 7.660067895873057600e-04
2.484441027029610268e+03 1.049494602523486009e+01 7.661160223009038078e-04
2.484447972128974925e+03 1.049569625750055124e+01 7.662920612438712089e-04
2.484454917228277736e+03 1.050035151833783509e+01 7.689300441076523437e-04
2.484461862327518247e+03 1.049877696715859443e+01 7.676945743721505077e-04
2.484468807426695093e+03 1.050273958435966470e+01 7.699004213884544151e-04
2.484475752525806001e+03 1.050374431520186036e+01 7.702033543162698035e-04
2.484482697624854154e+03 1.050433355228163279e+01 7.704286880127266283e-04
2.484489642723838188e+03 1.050255549021015788e+01 7.693009542249431990e-04
2.484496587822759011e+03 1.050949344784810791e+01 7.737309508770028217e-04
2.484503532921618444e+03 1.050691350927276346e+01 7.712409776875497024e-04
2.484510478020411483e+03 1.050986589967460105e+01 7.730699168503274649e-04
2.484517423119141313e+03 1.050983965247641549e+01 7.729919901503075558e-04
2.484524368217806568e+03 1.051248034052360225e+01 7.744644382864680895e-04
2.484531313316409069e+03 1.051144213358812429e+01 7.737218449176204611e-04
2.484538258414946540e+03 1.051186190279630139e+01 7.740781360010846185e-04
2.484545203513417619e+03 1.051276027951946368e+01 7.744187495224586631e-04
2.484552148611824123e+03 1.051103601541130494e+01 7.733457052258634274e-04
2.484559093710168781e+03 1.051145555388395358e+01 7.734889171865373496e-04
2.484566038808448411e+03 1.051080775531369582e+01 7.732773178025060482e-04
2.484572983906663012e+03 1.051081578944456041e+01 7.729129035291365480e-04
2.484579929004810765e+03 1.051346062484628163e+01 7.749405633923581605e-04
2.484586874102895308e+03 1.051327870068656622e+01 7.745487416832899912e-04
2.484593819200915277e+03 1.051446242783246809e+01 7.753569788553027432e-04
2.484600764298870672e+03 1.051186421792234782e+01 7.736051330551347444e-04
2.484607709396756945e+03 1.051279130961182773e+01 7.740314431958986033e-04
2.484614654494581373e+03 1.051398109241279855e+01 7.749663487905658534e-04
2.484621599592340317e+03 1.051312818220046985e+01 7.744168163123829173e-04
2.484628544690032868e+03 1.051340233239797683e+01 7.749108531268032165e-04
2.484635489787660845e+03 1.051407321085556035e+01 7.752265468805137009e-04
2.484642434885221519e+03 1.051288234548039213e+01 7.741670706843302181e-04
2.484649379982718074e+03 1.051202516142641130e+01 7.737854146717919454e-04
2.484656325080149145e+03 1.051031577110445880e+01 7.730287252940813442e-04
2.484663270177512459e+03 1.050940844138820118e+01 7.724298508135637401e-04
2.484670215274810289e+03 1.051154628360132826e+01 7.738886149043692044e-04
2.484677160372041726e+03 1.051178999816820081e+01 7.737824965520584625e-04
2.484684105469208134e+03 1.050975447419687114e+01 7.724601498663659404e-04
2.484691050566308149e+03 1.051113992584431500e+01 7.735578696130209365e-04
2.484697995663339498e+03 1.051001428344453892e+01 7.729088621849531998e-04
2.484704940760306272e+03 1.050734194047349312e+01 7.710419795678406666e-04
2.484711885857208472e+03 1.050933529115840948e+01 7.722771073317366303e-04
2.484718830954040641e+03 1.050560269451204221e+01 7.702623477396510583e-04
2.484725776050807326e+03 1.050717691069141324e+01 7.711741874681674134e-04
2.484732721147508073e+03 1.051000535903379962e+01 7.732183154112957100e-04
2.484739666244141972e+03 1.050948036790846452e+01 7.725789853217950769e-04
2.484746611340709023e+03 1.050958744119867916e+01 7.726976226881348110e-04
2.484753556437207408e+03 1.050855179941206430e+01 7.718954229934217376e-04
2.484760501533639854e+03 1.050918921889380186e+01 7.725406845377306986e-04
2.484767446630005907e+03 1.050836998875201722e+01 7.719037485917686504e-04
2.484774391726303293e+03 1.050737493137167888e+01 7.713283441285691180e-04
2.484781336822534286e+03 1.051014628682287722e+01 7.735269838758283226e-04
2.484788281918697066e+03 1.050925528259535824e+01 7.723839751828006890e-04
2.484795227014792999e+03 1.050719081513639885e+01 7.712885360816373794e-04
2.484802172110822085e+03 1.051099431836682285e+01 7.734184054545033054e-04
2.484809117206782503e+03 1.051194979432193932e+01 7.739391381181860144e-04
2.484816062302676073e+03 1.051048547235662767e+01 7.729593329279255002e-04
2.484823007398500977e+03 1.051248694406202233e+01 7.742330912128497040e-04
2.484829952494259032e+03 1.051328975800046450e+01 7.746706137047006460e-04
2.484836897589948421e+03 1.051585567223769502e+01 7.764633328628057010e-04
2.484843842685569143e+03 1.051452409400353005e+01 7.759705976149874028e-04
2.484850787781123927e+03 1.051733394258410925e+01 7.786392941703798110e-04
2.484857732876610953e+03 1.052091441372153113e+01 7.822968688195762119e-04
2.484864677972027948e+03 1.052174498972649985e+01 7.844570635697167794e-04
2.484871623067377186e+03 1.052006044226284587e+01 7.860077031331232566e-04
2.484878568162657757e+03 1.052436884990260246e+01 7.919409456292087097e-04
2.484885513257870116e+03 1.052553061456560712e+01 7.961403686691104079e-04
2.484892458353015172e+03 1.052765481237600476e+01 8.013805213960168306e-04
2.484899403448090197e+03 1.053122616250213994e+01 8.085627298834406618e-04
2.484906348543098375e+03 1.053248900246567210e+01 8.143548920134224258e-04
2.484913293638037885e+03 1.053403950159226632e+01 8.209092127552509001e-04
2.484920238732908729e+03 1.053708474483330448e+01 8.289185422352031299e-04
2.484927183827710905e+03 1.053977977511476638e+01 8.366569461608265200e-04
2.484934128922444870e+03 1.054408142818246219e+01 8.449734897307272733e-04
2.484941074017106985e+03 1.053953141617570921e+01 8.472177579086186128e-04
2.484948019111703616e+03 1.054588996131734646e+01 8.573241009356121021e-04
2.484954964206230215e+03 1.055011239099007270e+01 8.657561516429237731e-04
2.484961909300689058e+03 1.054859821674566511e+01 8.686816123631625102e-04
2.484968854395077869e+03 1.055377316727549442e+01 8.764993232454827742e-04
2.484975799489397104e+03 1.055366474610293537e+01 8.797576480434550527e-04
2.484982744583649037e+03 1.055524239315363744e+01 8.838154206098896171e-04
2.484989689677831848e+03 1.055857503366345540e+01 8.891175198477380224e-04
2.484996634771942809e+03 1.055832201192961151e+01 8.912200303969288655e-04
2.485003579865986467e+03 1.055894954358321947e+01 8.938678875108341509e-04
2.485010524959962822e+03 1.056232348816262778e+01 8.984344967943317306e-04
2.485017470053870056e+03 1.056163027118765996e+01 8.999433856032005739e-04
2.485024415147704531e+03 1.056729595299282565e+01 9.062738317360727845e-04
2.485031360241470793e+03 1.056668050481568955e+01 9.080476674083976874e-04
2.485038305335170662e+03 1.056859909811525711e+01 9.111682939325749632e-04
2.485045250428797772e+03 1.056356034672506539e+01 9.091405300772020890e-04
2.485052195522358033e+03 1.057157934729855064e+01 9.174250821277424653e-04
2.485059140615849174e+03 1.056809572499191852e+01 9.164156213208039022e-04
2.485066085709270737e+03 1.057282145065164691e+01 9.223504541634609116e-04
2.485073030802622270e+03 1.057210265457466392e+01 9.233690706834641292e-04
2.485079975895906955e+03 1.057249913520599804e+01 9.257461131694464393e-04
2.485086920989118880e+03 1.057120812131192267e+01 9.270760484024903342e-04
2.485093866082262593e+03 1.057333741183551190e+01 9.313035139901423018e-04
2.485100811175338094e+03 1.057451607614359546e+01 9.351381789902514030e-04
2.485107756268343110e+03 1.057315627630790544e+01 9.366627261042999482e-04
2.485114701361279913e+03 1.056989412039165899e+01 9.368771061323907670e-04
2.485121646454146685e+03 1.057099259096076516e+01 9.405382777282228924e-04
2.485128591546944335e+03 1.057007804836113252e+01 9.427740358633185640e-04
2.485135536639673774e+03 1.057125582635820393e+01 9.470706045828318747e-04
2.485142481732334090e+03 1.056988561644297420e+01 9.494100051687827521e-04
2.485149426824924376e+03 1.057374444682453074e+01 9.559281104905884528e-04
2.485156371917445995e+03 1.056648532973926535e+01 9.526980706564477930e-04
2.485163317009898037e+03 1.056877753538620546e+01 9.579080611067614060e-04
2.485170262102278684e+03 1.056860630639743448e+01 9.612561711134220022e-04
2.485177207194592938e+03 1.057009899263739960e+01 9.648598653089586951e-04
2.485184152286838071e+03 1.057180763374748267e+01 9.689709134583807549e-04
2.485191097379014082e+03 1.056748712762549580e+01 9.676127370542859495e-04
2.485198042471120516e+03 1.056586656673069591e+01 9.683762525060460877e-04
2.485204987563162376e+03 1.056766520879426352e+01 9.716776593664265852e-04
2.485211932655130568e+03 1.056767674659951339e+01 9.731474668061174680e-04
2.485218877747032820e+03 1.056182200649083214e+01 9.695414503748964272e-04
2.485225822838864133e+03 1.055703888683741454e+01 9.662105091439868523e-04
2.485232767930629507e+03 1.056503372648370132e+01 9.739348761076800859e-04
2.485239713022322576e+03 1.055687789145202515e+01 9.670904927525019812e-04
2.485246658113948797e+03 1.055981478178027366e+01 9.699610599277863447e-04
2.485253603205509080e+03 1.055697741761056996e+01 9.678128101902613118e-04
2.485260548296997968e+03 1.055942527918601925e+01 9.700261668546983785e-04
2.485274438479775199e+03 1.055956739979674275e+01 9.699014221412060070e-04
2.485281383571063088e+03 1.055667680238810391e+01 9.673986375662911672e-04
2.485288328662281856e+03 1.056224672236346862e+01 9.717765436183938314e-04
2.485295273753432411e+03 1.055795340894074030e+01 9.679202445426215475e-04
2.485302218844517938e+03 1.055956982636191732e+01 9.690218422269010999e-04
2.485309163935532524e+03 1.055723702330635128e+01 9.666824108499929820e-04
2.485316109026478898e+03 1.055695793618937373e+01 9.660817040046872648e-04
2.485323054117363881e+03 1.055696719032792075e+01 9.661277563434977076e-04
2.485329999208174740e+03 1.055978285178302478e+01 9.685142820649001545e-04
2.485336944298925573e+03 1.056436127260879054e+01 9.723532669676157852e-04
2.485343889389606375e+03 1.055937738833089234e+01 9.678341033293913660e-04
2.485350834480221238e+03 1.056022541351867439e+01 9.683400813359806366e-04
2.485357779570767889e+03 1.056464374944085449e+01 9.723897562947644889e-04
2.485364724661251785e+03 1.056500154484751341e+01 9.725216881274142706e-04
2.485371669751667923e+03 1.056611003030229234e+01 9.738594300722041826e-04
2.485378614842017669e+03 1.056941413002311059e+01 9.767749581518683083e-04
2.485385559932301021e+03 1.056724780808107766e+01 9.751827024179427145e-04
2.487184341410257730e+03 1.054060307199668856e+01 7.776173959246964352e-04
2.487191286556461819e+03 1.053859822618884579e+01 7.768629550454562559e-04
2.487198231702971043e+03 1.053986887509449843e+01 7.775017142773432135e-04
2.487205176849784948e+03 1.053583823674748743e+01 7.755113884533801349e-04
2.487212121996905807e+03 1.053135823827850892e+01 7.725264137660468660e-04
2.487219067144317705e+03 1.052947756470472918e+01 7.719899291165202094e-04
2.487226012292021551e+03 1.052652265504461582e+01 7.702882449258744444e-04
2.487232957439999154e+03 1.052477176387462166e+01 7.697379591016205447e-04
2.487239902588254154e+03 1.052285900497539295e+01 7.685931382156638812e-04
2.487246847736787004e+03 1.051791585597014489e+01 7.661256549826449313e-04
2.487253792885595885e+03 1.051976176300637178e+01 7.677372010579715939e-04
2.487260738034651695e+03 1.051568370501960814e+01 7.657012477927214881e-04
2.487267683183969893e+03 1.050957750894912479e+01 7.623600387505799058e-04
2.487274628333534565e+03 1.050881235265391922e+01 7.622254356558546542e-04
2.487281573483347074e+03 1.050500986424831318e+01 7.601799393085525297e-04
2.487288518633393323e+03 1.050195895699722293e+01 7.588934152852500493e-04
2.487295463783685591e+03 1.050005389242137177e+01 7.579041817459385025e-04
2.487302408934211599e+03 1.049836082544912230e+01 7.573511976981579406e-04
2.487309354084955885e+03 1.049573628541800119e+01 7.565080359033152886e-04
2.487316299235917540e+03 1.049319299786427706e+01 7.547317294200266797e-04
2.487323244387097930e+03 1.049307266153011753e+01 7.555429756682701314e-04
2.487330189538495688e+03 1.048822041578688591e+01 7.523358939318698516e-04
2.487337134690098992e+03 1.048629558859973443e+01 7.516904485664368781e-04
2.487344079841906023e+03 1.048419319035094865e+01 7.506660880278097445e-04
2.487351024993915416e+03 1.048424153979269668e+01 7.508299388752472450e-04
2.487357970146100342e+03 1.048191168073948809e+01 7.499934167385911322e-04
2.487364915298488540e+03 1.048169848802043091e+01 7.500060737372731250e-04
2.487371860451050452e+03 1.048027096921594215e+01 7.493707578266205378e-04
2.487378805603788351e+03 1.047941833044914262e+01 7.489136383254976336e-04
2.487385750756729976e+03 1.047785859577098222e+01 7.479090999333729353e-04
2.487392695909817576e+03 1.047624676207817984e+01 7.472458827506081851e-04
2.487399641063078889e+03 1.047694205739559692e+01 7.479471998073903595e-04
2.487406586216514370e+03 1.047468513313115146e+01 7.463525746171271406e-04
2.487413531370094915e+03 1.047512351345854142e+01 7.467601622118926396e-04
2.487420476523822799e+03 1.047632070122624981e+01 7.472028014601205794e-04
2.487427421677723942e+03 1.047571003901759212e+01 7.471892468004006369e-04
2.487434366831771968e+03 1.047637763543867706e+01 7.477758829502997905e-04
2.487441311985965058e+03 1.047637235255952959e+01 7.472687426836595141e-04
2.487448257140274563e+03 1.047670189766010473e+01 7.478807300943881870e-04
2.487455202294729133e+03 1.047531057563829648e+01 7.465946791309388238e-04
2.487462147449327858e+03 1.047550722408287349e+01 7.470391512345065949e-04
2.487469092604073921e+03 1.047573645067422099e+01 7.472109750368735029e-04
2.487476037758907296e+03 1.047685446082741301e+01 7.477821580526514827e-04
2.487482982913886190e+03 1.047602428915346806e+01 7.472334418283561614e-04
2.487489928068981499e+03 1.047622205795328298e+01 7.471048779461848897e-04
2.487496873224221417e+03 1.047589458166499377e+01 7.469107535189161437e-04
2.487503818379549102e+03 1.047535371359176182e+01 7.467020058944478199e-04
2.487510763534964099e+03 1.047451107690850947e+01 7.462556517996446698e-04
2.487517708690525069e+03 1.047516942432299558e+01 7.462842935635693401e-04
2.487524653846172896e+03 1.047613814405793242e+01 7.469315281356579770e-04
2.487531599001908489e+03 1.047655487135599728e+01 7.471502003183117706e-04
2.487538544157760043e+03 1.047748663744215136e+01 7.479839855291214434e-04
2.487545489313728012e+03 1.047646058005698499e+01 7.470799761760442892e-04
2.487552434469754189e+03 1.047732491634008056e+01 7.472538526287677424e-04
2.487559379625867223e+03 1.047741507449313403e+01 7.474355987650114922e-04
2.487566324782098036e+03 1.047719106262186806e+01 7.473083111533909435e-04
2.487573269938386147e+03 1.048001508889024791e+01 7.489833600442269033e-04
2.487580215094762480e+03 1.047782253491357096e+01 7.476847341914702938e-04
2.487587160251225214e+03 1.047598051195952529e+01 7.465603342567020233e-04
2.487594105407774805e+03 1.047806778991793486e+01 7.475209878808488457e-04
2.487601050564382604e+03 1.048137550708221610e+01 7.495958189483874386e-04
2.487607995721078623e+03 1.047991115197849155e+01 7.483924427527928296e-04
2.487614940877803747e+03 1.048061513936904987e+01 7.490831109595592462e-04
2.487621886034645286e+03 1.047970822357341092e+01 7.484385970891343533e-04
2.487628831191515019e+03 1.048022816805799451e+01 7.489274239425920037e-04
2.487635776348472518e+03 1.047939003902920874e+01 7.483606071324874027e-04
2.487642721505488225e+03 1.047927272284053224e+01 7.483660577961921863e-04
2.487649666662533036e+03 1.047910849228159691e+01 7.480284501441277845e-04
2.487656611819665613e+03 1.047970721720886544e+01 7.488581083478241260e-04
2.487663556976826840e+03 1.047848711707695735e+01 7.477977087291472246e-04
2.487670502134075832e+03 1.047643711053286708e+01 7.470659078585490699e-04
2.487677447291353928e+03 1.047535952575690565e+01 7.463992994423134138e-04
2.487684392448660219e+03 1.047276003054859572e+01 7.449845851463731631e-04
2.487691337606024717e+03 1.047303906346787272e+01 7.454899520711003470e-04
2.487698282763448333e+03 1.047112297643423240e+01 7.445913139841089630e-04
2.487705227920901052e+03 1.047087481499805506e+01 7.448110582135252086e-04
2.487712173078411524e+03 1.046910971559299597e+01 7.437917874169715183e-04
2.487719118235951555e+03 1.046693251487699072e+01 7.427394026251848925e-04
2.487726063393520235e+03 1.046557447359061221e+01 7.417747713109271862e-04
2.487733008551118473e+03 1.046554577329440328e+01 7.420204873627233395e-04
2.487739953708744451e+03 1.046341598855387112e+01 7.412010655739558048e-04
2.487746898866430001e+03 1.046056180678337810e+01 7.396050960392663333e-04
2.487753844024145110e+03 1.046154773506774660e+01 7.405669241214471281e-04
2.487760789181858854e+03 1.045970752868685594e+01 7.396841468831919170e-04
2.487767734339602612e+03 1.045860446692320167e+01 7.391889770289113322e-04
2.487774679497405032e+03 1.045653197892960584e+01 7.379110774561886557e-04
2.487781624655206087e+03 1.045472463459188717e+01 7.374109415603530976e-04
2.487788569813035792e+03 1.045359412812415911e+01 7.367857103453622847e-04
2.487795514970866861e+03 1.045425334977020349e+01 7.374996935075116928e-04
2.487802460128756138e+03 1.045031508952252963e+01 7.353019828553463170e-04
2.487809405286644960e+03 1.044900093688102771e+01 7.348735576186324033e-04
2.487816350444533782e+03 1.044870180759370193e+01 7.351608950368316523e-04
2.487823295602452617e+03 1.044502378592780900e+01 7.329668465499413008e-04
2.487830240760369634e+03 1.044375873327081905e+01 7.325773885728971554e-04
2.487837185918317118e+03 1.044147685713300433e+01 7.315183826353857362e-04
2.487844131076293706e+03 1.043896654162555571e+01 7.303732574626411404e-04
2.487851076234240281e+03 1.043858458378248599e+01 7.304281797460772689e-04
2.487858021392216870e+03 1.043416192068193737e+01 7.282481537849186349e-04
2.487864966550193913e+03 1.043309217775648357e+01 7.279723509702183985e-04
2.487871911708198240e+03 1.043085937815284581e+01 7.266589574343480925e-04
2.487878856866173919e+03 1.042987566901948249e+01 7.260765058128325691e-04
2.487885802024180066e+03 1.042805489718485390e+01 7.255841521208378827e-04
2.487892747182185303e+03 1.042878237214372206e+01 7.263931432605978114e-04
2.487899692340190995e+03 1.042592943150269313e+01 7.249637111453148541e-04
2.487906637498166674e+03 1.042487115738129155e+01 7.244787540460055110e-04
2.487913582656172366e+03 1.042480743089856077e+01 7.247481903603397897e-04
2.487920527814178513e+03 1.042315190588613838e+01 7.235888767122406178e-04
2.487927472972182841e+03 1.042212885305315240e+01 7.233402288729911395e-04
2.487934418130188078e+03 1.042144811615962041e+01 7.227028564082711021e-04
2.487941363288165121e+03 1.042168945084714693e+01 7.229579196267863807e-04
2.487948308446170358e+03 1.042122820042711417e+01 7.227312274659379067e-04
2.487955253604146947e+03 1.042008265067201123e+01 7.220315866847849947e-04
2.487962198762123080e+03 1.041980692273172693e+01 7.219233651935855157e-04
2.487969143920070564e+03 1.042354842539334214e+01 7.240576096839045550e-04
2.487976089078046243e+03 1.042026936354545441e+01 7.217656140854291800e-04
2.487983034235992363e+03 1.042390174238152412e+01 7.239214697021083538e-04
2.487989979393911199e+03 1.042318403173689134e+01 7.237829235319216898e-04
2.487996924551829579e+03 1.042346521881040999e+01 7.241344344568682433e-04
2.488003869709747960e+03 1.042205260947389256e+01 7.227883263380615328e-04
2.488010814867665886e+03 1.042234116911238218e+01 7.231012939049652260e-04
2.488017760025526059e+03 1.042349677953020937e+01 7.235891105745030725e-04
2.488024705183414426e+03 1.042313838475226717e+01 7.238255446253560876e-04
2.488031650341274144e+03 1.042326590295919786e+01 7.234700073765207642e-04
2.488038595499104304e+03 1.042434109333244763e+01 7.240390938649358954e-04
2.488045540656935373e+03 1.042276346412481658e+01 7.231791576148276657e-04
2.488052485814736883e+03 1.042312737063911321e+01 7.233376806437636850e-04
2.488059430972539303e+03 1.042374278387708664e+01 7.240563876264297007e-04
2.488066376130312165e+03 1.042455652467070415e+01 7.242662342839715573e-04
2.488073321288054558e+03 1.042432166922291970e+01 7.239611507167100163e-04
2.488080266445768757e+03 1.042449204879776836e+01 7.243058339910659433e-04
2.488087211603483411e+03 1.042606002332192894e+01 7.252245697261121065e-04
2.488094156761168051e+03 1.042639945553290737e+01 7.249254708076117168e-04
2.488101101918854056e+03 1.042613946563445637e+01 7.249060134275981055e-04
2.488108047076481398e+03 1.042573328307037883e+01 7.244342329141877567e-04
2.488114992234108286e+03 1.042527741880940972e+01 7.242933262741852807e-04
2.488121937391706069e+03 1.042346991532023459e+01 7.230019543905890451e-04
2.488128882549273840e+03 1.042585858363221618e+01 7.246516417572540936e-04
2.488135827706813870e+03 1.042545719664316728e+01 7.243425586306343703e-04
2.488142772864354356e+03 1.042658128295903808e+01 7.248401070548190356e-04
2.488149718021835724e+03 1.042557345813251146e+01 7.243806223682046613e-04
2.488156663179317547e+03 1.042452242213976099e+01 7.237731551545124311e-04
2.488163608336741163e+03 1.042884779187983213e+01 7.263153223659498531e-04
2.488170553494163869e+03 1.042433304321379772e+01 7.235384161397850900e-04
2.488177498651557926e+03 1.042589461014182461e+01 7.246332773527100523e-04
2.488184443808892865e+03 1.042586331832485236e+01 7.245429847969817039e-04
2.488191388966230079e+03 1.042571479066373996e+01 7.250207316163431856e-04
2.488198334123537279e+03 1.042347662125172292e+01 7.233833195452826726e-04
2.488205279280814466e+03 1.042346892194084518e+01 7.234131387285024344e-04
2.488212224438034355e+03 1.042148687504380433e+01 7.225680639855974578e-04
2.488219169595254243e+03 1.042222563757965936e+01 7.231203111840100398e-04
2.488226114752414560e+03 1.042119637859592451e+01 7.229991629895580422e-04
2.488233059909575786e+03 1.041727267140100111e+01 7.202443487187048295e-04
2.488240005066679259e+03 1.041714379547758895e+01 7.205371087540925808e-04
2.488246950223753629e+03 1.041636706843069327e+01 7.203241923079562858e-04
2.488253895380798895e+03 1.041380309804281268e+01 7.189966938128630226e-04
2.488260840537814147e+03 1.041406704752626489e+01 7.196265236841072662e-04
2.488267785694801660e+03 1.041205127718243162e+01 7.184580047903426541e-04
2.488274730851760069e+03 1.041035901958411181e+01 7.177460976671563809e-04
2.488281676008657996e+03 1.040840047956637804e+01 7.169929725376944290e-04
2.488288621165528184e+03 1.040797018889075787e+01 7.170053511946080597e-04
2.488295566322369268e+03 1.040545430765754631e+01 7.160460650341765251e-04
2.488302511479182158e+03 1.040442218084037407e+01 7.156323126292360925e-04
2.488309456635965489e+03 1.040282351792548532e+01 7.147124237190027526e-04
2.488316401792690158e+03 1.040064931641662938e+01 7.139531467753394136e-04
2.488323346949386178e+03 1.039919355886839725e+01 7.131260192392831427e-04
2.488330292106053093e+03 1.039853274739207656e+01 7.130905297839337277e-04
2.488337237262660437e+03 1.039924549210834215e+01 7.134526922521779429e-04
2.488344182419268691e+03 1.039613283897665497e+01 7.118954592397416532e-04
2.488351127575819191e+03 1.039622067639637493e+01 7.121339069691152556e-04
2.488358072732311484e+03 1.039492408189862083e+01 7.115884807034163944e-04
2.488365017888774673e+03 1.039245911137316725e+01 7.103065634545267012e-04
2.488371963045207849e+03 1.039258877068371234e+01 7.105940279646561376e-04
2.488378908201612376e+03 1.039113964451013139e+01 7.099322975635374280e-04
2.488385853357958695e+03 1.039076602932004612e+01 7.097085974447217083e-04
2.488392798514275455e+03 1.039011274056299428e+01 7.094456313691961365e-04
2.488399743670564476e+03 1.038785683803313731e+01 7.080840651210252093e-04
2.488406688826794380e+03 1.038806489887936912e+01 7.082566502211118603e-04
2.488413633982995634e+03 1.038744444182577631e+01 7.082735590171463074e-04
2.488420579139138681e+03 1.038686381114561286e+01 7.080627376330409905e-04
2.488427524295251715e+03 1.038681834961871786e+01 7.081107978132824199e-04
2.488434469451307905e+03 1.038642560688911232e+01 7.078848654557565265e-04
2.488441414607363185e+03 1.038537425385452551e+01 7.071549688322258023e-04
2.488448359763329790e+03 1.038606905075484832e+01 7.075240121137341262e-04
2.488455304919298214e+03 1.038727134142403763e+01 7.083096000411870504e-04
2.488462250075179327e+03 1.038711773922238990e+01 7.082357209192941894e-04
2.488469195231060894e+03 1.038810187690745224e+01 7.086075465509283086e-04
2.488476140386884254e+03 1.038761194924560272e+01 7.087644077038495957e-04
2.488483085542648041e+03 1.038809397309542781e+01 7.087324787416181835e-04
2.488490030698383634e+03 1.038830872604070521e+01 7.087513240673389133e-04
2.488496975854089214e+03 1.038679123320659770e+01 7.078321381236445022e-04
2.488503921009735677e+03 1.038855907079492802e+01 7.086816090322607805e-04
2.488510866165326661e+03 1.038859818987324246e+01 7.086195497917533153e-04
2.488517811320887631e+03 1.038699298341922628e+01 7.077399297765500034e-04
2.488524756476419498e+03 1.039039580089801440e+01 7.095040639206912384e-04
2.488531701631893156e+03 1.038924197246231174e+01 7.086746796019068257e-04
2.488538646787307698e+03 1.039093480292454608e+01 7.097943620744583343e-04
2.488545591942694500e+03 1.039261561922107546e+01 7.105542885271815988e-04
2.488552537098051289e+03 1.039075813005707971e+01 7.090994725771108346e-04
2.488559482253348506e+03 1.038975509924236462e+01 7.084601787881769207e-04
2.488566427408589334e+03 1.039262525846373819e+01 7.099947661590036777e-04
2.488573372563801058e+03 1.039413132193583955e+01 7.106784517263434664e-04
2.488580317718954575e+03 1.039489453344212855e+01 7.112828407197919990e-04
2.488587262874078988e+03 1.039487552413006100e+01 7.110870096353266116e-04
2.488594208029145193e+03 1.039699228479646997e+01 7.127283612436097161e-04
2.488601153184181385e+03 1.039622399210599113e+01 7.116942401351640524e-04
2.488608098339160279e+03 1.039600193937293149e+01 7.114277737293669707e-04
2.488615043494079146e+03 1.039640104860052894e+01 7.116850512190450511e-04
2.488621988648971183e+03 1.039862113691102508e+01 7.129314667449891023e-04
2.488628933803805012e+03 1.039583652538843594e+01 7.113296916609171449e-04
2.488635878958608373e+03 1.039508139262694009e+01 7.107247546733364441e-04
2.488642824113354891e+03 1.039677815912045489e+01 7.118013950138181748e-04
2.488649769268042292e+03 1.039775051337521994e+01 7.120927870018032430e-04
2.488656714422701043e+03 1.039654078096265266e+01 7.115251742308011888e-04
2.488663659577302042e+03 1.040012721876214208e+01 7.135432350741807922e-04
2.488670604731872118e+03 1.039862481838216901e+01 7.124994311777941083e-04
2.488677549886383986e+03 1.039926938654539157e+01 7.126750320835244928e-04
2.488684495040868569e+03 1.040147831928689826e+01 7.136935861647578441e-04
2.488691440195264931e+03 1.040289800992649205e+01 7.142663661727148387e-04
2.488698385349662203e+03 1.040251542126717865e+01 7.140606869596196997e-04
2.488705330503970799e+03 1.040179643124947972e+01 7.137258690607802773e-04
2.488712275658251656e+03 1.040367581940670760e+01 7.147779037293057903e-04
2.488719220812474305e+03 1.040348733250109348e+01 7.147044157510321592e-04
2.488726165966665576e+03 1.040286978322644451e+01 7.138094112569139766e-04
2.488733111120799549e+03 1.040519183951415094e+01 7.152354126281178096e-04
2.488740056274876224e+03 1.040373132886172236e+01 7.142990820022215815e-04
2.488747001428923795e+03 1.040454146398033153e+01 7.149732657055998157e-04
2.488753946582913159e+03 1.040290445370099981e+01 7.146474206645124505e-04
2.488760891736844314e+03 1.040290355869776562e+01 7.140954314866768864e-04
2.488767836890745912e+03 1.040230708983436791e+01 7.140332584212490119e-04
2.488774782044590211e+03 1.040203780236087461e+01 7.136366289786253911e-04
2.488781727198374938e+03 1.040278762871323792e+01 7.143731890626288600e-04
2.488788672352131016e+03 1.040101550269030817e+01 7.136151626153493721e-04
2.488795617505828432e+03 1.039857582177842588e+01 7.123368566778795052e-04
2.488802562659497653e+03 1.039790443402011633e+01 7.120589411721092200e-04
2.488809507813080018e+03 1.039621941576528563e+01 7.112510872220368686e-04
2.488816452966631914e+03 1.039399930690437301e+01 7.105063584314450778e-04
2.488823398120155616e+03 1.039388963081409223e+01 7.106921464138843446e-04
2.488830343273592007e+03 1.039035089255352950e+01 7.089097308666501580e-04
2.488837288426999294e+03 1.038896473919230878e+01 7.083650248072124620e-04
2.488844233580347009e+03 1.038446521632583242e+01 7.063984657245109397e-04
2.488851178733666075e+03 1.038218081804346404e+01 7.051360074553191101e-04
2.488858123886927842e+03 1.038243296927487336e+01 7.057769743586901666e-04
2.488865069040131857e+03 1.038139608964607241e+01 7.053652479137022691e-04
2.488872014193276300e+03 1.038046009641623613e+01 7.050087669735108755e-04
2.488878959346393003e+03 1.037463946145703986e+01 7.019508425975432920e-04
2.488885904499451044e+03 1.037328907838184300e+01 7.016531034464988702e-04
2.488892849652479072e+03 1.037396245776343839e+01 7.024479257971754992e-04
2.488899794805420242e+03 1.037053204348806545e+01 7.009570536306006022e-04
2.488906739958332764e+03 1.036860026492908560e+01 6.996521868018497478e-04
2.488913685111215273e+03 1.036545832819506074e+01 6.983414244840199835e-04
2.488920630264012289e+03 1.036449650308102477e+01 6.982096337808923331e-04
2.488927575416777927e+03 1.036438198558235868e+01 6.984619378739240778e-04
2.488934520569486267e+03 1.036104558595895142e+01 6.966264026232556932e-04
2.488941465722136854e+03 1.035971166868916882e+01 6.962257702674612197e-04
2.488948410874757883e+03 1.036113058368239059e+01 6.969781155229053766e-04
2.488955356027321614e+03 1.036017888750944849e+01 6.968122784877052228e-04
2.488962301179826682e+03 1.035737633747438480e+01 6.953887825726629392e-04
2.488969246332301736e+03 1.035688754001219536e+01 6.953258703491174307e-04
2.488976191484689934e+03 1.035764580287278136e+01 6.956674461843969032e-04
2.488983136637078132e+03 1.035628820673897010e+01 6.949740018486832115e-04
2.488990081789379474e+03 1.035549906518332541e+01 6.948553451729799074e-04
2.488997026941623062e+03 1.035504567727218195e+01 6.945102402859052847e-04
2.489003972093835728e+03 1.035517322099034487e+01 6.946774751457718928e-04
2.489010917245992005e+03 1.035557574325392061e+01 6.950503446151105446e-04
2.489017862398118268e+03 1.035446706079573076e+01 6.942813638040689446e-04
2.489024807550186779e+03 1.035478545076567691e+01 6.946046445586516026e-04
2.489031752702196172e+03 1.035493808479817623e+01 6.944789327196265781e-04
2.489038697854148268e+03 1.035404754298302521e+01 6.941296148254285595e-04
2.489045643006041246e+03 1.035484587608279838e+01 6.944752541533548906e-04
2.489052588157906030e+03 1.035405491503486886e+01 6.939832029966438130e-04
2.489059533309711696e+03 1.035515253089271681e+01 6.946755431372882497e-04
2.489066478461460974e+03 1.035368685620651874e+01 6.937735880435791759e-04
2.489073423613180239e+03 1.035459827875114414e+01 6.940978651301956369e-04
2.489080368764812192e+03 1.035662007268609131e+01 6.953643526070846627e-04
2.489087313916415042e+03 1.035668963986154267e+01 6.952854003652445599e-04
2.489094259067987878e+03 1.035646259569466565e+01 6.952449521410904989e-04
2.489101204219472947e+03 1.035754485194864927e+01 6.957400470271035958e-04
2.489108149370929823e+03 1.035575992341870943e+01 6.945773513355650661e-04
2.489115094522328945e+03 1.035600362649374340e+01 6.948667110084939813e-04
2.489122039673669406e+03 1.035438874861387859e+01 6.938243295732201719e-04
2.489128984824981671e+03 1.035643371726023965e+01 6.950784775881140368e-04
2.489135929976235275e+03 1.035630796488080740e+01 6.949944550635743816e-04
2.489142875127430671e+03 1.035510606051468940e+01 6.942116773514102291e-04
2.489149820278567404e+03 1.035436222809424933e+01 6.938072570776299694e-04
2.489156765429675488e+03 1.035780679474301991e+01 6.959842437640337753e-04
2.489163710580724455e+03 1.035626620642369744e+01 6.945457046443046824e-04
2.489170655731714760e+03 1.035639638552118136e+01 6.946364879475260207e-04
2.489177600882648221e+03 1.035784553882034587e+01 6.955315979861078886e-04
2.489184546033523930e+03 1.035836390114667083e+01 6.956405332743916328e-04
2.489191491184370079e+03 1.035831426647178688e+01 6.954233234652203470e-04
2.489198436335158021e+03 1.035971288823990832e+01 6.962162851713560828e-04
2.489205381485915950e+03 1.036104830443020930e+01 6.965880489041361041e-04
2.489212326636587932e+03 1.036166889970906624e+01 6.967727976201185157e-04
2.489219271787229900e+03 1.036238673372415420e+01 6.973137864597629514e-04
2.489226216937812751e+03 1.036368145229481286e+01 6.975040617550327775e-04
2.489233162088338759e+03 1.036692393059552586e+01 6.992980746057641649e-04
2.489240107238835662e+03 1.036842769771646999e+01 7.000176820293197832e-04
2.489247052389273904e+03 1.036787135265513271e+01 6.994713503720904023e-04
2.489253997539654847e+03 1.036985653349262826e+01 7.003698578685802660e-04
2.489260942689976218e+03 1.036959127807122805e+01 7.001231901284321818e-04
2.489267887840240292e+03 1.037004335561535839e+01 7.002505635097001913e-04
2.489274832990475261e+03 1.037158229685642929e+01 7.008935728626829219e-04
2.489281778140652023e+03 1.037242238701783315e+01 7.012069972112546607e-04
2.489288723290770577e+03 1.037080927944961850e+01 7.002817940612803514e-04
2.489295668440859117e+03 1.037260151767823046e+01 7.010536629111354745e-04
2.489302613590889450e+03 1.037377655398430676e+01 7.019817456020618213e-04
2.489309558740862485e+03 1.037387626556407483e+01 7.018161855803238579e-04
2.489316503890777312e+03 1.037395820143025205e+01 7.017968734535097973e-04
2.489323449040633477e+03 1.037383847987071128e+01 7.018153021976705893e-04
2.489330394190460993e+03 1.037298784845103228e+01 7.013453705212391526e-04
2.489337339340229846e+03 1.037531921119602707e+01 7.026396102852534506e-04
2.489344284489940947e+03 1.037285960420921604e+01 7.013287296520362511e-04
2.489351229639593839e+03 1.037454308373042267e+01 7.021725714131010114e-04
2.489358174789216719e+03 1.037260642293470880e+01 7.012473335738443310e-04
2.489365119938782300e+03 1.037142983416288367e+01 7.007370214019281859e-04
2.489372065088288764e+03 1.037143773463771090e+01 7.006913400338206843e-04
2.489379010237767034e+03 1.037104962475434178e+01 7.007939456817378985e-04
2.489385955387157992e+03 1.036835692495251138e+01 6.991932166285709559e-04
2.489392900536518937e+03 1.036837448461723810e+01 6.992680230263661470e-04
2.489399845685823038e+03 1.036768165530405028e+01 6.992392654539483646e-04
2.489406790835097127e+03 1.036742170290568943e+01 6.990012052530315692e-04
2.489413735984283903e+03 1.036825913085225714e+01 6.997180225511760937e-04
2.489420681133442486e+03 1.036722082130024347e+01 6.990367415423834807e-04
2.489427626282541951e+03 1.036770077427072678e+01 6.996012423029868100e-04
2.489434571431583208e+03 1.036533041450091197e+01 6.981583870982053163e-04
2.489441516580594907e+03 1.036383977757170882e+01 6.974138626979856656e-04
2.489448461729549308e+03 1.036419437152271072e+01 6.977278945680227221e-04
2.489455406878445501e+03 1.036395487687346417e+01 6.975300283626971985e-04
2.489462352027283032e+03 1.036318122396720476e+01 6.969208194857264178e-04
2.489469297176091459e+03 1.036457125790537148e+01 6.979880593642297584e-04
2.489476242324813484e+03 1.036476657893473963e+01 6.980023885964911157e-04
2.489483187473535054e+03 1.036601052148376567e+01 6.987568654083411556e-04
2.489490132622168403e+03 1.036482356929768756e+01 6.980960232347087997e-04
2.489497077770744909e+03 1.036513800128025942e+01 6.978488572294312556e-04
2.489504022919290492e+03 1.036411398328629296e+01 6.974987241783529813e-04
2.489510968067778776e+03 1.036637509684608283e+01 6.985207815484961681e-04
2.489517913216209308e+03 1.036785226921423231e+01 6.992673259376068181e-04
2.489524858364609827e+03 1.036826060880061462e+01 6.992952185487586857e-04
2.489531803512953502e+03 1.036922574091843252e+01 6.996572489030077014e-04
2.489538748661238060e+03 1.037113294259798124e+01 7.007748728774165423e-04
2.489545693809464865e+03 1.037208523049920217e+01 7.010464422508567951e-04
2.489552638957633917e+03 1.037403195599334893e+01 7.021119018385437848e-04
2.489559584105772956e+03 1.037252990670078034e+01 7.009341127002329972e-04
2.489566529253854242e+03 1.037474874571610606e+01 7.021148246264688822e-04
2.489573474401876410e+03 1.037696969161685168e+01 7.027279491651468660e-04
2.489580419549869021e+03 1.037546570032677096e+01 7.017683941888088394e-04
2.489587364697776138e+03 1.037988227126028207e+01 7.042858544503633519e-04
2.489594309845653697e+03 1.037926398624519386e+01 7.035925623713005237e-04
2.489601254993473049e+03 1.037860690601037916e+01 7.031237388803308853e-04
2.489608200141263296e+03 1.038204679802551134e+01 7.048265459631353549e-04
2.489615145288994427e+03 1.038275188282886674e+01 7.050825245725867536e-04
2.489622090436668259e+03 1.038261691347797466e+01 7.049106557003937193e-04
2.489629035584283884e+03 1.038585119358445752e+01 7.066091667179275190e-04
2.489635980731841300e+03 1.038498639731169604e+01 7.060174513673429970e-04
2.489642925879369614e+03 1.038492494557632284e+01 7.058911788948985097e-04
2.489649871026838809e+03 1.038708230566286517e+01 7.072240577876544396e-04
2.489656816174249343e+03 1.038829436789874450e+01 7.075280611365652311e-04
2.489663761321603488e+03 1.039016940915441900e+01 7.084579656691874193e-04
2.489670706468928074e+03 1.038837965984519940e+01 7.071781961986115406e-04
2.489677651616193998e+03 1.038856308509650717e+01 7.071705515029820836e-04
2.489684596763401714e+03 1.038980258595760908e+01 7.077663228265981083e-04
2.489691541910580781e+03 1.039199427945452925e+01 7.087821262802331554e-04
2.489698487057672537e+03 1.039326806474863396e+01 7.097525371486126076e-04
2.489705432204735189e+03 1.039468622611815185e+01 7.103094581297658998e-04
2.489712377351768737e+03 1.039347424950809895e+01 7.098361829992540272e-04
2.489719322498714973e+03 1.039567678510827520e+01 7.106461012450502115e-04
2.489726267645601183e+03 1.039589232542014585e+01 7.105645698115729348e-04
2.489733212792460108e+03 1.039832372351944123e+01 7.118184176175291209e-04
2.489740157939260826e+03 1.039727781416624453e+01 7.111620287570157494e-04
2.489747103086061088e+03 1.039608964881229625e+01 7.103505351309897598e-04
2.489754048232744935e+03 1.039952059583446342e+01 7.120642141686887427e-04
2.489760993379429237e+03 1.039812726061866854e+01 7.113081676364940015e-04
2.489767938525997579e+03 1.039857028179316245e+01 7.112443604513611238e-04
2.489774883672565011e+03 1.040179766556552465e+01 7.129858924997586325e-04
2.489781828819073780e+03 1.040057018749985218e+01 7.124423418302804241e-04
2.489788773965526161e+03 1.040222129183513999e+01 7.133464030385565325e-04
2.489795719111918970e+03 1.040161683980701035e+01 7.129000237713207762e-04
2.489802664258252662e+03 1.040203809623937126e+01 7.131847499838749787e-04
2.489809609404587718e+03 1.040134636400407331e+01 7.129137588334578989e-04
2.489816554550805904e+03 1.040282917772207405e+01 7.134893021647375523e-04
2.489823499697024999e+03 1.040158620742380613e+01 7.126469061038161580e-04
2.489830444843184978e+03 1.040431227930637270e+01 7.141837257602187032e-04
2.489837389989228541e+03 1.040260588236284711e+01 7.131166020382424678e-04
2.489844335135330766e+03 1.040279074107952972e+01 7.132120381820837574e-04
2.489851280281317031e+03 1.040182460011032184e+01 7.126022210253537322e-04
2.489858225427243269e+03 1.040373112055131344e+01 7.136412817933584975e-04
2.489865170573113119e+03 1.040359423613284662e+01 7.134726554987027777e-04
2.489872115718982513e+03 1.040187139151799300e+01 7.122595818909192638e-04
2.489879060864793246e+03 1.040385529862663816e+01 7.132990124345421406e-04
2.489886006010546225e+03 1.040463116074588612e+01 7.138019690454723565e-04
2.489892951156239178e+03 1.040350291024920892e+01 7.133020882437115682e-04
2.489899896301876197e+03 1.040540691174372512e+01 7.142568163999775963e-04
2.489906841447454553e+03 1.040376286021645669e+01 7.132139024985026648e-04
2.489913786592974247e+03 1.040525019538990215e+01 7.141803300653790229e-04
2.489920731738493942e+03 1.040460202721675387e+01 7.138892067007574166e-04
2.489927676883898130e+03 1.040507257323333334e+01 7.141132367679578312e-04
2.489934622029301408e+03 1.040482342361903179e+01 7.139258951601908923e-04
2.489941567174647389e+03 1.040680465046502867e+01 7.150960347594067503e-04
2.489948512319933798e+03 1.040505166735589526e+01 7.143876155764876000e-04
2.489955457465162908e+03 1.040405270918717306e+01 7.138827964042536271e-04
2.489962402610333811e+03 1.040523740197813396e+01 7.141927297241972960e-04
2.489969347755503804e+03 1.040360613965902203e+01 7.132537420888227474e-04
2.489976292900557382e+03 1.040488289926100052e+01 7.141123278477123394e-04
2.489983238045611870e+03 1.040145152167991327e+01 7.120258430001715410e-04
2.489990183190608604e+03 1.040236383386841368e+01 7.127207752788569748e-04
2.489997128335546222e+03 1.040388418320936559e+01 7.137480352668525325e-04
2.490004073480426086e+03 1.040429654510871949e+01 7.140611584668233149e-04
2.490011018625247743e+03 1.040439437655157029e+01 7.144022508468425873e-04
2.490017963770068945e+03 1.040208797873819790e+01 7.130360397753057787e-04
2.490024908914773732e+03 1.040197436918606044e+01 7.128521707364248198e-04
2.490031854059478974e+03 1.040175882220215264e+01 7.129374925567771252e-04
2.490038799204126008e+03 1.039926424369684810e+01 7.113602425159797028e-04
2.490045744348714379e+03 1.040076750334897504e+01 7.122514730819274817e-04
2.490052689493244543e+03 1.039904329331621113e+01 7.114144134133546047e-04
2.490059634637716044e+03 1.040016380570515864e+01 7.120813146828001506e-04
2.490066579782129793e+03 1.040013452343615796e+01 7.118293728880591663e-04
2.490073524926544451e+03 1.040273303751597922e+01 7.133346200980536728e-04
2.490080470070841329e+03 1.040529944260599393e+01 7.147919809235504969e-04
2.490087415215139572e+03 1.040529805621089743e+01 7.144042216062481895e-04
2.490094360359378697e+03 1.040402662967066405e+01 7.134915013026462208e-04
2.490101305503560525e+03 1.040662050542543859e+01 7.149671475766651357e-04
2.490108250647684144e+03 1.040485835812038573e+01 7.137036881356923022e-04
2.490115195816719279e+03 1.040584266421625337e+01 7.141951929877347763e-04
2.490122140960726028e+03 1.040661629485902040e+01 7.143284059779142318e-04
2.490129086104732778e+03 1.040759365609125098e+01 7.149004549401401145e-04
2.490136031248680410e+03 1.040735803197523168e+01 7.145835005849709076e-04
2.490142976392569835e+03 1.041113370332847587e+01 7.167171538858092220e-04
2.490149921536401962e+03 1.041291768288007269e+01 7.173424837071014359e-04
2.490156866680175426e+03 1.041358974749102373e+01 7.175479254087726352e-04
2.490163811823891592e+03 1.041543202586652228e+01 7.186275473689501900e-04
2.490170756967606394e+03 1.041639044996634134e+01 7.187742630500088990e-04
2.490177702111206145e+03 1.041742814596016942e+01 7.191777320030545142e-04
2.490184647254804986e+03 1.042001435448599622e+01 7.203860092887879978e-04
2.490191592398346074e+03 1.042013312853347706e+01 7.204293656190573518e-04
2.490198537541828500e+03 1.042007353940935310e+01 7.204288130842521161e-04
2.490205482685252719e+03 1.042359990197383546e+01 7.222152977389461378e-04
2.490212427828619639e+03 1.042176090730144722e+01 7.207998591470180091e-04
2.490219372971986104e+03 1.042525705387651946e+01 7.226962249176466756e-04
2.490226318115235699e+03 1.042515461011533517e+01 7.225314205015961064e-04
2.490233263258484840e+03 1.042220699260979089e+01 7.205635972292136942e-04
2.490240208401675773e+03 1.042348751641497984e+01 7.212530976669394647e-04
2.490247153544808953e+03 1.042475350394343181e+01 7.218880230599943005e-04
2.490254098687884380e+03 1.042643658047253474e+01 7.230784045164980346e-04
2.490261043830902054e+03 1.042530156054109369e+01 7.223839894886708484e-04
2.490267988973919273e+03 1.042714169881536179e+01 7.233502150595802699e-04
2.490274934116878285e+03 1.042732506006729665e+01 7.233897767856728488e-04
2.490281879259719972e+03 1.042832633900770212e+01 7.237666118187187705e-04
2.490288824402563023e+03 1.042515713986702508e+01 7.220557657064592683e-04
2.490295769545347412e+03 1.042686242840528621e+01 7.232915641700421016e-04
2.490302714688073138e+03 1.042632378270230120e+01 7.229631532970980752e-04
2.490309659830798864e+03 1.042267936153941044e+01 7.207746856891412979e-04
2.490316604973409085e+03 1.042346321249073071e+01 7.215067068802657069e-04
2.490323550116017941e+03 1.042361060552375207e+01 7.217650584562611792e-04
2.490330495258569044e+03 1.042253065998391648e+01 7.209603812709671454e-04
2.490337440401061485e+03 1.042151419694017100e+01 7.204679071725712466e-04
2.490344385543497083e+03 1.042304440037912272e+01 7.213684374987011216e-04
2.490351330685874018e+03 1.042183348492600992e+01 7.207290236976132388e-04
2.490358275828191836e+03 1.042285537755078018e+01 7.217789319396082344e-04
2.490365220970510563e+03 1.042090998951278280e+01 7.203993073303732123e-04
2.490372166112712875e+03 1.042234405697791111e+01 7.212863978480080294e-04
2.490379111254915642e+03 1.042160333264965999e+01 7.207617362288090300e-04
2.490386056397059292e+03 1.042118299314468821e+01 7.206481981086516105e-04
2.490393001539145189e+03 1.042248132607212696e+01 7.210397231230355510e-04
2.490399946681230631e+03 1.041985179052835520e+01 7.198383037869885001e-04
2.490406891823200112e+03 1.042256542933589003e+01 7.214145744295146715e-04
2.490413836965169139e+03 1.042124259375883355e+01 7.203196027863519469e-04
2.490420782107021296e+03 1.042238210307885282e+01 7.211977026346102441e-04
2.490427727248873907e+03 1.042236705980622702e+01 7.208776739721060737e-04
2.490434672390668311e+03 1.042502533132068976e+01 7.223948877867613239e-04
2.490441617532405417e+03 1.042405052753303707e+01 7.220775694037177578e-04
2.490448562674141613e+03 1.042342603966488568e+01 7.213959090991851463e-04
2.490455507815761393e+03 1.042543032898557165e+01 7.225717012834291996e-04
2.490462452957382084e+03 1.042404201015254728e+01 7.215838789655791737e-04
2.490469398098943202e+03 1.042344571482752613e+01 7.212086713724354939e-04
2.490476343240447477e+03 1.042373050072434104e+01 7.212074354399716997e-04
2.490483288381893090e+03 1.042619720281674844e+01 7.227940136534108861e-04
2.490490233523280494e+03 1.042553330917178656e+01 7.221914983144067310e-04
2.490497178664610146e+03 1.042509109335990658e+01 7.218133098369438304e-04
2.490504123805937979e+03 1.042801927866012690e+01 7.234411484479795094e-04
2.490511068947208969e+03 1.043046631115521627e+01 7.249785831087801570e-04
2.490518014088363998e+03 1.042747901643155117e+01 7.229933326653822283e-04
2.490524959229516753e+03 1.042991753809471156e+01 7.241506632806651031e-04
2.490531904370670418e+03 1.042980141263269012e+01 7.237628100874508690e-04
2.490538849511709032e+03 1.043205987562748760e+01 7.249332448165487401e-04
2.490545794652688983e+03 1.043152173321782783e+01 7.246713765170622939e-04
2.490552739793668934e+03 1.043226070587098420e+01 7.248269397453167492e-04
2.490559684934590223e+03 1.043332932227482779e+01 7.254785502311556639e-04
2.490566630075453759e+03 1.043399350928780223e+01 7.255677888121631449e-04
2.490573575216259087e+03 1.043747999193681153e+01 7.275386436162697762e-04
2.490580520357006208e+03 1.043606944540503179e+01 7.265527054854615998e-04
2.490587465497752419e+03 1.043834398840387045e+01 7.275225691155648737e-04
2.490594410638384034e+03 1.044153218717078957e+01 7.292381217712950872e-04
2.490601355779014739e+03 1.044104505588884635e+01 7.286207128769879365e-04
2.490608300919587236e+03 1.044246925414264204e+01 7.291417315665936439e-04
2.490615246060101072e+03 1.044293277722230684e+01 7.295148727090723347e-04
2.490622191200556699e+03 1.044617801148390157e+01 7.308478656544679930e-04
2.490629136340953664e+03 1.044729194961993635e+01 7.313481857176240509e-04
2.490636081481350629e+03 1.044766520953549360e+01 7.313191404767206650e-04
2.490643026621632089e+03 1.045164109111188644e+01 7.333494450354914249e-04
2.490649971761913093e+03 1.045242284826204759e+01 7.336973227677410885e-04
2.490656916902135890e+03 1.045284147130511165e+01 7.332659686269944570e-04
2.490663862042300934e+03 1.045429351570042265e+01 7.342817741804981771e-04
2.490670807182465978e+03 1.045631975455600937e+01 7.351663288310114532e-04
2.490677752322515062e+03 1.045906619016253813e+01 7.362236824132942095e-04
2.490684697462563236e+03 1.046127690129733878e+01 7.374367543530317053e-04
2.490691642602552747e+03 1.046305230326135316e+01 7.385977932330311429e-04
2.490698587742485415e+03 1.046243638493051265e+01 7.377451544750301439e-04
2.490705532882359876e+03 1.046486818019459619e+01 7.389457649522599217e-04
2.490712478022174764e+03 1.046553118874680166e+01 7.390723558721120669e-04
2.490719423161932355e+03 1.046559752565756440e+01 7.389443516114365318e-04
2.490726368301689945e+03 1.046827410092322630e+01 7.406249320086111861e-04
2.490733313441389328e+03 1.046799250930541803e+01 7.401721534721920816e-04
2.490740258580972295e+03 1.046815920126750576e+01 7.399401991133606939e-04
2.490747203720612106e+03 1.047150378059555997e+01 7.421152659941804633e-04
2.490754148860136411e+03 1.046995314869258564e+01 7.408280455552452475e-04
2.490761093999602963e+03 1.047103101943786641e+01 7.412832701330559224e-04
2.490768039139069060e+03 1.047274545558613745e+01 7.422423569651407683e-04
2.490774984278419197e+03 1.047361063311408635e+01 7.424044953777622505e-04
2.490781929417768879e+03 1.047599758921625401e+01 7.439647492653138090e-04
2.490788874557061717e+03 1.047573803843187612e+01 7.436456882074435337e-04
2.490795819696294984e+03 1.047684678021758664e+01 7.447901812096608320e-04
2.490802764835528251e+03 1.047519538102519832e+01 7.429929477405470021e-04
2.490809709974645557e+03 1.047637282975050255e+01 7.438087644590481379e-04
2.490816655113762863e+03 1.047561117984260193e+01 7.431548787288442398e-04
2.490823600252821052e+03 1.047635431464142997e+01 7.438127381831444391e-04
2.490830545391821943e+03 1.047649036650648569e+01 7.437532440599354481e-04
2.490837490530765081e+03 1.047512200599278387e+01 7.427406907846138438e-04
2.490844435669649556e+03 1.047617612767134432e+01 7.436501602706235923e-04
2.490851380808534032e+03 1.047577738488612198e+01 7.433859723682594229e-04
2.490858325947300727e+03 1.047365830488079830e+01 7.419442076452418449e-04
2.490865271086067878e+03 1.047478364343519530e+01 7.428448270388381212e-04
2.490872216224777731e+03 1.047508867371174901e+01 7.431444505315425728e-04
2.490879161363428921e+03 1.047582828399439236e+01 7.435215841181052557e-04
2.490886106502081020e+03 1.047324791556219914e+01 7.422631553071377605e-04
2.490893051640616250e+03 1.047251299387718682e+01 7.422717867787222189e-04
2.490899996779151479e+03 1.047314529237700853e+01 7.424257280857646463e-04
2.490906941917628046e+03 1.047314679947842109e+01 7.424465342319512247e-04
2.490913887055988198e+03 1.047067998004621359e+01 7.410116270786292272e-04
2.490920832194407467e+03 1.047059770650414201e+01 7.412603631988769941e-04
2.490927777332709411e+03 1.047219601017788904e+01 7.421703963585265162e-04
2.490934722470952693e+03 1.047071000155713349e+01 7.412907223650941997e-04
2.490941667609197339e+03 1.046946454790471392e+01 7.404780128885990768e-04
2.490948612747382867e+03 1.046836243294253066e+01 7.398267529564482364e-04
2.490955557885511553e+03 1.046986417623256749e+01 7.405234549071020977e-04
2.490962503023581121e+03 1.046993306765538279e+01 7.406501352293775329e-04
2.490969448161592027e+03 1.047274481852350192e+01 7.424056580234173483e-04
2.490976393299602023e+03 1.047186202646491893e+01 7.421420664159675577e-04
2.490983338437496514e+03 1.047167284857488667e+01 7.415552646536961723e-04
2.490990283575391004e+03 1.047159446216348755e+01 7.414086346373539946e-04
2.490997228713227742e+03 1.047343010172424904e+01 7.424051138000142434e-04
2.491004173851006271e+03 1.047561092650507142e+01 7.437719496265655927e-04
2.491011118988726594e+03 1.047511541571882532e+01 7.431205705304823415e-04
2.491018064126446916e+03 1.047700608854279380e+01 7.444121475948820227e-04
2.491025009264049913e+03 1.047752244282483858e+01 7.441359766640409179e-04
2.491031954401653820e+03 1.047533911331415624e+01 7.426942395168956981e-04
2.491038899539199974e+03 1.047836505731100232e+01 7.441557795905186928e-04
2.491045844676687011e+03 1.048027414672536395e+01 7.454656879173995367e-04
2.491052789814174503e+03 1.047965589775658302e+01 7.445219003535512043e-04
2.491059734951545579e+03 1.048193438707067315e+01 7.455130843148337089e-04
2.491066680088916655e+03 1.048340007145550068e+01 7.464273199534561185e-04
2.491073625226171316e+03 1.048676964259292532e+01 7.481282869554112865e-04
2.491080570363425068e+03 1.048826292104786262e+01 7.485237005577493599e-04
2.491087515500680183e+03 1.049107260169048850e+01 7.500823136434192932e-04
2.491094460637817974e+03 1.049371647840997568e+01 7.511324065506133282e-04
2.491101405774898012e+03 1.049506155403642893e+01 7.515968328212347099e-04
2.491108350911977595e+03 1.049683356343489216e+01 7.522491876931207844e-04
2.491115296048998516e+03 1.049937456975311001e+01 7.533474170845100727e-04
2.491122241185962139e+03 1.050250782319833398e+01 7.551161409489197569e-04
2.491129186322867099e+03 1.050430894282292549e+01 7.557334154894615984e-04
2.491136131459714306e+03 1.050771496064913180e+01 7.573379420726411050e-04
2.491143076596561514e+03 1.051157048206613709e+01 7.591546609928800622e-04
2.491150021733292306e+03 1.051201421909892986e+01 7.590523690689336949e-04
2.491156966870022188e+03 1.051605659779404967e+01 7.611717993645700274e-04
2.491163912006694773e+03 1.051798936215475955e+01 7.619214583790384328e-04
2.491170857143309149e+03 1.051972267923417270e+01 7.623496668448400369e-04
2.491177802279923526e+03 1.052432918027988507e+01 7.650745588215167575e-04
2.491184747416421487e+03 1.052667191064719709e+01 7.658662863133308208e-04
2.491191692552918994e+03 1.053072192746490643e+01 7.678360789305533219e-04
2.491198637689358293e+03 1.053311087783780486e+01 7.687781302710407173e-04
2.491205582825739839e+03 1.053535164566179994e+01 7.697203881026341192e-04
2.491212527962063177e+03 1.053850147427406192e+01 7.718189430347589678e-04
2.491219473098327853e+03 1.054133587088937318e+01 7.726854073352534781e-04
2.491226418234592984e+03 1.054268998089179732e+01 7.731382186676168198e-04
2.491233363370742154e+03 1.054431071146801635e+01 7.735610080483954756e-04
2.491240308506890869e+03 1.054873028746808394e+01 7.761210393417960476e-04
2.491247253642980922e+03 1.054855715744494304e+01 7.753488721902441040e-04
2.491254198779011858e+03 1.055476958258599041e+01 7.792085712527649106e-04
2.491261143915044158e+03 1.055361793764433820e+01 7.777614930952440756e-04
2.491268089050959134e+03 1.055693878351638482e+01 7.795507816256590011e-04
2.491275034186875473e+03 1.055831454787218249e+01 7.803845432731137391e-04
2.491281979322732695e+03 1.055878186772712723e+01 7.799623142812297681e-04
2.491288924458532620e+03 1.056320179192998054e+01 7.826124072017048849e-04
2.491295869594273881e+03 1.056373444022839969e+01 7.824326991817669597e-04
2.491302814730013779e+03 1.056532777919452393e+01 7.831786188044560695e-04
2.491309759865639535e+03 1.056778761604486760e+01 7.845892220077073896e-04
2.491316705001263927e+03 1.056958791590974123e+01 7.854803611124939328e-04
2.491323650136830111e+03 1.057134138845540505e+01 7.866743718003766294e-04
2.491330595272338542e+03 1.057246833256750307e+01 7.869741966966360474e-04
2.491337540407788765e+03 1.057224916056026842e+01 7.869081223956353021e-04
2.491344485543238989e+03 1.057389776168468920e+01 7.876682669934705668e-04
2.491351430678572797e+03 1.057518099716713245e+01 7.882454601782579390e-04
2.491358375813905695e+03 1.057429979304369994e+01 7.875822917194190160e-04
2.491365320949181296e+03 1.057745066207975526e+01 7.897623045397126262e-04
2.491372266084398689e+03 1.057579968929437975e+01 7.884297612482904201e-04
2.491379211219557874e+03 1.057489667399733335e+01 7.878437793304637546e-04
2.491386156354717059e+03 1.057718902285806095e+01 7.893748829505966647e-04
2.491393101489818036e+03 1.057508565176462056e+01 7.877962539195936887e-04
2.491400046624802599e+03 1.057411807032656093e+01 7.871934361571479924e-04
2.491406991759787161e+03 1.057406478970439956e+01 7.877190885355317548e-04
2.491413936894770814e+03 1.057519346959253070e+01 7.881266787909149652e-04
2.491420882029638051e+03 1.057497834988933860e+01 7.879633185790314593e-04
2.491427827164447990e+03 1.057388212344790901e+01 7.872843790250672654e-04
2.491434772299257020e+03 1.057316675222178759e+01 7.868814902087351666e-04
2.491441717434009206e+03 1.057263778687397959e+01 7.865802381043843477e-04
2.491448662568702275e+03 1.057503876400466680e+01 7.884416872191482009e-04
2.491455607703338046e+03 1.057410367115581629e+01 7.874444986769104119e-04
2.491462552837972908e+03 1.057531868956992582e+01 7.881486003601888800e-04
2.491469497972491354e+03 1.057443115325465754e+01 7.881033143027375495e-04
2.491476443107010709e+03 1.057346012485401410e+01 7.871800247003412276e-04
2.491483388241470948e+03 1.057450182057127819e+01 7.879098542395875353e-04
2.491490333375872979e+03 1.057523260060810166e+01 7.883692226737020955e-04
2.491497278510217257e+03 1.057799850732497760e+01 7.903805667243943333e-04
2.491504223644503327e+03 1.057654131953458787e+01 7.887803154460195591e-04
2.491511168778789397e+03 1.057728424394688638e+01 7.892054483346415102e-04
2.491518113913017260e+03 1.057529308335040419e+01 7.874496784771078993e-04
2.491525059047186460e+03 1.057757693021361334e+01 7.891790133303201249e-04
2.491532004181297907e+03 1.057842480700449173e+01 7.894616239170282671e-04
2.491538949315350692e+03 1.057920028836261039e+01 7.897813897292136698e-04
2.491545894449403932e+03 1.058119961298827150e+01 7.909790970053226424e-04
2.491552839583340756e+03 1.058304326570293341e+01 7.918879969052715654e-04
2.491559784717278035e+03 1.058074563616219343e+01 7.904955531476557176e-04
2.491566729851156651e+03 1.058232554144330706e+01 7.909951610158749615e-04
2.491573674984977060e+03 1.058631009717840143e+01 7.934385341891441335e-04
2.491580620118737897e+03 1.058533095163079096e+01 7.926006338311955036e-04
2.491587565252500099e+03 1.058889726381174512e+01 7.946934518876255880e-04
2.491594510386203183e+03 1.058868615914129663e+01 7.940999591359403087e-04
2.491601455519789852e+03 1.058912331949406394e+01 7.942761603390975861e-04
2.491608400653377430e+03 1.059265717931884865e+01 7.962793016806605931e-04
2.491615345786965008e+03 1.059505125502917622e+01 7.975224422704689986e-04
2.491622290920436626e+03 1.059624474169468122e+01 7.978431535715985916e-04
2.491629236053908244e+03 1.059824833188037019e+01 7.988873171019596773e-04
2.491636181187262082e+03 1.060147586230436900e+01 8.003335393107949931e-04
2.491643126320616375e+03 1.060337536861350216e+01 8.014043250427571683e-04
2.491650071453912915e+03 1.060614887630598702e+01 8.025825557024972908e-04
2.491657016587209000e+03 1.060659896246320244e+01 8.025419534814799000e-04
2.491663961720389580e+03 1.060999796997334776e+01 8.045053554498887705e-04
2.491670906853569250e+03 1.061231544629966628e+01 8.055063868436246203e-04
2.491677851986632959e+03 1.061554555034256175e+01 8.070810498787685076e-04
2.491684797119696668e+03 1.061884044038427355e+01 8.089689327201948863e-04
2.491691742252702170e+03 1.062051175090188693e+01 8.092981720867944290e-04
2.491698687385707672e+03 1.062326729946867410e+01 8.108428978777272329e-04
2.491705632518595849e+03 1.062573501319199565e+01 8.117784272995861011e-04
2.491712577651484935e+03 1.062949577089220199e+01 8.137164643546766990e-04
2.491719522784315359e+03 1.063055284556248026e+01 8.143824101304929317e-04
2.491726467917088485e+03 1.063422458746943100e+01 8.159412536545898858e-04
2.491733413049802948e+03 1.063971982675624872e+01 8.192161488080745846e-04
2.491740358182459204e+03 1.063954893830946702e+01 8.187624509816870044e-04
2.491747303315115005e+03 1.064445469005177536e+01 8.215564818465286934e-04
2.491754248447654390e+03 1.064419749033062601e+01 8.205992095303386987e-04
2.491761193580195140e+03 1.064570910335080711e+01 8.213332633193401195e-04
2.491768138712675864e+03 1.064835777062400091e+01 8.227339765542620144e-04
2.491775083845098834e+03 1.065015589180197075e+01 8.235389139048446662e-04
2.491782028977522714e+03 1.065545858680864733e+01 8.273529126342440585e-04
2.491788974109829724e+03 1.065391720048478774e+01 8.258064856826261707e-04
2.491795919242136733e+03 1.065571499251534604e+01 8.264048119301119948e-04
2.491802864374383716e+03 1.065790159858687858e+01 8.276656097105304340e-04
2.491809809506573856e+03 1.065904564278157629e+01 8.284774959843143726e-04
2.491816754638706698e+03 1.066137383598917054e+01 8.299312656448393569e-04
2.491823699770838175e+03 1.066029685771514934e+01 8.292211124311807879e-04
2.491830644902854601e+03 1.066382902526345511e+01 8.307708638872434142e-04
2.491837590034870573e+03 1.066221727384118978e+01 8.296969431609557948e-04
2.491844535166827882e+03 1.066388708024801524e+01 8.307107202375808592e-04
2.491851480298727893e+03 1.066258987439811534e+01 8.299697274428062500e-04
2.491858425430567877e+03 1.066553804350719403e+01 8.321462995501082132e-04
2.491865370562410135e+03 1.066400815092994492e+01 8.311674919382039915e-04
2.491872315694193276e+03 1.066630182406126970e+01 8.323614941052897729e-04
2.491879260825859092e+03 1.066424517617499923e+01 8.311022072272945815e-04
2.491886205957525362e+03 1.066271051318793894e+01 8.298774898712456966e-04
2.491893151089192543e+03 1.066152741959243500e+01 8.293761380825423035e-04
2.491900096220742853e+03 1.066495329476054010e+01 8.316445798547695417e-04
2.491907041352234955e+03 1.066432172983353510e+01 8.310139569865708465e-04
2.491913986483727058e+03 1.066103609861941059e+01 8.289260426866680142e-04
2.491920931615160498e+03 1.066038785183762627e+01 8.286136636882537312e-04
2.491927876746535730e+03 1.066096524112293586e+01 8.295492257392950500e-04
2.491934821877853210e+03 1.065924103983337012e+01 8.284315471058822152e-04
2.491941767009170690e+03 1.065709992735023093e+01 8.276115171942115181e-04
2.491948712140371754e+03 1.065547644707838337e+01 8.266546481098516110e-04
2.491955657271571908e+03 1.065219196155777404e+01 8.244074411194563749e-04
2.491962602402714765e+03 1.065236166804196039e+01 8.247525650263642320e-04
2.491969547533800323e+03 1.065055006072939747e+01 8.238588434104771041e-04
2.491976492664825855e+03 1.064883785062680843e+01 8.228195008600628670e-04
2.491983437795853206e+03 1.064659675765613578e+01 8.218875943191885757e-04
2.491990382926762322e+03 1.064577528084983982e+01 8.214596795129028382e-04
2.491997328057671893e+03 1.064707086394918178e+01 8.225649811362206829e-04
2.492004273188524166e+03 1.064652395961782361e+01 8.223461623457393403e-04
2.492011218319316868e+03 1.064557604890280373e+01 8.218541321784375835e-04
2.492018163450110933e+03 1.064393934868228442e+01 8.208065591001759750e-04
2.492025108580787673e+03 1.064314168724790832e+01 8.204972389519475315e-04
2.492032053711464869e+03 1.064356420403950132e+01 8.204019356110046944e-04
2.492038998842026103e+03 1.064174845475869802e+01 8.192293931017392969e-04
2.492045943972643727e+03 1.064323960871609387e+01 8.203254753470390782e-04
2.492052889103145390e+03 1.064334500243190185e+01 8.207062561655159225e-04
2.492059834233589754e+03 1.064346466611481112e+01 8.208093489799122774e-04
2.492066779364034119e+03 1.064500163442243874e+01 8.214236351668478819e-04
2.492073724494361613e+03 1.064315673037872756e+01 8.201059954986542229e-04
2.492080669624690017e+03 1.064328650839392942e+01 8.198344334104209130e-04
2.492087614754959759e+03 1.064374681961481883e+01 8.203229103156492062e-04
2.492094559885171293e+03 1.064595910789574873e+01 8.217190874794289175e-04
2.492101505015381917e+03 1.064644164385171621e+01 8.214423415866214289e-04
2.492108450145477491e+03 1.064823447810048584e+01 8.222312540545239279e-04
2.492115395275572155e+03 1.065116847749722950e+01 8.239794797069990243e-04
2.492122340405608156e+03 1.065427295673414321e+01 8.258138471389624971e-04
2.492129285535586860e+03 1.065591683087094133e+01 8.266432762329062930e-04
2.492136230665508265e+03 1.065985780129703642e+01 8.288693275824528988e-04
2.492143175795428760e+03 1.065897873357102199e+01 8.278718477637362618e-04
2.492150120925232386e+03 1.066082915336356152e+01 8.286509047950427111e-04
2.492157066055036012e+03 1.066266545430534585e+01 8.293622367935390332e-04
2.492164011184781430e+03 1.066889424807288300e+01 8.330547137831812799e-04
2.492170956314469549e+03 1.066827129789501782e+01 8.322880980646193971e-04
2.492177901444098097e+03 1.067673409288493502e+01 8.375090086501157331e-04
2.492184846573728009e+03 1.067524546878233238e+01 8.358965244537786173e-04
2.492191791703241051e+03 1.068071616068372975e+01 8.391001688186112842e-04
2.492198736832754093e+03 1.068215475996259656e+01 8.394813142364170467e-04
2.492205681962208928e+03 1.068680127842500482e+01 8.422516443614621066e-04
2.492212627091605100e+03 1.068822313296627158e+01 8.424080843686427168e-04
2.492219572221001727e+03 1.069055893073370811e+01 8.435381140545514071e-04
2.492226517350281938e+03 1.069336763538938939e+01 8.451177158828423108e-04
2.492233462479561240e+03 1.069703037665722789e+01 8.470547712492871705e-04
2.492240407608783244e+03 1.069879092250632446e+01 8.478790035599168516e-04
2.492247352737947040e+03 1.070178507382486188e+01 8.498061067377661289e-04
2.492254297867053083e+03 1.070417427320877835e+01 8.507657861857828878e-04
2.492261242996100009e+03 1.070838843188879963e+01 8.532445038903741603e-04
2.492268188125146935e+03 1.070976320021159012e+01 8.538596365884853741e-04
2.492275133254077900e+03 1.070914359402154936e+01 8.529003252824173984e-04
2.492282078383009321e+03 1.071196697487010496e+01 8.547883632964599614e-04
2.492289023511881169e+03 1.071275449389023926e+01 8.546450845897326934e-04
2.492295968640695719e+03 1.071662791208155419e+01 8.571581272474520586e-04
2.492302913769510269e+03 1.071859767846028433e+01 8.589164507574239410e-04
2.492309858898208404e+03 1.071853444040385384e+01 8.581583571056859835e-04
2.492316804026906539e+03 1.071899332867482713e+01 8.583582090371729171e-04
2.492323749155546011e+03 1.072144124233208906e+01 8.600217878150971055e-04
2.492330694284127276e+03 1.072061284441117834e+01 8.596333630150491739e-04
2.492337639412650788e+03 1.072206846140618985e+01 8.605532363359572187e-04
2.492344584541174299e+03 1.072063082344039842e+01 8.590004247062085242e-04
2.492351529669580941e+03 1.072315052017204451e+01 8.608556681705949133e-04
2.492358474797988038e+03 1.072187104343216291e+01 8.602932118588144930e-04
2.492365419926336926e+03 1.072047522582264634e+01 8.592179452360763784e-04
2.492372365054628062e+03 1.071891096028602952e+01 8.581509321946514555e-04
2.492379310182860081e+03 1.071551989962633478e+01 8.560438078138871967e-04
2.492386255311033892e+03 1.071762295830937362e+01 8.581086332562946287e-04
2.492393200439208158e+03 1.071447520358224459e+01 8.558059014214835277e-04
2.492400145567324216e+03 1.071566413946877816e+01 8.570632530395687126e-04
2.492407090695382067e+03 1.071035527157824774e+01 8.534796045929684410e-04
2.492414035823381710e+03 1.071100037235844127e+01 8.543617577476384948e-04
2.492420980951323145e+03 1.070981060722345291e+01 8.539403098038880280e-04
2.492427926079205463e+03 1.070788126343199842e+01 8.529253956437251758e-04
2.492434871207086871e+03 1.070472799730400837e+01 8.511815648111619326e-04
2.492441816334912346e+03 1.069968730205027541e+01 8.479425783002007702e-04
2.492448761462679613e+03 1.069665759340773903e+01 8.465114285672833191e-04
2.492455706590387308e+03 1.069714746219432833e+01 8.473814256060480414e-04
2.492462651718037705e+03 1.069393369120266257e+01 8.451161535689352688e-04
2.492469596845629894e+03 1.069217163723329733e+01 8.444788029564124750e-04
2.492476541973222538e+03 1.068930687991488249e+01 8.429592537173885743e-04
2.492483487100756065e+03 1.068477687449622593e+01 8.406279591973374841e-04
2.492490432228231384e+03 1.068516825532321768e+01 8.412625358771038233e-04
2.492497377355648950e+03 1.068254559586548069e+01 8.394515167280714200e-04
2.492504322483007854e+03 1.067938706384418168e+01 8.374484185729678129e-04
2.492511267610309005e+03 1.068082106416044930e+01 8.388654929190543681e-04
2.492518212737610156e+03 1.067738599563830526e+01 8.367726384711497061e-04
2.492525157864853099e+03 1.067641225046980402e+01 8.366375662794964859e-04
2.492532102992037380e+03 1.067418076226331536e+01 8.353784528899080948e-04
2.492539048119164363e+03 1.067157629152300657e+01 8.338231000975828127e-04
2.492545993246231774e+03 1.067167798840451631e+01 8.343013441462775225e-04
2.492552938373300549e+03 1.066879740977566371e+01 8.326116195508824133e-04
2.492559883500252454e+03 1.066856445965588307e+01 8.327404932390886777e-04
2.492566828627203904e+03 1.066699896221776278e+01 8.316099148319351132e-04
2.492573773754097601e+03 1.066693916495925976e+01 8.315177827599367711e-04
2.492580718880933091e+03 1.066500766866134775e+01 8.310080256792398180e-04
2.492587664007709918e+03 1.066360676656778139e+01 8.298888660660437306e-04
2.492594609134487655e+03 1.066572008708082464e+01 8.314678185459386172e-04
2.492601554261148067e+03 1.066308095027116920e+01 8.295562246549009755e-04
2.492608499387808934e+03 1.066566452566838485e+01 8.313817465135627319e-04
2.492615444514411138e+03 1.066331874707741001e+01 8.295602395923247323e-04
2.492622389640954680e+03 1.066083353073625695e+01 8.280278488242403395e-04
2.492629334767441378e+03 1.066369694214390407e+01 8.299296404547033519e-04
2.492636279893869414e+03 1.066487160982864246e+01 8.313067831720738227e-04
2.492643225020297905e+03 1.066390253626316742e+01 8.302336409017182974e-04
2.492650170146667733e+03 1.066245228172559045e+01 8.290841390413297794e-04
2.492657115272978444e+03 1.066393560664651652e+01 8.304758308043052413e-04
2.492664060399231403e+03 1.066279542801752989e+01 8.293155053698550785e-04
2.492671005525427063e+03 1.066280213690314937e+01 8.297954097557202731e-04
2.492677950651564061e+03 1.066274608518487810e+01 8.290786248088540889e-04
2.492684895777700604e+03 1.066064021438553411e+01 8.276588655918794193e-04
2.492691840903779394e+03 1.066735146414399438e+01 8.321456806432507005e-04
2.492698786029741314e+03 1.066466661871699273e+01 8.304531444274891594e-04
2.492705731155703688e+03 1.066517216359828879e+01 8.305281595221241080e-04
2.492712676281666063e+03 1.066745894752061474e+01 8.318239337635546316e-04
2.492719621407512477e+03 1.066927567785058883e+01 8.328027021111231469e-04
2.492726566533299774e+03 1.066874492242306083e+01 8.321287749970426818e-04
2.492733511659087071e+03 1.066743463085791177e+01 8.309257891594192804e-04
2.492740456784816615e+03 1.067135973998222376e+01 8.337242954904218331e-04
2.492747401910487952e+03 1.067343389640554996e+01 8.349059128596019721e-04
2.492754347036101080e+03 1.067428376121332967e+01 8.350973715841123607e-04
2.492761292161656002e+03 1.067575177278199483e+01 8.358795850779055956e-04
2.492768237287210013e+03 1.067788417287302138e+01 8.369366968228355826e-04
2.492775182412707181e+03 1.068014087140246993e+01 8.382717279397966818e-04
2.492782127538087025e+03 1.068029340721766474e+01 8.380334821102295231e-04
2.492789072663466868e+03 1.068258888235017423e+01 8.395370909712434595e-04
2.492796017788788959e+03 1.068542496760908023e+01 8.408473233291359613e-04
2.492802962914111049e+03 1.068626201296266132e+01 8.413827978709912834e-04
2.492809908039317179e+03 1.068577243870950078e+01 8.405640630211678446e-04
2.492816853164523309e+03 1.068873230505437988e+01 8.425555134535761374e-04
2.492823798289669412e+03 1.068962858708685104e+01 8.425442204411781990e-04
2.492830743414700919e+03 1.069067893643328837e+01 8.434971512152421693e-04
2.492837688539790179e+03 1.069167895474778973e+01 8.436837564254023696e-04
2.492844633664762114e+03 1.069320709546139092e+01 8.446860069595699474e-04
2.492851578789676751e+03 1.069321793049590141e+01 8.441966995714651756e-04
2.492858523914591387e+03 1.069080134398086912e+01 8.427471201305037707e-04
2.492865469039390064e+03 1.069454692699649279e+01 8.454782254545820715e-04
2.492872414164187830e+03 1.069360775404014419e+01 8.444967096160073666e-04
2.492879359288927390e+03 1.069536099970406084e+01 8.459076217494984748e-04
2.492886304413609651e+03 1.069451309928446570e+01 8.451855351280750236e-04
2.492893249538291002e+03 1.069192682312550602e+01 8.436190649889624416e-04
2.492900194662855938e+03 1.069174352340473533e+01 8.439545767670729622e-04
2.492907139787420874e+03 1.068982148467641480e+01 8.424942311487453820e-04
2.492914084911928512e+03 1.068760413422556432e+01 8.411366073861285125e-04
2.492921030036377488e+03 1.068948688610287334e+01 8.428135842484711995e-04
2.492927975160768256e+03 1.068829485959789061e+01 8.418780019418831834e-04
2.492934920285099906e+03 1.068352194846534076e+01 8.392077953055554788e-04
2.492941865409374259e+03 1.068537385458990308e+01 8.408417161936237701e-04
2.492976591030163945e+03 1.067157669313881208e+01 8.332476426705639691e-04
2.492983536154147259e+03 1.066928920242760448e+01 8.320773100972645667e-04
2.492990481278130119e+03 1.066802257366870066e+01 8.323598077183253473e-04
2.492997426401997018e+03 1.066457375002944374e+01 8.298547280672606552e-04
2.493004371525863917e+03 1.066340783972473005e+01 8.298280853868192624e-04
2.493011316649672153e+03 1.066141805723657043e+01 8.285199113343658280e-04
2.493018261773422637e+03 1.065795221894619615e+01 8.265520975787800546e-04
2.493025206897173121e+03 1.065746125700900038e+01 8.263755286500726804e-04
2.493032152020807189e+03 1.065229893621028801e+01 8.234279276388945749e-04
2.493039097144441257e+03 1.065154107335276024e+01 8.230084608982715525e-04
2.493046042288621720e+03 1.065063635900300199e+01 8.228224556491942282e-04
2.493052987412139373e+03 1.064857682237258629e+01 8.216901506899157610e-04
2.493059932535598819e+03 1.064682859236311785e+01 8.207942176607680058e-04
2.493066877659000056e+03 1.064568868972518878e+01 8.205423018837749820e-04
2.493073822782342631e+03 1.064391463899129953e+01 8.190705552957140093e-04
2.493080767905686116e+03 1.064369086201571690e+01 8.197711897319613248e-04
2.493087713028912731e+03 1.064279943914327831e+01 8.190708901193015931e-04
2.493094658152138891e+03 1.064047764405277974e+01 8.179163974267367231e-04
2.493101603275306843e+03 1.064182939677506212e+01 8.187685374510266000e-04
2.493108548398417497e+03 1.064061886957077263e+01 8.179730182266344452e-04
2.493115493521469034e+03 1.064034688317822841e+01 8.180923559731228048e-04
2.493122438644520571e+03 1.063973033875598340e+01 8.177424892213023492e-04
2.493129383767456147e+03 1.063830493339780503e+01 8.166180264826391815e-04
2.493136328890392178e+03 1.063795306558041887e+01 8.165407028221950128e-04
2.493143274013210430e+03 1.063637555797773437e+01 8.158366708875802037e-04
2.493150219136030046e+03 1.063716315412144908e+01 8.164051801562024297e-04
2.493157164258848752e+03 1.063367210349581882e+01 8.141297576764104605e-04
2.493164109381551498e+03 1.063698160587651564e+01 8.163833982136702158e-04
2.493171054504196036e+03 1.063562643886789871e+01 8.158659467519627792e-04
2.493177999626840119e+03 1.063480891105774973e+01 8.155935406194101149e-04
2.493184944749367787e+03 1.063484276400450490e+01 8.152918498189689906e-04
2.493191889871895910e+03 1.063490513810228499e+01 8.151445526640987982e-04
2.493198834994365370e+03 1.063392189517458597e+01 8.144569901095641837e-04
2.493205780116777532e+03 1.063455915087545200e+01 8.150636206090271533e-04
2.493212725239189240e+03 1.063621231876131468e+01 8.161979282726398045e-04
2.493219670361484532e+03 1.063512856872604395e+01 8.149588991415189021e-04
2.493226615483779824e+03 1.063512435529920985e+01 8.150767177284343841e-04
2.493233560605957791e+03 1.063473288708375009e+01 8.150815041512642989e-04
2.493240505728136668e+03 1.063413825694353854e+01 8.143183216480550518e-04
2.493247450850256882e+03 1.063532850848237921e+01 8.150644059013959376e-04
2.493254395972318889e+03 1.063728280603763210e+01 8.163327370671785753e-04
2.493261341094381351e+03 1.063870221677261618e+01 8.175044703065890679e-04
2.493268286216328306e+03 1.063924314410273553e+01 8.175340709920849011e-04
2.493275231338273898e+03 1.063886853595912996e+01 8.170882087790893884e-04
2.493282176460103528e+03 1.063954681131034619e+01 8.175785190630120930e-04
2.493289121581932704e+03 1.064103643333218407e+01 8.179441634820285066e-04
2.493296066703704582e+03 1.064164939479273464e+01 8.187195093964011244e-04
2.493303011825416888e+03 1.064189227924519798e+01 8.185058638251487516e-04
2.493309956947130104e+03 1.064154820459937412e+01 8.178421126060500751e-04
2.493316902068726904e+03 1.064537398971126692e+01 8.202900311594294152e-04
2.493323847190265042e+03 1.064355592772142778e+01 8.194880972021542555e-04
2.493330792311804544e+03 1.064551620629255524e+01 8.203224409727815757e-04
2.493337737433285838e+03 1.064886368847164455e+01 8.222925976628438780e-04
2.493344682554707560e+03 1.064836995016894150e+01 8.219119508270279371e-04
2.493351627676071530e+03 1.064660016731392567e+01 8.213437919385103069e-04
2.493358572797376837e+03 1.064645382652485139e+01 8.206136323049195627e-04
2.493365517918681689e+03 1.064520848692963106e+01 8.193740380166051555e-04
2.493372463039871946e+03 1.064468744273788481e+01 8.192314165939326535e-04
2.493379408161061292e+03 1.064704233440118131e+01 8.210071457176639637e-04
2.493386353282191976e+03 1.064698125008494323e+01 8.212131370880193211e-04
2.493393298403264907e+03 1.064488361146118933e+01 8.199005784664739746e-04
2.493400243524279176e+03 1.064366065350461277e+01 8.191922195442494789e-04
2.493407188645236147e+03 1.064211432689020498e+01 8.191517430081304493e-04
2.493414133766134000e+03 1.063867517689016751e+01 8.164650296652963121e-04
2.493421078887032309e+03 1.063852405701684489e+01 8.171329659914884419e-04
2.493428024007813292e+03 1.063561111203540577e+01 8.153555672404877918e-04
2.493434969128596094e+03 1.063330871294763114e+01 8.140935913024896107e-04
2.493441914249319780e+03 1.062890368186776513e+01 8.112325577737811025e-04
2.493448859369985257e+03 1.062823346527326152e+01 8.116031191528842162e-04
2.493455804490592072e+03 1.062689125695821346e+01 8.111662486167178082e-04
2.493462749611140680e+03 1.062328184474597847e+01 8.086582374180381052e-04
2.493469694731689742e+03 1.062301652846037214e+01 8.092811545043097562e-04
2.493476639852121934e+03 1.062291812155766912e+01 8.094387627306780936e-04
2.493483584972554581e+03 1.061849297865062169e+01 8.069888262834818684e-04
2.493490530092929021e+03 1.061612021020335916e+01 8.053772938326738198e-04
2.493497475213245707e+03 1.061680014672726102e+01 8.063570583898057448e-04
2.493504420333502821e+03 1.061537469419680235e+01 8.056029803731362855e-04
2.493511365453702638e+03 1.061066858081631281e+01 8.029170217480978942e-04
2.493518310573901999e+03 1.061160693091990836e+01 8.036222258528757196e-04
2.493525255693985855e+03 1.060992510629580643e+01 8.029632885710665273e-04
2.493532200814069256e+03 1.060794611547323818e+01 8.019437383457633838e-04
2.493539145934035332e+03 1.060593835313368416e+01 8.009826038661240931e-04
2.493546091054002318e+03 1.060427282999320653e+01 7.998525452290248909e-04
2.493553036173911551e+03 1.060376995608261730e+01 7.999962734284794862e-04
2.493559981293762121e+03 1.060407914575221255e+01 8.002349952897853036e-04
2.493566926413612237e+03 1.060103914475700293e+01 7.986230143329101170e-04
2.493573871533345937e+03 1.059957774818027332e+01 7.977174865880308063e-04
2.493580816653080092e+03 1.059880316385834043e+01 7.977124159938631717e-04
2.493587761772697377e+03 1.059478124111793740e+01 7.948884466145735538e-04
2.493594706892315571e+03 1.059448139640441333e+01 7.953934173909895343e-04
2.493601652011875103e+03 1.059619031377596343e+01 7.966655952357376558e-04
2.493608597131375973e+03 1.059337086279803231e+01 7.946316882711499958e-04
2.493615542250819090e+03 1.059294650780476132e+01 7.944569964769106684e-04
2.493622487370203544e+03 1.059226556794709317e+01 7.943059549722337022e-04
2.493629432489588908e+03 1.059134946124349597e+01 7.940122931010939328e-04
2.493636377608856947e+03 1.059034626235242271e+01 7.930644254917322425e-04
2.493643322728124986e+03 1.059041392891893452e+01 7.932517891678873140e-04
2.493650267847335272e+03 1.058949927081548736e+01 7.924964265469021385e-04
2.493657212966487350e+03 1.058891888241756796e+01 7.923444003709912992e-04
2.493664158085581221e+03 1.058905110575908637e+01 7.925304668975718773e-04
2.493671103204616884e+03 1.058929938763415102e+01 7.932059638644687683e-04
2.493678048323593885e+03 1.059023795736112561e+01 7.931914480192736464e-04
2.493684993442513587e+03 1.058885341192235785e+01 7.925984851477552379e-04
2.493691938561432380e+03 1.058847769183395116e+01 7.923789650960620353e-04
2.493698883680292965e+03 1.058728540610485425e+01 7.915571186875720562e-04
2.493705828799037590e+03 1.058797326965798824e+01 7.919281068005051914e-04
2.493712773917783124e+03 1.058840276538665037e+01 7.922442681116834617e-04
2.493719719036469996e+03 1.058825253983801851e+01 7.920779809141463221e-04
2.493726664155097751e+03 1.058867050902616036e+01 7.922786321535508526e-04
2.493733609273667753e+03 1.059039656895128090e+01 7.935934877838594090e-04
2.493740554392237755e+03 1.059051474009054594e+01 7.934753616121344166e-04
2.493747499510690886e+03 1.059226916414671038e+01 7.946224151329469351e-04
2.493754444629144018e+03 1.059154275482674912e+01 7.939944172637638121e-04
2.493761389747539397e+03 1.059233804369960197e+01 7.944071960075899455e-04
2.493768334865819270e+03 1.059055629548393895e+01 7.927705835706009554e-04
2.493775279984097324e+03 1.059398880960404199e+01 7.948088328916159571e-04
2.493782225102318534e+03 1.059408341249954510e+01 7.949876855458483165e-04
2.493789170220538836e+03 1.059621199486294607e+01 7.961426849617411977e-04
2.493796115338643176e+03 1.059559656092137558e+01 7.955164519728466456e-04
2.493803060456689309e+03 1.059660337509334482e+01 7.959473305017080065e-04
2.493810005574734532e+03 1.059627020267383202e+01 7.955654303454627466e-04
2.493816950692664250e+03 1.059938228325073695e+01 7.976444944340998046e-04
2.493823895810593967e+03 1.059809114827233500e+01 7.969035927725205866e-04
2.493830840928465932e+03 1.059932612681946651e+01 7.975921529486940369e-04
2.493837786046278779e+03 1.060053468658362341e+01 7.982521959634951599e-04
2.493844731164033419e+03 1.059949821246205381e+01 7.973772935327310459e-04
2.493851676281730761e+03 1.060110544376852815e+01 7.984210584588805363e-04
2.493858621399426738e+03 1.059934832060725896e+01 7.971072806875706494e-04
2.493865566517007210e+03 1.060038392782494299e+01 7.977704191101720778e-04
2.493872511634587681e+03 1.059875744010675902e+01 7.964118499824852362e-04
2.493879456752051738e+03 1.059711541708678517e+01 7.953355104809229281e-04
2.493886401869515339e+03 1.059785935337631280e+01 7.959286097662716551e-04
2.493893346986922097e+03 1.059899740597912654e+01 7.969337918666238082e-04
2.493900292104269283e+03 1.060108968230229465e+01 7.984715629145778312e-04
2.493907237221558717e+03 1.059975855868304073e+01 7.979528058110099253e-04
2.493914182338789487e+03 1.060049389854099822e+01 7.982089009643623728e-04
2.493921127455962051e+03 1.059647204369527529e+01 7.958537556704883267e-04
2.493928072573135069e+03 1.059959271296445316e+01 7.981779499619936829e-04
2.493935017690191671e+03 1.059652271339608376e+01 7.963209418119334467e-04
2.493941962807248274e+03 1.059540182674684416e+01 7.959632763570673392e-04
2.493948907924246669e+03 1.059501382389628610e+01 7.953521832200011665e-04
2.493955853041127739e+03 1.059374531144603182e+01 7.950337430890510150e-04
2.493962798158010628e+03 1.059218039300109382e+01 7.944363301353718747e-04
2.493969743274835309e+03 1.059129723434252845e+01 7.938733653394722777e-04
2.493976688391658172e+03 1.058864884023931197e+01 7.922687591300554182e-04
2.493983633508365983e+03 1.058614551584891927e+01 7.908652839635191192e-04
2.493990578625014678e+03 1.058306184335747169e+01 7.894472825079988524e-04
2.493997523741663827e+03 1.058133393693158908e+01 7.883908253498354921e-04
2.494004468858197015e+03 1.058209049633194354e+01 7.895328087685229805e-04
2.494011413974729294e+03 1.057649963126350023e+01 7.862455207741352731e-04
2.494018359091203365e+03 1.057595719499378362e+01 7.864131203039929170e-04
2.494025304207620138e+03 1.057212056836399938e+01 7.840571246276869730e-04
2.494032249323976885e+03 1.057032625748331967e+01 7.835068052316545781e-04
2.494039194440277242e+03 1.056861598466366559e+01 7.829503008415456076e-04
2.494046139556518938e+03 1.056712373052530474e+01 7.822202030043095720e-04
2.494053084672702425e+03 1.056445966933264735e+01 7.807909587037964276e-04
2.494060029788827705e+03 1.056230023197926826e+01 7.795262364956827414e-04
2.494066974904952531e+03 1.056121891654293776e+01 7.794424610684929375e-04
2.494073920020961395e+03 1.055934457560949014e+01 7.783145392761148685e-04
2.494080865136969805e+03 1.055998392253248142e+01 7.792502381028718322e-04
2.494087810252920463e+03 1.055695400127634542e+01 7.778836174034114287e-04
2.494094755368812912e+03 1.055389652880851514e+01 7.757879884320448760e-04
2.494101700484647154e+03 1.055404840148810308e+01 7.763439205651918688e-04
2.494108645600423642e+03 1.055447781413855068e+01 7.765466807206347286e-04
2.494115590716141014e+03 1.055070830733453668e+01 7.743679849090800548e-04
2.494122535831799723e+03 1.054813004999467552e+01 7.728515748826660656e-04
2.494129480947401589e+03 1.054898524593840570e+01 7.738083978507915520e-04
2.494136426063003000e+03 1.054795667804848947e+01 7.735682415682993036e-04
2.494143371178487087e+03 1.054531225809799722e+01 7.724040155136708326e-04
2.494150316293972537e+03 1.054390479160144523e+01 7.713084950894964808e-04
2.494157261409399325e+03 1.054071355315781133e+01 7.693494893801684515e-04
2.494164206524709698e+03 1.054246684381695864e+01 7.710720990915627881e-04
2.494171151640020980e+03 1.054117813078298482e+01 7.704405487703682885e-04
2.494178096755273145e+03 1.054103279687942418e+01 7.704566027536988247e-04
2.494185041870467103e+03 1.053984091033275305e+01 7.697021283372328061e-04
2.494191986985602853e+03 1.053744755484158802e+01 7.681350324539461911e-04
2.494198932100737693e+03 1.053864671425811039e+01 7.695354979031884162e-04
2.494205877215757482e+03 1.053567404563496090e+01 7.673535614329973385e-04
2.494212822330718154e+03 1.053692562027592494e+01 7.681779903948556323e-04
2.494219767445679281e+03 1.053493085058913792e+01 7.671291789501891601e-04
2.494226712560582200e+03 1.053740581660735032e+01 7.690721794102817546e-04
2.494233657675367795e+03 1.053539071742417477e+01 7.672241282265113843e-04
2.494240602790155208e+03 1.053677359275355130e+01 7.687155351030222237e-04
2.494247547904883049e+03 1.053501742114037398e+01 7.673652407185241027e-04
2.494254493019552683e+03 1.053707725955509567e+01 7.683944042062041411e-04
2.494261438134164564e+03 1.053452099409800269e+01 7.667288637841353054e-04
2.494268383248718237e+03 1.053849775979930037e+01 7.694293508463856575e-04
2.494275328363214157e+03 1.053498184837020268e+01 7.671052199921165595e-04
2.494282273477650961e+03 1.053828539942855258e+01 7.692821008088148935e-04
2.494289218592088218e+03 1.053644804781920286e+01 7.679103214439330066e-04
2.494296163706408606e+03 1.053854404348034990e+01 7.692950142369067105e-04
2.494303108820729449e+03 1.053759733125266962e+01 7.684934951360217854e-04
2.494310053934932967e+03 1.053807410125516775e+01 7.687766268243744015e-04
2.494316999049137394e+03 1.053649408446536384e+01 7.675411290956018866e-04
2.494323944163284068e+03 1.054062275590005981e+01 7.702556149422745821e-04
2.494330889277313418e+03 1.053983989625165663e+01 7.694304698301925299e-04
2.494337834391343677e+03 1.054097827254339137e+01 7.700369323618346407e-04
2.494344779505315273e+03 1.054239041509278962e+01 7.706927783145235212e-04
2.494351724619229572e+03 1.054305301797612415e+01 7.711042706535905719e-04
2.494358669733142960e+03 1.054257662129826834e+01 7.708407462730463558e-04
2.494365614846939025e+03 1.054129756845729560e+01 7.700474206209906693e-04
2.494372559960677791e+03 1.054253843014960523e+01 7.709119372639368101e-04
2.494379505074359258e+03 1.054351258578092043e+01 7.715924135661694641e-04
2.494386450188038907e+03 1.054109132257954329e+01 7.699144508349141207e-04
2.494393395301603505e+03 1.054227313359691820e+01 7.705886725203592823e-04
2.494400340415167193e+03 1.054307638086109122e+01 7.710743304482052139e-04
2.494407285528673128e+03 1.054206712348550035e+01 7.711454722780600743e-04
2.494414230642062648e+03 1.054059874598374869e+01 7.699142325736246534e-04
2.494421175755451259e+03 1.053913056891348710e+01 7.687788555665099090e-04
2.494428120868783026e+03 1.054063195461289659e+01 7.699601189708806534e-04
2.494435065982055676e+03 1.053805314740000476e+01 7.688153137789755171e-04
2.494442011095271027e+03 1.053716744735433153e+01 7.685397941306336975e-04
2.494448956208427262e+03 1.053519908774950764e+01 7.671218009923841310e-04
2.494455901321524834e+03 1.053543521558422214e+01 7.675870712505705696e-04
2.494462846434566018e+03 1.053366904274313320e+01 7.663875572345565587e-04
2.494469791547606292e+03 1.053004976000658033e+01 7.646281264918150132e-04
2.494476736660529241e+03 1.053204829524762864e+01 7.661475733805067113e-04
2.494483681773394892e+03 1.052830515074539619e+01 7.638617881985032207e-04
2.494490626886260543e+03 1.052735193660323709e+01 7.637449561782612547e-04
2.494497571999067077e+03 1.052656302295621771e+01 7.637905849269731534e-04
2.494504517111759469e+03 1.052164099426880028e+01 7.606472431271111461e-04
2.494511462224450952e+03 1.051990193463160850e+01 7.601134110029567981e-04
2.494518407337083772e+03 1.051827487729041266e+01 7.595479916256319330e-04
2.494525352449600177e+03 1.051588762328219495e+01 7.585615316338695669e-04
2.494532297562115673e+03 1.051350546022734278e+01 7.573141345929058649e-04
2.494539242674573870e+03 1.051148595337029690e+01 7.563805735277118322e-04
2.494546187786973860e+03 1.051221685810545381e+01 7.572989410368257193e-04
2.494553132899315642e+03 1.050777535512528615e+01 7.553939323238293953e-04
2.494560078011599217e+03 1.050695585624671757e+01 7.550505714984397749e-04
2.494567023123824583e+03 1.050465909496483619e+01 7.540895859585882875e-04
2.494573968236049950e+03 1.049935327045781541e+01 7.507791467024582622e-04
2.494580913348158901e+03 1.049903453221272542e+01 7.511109309742318788e-04
2.494587858460208736e+03 1.049664870761324487e+01 7.501186341048858173e-04
2.494594803572259934e+03 1.049491824009544771e+01 7.494181720850160095e-04
2.494601748684193808e+03 1.049213443000144963e+01 7.478932640438117887e-04
2.494608693796128136e+03 1.049019445793168437e+01 7.471160033326860496e-04
2.494615638907946050e+03 1.049097860508122082e+01 7.477450160756666945e-04
2.494622584019763963e+03 1.048853755016988742e+01 7.464617968937231228e-04
2.494629529131523668e+03 1.048607760990115878e+01 7.452159554467121172e-04
2.494636474243166958e+03 1.048760730765382121e+01 7.465157517399580471e-04
2.494643419354809794e+03 1.048329183015809640e+01 7.438587507389635275e-04
2.494650364466396240e+03 1.048294999094345670e+01 7.440604243308109956e-04
2.494657309577923115e+03 1.048226887759931536e+01 7.438395512809281790e-04
2.494664254689390873e+03 1.047884881640027110e+01 7.419127714092136954e-04
2.494671199800743580e+03 1.047842347129269314e+01 7.417595531246735973e-04
2.494678144912095377e+03 1.047941833645023557e+01 7.426426787248475471e-04
2.494685090023447628e+03 1.047691145687473480e+01 7.415554543161851199e-04
2.494692035134683465e+03 1.047409017170522993e+01 7.396818059281734352e-04
2.494698980245802431e+03 1.047467980413138022e+01 7.402165654128381065e-04
2.494705925357038723e+03 1.047342775482978894e+01 7.398178872513994477e-04
2.494712870468040819e+03 1.047531260818625221e+01 7.410555511304047806e-04
2.494719815579043825e+03 1.047157945470290485e+01 7.390514886531867169e-04
2.494726760690046376e+03 1.047288787499697982e+01 7.396880695211262248e-04
2.494733705800933421e+03 1.047050260499481666e+01 7.386676998892060869e-04
2.494740650911820467e+03 1.047173759642856261e+01 7.395232975789495060e-04
2.494747596022590187e+03 1.046791669943722525e+01 7.371793693912158819e-04
2.494754541133359908e+03 1.046960185995124881e+01 7.379917061669423201e-04
2.494761486244013213e+03 1.046885980011827755e+01 7.378843066317101063e-04
2.494768431354667428e+03 1.046918705290274687e+01 7.380706542824063158e-04
2.494775376465204317e+03 1.046669475723439291e+01 7.368617829110400393e-04
2.494782321575742571e+03 1.046605272796726638e+01 7.362322930013478692e-04
2.494789266686279916e+03 1.046765793278780166e+01 7.371250635277418108e-04
2.494796211796584430e+03 1.046813304803536582e+01 7.376510493573609469e-04
2.494803156907006269e+03 1.046584522555015617e+01 7.360323514281857764e-04
2.494810102017309873e+03 1.046770550531081057e+01 7.375865407539856792e-04
2.494817047127497972e+03 1.046485575739317042e+01 7.355313055463164268e-04
2.494823992237686070e+03 1.046918161949599479e+01 7.381188049667039260e-04
2.494830937347873260e+03 1.046800307682351949e+01 7.378309525451162178e-04
2.494837882457944943e+03 1.046732963367211156e+01 7.372500422869609918e-04
2.494844827567900211e+03 1.046748173074934840e+01 7.372236511626167324e-04
2.494851772677855934e+03 1.046721866588261562e+01 7.369888637824223779e-04
2.494858717787810747e+03 1.046912144489515661e+01 7.379631712540934887e-04
2.494865662897648690e+03 1.046678531940113643e+01 7.367383541486078116e-04
2.494872608007371582e+03 1.046772584651185234e+01 7.372631996004243423e-04
2.494879553117094019e+03 1.046610356462189628e+01 7.364062743311705151e-04
2.494886498226816002e+03 1.046571914279465965e+01 7.362844466489771623e-04
2.494893443336422479e+03 1.046629064366199380e+01 7.363423018073609683e-04
2.494900388446028956e+03 1.046601266973608624e+01 7.364666378459577660e-04
2.494907333555519472e+03 1.046458290061741536e+01 7.358208033923869986e-04
2.494914278664891754e+03 1.046441125055036991e+01 7.354069729425128776e-04
2.494921223774264945e+03 1.046496733989043726e+01 7.358496507215902269e-04
2.494928168883638591e+03 1.046609290787344193e+01 7.367343933216032167e-04
2.494935113992894912e+03 1.046289160211484415e+01 7.347393307389884836e-04
2.494942059102150779e+03 1.046483227302707952e+01 7.359295653885970182e-04
2.494949004211291594e+03 1.046261184825479518e+01 7.345744374157912957e-04
2.494955949320431955e+03 1.046441948659211718e+01 7.359578577271090388e-04
2.494962894429455901e+03 1.046353635839054874e+01 7.356324027416824042e-04
2.494969839538480301e+03 1.046240281456326215e+01 7.346907087923966028e-04
2.494976784647386921e+03 1.046188563823040596e+01 7.349178221887457674e-04
2.494983729756293997e+03 1.045937887558229562e+01 7.333360320681982627e-04
2.494990674865086021e+03 1.045708523387617817e+01 7.324904144760366375e-04
2.494997619973875771e+03 1.045621316581564386e+01 7.320918803867381558e-04
2.495004565082550926e+03 1.045340970414284065e+01 7.307968637364852492e-04
2.495011510191225170e+03 1.045230399020789314e+01 7.302802973713747384e-04
2.495018455299784364e+03 1.045154569739609585e+01 7.302664996360307137e-04
2.495025400408344012e+03 1.044845445856502941e+01 7.288008050967774822e-04
2.495032345516784972e+03 1.044571722984409945e+01 7.273539410341059181e-04
2.495039290625226386e+03 1.044570601702730173e+01 7.276082932259104888e-04
2.495046235733551839e+03 1.044214500265278645e+01 7.261833762839083658e-04
2.495053180841877293e+03 1.044153432750237087e+01 7.259517034203837515e-04
2.495060125950085421e+03 1.043949609838163006e+01 7.252591088744578599e-04
2.495067071058294914e+03 1.043684298512268072e+01 7.235169835377328138e-04
2.495074016166503952e+03 1.043733336860075056e+01 7.242480434236686681e-04
2.495080961274480615e+03 1.043609886184151136e+01 7.235051500865030596e-04
2.495087906382572328e+03 1.043584563950749455e+01 7.237124093281149676e-04
2.495094851490548535e+03 1.043329690468129911e+01 7.227273419691492267e-04
2.495101796598408328e+03 1.043330432653936946e+01 7.222042587569932077e-04
2.495108741706268120e+03 1.043201484045071581e+01 7.217369216730134662e-04
2.495115686814011497e+03 1.043318609490315474e+01 7.226523406979187217e-04
2.495122631921754419e+03 1.043026330873523833e+01 7.207857608376383798e-04
2.495129577029381835e+03 1.043050447801411451e+01 7.211078519429851450e-04
2.495136522137009706e+03 1.042833109706234040e+01 7.197070249674126716e-04
2.495143467244520252e+03 1.042995280930726487e+01 7.208641043244467476e-04
2.495150412352030344e+03 1.042829952783326775e+01 7.198616954949613438e-04
2.495157357459540890e+03 1.042851084623719871e+01 7.200687526438989509e-04
2.495164302566934566e+03 1.043133690906712907e+01 7.218170756042582370e-04
2.495171247674211827e+03 1.043001849594899610e+01 7.209413774668819780e-04
2.495178192781489997e+03 1.042865795377876026e+01 7.203107564105511043e-04
2.495185137888651298e+03 1.042781307083208553e+01 7.198152287201688409e-04
2.495192082995813053e+03 1.042761746197147588e+01 7.195706941924398569e-04
2.495199028102857028e+03 1.042580728149185276e+01 7.189272627849120590e-04
2.495205973209901913e+03 1.042829148357849967e+01 7.203574046935506178e-04
2.495212918316829928e+03 1.042696690782264213e+01 7.193822484913057298e-04
2.495219863423757943e+03 1.042694043129352899e+01 7.195229142753449937e-04
2.495226808530569997e+03 1.042863489004272282e+01 7.209603805650256552e-04
2.495233753637382961e+03 1.042756500699101352e+01 7.199917687826678549e-04
2.495240698744195925e+03 1.042709448484546186e+01 7.197268684512379659e-04
2.495247643850774693e+03 1.042589776517590749e+01 7.188766280577759456e-04
2.495254588957470332e+03 1.042756209004138412e+01 7.200146972310982095e-04
2.495261534063933141e+03 1.042484454943494576e+01 7.185507271048526554e-04
2.495268479170511910e+03 1.042373239851829680e+01 7.177154145778907434e-04
2.495275424276857848e+03 1.042598370752070203e+01 7.191613324652590530e-04
2.495282369383320656e+03 1.042511983686349986e+01 7.185817393391541723e-04
2.495289314489551089e+03 1.042498783393948258e+01 7.183438480544422937e-04
2.495296259595897482e+03 1.042453435696118014e+01 7.181474836025399924e-04
2.495303204702011044e+03 1.042421437928011940e+01 7.180688825964824272e-04
2.495310149808240112e+03 1.042552461608059744e+01 7.189333088669251420e-04
2.495317094914237714e+03 1.042742217269353588e+01 7.200136523563569011e-04
2.495324040020234406e+03 1.042744684451772486e+01 7.197535542106698204e-04
2.495330985126231099e+03 1.042696434941593608e+01 7.195171904754046844e-04
2.495337930232112740e+03 1.042653275562091331e+01 7.191810572466915972e-04
2.495344875337993926e+03 1.042830040467060471e+01 7.200521491774376521e-04
2.495351820443758697e+03 1.042928363792933766e+01 7.206615036656037346e-04
2.495358765549523014e+03 1.042793782990381679e+01 7.199027358028107365e-04
2.495365710655170005e+03 1.042854957573262986e+01 7.202032753041915421e-04
2.495372655760701491e+03 1.043010544870340262e+01 7.211045589371608503e-04
2.495379600866232977e+03 1.043130716233651789e+01 7.216325511191745397e-04
2.495386545971764008e+03 1.042892601477515413e+01 7.198617779555398569e-04
2.495393491077179078e+03 1.043212334414321241e+01 7.219529200766878953e-04
2.495400436182593694e+03 1.042936245554168195e+01 7.200260903099832540e-04
2.495407381287892349e+03 1.043166744931369472e+01 7.215071956096064500e-04
2.495414326393075044e+03 1.043230804362995201e+01 7.217535149280202532e-04
2.495421271498256829e+03 1.043348166854744719e+01 7.224429959229636787e-04
2.495428216603439068e+03 1.043249838085456460e+01 7.217235335985896453e-04
2.495435161708505348e+03 1.043261732757279603e+01 7.218222085267359195e-04
2.495442106813455212e+03 1.043348304036887697e+01 7.223799962829014366e-04
2.495449051918404621e+03 1.043179129833753294e+01 7.211901182177681740e-04
2.495455997023237614e+03 1.043104770812633220e+01 7.206163051463805895e-04
2.495462942128070608e+03 1.043385217352268945e+01 7.223208745375687013e-04
2.495469887232787187e+03 1.043372769094762198e+01 7.224715177010211870e-04
2.495476832337502856e+03 1.043174182953848117e+01 7.213602228456799433e-04
2.495483777442219434e+03 1.043379458379304481e+01 7.226869029818944971e-04
2.495490722546703182e+03 1.043301967692723764e+01 7.220338949780690484e-04
2.495497667651302891e+03 1.043149540880600412e+01 7.211737855399979330e-04
2.495504612755670678e+03 1.043204583794204510e+01 7.218087498877646209e-04
2.495511557860153971e+03 1.043023903818690812e+01 7.206185582994654873e-04
2.495518502964404888e+03 1.042975613530371959e+01 7.207073322334647076e-04
2.495525448068656260e+03 1.042768335483355990e+01 7.194472326890946753e-04
2.495532393172908087e+03 1.042587421858203278e+01 7.185674738151715934e-04
2.495539338277042589e+03 1.042655607697961884e+01 7.194935368911281040e-04
2.495546283381177091e+03 1.042565889485062591e+01 7.192652668326816748e-04
2.495553228485194268e+03 1.042112956866423801e+01 7.164778152300558568e-04
2.495560173589095939e+03 1.042275754454906966e+01 7.176632002554297549e-04
2.495567118692998065e+03 1.041937993308085630e+01 7.158437320161733413e-04
2.495574063796899281e+03 1.042023017051943690e+01 7.165578145608021005e-04
2.495581008900684537e+03 1.041987512095836088e+01 7.167204706390144231e-04
2.495587954004352923e+03 1.041901746323819467e+01 7.162137339278760962e-04
2.495594899108021309e+03 1.041659395879270988e+01 7.147088499877508536e-04
2.495601844211573734e+03 1.041312378275099881e+01 7.132483320496900295e-04
2.495608789315126160e+03 1.041191813458248028e+01 7.127562384903332127e-04
2.495615734418679494e+03 1.041149221389747126e+01 7.128674932855765065e-04
2.495622679521999544e+03 1.041021156359149202e+01 7.121666073122101493e-04
2.495629624625435554e+03 1.041092741037123304e+01 7.129694812138460437e-04
2.495636569728639188e+03 1.040935064965347578e+01 7.121424117925890954e-04
2.495643514831841003e+03 1.040714032010064827e+01 7.110283808161614247e-04
2.495650459935044637e+03 1.040678639091323809e+01 7.110519991529784317e-04
2.495657405038130946e+03 1.040371546808472303e+01 7.094497064910822333e-04
2.495664350141217255e+03 1.040287768827379367e+01 7.091542227724837626e-04
2.495671295244188059e+03 1.040329769002869043e+01 7.098906131427513283e-04
2.495678240347041992e+03 1.040308193636139578e+01 7.094041120602098119e-04
2.495685185449895926e+03 1.040263138095911799e+01 7.094656677992023817e-04
2.495692130552750314e+03 1.040253768105532473e+01 7.093968375966535440e-04
2.495699075655370052e+03 1.040227899759511310e+01 7.095001561371191371e-04
2.495706020758108480e+03 1.040087795448098440e+01 7.084950797619175150e-04
2.495712965860730037e+03 1.040022694527912961e+01 7.083353776465079648e-04
2.495719910963233815e+03 1.039771314041409234e+01 7.068059052782210043e-04
2.495726856065738957e+03 1.039918799830860507e+01 7.078125406265481324e-04
2.495733801168126774e+03 1.039771295743389423e+01 7.069517287335133539e-04
2.495740746270399541e+03 1.039806460620989625e+01 7.072108104612305707e-04
2.495747691372787813e+03 1.039770002209850475e+01 7.069692397516819408e-04
2.495754636474942345e+03 1.039866590932350476e+01 7.077629191498033788e-04
2.495761581577097786e+03 1.039654402487685836e+01 7.068511290714610783e-04
2.495768526679253227e+03 1.039649923484655147e+01 7.069552974970685346e-04
2.495775471781292254e+03 1.039672583405121031e+01 7.066900523069512491e-04
2.495782416883214410e+03 1.039599925106072575e+01 7.063432765980929640e-04
2.495789361985137930e+03 1.039549203650327414e+01 7.063474620249496220e-04
2.495796307086943671e+03 1.039643326528318212e+01 7.064702046249284962e-04
2.495803252188749866e+03 1.039535166223896567e+01 7.059845487516816769e-04
2.495810197290440101e+03 1.039530409290978952e+01 7.059652171643135713e-04
2.495817142392129426e+03 1.039643464325061473e+01 7.065080623269280212e-04
2.495824087493702791e+03 1.039736390374528696e+01 7.069792170410697362e-04
2.495831032595159741e+03 1.039523274865514502e+01 7.062234366766489057e-04
2.495837977696616690e+03 1.039562769549161558e+01 7.060341161495406383e-04
2.495844922798073640e+03 1.039487282106614252e+01 7.055890664162371576e-04
2.495851867899413264e+03 1.039511961798206485e+01 7.057818977533405775e-04
2.495858813000637383e+03 1.039693101538524900e+01 7.068816797809988764e-04
2.495865758101861957e+03 1.039679848083466496e+01 7.070736339505945050e-04
2.495872703202970570e+03 1.039743282955414827e+01 7.069829490688667780e-04
2.495879648304078728e+03 1.039575880233621774e+01 7.060338978669473574e-04
2.495886593405069107e+03 1.039518449400577893e+01 7.055679921102290825e-04
2.495893538506060395e+03 1.039718447990562744e+01 7.065524110501660666e-04
2.495900483606935268e+03 1.039856411929832802e+01 7.073456395632952932e-04
2.495907428707692816e+03 1.039945052892409549e+01 7.077031801663432806e-04
2.495914373808451273e+03 1.039899344750636345e+01 7.075016544830512247e-04
2.495921318909209731e+03 1.039978736285310923e+01 7.082366665509486590e-04
2.495928264009735813e+03 1.039983865214589187e+01 7.078249007695887112e-04
2.495935209110378310e+03 1.040095428370419839e+01 7.083024828076178421e-04
2.495942154210787066e+03 1.039926129115330866e+01 7.074449784595356148e-04
2.495949099311196733e+03 1.040246473420284268e+01 7.092410017490479498e-04
2.495956044411606399e+03 1.040128681981368786e+01 7.084584232627977752e-04
2.495962989511898741e+03 1.040200885384107998e+01 7.088561852686011376e-04
2.495969934632797504e+03 1.040337675374483339e+01 7.097369188152890260e-04
2.495976879732973430e+03 1.040304654029929843e+01 7.093069681835931272e-04
2.495983824833149356e+03 1.040346548356123968e+01 7.095057016046669735e-04
2.495990769933093361e+03 1.040380030413618329e+01 7.095294456805113521e-04
2.495997715033153327e+03 1.040354550587371207e+01 7.096008933901412803e-04
2.496004660132980007e+03 1.040256328004069530e+01 7.088777983140172236e-04
2.496011605232806687e+03 1.040341695605761885e+01 7.091543304001768702e-04
2.496018550332633822e+03 1.040230699893738731e+01 7.086433770105714279e-04
2.496025495432344542e+03 1.040405264923606943e+01 7.098717517405862777e-04
2.496032440531939756e+03 1.039999427121292186e+01 7.077788616978991773e-04
2.496039385631534515e+03 1.040188812316388400e+01 7.084832278489275369e-04
2.496046330731012404e+03 1.040159483285740016e+01 7.087317762052172763e-04
2.496053275830489838e+03 1.039863300524613798e+01 7.069337736005450352e-04
2.496060220929850857e+03 1.040005478355378621e+01 7.080180594642694831e-04
2.496067166029212785e+03 1.040011180535910107e+01 7.084121469064727245e-04
2.496074111128456934e+03 1.039817383231030945e+01 7.072853708096019792e-04
2.496081056227586032e+03 1.039617893884738109e+01 7.061719414767315484e-04
2.496088001326714220e+03 1.039573888654616241e+01 7.061976415747017732e-04
2.496094946425842863e+03 1.039338616735667919e+01 7.050674733656544851e-04
2.496101891524738676e+03 1.039457128788486706e+01 7.059448431179411471e-04
2.496108836623634943e+03 1.039046184734303502e+01 7.037623760453595939e-04
2.496115781722531665e+03 1.038967144314683466e+01 7.037032055482483114e-04
2.496122726821311062e+03 1.038823737985481976e+01 7.030493201588640167e-04
2.496129671919972679e+03 1.038745544900338125e+01 7.027222132163820755e-04
2.496136617018636571e+03 1.038496835875719704e+01 7.014970681384082550e-04
2.496143562117299098e+03 1.038282419204349338e+01 7.007065909826915451e-04
2.496150507215729704e+03 1.038307595572132946e+01 7.009946443573187268e-04
2.496157452314159855e+03 1.038088132738966607e+01 7.000021165125745693e-04
2.496164397412589096e+03 1.037953683900029844e+01 6.996032467561863694e-04
2.496171342510902377e+03 1.037876296105126350e+01 6.992363764058464855e-04
2.496178287609101062e+03 1.037794675399343625e+01 6.990028372893340031e-04
2.496185232707298383e+03 1.037675036505032544e+01 6.985291036614284330e-04
2.496192177805379288e+03 1.037498273005877536e+01 6.975988251312550004e-04
2.496199122903460193e+03 1.037399604399361763e+01 6.970032242982450920e-04
2.496206068001424683e+03 1.037363465686993891e+01 6.969544753548680529e-04
2.496213013099389173e+03 1.037341716608426090e+01 6.971644976458714598e-04
2.496219958197237247e+03 1.037254820165818714e+01 6.965117927611493964e-04
2.496226903294968452e+03 1.037273166848618544e+01 6.966304230466745717e-04
2.496233848392700111e+03 1.037324711024265689e+01 6.971551537888467584e-04
2.496240793490314900e+03 1.037232061129850536e+01 6.965412195674727759e-04
2.496247738587813728e+03 1.037206608704671851e+01 6.965565552829897046e-04
2.496254683685313466e+03 1.037305404894477512e+01 6.970186948400562471e-04
2.496261628782812295e+03 1.037347746746563892e+01 6.973065687602500191e-04
2.496268573880079202e+03 1.037055566316667132e+01 6.957489717187979221e-04
2.496275518977460706e+03 1.037229534005116172e+01 6.965645203592981793e-04
2.496282464074609834e+03 1.037120736298536983e+01 6.960024849107007130e-04
2.496289409171759871e+03 1.037138007562439057e+01 6.959109484222174942e-04
2.496296354268908544e+03 1.037296075680477081e+01 6.969778000275611172e-04
2.496303299365942166e+03 1.037211904214701796e+01 6.964681791177196801e-04
2.496310244462858918e+03 1.037290225001261135e+01 6.971737343974853578e-04
2.496317189559775215e+03 1.037233266599695192e+01 6.963023729865027833e-04
2.496324134656576462e+03 1.037407049968251194e+01 6.974011638646290595e-04
2.496331079753260383e+03 1.037563893635431000e+01 6.982885368727327190e-04
2.496338024849944304e+03 1.037500779830732256e+01 6.978557754378910283e-04
2.496344969946511810e+03 1.037397195267080541e+01 6.971088975152100412e-04
2.496351915043079316e+03 1.037515593551733417e+01 6.976816109463058243e-04
2.496358860139529952e+03 1.037481822806877751e+01 6.974243864778344182e-04
2.496365805235981043e+03 1.037617826340977345e+01 6.979578169140364429e-04
2.496372750332316173e+03 1.037966082486322605e+01 6.999138727491981387e-04
2.496379695428533978e+03 1.037903011326847569e+01 6.996820539929677306e-04
2.496386640524751783e+03 1.037931379708964741e+01 6.994584399866931538e-04
2.496393585620854537e+03 1.037949333564348819e+01 6.993200013086928657e-04
2.496400530716840422e+03 1.038146438591348542e+01 7.000976623635836883e-04
2.496407475812825396e+03 1.038091571250289569e+01 6.999187294665080343e-04
2.496414420908694410e+03 1.038166846965190970e+01 7.002153777126113136e-04
2.496421366004563424e+03 1.038246140076174129e+01 7.004542080632442450e-04
2.496428311100316478e+03 1.038302976738455285e+01 7.008393410013359767e-04
2.496435256196069076e+03 1.038370068315672334e+01 7.007211663229201328e-04
2.496442201291704350e+03 1.038536798313919007e+01 7.019175128744064998e-04
2.496449146387224573e+03 1.038666724743779568e+01 7.022422133567710013e-04
2.496456091482743886e+03 1.038586281972759551e+01 7.019013596021896062e-04
2.496463036578147694e+03 1.038776172492620731e+01 7.027446576416954875e-04
2.496469981673435086e+03 1.038748244883303684e+01 7.024392825947042710e-04
2.496476926768722024e+03 1.038874679151507863e+01 7.029733572312429251e-04
2.496483871863892546e+03 1.038995488214764151e+01 7.036005374115122902e-04
2.496490816959063068e+03 1.039038955615669124e+01 7.036963956399418891e-04
2.496497762054116720e+03 1.039089145261506886e+01 7.038853028273557621e-04
2.496504707149053957e+03 1.039085977771948777e+01 7.037284484679855482e-04
2.496511652243992103e+03 1.039141798183867138e+01 7.036498353540026436e-04
2.496518597338812469e+03 1.039481961931741161e+01 7.057813295428752446e-04
2.496525542433634200e+03 1.039564218253323702e+01 7.061499631396530923e-04
2.496532487528339516e+03 1.039609318158966467e+01 7.065828900493262114e-04
2.496539432622928416e+03 1.039534147877784775e+01 7.057454928139963437e-04
2.496546377717517316e+03 1.039505253962380849e+01 7.056756362410358851e-04
2.496553322811988437e+03 1.039577308642535058e+01 7.059870172509489757e-04
2.496560267906344507e+03 1.039423489115901589e+01 7.050462958150980827e-04
2.496567213000700121e+03 1.039592972728728704e+01 7.062960262555718557e-04
2.496574158094938412e+03 1.039375514929121991e+01 7.052455715889703429e-04
2.496581103189177611e+03 1.039355360262457850e+01 7.049204753977882402e-04
2.496588048283300395e+03 1.039383847289858664e+01 7.052041433764631197e-04
2.496594993377307674e+03 1.039312251874168602e+01 7.048188195326239060e-04
2.496601938471314952e+03 1.039211670914603936e+01 7.046240477829552673e-04
2.496608883565203996e+03 1.039114748858522930e+01 7.039901968984285923e-04
2.496615828659093950e+03 1.038988912939178455e+01 7.035564231890716058e-04
2.496622773752751073e+03 1.038942890468845448e+01 7.032656365207587456e-04
2.496629718846524156e+03 1.038651467908208481e+01 7.018200464910608104e-04
2.496636663940064409e+03 1.038540822527800600e+01 7.015504082756983005e-04
2.496643609033606026e+03 1.038525629510527892e+01 7.013335979580350311e-04
2.496650554127146279e+03 1.038408091616526008e+01 7.006669925346132709e-04
2.496657499220455065e+03 1.038524165452033188e+01 7.015795994000904607e-04
2.496664444313762942e+03 1.038458700906532428e+01 7.014489914469091867e-04
2.496671389407070365e+03 1.038245000844646349e+01 7.004608786137868403e-04
2.496678334500262281e+03 1.038425306716021979e+01 7.014466396158062752e-04
2.496685279593337327e+03 1.038271483512212967e+01 7.009690884449751563e-04
2.496692224686295503e+03 1.038121206191135926e+01 7.003673404413949350e-04
2.496699169779253680e+03 1.038049491338222552e+01 6.995918011062173371e-04
2.496706114872096350e+03 1.037869256011453878e+01 6.985470065271912141e-04
2.496713059964939021e+03 1.038105620501270110e+01 7.004060220305561874e-04
2.496720005057663911e+03 1.038025999235311048e+01 6.996440732750826416e-04
2.496726950150273296e+03 1.037901991401095714e+01 6.989047134756095139e-04
2.496733895242884046e+03 1.038021692266996610e+01 6.994167620648157786e-04
2.496740840335376561e+03 1.037839608827873406e+01 6.984974256056590775e-04
2.496747785427869530e+03 1.037920402197737424e+01 6.990515341905307982e-04
2.496754730520129669e+03 1.037844475062511407e+01 6.986307429752268037e-04
2.496761675612506224e+03 1.037849902115661038e+01 6.987041660707193208e-04
2.496768620704649948e+03 1.037938302140147506e+01 6.992622488244546125e-04
2.496775565796792762e+03 1.038032533328258644e+01 6.995726429075184308e-04
2.496782510888820525e+03 1.037927918507716463e+01 6.987876035152786351e-04
2.496789455980848288e+03 1.038148935090346470e+01 6.999040507151328304e-04
2.496796401072759181e+03 1.038138942994198999e+01 7.000423631879094380e-04
2.496803346164553659e+03 1.038088567894939018e+01 6.995286643737362977e-04
2.496810291256348137e+03 1.038175105549946764e+01 7.001477725927382966e-04
2.496817236348026654e+03 1.038236422282587590e+01 7.004730194950294650e-04
2.496824181439587846e+03 1.038341900209724855e+01 7.009767369977933787e-04
2.496831126531149039e+03 1.038332434663914228e+01 7.006122514790288783e-04
2.496838071622594725e+03 1.038350431942062357e+01 7.006651875486899581e-04
2.496845016713923997e+03 1.038408465251034229e+01 7.009917062886342242e-04
2.496851961805253268e+03 1.038706280426177386e+01 7.023459566080034753e-04
2.496858906896465669e+03 1.038627246929251413e+01 7.017319739373015014e-04
2.496865851987560745e+03 1.038564766709163578e+01 7.016507143975444366e-04
2.496872797078657641e+03 1.038647855982801538e+01 7.021617397096661072e-04
2.496879742169637211e+03 1.038713775120968208e+01 7.018338975495546587e-04
2.496886687260499457e+03 1.038978348029982079e+01 7.032277632422326069e-04
2.496893632351362612e+03 1.038914178862361481e+01 7.026436122721696790e-04
2.496900577442109352e+03 1.039091694026753387e+01 7.036599900184997225e-04
2.496907522532739677e+03 1.039111130188899246e+01 7.035289223155381019e-04
2.496914467623370911e+03 1.039364389170289016e+01 7.048623126727372040e-04
2.496921412713884820e+03 1.039430496565576689e+01 7.049391480724646842e-04
2.496928357804398729e+03 1.039606354130559396e+01 7.059340145879039853e-04
2.496935302894796223e+03 1.039551874404539333e+01 7.051593006965101336e-04
2.496942247985077302e+03 1.039808891357466969e+01 7.066398179237523905e-04
2.496949193075241510e+03 1.039930600857659293e+01 7.068950081778578327e-04
2.496956138165405719e+03 1.040110760104375132e+01 7.077475562056064189e-04
2.496963083255453967e+03 1.040313069596160389e+01 7.086989120615409940e-04
2.496970028345386709e+03 1.040286173682439497e+01 7.082142653375182121e-04
2.496976973435318996e+03 1.040632976332185500e+01 7.102825579107136271e-04
2.496983918525133959e+03 1.040754119199815619e+01 7.104826111811214651e-04
2.496990863614950285e+03 1.041242907586126520e+01 7.132921059912444546e-04
2.496997808704531508e+03 1.041033945012478412e+01 7.114676648741825350e-04
2.497004753794114549e+03 1.041269025932560943e+01 7.126320920679978009e-04
2.497011698883697136e+03 1.041513237188935470e+01 7.141474938827365110e-04
2.497018643973045982e+03 1.041362416784068756e+01 7.128241925018342744e-04
2.497025589062396648e+03 1.041227110450602034e+01 7.118993283802231824e-04
2.497032534151747313e+03 1.041413016336159458e+01 7.127620323438256739e-04
2.497039479240864239e+03 1.041613357844330245e+01 7.139315114679863506e-04
2.497046424329981164e+03 1.041820152356781293e+01 7.149670538730618823e-04
2.497053369419097180e+03 1.041826118848824123e+01 7.148765135444038648e-04
2.497060314507981275e+03 1.041906399141890560e+01 7.150901341271495310e-04
2.497067259596865370e+03 1.042139812255198983e+01 7.164507998596115817e-04
2.497074204685633049e+03 1.041618091432602355e+01 7.134203454947635322e-04
2.497081149774400728e+03 1.041704325258393027e+01 7.141577874944123310e-04
2.497088094863051992e+03 1.041975054014231006e+01 7.156105394315398971e-04
2.497095039951586841e+03 1.041660078863250405e+01 7.139458928434899059e-04
2.497101985040005275e+03 1.041438204022866998e+01 7.126603482275215224e-04
2.497108930128423708e+03 1.041603983002558032e+01 7.141771554429452752e-04
2.497115875216726636e+03 1.041439499222562048e+01 7.127298012848969945e-04
2.497122820305027744e+03 1.041508107901472968e+01 7.133354327172944506e-04
2.497129765393096932e+03 1.041361923902719866e+01 7.126963613353098394e-04
2.497136710481166119e+03 1.041570691766784407e+01 7.140342098877342555e-04
2.497143655569236216e+03 1.041288821141681886e+01 7.123937632502044337e-04
2.497150600657072573e+03 1.041336767405963215e+01 7.128313945590420472e-04
2.497157545744908930e+03 1.041253181143411766e+01 7.126384396282102766e-04
2.497164490832628871e+03 1.041076591200656232e+01 7.117740370714897369e-04
2.497171435920348358e+03 1.040852345712217719e+01 7.104657481911430148e-04
2.497178381007951884e+03 1.040785511299110055e+01 7.102145536521718792e-04
2.497185326095438995e+03 1.040768700320300688e+01 7.105855049536238506e-04
2.497192271182809236e+03 1.040604375888663924e+01 7.095342028467938869e-04
2.497199216270180386e+03 1.040630594731262093e+01 7.099841367778545430e-04
2.497206161357435121e+03 1.040527827342702238e+01 7.095729303692168907e-04
2.497213106444572986e+03 1.040375430341855534e+01 7.087933850005752453e-04
2.497220051531710851e+03 1.040282311257581682e+01 7.084898121166443045e-04
2.497226996618732301e+03 1.040110034215443591e+01 7.071838676087801841e-04
2.497233941705637335e+03 1.040243977696735200e+01 7.081966190517098711e-04
2.497240886792425499e+03 1.040103549588619813e+01 7.074566801936249191e-04
2.497247831879214573e+03 1.040075018474719037e+01 7.072389308097745339e-04
2.497254776965886776e+03 1.040237975535327664e+01 7.083613393896648260e-04
2.497261722052559435e+03 1.040266878095011904e+01 7.086603609315493589e-04
2.497268667138998353e+03 1.040152680427335241e+01 7.077758619724518630e-04
2.497275612225437726e+03 1.040215803932114191e+01 7.081696086818660071e-04
2.497282557311761593e+03 1.040298509538919980e+01 7.087664544556963788e-04
2.497289502398084096e+03 1.040250354024566981e+01 7.082622529059522326e-04
2.497296447484173768e+03 1.040217379023885513e+01 7.080400654273974990e-04
2.497303392570263895e+03 1.040360398606281578e+01 7.088887062317890527e-04
2.497310337656354932e+03 1.040301198440720398e+01 7.085377791959155498e-04
2.497317282742212228e+03 1.040396997357692221e+01 7.088561134504519452e-04
2.497324227828069525e+03 1.040460743576996272e+01 7.094407747748148179e-04
2.497331172913810406e+03 1.040448480609005699e+01 7.088857448937870877e-04
2.497338117999551287e+03 1.040641891702331279e+01 7.101418889581824186e-04
2.497345063085058882e+03 1.040565775105843649e+01 7.097122519459038480e-04
2.497352008170566933e+03 1.040598150729386795e+01 7.096411125315239257e-04
2.497358953255958568e+03 1.040571119837057168e+01 7.094313015603534618e-04
2.497365898341351112e+03 1.040984966136395329e+01 7.114491777605265249e-04
2.497372843426625877e+03 1.040817071256649484e+01 7.102463533697030628e-04
2.497379788511785137e+03 1.040720485594061806e+01 7.095879721422976728e-04
2.497386733596827071e+03 1.040960513126971065e+01 7.109385601587589389e-04
2.497393678681753499e+03 1.041120762631949326e+01 7.119728152316478738e-04
2.497400623766679473e+03 1.041166331638433462e+01 7.117906144446219325e-04
2.497407568851488577e+03 1.041412112280027635e+01 7.127894961184618730e-04
2.497414513936298135e+03 1.041483124718247666e+01 7.131554188996577304e-04
2.497421459020875773e+03 1.041628393107602690e+01 7.138467187726905321e-04
2.497428404105452046e+03 1.041969964596149012e+01 7.156005352364315031e-04
2.497435349189912358e+03 1.041929422591849885e+01 7.150873010839003171e-04
2.497442294274256710e+03 1.042146954399936121e+01 7.161745133829593851e-04
2.497449239358600607e+03 1.042292354895929307e+01 7.165671175009821281e-04
2.497456184442828089e+03 1.042382570463659164e+01 7.169824194385230991e-04
2.497463129526938246e+03 1.042214796615486705e+01 7.155290454103489968e-04
2.497470074610933352e+03 1.042802778931611485e+01 7.190306045948125337e-04
2.497477019694928913e+03 1.042848963724596523e+01 7.189413029876430723e-04
2.497483964778806694e+03 1.042925050454771352e+01 7.190976656783770347e-04
2.497490909862568515e+03 1.043071987216747409e+01 7.197298296544252455e-04
2.497497854946329880e+03 1.043328329961125078e+01 7.210431959281914105e-04
2.497504800029859325e+03 1.043242560793425255e+01 7.203088348213508444e-04
2.497511745113388315e+03 1.043496392145548413e+01 7.216511882408413372e-04
2.497518690196800435e+03 1.043652834513753902e+01 7.222829160570575554e-04
2.497525635280097504e+03 1.043735465733569612e+01 7.226837254678013982e-04
2.497532580363394118e+03 1.043830463641528006e+01 7.231498887157345465e-04
2.497539525446572952e+03 1.044010024525417180e+01 7.236486019766703555e-04
2.497546470529636281e+03 1.043922239085882708e+01 7.232935266285223271e-04
2.497553415612584104e+03 1.044041041432190298e+01 7.239254087252526906e-04
2.497560360695530562e+03 1.044054384760918630e+01 7.236708385474325969e-04
2.497567305778361060e+03 1.044171395226181254e+01 7.243206028742400901e-04
2.497574250861075598e+03 1.044377497264855492e+01 7.254080547454664924e-04
2.497581195943673265e+03 1.044172021647722559e+01 7.241425756367437768e-04
2.497588141026271387e+03 1.044372982858693177e+01 7.253023357136034440e-04
2.497595086108635769e+03 1.044452566417185224e+01 7.256582312245525362e-04
2.497602031191000606e+03 1.044430819108637643e+01 7.253899471151013020e-04
2.497608976273249027e+03 1.044229898506803522e+01 7.239474040486590725e-04
2.497615921355496994e+03 1.044491466208993558e+01 7.260513123972365699e-04
2.497622866437513039e+03 1.044390973218201779e+01 7.252820279842167768e-04
2.497629811519528630e+03 1.044497505554160277e+01 7.259293517742489935e-04
2.497636756601428715e+03 1.044417427232037454e+01 7.254106693249321846e-04
2.497643701683327890e+03 1.044551185634048274e+01 7.265771195683479048e-04
2.497650646764993326e+03 1.044230876452250811e+01 7.243616248904744068e-04
2.497657591846660125e+03 1.044195336000525742e+01 7.246119325172983025e-04
2.497664536928210055e+03 1.044131988216756213e+01 7.241309899543894261e-04
2.497671482009643569e+03 1.044031508872495095e+01 7.234024963871976731e-04
2.497678427091077538e+03 1.044150925926383167e+01 7.244170926378269747e-04
2.497685372172278221e+03 1.043867779146633978e+01 7.226456998089763424e-04
2.497692317253478905e+03 1.043937889382246453e+01 7.232421686388674359e-04
2.497699262334563173e+03 1.044003874305823665e+01 7.237850271734113175e-04
2.497706207415646986e+03 1.043943493801419109e+01 7.235093242010337501e-04
2.497713152496498424e+03 1.043765532048019118e+01 7.225610328405852141e-04
2.497720097577350316e+03 1.043873817133767901e+01 7.232900699107862753e-04
2.497727042658085338e+03 1.043551679206185945e+01 7.212972573000090738e-04
2.497733987738704855e+03 1.043759195809320062e+01 7.227200463738102203e-04
2.497740932819207046e+03 1.043660416876446462e+01 7.223658761013648354e-04
2.497747877899708328e+03 1.043647873054831976e+01 7.221936203188676585e-04
2.497754822980095014e+03 1.043557631693939314e+01 7.217946893810061595e-04
2.497761768060363465e+03 1.043414272122149811e+01 7.208742508532764480e-04
2.497768713140516411e+03 1.043334972816563244e+01 7.205228541074153517e-04
2.497775658220552941e+03 1.043484936653935335e+01 7.214426384815051697e-04
2.497782603300589926e+03 1.043362738697415004e+01 7.209508482715311839e-04
2.497789548380510951e+03 1.043542072571074186e+01 7.218197566144540951e-04
2.497796493460314196e+03 1.043397511255907872e+01 7.207843191028341385e-04
2.497803438540001480e+03 1.043205778985213250e+01 7.200863236155609880e-04
2.497810383619572349e+03 1.043498077149895131e+01 7.219642818135362265e-04
2.497817328699142308e+03 1.043280019746679343e+01 7.203814658950583993e-04
2.497824273778596762e+03 1.043447539360755272e+01 7.210306984483706456e-04
2.497831218857935710e+03 1.043362218976198363e+01 7.207608045356130207e-04
2.497838163937158242e+03 1.043361811260946048e+01 7.205854569170178255e-04
2.497845109016263450e+03 1.043429902143729038e+01 7.207554224506640839e-04
2.497852054095367748e+03 1.043531458468202011e+01 7.214406046052683616e-04
2.497858999174240580e+03 1.043545054806981653e+01 7.217315244196345408e-04
2.497865944253112957e+03 1.043749217680153585e+01 7.225691284898045708e-04
2.497872889331868009e+03 1.043932180879842697e+01 7.234137029556914934e-04
2.497879834410624426e+03 1.043815835284856774e+01 7.226140727251981546e-04
2.497886779489148921e+03 1.044243224394805480e+01 7.249146344393179271e-04
2.497893724567672052e+03 1.044173178957455939e+01 7.244207719169264625e-04
2.497900669646078313e+03 1.044394631492919068e+01 7.255967780005999346e-04
2.497907614724367704e+03 1.044084444664300548e+01 7.235592150231329005e-04
2.497914559802542499e+03 1.044272196756836202e+01 7.243261064943212453e-04
2.497921504880599969e+03 1.044595894556292848e+01 7.260966041315026044e-04
2.497928449958656984e+03 1.044613946595427301e+01 7.259896417867875776e-04
2.497935395036598948e+03 1.044822130193188059e+01 7.269467285704180959e-04
2.497942340114424042e+03 1.045050648954323513e+01 7.283331717981377353e-04
2.497949285192131811e+03 1.045159520753659876e+01 7.287769625187237848e-04
2.497956230269724074e+03 1.045195077800557826e+01 7.287922318247160242e-04
2.497963175347314973e+03 1.045391253538760168e+01 7.302888026412676301e-04
2.497970120424790366e+03 1.045513090545571266e+01 7.312726240422795900e-04
2.497977065502033383e+03 1.045608510216800013e+01 7.322956451295314960e-04
2.497984010579276401e+03 1.045897354705196136e+01 7.349863048525032399e-04
2.497990955656518963e+03 1.046141222802670256e+01 7.379176884739287352e-04
2.497997900733528695e+03 1.046263167643764902e+01 7.403813209284625411e-04
2.498004845810538427e+03 1.046463459223223325e+01 7.444745906540437561e-04
2.498011790887315328e+03 1.046642806682159055e+01 7.492420103475034600e-04
2.498018735964092230e+03 1.046933467957510366e+01 7.542340853287536140e-04
2.498025681040753625e+03 1.046965625417054113e+01 7.584720410129699823e-04
2.498032626117297696e+03 1.047390892412565400e+01 7.652393048350361431e-04
2.498039571193840857e+03 1.047183439631829316e+01 7.687199391910591898e-04
2.498046516270152551e+03 1.047506192522923030e+01 7.756899862511302222e-04
2.498053461346464246e+03 1.047757549370377816e+01 7.824350714268772699e-04
2.498060406422658616e+03 1.048041102216306619e+01 7.894005630830714867e-04
2.498067351498737935e+03 1.047984186062137901e+01 7.938804680717653295e-04
2.498074296574699929e+03 1.048339650928715017e+01 8.007735713405019938e-04
2.498081241650661923e+03 1.048501705072838774e+01 8.062618922704218932e-04
2.498088186726391086e+03 1.048458606200422061e+01 8.095776626787486987e-04
2.498095131802119795e+03 1.048665172947000990e+01 8.144846163121747737e-04
2.498102076877732543e+03 1.048621060917699666e+01 8.173237372192781449e-04
2.498109021953228876e+03 1.048766958477146360e+01 8.217504467625757168e-04
2.498115967028609703e+03 1.048612329796907794e+01 8.239342679334525675e-04
2.498122912103990075e+03 1.048634101360724280e+01 8.264563886629287077e-04
2.498129857179136707e+03 1.049235038785196217e+01 8.338317338443514354e-04
2.498136802254283339e+03 1.049011786419056591e+01 8.349557166068691857e-04
2.498143747329314010e+03 1.049251001076309109e+01 8.392511689296869217e-04
2.498150692404227811e+03 1.049097106278317604e+01 8.410611663743389373e-04
2.498157637479026562e+03 1.049245536390516165e+01 8.446070705892305729e-04
2.498164582553708442e+03 1.048997069316690300e+01 8.453181189227133244e-04
2.498171527628389867e+03 1.049338185098358878e+01 8.502158595928608438e-04
2.498178472702955332e+03 1.049311570275907179e+01 8.522928894751057027e-04
2.498185417777287057e+03 1.049391135208396619e+01 8.553473819615219900e-04
2.498192362851618782e+03 1.049271745543190271e+01 8.570469126982687216e-04
2.498199307925950961e+03 1.049125336120415142e+01 8.577673334107906774e-04
2.498206253000050310e+03 1.049463481051779823e+01 8.624522828562983766e-04
2.498213198074034608e+03 1.049284106055991295e+01 8.626275395155035951e-04
2.498220143148017087e+03 1.049692842761436395e+01 8.681001916932131824e-04
2.498227088221883605e+03 1.049132155912314346e+01 8.660092286729098674e-04
2.498234033295633708e+03 1.049484135310308552e+01 8.709396996990464686e-04
2.498240978369266941e+03 1.049560204701801958e+01 8.733439456563049479e-04
2.498247923442784668e+03 1.049506693240064870e+01 8.750628922274958973e-04
2.498254868516301940e+03 1.049359696655587904e+01 8.758464541232668802e-04
2.498261813589587291e+03 1.049248497089822152e+01 8.772261229063791320e-04
2.498268758662870823e+03 1.049476917136252041e+01 8.806129362539847315e-04
2.498275703736038849e+03 1.049336466274277591e+01 8.814029257178788599e-04
2.498282648809090915e+03 1.049416008490344510e+01 8.834791539337475330e-04
2.498289593882026111e+03 1.049073279738581022e+01 8.819458459123066460e-04
2.498296538954961761e+03 1.049070349349984355e+01 8.830005451227322145e-04
2.498303484027664581e+03 1.049563468369228936e+01 8.875704803278999192e-04
2.498310429100366946e+03 1.049199387554755525e+01 8.854945069531053791e-04
2.498317374172951986e+03 1.049406628277785103e+01 8.879882739737005341e-04
2.498324319245421975e+03 1.049351933086413879e+01 8.880313876811269562e-04
2.498331264317775094e+03 1.049575849490069146e+01 8.906609007820322308e-04
2.498338209390128213e+03 1.049337373496612358e+01 8.893381409677850137e-04
2.498345154462248956e+03 1.049330382576848564e+01 8.906263855732733355e-04
2.498352099534369700e+03 1.049608090795526394e+01 8.935599002148865086e-04
2.498359044606373573e+03 1.049703454048772322e+01 8.955016737195171765e-04
2.498365989678261030e+03 1.049704031638757051e+01 8.968511336940954495e-04
2.498372934750031163e+03 1.049680614336177342e+01 8.984028966041670726e-04
2.498379879821802660e+03 1.049736309220251940e+01 9.007001686732305943e-04
2.498386824893341327e+03 1.049806173097774753e+01 9.026392796205680216e-04
2.498393769964879539e+03 1.049934770356382963e+01 9.059736599585095206e-04
2.498400715036301335e+03 1.050183263035985171e+01 9.098659234422387361e-04
2.498407660107606716e+03 1.050223225381758674e+01 9.123237858574379747e-04
2.498414605178912552e+03 1.050626583383903601e+01 9.178827752121588614e-04
2.498421550249985103e+03 1.050354959432591251e+01 9.177260971230245768e-04
2.498428495321057653e+03 1.050742224088263654e+01 9.234660311359037081e-04
2.498435440392014243e+03 1.050584166392811269e+01 9.250253987707654328e-04
2.498442385462853963e+03 1.051412057425934421e+01 9.346652716101711998e-04
2.498449330533577267e+03 1.051004505216197238e+01 9.344355358937660562e-04
